game_id,season,date,home,away,hs,as,reg_h,reg_a,end,xg_h,sog_h,ff_h,en_h,xg_a,sog_a,ff_a,en_a
2021020001,2021,2021-10-12,TBL,PIT,2,6,2,6,REG,2.388,28,40,0,3.016,35,47,3
2021020002,2021,2021-10-12,VGK,SEA,4,3,4,3,REG,3.126,30,47,0,2.671,31,44,0
2021020003,2021,2021-10-13,TOR,MTL,2,1,2,1,REG,3.721,30,51,0,2.243,32,41,0
2021020004,2021,2021-10-13,WSH,NYR,5,1,5,1,REG,2.238,27,40,0,2.323,24,38,0
2021020005,2021,2021-10-13,COL,CHI,4,2,4,2,REG,3.612,36,49,0,2.177,34,44,0
2021020006,2021,2021-10-13,EDM,VAN,3,2,2,2,SO,3.496,34,42,0,2.808,35,41,0
2021020015,2021,2021-10-13,ANA,WPG,4,1,4,1,REG,2.481,22,33,0,3.092,34,48,0
2021020007,2021,2021-10-14,BUF,MTL,5,1,5,1,REG,2.717,36,49,0,1.989,31,38,0
2021020008,2021,2021-10-14,OTT,TOR,3,2,3,2,REG,4.837,36,53,0,5.210,48,63,0
2021020009,2021,2021-10-14,DET,TBL,6,7,6,6,OT,4.042,26,35,0,4.082,45,53,0
2021020010,2021,2021-10-14,FLA,PIT,5,4,4,4,OT,2.893,37,49,0,3.880,46,59,0
2021020011,2021,2021-10-14,NYR,DAL,2,3,2,2,OT,3.601,33,51,0,2.657,24,35,0
2021020012,2021,2021-10-14,CAR,NYI,6,3,6,3,REG,4.368,41,58,1,3.020,28,38,0
2021020013,2021,2021-10-14,CBJ,ARI,8,2,8,2,REG,2.238,26,35,0,3.546,38,58,0
2021020014,2021,2021-10-14,NSH,SEA,3,4,3,4,REG,2.686,30,39,0,1.293,26,29,1
2021020016,2021,2021-10-14,LAK,VGK,6,2,6,2,REG,3.804,47,62,0,2.072,25,32,0
2021020017,2021,2021-10-15,NJD,CHI,4,3,3,3,OT,3.083,28,42,0,3.262,27,36,0
2021020018,2021,2021-10-15,PHI,VAN,4,5,4,4,SO,2.354,33,45,0,2.792,33,42,0
2021020019,2021,2021-10-15,ANA,MIN,1,2,1,2,REG,2.302,29,43,0,3.619,43,60,0
2021020020,2021,2021-10-16,BOS,DAL,3,1,3,1,REG,2.396,40,52,1,1.985,28,39,0
2021020021,2021,2021-10-16,BUF,ARI,2,1,1,1,SO,2.641,32,40,0,1.385,19,26,0
2021020022,2021,2021-10-16,TOR,OTT,3,1,3,1,REG,2.628,29,46,0,1.800,21,36,0
2021020023,2021,2021-10-16,MTL,NYR,1,3,1,3,REG,2.651,32,39,0,1.948,24,35,1
2021020024,2021,2021-10-16,DET,VAN,3,1,3,1,REG,2.094,21,26,1,3.914,41,52,0
2021020025,2021,2021-10-16,FLA,NYI,5,1,5,1,REG,2.601,29,44,0,2.277,30,43,0
2021020026,2021,2021-10-16,PIT,CHI,5,2,5,2,REG,2.273,26,35,0,1.828,20,25,0
2021020027,2021,2021-10-16,WSH,TBL,1,2,1,1,OT,1.777,30,36,0,2.305,22,37,0
2021020028,2021,2021-10-16,CBJ,SEA,2,1,1,1,OT,2.071,23,35,0,1.580,19,32,0
2021020029,2021,2021-10-16,NSH,CAR,2,3,2,3,REG,2.800,40,47,0,2.528,32,44,1
2021020030,2021,2021-10-16,COL,STL,3,5,3,5,REG,3.249,32,49,0,2.086,28,36,1
2021020031,2021,2021-10-16,EDM,CGY,5,2,5,2,REG,2.447,33,41,1,3.142,47,59,0
2021020032,2021,2021-10-16,LAK,MIN,2,3,2,3,REG,2.975,31,46,0,2.393,30,39,0
2021020033,2021,2021-10-16,SJS,WPG,4,3,4,3,REG,3.300,31,46,0,2.027,23,30,0
2021020034,2021,2021-10-17,OTT,DAL,3,2,3,2,REG,2.291,27,39,0,2.047,34,44,0
2021020035,2021,2021-10-18,TOR,NYR,1,2,1,1,OT,3.152,38,54,0,1.858,19,34,0
2021020036,2021,2021-10-18,PHI,SEA,6,1,6,1,REG,2.900,27,38,0,2.712,24,32,0
2021020037,2021,2021-10-18,CGY,ANA,2,3,2,2,OT,3.992,42,55,0,1.657,24,36,0
2021020038,2021,2021-10-18,ARI,STL,4,7,4,7,REG,2.614,26,39,0,2.932,33,43,0
2021020039,2021,2021-10-19,BUF,VAN,5,2,5,2,REG,3.080,43,55,1,2.308,34,39,0
2021020040,2021,2021-10-19,MTL,SJS,0,5,0,5,REG,1.445,21,35,0,1.850,25,32,0
2021020041,2021,2021-10-19,DET,CBJ,4,1,4,1,REG,4.079,45,56,2,2.334,23,38,0
2021020042,2021,2021-10-19,TBL,FLA,1,4,1,4,REG,2.731,31,42,0,2.280,32,41,1
2021020043,2021,2021-10-19,NJD,SEA,4,2,4,2,REG,4.247,33,45,1,2.799,29,43,0
2021020044,2021,2021-10-19,PIT,DAL,1,2,1,1,SO,1.988,23,35,0,2.052,24,29,0
2021020045,2021,2021-10-19,WSH,COL,6,3,6,3,REG,3.491,40,54,1,2.821,27,35,0
2021020046,2021,2021-10-19,CHI,NYI,1,4,1,4,REG,3.247,40,50,0,1.749,29,37,0
2021020047,2021,2021-10-19,NSH,LAK,2,1,2,1,REG,2.929,31,44,0,1.550,26,34,0
2021020048,2021,2021-10-19,MIN,WPG,6,5,5,5,OT,3.060,42,52,0,2.053,26,37,0
2021020049,2021,2021-10-19,EDM,ANA,6,5,6,5,REG,4.346,37,47,1,3.581,36,46,0
2021020050,2021,2021-10-20,PHI,BOS,6,3,6,3,REG,1.714,25,30,1,2.592,40,49,0
2021020051,2021,2021-10-20,VGK,STL,1,3,1,3,REG,3.314,43,52,0,3.944,38,47,1
2021020052,2021,2021-10-21,MTL,CAR,1,4,1,4,REG,2.783,28,39,0,2.237,33,44,1
2021020053,2021,2021-10-21,OTT,SJS,1,2,1,2,REG,3.087,31,52,0,1.938,24,32,0
2021020054,2021,2021-10-21,DET,CGY,0,3,0,3,REG,2.063,33,46,0,1.623,29,36,1
2021020055,2021,2021-10-21,FLA,COL,4,1,4,1,REG,2.845,38,48,1,1.972,31,37,0
2021020056,2021,2021-10-21,NJD,WSH,1,4,1,4,REG,2.963,26,36,0,3.447,27,42,0
2021020057,2021,2021-10-21,CBJ,NYI,3,2,2,2,OT,2.678,30,40,0,2.576,34,44,0
2021020058,2021,2021-10-21,CHI,VAN,1,4,1,4,REG,2.805,30,37,0,2.205,25,41,1
2021020059,2021,2021-10-21,NSH,NYR,1,3,1,3,REG,2.353,29,41,0,2.882,30,45,1
2021020060,2021,2021-10-21,WPG,ANA,5,1,5,1,REG,1.695,27,38,1,3.404,39,50,0
2021020061,2021,2021-10-21,ARI,EDM,1,5,1,5,REG,1.727,28,37,0,2.529,31,44,0
2021020062,2021,2021-10-22,BUF,BOS,1,4,1,4,REG,2.427,36,46,0,1.872,26,34,1
2021020063,2021,2021-10-22,TOR,SJS,3,5,3,5,REG,4.247,33,52,0,2.803,31,40,1
2021020064,2021,2021-10-22,DAL,LAK,3,2,2,2,OT,1.806,19,29,0,3.236,41,54,0
2021020065,2021,2021-10-22,VGK,EDM,3,5,3,5,REG,2.987,39,56,0,3.399,33,44,1
2021020066,2021,2021-10-23,MTL,DET,6,1,6,1,REG,2.385,24,37,1,2.229,27,36,0
2021020067,2021,2021-10-23,OTT,NYR,2,3,2,3,REG,1.953,28,39,0,2.080,26,37,0
2021020068,2021,2021-10-23,TBL,COL,3,4,3,3,SO,2.740,31,46,0,2.568,22,34,0
2021020069,2021,2021-10-23,NJD,BUF,2,1,1,1,OT,4.088,37,54,0,2.620,25,34,0
2021020070,2021,2021-10-23,PHI,FLA,2,4,2,4,REG,3.025,29,40,0,3.643,31,50,1
2021020071,2021,2021-10-23,PIT,TOR,7,1,7,1,REG,3.355,33,41,0,2.522,29,43,0
2021020072,2021,2021-10-23,WSH,CGY,3,4,3,3,OT,2.392,22,34,0,1.998,25,37,0
2021020073,2021,2021-10-23,CBJ,CAR,1,5,1,5,REG,2.495,28,39,0,3.491,33,43,0
2021020074,2021,2021-10-23,STL,LAK,7,3,7,3,REG,3.618,40,50,0,2.849,35,48,0
2021020075,2021,2021-10-23,MIN,ANA,4,3,3,3,OT,2.430,31,37,0,1.372,22,30,0
2021020076,2021,2021-10-23,WPG,NSH,6,4,6,4,REG,3.581,29,38,0,3.443,30,49,0
2021020077,2021,2021-10-23,ARI,NYI,0,3,0,3,REG,1.656,26,38,0,1.430,24,34,0
2021020078,2021,2021-10-23,SEA,VAN,2,4,2,4,REG,2.861,31,51,0,1.673,26,43,1
2021020079,2021,2021-10-24,BOS,SJS,4,3,4,3,REG,2.213,34,48,0,1.781,26,34,0
2021020080,2021,2021-10-24,CHI,DET,3,6,3,6,REG,4.734,35,49,0,3.146,37,42,0
2021020081,2021,2021-10-24,MIN,NSH,2,5,2,5,REG,2.589,35,46,0,3.447,29,43,0
2021020082,2021,2021-10-24,VGK,NYI,0,2,0,2,REG,3.967,42,58,0,3.249,26,40,0
2021020083,2021,2021-10-25,BUF,TBL,5,1,5,1,REG,1.741,25,36,2,2.799,36,52,0
2021020084,2021,2021-10-25,OTT,WSH,5,7,5,7,REG,3.662,37,45,0,2.476,31,41,0
2021020085,2021,2021-10-25,FLA,ARI,5,3,5,3,REG,2.811,41,54,1,1.460,21,27,0
2021020086,2021,2021-10-25,NYR,CGY,1,5,1,5,REG,3.022,29,41,0,2.826,37,45,0
2021020087,2021,2021-10-25,CAR,TOR,4,1,4,1,REG,3.362,36,48,1,2.959,25,39,0
2021020088,2021,2021-10-25,CBJ,DAL,4,1,4,1,REG,3.236,26,39,1,3.050,32,46,0
2021020089,2021,2021-10-25,STL,LAK,3,0,3,0,REG,2.530,35,43,1,2.534,34,43,0
2021020090,2021,2021-10-26,NJD,CGY,3,5,3,5,REG,2.058,30,40,0,2.547,29,42,0
2021020091,2021,2021-10-26,PIT,TBL,1,5,1,5,REG,2.768,29,42,0,2.131,31,38,2
2021020092,2021,2021-10-26,NSH,SJS,3,1,3,1,REG,1.930,26,35,1,2.448,29,41,0
2021020093,2021,2021-10-26,COL,VGK,1,3,1,3,REG,2.534,27,38,0,1.909,29,39,1
2021020094,2021,2021-10-26,VAN,MIN,2,3,2,3,REG,1.978,24,33,0,2.290,30,35,0
2021020095,2021,2021-10-26,ANA,WPG,3,4,3,4,REG,3.650,35,51,0,2.569,25,39,0
2021020096,2021,2021-10-26,SEA,MTL,5,1,5,1,REG,2.275,26,37,0,1.758,24,30,0
2021020097,2021,2021-10-27,FLA,BOS,4,1,4,1,REG,1.994,27,39,1,3.140,31,41,0
2021020098,2021,2021-10-27,WSH,DET,2,3,2,2,OT,3.284,27,39,0,2.000,24,35,0
2021020099,2021,2021-10-27,CHI,TOR,2,3,2,2,OT,2.620,27,34,0,2.442,37,51,0
2021020100,2021,2021-10-27,DAL,VGK,2,3,2,2,OT,3.315,34,48,0,1.309,20,28,0
2021020101,2021,2021-10-27,EDM,PHI,3,5,3,5,REG,3.423,37,49,0,2.932,34,43,1
2021020102,2021,2021-10-28,TBL,ARI,5,1,5,1,REG,2.590,28,37,0,2.186,25,41,0
2021020103,2021,2021-10-28,PIT,CGY,0,4,0,4,REG,3.847,45,62,0,2.722,35,46,0
2021020104,2021,2021-10-28,CAR,BOS,3,0,3,0,REG,3.094,24,43,1,3.697,33,49,0
2021020105,2021,2021-10-28,STL,COL,3,4,3,4,REG,1.204,18,24,0,2.922,42,50,0
2021020106,2021,2021-10-28,VAN,PHI,1,2,1,2,REG,3.122,28,38,0,2.568,28,39,0
2021020107,2021,2021-10-28,ANA,BUF,3,4,3,3,OT,3.139,37,46,0,2.482,27,39,0
2021020108,2021,2021-10-28,LAK,WPG,2,3,2,3,REG,3.092,32,38,0,3.149,31,45,0
2021020109,2021,2021-10-28,SJS,MTL,0,4,0,4,REG,4.054,45,56,0,2.270,32,36,1
2021020110,2021,2021-10-28,SEA,MIN,4,1,4,1,REG,2.724,38,48,2,2.235,31,38,0
2021020111,2021,2021-10-29,DET,FLA,2,3,2,2,OT,3.347,29,40,0,2.456,31,40,0
2021020112,2021,2021-10-29,NYR,CBJ,4,0,4,0,REG,3.406,37,51,0,2.683,31,45,0
2021020113,2021,2021-10-29,WSH,ARI,2,0,2,0,REG,2.461,32,47,1,1.444,16,21,0
2021020114,2021,2021-10-29,CAR,CHI,6,3,6,3,REG,2.579,35,42,0,3.193,26,41,0
2021020115,2021,2021-10-29,DAL,OTT,1,4,1,4,REG,4.053,39,54,0,2.056,24,31,0
2021020116,2021,2021-10-29,VGK,ANA,5,4,4,4,SO,3.233,39,49,0,3.727,34,46,0
2021020117,2021,2021-10-30,BOS,FLA,3,2,2,2,SO,2.146,32,37,0,1.562,35,39,0
2021020118,2021,2021-10-30,TOR,DET,5,4,5,4,REG,3.305,38,50,0,2.083,31,40,0
2021020119,2021,2021-10-30,PIT,NJD,2,4,2,4,REG,2.797,35,43,0,2.603,40,46,0
2021020120,2021,2021-10-30,STL,CHI,1,0,1,0,REG,3.562,37,55,0,2.464,25,41,0
2021020121,2021,2021-10-30,NSH,NYI,3,2,2,2,SO,2.076,20,38,0,1.966,35,43,0
2021020122,2021,2021-10-30,COL,MIN,4,1,4,1,REG,2.632,31,42,1,1.874,30,39,0
2021020123,2021,2021-10-30,CGY,PHI,4,0,4,0,REG,3.408,36,46,1,1.491,20,26,0
2021020124,2021,2021-10-30,VAN,EDM,1,2,1,2,REG,2.762,30,46,0,3.287,34,47,0
2021020125,2021,2021-10-30,LAK,MTL,5,2,5,2,REG,3.413,38,49,0,2.454,28,38,0
2021020126,2021,2021-10-30,SJS,WPG,2,1,1,1,OT,2.434,33,44,0,2.922,35,53,0
2021020127,2021,2021-10-31,NJD,CBJ,3,4,3,3,SO,3.205,35,46,0,2.238,23,33,0
2021020128,2021,2021-10-31,CAR,ARI,2,1,2,1,REG,4.688,39,58,0,1.836,23,29,0
2021020129,2021,2021-10-31,ANA,MTL,4,2,4,2,REG,2.134,26,35,1,1.861,18,26,0
2021020130,2021,2021-10-31,LAK,BUF,3,2,3,2,REG,4.201,34,50,0,1.830,24,27,0
2021020131,2021,2021-10-31,SEA,NYR,1,3,1,3,REG,3.709,32,52,0,1.033,18,27,1
2021020132,2021,2021-11-01,TBL,WSH,3,2,3,2,REG,3.057,26,32,0,3.285,33,43,0
2021020133,2021,2021-11-01,CHI,OTT,5,1,5,1,REG,2.144,31,39,0,2.557,30,41,0
2021020134,2021,2021-11-01,EDM,SEA,5,2,5,2,REG,3.228,23,31,0,3.273,29,37,0
2021020135,2021,2021-11-02,TOR,VGK,4,0,4,0,REG,3.563,33,43,0,1.788,26,33,0
2021020136,2021,2021-11-02,MTL,DET,3,0,3,0,REG,3.163,41,49,1,1.610,22,28,0
2021020137,2021,2021-11-02,PHI,ARI,3,0,3,0,REG,3.470,34,49,1,2.336,29,40,0
2021020138,2021,2021-11-02,MIN,OTT,5,4,4,4,OT,4.132,42,55,0,2.631,28,36,0
2021020139,2021,2021-11-02,WPG,DAL,4,3,3,3,SO,2.486,31,42,0,2.656,26,36,0
2021020140,2021,2021-11-02,CGY,NSH,2,3,2,2,OT,4.250,39,55,0,1.580,21,27,0
2021020141,2021,2021-11-02,VAN,NYR,3,2,2,2,OT,3.430,32,43,0,1.946,25,33,0
2021020142,2021,2021-11-02,ANA,NJD,4,0,4,0,REG,2.039,27,39,0,2.041,28,38,0
2021020143,2021,2021-11-02,SJS,BUF,5,3,5,3,REG,2.198,27,33,0,1.539,28,34,0
2021020144,2021,2021-11-03,CHI,CAR,3,4,3,4,REG,2.427,30,39,0,2.821,32,44,0
2021020145,2021,2021-11-03,COL,CBJ,4,5,4,4,OT,2.339,32,39,0,2.357,36,43,0
2021020146,2021,2021-11-03,EDM,NSH,5,2,5,2,REG,3.375,30,39,1,3.474,33,43,0
2021020147,2021,2021-11-03,LAK,STL,3,2,2,2,SO,2.448,27,40,0,3.204,35,48,0
2021020148,2021,2021-11-04,BOS,DET,5,1,5,1,REG,3.388,37,53,0,1.291,15,26,0
2021020149,2021,2021-11-04,TOR,TBL,2,1,1,1,OT,3.076,29,38,0,2.865,25,40,0
2021020150,2021,2021-11-04,MTL,NYI,2,6,2,6,REG,2.970,38,47,0,3.665,36,43,1
2021020151,2021,2021-11-04,OTT,VGK,1,5,1,5,REG,3.046,39,52,0,2.797,39,53,1
2021020152,2021,2021-11-04,FLA,WSH,5,4,4,4,OT,2.173,31,37,0,2.916,42,49,0
2021020153,2021,2021-11-04,PIT,PHI,3,2,2,2,OT,3.400,34,48,0,2.997,36,48,0
2021020154,2021,2021-11-04,CGY,DAL,3,4,3,3,OT,2.489,32,38,0,2.161,27,35,0
2021020155,2021,2021-11-04,SJS,STL,3,5,3,5,REG,2.098,26,38,0,2.291,28,40,1
2021020156,2021,2021-11-04,SEA,BUF,5,2,5,2,REG,3.044,38,50,1,1.191,21,28,0
2021020157,2021,2021-11-05,WPG,CHI,5,1,5,1,REG,3.344,33,41,0,1.266,18,24,0
2021020158,2021,2021-11-05,EDM,NYR,6,5,5,5,OT,3.105,37,52,0,2.362,25,34,0
2021020159,2021,2021-11-05,VAN,NSH,2,3,2,3,REG,2.398,28,41,0,2.451,28,37,0
2021020160,2021,2021-11-05,ANA,ARI,3,1,3,1,REG,3.556,31,47,0,2.130,29,38,0
2021020161,2021,2021-11-05,LAK,NJD,3,2,2,2,OT,2.062,27,37,0,1.949,23,33,0
2021020162,2021,2021-11-06,BUF,DET,3,4,3,3,OT,2.355,31,42,0,2.804,29,35,0
2021020163,2021,2021-11-06,TOR,BOS,5,2,5,2,REG,3.158,36,42,1,3.822,44,58,0
2021020164,2021,2021-11-06,MTL,VGK,2,5,2,5,REG,3.808,38,49,0,1.497,18,25,2
2021020165,2021,2021-11-06,OTT,TBL,3,5,3,5,REG,2.686,27,33,0,3.585,33,48,1
2021020166,2021,2021-11-06,FLA,CAR,5,2,5,2,REG,3.939,32,47,1,3.643,32,47,0
2021020167,2021,2021-11-06,PIT,MIN,4,5,4,4,SO,3.242,36,45,0,2.894,36,46,0
2021020168,2021,2021-11-06,WSH,PHI,1,2,1,2,REG,3.223,32,45,0,2.511,32,42,0
2021020169,2021,2021-11-06,CBJ,COL,4,2,4,2,REG,3.356,42,48,1,3.472,36,46,0
2021020170,2021,2021-11-06,WPG,NYI,0,2,0,2,REG,1.832,24,41,0,3.488,31,46,0
2021020171,2021,2021-11-06,CGY,NYR,6,0,6,0,REG,4.324,37,58,0,2.760,22,41,0
2021020172,2021,2021-11-06,ARI,SEA,5,4,5,4,REG,1.390,22,29,0,2.517,31,43,0
2021020173,2021,2021-11-06,SJS,NJD,2,3,2,2,SO,1.447,23,34,0,1.613,25,39,0
2021020174,2021,2021-11-07,DET,VGK,5,2,5,2,REG,3.137,30,36,1,4.390,40,53,0
2021020175,2021,2021-11-07,CHI,NSH,2,1,1,1,OT,3.192,31,43,0,2.021,21,32,0
2021020176,2021,2021-11-07,MIN,NYI,5,2,5,2,REG,2.791,39,52,2,1.631,21,31,0
2021020177,2021,2021-11-07,VAN,DAL,6,3,6,3,REG,2.986,36,47,1,2.422,28,36,0
2021020178,2021,2021-11-07,ANA,STL,4,1,4,1,REG,2.509,27,38,1,2.876,35,49,0
2021020179,2021,2021-11-08,TOR,LAK,1,5,1,5,REG,3.510,34,48,0,2.375,29,42,1
2021020180,2021,2021-11-08,NYR,FLA,4,3,4,3,REG,2.251,18,29,0,4.550,45,70,0
2021020181,2021,2021-11-08,WSH,BUF,5,3,5,3,REG,2.416,30,44,0,2.026,28,40,0
2021020182,2021,2021-11-09,BOS,OTT,3,2,3,2,REG,2.187,36,47,0,2.219,27,37,0
2021020183,2021,2021-11-09,MTL,LAK,2,3,2,2,OT,3.115,31,46,0,2.671,32,44,0
2021020184,2021,2021-11-09,DET,EDM,4,2,4,2,REG,5.401,39,50,1,3.517,33,41,0
2021020185,2021,2021-11-09,TBL,CAR,1,2,1,1,OT,1.743,17,24,0,2.800,30,40,0
2021020186,2021,2021-11-09,NJD,FLA,7,3,7,3,REG,2.895,31,47,1,3.499,38,49,0
2021020187,2021,2021-11-09,CHI,PIT,3,2,2,2,SO,2.265,31,36,0,3.256,42,55,0
2021020188,2021,2021-11-09,WPG,STL,2,3,2,2,SO,3.688,40,56,0,1.510,23,31,0
2021020189,2021,2021-11-09,CGY,SJS,1,4,1,4,REG,3.726,38,55,0,2.349,26,43,2
2021020190,2021,2021-11-09,VAN,ANA,2,3,2,2,OT,2.851,40,53,0,1.723,27,30,0
2021020191,2021,2021-11-09,VGK,SEA,4,2,4,2,REG,1.847,23,35,0,2.755,27,35,0
2021020192,2021,2021-11-10,PHI,TOR,0,3,0,3,REG,2.095,36,49,0,3.001,33,39,0
2021020193,2021,2021-11-10,DAL,NSH,2,4,2,4,REG,2.428,27,38,0,1.655,22,29,1
2021020194,2021,2021-11-10,ARI,MIN,2,5,2,5,REG,2.146,26,41,0,2.550,30,40,0
2021020195,2021,2021-11-11,BOS,EDM,3,5,3,5,REG,2.455,29,40,0,2.633,28,37,0
2021020196,2021,2021-11-11,MTL,CGY,4,2,4,2,REG,2.500,28,38,1,1.477,26,34,0
2021020197,2021,2021-11-11,OTT,LAK,0,2,0,2,REG,3.394,34,46,0,2.355,36,40,0
2021020198,2021,2021-11-11,DET,WSH,0,2,0,2,REG,2.045,21,34,0,2.562,29,43,0
2021020199,2021,2021-11-11,NJD,NYI,4,0,4,0,REG,2.990,34,46,0,3.604,42,55,0
2021020200,2021,2021-11-11,PIT,FLA,3,2,2,2,SO,2.911,29,39,0,3.060,36,50,0
2021020201,2021,2021-11-11,STL,NSH,3,4,3,3,OT,2.583,34,43,0,2.433,26,39,0
2021020202,2021,2021-11-11,WPG,SJS,4,1,4,1,REG,4.705,34,56,1,2.531,27,44,0
2021020203,2021,2021-11-11,COL,VAN,7,1,7,1,REG,2.860,35,47,0,1.687,22,30,0
2021020204,2021,2021-11-11,VGK,MIN,3,2,3,2,REG,2.661,35,43,0,2.811,26,43,0
2021020205,2021,2021-11-11,SEA,ANA,4,7,4,7,REG,1.785,25,35,0,1.866,36,46,2
2021020206,2021,2021-11-12,BUF,EDM,3,2,3,2,REG,1.621,23,27,0,2.500,35,43,0
2021020207,2021,2021-11-12,TOR,CGY,2,1,1,1,OT,3.478,33,48,0,2.073,29,39,0
2021020208,2021,2021-11-12,CAR,PHI,1,2,1,2,REG,4.983,40,57,0,2.753,28,44,0
2021020209,2021,2021-11-12,CBJ,WSH,3,4,3,4,REG,2.990,29,43,0,1.826,28,37,0
2021020210,2021,2021-11-12,CHI,ARI,2,1,2,1,REG,3.310,29,39,0,1.969,23,32,0
2021020211,2021,2021-11-13,BUF,TOR,4,5,4,5,REG,2.067,27,45,0,1.791,26,35,0
2021020212,2021,2021-11-13,OTT,PIT,6,3,6,3,REG,2.039,24,35,1,3.098,31,50,0
2021020213,2021,2021-11-13,DET,MTL,3,2,2,2,OT,2.401,32,48,0,2.582,36,43,0
2021020214,2021,2021-11-13,TBL,FLA,3,2,2,2,OT,2.680,22,31,0,2.499,26,38,0
2021020215,2021,2021-11-13,NJD,BOS,2,5,2,5,REG,3.163,29,44,0,3.579,36,47,1
2021020216,2021,2021-11-13,CAR,STL,3,2,3,2,REG,2.756,24,40,0,3.837,29,40,0
2021020217,2021,2021-11-13,CBJ,NYR,3,5,3,5,REG,3.695,36,51,0,3.460,41,51,0
2021020218,2021,2021-11-13,NSH,ARI,4,1,4,1,REG,2.178,24,37,0,1.720,23,29,0
2021020219,2021,2021-11-13,DAL,PHI,5,2,5,2,REG,2.950,31,47,1,2.683,34,50,0
2021020220,2021,2021-11-13,WPG,LAK,3,2,2,2,OT,1.826,21,33,0,2.412,28,39,0
2021020221,2021,2021-11-13,COL,SJS,6,2,6,2,REG,2.543,31,42,1,2.332,30,33,0
2021020222,2021,2021-11-13,VGK,VAN,7,4,7,4,REG,4.471,39,49,0,3.846,43,53,0
2021020223,2021,2021-11-13,SEA,MIN,2,4,2,4,REG,3.134,30,49,0,1.494,22,30,1
2021020224,2021,2021-11-14,BOS,MTL,5,2,5,2,REG,3.471,41,48,1,1.875,29,38,0
2021020225,2021,2021-11-14,OTT,CGY,0,4,0,4,REG,2.007,27,42,0,2.690,33,44,0
2021020226,2021,2021-11-14,NYR,NJD,4,3,3,3,SO,3.035,36,45,0,2.205,26,37,0
2021020227,2021,2021-11-14,WSH,PIT,6,1,6,1,REG,3.277,32,43,0,1.655,25,34,0
2021020228,2021,2021-11-14,STL,EDM,4,5,4,5,REG,3.906,39,53,0,2.390,32,38,0
2021020229,2021,2021-11-14,ANA,VAN,5,1,5,1,REG,3.260,38,53,1,2.382,27,40,0
2021020230,2021,2021-11-15,TBL,NYI,4,1,4,1,REG,2.899,28,41,0,2.289,26,36,0
2021020231,2021,2021-11-15,CBJ,DET,5,3,5,3,REG,3.617,38,49,1,2.527,27,36,0
2021020232,2021,2021-11-16,TOR,NSH,3,0,3,0,REG,4.078,34,54,1,2.165,24,36,0
2021020233,2021,2021-11-16,FLA,NYI,6,1,6,1,REG,2.832,36,47,0,1.637,28,34,0
2021020235,2021,2021-11-16,NYR,MTL,3,2,3,2,REG,3.233,34,52,0,2.681,33,48,0
2021020236,2021,2021-11-16,PHI,CGY,2,1,1,1,OT,3.680,41,55,0,3.417,34,40,0
2021020237,2021,2021-11-16,PIT,BUF,1,2,1,2,REG,4.276,46,56,0,1.692,19,24,0
2021020238,2021,2021-11-16,STL,ARI,2,3,2,3,REG,2.692,36,44,0,1.829,23,31,0
2021020239,2021,2021-11-16,DAL,DET,5,2,5,2,REG,2.086,30,41,1,2.473,30,45,0
2021020240,2021,2021-11-16,MIN,SJS,1,4,1,4,REG,1.872,27,37,0,1.282,21,31,0
2021020241,2021,2021-11-16,WPG,EDM,5,2,5,2,REG,3.197,35,46,1,2.842,34,47,0
2021020242,2021,2021-11-16,VGK,CAR,2,4,2,4,REG,2.460,23,34,0,2.709,42,55,0
2021020243,2021,2021-11-16,ANA,WSH,3,2,2,2,OT,2.059,29,38,0,2.293,28,42,0
2021020244,2021,2021-11-17,VAN,COL,2,4,2,4,REG,3.028,34,43,0,2.276,30,43,1
2021020245,2021,2021-11-17,LAK,WSH,0,2,0,2,REG,2.518,34,43,0,2.342,38,44,1
2021020246,2021,2021-11-17,SEA,CHI,2,4,2,4,REG,2.655,33,45,0,1.262,19,25,1
2021020247,2021,2021-11-18,BUF,CGY,0,5,0,5,REG,1.644,27,33,0,2.339,33,45,0
2021020248,2021,2021-11-18,TOR,NYR,2,1,2,1,REG,3.122,30,48,0,2.329,28,41,0
2021020249,2021,2021-11-18,MTL,PIT,0,6,0,6,REG,1.432,24,31,0,3.141,43,52,0
2021020251,2021,2021-11-18,FLA,NJD,4,1,4,1,REG,3.616,41,49,0,3.335,46,51,0
2021020252,2021,2021-11-18,PHI,TBL,3,4,3,3,SO,1.912,26,34,0,2.546,29,43,0
2021020253,2021,2021-11-18,STL,SJS,4,1,4,1,REG,4.255,48,62,0,2.623,27,43,0
2021020254,2021,2021-11-18,MIN,DAL,7,2,7,2,REG,2.523,26,36,0,3.647,38,54,0
2021020255,2021,2021-11-18,EDM,WPG,2,1,1,1,SO,2.738,31,46,0,2.864,39,48,0
2021020256,2021,2021-11-18,ARI,CBJ,4,5,4,4,SO,2.492,28,40,0,3.771,42,54,0
2021020257,2021,2021-11-18,VGK,DET,5,2,5,2,REG,3.202,32,40,0,3.108,28,35,0
2021020258,2021,2021-11-18,ANA,CAR,1,2,1,2,REG,2.648,32,41,0,2.742,31,50,0
2021020259,2021,2021-11-19,VAN,WPG,3,2,3,2,REG,1.937,29,35,0,2.903,39,47,0
2021020260,2021,2021-11-19,SEA,COL,3,7,3,7,REG,2.298,28,36,0,2.081,30,38,0
2021020261,2021,2021-11-20,TOR,PIT,0,2,0,2,REG,2.748,26,44,0,2.001,31,37,0
2021020262,2021,2021-11-20,MTL,NSH,6,3,6,3,REG,2.797,29,45,1,3.456,36,51,0
2021020264,2021,2021-11-20,TBL,NJD,3,5,3,5,REG,3.908,34,48,0,2.470,27,39,1
2021020265,2021,2021-11-20,FLA,MIN,5,4,5,4,REG,3.070,37,48,1,3.891,39,44,0
2021020266,2021,2021-11-20,NYI,CGY,2,5,2,5,REG,4.226,36,45,0,2.188,31,36,2
2021020267,2021,2021-11-20,PHI,BOS,2,5,2,5,REG,2.433,31,41,0,2.985,44,53,0
2021020268,2021,2021-11-20,DAL,STL,4,1,4,1,REG,3.163,33,40,1,2.519,36,41,0
2021020269,2021,2021-11-20,EDM,CHI,5,2,5,2,REG,2.919,33,46,0,2.251,31,41,0
2021020270,2021,2021-11-20,ARI,DET,2,1,1,1,OT,1.510,27,38,0,2.143,34,44,0
2021020271,2021,2021-11-20,VGK,CBJ,3,2,3,2,REG,3.904,35,46,0,2.534,29,42,0
2021020272,2021,2021-11-20,LAK,CAR,4,5,4,5,REG,4.171,43,58,0,1.981,20,29,0
2021020273,2021,2021-11-20,SJS,WSH,0,4,0,4,REG,2.922,22,41,0,1.663,21,30,1
2021020274,2021,2021-11-21,BOS,CGY,0,4,0,4,REG,2.274,28,42,0,2.813,32,46,0
2021020275,2021,2021-11-21,TBL,MIN,5,4,4,4,SO,1.866,22,34,0,2.111,30,41,0
2021020276,2021,2021-11-21,NYI,TOR,0,3,0,3,REG,2.761,20,35,0,4.608,40,51,0
2021020277,2021,2021-11-21,NYR,BUF,5,4,5,4,REG,4.252,36,45,0,1.493,22,33,0
2021020278,2021,2021-11-21,VAN,CHI,0,1,0,1,REG,4.023,40,49,0,1.955,24,30,0
2021020279,2021,2021-11-21,LAK,ARI,1,2,1,1,OT,3.413,36,48,0,2.194,25,36,0
2021020280,2021,2021-11-21,SEA,WSH,5,2,5,2,REG,2.326,31,43,1,3.726,39,53,0
2021020281,2021,2021-11-22,BUF,CBJ,4,7,4,7,REG,2.642,33,43,0,2.300,29,44,2
2021020282,2021,2021-11-22,STL,VGK,5,2,5,2,REG,2.413,31,34,0,3.039,34,49,0
2021020283,2021,2021-11-22,NSH,ANA,3,2,3,2,REG,2.521,35,43,0,2.437,31,44,0
2021020284,2021,2021-11-22,WPG,PIT,1,3,1,3,REG,2.898,31,45,0,3.320,36,46,1
2021020285,2021,2021-11-22,COL,OTT,7,5,7,5,REG,3.966,40,54,1,1.144,21,22,0
2021020286,2021,2021-11-22,SJS,CAR,2,1,1,1,OT,1.949,24,34,0,1.205,22,32,0
2021020287,2021,2021-11-23,TBL,PHI,4,0,4,0,REG,3.803,35,59,0,2.475,34,42,0
2021020288,2021,2021-11-23,DAL,EDM,4,1,4,1,REG,2.778,33,44,0,1.394,22,33,0
2021020289,2021,2021-11-23,CGY,CHI,5,2,5,2,REG,2.838,39,52,2,1.566,21,28,0
2021020290,2021,2021-11-24,BUF,BOS,1,5,1,5,REG,1.780,25,37,0,2.981,47,61,0
2021020291,2021,2021-11-24,DET,STL,4,2,4,2,REG,2.472,23,31,1,4.569,37,48,0
2021020292,2021,2021-11-24,FLA,PHI,2,1,1,1,OT,2.922,38,49,0,2.301,33,36,0
2021020293,2021,2021-11-24,NJD,MIN,2,3,2,2,SO,3.908,38,52,0,1.865,26,32,0
2021020294,2021,2021-11-24,NYI,NYR,1,4,1,4,REG,2.249,21,26,0,2.348,21,31,0
2021020295,2021,2021-11-24,PIT,VAN,4,1,4,1,REG,3.457,37,45,1,2.272,37,41,0
2021020296,2021,2021-11-24,WSH,MTL,6,3,6,3,REG,2.744,34,54,0,2.152,28,37,0
2021020297,2021,2021-11-24,CBJ,WPG,3,0,3,0,REG,2.772,32,45,1,2.986,36,48,0
2021020298,2021,2021-11-24,NSH,VGK,2,5,2,5,REG,2.718,28,43,0,2.978,35,44,1
2021020299,2021,2021-11-24,COL,ANA,5,2,5,2,REG,2.955,36,46,0,1.874,26,37,0
2021020300,2021,2021-11-24,ARI,EDM,3,5,3,5,REG,1.880,27,34,0,4.345,44,57,1
2021020301,2021,2021-11-24,LAK,TOR,2,6,2,6,REG,3.382,32,49,0,4.517,38,52,0
2021020302,2021,2021-11-24,SJS,OTT,6,3,6,3,REG,2.587,29,39,2,2.517,29,43,0
2021020303,2021,2021-11-24,SEA,CAR,2,1,2,1,REG,1.836,22,36,0,2.970,36,48,0
2021020304,2021,2021-11-26,BOS,NYR,2,5,2,5,REG,2.805,36,45,0,2.445,31,35,1
2021020305,2021,2021-11-26,BUF,MTL,4,1,4,1,REG,3.558,39,56,0,2.599,26,40,0
2021020306,2021,2021-11-26,TBL,SEA,3,0,3,0,REG,2.593,26,38,0,0.886,17,21,0
2021020307,2021,2021-11-26,NYI,PIT,0,1,0,1,REG,2.110,25,33,0,3.149,30,45,0
2021020308,2021,2021-11-26,PHI,CAR,3,6,3,6,REG,1.922,23,35,0,2.429,36,47,0
2021020309,2021,2021-11-26,WSH,FLA,4,3,4,3,REG,2.767,29,39,0,2.028,22,38,0
2021020310,2021,2021-11-26,CBJ,VAN,4,2,4,2,REG,1.261,21,30,1,2.434,41,53,0
2021020311,2021,2021-11-26,CHI,STL,3,2,2,2,OT,1.809,26,38,0,1.520,24,31,0
2021020312,2021,2021-11-26,NSH,NJD,4,2,4,2,REG,2.553,31,45,1,1.673,25,38,0
2021020313,2021,2021-11-26,DAL,COL,3,1,3,1,REG,2.808,22,40,0,2.919,37,50,0
2021020314,2021,2021-11-26,MIN,WPG,7,1,7,1,REG,2.715,38,47,0,2.599,31,46,0
2021020315,2021,2021-11-26,ANA,OTT,4,0,4,0,REG,3.077,33,46,0,3.591,34,45,0
2021020316,2021,2021-11-26,SJS,TOR,1,4,1,4,REG,2.520,35,45,0,2.924,33,42,0
2021020317,2021,2021-11-27,DET,BUF,3,2,2,2,OT,4.011,40,50,0,1.430,28,32,0
2021020318,2021,2021-11-27,FLA,SEA,1,4,1,4,REG,2.620,34,45,0,2.633,27,33,1
2021020319,2021,2021-11-27,PIT,MTL,3,6,3,6,REG,4.605,50,61,0,2.702,34,44,3
2021020320,2021,2021-11-27,STL,CBJ,6,3,6,3,REG,3.839,33,47,0,2.675,27,39,0
2021020321,2021,2021-11-27,COL,NSH,6,2,6,2,REG,2.762,35,46,0,2.086,28,39,0
2021020322,2021,2021-11-27,CGY,WPG,2,4,2,4,REG,3.538,36,47,0,2.461,28,35,1
2021020323,2021,2021-11-27,ARI,DAL,2,3,2,3,REG,2.075,27,36,0,2.461,29,39,0
2021020324,2021,2021-11-27,VGK,EDM,2,3,2,3,REG,3.599,38,49,0,2.851,30,35,0
2021020325,2021,2021-11-27,LAK,OTT,4,2,4,2,REG,3.979,37,47,1,2.242,32,36,0
2021020326,2021,2021-11-28,BOS,VAN,3,2,3,2,REG,2.727,42,52,0,2.471,38,45,0
2021020327,2021,2021-11-28,NJD,PHI,5,2,5,2,REG,3.521,35,48,1,2.288,25,44,0
2021020329,2021,2021-11-28,CAR,WSH,2,4,2,4,REG,3.585,32,51,0,2.483,25,38,1
2021020330,2021,2021-11-28,CHI,SJS,0,2,0,2,REG,2.794,29,44,0,1.610,22,31,1
2021020331,2021,2021-11-28,MIN,TBL,4,2,4,2,REG,2.563,37,50,1,1.873,30,40,0
2021020332,2021,2021-11-28,ANA,TOR,1,5,1,5,REG,2.836,40,49,0,2.581,31,45,1
2021020333,2021,2021-11-29,BUF,SEA,4,7,4,7,REG,2.952,36,50,0,2.449,32,38,1
2021020334,2021,2021-11-29,MTL,VAN,1,2,1,2,REG,1.994,34,44,0,2.412,42,48,0
2021020335,2021,2021-11-29,WPG,ARI,0,1,0,1,REG,4.109,46,58,0,1.256,15,26,0
2021020336,2021,2021-11-29,CGY,PIT,2,1,1,1,SO,3.616,30,47,0,1.351,21,26,0
2021020337,2021,2021-11-30,BOS,DET,1,2,1,2,REG,4.120,42,53,0,1.318,16,25,0
2021020338,2021,2021-11-30,FLA,WSH,5,4,5,4,REG,5.389,51,67,0,2.612,27,35,0
2021020339,2021,2021-11-30,NJD,SJS,2,5,2,5,REG,2.202,34,48,0,2.759,31,39,1
2021020341,2021,2021-11-30,STL,TBL,4,3,3,3,SO,2.872,33,47,0,2.797,30,44,0
2021020342,2021,2021-11-30,NSH,CBJ,6,0,6,0,REG,3.712,37,46,0,2.177,27,39,0
2021020343,2021,2021-11-30,DAL,CAR,4,1,4,1,REG,1.455,17,26,1,3.146,40,58,0
2021020344,2021,2021-11-30,MIN,ARI,5,2,5,2,REG,2.471,37,44,0,2.752,31,44,0
2021020345,2021,2021-11-30,LAK,ANA,4,5,4,4,SO,2.476,33,44,0,3.554,35,46,0
2021020346,2021,2021-12-01,TOR,COL,8,3,8,3,REG,3.511,41,54,0,2.527,31,45,0
2021020347,2021,2021-12-01,OTT,VAN,2,6,2,6,REG,2.057,21,30,0,3.710,35,50,0
2021020348,2021,2021-12-01,DET,SEA,4,3,3,3,SO,2.139,26,31,0,2.024,23,34,0
2021020349,2021,2021-12-01,NYR,PHI,4,1,4,1,REG,1.981,28,34,1,3.447,34,50,0
2021020350,2021,2021-12-01,EDM,PIT,5,2,5,2,REG,1.761,22,28,1,3.043,34,48,0
2021020351,2021,2021-12-01,ANA,VGK,6,5,6,5,REG,2.853,34,44,1,3.166,39,46,0
2021020352,2021,2021-12-02,MTL,COL,1,4,1,4,REG,1.292,20,27,0,3.246,34,50,1
2021020353,2021,2021-12-02,TBL,STL,4,2,4,2,REG,3.335,35,44,0,2.931,28,39,0
2021020354,2021,2021-12-02,FLA,BUF,7,4,7,4,REG,4.137,45,54,2,2.675,31,40,0
2021020355,2021,2021-12-02,NYI,SJS,1,2,1,1,OT,1.610,24,33,0,3.053,34,49,0
2021020356,2021,2021-12-02,WSH,CHI,3,4,3,3,SO,2.651,25,40,0,2.408,26,35,0
2021020357,2021,2021-12-02,CAR,OTT,2,3,2,3,REG,5.490,49,65,0,2.872,20,36,0
2021020358,2021,2021-12-02,NSH,BOS,0,2,0,2,REG,2.851,42,55,0,3.424,33,49,0
2021020359,2021,2021-12-02,DAL,CBJ,3,2,3,2,REG,3.399,37,48,0,1.592,22,35,0
2021020360,2021,2021-12-02,MIN,NJD,5,2,5,2,REG,3.867,38,53,0,2.486,31,40,0
2021020361,2021,2021-12-02,LAK,CGY,2,3,2,3,REG,3.449,42,59,0,3.702,32,47,0
2021020362,2021,2021-12-03,NYR,SJS,1,0,1,0,REG,2.764,27,38,0,2.575,28,43,0
2021020363,2021,2021-12-03,WPG,NJD,8,4,8,4,REG,3.584,40,51,0,3.060,37,49,0
2021020364,2021,2021-12-03,ARI,VGK,1,7,1,7,REG,2.207,30,44,0,2.776,32,42,0
2021020365,2021,2021-12-03,ANA,CGY,3,4,3,3,SO,2.900,32,43,0,3.201,34,48,0
2021020366,2021,2021-12-03,SEA,EDM,4,3,4,3,REG,2.318,34,45,0,2.703,32,45,0
2021020367,2021,2021-12-04,BOS,TBL,2,3,2,2,OT,4.463,38,59,0,2.168,21,37,0
2021020368,2021,2021-12-04,OTT,COL,6,5,5,5,OT,2.320,34,46,0,2.222,30,41,0
2021020369,2021,2021-12-04,DET,NYI,4,3,3,3,OT,2.042,25,33,0,2.043,22,32,0
2021020370,2021,2021-12-04,FLA,STL,4,3,3,3,SO,5.366,50,69,0,2.306,24,26,0
2021020371,2021,2021-12-04,NYR,CHI,3,2,3,2,REG,2.323,31,39,0,2.334,27,35,0
2021020372,2021,2021-12-04,WSH,CBJ,3,1,3,1,REG,2.317,32,39,1,1.178,18,30,0
2021020373,2021,2021-12-04,CAR,BUF,6,2,6,2,REG,2.988,29,36,0,3.632,34,48,0
2021020374,2021,2021-12-04,NSH,MTL,4,3,3,3,OT,4.025,41,56,0,1.998,20,31,0
2021020375,2021,2021-12-04,MIN,TOR,4,3,3,3,SO,2.599,38,47,0,2.800,37,46,0
2021020376,2021,2021-12-04,VAN,PIT,1,4,1,4,REG,2.045,23,35,0,3.927,44,56,0
2021020377,2021,2021-12-05,NYI,CHI,2,3,2,2,SO,3.144,24,39,0,2.838,24,36,0
2021020378,2021,2021-12-05,PHI,TBL,1,7,1,7,REG,2.146,39,49,0,2.403,27,35,0
2021020379,2021,2021-12-05,CBJ,SJS,6,4,6,4,REG,2.109,30,40,1,2.986,34,48,0
2021020380,2021,2021-12-05,WPG,TOR,6,3,6,3,REG,3.953,41,51,0,3.899,35,47,0
2021020381,2021,2021-12-05,EDM,LAK,1,5,1,5,REG,3.161,22,31,0,3.661,40,52,0
2021020382,2021,2021-12-05,VGK,CGY,3,2,3,2,REG,3.159,28,41,0,1.960,25,36,0
2021020234,2021,2021-12-06,NJD,OTT,2,3,2,2,SO,2.656,21,44,0,2.100,22,34,0
2021020383,2021,2021-12-06,PHI,COL,5,7,5,7,REG,2.108,32,41,0,3.255,50,59,0
2021020384,2021,2021-12-06,WSH,ANA,4,3,3,3,SO,3.060,29,48,0,2.216,33,41,0
2021020385,2021,2021-12-06,DAL,ARI,4,1,4,1,REG,2.954,27,34,0,1.294,19,24,0
2021020386,2021,2021-12-06,VAN,LAK,4,0,4,0,REG,3.618,30,46,0,2.147,31,39,0
2021020387,2021,2021-12-06,SEA,PIT,1,6,1,6,REG,1.727,29,37,0,2.741,31,40,0
2021020388,2021,2021-12-07,BUF,ANA,0,2,0,2,REG,2.520,25,42,0,1.009,23,33,0
2021020389,2021,2021-12-07,TOR,CBJ,5,4,5,4,REG,2.784,40,50,0,3.199,32,53,0
2021020390,2021,2021-12-07,MTL,TBL,2,3,2,3,REG,2.094,23,31,0,3.140,27,39,0
2021020391,2021,2021-12-07,OTT,NYI,3,5,3,5,REG,2.933,33,52,0,2.523,27,43,0
2021020392,2021,2021-12-07,DET,NSH,2,5,2,5,REG,1.714,16,24,0,3.403,33,41,1
2021020393,2021,2021-12-07,CHI,NYR,2,6,2,6,REG,2.449,26,40,0,2.537,30,36,1
2021020394,2021,2021-12-07,STL,FLA,4,3,3,3,OT,2.047,29,39,0,3.926,40,51,0
2021020395,2021,2021-12-07,WPG,CAR,2,4,2,4,REG,1.451,18,23,0,4.041,34,45,0
2021020396,2021,2021-12-07,EDM,MIN,1,4,1,4,REG,4.161,39,59,0,2.794,26,33,0
2021020397,2021,2021-12-07,SJS,CGY,5,3,5,3,REG,2.229,27,36,1,3.494,43,60,0
2021020398,2021,2021-12-08,NJD,PHI,3,0,3,0,REG,2.572,27,43,1,1.523,25,34,0
2021020399,2021,2021-12-08,NYR,COL,3,7,3,7,REG,3.116,30,43,0,3.277,39,50,0
2021020400,2021,2021-12-08,VAN,BOS,2,1,1,1,SO,1.975,29,47,0,3.104,33,44,0
2021020401,2021,2021-12-08,VGK,DAL,5,4,5,4,REG,2.584,45,56,0,1.646,23,36,0
2021020402,2021,2021-12-09,TOR,TBL,3,5,3,5,REG,4.344,38,55,0,2.457,27,39,1
2021020403,2021,2021-12-09,MTL,CHI,0,2,0,2,REG,1.890,30,42,0,2.557,25,36,0
2021020404,2021,2021-12-09,NYI,NSH,3,4,3,4,REG,2.513,21,29,0,2.570,29,40,0
2021020405,2021,2021-12-09,CBJ,ANA,1,2,1,1,SO,3.194,33,47,0,2.378,25,33,0
2021020406,2021,2021-12-09,STL,DET,6,2,6,2,REG,2.793,26,38,1,2.320,31,39,0
2021020407,2021,2021-12-09,CGY,CAR,1,2,1,1,OT,2.471,25,38,0,1.464,22,30,0
2021020408,2021,2021-12-09,EDM,BOS,2,3,2,3,REG,3.932,43,58,0,2.028,30,38,0
2021020409,2021,2021-12-09,LAK,DAL,4,0,4,0,REG,3.549,41,57,2,2.910,27,43,0
2021020410,2021,2021-12-09,SJS,MIN,2,5,2,5,REG,3.407,35,46,0,2.224,27,40,2
2021020411,2021,2021-12-09,SEA,WPG,0,3,0,3,REG,2.422,25,40,0,2.656,33,51,0
2021020412,2021,2021-12-10,BUF,NYR,1,2,1,2,REG,2.745,37,43,0,2.640,31,38,0
2021020413,2021,2021-12-10,NJD,NSH,2,3,2,3,REG,3.578,31,49,0,2.721,27,42,0
2021020414,2021,2021-12-10,WSH,PIT,2,4,2,4,REG,2.414,31,43,0,2.503,33,42,1
2021020415,2021,2021-12-10,COL,DET,7,3,7,3,REG,4.447,47,62,1,3.121,40,50,0
2021020416,2021,2021-12-10,ARI,FLA,1,3,1,3,REG,2.249,23,34,0,1.773,23,35,0
2021020417,2021,2021-12-10,VAN,WPG,4,3,3,3,SO,3.608,32,40,0,3.038,32,43,0
2021020418,2021,2021-12-10,VGK,PHI,3,4,3,4,REG,2.957,44,54,0,2.493,25,36,0
2021020419,2021,2021-12-11,BUF,WSH,2,3,2,2,SO,2.405,29,38,0,3.311,40,53,0
2021020420,2021,2021-12-11,TOR,CHI,5,4,5,4,REG,1.917,26,31,0,2.492,35,43,0
2021020421,2021,2021-12-11,OTT,TBL,4,0,4,0,REG,3.153,23,33,1,2.826,25,40,0
2021020422,2021,2021-12-11,NYI,NJD,4,2,4,2,REG,2.658,29,43,0,2.504,32,41,0
2021020423,2021,2021-12-11,PIT,ANA,1,0,1,0,REG,1.977,29,40,0,3.004,33,46,0
2021020424,2021,2021-12-11,STL,MTL,4,1,4,1,REG,3.286,37,42,0,1.731,23,37,0
2021020425,2021,2021-12-11,CGY,BOS,2,4,2,4,REG,5.091,42,62,0,2.274,27,32,0
2021020426,2021,2021-12-11,EDM,CAR,1,3,1,3,REG,3.074,23,36,0,3.597,31,46,0
2021020427,2021,2021-12-11,ARI,PHI,3,5,3,5,REG,2.160,32,43,0,2.659,34,42,0
2021020428,2021,2021-12-11,LAK,MIN,2,1,2,1,REG,4.052,37,58,0,3.220,31,42,0
2021020429,2021,2021-12-11,SJS,DAL,2,1,2,1,REG,2.240,25,38,0,3.080,35,48,0
2021020430,2021,2021-12-11,SEA,CBJ,4,5,4,4,OT,2.840,31,43,0,2.442,27,42,0
2021020431,2021,2021-12-12,NYR,NSH,0,1,0,1,REG,2.300,32,40,0,2.094,24,29,0
2021020432,2021,2021-12-12,STL,ANA,2,3,2,2,OT,2.114,24,30,0,2.499,36,44,0
2021020433,2021,2021-12-12,COL,FLA,3,2,3,2,REG,2.134,26,34,0,3.112,31,43,0
2021020434,2021,2021-12-12,VAN,CAR,2,1,2,1,REG,2.058,26,32,0,2.497,29,41,0
2021020435,2021,2021-12-12,VGK,MIN,6,4,6,4,REG,3.915,36,48,1,3.755,27,44,0
2021020437,2021,2021-12-14,BOS,VGK,1,4,1,4,REG,1.673,24,37,0,1.798,25,39,0
2021020438,2021,2021-12-14,DET,NYI,2,1,2,1,REG,3.202,39,49,0,3.454,34,44,0
2021020439,2021,2021-12-14,TBL,LAK,3,2,2,2,OT,2.932,27,39,0,1.963,29,34,0
2021020440,2021,2021-12-14,FLA,OTT,2,8,2,8,REG,3.536,35,47,0,4.067,38,43,0
2021020441,2021,2021-12-14,PHI,NJD,6,1,6,1,REG,2.538,30,44,0,2.047,27,37,0
2021020442,2021,2021-12-14,PIT,MTL,5,2,5,2,REG,2.768,31,40,0,2.061,30,38,0
2021020444,2021,2021-12-14,DAL,STL,1,4,1,4,REG,3.360,34,46,0,2.739,29,37,0
2021020446,2021,2021-12-14,WPG,BUF,2,4,2,4,REG,4.214,36,59,0,2.442,27,39,0
2021020447,2021,2021-12-14,COL,NYR,4,2,4,2,REG,3.329,31,42,0,3.623,28,45,0
2021020448,2021,2021-12-14,EDM,TOR,1,5,1,5,REG,3.757,36,46,0,3.695,25,37,0
2021020449,2021,2021-12-14,VAN,CBJ,4,3,4,3,REG,2.829,39,55,0,2.245,23,36,0
2021020450,2021,2021-12-14,SJS,SEA,1,3,1,3,REG,2.761,34,41,0,1.947,30,35,1
2021020451,2021,2021-12-15,CHI,WSH,5,4,4,4,OT,2.142,26,35,0,3.847,45,54,0
2021020452,2021,2021-12-15,ARI,NYR,2,3,2,3,REG,2.428,31,42,0,1.878,30,40,0
2021020453,2021,2021-12-15,ANA,SEA,4,1,4,1,REG,2.249,24,36,0,1.584,20,29,0
2021020454,2021,2021-12-16,MTL,PHI,3,2,2,2,SO,4.482,38,53,0,2.039,33,40,0
2021020455,2021,2021-12-16,TBL,OTT,2,1,2,1,REG,3.351,27,45,0,2.414,26,37,0
2021020456,2021,2021-12-16,FLA,LAK,1,4,1,4,REG,3.665,42,51,0,2.091,31,40,0
2021020457,2021,2021-12-16,NJD,VGK,3,5,3,5,REG,3.238,26,41,0,3.095,30,46,1
2021020458,2021,2021-12-16,NYI,BOS,3,1,3,1,REG,3.019,28,38,1,3.483,41,51,0
2021020459,2021,2021-12-16,CAR,DET,5,3,5,3,REG,3.123,33,48,1,3.631,26,44,0
2021020460,2021,2021-12-16,NSH,COL,5,2,5,2,REG,2.884,35,46,1,2.569,26,38,0
2021020461,2021,2021-12-16,MIN,BUF,2,3,2,2,SO,2.845,29,44,0,2.681,38,48,0
2021020463,2021,2021-12-16,EDM,CBJ,5,2,5,2,REG,4.467,45,57,1,3.331,38,48,0
2021020464,2021,2021-12-16,SJS,VAN,2,5,2,5,REG,2.453,36,44,0,2.123,30,39,1
2021020465,2021,2021-12-17,NYR,VGK,2,3,2,2,SO,2.017,22,32,0,2.546,26,42,0
2021020466,2021,2021-12-17,PIT,BUF,3,2,2,2,OT,4.045,46,62,0,1.335,20,28,0
2021020467,2021,2021-12-17,CHI,NSH,2,3,2,2,OT,1.798,19,27,0,1.893,30,39,0
2021020468,2021,2021-12-17,STL,DAL,4,1,4,1,REG,2.552,34,41,1,2.572,27,39,0
2021020469,2021,2021-12-17,WPG,WSH,2,5,2,5,REG,4.109,42,51,0,3.300,39,48,2
2021020470,2021,2021-12-17,ANA,ARI,5,6,5,5,OT,3.140,36,44,0,3.194,24,33,0
2021020472,2021,2021-12-18,DET,NJD,5,2,5,2,REG,2.417,30,39,0,2.009,33,45,0
2021020473,2021,2021-12-18,PHI,OTT,4,3,3,3,OT,2.835,36,47,0,2.334,31,41,0
2021020474,2021,2021-12-18,CAR,LAK,5,1,5,1,REG,3.682,33,49,0,3.685,33,46,0
2021020475,2021,2021-12-18,DAL,CHI,4,3,3,3,OT,3.659,38,51,0,1.910,22,31,0
2021020480,2021,2021-12-18,SEA,EDM,3,5,3,5,REG,1.638,17,25,0,3.077,41,55,1
2021020482,2021,2021-12-19,NJD,PIT,2,3,2,3,REG,2.684,19,29,0,2.433,22,33,0
2021020483,2021,2021-12-19,NYI,VGK,3,4,3,3,SO,2.082,25,30,0,2.478,33,40,0
2021020484,2021,2021-12-19,WSH,LAK,2,3,2,3,REG,2.253,35,44,0,2.013,24,36,0
2021020486,2021,2021-12-19,WPG,STL,4,2,4,2,REG,3.285,34,42,0,3.184,28,43,0
2021020492,2021,2021-12-20,DAL,MIN,7,4,7,4,REG,2.610,29,41,1,2.244,23,32,0
2021020501,2021,2021-12-21,VGK,TBL,3,4,3,4,REG,3.154,41,47,0,1.900,19,31,0
2021020537,2021,2021-12-28,TBL,MTL,5,4,4,4,OT,4.418,35,48,0,3.253,31,37,0
2021020539,2021,2021-12-28,LAK,VGK,3,6,3,6,REG,3.283,27,40,0,3.753,27,39,0
2021020540,2021,2021-12-28,SJS,ARI,8,7,7,7,SO,2.810,25,38,0,4.584,41,49,0
2021020541,2021,2021-12-29,BUF,NJD,3,4,3,4,REG,1.679,22,29,0,2.623,42,59,0
2021020544,2021,2021-12-29,FLA,NYR,4,3,4,3,REG,3.906,32,45,0,3.065,33,40,0
2021020546,2021,2021-12-29,WSH,NSH,5,3,5,3,REG,3.253,37,47,1,1.922,20,31,0
2021020547,2021,2021-12-29,STL,EDM,4,2,4,2,REG,3.432,33,46,0,2.440,28,39,0
2021020550,2021,2021-12-29,ANA,VAN,1,2,1,1,OT,2.832,23,46,0,3.562,36,50,0
2021020551,2021,2021-12-29,SEA,PHI,2,3,2,2,OT,2.106,32,46,0,1.186,21,28,0
2021020552,2021,2021-12-30,FLA,TBL,9,3,9,3,REG,3.685,37,41,0,3.155,42,52,0
2021020553,2021,2021-12-30,NYI,BUF,4,1,4,1,REG,2.618,32,40,0,2.857,37,42,0
2021020554,2021,2021-12-30,CAR,MTL,4,0,4,0,REG,2.686,38,50,0,2.272,26,33,0
2021020555,2021,2021-12-30,CBJ,NSH,4,3,3,3,SO,2.311,25,36,0,2.986,33,43,0
2021020556,2021,2021-12-30,LAK,VAN,2,1,1,1,SO,4.167,31,53,0,1.624,16,24,0
2021020557,2021,2021-12-30,SJS,PHI,3,2,2,2,OT,4.247,44,62,0,2.409,23,34,0
2021020558,2021,2021-12-30,SEA,CGY,4,6,4,6,REG,2.116,22,29,0,3.112,40,52,1
2021020560,2021,2021-12-31,DET,WSH,1,3,1,3,REG,1.900,20,25,0,2.411,27,37,1
2021020561,2021,2021-12-31,TBL,NYR,3,4,3,3,SO,3.226,28,41,0,2.482,21,31,0
2021020562,2021,2021-12-31,NJD,EDM,6,5,5,5,OT,2.929,38,49,0,2.900,36,48,0
2021020565,2021,2021-12-31,VGK,ANA,3,1,3,1,REG,4.675,45,63,0,1.458,16,22,0
2021020566,2021,2022-01-01,BOS,BUF,4,3,3,3,OT,3.827,40,56,0,1.616,21,35,0
2021020567,2021,2022-01-01,TOR,OTT,6,0,6,0,REG,4.400,40,61,0,1.858,23,28,0
2021020568,2021,2022-01-01,FLA,MTL,5,2,5,2,REG,5.597,48,59,0,2.531,31,35,0
2021020569,2021,2022-01-01,NYI,EDM,3,2,2,2,OT,2.980,27,39,0,2.157,19,30,0
2021020570,2021,2022-01-01,CBJ,CAR,4,7,4,7,REG,2.562,18,26,0,4.865,49,72,1
2021020571,2021,2022-01-01,NSH,CHI,6,1,6,1,REG,2.534,25,39,0,3.218,38,58,0
2021020572,2021,2022-01-01,MIN,STL,4,6,4,6,REG,2.321,33,47,0,2.359,32,44,0
2021020573,2021,2022-01-01,LAK,PHI,6,3,6,3,REG,4.421,34,51,1,4.030,37,49,0
2021020574,2021,2022-01-01,SEA,VAN,2,5,2,5,REG,2.258,32,38,0,3.176,35,49,1
2021020575,2021,2022-01-02,DET,BOS,1,5,1,5,REG,2.219,24,30,0,5.060,37,53,0
2021020576,2021,2022-01-02,NYR,TBL,4,0,4,0,REG,2.364,21,32,0,3.450,38,55,0
2021020577,2021,2022-01-02,PIT,SJS,8,5,8,5,REG,4.442,39,63,1,2.260,27,39,0
2021020578,2021,2022-01-02,WSH,NJD,3,4,3,3,OT,2.392,30,43,0,2.331,34,44,0
2021020579,2021,2022-01-02,CHI,CGY,1,5,1,5,REG,2.459,31,39,0,3.839,42,54,1
2021020580,2021,2022-01-02,COL,ANA,4,2,4,2,REG,2.828,36,45,1,2.492,31,39,0
2021020582,2021,2022-01-02,VGK,WPG,4,5,4,4,OT,3.858,45,62,0,3.905,33,45,0
2021020585,2021,2022-01-03,NYR,EDM,4,1,4,1,REG,2.397,28,36,0,2.531,34,47,0
2021020586,2021,2022-01-04,BOS,NJD,5,3,5,3,REG,3.121,34,49,0,2.108,26,33,0
2021020588,2021,2022-01-04,DET,SJS,6,2,6,2,REG,2.714,31,38,0,2.559,26,30,0
2021020589,2021,2022-01-04,FLA,CGY,6,2,6,2,REG,4.212,45,49,0,4.550,49,54,0
2021020590,2021,2022-01-04,CBJ,TBL,2,7,2,7,REG,2.001,22,37,0,3.544,36,48,0
2021020591,2021,2022-01-04,CHI,COL,3,4,3,3,OT,2.463,30,36,0,2.370,30,42,0
2021020592,2021,2022-01-04,ARI,WPG,1,3,1,3,REG,2.518,27,42,0,4.563,49,65,1
2021020593,2021,2022-01-04,VGK,NSH,2,3,2,3,REG,3.820,43,56,0,1.868,26,36,0
2021020594,2021,2022-01-04,ANA,PHI,4,1,4,1,REG,2.328,30,40,1,3.030,29,45,0
2021020596,2021,2022-01-05,TOR,EDM,4,2,4,2,REG,2.569,33,49,1,2.041,30,45,0
2021020597,2021,2022-01-05,PIT,STL,5,3,5,3,REG,3.456,41,49,0,2.490,29,35,0
2021020599,2021,2022-01-06,BOS,MIN,2,3,2,3,REG,2.555,38,45,0,2.276,30,40,0
2021020600,2021,2022-01-06,BUF,SJS,2,3,2,3,REG,2.318,39,49,0,1.423,21,30,0
2021020602,2021,2022-01-06,TBL,CGY,4,1,4,1,REG,4.048,33,54,0,2.538,27,36,0
2021020603,2021,2022-01-06,NJD,CBJ,3,1,3,1,REG,2.899,28,47,1,3.079,32,50,0
2021020604,2021,2022-01-06,PHI,PIT,2,6,2,6,REG,2.248,20,34,0,3.063,32,44,0
2021020605,2021,2022-01-06,DAL,FLA,6,5,5,5,SO,2.532,32,42,0,3.571,42,56,0
2021020606,2021,2022-01-06,COL,WPG,7,1,7,1,REG,3.381,42,47,0,3.206,35,48,0
2021020607,2021,2022-01-06,ARI,CHI,6,4,6,4,REG,2.526,26,38,1,2.874,36,50,0
2021020608,2021,2022-01-06,VGK,NYR,5,1,5,1,REG,3.688,35,51,0,2.115,20,31,0
2021020610,2021,2022-01-06,LAK,NSH,2,4,2,4,REG,4.457,48,62,0,2.240,20,28,1
2021020612,2021,2022-01-07,CAR,CGY,6,3,6,3,REG,2.971,37,50,0,3.857,39,49,0
2021020613,2021,2022-01-07,STL,WSH,5,1,5,1,REG,2.668,24,34,1,2.087,27,37,0
2021020615,2021,2022-01-08,TBL,BOS,2,5,2,5,REG,2.759,29,43,0,2.531,30,41,1
2021020616,2021,2022-01-08,PHI,SJS,2,3,2,2,OT,2.350,30,42,0,2.820,46,57,0
2021020617,2021,2022-01-08,CAR,FLA,3,4,3,3,OT,2.362,26,39,0,3.873,35,53,0
2021020618,2021,2022-01-08,CBJ,NJD,4,3,4,3,REG,2.689,34,44,0,3.200,30,41,0
2021020619,2021,2022-01-08,DAL,PIT,3,2,3,2,REG,3.008,32,45,0,2.539,29,39,0
2021020620,2021,2022-01-08,MIN,WSH,3,2,2,2,SO,1.741,21,31,1,2.294,29,40,0
2021020622,2021,2022-01-08,COL,TOR,5,4,4,4,OT,3.659,46,54,0,2.534,25,33,0
2021020624,2021,2022-01-08,ARI,NSH,2,4,2,4,REG,4.400,40,54,0,2.275,29,38,0
2021020626,2021,2022-01-08,VGK,CHI,1,2,1,2,REG,2.489,31,40,0,1.806,21,35,0
2021020627,2021,2022-01-08,ANA,NYR,1,4,1,4,REG,2.039,14,39,0,3.245,40,48,1
2021020628,2021,2022-01-08,LAK,DET,4,0,4,0,REG,3.982,42,54,1,2.431,21,29,0
2021020609,2021,2022-01-09,ANA,DET,4,3,3,3,SO,2.177,27,36,0,2.664,33,46,0
2021020629,2021,2022-01-09,STL,DAL,2,1,2,1,REG,2.968,31,44,0,2.512,27,37,0
2021020632,2021,2022-01-10,WSH,BOS,3,7,3,7,REG,3.177,30,52,0,2.495,31,44,0
2021020634,2021,2022-01-10,COL,SEA,4,3,4,3,REG,2.695,35,42,0,2.366,26,36,0
2021020636,2021,2022-01-10,LAK,NYR,3,1,3,1,REG,3.539,39,52,1,1.972,23,30,0
2021020637,2021,2022-01-11,BUF,TBL,1,6,1,6,REG,1.188,18,22,0,2.876,36,46,0
2021020638,2021,2022-01-11,FLA,VAN,5,2,5,2,REG,2.674,26,41,0,3.660,44,48,0
2021020640,2021,2022-01-11,CBJ,CHI,2,4,2,4,REG,2.208,26,32,0,1.697,20,23,1
2021020641,2021,2022-01-11,NSH,COL,5,4,4,4,OT,3.248,30,50,0,2.895,39,47,0
2021020643,2021,2022-01-11,VGK,TOR,3,4,3,3,SO,2.843,32,40,0,1.877,17,23,0
2021020644,2021,2022-01-11,ANA,PIT,1,4,1,4,REG,2.197,26,35,0,3.366,34,51,1
2021020645,2021,2022-01-11,SJS,DET,3,2,2,2,OT,3.989,39,50,0,1.895,18,25,0
2021020647,2021,2022-01-12,DAL,SEA,5,2,5,2,REG,1.988,25,31,1,2.755,25,42,0
2021020649,2021,2022-01-12,ARI,TOR,2,1,2,1,REG,1.811,18,27,0,4.852,46,63,0
2021021000,2021,2022-01-12,BOS,MTL,5,1,5,1,REG,4.033,41,55,0,2.097,25,33,0
2021020650,2021,2022-01-13,BOS,PHI,3,2,3,2,REG,3.423,36,48,0,2.582,27,38,0
2021020651,2021,2022-01-13,DET,WPG,0,3,0,3,REG,1.658,33,42,0,2.391,32,44,1
2021020652,2021,2022-01-13,TBL,VAN,4,2,4,2,REG,2.304,21,29,1,2.581,26,40,0
2021020653,2021,2022-01-13,NYI,NJD,3,2,3,2,REG,3.142,25,35,0,3.808,32,39,0
2021020654,2021,2022-01-13,CAR,CBJ,0,6,0,6,REG,3.420,31,48,0,3.371,35,47,0
2021020655,2021,2022-01-13,CHI,MTL,3,2,2,2,OT,2.255,30,35,0,2.130,28,36,0
2021020656,2021,2022-01-13,STL,SEA,2,1,2,1,REG,2.517,27,36,0,3.155,32,44,0
2021020657,2021,2022-01-13,NSH,BUF,1,4,1,4,REG,2.239,30,41,0,1.751,21,32,1
2021020658,2021,2022-01-13,CGY,OTT,1,4,1,4,REG,3.625,28,47,0,2.941,34,47,0
2021020659,2021,2022-01-13,LAK,PIT,6,2,6,2,REG,5.307,45,60,0,2.922,29,37,0
2021020660,2021,2022-01-13,SJS,NYR,0,3,0,3,REG,2.533,37,45,0,2.118,31,38,1
2021020661,2021,2022-01-14,FLA,DAL,7,1,7,1,REG,3.402,39,43,0,2.773,30,37,0
2021020662,2021,2022-01-14,MIN,ANA,7,3,7,3,REG,2.598,42,49,0,2.530,42,56,0
2021020663,2021,2022-01-14,COL,ARI,4,3,3,3,SO,3.346,43,58,0,1.382,23,26,0
2021020635,2021,2022-01-15,EDM,OTT,4,6,4,6,REG,3.558,37,47,0,2.399,26,36,1
2021020665,2021,2022-01-15,BOS,NSH,4,3,3,3,OT,2.940,41,49,0,2.052,28,40,0
2021020667,2021,2022-01-15,DET,BUF,4,0,4,0,REG,3.752,39,48,0,1.836,22,32,0
2021020668,2021,2022-01-15,TBL,DAL,3,1,3,1,REG,2.991,29,44,1,1.872,20,27,0
2021020669,2021,2022-01-15,FLA,CBJ,9,2,9,2,REG,4.872,51,59,0,1.861,30,35,0
2021020670,2021,2022-01-15,NYI,WSH,0,2,0,2,REG,2.873,23,32,0,2.990,36,43,1
2021020671,2021,2022-01-15,PHI,NYR,2,3,2,3,REG,1.844,28,36,0,1.599,27,37,0
2021020672,2021,2022-01-15,CAR,VAN,4,1,4,1,REG,3.171,33,48,0,2.960,31,44,0
2021020673,2021,2022-01-15,CHI,ANA,3,0,3,0,REG,3.436,36,42,1,4.233,37,51,0
2021020674,2021,2022-01-15,STL,TOR,5,6,5,6,REG,2.247,25,31,0,3.036,40,48,0
2021020677,2021,2022-01-15,ARI,COL,0,5,0,5,REG,1.805,20,29,0,2.806,32,44,0
2021020678,2021,2022-01-15,SJS,PIT,1,2,1,1,OT,4.026,41,50,0,2.105,26,37,0
2021020679,2021,2022-01-15,SEA,LAK,1,3,1,3,REG,1.904,18,27,0,1.601,22,33,1
2021020680,2021,2022-01-16,WSH,VAN,2,4,2,4,REG,3.469,33,43,0,2.893,32,47,1
2021020682,2021,2022-01-17,BUF,DET,2,3,2,2,OT,2.748,28,35,0,3.008,31,41,0
2021020684,2021,2022-01-17,NYI,PHI,4,1,4,1,REG,3.018,31,44,1,2.635,27,42,0
2021020685,2021,2022-01-17,STL,NSH,5,3,5,3,REG,2.285,29,36,0,3.967,35,51,0
2021020686,2021,2022-01-17,COL,MIN,4,3,3,3,SO,3.101,35,45,0,3.086,36,45,0
2021020687,2021,2022-01-17,ARI,MTL,5,2,5,2,REG,2.958,23,41,1,2.042,26,41,0
2021020688,2021,2022-01-17,VGK,PIT,3,5,3,5,REG,2.765,26,44,0,4.337,37,46,1
2021020689,2021,2022-01-17,SJS,LAK,6,2,6,2,REG,1.677,17,30,0,3.370,41,55,0
2021020690,2021,2022-01-17,SEA,CHI,3,2,2,2,SO,3.907,33,47,0,2.063,26,33,0
2021020340,2021,2022-01-18,PHI,NYI,3,4,3,3,SO,2.622,32,43,0,1.757,25,31,0
2021020691,2021,2022-01-18,BOS,CAR,1,7,1,7,REG,2.423,32,43,0,3.075,34,44,0
2021020692,2021,2022-01-18,OTT,BUF,1,3,1,3,REG,3.097,44,59,0,1.864,32,44,1
2021020695,2021,2022-01-18,WSH,WPG,4,3,3,3,OT,2.767,29,44,0,3.551,33,48,0
2021020696,2021,2022-01-18,NSH,VAN,1,3,1,3,REG,2.879,32,44,0,2.669,24,40,0
2021020697,2021,2022-01-18,DAL,MTL,3,5,3,5,REG,6.483,51,81,0,1.960,22,31,0
2021020698,2021,2022-01-18,CGY,FLA,5,1,5,1,REG,2.589,31,38,0,3.267,29,47,0
2021020700,2021,2022-01-18,LAK,TBL,4,6,4,6,REG,3.177,36,51,0,2.479,25,31,1
2021020701,2021,2022-01-19,NJD,ARI,1,4,1,4,REG,3.328,36,50,0,2.100,17,34,0
2021020702,2021,2022-01-19,NYR,TOR,6,3,6,3,REG,2.109,27,35,1,4.085,38,48,0
2021020703,2021,2022-01-19,ANA,COL,0,2,0,2,REG,2.715,34,47,0,3.006,28,44,1
2021020704,2021,2022-01-20,BOS,WSH,4,3,4,3,REG,3.021,34,40,0,1.556,17,25,0
2021020705,2021,2022-01-20,BUF,DAL,4,5,4,5,REG,2.345,24,31,0,4.590,47,64,0
2021020706,2021,2022-01-20,PHI,CBJ,1,2,1,2,REG,3.155,34,45,0,2.203,29,36,0
2021020707,2021,2022-01-20,PIT,OTT,6,4,6,4,REG,2.912,34,44,1,3.678,43,49,0
2021020708,2021,2022-01-20,NSH,WPG,5,2,5,2,REG,1.631,23,28,1,3.214,38,49,0
2021020709,2021,2022-01-20,EDM,FLA,0,6,0,6,REG,3.669,40,60,0,2.937,28,40,0
2021020710,2021,2022-01-20,VGK,MTL,4,3,3,3,OT,4.386,50,66,0,2.497,23,28,0
2021020711,2021,2022-01-20,LAK,COL,1,4,1,4,REG,4.242,41,55,0,1.803,27,30,1
2021020712,2021,2022-01-20,SEA,SJS,3,2,3,2,REG,1.743,17,27,0,2.744,25,41,0
2021020713,2021,2022-01-21,DET,DAL,4,5,4,4,OT,1.930,27,38,0,1.823,27,36,0
2021020714,2021,2022-01-21,NYI,ARI,4,0,4,0,REG,3.006,35,43,0,1.266,17,23,0
2021020715,2021,2022-01-21,CAR,NYR,6,3,6,3,REG,4.729,35,51,0,2.685,23,38,0
2021020716,2021,2022-01-21,CBJ,PIT,2,5,2,5,REG,2.808,27,39,0,4.116,31,42,1
2021020717,2021,2022-01-21,CHI,MIN,1,5,1,5,REG,1.899,36,45,0,2.732,30,39,0
2021020718,2021,2022-01-21,VAN,FLA,1,2,1,1,SO,2.147,27,37,0,2.486,30,40,0
2021020719,2021,2022-01-21,ANA,TBL,5,1,5,1,REG,2.930,35,50,1,4.770,33,52,0
2021020720,2021,2022-01-21,SEA,STL,0,5,0,5,REG,1.565,27,36,0,2.898,31,40,0
2021020721,2021,2022-01-22,BOS,WPG,3,2,3,2,REG,2.447,32,46,0,1.617,24,37,0
2021020722,2021,2022-01-22,BUF,PHI,6,3,6,3,REG,2.470,24,36,0,2.483,33,48,0
2021020724,2021,2022-01-22,NJD,CAR,7,4,7,4,REG,3.405,38,47,0,2.269,32,40,0
2021020725,2021,2022-01-22,NYR,ARI,7,3,7,3,REG,2.444,27,40,0,3.011,29,42,0
2021020726,2021,2022-01-22,WSH,OTT,3,2,2,2,OT,3.394,31,50,0,2.104,22,39,0
2021020727,2021,2022-01-22,NSH,DET,4,1,4,1,REG,2.293,25,36,1,2.363,29,37,0
2021020728,2021,2022-01-22,MIN,CHI,4,3,3,3,OT,3.290,42,57,0,2.293,34,48,0
2021020729,2021,2022-01-22,COL,MTL,3,2,2,2,OT,3.107,43,53,0,2.669,30,40,0
2021020730,2021,2022-01-22,EDM,CGY,5,3,5,3,REG,2.291,31,40,1,3.941,47,56,0
2021020731,2021,2022-01-22,SJS,TBL,1,7,1,7,REG,2.388,28,50,0,3.765,31,45,0
2021021211,2021,2022-01-22,NYI,TOR,1,3,1,3,REG,2.464,28,38,0,2.135,23,28,0
2021020732,2021,2022-01-23,NJD,LAK,2,3,2,3,REG,2.568,25,46,0,2.917,37,49,0
2021020733,2021,2022-01-23,PIT,WPG,3,2,2,2,SO,2.985,35,48,0,2.482,24,33,0
2021020734,2021,2022-01-23,CBJ,OTT,1,2,1,2,REG,3.543,36,48,0,3.206,33,40,0
2021020735,2021,2022-01-23,VAN,STL,1,3,1,3,REG,4.342,39,54,0,1.792,17,23,0
2021020736,2021,2022-01-23,SEA,FLA,5,3,5,3,REG,3.353,29,45,1,3.659,31,47,0
2021020737,2021,2022-01-24,BOS,ANA,3,5,3,5,REG,2.388,26,38,0,2.321,27,34,0
2021020738,2021,2022-01-24,NYR,LAK,3,2,2,2,SO,3.324,25,42,0,2.379,34,46,0
2021020739,2021,2022-01-24,PHI,DAL,1,3,1,3,REG,2.476,28,41,0,2.689,36,44,1
2021020740,2021,2022-01-24,WSH,VGK,0,1,0,1,REG,3.502,34,45,0,3.146,29,43,0
2021020741,2021,2022-01-24,MIN,MTL,8,2,8,2,REG,3.750,39,57,0,1.114,21,25,0
2021020742,2021,2022-01-24,COL,CHI,2,0,2,0,REG,2.403,29,42,0,2.394,24,43,0
2021020743,2021,2022-01-24,CGY,STL,7,1,7,1,REG,5.093,48,71,0,2.407,21,27,0
2021020744,2021,2022-01-25,OTT,BUF,5,0,5,0,REG,4.049,48,63,0,2.000,32,35,0
2021020745,2021,2022-01-25,NJD,DAL,1,5,1,5,REG,3.705,37,53,0,2.694,32,37,1
2021020746,2021,2022-01-25,NYI,PHI,4,3,4,3,REG,3.492,33,49,0,1.274,17,26,0
2021020747,2021,2022-01-25,PIT,ARI,6,3,6,3,REG,2.609,36,41,0,1.357,16,24,0
2021020748,2021,2022-01-25,CAR,VGK,4,3,3,3,OT,3.582,28,43,0,2.167,27,36,0
2021020749,2021,2022-01-25,WPG,FLA,3,5,3,5,REG,3.298,35,45,0,3.599,32,43,0
2021020750,2021,2022-01-25,VAN,EDM,2,3,2,2,OT,1.833,26,31,0,3.882,41,59,0
2021020751,2021,2022-01-25,SEA,NSH,2,4,2,4,REG,2.933,35,45,0,2.624,27,39,0
2021020752,2021,2022-01-26,TOR,ANA,4,3,3,3,SO,4.108,40,51,0,1.312,20,29,0
2021020753,2021,2022-01-26,DET,CHI,5,8,5,8,REG,2.288,33,46,0,2.763,38,43,1
2021020754,2021,2022-01-26,WSH,SJS,1,4,1,4,REG,3.748,33,51,0,2.808,30,42,1
2021020755,2021,2022-01-26,CBJ,CGY,0,6,0,6,REG,1.817,23,32,0,4.706,62,75,0
2021020756,2021,2022-01-26,COL,BOS,4,3,3,3,OT,3.076,38,48,0,2.510,32,45,0
2021020757,2021,2022-01-27,MTL,ANA,4,5,4,5,REG,3.027,40,48,0,2.079,24,31,0
2021020758,2021,2022-01-27,OTT,CAR,2,3,2,2,SO,2.566,36,47,0,3.986,28,50,0
2021020759,2021,2022-01-27,TBL,NJD,3,2,3,2,REG,3.452,35,47,0,2.499,33,38,0
2021020760,2021,2022-01-27,FLA,VGK,4,1,4,1,REG,2.610,32,40,2,2.007,25,37,0
2021020761,2021,2022-01-27,NYI,LAK,2,3,2,3,REG,3.375,25,31,0,3.453,30,42,1
2021020762,2021,2022-01-27,PIT,SEA,1,2,1,1,OT,2.040,24,33,0,1.990,27,40,0
2021020763,2021,2022-01-27,CBJ,NYR,5,3,5,3,REG,1.493,19,28,1,3.356,36,47,0
2021020764,2021,2022-01-27,STL,CGY,5,1,5,1,REG,2.060,28,37,0,3.216,29,51,0
2021020765,2021,2022-01-27,WPG,VAN,1,5,1,5,REG,3.265,34,51,0,3.004,33,46,0
2021020766,2021,2022-01-27,EDM,NSH,3,2,2,2,SO,4.370,43,59,0,2.285,26,32,0
2021020767,2021,2022-01-28,NYR,MIN,2,3,2,3,REG,2.431,27,34,0,3.192,34,47,0
2021020768,2021,2022-01-28,PIT,DET,2,3,2,2,SO,2.613,37,48,0,2.973,28,38,0
2021020769,2021,2022-01-28,CHI,COL,4,6,4,6,REG,2.739,43,53,0,1.727,27,38,2
2021020770,2021,2022-01-28,DAL,WSH,0,5,0,5,REG,2.607,29,44,0,2.638,29,43,0
2021020771,2021,2022-01-28,ARI,BOS,1,2,1,2,REG,2.714,31,47,0,2.452,37,45,0
2021020772,2021,2022-01-29,MTL,EDM,2,7,2,7,REG,2.031,23,32,0,2.365,24,35,0
2021020773,2021,2022-01-29,OTT,ANA,1,2,1,2,REG,3.838,45,59,0,1.932,20,31,0
2021020774,2021,2022-01-29,DET,TOR,4,7,4,7,REG,3.378,35,43,0,3.486,37,50,2
2021020775,2021,2022-01-29,TBL,VGK,2,3,2,2,SO,3.648,26,40,0,2.219,24,31,0
2021020776,2021,2022-01-29,FLA,SJS,5,4,4,4,OT,6.084,49,64,0,3.219,34,40,0
2021020778,2021,2022-01-29,PHI,LAK,4,3,3,3,OT,3.314,34,40,0,3.673,40,52,0
2021020779,2021,2022-01-29,CAR,NJD,2,1,2,1,REG,3.368,23,39,0,3.263,25,39,0
2021020780,2021,2022-01-29,STL,WPG,1,4,1,4,REG,2.610,29,44,0,2.581,24,39,1
2021020781,2021,2022-01-29,CGY,VAN,1,0,0,0,OT,2.738,31,53,0,1.233,15,24,0
2021020782,2021,2022-01-29,ARI,BUF,1,3,1,3,REG,3.946,28,43,0,3.481,35,42,0
2021020783,2021,2022-01-30,MTL,CBJ,3,6,3,6,REG,2.511,35,46,0,2.978,36,53,1
2021020784,2021,2022-01-30,NYI,MIN,3,4,3,4,REG,5.037,43,56,0,2.330,21,27,0
2021020785,2021,2022-01-30,NYR,SEA,3,2,3,2,REG,2.310,24,36,0,2.764,42,56,0
2021020786,2021,2022-01-30,PIT,LAK,3,4,3,4,REG,3.155,26,40,0,2.527,38,46,0
2021020787,2021,2022-01-30,CAR,SJS,2,1,2,1,REG,2.956,29,47,0,2.298,28,36,0
2021020789,2021,2022-01-30,DAL,BOS,6,1,6,1,REG,2.659,29,46,0,1.716,26,34,0
2021020790,2021,2022-01-30,COL,BUF,4,1,4,1,REG,3.152,36,44,1,2.775,31,40,0
2021020683,2021,2022-01-31,TOR,NJD,6,4,6,4,REG,2.632,33,44,1,2.340,29,35,0
2021020791,2021,2022-01-31,OTT,EDM,3,2,2,2,OT,2.354,27,43,0,3.125,36,44,0
2021020792,2021,2022-01-31,DET,ANA,2,1,1,1,OT,2.572,25,35,0,1.544,15,26,0
2021020793,2021,2022-01-31,CBJ,FLA,4,8,4,8,REG,2.940,36,43,0,3.632,40,51,0
2021020794,2021,2022-01-31,CHI,VAN,1,3,1,3,REG,1.393,21,27,0,1.788,32,40,1
2021020795,2021,2022-02-01,BOS,SEA,3,2,3,2,REG,2.259,26,34,0,3.073,27,44,0
2021020797,2021,2022-02-01,TBL,SJS,3,2,2,2,OT,3.312,30,46,0,2.044,20,30,0
2021020798,2021,2022-02-01,NJD,TOR,1,7,1,7,REG,3.424,32,41,0,3.709,36,46,0
2021020799,2021,2022-02-01,NYI,OTT,4,1,4,1,REG,2.822,30,40,0,2.247,27,37,0
2021020800,2021,2022-02-01,NYR,FLA,5,2,5,2,REG,2.894,35,45,1,3.357,36,50,0
2021020801,2021,2022-02-01,PHI,WPG,3,1,3,1,REG,3.251,36,48,1,1.875,33,40,0
2021020802,2021,2022-02-01,PIT,WSH,3,4,3,3,OT,4.258,45,60,0,2.866,29,36,0
2021020803,2021,2022-02-01,NSH,VAN,4,2,4,2,REG,2.795,28,42,0,2.163,32,46,0
2021020804,2021,2022-02-01,DAL,CGY,3,4,3,4,REG,3.036,28,39,0,2.802,40,57,0
2021020805,2021,2022-02-01,COL,ARI,2,3,2,2,SO,2.540,36,48,0,2.067,24,31,0
2021020806,2021,2022-02-01,VGK,BUF,5,2,5,2,REG,4.446,35,51,0,2.878,32,43,0
2021020777,2021,2022-02-02,NYI,SEA,0,3,0,3,REG,1.621,19,33,0,2.258,31,41,1
2021020807,2021,2022-02-02,DET,LAK,3,5,3,5,REG,2.682,25,34,0,3.646,45,55,2
2021020808,2021,2022-02-02,WSH,EDM,3,5,3,5,REG,2.715,27,43,0,1.980,27,45,1
2021020809,2021,2022-02-02,CHI,MIN,0,5,0,5,REG,2.474,30,39,0,2.419,35,40,0
2021020810,2021,2022-02-02,ARI,CGY,2,4,2,4,REG,2.830,28,41,0,4.222,50,66,0
2021020583,2021,2022-02-07,TOR,CAR,4,3,3,3,OT,2.908,28,39,0,2.479,29,39,0
2021021128,2021,2022-02-07,OTT,NJD,4,1,4,1,REG,2.332,24,35,0,3.307,33,47,0
2021020487,2021,2022-02-08,VAN,ARI,5,1,5,1,REG,2.499,29,36,0,2.572,36,43,0
2021020510,2021,2022-02-08,OTT,CAR,4,3,4,3,REG,2.440,31,40,0,2.964,45,57,0
2021020523,2021,2022-02-08,BOS,PIT,2,4,2,4,REG,2.985,45,54,0,1.970,25,35,1
2021020531,2021,2022-02-08,WPG,MIN,2,0,2,0,REG,2.761,29,41,1,1.903,27,34,0
2021020664,2021,2022-02-08,EDM,VGK,0,4,0,4,REG,3.086,28,38,0,2.975,28,38,0
2021020666,2021,2022-02-08,MTL,NJD,1,7,1,7,REG,2.109,31,38,0,2.896,34,45,0
2021021293,2021,2022-02-08,WSH,CBJ,4,5,4,5,REG,2.939,33,49,0,2.555,26,39,0
2021020503,2021,2022-02-09,SEA,ARI,2,5,2,5,REG,2.327,36,44,0,2.815,27,45,2
2021020530,2021,2022-02-09,DAL,NSH,4,3,4,3,REG,3.726,27,43,0,2.355,23,38,0
2021020598,2021,2022-02-09,VAN,NYI,3,6,3,6,REG,3.124,37,53,0,2.211,27,36,0
2021020676,2021,2022-02-09,CGY,VGK,6,0,6,0,REG,3.438,33,43,0,2.634,28,35,0
2021020694,2021,2022-02-09,PHI,DET,3,6,3,6,REG,1.952,24,33,0,3.365,34,49,1
2021020699,2021,2022-02-09,EDM,CHI,1,4,1,4,REG,4.530,41,55,0,2.892,30,36,0
2021020462,2021,2022-02-10,CGY,TOR,5,2,5,2,REG,2.116,26,36,0,2.599,48,59,0
2021020477,2021,2022-02-10,COL,TBL,3,2,3,2,REG,2.782,47,55,0,3.850,38,46,0
2021020489,2021,2022-02-10,BUF,CBJ,3,4,3,3,OT,2.207,27,41,0,1.885,33,48,0
2021020494,2021,2022-02-10,BOS,CAR,0,6,0,6,REG,2.534,34,46,0,3.466,43,54,0
2021020529,2021,2022-02-10,STL,NJD,4,7,4,7,REG,2.443,31,41,0,2.036,29,41,2
2021020559,2021,2022-02-10,OTT,PIT,0,2,0,2,REG,2.151,26,41,0,2.843,44,57,1
2021020587,2021,2022-02-10,MTL,WSH,2,5,2,5,REG,3.211,44,53,0,1.700,23,26,1
2021020506,2021,2022-02-11,DAL,WPG,4,3,3,3,OT,3.758,33,43,0,2.388,31,37,0
2021020519,2021,2022-02-11,ARI,TBL,3,4,3,4,REG,1.456,19,29,0,3.039,32,41,0
2021020623,2021,2022-02-11,EDM,NYI,3,1,3,1,REG,3.156,36,43,0,3.657,38,51,0
2021021033,2021,2022-02-11,ANA,SEA,3,4,3,4,REG,3.090,27,45,0,2.500,27,42,0
2021020445,2021,2022-02-12,MIN,CAR,3,2,3,2,REG,2.822,27,40,0,1.793,39,44,0
2021020479,2021,2022-02-12,VAN,TOR,3,2,3,2,REG,2.119,24,36,0,5.063,53,73,0
2021020499,2021,2022-02-12,NSH,WPG,2,5,2,5,REG,2.372,36,44,0,3.761,43,57,1
2021020543,2021,2022-02-12,OTT,BOS,0,2,0,2,REG,2.672,30,48,0,2.773,37,48,0
2021020630,2021,2022-02-12,MTL,CBJ,1,2,1,2,REG,2.618,31,44,0,3.958,42,55,0
2021020642,2021,2022-02-12,CGY,NYI,5,2,5,2,REG,2.611,29,45,0,2.472,21,40,0
2021020788,2021,2022-02-12,STL,CHI,5,1,5,1,REG,2.925,31,44,0,1.639,16,23,0
2021020811,2021,2022-02-12,DET,PHI,4,2,4,2,REG,2.459,24,32,1,4.089,34,54,0
2021020526,2021,2022-02-13,WSH,OTT,1,4,1,4,REG,2.971,34,45,0,2.581,26,39,0
2021020563,2021,2022-02-13,DAL,COL,0,4,0,4,REG,2.113,23,36,0,2.107,30,45,1
2021020614,2021,2022-02-13,MTL,BUF,3,5,3,5,REG,2.825,32,43,0,3.254,32,40,0
2021020817,2021,2022-02-13,NJD,PIT,2,4,2,4,REG,3.296,30,39,0,3.347,35,51,1
2021020488,2021,2022-02-14,SEA,TOR,2,6,2,6,REG,2.161,25,38,0,2.114,25,36,0
2021020517,2021,2022-02-14,MIN,DET,7,4,7,4,REG,1.745,25,35,1,2.752,34,42,0
2021020522,2021,2022-02-14,SJS,EDM,0,3,0,3,REG,2.010,20,24,0,4.016,41,56,0
2021020548,2021,2022-02-14,WPG,CHI,1,3,1,3,REG,3.576,32,48,0,2.042,24,34,1
2021020478,2021,2022-02-15,CGY,CBJ,6,2,6,2,REG,3.890,42,57,0,1.974,20,37,0
2021020495,2021,2022-02-15,OTT,STL,2,5,2,5,REG,1.315,20,29,0,3.680,36,52,1
2021020507,2021,2022-02-15,LAK,EDM,2,5,2,5,REG,2.876,32,40,0,2.540,29,36,2
2021020514,2021,2022-02-15,PIT,PHI,5,4,4,4,OT,2.779,33,43,0,2.120,27,35,0
2021020524,2021,2022-02-15,BUF,NYI,6,3,6,3,REG,2.760,41,51,2,2.596,33,40,0
2021020549,2021,2022-02-15,COL,DAL,1,4,1,4,REG,4.252,47,59,0,2.093,20,29,1
2021020631,2021,2022-02-15,NJD,TBL,3,6,3,6,REG,3.684,25,39,0,2.966,32,40,0
2021021095,2021,2022-02-15,NSH,WSH,1,4,1,4,REG,2.741,34,55,0,2.462,28,40,1
2021021263,2021,2022-02-15,NYR,BOS,2,1,1,1,SO,2.411,28,40,0,2.213,29,34,0
2021020500,2021,2022-02-16,CGY,ANA,6,2,6,2,REG,3.893,43,54,1,2.638,28,34,0
2021020527,2021,2022-02-16,CAR,FLA,2,3,2,2,OT,2.294,18,29,0,3.003,30,43,0
2021020535,2021,2022-02-16,VGK,COL,0,2,0,2,REG,2.650,29,43,0,2.378,25,37,0
2021020633,2021,2022-02-16,WPG,MIN,6,3,6,3,REG,3.476,31,41,1,3.064,36,58,0
2021020493,2021,2022-02-17,EDM,ANA,7,3,7,3,REG,3.406,41,47,0,2.686,30,38,0
2021020496,2021,2022-02-17,PHI,WSH,3,5,3,5,REG,2.922,33,41,0,2.484,25,32,1
2021020502,2021,2022-02-17,SJS,VAN,4,5,4,4,OT,2.572,28,42,0,2.736,25,37,0
2021020525,2021,2022-02-17,NYR,DET,2,3,2,2,SO,3.146,36,46,0,2.001,29,36,0
2021020538,2021,2022-02-17,CHI,CBJ,4,7,4,7,REG,2.778,32,36,0,2.729,37,49,1
2021020542,2021,2022-02-17,TOR,PIT,4,1,4,1,REG,2.451,29,40,0,3.671,46,60,0
2021020621,2021,2022-02-17,WPG,SEA,5,3,5,3,REG,2.954,29,39,1,2.291,23,38,0
2021020796,2021,2022-02-17,MTL,STL,3,2,2,2,OT,2.477,29,42,0,2.541,27,36,0
2021021006,2021,2022-02-17,NYI,BOS,4,1,4,1,REG,2.186,29,34,1,2.391,27,37,0
2021021228,2021,2022-02-17,BUF,OTT,1,3,1,3,REG,1.932,24,29,0,2.633,28,42,1
2021020476,2021,2022-02-18,MIN,FLA,2,6,2,6,REG,1.863,26,32,0,2.157,36,45,2
2021020485,2021,2022-02-18,CAR,NSH,5,3,5,3,REG,3.096,30,38,1,2.964,31,42,0
2021020516,2021,2022-02-18,CHI,DAL,0,1,0,0,SO,1.993,29,40,0,1.721,27,32,0
2021020521,2021,2022-02-18,VGK,LAK,3,4,3,3,OT,2.186,23,36,0,3.076,28,49,0
2021020481,2021,2022-02-19,OTT,BOS,2,3,2,2,OT,2.572,30,43,0,2.539,31,42,0
2021020504,2021,2022-02-19,BUF,COL,3,5,3,5,REG,2.772,32,40,0,3.541,36,43,1
2021020509,2021,2022-02-19,TOR,STL,3,6,3,6,REG,2.812,37,51,0,2.065,34,38,1
2021020518,2021,2022-02-19,CGY,SEA,2,1,2,1,REG,2.610,37,45,0,1.673,23,31,0
2021020520,2021,2022-02-19,VAN,ANA,4,7,4,7,REG,1.683,20,28,0,2.801,25,38,0
2021020533,2021,2022-02-19,ARI,LAK,3,5,3,5,REG,1.866,23,33,0,3.249,39,52,0
2021020681,2021,2022-02-19,WPG,EDM,2,4,2,4,REG,2.812,24,33,0,3.789,40,52,1
2021020263,2021,2022-02-20,OTT,NYR,1,2,1,2,REG,2.514,30,46,0,2.388,33,41,0
2021020491,2021,2022-02-20,NYI,MTL,2,3,2,2,SO,2.898,31,46,0,1.779,24,30,0
2021020498,2021,2022-02-20,CHI,FLA,2,5,2,5,REG,1.715,24,34,0,1.801,25,34,2
2021020515,2021,2022-02-20,CBJ,BUF,7,3,7,3,REG,2.996,39,52,1,3.006,36,47,0
2021020581,2021,2022-02-20,ARI,DAL,3,1,3,1,REG,1.757,27,34,1,3.615,33,51,0
2021020648,2021,2022-02-20,EDM,MIN,3,7,3,7,REG,3.965,33,49,0,2.372,22,31,0
2021021161,2021,2022-02-20,SJS,VGK,1,4,1,4,REG,2.678,36,47,0,2.609,35,49,1
2021021304,2021,2022-02-20,PIT,CAR,3,4,3,4,REG,2.910,34,45,0,2.948,30,40,0
2021020508,2021,2022-02-21,BOS,COL,5,1,5,1,REG,4.731,45,53,0,1.764,29,37,0
2021020534,2021,2022-02-21,VAN,SEA,5,2,5,2,REG,4.039,46,58,1,2.142,27,33,0
2021020564,2021,2022-02-21,CGY,WPG,3,1,3,1,REG,2.571,31,50,1,1.813,23,29,0
2021020601,2021,2022-02-21,MTL,TOR,5,2,5,2,REG,2.523,24,28,0,3.004,37,49,0
2021020639,2021,2022-02-21,PHI,CAR,3,4,3,3,OT,3.043,36,51,0,2.310,25,40,0
2021020511,2021,2022-02-22,FLA,NSH,4,6,4,6,REG,3.846,48,62,0,2.478,33,39,1
2021020528,2021,2022-02-22,CBJ,TOR,4,3,3,3,OT,1.829,29,36,0,2.899,42,47,0
2021020536,2021,2022-02-22,ANA,SJS,4,3,3,3,SO,2.855,29,52,0,2.556,36,44,0
2021020584,2021,2022-02-22,OTT,MIN,4,3,4,3,REG,2.942,34,51,0,3.582,43,54,0
2021020595,2021,2022-02-22,SEA,NYI,2,5,2,5,REG,2.416,25,47,0,2.631,36,40,1
2021020848,2021,2022-02-22,PHI,STL,1,4,1,4,REG,2.327,26,41,0,3.275,26,43,2
2021020490,2021,2022-02-23,DET,COL,2,5,2,5,REG,3.659,34,50,0,2.734,31,49,1
2021020812,2021,2022-02-23,TBL,EDM,5,3,5,3,REG,2.469,23,32,1,3.403,30,48,0
2021020813,2021,2022-02-23,DAL,WPG,3,2,2,2,OT,3.602,38,55,0,2.108,21,27,0
2021020814,2021,2022-02-23,ARI,LAK,2,3,2,3,REG,1.397,19,28,0,2.534,35,49,0
2021021273,2021,2022-02-23,MTL,BUF,4,0,4,0,REG,2.714,29,38,1,2.361,32,39,0
2021020497,2021,2022-02-24,PIT,NJD,1,6,1,6,REG,3.018,38,49,0,2.632,36,40,0
2021020815,2021,2022-02-24,TOR,MIN,3,1,3,1,REG,1.514,25,37,1,2.272,30,41,0
2021020816,2021,2022-02-24,FLA,CBJ,3,6,3,6,REG,3.693,42,51,0,2.131,28,36,1
2021020818,2021,2022-02-24,NYR,WSH,4,1,4,1,REG,2.028,21,28,0,2.951,37,44,0
2021020819,2021,2022-02-24,NSH,DAL,2,1,1,1,SO,1.469,18,26,0,2.424,25,39,0
2021020820,2021,2022-02-24,VAN,CGY,7,1,7,1,REG,3.790,38,46,0,2.956,30,43,0
2021020821,2021,2022-02-24,SJS,NYI,4,3,3,3,SO,1.846,27,35,0,2.579,42,54,0
2021020822,2021,2022-02-24,SEA,BOS,2,3,2,2,OT,1.943,27,38,0,2.916,38,55,0
2021020823,2021,2022-02-25,CAR,CBJ,4,0,4,0,REG,4.707,50,64,0,2.040,19,28,0
2021020824,2021,2022-02-25,CHI,NJD,8,5,8,5,REG,2.930,37,44,2,2.759,36,45,0
2021020825,2021,2022-02-25,STL,BUF,5,3,5,3,REG,2.472,23,33,1,3.062,38,48,0
2021020826,2021,2022-02-25,COL,WPG,6,3,6,3,REG,3.384,42,55,0,1.967,29,35,0
2021020827,2021,2022-02-25,ARI,VGK,3,1,3,1,REG,2.558,32,41,1,4.197,44,65,0
2021020828,2021,2022-02-25,ANA,LAK,1,4,1,4,REG,2.526,25,42,0,2.714,32,45,0
2021020830,2021,2022-02-26,OTT,MTL,1,2,1,2,REG,3.096,27,40,0,3.761,32,41,0
2021020831,2021,2022-02-26,FLA,EDM,3,4,3,4,REG,4.928,47,60,0,1.934,22,27,0
2021020832,2021,2022-02-26,PHI,WSH,2,1,2,1,REG,1.654,22,36,0,2.344,28,46,0
2021020833,2021,2022-02-26,PIT,NYR,1,0,1,0,REG,2.494,26,35,0,2.574,27,34,0
2021020834,2021,2022-02-26,NSH,TBL,2,3,2,3,REG,2.852,28,45,0,2.878,33,43,0
2021020835,2021,2022-02-26,CGY,MIN,7,3,7,3,REG,3.467,35,54,2,2.119,25,36,0
2021020836,2021,2022-02-26,VGK,COL,2,3,2,3,REG,2.599,36,51,0,1.470,21,26,0
2021020837,2021,2022-02-26,LAK,NYI,5,2,5,2,REG,4.158,36,53,1,3.133,28,39,0
2021020838,2021,2022-02-26,SJS,BOS,1,3,1,3,REG,1.426,16,25,0,2.304,37,46,0
2021021275,2021,2022-02-26,DET,TOR,7,10,7,10,REG,1.754,33,43,0,3.225,39,45,0
2021020839,2021,2022-02-27,NYR,VAN,2,5,2,5,REG,3.343,33,52,0,2.433,34,47,1
2021020840,2021,2022-02-27,CAR,EDM,2,1,2,1,REG,3.068,29,42,0,3.404,30,45,0
2021020841,2021,2022-02-27,CBJ,PIT,2,3,2,3,REG,3.123,34,44,0,3.216,40,58,0
2021020842,2021,2022-02-27,CHI,STL,0,4,0,4,REG,2.011,30,38,0,3.486,35,44,0
2021020843,2021,2022-02-27,DAL,BUF,4,2,4,2,REG,3.292,31,40,0,2.785,40,55,0
2021020844,2021,2022-02-27,ARI,WPG,3,5,3,5,REG,3.080,29,50,0,3.809,38,53,1
2021020845,2021,2022-02-27,ANA,NYI,0,4,0,4,REG,2.015,34,43,0,2.423,22,38,0
2021020846,2021,2022-02-27,SJS,SEA,3,1,3,1,REG,1.808,24,34,0,2.625,40,52,0
2021020847,2021,2022-02-28,NJD,VAN,7,2,7,2,REG,3.662,33,49,0,3.113,38,53,0
2021020849,2021,2022-02-28,WSH,TOR,3,5,3,5,REG,2.599,33,45,0,2.685,28,46,1
2021020850,2021,2022-02-28,LAK,BOS,0,7,0,7,REG,3.184,34,44,0,2.664,32,46,0
2021020851,2021,2022-03-01,DET,CAR,4,3,3,3,OT,3.688,34,39,0,2.806,29,36,0
2021020852,2021,2022-03-01,TBL,OTT,5,2,5,2,REG,2.334,22,33,0,2.477,27,33,0
2021020853,2021,2022-03-01,PHI,EDM,0,3,0,3,REG,2.990,39,54,0,2.772,32,41,1
2021020854,2021,2022-03-01,CBJ,NJD,4,3,4,3,REG,2.906,31,45,0,3.296,33,43,0
2021020855,2021,2022-03-01,MIN,CGY,1,5,1,5,REG,2.836,33,47,0,1.455,27,37,1
2021020856,2021,2022-03-01,WPG,MTL,8,4,8,4,REG,3.315,30,37,0,3.494,35,45,0
2021020857,2021,2022-03-01,COL,NYI,5,3,5,3,REG,3.558,43,60,1,3.022,31,45,0
2021020858,2021,2022-03-01,VGK,SJS,3,1,3,1,REG,2.538,31,36,0,1.106,17,23,0
2021020859,2021,2022-03-01,ANA,BOS,4,3,4,3,REG,2.500,28,39,0,2.179,34,46,0
2021020860,2021,2022-03-02,TOR,BUF,1,5,1,5,REG,1.929,30,47,0,2.058,31,37,0
2021020861,2021,2022-03-02,NYR,STL,5,3,5,3,REG,2.819,29,47,1,2.681,32,41,0
2021020862,2021,2022-03-02,DAL,LAK,4,3,4,3,REG,4.693,43,57,0,2.398,31,38,0
2021020863,2021,2022-03-02,SEA,NSH,4,3,4,3,REG,3.146,31,44,0,2.331,22,40,0
2021020864,2021,2022-03-03,TBL,PIT,1,5,1,5,REG,2.619,21,33,0,3.554,40,59,1
2021020865,2021,2022-03-03,FLA,OTT,3,0,3,0,REG,5.936,48,66,0,1.989,18,28,0
2021020866,2021,2022-03-03,NYI,VAN,3,4,3,4,REG,1.875,27,38,0,2.973,38,49,0
2021020867,2021,2022-03-03,PHI,MIN,4,5,4,5,REG,2.448,30,36,0,2.670,38,47,0
2021020868,2021,2022-03-03,WSH,CAR,4,0,4,0,REG,2.360,33,41,0,2.211,36,44,0
2021020869,2021,2022-03-03,CHI,EDM,4,3,3,3,OT,2.298,30,39,0,2.732,32,43,0
2021020870,2021,2022-03-03,CGY,MTL,4,5,4,4,OT,4.339,34,49,0,3.131,33,48,0
2021020871,2021,2022-03-03,ARI,COL,2,1,2,1,REG,2.312,29,34,0,3.318,43,52,0
2021020872,2021,2022-03-03,VGK,BOS,2,5,2,5,REG,2.299,36,45,0,2.304,36,44,1
2021020873,2021,2022-03-04,BUF,MIN,5,4,5,4,REG,3.188,38,48,1,1.933,33,42,0
2021020874,2021,2022-03-04,TBL,DET,3,1,3,1,REG,3.938,38,58,1,1.987,23,32,0
2021020875,2021,2022-03-04,NYR,NJD,3,1,3,1,REG,2.941,32,46,0,3.473,33,44,0
2021020876,2021,2022-03-04,CAR,PIT,3,2,2,2,OT,3.557,38,56,0,2.358,23,30,0
2021020877,2021,2022-03-04,CBJ,LAK,3,4,3,3,OT,1.624,27,33,0,2.451,42,50,0
2021020878,2021,2022-03-04,WPG,DAL,3,4,3,3,OT,4.893,40,56,0,2.755,29,38,0
2021020879,2021,2022-03-04,ANA,VGK,4,5,4,5,REG,2.224,24,37,0,2.715,35,48,0
2021020880,2021,2022-03-05,TOR,VAN,4,6,4,6,REG,4.078,38,63,0,2.561,29,40,1
2021020881,2021,2022-03-05,FLA,DET,6,2,6,2,REG,3.792,39,53,0,2.162,25,30,0
2021020882,2021,2022-03-05,NYI,STL,2,1,2,1,REG,2.769,20,28,0,2.475,31,39,0
2021020883,2021,2022-03-05,PHI,CHI,4,3,4,3,REG,2.558,27,35,0,2.101,29,37,0
2021020884,2021,2022-03-05,WSH,SEA,5,2,5,2,REG,2.153,25,30,1,2.423,31,42,0
2021020885,2021,2022-03-05,CBJ,BOS,4,5,4,4,SO,1.855,23,37,0,2.251,31,44,0
2021020886,2021,2022-03-05,COL,CGY,3,4,3,3,OT,2.378,36,44,0,2.314,36,52,0
2021020887,2021,2022-03-05,EDM,MTL,2,5,2,5,REG,2.826,30,42,0,3.102,29,38,1
2021020888,2021,2022-03-05,ARI,OTT,8,5,8,5,REG,3.363,31,41,0,3.944,46,60,0
2021020889,2021,2022-03-05,SJS,NSH,0,8,0,8,REG,2.182,20,30,0,3.505,36,50,0
2021020890,2021,2022-03-06,BUF,LAK,0,3,0,3,REG,1.924,19,33,0,2.054,32,43,2
2021020891,2021,2022-03-06,NJD,STL,3,2,2,2,OT,3.519,32,50,0,1.935,21,34,0
2021020892,2021,2022-03-06,CAR,SEA,3,2,3,2,REG,3.145,33,46,0,2.374,30,41,0
2021020893,2021,2022-03-06,CHI,TBL,3,6,3,6,REG,2.698,27,34,0,2.662,32,42,0
2021020894,2021,2022-03-06,MIN,DAL,3,6,3,6,REG,3.453,35,54,0,2.117,26,40,2
2021020895,2021,2022-03-06,WPG,NYR,1,4,1,4,REG,4.361,46,58,0,1.680,22,31,0
2021020896,2021,2022-03-06,VGK,OTT,2,1,2,1,REG,2.604,42,51,0,3.097,40,50,0
2021020897,2021,2022-03-06,ANA,SJS,3,2,2,2,OT,3.227,35,53,0,1.727,22,29,0
2021020532,2021,2022-03-07,CGY,EDM,3,1,3,1,REG,2.653,29,41,0,1.690,28,33,0
2021020898,2021,2022-03-07,BOS,LAK,2,3,2,2,OT,2.477,31,43,0,2.517,26,40,0
2021020899,2021,2022-03-07,BUF,FLA,1,6,1,6,REG,2.520,30,43,0,2.810,31,35,0
2021020900,2021,2022-03-07,NYI,COL,4,5,4,5,REG,3.086,36,46,0,3.760,49,62,0
2021020901,2021,2022-03-07,CBJ,TOR,4,5,4,5,REG,3.415,35,47,0,4.046,33,49,0
2021020902,2021,2022-03-08,TOR,SEA,6,4,6,4,REG,3.307,32,50,1,2.050,30,36,0
2021020903,2021,2022-03-08,DET,ARI,2,9,2,9,REG,2.748,28,37,0,2.642,30,34,0
2021020904,2021,2022-03-08,NJD,COL,5,3,5,3,REG,4.286,43,58,1,3.301,26,39,0
2021020905,2021,2022-03-08,PHI,VGK,2,1,2,1,REG,1.400,21,29,0,5.241,48,65,0
2021020906,2021,2022-03-08,PIT,FLA,3,4,3,4,REG,2.821,35,48,0,2.747,29,35,0
2021020907,2021,2022-03-08,CHI,ANA,8,3,8,3,REG,3.289,32,40,0,1.911,32,39,0
2021020908,2021,2022-03-08,STL,OTT,1,4,1,4,REG,2.055,23,34,0,2.877,28,44,1
2021020909,2021,2022-03-08,NSH,DAL,2,1,2,1,REG,2.578,31,49,0,1.988,23,33,0
2021020910,2021,2022-03-08,MIN,NYR,5,2,5,2,REG,3.221,28,40,0,2.015,25,37,0
2021020911,2021,2022-03-08,WPG,TBL,7,4,7,4,REG,3.296,33,51,2,2.923,24,32,0
2021020912,2021,2022-03-08,CGY,WSH,4,5,4,5,REG,2.915,35,48,0,2.650,27,44,1
2021020913,2021,2022-03-09,EDM,WSH,4,3,3,3,OT,4.488,39,51,0,2.774,31,47,0
2021020914,2021,2022-03-09,VAN,MTL,5,3,5,3,REG,3.529,33,54,1,2.358,25,37,0
2021020693,2021,2022-03-10,NYI,CBJ,6,0,6,0,REG,5.730,33,46,0,2.424,25,33,0
2021020915,2021,2022-03-10,BOS,CHI,4,3,4,3,REG,3.360,36,48,0,1.690,25,31,0
2021020916,2021,2022-03-10,BUF,VGK,3,1,3,1,REG,2.335,24,35,1,2.375,31,42,0
2021020917,2021,2022-03-10,TOR,ARI,4,5,4,4,OT,3.329,37,55,0,1.362,21,24,0
2021020918,2021,2022-03-10,OTT,SEA,4,3,3,3,OT,2.483,26,36,0,2.644,33,41,0
2021020919,2021,2022-03-10,DET,MIN,5,6,5,5,SO,2.458,34,49,0,2.096,34,41,0
2021020920,2021,2022-03-10,FLA,PHI,6,3,6,3,REG,3.639,37,50,1,3.181,37,44,0
2021020921,2021,2022-03-10,NJD,WPG,1,2,1,2,REG,4.348,34,53,0,2.547,30,40,0
2021020923,2021,2022-03-10,CAR,COL,2,0,2,0,REG,3.405,37,49,1,2.606,36,47,0
2021020924,2021,2022-03-10,STL,NYR,6,2,6,2,REG,3.530,35,44,0,2.833,29,40,0
2021020925,2021,2022-03-10,NSH,ANA,4,1,4,1,REG,2.354,30,46,1,2.478,28,42,0
2021020926,2021,2022-03-10,CGY,TBL,4,1,4,1,REG,3.264,32,44,0,2.986,31,43,0
2021020927,2021,2022-03-10,LAK,SJS,3,4,3,3,OT,3.509,36,47,0,3.569,29,45,0
2021020928,2021,2022-03-11,NYI,WPG,5,2,5,2,REG,3.078,38,47,1,3.744,29,42,0
2021020929,2021,2022-03-11,PIT,VGK,5,2,5,2,REG,3.165,33,41,1,2.877,42,51,0
2021020930,2021,2022-03-11,CBJ,MIN,3,2,2,2,SO,1.660,27,34,0,2.856,33,44,0
2021020931,2021,2022-03-11,VAN,WSH,3,4,3,3,OT,2.045,26,37,0,3.091,33,45,0
2021020932,2021,2022-03-12,BOS,ARI,3,2,3,2,REG,3.603,40,50,0,2.357,29,37,0
2021020933,2021,2022-03-12,MTL,SEA,3,4,3,3,SO,2.475,29,38,0,2.414,32,41,0
2021020934,2021,2022-03-12,OTT,CHI,3,6,3,6,REG,1.638,23,31,0,1.961,28,37,0
2021020935,2021,2022-03-12,NJD,ANA,2,1,1,1,SO,3.473,37,55,0,2.621,32,41,0
2021020936,2021,2022-03-12,CAR,PHI,3,1,3,1,REG,3.825,36,57,1,1.919,29,35,0
2021020937,2021,2022-03-12,NSH,STL,4,7,4,7,REG,2.908,35,47,0,2.850,35,44,2
2021020938,2021,2022-03-12,DAL,NYR,4,7,4,7,REG,3.333,33,45,0,2.206,29,36,1
2021020939,2021,2022-03-12,CGY,DET,3,0,3,0,REG,3.149,43,60,0,1.470,19,35,0
2021020940,2021,2022-03-12,EDM,TBL,4,1,4,1,REG,5.317,49,58,1,3.887,32,51,0
2021020941,2021,2022-03-12,SJS,LAK,5,0,5,0,REG,2.275,27,35,0,2.569,29,42,0
2021020942,2021,2022-03-13,BUF,TOR,5,2,5,2,REG,2.910,38,47,1,3.680,36,55,0
2021020943,2021,2022-03-13,NYI,ANA,4,3,4,3,REG,2.408,29,35,0,4.090,42,50,0
2021020944,2021,2022-03-13,PHI,MTL,3,4,3,3,OT,3.238,26,38,0,2.908,34,46,0
2021020945,2021,2022-03-13,PIT,CAR,4,2,4,2,REG,1.362,22,25,2,3.147,43,54,0
2021020946,2021,2022-03-13,CBJ,VGK,6,4,6,4,REG,3.523,38,44,1,3.186,27,39,0
2021020947,2021,2022-03-13,STL,WPG,3,4,3,3,OT,2.523,30,42,0,3.426,34,50,0
2021020948,2021,2022-03-13,MIN,NSH,2,6,2,6,REG,1.829,28,41,0,2.030,25,38,2
2021020949,2021,2022-03-13,COL,CGY,3,0,3,0,REG,2.042,32,50,1,2.996,46,58,0
2021020950,2021,2022-03-13,VAN,TBL,1,2,1,2,REG,3.108,36,45,0,3.223,31,43,0
2021020951,2021,2022-03-13,LAK,FLA,3,2,2,2,SO,2.726,31,48,0,3.094,27,35,0
2021020952,2021,2022-03-14,OTT,ARI,3,5,3,5,REG,4.330,43,65,0,1.686,15,22,1
2021020953,2021,2022-03-15,TOR,DAL,4,0,4,0,REG,4.418,40,57,1,3.363,35,49,0
2021020954,2021,2022-03-15,MTL,ARI,3,6,3,6,REG,2.652,39,46,0,1.610,19,22,1
2021020955,2021,2022-03-15,NYR,ANA,4,3,3,3,OT,2.533,37,47,0,2.575,23,33,0
2021020956,2021,2022-03-15,WSH,NYI,4,3,3,3,SO,2.522,25,38,0,1.694,31,42,0
2021020957,2021,2022-03-15,CHI,BOS,1,2,1,1,OT,1.313,20,23,0,4.197,46,62,0
2021020958,2021,2022-03-15,NSH,PIT,4,1,4,1,REG,2.063,25,38,1,3.376,36,48,0
2021020959,2021,2022-03-15,WPG,VGK,7,3,7,3,REG,2.616,23,32,0,3.320,38,58,0
2021020960,2021,2022-03-15,EDM,DET,7,5,7,5,REG,3.020,32,42,1,3.032,35,50,0
2021020961,2021,2022-03-15,VAN,NJD,6,3,6,3,REG,2.426,31,37,0,3.257,35,46,0
2021020962,2021,2022-03-15,LAK,COL,0,3,0,3,REG,2.670,23,35,0,2.501,27,34,0
2021020963,2021,2022-03-15,SJS,FLA,2,3,2,2,OT,2.299,26,33,0,3.358,32,51,0
2021020964,2021,2022-03-16,OTT,CBJ,1,4,1,4,REG,2.790,31,41,0,3.716,39,52,1
2021020965,2021,2022-03-16,MIN,BOS,4,2,4,2,REG,2.806,34,48,1,1.999,26,35,0
2021020966,2021,2022-03-16,CGY,NJD,6,3,6,3,REG,3.359,40,52,1,1.804,33,36,0
2021020967,2021,2022-03-16,SEA,TBL,1,4,1,4,REG,1.919,25,34,0,3.354,42,56,0
2021020328,2021,2022-03-17,NYR,NYI,1,2,1,2,REG,2.473,30,37,0,3.113,28,39,0
2021020968,2021,2022-03-17,TOR,CAR,3,2,3,2,REG,2.029,21,31,0,2.688,36,51,0
2021020969,2021,2022-03-17,MTL,DAL,3,4,3,3,OT,2.293,26,33,0,3.110,31,44,0
2021020970,2021,2022-03-17,PHI,NSH,5,4,5,4,REG,3.241,33,42,0,2.013,34,45,0
2021020971,2021,2022-03-17,CBJ,WSH,2,7,2,7,REG,3.773,41,53,0,2.618,34,44,1
2021020972,2021,2022-03-17,STL,PIT,2,3,2,2,SO,2.041,21,31,0,3.795,41,55,0
2021020973,2021,2022-03-17,EDM,BUF,6,1,6,1,REG,4.144,36,51,0,1.818,28,32,0
2021020974,2021,2022-03-17,VAN,DET,0,1,0,1,REG,3.831,43,55,0,2.814,35,41,0
2021020975,2021,2022-03-17,VGK,FLA,5,3,5,3,REG,3.496,33,48,1,3.382,36,45,0
2021020976,2021,2022-03-17,LAK,SJS,3,0,3,0,REG,2.574,27,43,1,2.906,29,38,0
2021020977,2021,2022-03-18,OTT,PHI,3,1,3,1,REG,2.739,36,47,1,2.398,29,40,0
2021020978,2021,2022-03-18,CAR,WSH,3,4,3,3,SO,2.212,19,36,0,2.952,36,49,0
2021020979,2021,2022-03-18,WPG,BOS,2,4,2,4,REG,3.359,29,40,0,3.529,45,59,1
2021020980,2021,2022-03-18,CGY,BUF,0,1,0,0,OT,2.430,24,41,0,1.937,29,34,0
2021020981,2021,2022-03-18,ANA,FLA,0,3,0,3,REG,1.407,17,26,0,4.211,42,66,0
2021020982,2021,2022-03-18,SJS,COL,3,5,3,5,REG,3.480,28,37,0,2.841,29,43,1
2021020983,2021,2022-03-19,MTL,OTT,5,1,5,1,REG,2.191,27,37,0,3.128,30,40,0
2021020984,2021,2022-03-19,TBL,NYR,1,2,1,2,REG,1.991,29,37,0,1.972,27,34,0
2021020985,2021,2022-03-19,NYI,DAL,4,2,4,2,REG,1.746,25,28,1,3.165,39,49,0
2021020986,2021,2022-03-19,CBJ,STL,5,4,5,4,REG,2.628,27,40,0,2.106,28,43,0
2021020987,2021,2022-03-19,NSH,TOR,6,3,6,3,REG,2.034,34,42,1,3.103,41,52,0
2021020988,2021,2022-03-19,MIN,CHI,3,1,3,1,REG,3.192,34,51,1,1.391,22,25,0
2021020989,2021,2022-03-19,EDM,NJD,6,3,6,3,REG,3.311,40,54,1,3.168,28,42,0
2021020990,2021,2022-03-19,VAN,CGY,2,5,2,5,REG,1.986,25,36,0,4.810,44,61,0
2021020991,2021,2022-03-19,ARI,PIT,1,4,1,4,REG,1.832,21,32,0,4.737,49,69,1
2021020992,2021,2022-03-19,VGK,LAK,5,1,5,1,REG,2.223,24,34,1,2.540,39,53,0
2021020993,2021,2022-03-19,SEA,DET,4,2,4,2,REG,3.972,42,56,1,1.572,23,31,0
2021020994,2021,2022-03-20,PHI,NYI,2,1,2,1,REG,2.668,37,48,0,2.031,27,38,0
2021020995,2021,2022-03-20,WSH,DAL,2,3,2,3,REG,3.362,38,54,0,2.777,23,37,0
2021020996,2021,2022-03-20,CAR,NYR,0,2,0,2,REG,5.667,44,71,0,2.167,18,29,1
2021020997,2021,2022-03-20,CHI,WPG,4,6,4,6,REG,4.052,36,45,0,2.491,32,42,1
2021020998,2021,2022-03-20,VAN,BUF,2,3,2,2,OT,2.878,32,39,0,2.625,28,38,0
2021020999,2021,2022-03-20,SJS,ARI,4,2,4,2,REG,2.623,29,49,1,2.680,25,33,0
2021020646,2021,2022-03-21,MTL,BOS,2,3,2,2,OT,2.109,28,38,0,3.961,45,58,0
2021021001,2021,2022-03-21,MIN,VGK,3,0,3,0,REG,2.432,36,48,1,2.123,28,39,0
2021021002,2021,2022-03-21,COL,EDM,3,2,2,2,OT,2.569,28,43,0,2.013,25,34,0
2021021003,2021,2022-03-21,ANA,NSH,3,6,3,6,REG,2.805,29,50,0,3.341,31,44,1
2021021004,2021,2022-03-22,DET,PHI,6,3,6,3,REG,2.446,31,38,2,2.174,33,36,0
2021021005,2021,2022-03-22,NJD,NYR,7,4,7,4,REG,3.220,31,38,0,3.110,35,42,0
2021021007,2021,2022-03-22,PIT,CBJ,5,1,5,1,REG,3.874,37,44,0,2.379,27,38,0
2021021008,2021,2022-03-22,WSH,STL,2,5,2,5,REG,1.853,21,33,0,3.164,38,50,1
2021021009,2021,2022-03-22,CAR,TBL,3,2,3,2,REG,4.242,41,59,0,3.086,29,42,0
2021021010,2021,2022-03-22,DAL,EDM,5,3,5,3,REG,3.103,28,38,1,3.456,25,44,0
2021021011,2021,2022-03-22,WPG,VGK,4,0,4,0,REG,2.512,26,40,0,3.995,42,55,0
2021021012,2021,2022-03-22,CGY,SJS,3,4,3,4,REG,3.574,31,51,0,3.490,38,48,0
2021021013,2021,2022-03-22,LAK,NSH,6,1,6,1,REG,3.239,35,50,1,2.711,25,43,0
2021021017,2021,2022-03-22,ARI,SEA,2,4,2,4,REG,2.682,26,36,0,2.892,39,55,0
2021021021,2021,2022-03-22,NYI,OTT,3,0,3,0,REG,2.425,27,35,1,2.266,24,29,0
2021021014,2021,2022-03-23,BUF,PIT,4,3,3,3,SO,2.719,32,42,0,2.037,24,35,0
2021021015,2021,2022-03-23,TOR,NJD,3,2,3,2,REG,2.984,31,44,0,1.807,22,33,0
2021021016,2021,2022-03-23,COL,VAN,1,3,1,3,REG,3.210,33,43,0,2.520,27,39,1
2021021018,2021,2022-03-23,ANA,CHI,2,4,2,4,REG,2.549,29,39,0,3.066,28,37,1
2021020545,2021,2022-03-24,NYI,DET,5,2,5,2,REG,2.454,26,38,0,3.220,39,50,0
2021020675,2021,2022-03-24,WPG,OTT,2,5,2,5,REG,1.740,24,30,0,3.004,33,43,1
2021021019,2021,2022-03-24,BOS,TBL,3,2,3,2,REG,2.807,39,50,0,2.197,24,33,0
2021021020,2021,2022-03-24,MTL,FLA,3,4,3,4,REG,3.119,31,40,0,3.510,42,52,0
2021021022,2021,2022-03-24,CAR,DAL,3,4,3,3,SO,3.992,43,65,0,1.387,15,19,0
2021021023,2021,2022-03-24,STL,PHI,2,5,2,5,REG,3.494,28,44,0,2.423,27,36,1
2021021024,2021,2022-03-24,MIN,VAN,3,2,2,2,OT,2.270,35,42,0,1.382,28,36,0
2021021025,2021,2022-03-24,EDM,SJS,5,2,5,2,REG,4.615,41,56,1,2.667,30,38,0
2021021026,2021,2022-03-24,VGK,NSH,6,1,6,1,REG,3.695,50,64,0,3.164,36,50,0
2021021027,2021,2022-03-24,LAK,CHI,3,4,3,3,SO,3.930,44,60,0,3.433,28,38,0
2021021028,2021,2022-03-25,BUF,WSH,3,4,3,3,SO,1.672,18,30,0,2.617,33,48,0
2021021029,2021,2022-03-25,NYR,PIT,5,1,5,1,REG,3.194,33,43,0,1.819,21,32,0
2021021030,2021,2022-03-25,WPG,CBJ,4,3,3,3,OT,3.237,32,45,0,2.948,35,42,0
2021021031,2021,2022-03-25,COL,PHI,6,3,6,3,REG,3.590,51,65,0,2.050,31,32,0
2021021032,2021,2022-03-25,CGY,ARI,4,2,4,2,REG,3.068,33,46,0,1.384,18,27,0
2021021034,2021,2022-03-26,BOS,NYI,6,3,6,3,REG,4.891,44,63,0,2.638,27,33,0
2021021035,2021,2022-03-26,MTL,TOR,4,2,4,2,REG,1.781,18,25,1,5.067,51,61,0
2021021036,2021,2022-03-26,OTT,FLA,3,4,3,3,SO,2.451,19,33,0,4.116,46,59,0
2021021037,2021,2022-03-26,DET,TBL,1,2,1,1,OT,3.172,27,39,0,3.640,32,43,0
2021021038,2021,2022-03-26,WSH,NJD,4,3,4,3,REG,2.293,22,38,0,3.834,38,59,0
2021021039,2021,2022-03-26,STL,CAR,2,7,2,7,REG,2.822,32,47,0,2.053,28,35,2
2021021040,2021,2022-03-26,DAL,VAN,1,4,1,4,REG,3.168,36,49,0,2.626,31,51,1
2021021041,2021,2022-03-26,MIN,CBJ,3,2,2,2,OT,4.000,36,51,0,1.793,24,35,0
2021021042,2021,2022-03-26,CGY,EDM,9,5,9,5,REG,4.746,38,61,0,3.617,31,44,0
2021021043,2021,2022-03-26,VGK,CHI,5,4,4,4,OT,2.826,31,47,0,2.716,32,41,0
2021021044,2021,2022-03-26,LAK,SEA,4,2,4,2,REG,3.361,27,46,0,2.533,25,36,0
2021021045,2021,2022-03-26,SJS,ANA,4,1,4,1,REG,1.849,24,38,0,1.831,28,37,0
2021021046,2021,2022-03-27,TOR,FLA,5,2,5,2,REG,1.974,25,35,1,2.416,36,44,0
2021021047,2021,2022-03-27,NJD,MTL,3,2,2,2,SO,3.472,32,42,0,3.995,31,42,0
2021021048,2021,2022-03-27,NYI,TBL,1,4,1,4,REG,3.284,24,39,0,3.559,34,48,0
2021021049,2021,2022-03-27,NYR,BUF,5,4,4,4,OT,3.210,28,47,0,1.705,17,22,0
2021021050,2021,2022-03-27,PIT,DET,11,2,11,2,REG,3.870,35,47,0,3.396,35,49,0
2021021051,2021,2022-03-27,NSH,PHI,5,4,5,4,REG,3.657,35,56,0,1.913,23,33,0
2021021052,2021,2022-03-27,MIN,COL,3,2,2,2,OT,2.214,28,44,0,2.821,42,50,0
2021021053,2021,2022-03-27,WPG,ARI,2,1,1,1,OT,3.406,33,53,0,1.906,24,33,0
2021021054,2021,2022-03-28,WSH,CAR,1,6,1,6,REG,2.786,26,39,0,2.863,29,41,0
2021021055,2021,2022-03-28,CHI,BUF,5,6,5,6,REG,1.546,21,25,0,2.992,37,47,0
2021021056,2021,2022-03-28,STL,VAN,4,1,4,1,REG,2.771,29,42,1,3.687,36,52,0
2021021057,2021,2022-03-28,EDM,ARI,6,1,6,1,REG,4.814,42,57,0,2.588,32,41,0
2021021058,2021,2022-03-28,LAK,SEA,1,6,1,6,REG,3.083,37,49,0,3.432,38,47,0
2021021059,2021,2022-03-29,BOS,TOR,4,6,4,6,REG,2.206,30,43,0,2.581,32,47,0
2021021060,2021,2022-03-29,TBL,CAR,4,3,3,3,OT,3.283,31,42,0,2.036,19,30,0
2021021061,2021,2022-03-29,FLA,MTL,7,4,7,4,REG,5.954,46,62,1,2.947,24,29,0
2021021062,2021,2022-03-29,PIT,NYR,2,3,2,3,REG,2.597,24,35,0,2.022,26,39,0
2021021063,2021,2022-03-29,CBJ,NYI,3,4,3,4,REG,3.567,45,56,0,2.430,29,40,0
2021021064,2021,2022-03-29,NSH,OTT,4,1,4,1,REG,2.371,32,42,1,3.373,37,47,0
2021021065,2021,2022-03-29,MIN,PHI,4,1,4,1,REG,3.058,37,46,0,2.976,33,41,0
2021021066,2021,2022-03-29,CGY,COL,1,2,1,2,REG,3.085,45,61,0,2.065,30,37,0
2021021067,2021,2022-03-29,ANA,DAL,2,3,2,3,REG,2.761,28,39,0,4.177,32,51,0
2021021068,2021,2022-03-30,BUF,WPG,2,3,2,2,SO,3.286,31,46,0,2.525,26,35,0
2021021069,2021,2022-03-30,DET,NYR,4,5,4,4,OT,1.650,24,31,0,3.426,33,43,0
2021021070,2021,2022-03-30,EDM,LAK,4,3,3,3,SO,2.889,31,42,0,3.145,39,48,0
2021021071,2021,2022-03-30,VAN,STL,3,4,3,4,REG,2.436,25,39,0,3.310,24,31,0
2021021072,2021,2022-03-30,ARI,SJS,5,2,5,2,REG,2.528,24,33,1,3.742,41,56,0
2021021073,2021,2022-03-30,SEA,VGK,0,3,0,3,REG,1.915,22,30,0,3.745,30,50,1
2021021074,2021,2022-03-31,BOS,NJD,8,1,8,1,REG,3.194,40,51,0,2.387,26,37,0
2021021075,2021,2022-03-31,TOR,WPG,7,3,7,3,REG,4.388,38,50,1,2.225,23,34,0
2021021076,2021,2022-03-31,FLA,CHI,4,0,4,0,REG,4.051,44,53,0,3.830,37,57,0
2021021077,2021,2022-03-31,NYI,CBJ,5,2,5,2,REG,3.778,36,48,1,2.503,32,43,0
2021021078,2021,2022-03-31,CAR,MTL,4,0,4,0,REG,4.258,44,61,1,2.955,32,39,0
2021021079,2021,2022-03-31,MIN,PIT,3,4,3,3,OT,3.103,29,51,0,1.897,32,43,0
2021021080,2021,2022-03-31,COL,SJS,4,2,4,2,REG,4.004,46,62,0,1.718,27,33,0
2021021081,2021,2022-03-31,CGY,LAK,2,3,2,2,SO,2.701,28,43,0,2.759,26,40,0
2021021082,2021,2022-03-31,ANA,DAL,2,3,2,2,OT,1.946,22,31,0,2.585,33,46,0
2021021083,2021,2022-04-01,BUF,NSH,4,3,4,3,REG,2.501,35,44,0,2.131,25,33,0
2021021084,2021,2022-04-01,DET,OTT,2,5,2,5,REG,2.848,29,35,0,2.267,32,43,1
2021021085,2021,2022-04-01,TBL,CHI,5,2,5,2,REG,3.775,43,56,1,1.842,23,31,0
2021021086,2021,2022-04-01,NYR,NYI,0,3,0,3,REG,2.197,27,39,0,2.126,18,26,0
2021021087,2021,2022-04-01,EDM,STL,6,5,5,5,OT,3.544,39,49,0,4.105,35,43,0
2021021088,2021,2022-04-01,ARI,ANA,0,5,0,5,REG,1.591,22,40,0,2.885,37,48,0
2021021089,2021,2022-04-01,SEA,VGK,2,5,2,5,REG,2.659,28,42,0,2.489,26,33,2
2021021090,2021,2022-04-02,BOS,CBJ,5,2,5,2,REG,3.799,42,54,2,3.088,24,34,0
2021021091,2021,2022-04-02,TBL,MTL,4,5,4,4,SO,4.236,38,54,0,2.677,30,40,0
2021021092,2021,2022-04-02,NJD,FLA,6,7,6,6,OT,2.098,30,36,0,2.951,39,48,0
2021021093,2021,2022-04-02,PHI,TOR,3,6,3,6,REG,2.630,32,40,0,2.676,28,38,0
2021021094,2021,2022-04-02,CAR,MIN,1,3,1,3,REG,2.690,38,53,0,2.395,19,34,0
2021021096,2021,2022-04-02,WPG,LAK,2,3,2,3,REG,3.009,27,39,0,2.974,38,47,0
2021021097,2021,2022-04-02,COL,PIT,3,2,3,2,REG,2.688,38,47,0,2.511,40,50,0
2021021098,2021,2022-04-02,CGY,STL,4,6,4,6,REG,4.195,43,56,0,3.006,25,34,2
2021021099,2021,2022-04-02,SJS,DAL,4,5,4,5,REG,2.595,28,43,0,2.825,29,43,0
2021021100,2021,2022-04-03,BUF,FLA,3,5,3,5,REG,2.303,29,40,0,3.181,40,51,0
2021021101,2021,2022-04-03,OTT,DET,5,2,5,2,REG,2.639,36,48,2,2.327,32,41,0
2021021102,2021,2022-04-03,NJD,NYI,3,4,3,4,REG,4.196,30,51,0,2.502,29,37,0
2021021103,2021,2022-04-03,NYR,PHI,3,4,3,3,SO,3.686,42,60,0,1.857,22,28,0
2021021104,2021,2022-04-03,WSH,MIN,1,5,1,5,REG,2.125,26,36,0,1.823,19,30,1
2021021105,2021,2022-04-03,CHI,ARI,2,3,2,2,OT,2.440,29,42,0,2.387,29,39,0
2021021106,2021,2022-04-03,VAN,VGK,2,3,2,2,OT,2.633,27,40,0,1.860,26,35,0
2021021107,2021,2022-04-03,ANA,EDM,1,6,1,6,REG,2.641,32,45,0,3.995,46,63,0
2021021108,2021,2022-04-03,SEA,DAL,4,1,4,1,REG,3.143,29,42,1,2.750,30,46,0
2021021109,2021,2022-04-04,TBL,TOR,2,6,2,6,REG,3.400,34,50,0,3.650,39,49,0
2021021110,2021,2022-04-04,CBJ,BOS,2,3,2,2,OT,2.329,22,34,0,2.604,34,41,0
2021021111,2021,2022-04-04,STL,ARI,5,1,5,1,REG,3.258,29,42,0,1.769,22,31,0
2021021112,2021,2022-04-04,LAK,CGY,2,3,2,3,REG,3.148,29,49,0,3.279,33,53,0
2021021113,2021,2022-04-05,BUF,CAR,4,2,4,2,REG,2.297,22,32,0,3.336,34,50,0
2021021114,2021,2022-04-05,MTL,OTT,3,6,3,6,REG,2.371,30,40,0,3.037,32,41,1
2021021115,2021,2022-04-05,DET,BOS,5,3,5,3,REG,2.495,29,39,1,4.393,50,63,0
2021021116,2021,2022-04-05,FLA,TOR,7,6,6,6,OT,4.646,46,60,0,4.076,35,56,0
2021021117,2021,2022-04-05,NJD,NYR,1,3,1,3,REG,1.887,21,34,0,2.189,17,30,0
2021021118,2021,2022-04-05,PHI,CBJ,2,4,2,4,REG,3.493,49,58,0,2.114,30,43,1
2021021119,2021,2022-04-05,PIT,COL,4,6,4,6,REG,3.577,46,56,0,2.288,32,43,1
2021021120,2021,2022-04-05,NSH,MIN,6,2,6,2,REG,2.501,33,47,1,4.388,49,59,0
2021021121,2021,2022-04-05,DAL,NYI,3,2,3,2,REG,3.401,40,50,0,2.056,21,31,0
2021021122,2021,2022-04-05,SJS,EDM,1,2,1,1,OT,2.328,31,47,0,1.436,22,36,0
2021021123,2021,2022-04-06,WSH,TBL,4,3,4,3,REG,3.447,28,43,0,2.463,28,36,0
2021021124,2021,2022-04-06,STL,SEA,4,1,4,1,REG,3.270,36,45,1,3.053,29,48,0
2021021125,2021,2022-04-06,WPG,DET,1,3,1,3,REG,3.501,33,49,0,3.952,35,44,1
2021021126,2021,2022-04-06,VGK,VAN,1,5,1,5,REG,3.657,34,43,0,2.566,31,37,0
2021021127,2021,2022-04-06,ANA,CGY,2,4,2,4,REG,2.774,28,40,0,2.882,28,42,1
2021020250,2021,2022-04-07,OTT,NSH,2,3,2,3,REG,3.500,29,46,0,3.158,34,45,0
2021020512,2021,2022-04-07,NJD,MTL,4,7,4,7,REG,3.540,37,51,0,2.260,26,37,0
2021021129,2021,2022-04-07,NYR,PIT,3,0,3,0,REG,1.315,24,30,1,3.053,30,43,0
2021021130,2021,2022-04-07,CAR,BUF,5,3,5,3,REG,3.144,32,48,1,2.403,21,34,0
2021021131,2021,2022-04-07,CBJ,PHI,1,4,1,4,REG,1.795,27,35,0,3.290,31,47,0
2021021132,2021,2022-04-07,CHI,SEA,0,2,0,2,REG,2.519,29,42,0,2.378,31,36,0
2021021133,2021,2022-04-07,DAL,TOR,3,4,3,3,OT,1.498,17,25,0,2.452,38,43,0
2021021134,2021,2022-04-07,ARI,VAN,1,5,1,5,REG,2.660,28,38,0,3.777,32,45,0
2021021135,2021,2022-04-07,LAK,EDM,2,3,2,3,REG,3.167,33,43,0,2.971,30,38,0
2021021136,2021,2022-04-07,SJS,CGY,2,4,2,4,REG,2.472,33,44,0,3.643,41,61,1
2021021137,2021,2022-04-08,TBL,BOS,1,2,1,1,OT,2.670,28,39,0,2.612,36,40,0
2021021138,2021,2022-04-08,FLA,BUF,4,3,4,3,REG,3.689,43,53,0,1.753,22,33,0
2021021139,2021,2022-04-08,CAR,NYI,1,2,1,2,REG,2.046,21,39,0,2.032,21,29,0
2021021140,2021,2022-04-08,STL,MIN,4,3,3,3,OT,1.884,27,32,0,2.771,38,45,0
2021021141,2021,2022-04-08,WPG,COL,4,5,4,4,OT,4.198,42,53,0,3.265,33,45,0
2021021142,2021,2022-04-09,TOR,MTL,3,2,3,2,REG,3.884,40,58,0,2.275,26,33,0
2021021143,2021,2022-04-09,DET,CBJ,4,5,4,4,OT,2.503,35,40,0,2.414,29,45,0
2021021144,2021,2022-04-09,NYR,OTT,5,1,5,1,REG,3.668,33,49,0,1.964,22,31,0
2021021145,2021,2022-04-09,PHI,ANA,3,5,3,5,REG,2.316,33,42,0,2.788,34,48,0
2021021146,2021,2022-04-09,PIT,WSH,3,6,3,6,REG,3.442,32,54,0,3.156,45,55,2
2021021147,2021,2022-04-09,STL,NYI,6,1,6,1,REG,3.769,31,47,0,2.829,31,48,0
2021021148,2021,2022-04-09,NSH,FLA,1,4,1,4,REG,2.425,25,40,0,2.499,25,35,2
2021021149,2021,2022-04-09,DAL,NJD,1,3,1,3,REG,2.641,28,45,0,2.104,23,33,0
2021021151,2021,2022-04-09,EDM,COL,1,2,1,1,SO,2.549,39,47,0,2.999,34,52,0
2021021152,2021,2022-04-09,VAN,SJS,4,2,4,2,REG,4.285,39,53,1,3.979,37,47,0
2021021153,2021,2022-04-09,VGK,ARI,6,1,6,1,REG,3.314,39,51,0,2.562,30,40,0
2021021154,2021,2022-04-09,SEA,CGY,1,4,1,4,REG,2.318,28,36,0,2.786,29,43,1
2021021150,2021,2022-04-10,MIN,LAK,6,3,6,3,REG,2.575,33,39,0,2.988,34,50,0
2021021155,2021,2022-04-10,OTT,WPG,3,4,3,4,REG,3.903,34,44,0,2.491,25,37,0
2021021156,2021,2022-04-10,TBL,BUF,5,0,5,0,REG,3.075,28,39,0,2.582,28,41,0
2021021157,2021,2022-04-10,PIT,NSH,3,2,2,2,OT,2.503,28,43,0,2.949,35,46,0
2021021158,2021,2022-04-10,WSH,BOS,4,2,4,2,REG,3.347,33,47,1,3.650,30,46,0
2021021159,2021,2022-04-10,CAR,ANA,5,2,5,2,REG,4.369,43,66,1,1.399,25,31,0
2021021160,2021,2022-04-10,CHI,DAL,4,6,4,6,REG,2.499,40,50,0,2.880,30,41,0
2021021162,2021,2022-04-11,MTL,WPG,2,4,2,4,REG,2.359,25,35,0,2.351,35,43,1
2021020922,2021,2022-04-12,NYI,PIT,5,4,4,4,SO,2.020,35,41,0,3.965,44,51,0
2021021163,2021,2022-04-12,MIN,EDM,5,1,5,1,REG,2.460,23,30,0,1.721,28,40,0
2021021164,2021,2022-04-12,BOS,STL,2,4,2,4,REG,2.453,41,51,0,2.546,30,35,0
2021021165,2021,2022-04-12,TOR,BUF,2,5,2,5,REG,2.798,26,32,0,2.049,28,40,1
2021021166,2021,2022-04-12,DET,OTT,1,4,1,4,REG,2.209,25,32,0,2.984,32,44,2
2021021167,2021,2022-04-12,FLA,ANA,3,2,2,2,OT,4.749,50,69,0,1.807,23,31,0
2021021168,2021,2022-04-12,NYR,CAR,2,4,2,4,REG,2.989,30,42,0,1.902,25,38,1
2021021170,2021,2022-04-12,WSH,PHI,9,2,9,2,REG,3.196,37,49,0,1.835,21,29,0
2021021173,2021,2022-04-12,DAL,TBL,1,0,1,0,REG,3.238,29,41,0,3.215,25,35,0
2021021174,2021,2022-04-12,CGY,SEA,5,3,5,3,REG,2.876,31,39,1,2.639,22,34,0
2021021175,2021,2022-04-12,VAN,VGK,5,4,4,4,OT,2.994,25,33,0,2.902,45,57,0
2021021176,2021,2022-04-12,ARI,NJD,2,6,2,6,REG,2.045,21,38,0,4.154,38,52,0
2021021187,2021,2022-04-12,CHI,LAK,2,5,2,5,REG,2.309,20,30,0,2.202,36,44,1
2021021188,2021,2022-04-12,NSH,SJS,1,0,0,0,OT,3.030,40,58,0,1.676,22,32,0
2021021177,2021,2022-04-13,PHI,NYR,0,4,0,4,REG,2.162,28,39,0,2.782,34,44,1
2021021178,2021,2022-04-13,CBJ,MTL,5,1,5,1,REG,2.740,31,47,0,2.172,21,34,0
2021021180,2021,2022-04-13,COL,LAK,9,3,9,3,REG,2.747,35,50,0,2.129,32,46,0
2021021171,2021,2022-04-14,CHI,SJS,5,4,4,4,SO,2.789,28,41,0,2.404,36,43,0
2021021172,2021,2022-04-14,NSH,EDM,0,4,0,4,REG,2.757,30,42,0,2.534,32,40,0
2021021181,2021,2022-04-14,BOS,OTT,2,3,2,3,REG,3.090,42,56,0,3.284,32,41,0
2021021182,2021,2022-04-14,BUF,STL,2,6,2,6,REG,4.237,37,56,0,2.884,28,37,1
2021021183,2021,2022-04-14,TOR,WSH,7,3,7,3,REG,3.553,32,50,0,2.328,25,34,0
2021021184,2021,2022-04-14,TBL,ANA,4,3,3,3,OT,3.113,29,42,0,2.610,24,37,0
2021021185,2021,2022-04-14,PIT,NYI,6,3,6,3,REG,2.474,28,37,2,2.723,39,49,0
2021021186,2021,2022-04-14,CAR,DET,0,3,0,3,REG,5.004,46,74,0,2.178,22,30,0
2021021189,2021,2022-04-14,DAL,MIN,2,3,2,2,OT,3.137,36,49,0,2.094,26,37,0
2021021190,2021,2022-04-14,COL,NJD,3,1,3,1,REG,2.356,30,42,0,2.160,27,45,0
2021021191,2021,2022-04-14,CGY,VGK,1,6,1,6,REG,3.680,36,51,0,3.258,25,30,0
2021021192,2021,2022-04-14,VAN,ARI,7,1,7,1,REG,3.436,27,40,0,2.532,22,32,0
2021021193,2021,2022-04-15,MTL,NYI,0,3,0,3,REG,3.304,44,59,0,1.639,20,26,1
2021021194,2021,2022-04-15,FLA,WPG,6,1,6,1,REG,4.294,43,50,0,3.151,31,40,0
2021021195,2021,2022-04-16,EDM,VGK,4,0,4,0,REG,3.288,36,48,0,2.770,39,51,0
2021021196,2021,2022-04-16,BOS,PIT,2,1,2,1,REG,1.870,29,35,0,1.439,24,35,0
2021021197,2021,2022-04-16,BUF,PHI,4,3,4,3,REG,2.543,29,39,0,1.833,21,29,0
2021021198,2021,2022-04-16,MTL,WSH,4,8,4,8,REG,3.070,32,43,0,4.917,41,60,0
2021021199,2021,2022-04-16,OTT,TOR,4,5,4,4,OT,1.845,27,39,0,3.167,39,51,0
2021021200,2021,2022-04-16,TBL,WPG,7,4,7,4,REG,3.363,37,44,0,1.702,18,25,0
2021021201,2021,2022-04-16,NYR,DET,4,0,4,0,REG,3.070,37,53,0,1.294,20,28,0
2021021202,2021,2022-04-16,STL,MIN,6,5,5,5,OT,2.954,29,39,0,3.291,36,46,0
2021021203,2021,2022-04-16,NSH,CHI,4,3,4,3,REG,2.938,34,48,0,2.098,31,34,0
2021021204,2021,2022-04-16,DAL,SJS,2,1,2,1,REG,2.723,26,40,0,1.873,24,37,0
2021021205,2021,2022-04-16,COL,CAR,7,4,7,4,REG,4.173,37,47,0,2.481,33,45,0
2021021206,2021,2022-04-16,CGY,ARI,9,1,9,1,REG,3.476,41,57,0,2.665,26,36,0
2021021208,2021,2022-04-16,LAK,CBJ,2,1,2,1,REG,4.453,38,55,0,2.986,22,36,0
2021021209,2021,2022-04-16,SEA,NJD,4,3,3,3,SO,1.940,24,38,0,2.724,25,42,0
2021020723,2021,2022-04-17,TOR,NYI,4,2,4,2,REG,3.409,37,52,1,2.085,29,40,0
2021021210,2021,2022-04-17,DET,FLA,1,6,1,6,REG,3.012,34,43,0,4.374,39,53,0
2021021212,2021,2022-04-17,PHI,BUF,3,5,3,5,REG,3.900,35,45,0,3.978,40,54,1
2021021213,2021,2022-04-17,NSH,STL,3,8,3,8,REG,3.090,36,53,0,2.932,33,40,0
2021021214,2021,2022-04-17,MIN,SJS,5,4,4,4,OT,2.351,27,39,0,1.983,30,41,0
2021021215,2021,2022-04-17,ANA,CBJ,6,4,6,4,REG,2.666,32,41,1,2.979,35,48,0
2021020436,2021,2022-04-18,CHI,CGY,2,5,2,5,REG,1.595,24,30,0,2.307,35,41,2
2021020611,2021,2022-04-18,SEA,OTT,4,2,4,2,REG,2.537,29,37,1,1.790,14,27,0
2021021216,2021,2022-04-18,COL,WSH,2,3,2,3,REG,2.761,26,35,0,1.950,27,37,0
2021021217,2021,2022-04-18,VAN,DAL,6,2,6,2,REG,2.688,31,48,1,2.091,30,37,0
2021021218,2021,2022-04-18,ARI,CAR,3,5,3,5,REG,2.206,26,36,0,4.117,51,66,0
2021021219,2021,2022-04-18,VGK,NJD,2,3,2,3,REG,4.707,44,67,0,2.051,28,34,0
2021020443,2021,2022-04-19,NSH,CGY,3,2,2,2,SO,2.170,25,40,0,1.659,19,26,0
2021020625,2021,2022-04-19,VAN,OTT,3,4,3,3,SO,5.053,34,54,0,3.790,31,37,0
2021021220,2021,2022-04-19,TOR,PHI,5,2,5,2,REG,2.289,29,41,1,2.402,39,47,0
2021021221,2021,2022-04-19,MTL,MIN,0,2,0,2,REG,2.318,26,36,0,3.604,30,45,0
2021021222,2021,2022-04-19,TBL,DET,3,4,3,4,REG,4.968,41,58,0,3.370,31,45,0
2021021223,2021,2022-04-19,NYI,FLA,2,3,2,2,OT,3.217,26,37,0,4.734,41,56,0
2021021224,2021,2022-04-19,NYR,WPG,3,0,3,0,REG,2.259,34,42,1,2.531,31,40,0
2021021225,2021,2022-04-19,STL,BOS,2,3,2,2,OT,2.061,22,31,0,2.776,34,48,0
2021021226,2021,2022-04-19,ANA,LAK,1,2,1,2,REG,3.171,30,37,0,2.423,28,43,0
2021021227,2021,2022-04-19,SJS,CBJ,3,2,3,2,REG,2.800,28,34,0,2.307,24,41,0
2021021229,2021,2022-04-20,EDM,DAL,5,2,5,2,REG,4.179,50,64,1,2.443,36,42,0
2021021230,2021,2022-04-20,ARI,CHI,3,4,3,3,OT,2.498,33,45,0,3.620,36,52,0
2021021231,2021,2022-04-20,VGK,WSH,4,3,3,3,OT,2.220,29,41,0,2.288,28,37,0
2021021232,2021,2022-04-20,SEA,COL,3,2,3,2,REG,2.177,29,40,0,2.166,27,39,0
2021021233,2021,2022-04-21,MTL,PHI,3,6,3,6,REG,3.677,34,45,0,2.762,34,40,0
2021021234,2021,2022-04-21,TBL,TOR,8,1,8,1,REG,4.738,36,55,0,3.275,37,44,0
2021021235,2021,2022-04-21,FLA,DET,5,2,5,2,REG,2.962,27,36,0,2.486,30,35,0
2021021236,2021,2022-04-21,NJD,BUF,2,5,2,5,REG,3.223,31,47,0,2.398,28,34,0
2021021237,2021,2022-04-21,NYI,NYR,3,6,3,6,REG,3.003,29,40,0,2.274,23,29,0
2021021238,2021,2022-04-21,PIT,BOS,4,0,4,0,REG,2.887,32,47,1,3.135,52,64,0
2021021239,2021,2022-04-21,CAR,WPG,4,2,4,2,REG,4.674,46,68,1,2.537,22,31,0
2021021240,2021,2022-04-21,MIN,VAN,6,3,6,3,REG,2.439,32,42,1,2.502,24,38,0
2021021241,2021,2022-04-21,CGY,DAL,4,2,4,2,REG,3.291,37,53,1,2.345,23,34,0
2021021242,2021,2022-04-21,LAK,CHI,4,1,4,1,REG,3.513,36,53,0,1.701,16,22,0
2021021243,2021,2022-04-21,SJS,STL,1,3,1,3,REG,1.135,21,26,0,2.181,28,36,1
2021021244,2021,2022-04-22,CBJ,OTT,1,2,1,1,SO,2.200,30,39,0,2.904,24,39,0
2021021245,2021,2022-04-22,MIN,SEA,6,3,6,3,REG,3.702,35,41,0,1.696,28,37,0
2021021246,2021,2022-04-22,EDM,COL,6,3,6,3,REG,2.374,27,35,1,3.729,37,50,0
2021021247,2021,2022-04-22,ARI,WSH,0,2,0,2,REG,1.800,19,25,0,2.589,29,47,1
2021021248,2021,2022-04-23,BOS,NYR,3,1,3,1,REG,3.149,35,44,0,2.776,31,35,0
2021021249,2021,2022-04-23,BUF,NYI,5,3,5,3,REG,3.340,35,48,0,1.547,22,26,0
2021021250,2021,2022-04-23,OTT,MTL,6,4,6,4,REG,2.989,26,40,0,4.554,48,53,0
2021021251,2021,2022-04-23,DET,PIT,2,7,2,7,REG,1.872,25,31,0,3.674,38,50,0
2021021252,2021,2022-04-23,TBL,NSH,6,2,6,2,REG,3.754,39,53,0,2.605,21,34,0
2021021253,2021,2022-04-23,FLA,TOR,3,2,2,2,OT,2.570,33,39,0,3.789,35,48,0
2021021254,2021,2022-04-23,NJD,CAR,2,3,2,2,OT,1.832,19,27,0,2.775,27,43,0
2021021255,2021,2022-04-23,DAL,SEA,3,2,3,2,REG,2.781,31,42,0,2.478,32,50,0
2021021256,2021,2022-04-23,CGY,VAN,6,3,6,3,REG,2.733,31,49,1,2.292,31,40,0
2021021257,2021,2022-04-23,ARI,STL,4,5,4,4,OT,2.184,20,32,0,3.645,32,42,0
2021021258,2021,2022-04-23,LAK,ANA,4,2,4,2,REG,3.936,40,52,1,1.932,21,28,0
2021021259,2021,2022-04-23,SJS,CHI,4,1,4,1,REG,1.685,19,29,0,2.550,28,39,0
2021020471,2021,2022-04-24,MTL,BOS,3,5,3,5,REG,2.246,26,40,0,2.663,42,51,1
2021021260,2021,2022-04-24,FLA,TBL,4,8,4,8,REG,3.684,39,58,0,4.074,33,46,0
2021021261,2021,2022-04-24,NJD,DET,0,3,0,3,REG,2.848,17,33,0,2.912,24,34,2
2021021262,2021,2022-04-24,NYI,CAR,2,5,2,5,REG,2.032,26,37,0,2.389,34,48,2
2021021264,2021,2022-04-24,PHI,PIT,4,1,4,1,REG,2.863,43,49,1,2.990,38,52,0
2021021265,2021,2022-04-24,WSH,TOR,3,4,3,3,SO,2.306,33,45,0,2.241,28,38,0
2021021266,2021,2022-04-24,CBJ,EDM,5,2,5,2,REG,2.689,31,41,1,3.127,35,46,0
2021021267,2021,2022-04-24,NSH,MIN,4,5,4,4,OT,3.045,23,36,0,4.652,46,59,0
2021021268,2021,2022-04-24,WPG,COL,4,1,4,1,REG,4.405,44,63,0,2.784,31,48,0
2021021269,2021,2022-04-24,VGK,SJS,4,5,4,4,SO,3.332,40,51,0,2.089,28,45,0
2021021270,2021,2022-04-24,ANA,STL,3,6,3,6,REG,1.751,17,29,0,3.999,37,49,0
2021021271,2021,2022-04-25,CHI,PHI,3,1,3,1,REG,3.548,33,43,0,3.804,34,47,0
2021020829,2021,2022-04-26,TOR,DET,3,0,3,0,REG,3.484,36,55,0,1.416,20,27,0
2021021272,2021,2022-04-26,BOS,FLA,4,2,4,2,REG,3.566,38,54,1,1.974,21,33,0
2021021274,2021,2022-04-26,OTT,NJD,5,4,4,4,OT,3.287,31,40,0,2.881,41,47,0
2021021276,2021,2022-04-26,TBL,CBJ,4,1,4,1,REG,2.561,32,37,0,2.694,21,38,0
2021021277,2021,2022-04-26,NYR,CAR,3,4,3,4,REG,2.869,34,39,0,3.075,36,50,0
2021021278,2021,2022-04-26,PIT,EDM,1,5,1,5,REG,3.244,34,41,0,3.680,42,52,1
2021021279,2021,2022-04-26,WSH,NYI,1,4,1,4,REG,2.364,33,48,0,2.578,26,38,0
2021021280,2021,2022-04-26,NSH,CGY,4,5,4,4,OT,1.567,22,30,0,2.652,34,53,0
2021021281,2021,2022-04-26,DAL,VGK,3,2,2,2,SO,2.289,28,37,0,2.903,34,43,0
2021021282,2021,2022-04-26,MIN,ARI,3,5,3,5,REG,3.229,38,51,0,2.470,26,40,1
2021021283,2021,2022-04-26,COL,STL,5,3,5,3,REG,2.990,34,56,1,3.347,32,40,0
2021021284,2021,2022-04-26,VAN,SEA,5,2,5,2,REG,2.589,27,35,0,3.271,32,46,0
2021021285,2021,2022-04-26,SJS,ANA,2,5,2,5,REG,2.552,33,51,0,2.327,31,39,1
2021020505,2021,2022-04-27,NYR,MTL,3,4,3,4,REG,2.681,27,36,0,2.204,23,31,0
2021021286,2021,2022-04-27,CHI,VGK,4,3,3,3,SO,2.856,35,44,0,2.151,38,52,0
2021021287,2021,2022-04-27,DAL,ARI,3,4,3,3,OT,3.967,28,53,0,3.358,36,45,0
2021021288,2021,2022-04-27,WPG,PHI,4,0,4,0,REG,3.173,27,44,1,3.184,35,45,0
2021021289,2021,2022-04-27,SEA,LAK,3,5,3,5,REG,3.277,40,56,0,2.116,28,40,1
2021020513,2021,2022-04-28,NYI,WSH,5,1,5,1,REG,1.952,26,30,0,2.528,27,45,0
2021021290,2021,2022-04-28,BOS,BUF,5,0,5,0,REG,3.448,32,39,0,2.299,37,45,0
2021021291,2021,2022-04-28,OTT,FLA,0,4,0,4,REG,2.881,27,37,0,3.350,30,41,0
2021021294,2021,2022-04-28,CAR,NJD,6,3,6,3,REG,3.501,36,52,0,2.780,30,40,0
2021021295,2021,2022-04-28,MIN,CGY,3,2,2,2,OT,1.719,23,36,0,1.727,33,42,0
2021021296,2021,2022-04-28,COL,NSH,4,5,4,4,SO,3.388,43,55,0,2.693,34,44,0
2021021297,2021,2022-04-28,EDM,SJS,5,4,4,4,OT,4.330,29,48,0,4.443,44,60,0
2021021305,2021,2022-04-28,CBJ,TBL,5,2,5,2,REG,3.575,35,51,1,3.361,27,38,0
2021021310,2021,2022-04-28,VAN,LAK,3,2,2,2,OT,3.234,26,42,0,3.384,32,43,0
2021021169,2021,2022-04-29,PIT,CBJ,5,3,5,3,REG,4.065,50,65,0,3.768,36,49,0
2021021207,2021,2022-04-29,EDM,VAN,3,2,2,2,SO,3.109,31,42,0,3.916,38,55,0
2021021292,2021,2022-04-29,NYI,TBL,4,6,4,6,REG,4.257,38,51,0,4.662,34,48,1
2021021298,2021,2022-04-29,BUF,CHI,3,2,2,2,OT,2.483,31,47,0,1.804,21,28,0
2021021299,2021,2022-04-29,TOR,BOS,5,2,5,2,REG,2.289,27,32,1,2.130,26,38,0
2021021300,2021,2022-04-29,MTL,FLA,10,2,10,2,REG,3.984,37,46,0,2.993,39,51,0
2021021301,2021,2022-04-29,NJD,DET,3,5,3,5,REG,2.481,23,31,0,2.315,35,48,1
2021021302,2021,2022-04-29,NYR,WSH,3,2,3,2,REG,2.331,33,45,0,3.397,36,49,0
2021021303,2021,2022-04-29,PHI,OTT,2,4,2,4,REG,4.122,34,46,0,3.699,36,44,1
2021021306,2021,2022-04-29,STL,VGK,4,7,4,7,REG,2.331,18,33,0,3.748,45,61,1
2021021307,2021,2022-04-29,DAL,ANA,4,2,4,2,REG,2.212,19,33,1,1.709,21,32,0
2021021308,2021,2022-04-29,MIN,COL,4,1,4,1,REG,2.214,22,34,1,2.231,28,41,0
2021021309,2021,2022-04-29,WPG,CGY,3,1,3,1,REG,4.356,43,60,1,2.756,33,45,0
2021021311,2021,2022-04-29,ARI,NSH,5,4,5,4,REG,2.392,27,38,0,3.625,33,56,0
2021021312,2021,2022-04-29,SEA,SJS,3,0,3,0,REG,2.625,31,45,1,1.703,24,32,0
2021021179,2021,2022-05-01,WPG,SEA,4,3,4,3,REG,3.171,27,39,0,3.105,30,42,0
2022020001,2022,2022-10-07,NSH,SJS,4,1,4,1,REG,3.441,32,46,1,2.833,31,46,0
2022020002,2022,2022-10-08,SJS,NSH,2,3,2,3,REG,3.142,33,44,0,1.469,18,33,0
2022020003,2022,2022-10-11,NYR,TBL,3,1,3,1,REG,4.839,39,49,0,2.811,26,34,0
2022020004,2022,2022-10-11,LAK,VGK,3,4,3,4,REG,3.005,30,43,0,4.353,51,59,0
2022020005,2022,2022-10-12,WSH,BOS,2,5,2,5,REG,3.453,35,46,0,2.528,30,38,1
2022020006,2022,2022-10-12,CAR,CBJ,4,1,4,1,REG,3.334,43,74,0,2.508,32,42,0
2022020007,2022,2022-10-12,MTL,TOR,4,3,4,3,REG,2.399,23,35,0,3.698,32,40,0
2022020008,2022,2022-10-12,COL,CHI,5,2,5,2,REG,2.516,35,46,0,1.662,17,22,0
2022020009,2022,2022-10-12,ANA,SEA,5,4,4,4,OT,2.469,26,31,0,4.259,47,61,0
2022020010,2022,2022-10-12,EDM,VAN,5,3,5,3,REG,2.609,25,32,1,3.053,36,47,0
2022020011,2022,2022-10-13,PIT,ARI,6,2,6,2,REG,5.347,53,66,0,2.642,28,33,0
2022020012,2022,2022-10-13,PHI,NJD,5,2,5,2,REG,2.279,25,35,1,3.562,37,55,0
2022020013,2022,2022-10-13,BUF,OTT,4,1,4,1,REG,2.684,36,45,2,2.537,36,41,0
2022020014,2022,2022-10-13,NYI,FLA,1,3,1,3,REG,4.068,33,49,0,3.892,29,43,1
2022020015,2022,2022-10-13,TOR,WSH,3,2,3,2,REG,4.022,39,49,0,2.268,26,46,0
2022020016,2022,2022-10-13,NSH,DAL,1,4,1,4,REG,2.270,32,41,0,3.504,29,40,0
2022020017,2022,2022-10-13,MIN,NYR,3,7,3,7,REG,3.699,36,49,0,3.143,35,41,0
2022020018,2022,2022-10-13,CGY,COL,5,3,5,3,REG,2.908,27,37,0,2.679,25,39,0
2022020019,2022,2022-10-13,VGK,CHI,1,0,1,0,REG,3.365,37,52,0,1.984,27,34,0
2022020020,2022,2022-10-13,LAK,SEA,1,4,1,4,REG,2.566,27,39,0,2.372,22,33,1
2022020021,2022,2022-10-14,CBJ,TBL,2,5,2,5,REG,2.940,28,40,0,3.629,39,53,0
2022020022,2022,2022-10-14,DET,MTL,3,0,3,0,REG,4.018,40,49,2,1.617,29,31,0
2022020023,2022,2022-10-14,WPG,NYR,4,1,4,1,REG,3.652,34,47,1,3.861,41,57,0
2022020024,2022,2022-10-14,SJS,CAR,1,2,1,2,REG,1.740,19,24,0,3.078,35,46,0
2022020025,2022,2022-10-15,BUF,FLA,3,4,3,4,REG,2.094,27,33,0,4.541,37,54,0
2022020026,2022,2022-10-15,PHI,VAN,3,2,3,2,REG,2.113,31,42,0,2.612,30,41,0
2022020027,2022,2022-10-15,BOS,ARI,6,3,6,3,REG,4.337,43,54,1,2.267,24,33,0
2022020028,2022,2022-10-15,NJD,DET,2,5,2,5,REG,4.368,39,51,0,2.418,22,32,0
2022020029,2022,2022-10-15,WSH,MTL,3,1,3,1,REG,3.552,29,45,0,2.200,22,38,0
2022020030,2022,2022-10-15,TOR,OTT,3,2,3,2,REG,3.242,32,48,0,2.832,28,38,0
2022020031,2022,2022-10-15,PIT,TBL,6,2,6,2,REG,5.030,45,63,1,2.350,36,43,0
2022020032,2022,2022-10-15,NYI,ANA,7,1,7,1,REG,3.666,38,54,0,2.529,23,37,0
2022020033,2022,2022-10-15,STL,CBJ,5,2,5,2,REG,2.741,25,39,0,1.783,25,32,0
2022020034,2022,2022-10-15,MIN,LAK,6,7,6,7,REG,3.176,35,48,0,3.073,34,43,0
2022020035,2022,2022-10-15,DAL,NSH,5,1,5,1,REG,2.866,22,34,1,3.076,30,58,0
2022020036,2022,2022-10-15,EDM,CGY,3,4,3,4,REG,3.297,29,35,0,4.908,42,60,0
2022020037,2022,2022-10-15,SEA,VGK,2,5,2,5,REG,2.366,33,43,0,2.881,30,41,0
2022020038,2022,2022-10-15,SJS,CHI,2,5,2,5,REG,2.323,26,38,0,1.985,25,33,0
2022020039,2022,2022-10-17,NYR,ANA,6,4,6,4,REG,4.465,43,58,0,1.950,22,25,0
2022020040,2022,2022-10-17,TOR,ARI,2,4,2,4,REG,3.579,28,43,0,2.070,19,22,1
2022020041,2022,2022-10-17,BOS,FLA,5,3,5,3,REG,2.962,34,47,1,3.811,41,56,0
2022020042,2022,2022-10-17,MTL,PIT,3,2,2,2,OT,2.488,35,46,0,2.444,27,37,0
2022020043,2022,2022-10-17,WSH,VAN,6,4,6,4,REG,2.905,30,38,0,2.499,30,44,0
2022020044,2022,2022-10-17,DET,LAK,4,5,4,4,OT,3.039,32,43,0,3.517,35,47,0
2022020045,2022,2022-10-17,MIN,COL,3,6,3,6,REG,2.755,39,50,0,2.996,38,48,1
2022020046,2022,2022-10-17,DAL,WPG,4,1,4,1,REG,3.371,29,41,0,3.073,25,44,0
2022020047,2022,2022-10-17,SEA,CAR,1,5,1,5,REG,2.112,23,29,0,3.064,34,51,0
2022020048,2022,2022-10-18,NJD,ANA,4,2,4,2,REG,4.210,41,54,0,2.273,20,28,0
2022020049,2022,2022-10-18,OTT,BOS,7,5,7,5,REG,3.453,31,47,0,3.559,34,50,0
2022020050,2022,2022-10-18,CBJ,VAN,4,3,3,3,OT,2.746,30,40,0,2.072,33,36,0
2022020051,2022,2022-10-18,NYI,SJS,5,2,5,2,REG,3.601,46,59,1,2.601,28,36,0
2022020052,2022,2022-10-18,NSH,LAK,3,4,3,3,SO,2.552,26,36,0,4.166,33,44,0
2022020053,2022,2022-10-18,TBL,PHI,2,3,2,3,REG,4.019,38,55,0,2.497,24,33,0
2022020054,2022,2022-10-18,EDM,BUF,2,4,2,4,REG,5.755,48,66,0,2.585,24,34,1
2022020055,2022,2022-10-18,CGY,VGK,3,2,3,2,REG,3.727,40,53,0,1.926,21,33,0
2022020056,2022,2022-10-19,FLA,PHI,4,3,4,3,REG,3.404,36,51,0,2.593,33,39,0
2022020057,2022,2022-10-19,COL,WPG,3,4,3,3,OT,2.374,33,40,0,2.456,27,39,0
2022020058,2022,2022-10-19,SEA,STL,3,4,3,3,OT,3.780,34,52,0,2.691,27,34,0
2022020059,2022,2022-10-20,BOS,ANA,2,1,1,1,SO,2.475,32,41,0,1.327,26,32,0
2022020060,2022,2022-10-20,MTL,ARI,6,2,6,2,REG,2.156,30,36,1,2.331,27,37,0
2022020061,2022,2022-10-20,TOR,DAL,3,2,2,2,OT,3.572,40,44,0,2.640,27,43,0
2022020062,2022,2022-10-20,PIT,LAK,6,1,6,1,REG,2.856,34,40,0,3.773,40,54,0
2022020063,2022,2022-10-20,CBJ,NSH,5,3,5,3,REG,3.903,42,59,1,2.650,26,36,0
2022020064,2022,2022-10-20,NYR,SJS,2,3,2,2,OT,3.004,23,44,0,2.475,25,35,0
2022020065,2022,2022-10-20,OTT,WSH,5,2,5,2,REG,3.392,44,51,2,2.017,24,38,0
2022020066,2022,2022-10-20,NYI,NJD,1,4,1,4,REG,1.734,17,27,0,3.600,43,58,1
2022020067,2022,2022-10-20,MIN,VAN,4,3,3,3,OT,2.765,32,41,0,2.942,26,40,0
2022020068,2022,2022-10-20,CGY,BUF,3,6,3,6,REG,3.185,43,53,0,3.776,32,53,1
2022020069,2022,2022-10-20,EDM,CAR,6,4,6,4,REG,3.021,33,40,1,3.478,40,53,0
2022020070,2022,2022-10-20,VGK,WPG,5,2,5,2,REG,2.402,32,44,1,1.627,28,40,0
2022020071,2022,2022-10-21,FLA,TBL,2,3,2,2,OT,2.965,37,43,0,3.436,30,41,0
2022020072,2022,2022-10-21,CHI,DET,4,3,3,3,OT,2.594,27,39,0,2.499,27,38,0
2022020073,2022,2022-10-21,COL,SEA,2,3,2,3,REG,1.816,20,32,0,2.884,38,45,0
2022020074,2022,2022-10-22,BOS,MIN,4,3,3,3,OT,2.776,34,44,0,1.603,26,34,0
2022020075,2022,2022-10-22,NJD,SJS,2,1,2,1,REG,3.618,36,43,0,2.003,22,39,0
2022020076,2022,2022-10-22,OTT,ARI,6,2,6,2,REG,2.983,32,40,0,1.562,22,30,0
2022020077,2022,2022-10-22,EDM,STL,0,2,0,2,REG,2.148,23,33,0,2.083,22,33,1
2022020078,2022,2022-10-22,MTL,DAL,2,5,2,5,REG,2.353,34,40,0,3.449,30,44,0
2022020079,2022,2022-10-22,WSH,LAK,4,3,4,3,REG,2.918,32,48,0,1.891,26,36,0
2022020080,2022,2022-10-22,TBL,NYI,5,3,5,3,REG,2.771,26,37,0,3.335,35,53,0
2022020081,2022,2022-10-22,CBJ,PIT,3,6,3,6,REG,2.417,32,40,0,3.505,39,52,0
2022020082,2022,2022-10-22,WPG,TOR,1,4,1,4,REG,3.166,31,43,0,2.837,28,45,1
2022020083,2022,2022-10-22,NSH,PHI,1,3,1,3,REG,3.011,32,53,0,1.878,25,33,0
2022020084,2022,2022-10-22,VAN,BUF,1,5,1,5,REG,2.769,30,43,0,3.185,27,41,1
2022020085,2022,2022-10-22,CGY,CAR,3,2,2,2,OT,1.805,28,32,0,2.920,26,41,0
2022020086,2022,2022-10-22,VGK,COL,2,3,2,3,REG,2.976,35,46,0,1.765,25,39,0
2022020087,2022,2022-10-23,CHI,SEA,5,4,5,4,REG,2.500,27,38,0,2.870,34,49,0
2022020088,2022,2022-10-23,DET,ANA,5,1,5,1,REG,3.691,41,45,0,2.677,33,46,0
2022020089,2022,2022-10-23,NYR,CBJ,1,5,1,5,REG,3.218,31,49,0,2.006,21,29,0
2022020090,2022,2022-10-23,FLA,NYI,3,2,3,2,REG,2.574,32,40,0,1.976,26,35,0
2022020091,2022,2022-10-23,PHI,SJS,0,3,0,3,REG,1.985,30,41,0,2.120,25,37,1
2022020092,2022,2022-10-24,OTT,DAL,4,2,4,2,REG,3.798,32,46,0,3.128,31,39,0
2022020093,2022,2022-10-24,NJD,WSH,3,6,3,6,REG,5.054,41,56,0,2.420,22,32,0
2022020094,2022,2022-10-24,EDM,PIT,6,3,6,3,REG,4.457,47,64,0,2.923,35,47,0
2022020095,2022,2022-10-24,WPG,STL,4,0,4,0,REG,3.894,43,57,1,2.133,25,40,0
2022020096,2022,2022-10-24,VGK,TOR,3,1,3,1,REG,4.430,33,44,0,3.017,23,35,0
2022020097,2022,2022-10-24,VAN,CAR,2,3,2,3,REG,1.614,16,24,0,2.954,39,55,0
2022020098,2022,2022-10-25,CBJ,ARI,3,6,3,6,REG,3.574,33,51,0,2.109,19,30,1
2022020099,2022,2022-10-25,NYR,COL,2,3,2,2,SO,3.513,43,55,0,3.555,41,46,0
2022020100,2022,2022-10-25,BOS,DAL,3,1,3,1,REG,2.924,29,36,1,2.887,31,39,0
2022020101,2022,2022-10-25,MTL,MIN,1,3,1,3,REG,2.929,27,36,0,3.432,31,37,1
2022020102,2022,2022-10-25,DET,NJD,2,6,2,6,REG,1.949,22,31,0,2.481,41,51,0
2022020103,2022,2022-10-25,CHI,FLA,4,2,4,2,REG,1.266,22,28,1,2.871,31,51,0
2022020104,2022,2022-10-25,CGY,PIT,4,1,4,1,REG,3.417,36,49,0,3.055,33,49,0
2022020105,2022,2022-10-25,SEA,BUF,5,1,5,1,REG,3.057,24,34,0,1.706,16,24,0
2022020106,2022,2022-10-25,LAK,TBL,4,2,4,2,REG,3.242,33,44,0,2.620,25,33,0
2022020107,2022,2022-10-25,SJS,VGK,2,4,2,4,REG,2.827,31,44,0,2.938,31,42,0
2022020108,2022,2022-10-26,NYI,NYR,3,0,3,0,REG,3.236,29,40,0,4.307,41,56,0
2022020109,2022,2022-10-26,STL,EDM,1,3,1,3,REG,3.345,38,52,0,2.638,28,40,1
2022020110,2022,2022-10-26,ANA,TBL,2,4,2,4,REG,1.728,21,28,0,2.638,30,42,1
2022020111,2022,2022-10-27,BOS,DET,5,1,5,1,REG,3.389,33,44,0,2.968,29,41,0
2022020112,2022,2022-10-27,PHI,FLA,4,3,4,3,REG,1.719,22,31,0,4.661,51,77,0
2022020113,2022,2022-10-27,OTT,MIN,2,4,2,4,REG,2.950,29,43,0,3.053,40,57,1
2022020114,2022,2022-10-27,BUF,MTL,2,3,2,3,REG,3.795,45,58,0,2.549,34,46,0
2022020115,2022,2022-10-27,NSH,STL,6,2,6,2,REG,3.464,42,55,1,2.994,35,45,0
2022020116,2022,2022-10-27,CHI,EDM,5,6,5,6,REG,3.338,36,44,0,3.129,38,53,0
2022020117,2022,2022-10-27,DAL,WSH,2,0,2,0,REG,2.257,27,39,0,2.905,27,42,0
2022020118,2022,2022-10-27,SEA,VAN,4,5,4,5,REG,3.085,36,55,0,1.577,19,23,1
2022020119,2022,2022-10-27,SJS,TOR,4,3,3,3,OT,2.074,29,38,0,2.248,25,39,0
2022020120,2022,2022-10-27,LAK,WPG,4,6,4,6,REG,4.202,44,54,0,2.164,19,29,1
2022020121,2022,2022-10-28,VGK,ANA,4,0,4,0,REG,2.538,22,36,0,2.155,29,38,0
2022020122,2022,2022-10-28,CBJ,BOS,0,4,0,4,REG,2.021,30,36,0,2.786,35,46,0
2022020123,2022,2022-10-28,NJD,COL,1,0,1,0,REG,2.498,23,34,0,2.668,24,34,0
2022020124,2022,2022-10-28,CAR,NYI,2,6,2,6,REG,3.385,35,59,0,2.475,32,38,1
2022020125,2022,2022-10-28,VAN,PIT,5,1,5,1,REG,2.922,29,36,1,3.269,35,45,0
2022020126,2022,2022-10-28,ARI,WPG,2,3,2,2,OT,1.899,20,30,0,3.223,34,51,0
2022020127,2022,2022-10-29,DAL,NYR,3,6,3,6,REG,3.120,33,42,0,2.920,27,43,0
2022020128,2022,2022-10-29,FLA,OTT,5,3,5,3,REG,4.639,58,69,1,2.803,26,32,0
2022020129,2022,2022-10-29,SJS,TBL,3,4,3,4,REG,2.778,27,39,0,3.864,26,44,0
2022020130,2022,2022-10-29,PHI,CAR,3,4,3,3,OT,2.722,27,35,0,3.221,32,50,0
2022020131,2022,2022-10-29,BUF,CHI,4,3,3,3,OT,4.519,44,54,0,2.807,26,35,0
2022020132,2022,2022-10-29,DET,MIN,2,1,2,1,REG,1.744,25,35,0,2.343,31,44,0
2022020133,2022,2022-10-29,STL,MTL,4,7,4,7,REG,3.160,30,44,0,2.802,25,39,1
2022020134,2022,2022-10-29,LAK,TOR,4,2,4,2,REG,2.740,29,41,0,3.170,28,43,0
2022020135,2022,2022-10-29,NYI,COL,5,4,5,4,REG,4.590,44,55,1,3.508,37,47,0
2022020136,2022,2022-10-29,NSH,WSH,0,3,0,3,REG,3.734,34,51,0,3.761,35,52,1
2022020137,2022,2022-10-29,CGY,EDM,2,3,2,3,REG,3.700,42,58,0,2.975,26,41,0
2022020138,2022,2022-10-29,SEA,PIT,3,1,3,1,REG,3.412,30,46,1,3.020,33,47,0
2022020139,2022,2022-10-30,NJD,CBJ,7,1,7,1,REG,5.384,53,72,0,0.859,21,27,0
2022020140,2022,2022-10-30,CHI,MIN,3,4,3,3,SO,1.778,26,34,0,2.710,33,46,0
2022020141,2022,2022-10-30,ARI,NYR,2,3,2,3,REG,2.164,20,31,0,3.504,39,51,0
2022020142,2022,2022-10-30,ANA,TOR,4,3,3,3,OT,2.870,35,47,0,4.213,34,44,0
2022020143,2022,2022-10-30,VGK,WPG,2,1,1,1,OT,5.850,47,60,0,1.599,20,32,0
2022020144,2022,2022-10-31,BUF,DET,8,3,8,3,REG,3.688,46,61,0,1.736,18,28,0
2022020145,2022,2022-10-31,CAR,WSH,3,2,2,2,SO,3.368,32,49,0,1.495,19,25,0
2022020146,2022,2022-10-31,STL,LAK,1,5,1,5,REG,3.047,28,38,0,2.986,30,49,0
2022020147,2022,2022-11-01,PIT,BOS,5,6,5,5,OT,4.093,35,52,0,3.311,38,45,0
2022020148,2022,2022-11-01,TBL,OTT,4,3,4,3,REG,3.191,34,43,0,2.203,15,29,0
2022020149,2022,2022-11-01,NYR,PHI,1,0,0,0,OT,4.028,30,52,0,1.503,19,24,0
2022020150,2022,2022-11-01,WSH,VGK,2,3,2,2,OT,1.560,21,31,0,2.031,29,35,0
2022020151,2022,2022-11-01,MIN,MTL,4,1,4,1,REG,3.665,31,48,1,2.264,35,46,0
2022020152,2022,2022-11-01,CHI,NYI,1,3,1,3,REG,1.821,22,32,0,2.363,33,37,1
2022020153,2022,2022-11-01,DAL,LAK,5,2,5,2,REG,3.364,40,52,0,2.437,32,44,0
2022020154,2022,2022-11-01,EDM,NSH,7,4,7,4,REG,3.982,37,48,1,2.215,23,34,0
2022020155,2022,2022-11-01,CGY,SEA,4,5,4,5,REG,2.857,40,50,0,1.566,26,31,0
2022020156,2022,2022-11-01,ARI,FLA,3,1,3,1,REG,1.611,21,35,1,4.178,42,61,0
2022020157,2022,2022-11-01,VAN,NJD,2,5,2,5,REG,2.853,23,38,0,2.846,37,48,1
2022020158,2022,2022-11-01,SJS,ANA,5,6,5,5,SO,3.613,43,53,0,2.640,41,48,0
2022020159,2022,2022-11-02,TOR,PHI,5,2,5,2,REG,4.421,44,59,0,1.706,25,33,0
2022020160,2022,2022-11-02,BUF,PIT,6,3,6,3,REG,2.051,33,42,2,1.838,21,28,0
2022020161,2022,2022-11-03,NYR,BOS,2,5,2,5,REG,1.581,20,30,0,4.087,37,51,1
2022020162,2022,2022-11-03,TBL,CAR,3,4,3,3,SO,2.293,23,35,0,4.380,50,65,0
2022020163,2022,2022-11-03,OTT,VGK,4,5,4,5,REG,4.325,46,62,0,3.328,32,43,0
2022020164,2022,2022-11-03,DET,WSH,3,1,3,1,REG,2.055,26,35,1,2.686,34,43,0
2022020165,2022,2022-11-03,WPG,MTL,3,2,2,2,OT,3.608,33,49,0,2.743,21,31,0
2022020166,2022,2022-11-03,STL,NYI,2,5,2,5,REG,3.059,34,53,0,3.072,30,42,1
2022020167,2022,2022-11-03,MIN,SEA,0,4,0,4,REG,1.489,22,27,0,1.606,23,35,0
2022020168,2022,2022-11-03,CHI,LAK,2,1,1,1,OT,1.266,18,29,0,2.366,32,47,0
2022020169,2022,2022-11-03,CGY,NSH,1,4,1,4,REG,2.498,30,41,0,2.986,32,44,1
2022020170,2022,2022-11-03,EDM,NJD,3,4,3,4,REG,4.270,37,49,0,4.030,43,61,0
2022020171,2022,2022-11-03,VAN,ANA,8,5,8,5,REG,3.641,47,57,1,2.053,31,35,0
2022020172,2022,2022-11-03,ARI,DAL,2,7,2,7,REG,2.231,30,45,0,2.849,36,43,0
2022020173,2022,2022-11-03,SJS,FLA,3,4,3,3,SO,3.010,36,46,0,3.553,38,54,0
2022020174,2022,2022-11-04,CAR,BUF,5,3,5,3,REG,2.641,33,50,1,2.733,25,36,0
2022020175,2022,2022-11-04,COL,CBJ,6,3,6,3,REG,3.008,36,45,1,4.914,39,48,0
2022020176,2022,2022-11-05,WPG,CHI,4,0,4,0,REG,3.819,37,53,0,2.261,30,40,0
2022020177,2022,2022-11-05,EDM,DAL,2,6,2,6,REG,3.688,30,43,0,3.898,36,51,0
2022020178,2022,2022-11-05,WSH,ARI,2,3,2,3,REG,3.447,36,52,0,2.920,26,37,0
2022020179,2022,2022-11-05,TOR,BOS,2,1,2,1,REG,2.149,28,38,0,1.412,21,33,0
2022020180,2022,2022-11-05,TBL,BUF,5,3,5,3,REG,3.500,30,40,1,3.123,24,37,0
2022020181,2022,2022-11-05,DET,NYI,3,0,3,0,REG,1.742,26,37,0,2.357,24,39,0
2022020182,2022,2022-11-05,OTT,PHI,1,2,1,2,REG,3.966,34,52,0,2.251,28,38,0
2022020183,2022,2022-11-05,PIT,SEA,2,3,2,3,REG,3.672,37,58,0,2.161,28,38,0
2022020184,2022,2022-11-05,MTL,VGK,4,6,4,6,REG,2.232,31,39,0,4.077,42,49,0
2022020185,2022,2022-11-05,CBJ,COL,1,5,1,5,REG,1.986,32,38,0,3.811,45,56,0
2022020186,2022,2022-11-05,VAN,NSH,3,4,3,3,SO,3.958,43,50,0,2.347,27,41,0
2022020187,2022,2022-11-05,CGY,NJD,3,4,3,3,OT,2.536,30,44,0,3.392,32,45,0
2022020188,2022,2022-11-05,SJS,ANA,4,5,4,4,SO,4.352,47,58,0,2.158,21,33,0
2022020189,2022,2022-11-05,LAK,FLA,5,4,5,4,REG,3.925,39,52,0,3.516,38,57,0
2022020190,2022,2022-11-06,NYR,DET,2,3,2,2,OT,2.281,29,41,0,2.720,32,41,0
2022020191,2022,2022-11-06,CAR,TOR,1,3,1,3,REG,3.719,30,55,0,2.144,21,35,0
2022020192,2022,2022-11-06,ANA,FLA,3,5,3,5,REG,2.737,35,46,0,3.838,48,60,1
2022020193,2022,2022-11-07,NYI,CGY,4,3,3,3,OT,2.521,31,41,0,2.984,41,50,0
2022020194,2022,2022-11-07,BOS,STL,3,1,3,1,REG,3.006,37,47,0,2.603,27,36,0
2022020195,2022,2022-11-07,WSH,EDM,5,4,5,4,REG,3.061,31,47,0,3.180,29,43,0
2022020196,2022,2022-11-08,BUF,ARI,1,4,1,4,REG,3.300,33,51,0,1.664,24,28,1
2022020197,2022,2022-11-08,NJD,CGY,3,2,3,2,REG,2.055,20,30,0,3.541,35,53,0
2022020198,2022,2022-11-08,NYR,NYI,3,4,3,4,REG,3.766,40,52,0,2.469,26,35,0
2022020199,2022,2022-11-08,PHI,STL,5,1,5,1,REG,2.133,35,48,0,3.123,28,47,0
2022020200,2022,2022-11-08,OTT,VAN,4,6,4,6,REG,4.575,41,61,0,2.662,28,35,1
2022020201,2022,2022-11-08,TOR,VGK,3,4,3,3,OT,3.359,31,44,0,2.652,19,32,0
2022020202,2022,2022-11-08,TBL,EDM,2,3,2,3,REG,3.247,37,44,0,2.820,29,36,0
2022020203,2022,2022-11-08,DET,MTL,2,3,2,2,SO,3.517,40,55,0,1.470,29,32,0
2022020204,2022,2022-11-08,WPG,DAL,5,1,5,1,REG,2.806,33,41,1,1.750,22,31,0
2022020205,2022,2022-11-08,SEA,NSH,5,1,5,1,REG,1.898,20,30,1,2.610,25,44,0
2022020206,2022,2022-11-08,LAK,MIN,1,0,1,0,REG,2.772,30,45,0,1.392,21,32,0
2022020207,2022,2022-11-09,FLA,CAR,3,0,3,0,REG,3.133,37,48,1,3.813,40,49,0
2022020208,2022,2022-11-09,WSH,PIT,1,4,1,4,REG,2.360,25,41,0,2.990,28,41,1
2022020209,2022,2022-11-09,MTL,VAN,5,2,5,2,REG,2.550,29,36,0,2.654,33,44,0
2022020210,2022,2022-11-09,ANA,MIN,1,4,1,4,REG,2.761,32,43,0,3.647,39,46,0
2022020211,2022,2022-11-10,BOS,CGY,3,1,3,1,REG,2.793,28,40,1,2.421,32,49,0
2022020212,2022,2022-11-10,CAR,EDM,7,2,7,2,REG,3.682,32,52,0,3.227,22,42,0
2022020213,2022,2022-11-10,NJD,OTT,4,3,3,3,OT,3.935,39,57,0,2.233,23,40,0
2022020214,2022,2022-11-10,CBJ,PHI,5,2,5,2,REG,2.953,29,41,2,3.907,34,47,0
2022020215,2022,2022-11-10,BUF,VGK,4,7,4,7,REG,3.528,35,49,0,2.873,36,41,1
2022020216,2022,2022-11-10,NYI,ARI,0,2,0,2,REG,2.533,24,47,0,3.354,28,38,1
2022020217,2022,2022-11-10,DET,NYR,2,8,2,8,REG,1.379,20,28,0,3.303,33,44,0
2022020218,2022,2022-11-10,STL,SJS,5,3,5,3,REG,3.502,33,48,1,2.972,30,45,0
2022020219,2022,2022-11-10,COL,NSH,5,3,5,3,REG,2.937,35,49,0,2.320,35,42,0
2022020220,2022,2022-11-10,LAK,CHI,2,1,1,1,OT,3.603,30,43,0,2.034,25,32,0
2022020221,2022,2022-11-11,TOR,PIT,2,4,2,4,REG,2.723,30,46,0,1.591,23,36,1
2022020222,2022,2022-11-11,WSH,TBL,5,1,5,1,REG,2.794,24,40,0,3.625,29,44,0
2022020223,2022,2022-11-11,DAL,SJS,4,5,4,5,REG,3.437,29,51,0,1.872,18,24,0
2022020224,2022,2022-11-11,SEA,MIN,0,1,0,1,REG,2.634,28,42,0,1.886,21,30,0
2022020225,2022,2022-11-12,PHI,OTT,1,4,1,4,REG,2.549,38,45,0,1.857,27,34,1
2022020226,2022,2022-11-12,FLA,EDM,2,4,2,4,REG,3.392,42,52,0,2.501,32,37,1
2022020227,2022,2022-11-12,NJD,ARI,4,2,4,2,REG,2.944,26,47,0,1.765,18,28,0
2022020228,2022,2022-11-12,BUF,BOS,1,3,1,3,REG,3.104,31,43,0,3.036,30,42,0
2022020229,2022,2022-11-12,MTL,PIT,5,4,4,4,OT,2.732,40,44,0,2.316,23,38,0
2022020230,2022,2022-11-12,TOR,VAN,3,2,3,2,REG,3.106,34,50,0,2.147,29,41,0
2022020231,2022,2022-11-12,NYI,CBJ,4,3,3,3,OT,4.547,45,59,0,2.798,29,41,0
2022020232,2022,2022-11-12,NSH,NYR,2,1,2,1,REG,2.232,18,29,0,3.221,35,51,0
2022020233,2022,2022-11-12,COL,CAR,4,1,4,1,REG,2.779,28,33,1,2.067,25,38,0
2022020234,2022,2022-11-12,ANA,CHI,2,3,2,3,REG,3.432,41,53,0,1.983,22,34,0
2022020235,2022,2022-11-12,VGK,STL,2,3,2,3,REG,2.428,36,45,0,2.442,28,35,0
2022020236,2022,2022-11-12,CGY,WPG,3,2,3,2,REG,2.256,35,41,0,1.999,23,32,0
2022020237,2022,2022-11-12,LAK,DET,4,3,4,3,REG,1.830,21,35,0,2.279,21,33,0
2022020238,2022,2022-11-13,PHI,DAL,1,5,1,5,REG,3.226,38,49,0,3.212,31,44,0
2022020239,2022,2022-11-13,NYR,ARI,4,1,4,1,REG,2.857,27,30,0,2.314,32,40,0
2022020240,2022,2022-11-13,MIN,SJS,2,3,2,2,SO,2.458,27,46,0,2.979,34,49,0
2022020241,2022,2022-11-13,BOS,VAN,5,2,5,2,REG,2.610,33,42,1,2.794,31,44,0
2022020242,2022,2022-11-13,TBL,WSH,6,3,6,3,REG,3.254,35,51,1,2.056,22,34,0
2022020243,2022,2022-11-13,SEA,WPG,2,3,2,2,OT,2.816,21,35,0,3.965,29,52,0
2022020244,2022,2022-11-14,OTT,NYI,2,4,2,4,REG,4.081,38,60,0,1.902,35,40,1
2022020245,2022,2022-11-14,CHI,CAR,0,3,0,3,REG,2.723,27,32,0,1.949,32,44,0
2022020246,2022,2022-11-14,CGY,LAK,6,5,6,5,REG,3.333,30,39,0,2.234,29,40,0
2022020247,2022,2022-11-14,COL,STL,2,3,2,3,REG,3.403,47,68,0,2.882,39,50,0
2022020248,2022,2022-11-15,TBL,DAL,5,4,4,4,OT,3.925,33,46,0,3.159,30,41,0
2022020249,2022,2022-11-15,MTL,NJD,1,5,1,5,REG,2.511,26,35,0,3.078,39,48,1
2022020250,2022,2022-11-15,CBJ,PHI,5,4,4,4,OT,3.119,31,37,0,2.589,36,50,0
2022020251,2022,2022-11-15,PIT,TOR,2,5,2,5,REG,3.347,37,49,0,3.327,33,44,1
2022020252,2022,2022-11-15,BUF,VAN,4,5,4,5,REG,3.145,32,47,0,3.295,32,43,0
2022020253,2022,2022-11-15,FLA,WSH,5,2,5,2,REG,2.885,43,49,1,3.247,43,61,0
2022020254,2022,2022-11-15,NSH,MIN,2,1,2,1,REG,2.296,25,34,0,3.196,33,54,0
2022020255,2022,2022-11-15,ANA,DET,3,2,2,2,OT,3.195,28,47,0,2.484,28,41,0
2022020256,2022,2022-11-15,VGK,SJS,2,5,2,5,REG,2.372,26,38,0,1.537,29,37,2
2022020257,2022,2022-11-16,OTT,BUF,4,1,4,1,REG,3.407,40,51,1,2.828,30,39,0
2022020258,2022,2022-11-16,CHI,STL,2,5,2,5,REG,2.471,27,37,0,3.301,35,42,0
2022020259,2022,2022-11-16,EDM,LAK,1,3,1,3,REG,1.935,23,32,0,2.232,32,39,1
2022020260,2022,2022-11-17,TBL,CGY,4,1,4,1,REG,3.149,24,37,1,2.625,40,52,0
2022020261,2022,2022-11-17,CAR,COL,2,3,2,2,OT,4.352,47,67,0,1.474,13,21,0
2022020262,2022,2022-11-17,FLA,DAL,4,6,4,6,REG,3.912,44,54,0,2.665,29,39,1
2022020263,2022,2022-11-17,CBJ,MTL,6,4,6,4,REG,2.693,29,42,1,3.606,42,54,0
2022020264,2022,2022-11-17,TOR,NJD,2,3,2,2,OT,1.878,27,37,0,2.845,31,43,0
2022020265,2022,2022-11-17,BOS,PHI,4,1,4,1,REG,4.253,32,49,0,2.056,23,35,0
2022020266,2022,2022-11-17,WPG,ANA,3,2,3,2,REG,4.034,32,44,0,2.533,31,40,0
2022020267,2022,2022-11-17,NSH,NYI,5,4,5,4,REG,2.983,31,45,0,3.452,33,51,0
2022020268,2022,2022-11-17,MIN,PIT,4,6,4,6,REG,2.520,23,35,0,3.093,32,44,1
2022020269,2022,2022-11-17,STL,WSH,5,4,4,4,SO,1.885,19,28,0,4.880,49,67,0
2022020270,2022,2022-11-17,VGK,ARI,4,1,4,1,REG,3.771,39,51,0,1.844,26,37,0
2022020271,2022,2022-11-17,SEA,NYR,3,2,2,2,OT,3.820,30,51,0,2.987,28,40,0
2022020272,2022,2022-11-17,SJS,DET,4,7,4,7,REG,2.618,25,42,0,1.600,21,32,1
2022020273,2022,2022-11-18,VAN,LAK,4,1,4,1,REG,2.166,25,34,0,3.872,38,52,0
2022020274,2022,2022-11-19,OTT,NJD,1,5,1,5,REG,2.268,26,39,0,3.442,36,49,1
2022020275,2022,2022-11-19,FLA,CGY,4,5,4,4,SO,2.623,32,44,0,2.816,34,48,0
2022020276,2022,2022-11-19,TOR,BUF,5,2,5,2,REG,2.879,24,32,0,2.867,34,43,0
2022020277,2022,2022-11-19,BOS,CHI,6,1,6,1,REG,4.541,43,63,0,1.139,18,23,0
2022020278,2022,2022-11-19,WSH,COL,0,4,0,4,REG,2.410,32,41,0,3.448,29,48,0
2022020279,2022,2022-11-19,CBJ,DET,1,6,1,6,REG,2.590,28,42,0,3.536,37,46,0
2022020280,2022,2022-11-19,MTL,PHI,5,4,4,4,SO,3.303,31,46,0,3.296,29,49,0
2022020281,2022,2022-11-19,WPG,PIT,0,3,0,3,REG,2.593,32,49,0,2.402,32,47,1
2022020282,2022,2022-11-19,STL,ANA,6,2,6,2,REG,2.774,34,37,0,2.476,32,43,0
2022020283,2022,2022-11-19,MIN,CAR,2,1,1,1,OT,1.622,19,32,0,1.498,21,38,0
2022020284,2022,2022-11-19,DAL,NYI,5,2,5,2,REG,3.779,35,47,1,2.293,29,38,0
2022020285,2022,2022-11-19,NSH,TBL,2,3,2,2,OT,2.353,31,37,0,3.625,36,47,0
2022020286,2022,2022-11-19,SEA,LAK,3,2,2,2,OT,2.352,28,39,0,1.868,28,40,0
2022020287,2022,2022-11-19,EDM,VGK,4,3,3,3,OT,3.203,22,34,0,3.771,34,43,0
2022020288,2022,2022-11-19,SJS,NYR,1,2,1,2,REG,2.413,23,36,0,3.619,43,58,1
2022020289,2022,2022-11-20,CBJ,FLA,5,3,5,3,REG,1.698,23,34,0,3.816,50,67,0
2022020290,2022,2022-11-20,CHI,PIT,3,5,3,5,REG,2.904,32,44,0,2.624,25,34,1
2022020291,2022,2022-11-21,TBL,BOS,3,5,3,5,REG,3.175,35,48,0,2.631,29,33,0
2022020292,2022,2022-11-21,PHI,CGY,2,5,2,5,REG,1.709,25,31,0,2.559,30,41,2
2022020293,2022,2022-11-21,NJD,EDM,5,2,5,2,REG,3.016,28,48,0,3.073,30,42,0
2022020294,2022,2022-11-21,WPG,CAR,4,3,3,3,OT,2.615,20,31,0,2.581,26,52,0
2022020295,2022,2022-11-21,TOR,NYI,2,3,2,2,OT,3.079,32,47,0,2.185,22,37,0
2022020296,2022,2022-11-21,STL,ANA,3,1,3,1,REG,2.735,27,36,1,3.167,28,36,0
2022020297,2022,2022-11-21,NSH,ARI,4,3,3,3,SO,4.089,37,51,0,2.653,27,36,0
2022020298,2022,2022-11-21,DAL,COL,2,3,2,2,SO,2.058,24,31,0,3.723,31,39,0
2022020299,2022,2022-11-21,SJS,OTT,5,1,5,1,REG,3.171,31,42,1,2.791,38,48,0
2022020300,2022,2022-11-21,VAN,VGK,4,5,4,5,REG,2.069,29,36,0,3.635,38,46,0
2022020301,2022,2022-11-22,MTL,BUF,2,7,2,7,REG,2.653,31,38,0,3.416,38,46,0
2022020302,2022,2022-11-22,LAK,NYR,3,5,3,5,REG,2.640,38,43,0,2.165,25,32,1
2022020303,2022,2022-11-23,CAR,ARI,0,4,0,4,REG,4.145,36,54,0,2.555,27,32,1
2022020304,2022,2022-11-23,FLA,BOS,5,2,5,2,REG,3.165,31,42,1,3.497,39,47,0
2022020305,2022,2022-11-23,PIT,CGY,2,1,1,1,SO,3.287,38,47,0,2.198,33,44,0
2022020306,2022,2022-11-23,CBJ,MTL,1,3,1,3,REG,3.471,31,41,0,1.818,29,36,1
2022020307,2022,2022-11-23,BUF,STL,6,2,6,2,REG,3.634,32,47,0,3.575,36,47,0
2022020308,2022,2022-11-23,NJD,TOR,1,2,1,2,REG,3.803,35,51,0,2.140,20,30,0
2022020309,2022,2022-11-23,MIN,WPG,6,1,6,1,REG,3.008,39,47,0,1.984,29,38,0
2022020310,2022,2022-11-23,NYI,EDM,3,0,3,0,REG,2.219,31,36,0,5.216,49,60,0
2022020311,2022,2022-11-23,DET,NSH,3,0,3,0,REG,2.538,29,39,1,3.484,26,41,0
2022020312,2022,2022-11-23,WSH,PHI,3,2,2,2,OT,3.137,30,44,0,1.939,23,36,0
2022020313,2022,2022-11-23,DAL,CHI,6,4,6,4,REG,3.139,39,51,1,2.632,31,41,0
2022020314,2022,2022-11-23,ANA,NYR,3,2,3,2,REG,2.740,22,36,0,4.385,43,60,0
2022020315,2022,2022-11-23,VGK,OTT,4,1,4,1,REG,2.931,36,46,1,3.938,40,59,0
2022020316,2022,2022-11-23,SEA,SJS,8,5,8,5,REG,2.272,27,36,1,2.327,26,39,0
2022020317,2022,2022-11-23,COL,VAN,3,4,3,4,REG,3.053,36,49,0,2.137,25,31,0
2022020318,2022,2022-11-25,BOS,CAR,3,2,2,2,OT,3.625,38,48,0,2.450,33,42,0
2022020319,2022,2022-11-25,WSH,CGY,3,0,3,0,REG,2.571,25,39,0,2.342,32,42,0
2022020321,2022,2022-11-25,CHI,MTL,2,3,2,2,SO,2.729,31,41,0,2.346,22,34,0
2022020322,2022,2022-11-25,MIN,TOR,3,4,3,4,REG,2.759,28,41,0,2.567,28,38,0
2022020323,2022,2022-11-25,ANA,OTT,1,5,1,5,REG,3.253,32,43,0,3.616,33,50,0
2022020324,2022,2022-11-25,PHI,PIT,1,4,1,4,REG,1.722,30,38,0,3.215,29,38,0
2022020325,2022,2022-11-25,DET,ARI,4,3,3,3,SO,3.701,32,51,0,2.243,22,37,0
2022020326,2022,2022-11-25,CBJ,NYI,2,3,2,3,REG,3.398,26,39,0,2.830,24,39,0
2022020327,2022,2022-11-25,BUF,NJD,1,3,1,3,REG,3.289,34,43,0,3.568,44,56,0
2022020328,2022,2022-11-25,TBL,STL,5,2,5,2,REG,3.086,27,44,1,2.074,27,35,0
2022020329,2022,2022-11-25,VGK,SEA,2,4,2,4,REG,2.150,22,30,0,2.473,28,38,0
2022020330,2022,2022-11-25,DAL,WPG,4,5,4,4,OT,4.793,41,57,0,2.575,27,35,0
2022020331,2022,2022-11-25,SJS,LAK,2,5,2,5,REG,3.118,31,47,0,2.289,29,40,1
2022020332,2022,2022-11-26,NYR,EDM,3,4,3,4,REG,1.695,23,27,0,3.451,32,55,0
2022020333,2022,2022-11-26,CAR,CGY,3,2,3,2,REG,3.295,33,53,0,2.118,20,35,0
2022020334,2022,2022-11-26,FLA,STL,4,5,4,4,OT,2.850,37,45,0,2.263,36,40,0
2022020335,2022,2022-11-26,PIT,TOR,1,4,1,4,REG,2.565,26,38,0,3.996,41,49,0
2022020336,2022,2022-11-26,NJD,WSH,5,1,5,1,REG,2.447,29,34,0,4.241,38,55,0
2022020337,2022,2022-11-26,NYI,PHI,5,2,5,2,REG,2.568,23,35,0,2.387,28,43,0
2022020339,2022,2022-11-26,COL,DAL,4,1,4,1,REG,2.550,36,40,0,3.030,42,48,0
2022020340,2022,2022-11-26,VGK,VAN,1,5,1,5,REG,2.537,27,43,0,3.249,36,49,0
2022020341,2022,2022-11-27,MIN,ARI,4,3,4,3,REG,2.401,29,38,0,1.710,23,32,0
2022020342,2022,2022-11-27,CHI,WPG,2,7,2,7,REG,3.073,25,39,0,2.653,44,48,0
2022020343,2022,2022-11-27,ANA,SEA,4,5,4,5,REG,3.556,29,46,0,2.462,25,34,0
2022020344,2022,2022-11-27,SJS,VAN,3,4,3,3,OT,2.550,35,47,0,2.601,19,38,0
2022020345,2022,2022-11-27,LAK,OTT,2,3,2,2,OT,2.756,27,42,0,3.476,38,50,0
2022020346,2022,2022-11-28,NYR,NJD,3,5,3,5,REG,3.873,38,55,0,2.790,38,51,1
2022020347,2022,2022-11-28,BUF,TBL,5,6,5,5,OT,3.128,32,42,0,3.909,24,45,0
2022020348,2022,2022-11-28,DET,TOR,2,4,2,4,REG,2.976,44,50,0,2.157,25,28,0
2022020349,2022,2022-11-28,CBJ,VGK,2,3,2,2,SO,2.720,27,40,0,3.143,35,49,0
2022020350,2022,2022-11-28,STL,DAL,1,4,1,4,REG,2.296,24,36,0,2.254,24,36,1
2022020351,2022,2022-11-28,EDM,FLA,4,3,3,3,OT,4.010,39,52,0,3.039,28,41,0
2022020352,2022,2022-11-29,PIT,CAR,2,3,2,2,OT,2.499,32,37,0,2.897,38,50,0
2022020353,2022,2022-11-29,PHI,NYI,3,1,3,1,REG,2.580,33,42,1,2.034,24,34,0
2022020354,2022,2022-11-29,MTL,SJS,0,4,0,4,REG,2.342,28,39,0,2.735,24,32,1
2022020355,2022,2022-11-29,BOS,TBL,3,1,3,1,REG,2.029,26,34,1,1.694,28,35,0
2022020356,2022,2022-11-29,NSH,ANA,2,1,1,1,OT,3.252,38,49,0,2.333,34,39,0
2022020357,2022,2022-11-29,WPG,COL,5,0,5,0,REG,2.314,23,34,0,3.087,40,46,0
2022020358,2022,2022-11-29,CGY,FLA,6,2,6,2,REG,2.366,23,40,0,2.334,33,42,0
2022020359,2022,2022-11-29,VAN,WSH,1,5,1,5,REG,2.490,32,43,0,2.698,28,38,1
2022020360,2022,2022-11-29,LAK,SEA,8,9,8,8,OT,3.797,35,50,0,3.043,29,42,0
2022020361,2022,2022-11-30,DET,BUF,4,5,4,4,SO,3.902,44,60,0,3.294,32,44,0
2022020362,2022,2022-11-30,OTT,NYR,1,3,1,3,REG,3.626,35,48,0,3.980,36,53,0
2022020363,2022,2022-11-30,TOR,SJS,3,1,3,1,REG,2.889,32,38,1,2.940,24,36,0
2022020364,2022,2022-11-30,CHI,EDM,4,5,4,5,REG,2.666,25,31,0,3.920,41,49,0
2022020365,2022,2022-12-01,BUF,COL,4,6,4,6,REG,3.498,28,42,0,3.640,34,43,1
2022020366,2022,2022-12-01,NJD,NSH,3,4,3,3,OT,3.220,28,38,0,2.268,23,34,0
2022020367,2022,2022-12-01,PHI,TBL,1,4,1,4,REG,1.228,22,31,0,3.940,27,47,0
2022020368,2022,2022-12-01,PIT,VGK,4,3,4,3,REG,3.707,47,56,0,3.141,37,54,0
2022020369,2022,2022-12-01,STL,CAR,4,6,4,6,REG,2.000,26,32,0,3.091,36,47,2
2022020370,2022,2022-12-01,MIN,EDM,5,3,5,3,REG,3.161,30,41,0,1.875,21,31,0
2022020371,2022,2022-12-01,DAL,ANA,5,0,5,0,REG,4.090,41,53,0,2.614,31,39,0
2022020372,2022,2022-12-01,CGY,MTL,1,2,1,2,REG,4.551,46,60,0,1.892,19,31,0
2022020373,2022,2022-12-01,VAN,FLA,1,5,1,5,REG,2.134,33,45,0,3.753,32,45,0
2022020374,2022,2022-12-01,SEA,WSH,3,2,2,2,OT,2.083,24,41,0,2.489,23,35,0
2022020375,2022,2022-12-01,LAK,ARI,5,3,5,3,REG,3.012,32,40,1,2.106,21,32,0
2022020376,2022,2022-12-02,NYR,OTT,2,3,2,2,OT,2.508,25,38,0,3.073,34,46,0
2022020377,2022,2022-12-02,NYI,NSH,1,4,1,4,REG,3.487,49,60,0,1.766,23,33,2
2022020378,2022,2022-12-02,WPG,CBJ,1,4,1,4,REG,4.245,38,60,0,2.408,26,41,0
2022020379,2022,2022-12-03,MIN,ANA,5,4,4,4,SO,4.093,47,61,0,2.732,31,39,0
2022020380,2022,2022-12-03,BOS,COL,5,1,5,1,REG,3.653,40,50,0,1.789,25,32,0
2022020381,2022,2022-12-03,EDM,MTL,5,3,5,3,REG,3.121,22,32,0,3.006,33,48,0
2022020382,2022,2022-12-03,PHI,NJD,2,3,2,3,REG,2.273,33,47,0,1.466,18,29,0
2022020383,2022,2022-12-03,OTT,SJS,5,2,5,2,REG,3.618,39,52,0,3.381,37,47,0
2022020384,2022,2022-12-03,PIT,STL,6,2,6,2,REG,3.763,38,52,1,3.389,28,37,0
2022020385,2022,2022-12-03,TBL,TOR,4,3,3,3,OT,3.742,32,50,0,4.378,39,48,0
2022020386,2022,2022-12-03,DET,VGK,1,4,1,4,REG,3.620,25,40,0,2.737,25,34,1
2022020387,2022,2022-12-03,NYR,CHI,2,5,2,5,REG,3.575,28,50,0,1.244,21,27,1
2022020388,2022,2022-12-03,VAN,ARI,3,2,2,2,OT,3.523,27,42,0,1.886,23,33,0
2022020389,2022,2022-12-03,SEA,FLA,1,5,1,5,REG,3.061,36,48,0,3.157,28,38,0
2022020390,2022,2022-12-03,CGY,WSH,5,2,5,2,REG,2.906,36,53,1,2.295,29,39,0
2022020391,2022,2022-12-03,LAK,CAR,2,4,2,4,REG,3.646,33,45,0,3.225,31,50,0
2022020392,2022,2022-12-04,WPG,ANA,5,2,5,2,REG,4.273,40,60,0,2.719,30,41,0
2022020393,2022,2022-12-04,DAL,MIN,5,6,5,5,SO,3.135,34,43,0,2.198,28,38,0
2022020394,2022,2022-12-04,CBJ,DET,2,4,2,4,REG,4.050,34,45,0,3.450,35,44,0
2022020395,2022,2022-12-04,BUF,SJS,6,3,6,3,REG,4.461,38,48,1,2.494,29,34,0
2022020396,2022,2022-12-04,NYI,CHI,3,0,3,0,REG,3.386,40,53,0,2.273,21,36,0
2022020397,2022,2022-12-05,PHI,COL,5,3,5,3,REG,1.650,34,43,1,2.831,32,44,0
2022020398,2022,2022-12-05,NYR,STL,6,4,6,4,REG,2.126,24,29,0,3.223,29,41,0
2022020399,2022,2022-12-05,BOS,VGK,3,4,3,3,SO,3.316,37,52,0,2.195,23,35,0
2022020400,2022,2022-12-05,EDM,WSH,2,3,2,3,REG,2.137,30,41,0,4.765,50,61,0
2022020401,2022,2022-12-05,CGY,ARI,3,2,3,2,REG,2.205,27,35,0,2.395,20,30,0
2022020402,2022,2022-12-05,VAN,MTL,7,6,6,6,OT,3.004,31,40,0,3.393,26,43,0
2022020403,2022,2022-12-06,NJD,CHI,3,0,3,0,REG,3.682,29,46,0,1.785,24,29,0
2022020404,2022,2022-12-06,PIT,CBJ,4,1,4,1,REG,3.456,34,50,0,3.157,39,51,0
2022020405,2022,2022-12-06,TBL,DET,2,4,2,4,REG,5.053,46,63,0,2.946,26,38,2
2022020406,2022,2022-12-06,OTT,LAK,2,5,2,5,REG,2.569,33,42,0,2.641,28,39,0
2022020407,2022,2022-12-06,NYI,STL,4,7,4,7,REG,4.022,40,47,0,3.079,28,40,2
2022020408,2022,2022-12-06,WPG,FLA,5,2,5,2,REG,3.841,31,50,1,3.463,41,56,0
2022020409,2022,2022-12-06,DAL,TOR,0,4,0,4,REG,5.676,44,66,0,3.612,29,42,1
2022020410,2022,2022-12-06,ANA,CAR,4,3,3,3,OT,1.892,29,34,0,3.835,37,54,0
2022020411,2022,2022-12-06,SEA,MTL,2,4,2,4,REG,3.408,33,46,0,1.452,16,23,0
2022020412,2022,2022-12-07,CBJ,BUF,4,9,4,9,REG,3.022,24,38,0,1.963,30,34,0
2022020413,2022,2022-12-07,PHI,WSH,1,4,1,4,REG,2.499,30,48,0,2.917,27,38,2
2022020414,2022,2022-12-07,CGY,MIN,5,3,5,3,REG,2.806,27,41,1,3.028,28,41,0
2022020415,2022,2022-12-07,COL,BOS,0,4,0,4,REG,1.034,23,29,0,2.404,37,47,0
2022020416,2022,2022-12-07,EDM,ARI,8,2,8,2,REG,3.544,35,45,0,2.023,18,26,0
2022020417,2022,2022-12-07,VGK,NYR,1,5,1,5,REG,2.484,26,31,0,2.457,37,44,0
2022020418,2022,2022-12-07,SJS,VAN,5,6,5,5,OT,3.347,35,46,0,2.390,24,34,0
2022020419,2022,2022-12-08,FLA,DET,5,1,5,1,REG,3.378,41,53,0,2.221,20,31,0
2022020420,2022,2022-12-08,TOR,LAK,5,0,5,0,REG,3.864,41,52,0,1.691,29,42,0
2022020421,2022,2022-12-08,TBL,NSH,5,2,5,2,REG,2.614,33,39,0,2.663,36,42,0
2022020422,2022,2022-12-08,STL,WPG,2,5,2,5,REG,2.353,31,35,0,2.127,20,31,1
2022020423,2022,2022-12-08,DAL,OTT,4,3,3,3,OT,2.778,27,38,0,3.511,29,46,0
2022020424,2022,2022-12-09,CBJ,CGY,3,1,3,1,REG,2.811,27,42,1,2.912,32,51,0
2022020425,2022,2022-12-09,NJD,NYI,4,6,4,6,REG,3.500,29,46,0,3.968,32,46,0
2022020426,2022,2022-12-09,BUF,PIT,3,4,3,3,OT,2.789,31,37,0,2.916,31,39,0
2022020427,2022,2022-12-09,WSH,SEA,4,1,4,1,REG,4.160,38,52,2,1.840,26,34,0
2022020428,2022,2022-12-09,CHI,WPG,1,3,1,3,REG,1.819,23,34,0,3.664,32,52,0
2022020429,2022,2022-12-09,EDM,MIN,5,2,5,2,REG,3.721,38,43,1,5.730,44,50,0
2022020430,2022,2022-12-09,COL,NYR,1,2,1,1,SO,2.676,37,49,0,1.415,28,35,0
2022020431,2022,2022-12-09,ARI,BOS,4,3,4,3,REG,1.916,16,22,0,4.878,46,62,0
2022020432,2022,2022-12-09,VGK,PHI,2,1,1,1,OT,1.826,33,40,0,1.987,27,40,0
2022020433,2022,2022-12-09,ANA,SJS,1,6,1,6,REG,2.003,24,33,0,3.320,28,44,1
2022020434,2022,2022-12-10,NSH,OTT,2,3,2,3,REG,3.430,29,42,0,3.680,33,48,0
2022020435,2022,2022-12-10,DAL,DET,3,2,2,2,OT,3.408,32,52,0,2.464,25,45,0
2022020436,2022,2022-12-10,TBL,FLA,4,1,4,1,REG,3.995,38,52,0,3.079,25,42,0
2022020437,2022,2022-12-10,PIT,BUF,3,1,3,1,REG,3.209,31,46,0,3.415,38,53,0
2022020438,2022,2022-12-10,TOR,CGY,5,4,4,4,OT,2.863,31,42,0,1.593,26,32,0
2022020439,2022,2022-12-10,MTL,LAK,2,4,2,4,REG,2.373,22,37,0,3.449,35,49,1
2022020440,2022,2022-12-10,NYI,CAR,0,3,0,3,REG,1.116,16,22,0,2.484,29,46,0
2022020441,2022,2022-12-10,VAN,MIN,0,3,0,3,REG,3.227,35,49,0,4.175,33,51,0
2022020442,2022,2022-12-11,STL,COL,2,3,2,2,OT,1.791,32,42,0,2.104,29,37,0
2022020443,2022,2022-12-11,CBJ,LAK,6,5,5,5,OT,2.652,24,38,0,3.526,38,59,0
2022020444,2022,2022-12-11,FLA,SEA,2,5,2,5,REG,2.965,25,38,0,4.148,32,46,1
2022020445,2022,2022-12-11,ARI,PHI,5,4,4,4,OT,2.040,27,34,0,3.954,39,58,0
2022020446,2022,2022-12-11,WPG,WSH,2,5,2,5,REG,3.281,31,38,0,3.361,36,45,1
2022020447,2022,2022-12-11,VGK,BOS,1,3,1,3,REG,3.381,31,44,0,2.398,27,33,0
2022020448,2022,2022-12-12,MTL,CGY,2,1,1,1,SO,4.316,31,43,0,2.727,35,46,0
2022020449,2022,2022-12-12,PIT,DAL,2,1,2,1,REG,1.700,25,32,0,1.816,27,35,0
2022020450,2022,2022-12-12,NYR,NJD,4,3,3,3,OT,1.783,22,34,0,3.140,28,42,0
2022020451,2022,2022-12-12,OTT,ANA,3,0,3,0,REG,3.811,38,55,0,2.921,32,38,0
2022020452,2022,2022-12-12,MIN,EDM,2,1,2,1,REG,3.109,30,45,0,1.998,21,32,0
2022020453,2022,2022-12-12,STL,NSH,1,0,0,0,OT,2.084,20,32,0,2.593,24,39,0
2022020454,2022,2022-12-13,TOR,ANA,7,0,7,0,REG,4.504,42,58,0,2.088,28,40,0
2022020455,2022,2022-12-13,FLA,CBJ,4,0,4,0,REG,3.081,26,43,1,2.461,22,36,0
2022020456,2022,2022-12-13,NJD,DAL,1,4,1,4,REG,3.320,36,50,0,2.574,32,43,2
2022020457,2022,2022-12-13,BUF,LAK,6,0,6,0,REG,2.432,31,42,0,2.592,40,48,0
2022020458,2022,2022-12-13,BOS,NYI,4,3,3,3,SO,2.517,27,38,0,2.139,25,36,0
2022020459,2022,2022-12-13,TBL,SEA,6,2,6,2,REG,2.802,30,42,0,2.497,38,53,0
2022020460,2022,2022-12-13,DET,CAR,0,1,0,1,REG,1.870,27,40,0,2.723,27,39,0
2022020461,2022,2022-12-13,NSH,EDM,3,6,3,6,REG,3.592,32,51,0,3.048,37,49,1
2022020462,2022,2022-12-13,WPG,VGK,5,6,5,6,REG,3.158,34,50,0,2.289,33,42,1
2022020463,2022,2022-12-13,CHI,WSH,3,7,3,7,REG,3.471,29,40,0,2.989,30,45,0
2022020464,2022,2022-12-13,COL,PHI,3,2,3,2,REG,1.849,25,32,0,1.772,28,34,0
2022020465,2022,2022-12-13,SJS,ARI,3,2,3,2,REG,3.262,33,49,0,1.669,22,33,0
2022020466,2022,2022-12-14,OTT,MTL,3,2,3,2,REG,3.387,31,42,0,3.084,25,35,0
2022020467,2022,2022-12-14,MIN,DET,4,1,4,1,REG,1.876,22,31,1,1.824,17,33,0
2022020468,2022,2022-12-14,CGY,VAN,3,4,3,3,SO,3.236,36,50,0,2.694,22,34,0
2022020469,2022,2022-12-15,MTL,ANA,2,5,2,5,REG,1.882,25,38,0,2.138,32,38,2
2022020470,2022,2022-12-15,TBL,CBJ,4,1,4,1,REG,3.047,29,43,1,1.801,25,36,0
2022020471,2022,2022-12-15,WSH,DAL,1,2,1,2,REG,3.402,46,59,0,2.095,26,39,0
2022020472,2022,2022-12-15,BOS,LAK,2,3,2,2,SO,3.031,34,48,0,2.085,26,41,0
2022020473,2022,2022-12-15,NJD,PHI,1,2,1,2,REG,4.259,49,59,0,2.134,24,33,0
2022020474,2022,2022-12-15,FLA,PIT,2,4,2,4,REG,3.142,34,48,0,3.952,39,54,1
2022020475,2022,2022-12-15,CAR,SEA,3,2,3,2,REG,4.162,39,50,0,1.233,17,24,0
2022020476,2022,2022-12-15,NYR,TOR,3,1,3,1,REG,1.811,20,30,1,2.978,23,40,0
2022020477,2022,2022-12-15,WPG,NSH,2,1,1,1,OT,4.175,39,62,0,2.025,25,33,0
2022020478,2022,2022-12-15,CHI,VGK,1,4,1,4,REG,1.911,25,30,0,2.631,25,36,1
2022020479,2022,2022-12-15,COL,BUF,2,4,2,4,REG,4.087,41,60,0,1.832,21,28,1
2022020480,2022,2022-12-15,EDM,STL,3,4,3,3,SO,3.869,26,45,0,3.617,29,40,0
2022020481,2022,2022-12-16,MIN,CHI,4,1,4,1,REG,2.402,22,32,1,2.013,30,35,0
2022020482,2022,2022-12-16,CGY,STL,2,5,2,5,REG,3.306,43,62,0,2.571,24,32,0
2022020483,2022,2022-12-16,ARI,NYI,5,4,5,4,REG,2.656,29,39,0,2.995,34,48,0
2022020484,2022,2022-12-17,BOS,CBJ,4,2,4,2,REG,3.521,39,50,0,3.357,33,48,0
2022020485,2022,2022-12-17,DET,OTT,3,6,3,6,REG,2.528,32,41,0,3.084,28,37,1
2022020486,2022,2022-12-17,EDM,ANA,3,4,3,4,REG,6.190,49,69,0,1.635,17,29,0
2022020487,2022,2022-12-17,CAR,DAL,5,4,4,4,OT,3.032,36,51,0,2.164,28,35,0
2022020488,2022,2022-12-17,NJD,FLA,2,4,2,4,REG,3.374,32,51,0,2.855,29,36,1
2022020489,2022,2022-12-17,PHI,NYR,3,6,3,6,REG,2.698,32,42,0,2.975,35,50,2
2022020490,2022,2022-12-17,MTL,TBL,1,5,1,5,REG,2.258,23,31,0,2.777,27,33,0
2022020491,2022,2022-12-17,WSH,TOR,5,2,5,2,REG,2.584,28,34,0,3.697,36,56,0
2022020492,2022,2022-12-17,ARI,BUF,2,5,2,5,REG,3.278,31,41,0,4.034,43,51,2
2022020493,2022,2022-12-17,COL,NSH,3,1,3,1,REG,2.868,30,45,1,2.033,26,36,0
2022020494,2022,2022-12-17,VGK,NYI,2,5,2,5,REG,2.518,38,58,0,1.215,26,35,2
2022020495,2022,2022-12-17,VAN,WPG,1,5,1,5,REG,1.802,23,31,0,1.986,27,36,0
2022020496,2022,2022-12-17,LAK,SJS,3,2,2,2,SO,3.190,34,42,0,2.902,25,34,0
2022020497,2022,2022-12-18,MIN,OTT,4,2,4,2,REG,2.260,23,33,1,2.840,28,36,0
2022020498,2022,2022-12-18,CAR,PIT,3,2,3,2,REG,2.252,29,38,0,2.610,25,42,0
2022020499,2022,2022-12-18,CHI,NYR,1,7,1,7,REG,2.565,30,44,0,2.825,26,38,0
2022020500,2022,2022-12-18,SEA,WPG,3,2,3,2,REG,2.696,34,47,0,2.092,17,25,0
2022020501,2022,2022-12-18,SJS,CGY,2,5,2,5,REG,2.454,26,35,0,2.912,25,41,0
2022020502,2022,2022-12-19,CBJ,DAL,1,2,1,2,REG,2.610,28,47,0,3.417,34,47,1
2022020503,2022,2022-12-19,WSH,DET,4,3,3,3,OT,3.078,39,57,0,1.551,18,26,0
2022020504,2022,2022-12-19,BOS,FLA,7,3,7,3,REG,2.742,26,37,0,2.897,39,51,0
2022020505,2022,2022-12-19,NSH,EDM,4,3,3,3,OT,3.014,34,48,0,3.423,30,39,0
2022020506,2022,2022-12-19,COL,NYI,1,0,0,0,SO,4.218,44,63,0,2.011,26,36,0
2022020507,2022,2022-12-19,VGK,BUF,2,3,2,3,REG,4.766,43,57,0,1.346,18,36,0
2022020508,2022,2022-12-19,ARI,MTL,2,3,2,2,OT,3.976,39,51,0,2.442,24,36,0
2022020509,2022,2022-12-19,VAN,STL,1,5,1,5,REG,3.407,34,49,0,2.819,27,40,0
2022020510,2022,2022-12-20,PHI,CBJ,5,3,5,3,REG,2.627,39,50,1,3.034,33,44,0
2022020511,2022,2022-12-20,PIT,NYR,3,2,3,2,REG,2.366,24,31,0,2.708,28,42,0
2022020512,2022,2022-12-20,CAR,NJD,4,1,4,1,REG,2.611,20,32,0,4.265,38,54,0
2022020513,2022,2022-12-20,TOR,TBL,4,1,4,1,REG,3.790,40,50,2,1.452,19,30,0
2022020514,2022,2022-12-20,WPG,OTT,5,1,5,1,REG,2.497,24,39,0,3.027,36,51,0
2022020515,2022,2022-12-20,SEA,STL,5,2,5,2,REG,3.338,33,50,1,3.008,24,43,0
2022020516,2022,2022-12-20,LAK,ANA,4,1,4,1,REG,4.412,41,57,0,2.228,25,36,0
2022020517,2022,2022-12-20,SJS,CGY,3,7,3,7,REG,2.763,27,34,0,3.235,39,53,1
2022020518,2022,2022-12-21,FLA,NJD,2,4,2,4,REG,4.296,36,51,0,2.927,33,46,1
2022020519,2022,2022-12-21,DET,TBL,7,4,7,4,REG,2.481,31,36,2,2.989,38,44,0
2022020520,2022,2022-12-21,COL,MTL,2,1,1,1,OT,2.838,35,50,0,1.368,19,26,0
2022020521,2022,2022-12-21,CHI,NSH,2,4,2,4,REG,3.207,39,53,0,3.389,37,53,0
2022020522,2022,2022-12-21,DAL,EDM,3,6,3,6,REG,3.032,27,41,0,2.730,34,46,1
2022020523,2022,2022-12-21,VGK,ARI,5,2,5,2,REG,3.755,34,48,0,2.697,23,35,0
2022020524,2022,2022-12-21,ANA,MIN,1,4,1,4,REG,2.186,22,35,0,4.243,42,60,1
2022020525,2022,2022-12-22,TOR,PHI,4,3,4,3,REG,3.735,34,49,0,1.982,19,28,0
2022020526,2022,2022-12-22,PIT,CAR,3,4,3,3,OT,2.766,27,40,0,3.607,35,49,0
2022020527,2022,2022-12-22,NYR,NYI,5,3,5,3,REG,2.894,34,52,1,1.516,18,27,0
2022020528,2022,2022-12-22,OTT,WSH,2,3,2,2,OT,1.899,24,33,0,3.466,38,47,0
2022020529,2022,2022-12-22,BOS,WPG,3,2,3,2,REG,3.485,39,56,0,3.207,27,42,0
2022020530,2022,2022-12-22,VAN,SEA,6,5,5,5,SO,3.613,36,52,0,2.776,34,47,0
2022020531,2022,2022-12-22,LAK,CGY,4,3,3,3,OT,3.144,30,44,0,3.020,28,39,0
2022020532,2022,2022-12-22,SJS,MIN,5,2,5,2,REG,2.387,25,35,1,2.473,26,44,0
2022020533,2022,2022-12-23,NJD,BOS,3,4,3,4,REG,3.187,40,49,0,1.975,23,28,0
2022020535,2022,2022-12-23,CAR,PHI,6,5,6,5,REG,3.495,37,52,0,3.130,31,41,0
2022020537,2022,2022-12-23,WSH,WPG,4,1,4,1,REG,2.579,27,38,1,2.853,26,35,0
2022020538,2022,2022-12-23,NYI,FLA,5,1,5,1,REG,4.827,43,61,1,2.142,23,32,0
2022020539,2022,2022-12-23,NSH,COL,2,3,2,2,OT,3.400,38,47,0,3.765,44,58,0
2022020540,2022,2022-12-23,CHI,CBJ,5,2,5,2,REG,3.229,38,48,0,2.717,29,44,0
2022020541,2022,2022-12-23,DAL,MTL,4,2,4,2,REG,3.555,36,50,1,1.946,24,31,0
2022020542,2022,2022-12-23,EDM,VAN,2,5,2,5,REG,4.141,33,45,0,2.967,30,44,1
2022020543,2022,2022-12-23,ARI,LAK,2,1,1,1,SO,2.019,20,30,0,2.470,25,37,0
2022020544,2022,2022-12-23,ANA,CGY,2,3,2,2,OT,2.416,23,37,0,4.445,44,64,0
2022020545,2022,2022-12-23,VGK,STL,5,4,4,4,SO,2.854,28,36,0,2.602,28,39,0
2022020546,2022,2022-12-27,OTT,BOS,3,2,2,2,SO,2.703,26,33,0,3.584,47,59,0
2022020548,2022,2022-12-27,CAR,CHI,3,0,3,0,REG,4.021,49,62,0,1.988,24,33,0
2022020549,2022,2022-12-27,NYR,WSH,0,4,0,4,REG,3.799,32,55,0,2.399,30,36,1
2022020550,2022,2022-12-27,NYI,PIT,5,1,5,1,REG,4.109,42,62,0,1.406,21,32,0
2022020551,2022,2022-12-27,NSH,DAL,2,3,2,3,REG,2.802,28,41,0,4.068,33,50,0
2022020552,2022,2022-12-27,WPG,MIN,1,4,1,4,REG,2.301,32,43,0,2.432,28,46,1
2022020553,2022,2022-12-27,STL,TOR,4,5,4,4,OT,2.807,32,45,0,3.584,33,47,0
2022020554,2022,2022-12-27,ARI,COL,6,3,6,3,REG,3.482,33,44,1,2.848,31,44,0
2022020555,2022,2022-12-27,CGY,EDM,1,2,1,2,REG,4.849,47,66,0,2.072,22,26,0
2022020556,2022,2022-12-27,VAN,SJS,6,2,6,2,REG,2.701,25,36,0,2.333,26,39,0
2022020557,2022,2022-12-27,LAK,VGK,4,2,4,2,REG,2.219,25,34,1,2.694,25,37,0
2022020558,2022,2022-12-28,NJD,BOS,1,3,1,3,REG,3.577,31,52,0,3.192,27,44,1
2022020559,2022,2022-12-28,TBL,MTL,4,1,4,1,REG,4.378,38,50,0,1.810,26,29,0
2022020560,2022,2022-12-28,PIT,DET,4,5,4,4,OT,3.309,29,43,0,4.124,44,51,0
2022020561,2022,2022-12-28,SEA,CGY,2,3,2,3,REG,3.315,31,45,0,4.713,44,61,0
2022020562,2022,2022-12-28,ANA,VGK,3,2,2,2,SO,1.857,22,32,0,4.378,50,65,0
2022020563,2022,2022-12-29,BUF,DET,6,3,6,3,REG,3.528,35,45,1,3.101,31,40,0
2022020564,2022,2022-12-29,FLA,MTL,7,2,7,2,REG,5.103,41,52,0,1.846,27,34,0
2022020565,2022,2022-12-29,TBL,NYR,2,1,1,1,SO,3.916,37,52,0,3.730,41,56,0
2022020566,2022,2022-12-29,WSH,OTT,3,4,3,3,OT,2.000,23,34,0,3.604,43,59,0
2022020567,2022,2022-12-29,NYI,CBJ,2,1,2,1,REG,3.394,36,51,0,1.774,21,34,0
2022020568,2022,2022-12-29,STL,CHI,3,1,3,1,REG,2.554,29,37,1,2.189,22,28,0
2022020569,2022,2022-12-29,MIN,DAL,1,4,1,4,REG,2.198,24,41,0,3.289,43,55,1
2022020570,2022,2022-12-29,WPG,VAN,4,2,4,2,REG,4.023,39,56,1,2.773,22,32,0
2022020571,2022,2022-12-29,COL,LAK,4,5,4,4,SO,2.018,26,35,0,1.633,25,38,0
2022020572,2022,2022-12-29,ARI,TOR,6,3,6,3,REG,2.176,23,28,2,3.171,32,43,0
2022020573,2022,2022-12-29,SJS,PHI,3,4,3,3,OT,2.877,28,40,0,1.749,25,33,0
2022020574,2022,2022-12-30,ANA,NSH,1,6,1,6,REG,3.214,27,47,0,3.756,43,60,0
2022020575,2022,2022-12-30,CAR,FLA,4,0,4,0,REG,2.974,34,41,0,2.278,19,37,0
2022020576,2022,2022-12-30,PIT,NJD,2,4,2,4,REG,3.550,27,38,0,2.448,28,42,1
2022020577,2022,2022-12-30,SEA,EDM,2,7,2,7,REG,2.673,38,53,0,2.610,32,37,0
2022020578,2022,2022-12-31,BOS,BUF,3,4,3,3,OT,4.402,39,49,0,1.960,24,29,0
2022020579,2022,2022-12-31,VGK,NSH,5,4,4,4,OT,2.661,30,44,0,3.106,37,46,0
2022020580,2022,2022-12-31,WSH,MTL,9,2,9,2,REG,5.072,40,53,0,3.033,33,45,0
2022020581,2022,2022-12-31,LAK,PHI,2,4,2,4,REG,2.466,29,41,0,2.157,23,33,1
2022020582,2022,2022-12-31,TBL,ARI,5,3,5,3,REG,3.693,35,49,0,2.331,31,38,0
2022020583,2022,2022-12-31,CBJ,CHI,4,1,4,1,REG,3.004,38,48,1,2.517,28,43,0
2022020584,2022,2022-12-31,DET,OTT,4,2,4,2,REG,2.260,25,37,0,2.279,23,39,0
2022020585,2022,2022-12-31,COL,TOR,2,6,2,6,REG,2.332,28,40,0,2.201,32,37,1
2022020586,2022,2022-12-31,DAL,SJS,5,2,5,2,REG,2.839,31,39,1,3.410,31,46,0
2022020587,2022,2022-12-31,CGY,VAN,3,2,3,2,REG,2.594,30,43,0,2.010,24,34,0
2022020588,2022,2022-12-31,EDM,WPG,1,2,1,2,REG,3.258,32,45,0,1.755,17,27,0
2022020589,2022,2022-12-31,STL,MIN,2,5,2,5,REG,3.105,31,45,0,3.139,32,47,1
2022020590,2022,2023-01-01,NJD,CAR,4,5,4,4,SO,2.386,25,33,0,3.832,43,59,0
2022020591,2022,2023-01-01,FLA,NYR,3,5,3,5,REG,3.758,35,47,0,2.584,28,35,0
2022020592,2022,2023-01-01,OTT,BUF,3,1,3,1,REG,3.039,33,43,1,3.301,34,53,0
2022020593,2022,2023-01-01,CHI,SJS,2,5,2,5,REG,1.717,22,38,0,3.242,28,39,0
2022020594,2022,2023-01-01,SEA,NYI,4,1,4,1,REG,2.551,35,40,1,2.134,19,33,0
2022020595,2022,2023-01-02,BOS,PIT,2,1,2,1,REG,2.547,29,39,0,1.843,27,41,0
2022020596,2022,2023-01-02,COL,VGK,2,3,2,3,REG,2.830,29,40,0,2.980,28,42,0
2022020597,2022,2023-01-02,ANA,PHI,1,4,1,4,REG,3.702,29,45,0,2.466,33,40,0
2022020598,2022,2023-01-03,FLA,ARI,5,3,5,3,REG,2.877,37,46,0,3.029,36,49,0
2022020599,2022,2023-01-03,WSH,BUF,4,5,4,4,OT,3.275,30,45,0,2.262,27,36,0
2022020600,2022,2023-01-03,NYR,CAR,5,3,5,3,REG,2.641,31,40,1,2.259,23,32,0
2022020601,2022,2023-01-03,OTT,CBJ,4,0,4,0,REG,3.384,34,45,1,2.193,22,31,0
2022020602,2022,2023-01-03,TOR,STL,5,6,5,5,SO,2.628,24,42,0,2.916,27,36,0
2022020603,2022,2023-01-03,WPG,CGY,3,2,3,2,REG,1.942,25,41,0,2.576,35,49,0
2022020604,2022,2023-01-03,NSH,MTL,6,3,6,3,REG,3.762,34,58,0,2.063,27,36,0
2022020605,2022,2023-01-03,CHI,TBL,1,4,1,4,REG,1.891,26,34,0,3.693,29,45,1
2022020606,2022,2023-01-03,EDM,SEA,2,5,2,5,REG,2.383,32,45,0,2.654,24,34,1
2022020607,2022,2023-01-03,VAN,NYI,2,6,2,6,REG,2.572,26,42,0,3.049,29,39,1
2022020608,2022,2023-01-03,LAK,DAL,3,2,3,2,REG,3.300,35,48,0,3.319,30,45,0
2022020609,2022,2023-01-04,DET,NJD,1,5,1,5,REG,3.386,33,47,0,2.280,27,33,0
2022020610,2022,2023-01-04,MIN,TBL,5,1,5,1,REG,2.797,33,44,1,3.519,35,51,0
2022020611,2022,2023-01-04,ANA,DAL,2,0,2,0,REG,1.697,27,37,0,3.335,35,50,0
2022020612,2022,2023-01-05,PHI,ARI,6,2,6,2,REG,3.277,34,48,0,1.512,23,28,0
2022020613,2022,2023-01-05,MTL,NYR,1,4,1,4,REG,2.351,18,32,0,2.452,31,45,1
2022020614,2022,2023-01-05,CAR,NSH,3,5,3,5,REG,6.211,67,84,0,2.540,25,34,1
2022020615,2022,2023-01-05,TOR,SEA,1,5,1,5,REG,2.931,27,44,0,1.489,26,33,0
2022020616,2022,2023-01-05,NJD,STL,3,5,3,5,REG,3.905,39,56,0,1.633,19,26,1
2022020617,2022,2023-01-05,CBJ,WSH,2,6,2,6,REG,2.242,27,38,0,3.290,37,51,0
2022020618,2022,2023-01-05,EDM,NYI,4,2,4,2,REG,4.487,38,52,0,1.272,22,29,0
2022020619,2022,2023-01-05,VAN,COL,4,2,4,2,REG,4.644,43,54,1,3.099,32,47,0
2022020620,2022,2023-01-05,VGK,PIT,5,2,5,2,REG,2.137,31,42,0,3.056,40,52,0
2022020621,2022,2023-01-05,LAK,BOS,2,5,2,5,REG,2.584,29,39,0,1.859,22,28,1
2022020622,2022,2023-01-06,WSH,NSH,2,3,2,3,REG,2.027,32,40,0,2.489,21,33,0
2022020623,2022,2023-01-06,DET,FLA,2,3,2,3,REG,2.836,31,48,0,1.650,20,29,0
2022020624,2022,2023-01-06,WPG,TBL,4,2,4,2,REG,2.646,20,35,1,3.073,28,44,0
2022020625,2022,2023-01-06,CHI,ARI,2,0,2,0,REG,2.960,32,48,1,1.859,22,28,0
2022020626,2022,2023-01-06,CGY,NYI,4,1,4,1,REG,2.145,21,37,0,1.956,25,29,0
2022020627,2022,2023-01-06,ANA,SJS,5,4,4,4,OT,3.392,28,52,0,4.559,41,57,0
2022020628,2022,2023-01-07,NJD,NYR,4,3,3,3,OT,4.177,39,48,0,3.357,33,45,0
2022020629,2022,2023-01-07,CBJ,CAR,4,3,3,3,SO,1.614,18,24,0,3.606,41,53,0
2022020630,2022,2023-01-07,TOR,DET,4,1,4,1,REG,2.868,29,42,1,2.188,23,35,0
2022020631,2022,2023-01-07,BUF,MIN,6,5,5,5,OT,2.412,33,44,0,3.135,38,47,0
2022020632,2022,2023-01-07,OTT,SEA,4,8,4,8,REG,2.325,23,36,0,1.859,24,31,0
2022020633,2022,2023-01-07,MTL,STL,5,4,5,4,REG,3.220,27,37,0,2.159,22,33,0
2022020634,2022,2023-01-07,EDM,COL,2,3,2,2,OT,3.217,29,38,0,4.471,44,57,0
2022020635,2022,2023-01-07,VGK,LAK,1,5,1,5,REG,1.947,20,34,0,1.798,23,32,1
2022020636,2022,2023-01-07,SJS,BOS,2,4,2,4,REG,2.535,30,44,0,2.487,29,40,0
2022020637,2022,2023-01-08,DAL,FLA,5,1,5,1,REG,2.716,34,47,1,3.382,28,45,0
2022020638,2022,2023-01-08,WPG,VAN,7,4,7,4,REG,2.497,27,34,0,3.600,38,47,0
2022020639,2022,2023-01-08,WSH,CBJ,1,0,1,0,REG,1.406,19,32,0,3.699,38,51,0
2022020640,2022,2023-01-08,CHI,CGY,4,3,3,3,OT,2.193,24,32,0,3.510,45,61,0
2022020641,2022,2023-01-08,ARI,PIT,1,4,1,4,REG,2.871,24,35,0,2.685,28,40,1
2022020642,2022,2023-01-08,MIN,STL,0,3,0,3,REG,2.969,35,56,0,1.912,24,34,1
2022020643,2022,2023-01-08,PHI,TOR,2,6,2,6,REG,3.759,36,56,0,2.954,35,45,0
2022020644,2022,2023-01-08,ANA,BOS,1,7,1,7,REG,2.422,29,40,0,3.148,42,55,0
2022020645,2022,2023-01-09,OTT,NSH,0,3,0,3,REG,3.650,38,51,0,3.736,36,48,0
2022020646,2022,2023-01-09,MTL,SEA,0,4,0,4,REG,2.444,21,32,0,3.230,41,51,1
2022020647,2022,2023-01-09,LAK,EDM,6,3,6,3,REG,3.155,38,48,1,3.363,31,42,0
2022020990,2022,2023-01-09,BUF,PHI,0,4,0,4,REG,2.840,28,40,0,3.311,38,51,0
2022020648,2022,2023-01-10,TBL,CBJ,6,3,6,3,REG,3.555,46,55,0,2.655,24,42,0
2022020649,2022,2023-01-10,NYR,MIN,4,3,3,3,SO,3.392,37,52,0,2.497,30,41,0
2022020650,2022,2023-01-10,CAR,NJD,3,5,3,5,REG,3.928,28,55,0,2.848,23,33,1
2022020651,2022,2023-01-10,BUF,SEA,3,4,3,4,REG,3.992,35,50,0,2.920,22,32,0
2022020652,2022,2023-01-10,PIT,VAN,5,4,5,4,REG,4.775,36,49,0,2.686,24,38,0
2022020653,2022,2023-01-10,NYI,DAL,1,2,1,1,SO,3.340,26,46,0,2.481,23,32,0
2022020654,2022,2023-01-10,DET,WPG,7,5,7,5,REG,1.600,23,33,1,3.976,37,62,0
2022020655,2022,2023-01-10,STL,CGY,4,3,3,3,OT,2.209,26,35,0,2.829,31,47,0
2022020656,2022,2023-01-10,COL,FLA,4,5,4,5,REG,2.763,31,44,0,3.717,38,52,0
2022020657,2022,2023-01-10,ARI,SJS,2,4,2,4,REG,2.257,29,40,0,2.469,33,38,0
2022020658,2022,2023-01-11,TOR,NSH,2,1,2,1,REG,2.396,35,47,0,2.740,33,35,0
2022020659,2022,2023-01-11,PHI,WSH,5,3,5,3,REG,3.475,36,51,1,2.038,29,37,0
2022020660,2022,2023-01-11,ANA,EDM,2,6,2,6,REG,2.214,23,35,0,4.764,53,65,0
2022020661,2022,2023-01-11,LAK,SJS,4,3,4,3,REG,3.697,37,51,0,3.134,30,48,0
2022020662,2022,2023-01-12,CBJ,CAR,2,6,2,6,REG,2.116,23,31,0,4.253,41,54,0
2022020663,2022,2023-01-12,NYR,DAL,2,1,1,1,OT,2.150,29,42,0,1.796,25,29,0
2022020664,2022,2023-01-12,MTL,NSH,4,3,4,3,REG,3.472,35,51,0,3.932,42,56,0
2022020665,2022,2023-01-12,BOS,SEA,0,3,0,3,REG,3.100,27,41,0,2.365,31,37,1
2022020666,2022,2023-01-12,DET,TOR,4,1,4,1,REG,2.126,23,32,1,2.497,33,42,0
2022020667,2022,2023-01-12,TBL,VAN,5,4,5,4,REG,3.890,35,46,0,3.142,40,49,0
2022020668,2022,2023-01-12,BUF,WPG,2,4,2,4,REG,3.971,41,54,0,1.989,27,32,1
2022020669,2022,2023-01-12,NYI,MIN,1,3,1,3,REG,1.820,20,33,0,3.424,36,49,1
2022020670,2022,2023-01-12,STL,CGY,1,4,1,4,REG,2.535,26,38,0,3.169,40,53,1
2022020671,2022,2023-01-12,CHI,COL,3,2,3,2,REG,3.091,30,36,0,3.595,33,47,0
2022020672,2022,2023-01-12,ARI,OTT,3,5,3,5,REG,2.088,29,43,0,4.169,47,64,1
2022020673,2022,2023-01-12,VGK,FLA,4,2,4,2,REG,3.292,33,49,1,4.071,40,57,0
2022020674,2022,2023-01-13,PIT,WPG,1,4,1,4,REG,1.611,23,29,0,3.260,40,48,0
2022020675,2022,2023-01-13,ANA,NJD,2,6,2,6,REG,3.357,33,51,0,3.681,39,52,0
2022020676,2022,2023-01-13,SJS,EDM,1,7,1,7,REG,2.465,26,38,0,3.294,41,47,0
2022020677,2022,2023-01-14,DAL,CGY,5,6,5,6,REG,2.480,34,49,0,2.941,36,51,0
2022020678,2022,2023-01-14,DET,CBJ,3,4,3,4,REG,1.464,28,35,0,2.246,25,35,0
2022020679,2022,2023-01-14,NYI,MTL,2,1,2,1,REG,3.796,38,50,0,2.184,23,32,0
2022020680,2022,2023-01-14,COL,OTT,7,0,7,0,REG,3.391,33,46,0,2.650,29,41,0
2022020681,2022,2023-01-14,WSH,PHI,1,3,1,3,REG,4.563,40,62,0,2.134,25,29,0
2022020682,2022,2023-01-14,CAR,PIT,2,1,2,1,REG,4.657,36,56,0,3.053,35,50,0
2022020683,2022,2023-01-14,BOS,TOR,4,3,4,3,REG,3.266,34,46,0,2.598,21,33,0
2022020684,2022,2023-01-14,FLA,VAN,4,3,4,3,REG,3.040,35,47,0,3.316,38,48,0
2022020685,2022,2023-01-14,MIN,ARI,2,1,2,1,REG,3.137,27,38,0,2.452,28,38,0
2022020686,2022,2023-01-14,NSH,BUF,3,5,3,5,REG,3.524,41,51,0,3.681,33,50,0
2022020687,2022,2023-01-14,CHI,SEA,5,8,5,8,REG,1.787,27,40,0,2.919,30,42,0
2022020688,2022,2023-01-14,STL,TBL,2,4,2,4,REG,2.058,25,34,0,2.867,30,44,0
2022020689,2022,2023-01-14,VGK,EDM,3,4,3,4,REG,2.348,30,43,0,3.193,37,50,0
2022020690,2022,2023-01-14,LAK,NJD,2,5,2,5,REG,3.789,37,52,0,2.592,28,39,1
2022020691,2022,2023-01-15,NYR,MTL,1,2,1,2,REG,3.621,39,58,0,3.377,31,42,0
2022020692,2022,2023-01-15,CAR,VAN,3,4,3,3,SO,2.691,29,46,0,2.145,28,35,0
2022020693,2022,2023-01-15,WPG,ARI,2,1,2,1,REG,2.575,24,39,0,3.022,21,39,0
2022020694,2022,2023-01-16,BUF,FLA,1,4,1,4,REG,2.547,29,39,0,2.499,34,41,1
2022020695,2022,2023-01-16,BOS,PHI,6,0,6,0,REG,2.900,29,40,0,2.522,29,44,0
2022020696,2022,2023-01-16,COL,DET,6,3,6,3,REG,2.574,27,37,0,2.592,29,43,0
2022020697,2022,2023-01-16,SJS,NJD,3,4,3,3,SO,2.892,29,42,0,2.653,37,44,0
2022020698,2022,2023-01-16,SEA,TBL,1,4,1,4,REG,1.773,23,34,0,2.506,31,41,2
2022020699,2022,2023-01-16,VGK,DAL,0,4,0,4,REG,2.653,27,41,0,2.987,36,51,1
2022020700,2022,2023-01-16,PIT,ANA,4,3,3,3,OT,4.875,44,59,0,2.741,28,33,0
2022020701,2022,2023-01-16,CBJ,NYR,1,3,1,3,REG,3.179,25,33,0,3.492,33,50,0
2022020702,2022,2023-01-16,NYI,WSH,3,4,3,3,OT,2.738,28,39,0,2.960,31,47,0
2022020703,2022,2023-01-16,NSH,CGY,2,1,2,1,REG,3.229,29,42,0,3.451,39,52,0
2022020704,2022,2023-01-16,STL,OTT,2,1,2,1,REG,1.651,20,28,0,2.524,33,43,0
2022020338,2022,2023-01-17,NSH,CBJ,2,1,2,1,REG,3.472,28,45,0,4.732,40,55,0
2022020705,2022,2023-01-17,PHI,ANA,5,2,5,2,REG,3.676,39,56,1,2.541,27,41,0
2022020706,2022,2023-01-17,TOR,FLA,5,4,4,4,OT,4.033,36,48,0,2.216,19,28,0
2022020707,2022,2023-01-17,WSH,MIN,2,4,2,4,REG,4.122,36,58,0,1.124,22,30,1
2022020708,2022,2023-01-17,MTL,WPG,4,1,4,1,REG,2.783,28,37,0,3.498,26,48,0
2022020709,2022,2023-01-17,CHI,BUF,4,3,3,3,OT,2.082,23,36,0,3.024,31,48,0
2022020710,2022,2023-01-17,ARI,DET,4,3,3,3,SO,2.430,21,30,0,3.310,39,49,0
2022020711,2022,2023-01-17,EDM,SEA,5,2,5,2,REG,4.033,34,46,0,2.133,31,40,0
2022020712,2022,2023-01-18,OTT,PIT,5,4,4,4,OT,4.965,39,58,0,2.662,18,33,0
2022020713,2022,2023-01-18,NYI,BOS,1,4,1,4,REG,3.087,26,41,0,2.017,24,38,0
2022020714,2022,2023-01-18,CGY,COL,1,4,1,4,REG,2.961,35,45,0,2.332,31,43,1
2022020715,2022,2023-01-18,VAN,TBL,2,5,2,5,REG,3.468,39,56,0,1.666,25,31,1
2022020716,2022,2023-01-18,SJS,DAL,5,3,5,3,REG,3.031,28,42,1,2.371,36,44,0
2022020717,2022,2023-01-19,CBJ,ANA,3,5,3,5,REG,3.272,33,49,0,3.637,33,45,0
2022020718,2022,2023-01-19,NYR,BOS,1,3,1,3,REG,3.093,32,45,0,2.790,27,39,0
2022020719,2022,2023-01-19,PHI,CHI,1,4,1,4,REG,4.144,38,55,0,2.069,29,39,1
2022020720,2022,2023-01-19,MTL,FLA,2,6,2,6,REG,2.628,25,34,0,5.905,40,57,0
2022020721,2022,2023-01-19,CAR,MIN,5,2,5,2,REG,3.195,29,49,0,4.069,31,44,0
2022020722,2022,2023-01-19,BUF,NYI,3,2,2,2,OT,4.122,44,60,0,2.776,26,39,0
2022020723,2022,2023-01-19,TOR,WPG,4,1,4,1,REG,2.184,27,37,1,4.229,38,57,0
2022020724,2022,2023-01-19,STL,NSH,5,2,5,2,REG,3.622,33,46,0,2.778,26,38,0
2022020725,2022,2023-01-19,EDM,TBL,5,3,5,3,REG,3.737,34,47,1,3.532,31,44,0
2022020726,2022,2023-01-19,ARI,WSH,0,4,0,4,REG,2.007,26,37,0,3.528,33,46,0
2022020727,2022,2023-01-19,VGK,DET,2,3,2,3,REG,1.915,35,46,0,1.716,25,35,0
2022020728,2022,2023-01-19,SEA,NJD,4,3,3,3,OT,3.735,39,59,0,3.389,30,44,0
2022020729,2022,2023-01-19,LAK,DAL,0,4,0,4,REG,3.613,34,44,0,2.558,24,36,0
2022020730,2022,2023-01-20,PIT,OTT,4,1,4,1,REG,3.813,44,53,0,4.616,45,55,0
2022020731,2022,2023-01-20,VAN,COL,1,4,1,4,REG,2.707,29,42,0,2.695,29,39,0
2022020732,2022,2023-01-21,BUF,ANA,6,3,6,3,REG,3.344,39,52,0,3.015,37,49,0
2022020733,2022,2023-01-21,CGY,TBL,6,3,6,3,REG,3.934,41,54,2,3.404,24,38,0
2022020734,2022,2023-01-21,FLA,MIN,5,3,5,3,REG,2.575,27,41,1,3.929,32,52,0
2022020735,2022,2023-01-21,DET,PHI,1,2,1,2,REG,2.462,31,42,0,1.424,25,36,0
2022020736,2022,2023-01-21,CBJ,SJS,5,3,5,3,REG,2.661,29,46,1,2.387,26,34,0
2022020737,2022,2023-01-21,MTL,TOR,3,2,2,2,OT,3.162,28,35,0,4.539,37,54,0
2022020738,2022,2023-01-21,OTT,WPG,1,5,1,5,REG,2.275,26,35,0,3.446,30,48,0
2022020739,2022,2023-01-21,NYI,CAR,2,5,2,5,REG,2.266,31,41,0,2.831,26,47,1
2022020740,2022,2023-01-21,DAL,ARI,4,0,4,0,REG,3.251,39,53,0,3.051,33,43,0
2022020741,2022,2023-01-21,STL,CHI,3,5,3,5,REG,2.779,32,41,0,1.542,18,24,0
2022020742,2022,2023-01-21,NSH,LAK,5,3,5,3,REG,2.521,28,42,0,3.427,34,45,0
2022020743,2022,2023-01-21,SEA,COL,1,2,1,1,SO,2.284,27,46,0,2.076,26,37,0
2022020744,2022,2023-01-21,VAN,EDM,2,4,2,4,REG,2.475,29,37,0,3.438,29,38,1
2022020745,2022,2023-01-21,VGK,WSH,6,2,6,2,REG,2.451,27,43,0,1.655,22,30,0
2022020746,2022,2023-01-22,NJD,PIT,2,1,1,1,OT,1.971,22,31,0,2.988,26,43,0
2022020747,2022,2023-01-22,CHI,LAK,1,2,1,2,REG,1.674,19,30,0,2.746,27,41,0
2022020748,2022,2023-01-22,BOS,SJS,4,0,4,0,REG,2.794,22,36,0,1.541,18,30,0
2022020749,2022,2023-01-22,PHI,WPG,3,5,3,5,REG,2.504,31,39,0,3.106,30,44,1
2022020750,2022,2023-01-22,ARI,VGK,4,1,4,1,REG,2.055,23,35,1,3.769,36,53,0
2022020751,2022,2023-01-23,NYR,FLA,6,2,6,2,REG,2.636,26,37,1,3.305,35,46,0
2022020752,2022,2023-01-23,TOR,NYI,5,2,5,2,REG,5.239,39,54,0,4.087,33,51,0
2022020753,2022,2023-01-23,DAL,BUF,2,3,2,2,OT,3.747,31,37,0,1.891,23,36,0
2022020754,2022,2023-01-23,CGY,CBJ,4,3,3,3,OT,4.475,45,61,0,2.257,24,32,0
2022020755,2022,2023-01-24,MTL,BOS,2,4,2,4,REG,1.482,22,35,0,2.656,29,39,1
2022020756,2022,2023-01-24,PIT,FLA,7,6,6,6,OT,4.247,45,57,0,4.035,37,52,0
2022020757,2022,2023-01-24,PHI,LAK,3,4,3,3,OT,2.246,30,36,0,2.764,35,48,0
2022020758,2022,2023-01-24,TBL,MIN,4,2,4,2,REG,3.708,39,46,1,3.761,35,50,0
2022020759,2022,2023-01-24,NJD,VGK,3,2,2,2,OT,2.815,32,43,0,2.527,30,41,0
2022020760,2022,2023-01-24,DET,SJS,3,2,2,2,OT,2.339,29,43,0,2.477,30,41,0
2022020761,2022,2023-01-24,STL,BUF,3,5,3,5,REG,2.411,28,40,0,2.321,31,41,1
2022020762,2022,2023-01-24,NSH,WPG,2,1,2,1,REG,4.003,41,55,0,3.446,33,46,0
2022020763,2022,2023-01-24,ARI,ANA,2,5,2,5,REG,3.434,39,53,0,3.419,43,57,1
2022020764,2022,2023-01-24,COL,WSH,3,2,3,2,REG,1.914,26,33,0,3.923,39,55,0
2022020765,2022,2023-01-24,VAN,CHI,5,2,5,2,REG,5.112,48,63,1,1.686,14,26,0
2022020766,2022,2023-01-25,OTT,NYI,2,1,2,1,REG,3.708,38,63,0,2.799,36,52,0
2022020767,2022,2023-01-25,TOR,NYR,3,2,2,2,OT,4.059,34,50,0,2.087,29,42,0
2022020768,2022,2023-01-25,DAL,CAR,2,3,2,2,OT,1.353,21,24,0,2.314,23,35,0
2022020769,2022,2023-01-25,EDM,CBJ,2,3,2,2,OT,3.185,36,41,0,2.661,24,38,0
2022020770,2022,2023-01-25,SEA,VAN,6,1,6,1,REG,3.190,35,48,0,1.474,20,33,0
2022020771,2022,2023-01-26,TBL,BOS,3,2,3,2,REG,3.376,35,50,0,2.630,39,46,0
2022020772,2022,2023-01-26,MTL,DET,3,4,3,3,OT,2.110,21,31,0,3.173,38,47,0
2022020773,2022,2023-01-26,WSH,PIT,3,2,2,2,SO,3.527,41,47,0,1.926,33,42,0
2022020774,2022,2023-01-26,WPG,BUF,2,3,2,3,REG,2.443,21,38,0,3.198,36,43,0
2022020775,2022,2023-01-26,NSH,NJD,6,4,6,4,REG,4.072,41,62,1,3.830,39,50,0
2022020776,2022,2023-01-26,COL,ANA,3,5,3,5,REG,3.928,44,58,0,2.305,32,39,1
2022020777,2022,2023-01-26,CGY,CHI,1,5,1,5,REG,3.320,35,52,0,3.086,29,43,1
2022020778,2022,2023-01-26,MIN,PHI,3,2,2,2,OT,3.230,21,38,0,2.084,29,37,0
2022020779,2022,2023-01-26,ARI,STL,5,0,5,0,REG,2.553,26,35,0,2.379,33,45,0
2022020780,2022,2023-01-27,NYI,DET,2,0,2,0,REG,3.108,29,46,0,2.018,23,35,0
2022020781,2022,2023-01-27,FLA,LAK,3,4,3,4,REG,5.174,48,61,0,2.671,33,39,1
2022020782,2022,2023-01-27,TOR,OTT,2,6,2,6,REG,4.001,33,49,0,3.163,34,49,0
2022020783,2022,2023-01-27,CAR,SJS,5,4,4,4,OT,2.965,34,52,0,2.243,29,37,1
2022020784,2022,2023-01-27,NYR,VGK,4,1,4,1,REG,3.016,40,56,1,2.940,34,47,0
2022020785,2022,2023-01-27,DAL,NJD,2,3,2,2,OT,2.921,35,45,0,1.698,28,34,0
2022020786,2022,2023-01-27,SEA,CGY,2,5,2,5,REG,2.728,30,46,0,3.367,38,50,1
2022020787,2022,2023-01-27,VAN,CBJ,5,2,5,2,REG,3.006,34,46,0,1.754,26,36,0
2022020788,2022,2023-01-28,COL,STL,4,2,4,2,REG,2.809,31,44,1,2.358,28,37,0
2022020789,2022,2023-01-28,FLA,BOS,4,3,3,3,OT,3.324,36,53,0,4.467,41,53,0
2022020790,2022,2023-01-28,TBL,LAK,5,2,5,2,REG,1.906,25,36,0,2.493,28,39,0
2022020791,2022,2023-01-28,OTT,MTL,5,0,5,0,REG,3.340,36,56,1,3.447,28,39,0
2022020792,2022,2023-01-28,WPG,PHI,0,4,0,4,REG,3.479,40,59,0,3.154,33,47,0
2022020793,2022,2023-01-28,PIT,SJS,4,6,4,6,REG,4.128,41,55,0,3.157,32,44,1
2022020794,2022,2023-01-28,NYI,VGK,2,1,1,1,OT,2.395,37,46,0,3.478,42,51,0
2022020795,2022,2023-01-28,MIN,BUF,3,2,2,2,SO,3.137,32,44,0,1.908,30,36,0
2022020796,2022,2023-01-28,ANA,ARI,2,1,1,1,OT,3.526,41,52,0,3.382,32,47,0
2022020797,2022,2023-01-28,EDM,CHI,7,3,7,3,REG,4.733,43,52,0,2.700,29,35,0
2022020798,2022,2023-01-28,SEA,CBJ,3,1,3,1,REG,3.079,31,49,0,2.370,25,37,0
2022020799,2022,2023-01-29,CAR,BOS,4,1,4,1,REG,3.506,36,47,1,1.780,25,32,0
2022020800,2022,2023-01-29,TOR,WSH,5,1,5,1,REG,3.030,27,39,0,1.930,24,35,0
2022020801,2022,2023-01-30,WPG,STL,4,2,4,2,REG,3.222,39,53,1,2.102,26,33,0
2022020802,2022,2023-01-31,CAR,LAK,5,4,4,4,OT,2.550,26,46,0,1.688,20,28,0
2022020803,2022,2023-01-31,MTL,OTT,4,5,4,5,REG,3.921,32,44,0,3.066,29,37,0
2022020804,2022,2023-01-31,CBJ,WSH,3,4,3,3,OT,2.455,34,44,0,3.482,33,41,0
2022020805,2022,2023-02-01,BUF,CAR,1,5,1,5,REG,2.778,30,42,0,2.701,34,41,1
2022020806,2022,2023-02-01,TOR,BOS,2,5,2,5,REG,3.061,35,50,0,2.198,29,39,0
2022020807,2022,2023-02-06,PHI,NYI,1,2,1,2,REG,2.299,26,38,0,2.978,30,41,0
2022020808,2022,2023-02-06,FLA,TBL,7,1,7,1,REG,4.035,49,61,0,3.784,33,47,0
2022020809,2022,2023-02-06,NYR,CGY,5,4,4,4,OT,3.026,28,43,0,2.657,32,45,0
2022020810,2022,2023-02-06,NJD,VAN,5,4,4,4,OT,2.505,30,38,0,2.667,30,39,0
2022020811,2022,2023-02-06,DAL,ANA,3,2,2,2,SO,4.500,37,59,0,2.376,30,40,0
2022020812,2022,2023-02-06,ARI,MIN,3,2,3,2,REG,3.815,36,55,0,3.306,35,50,0
2022020813,2022,2023-02-07,PIT,COL,2,1,1,1,OT,3.000,34,51,0,3.578,39,49,0
2022020814,2022,2023-02-07,TBL,SJS,3,4,3,3,OT,3.941,37,54,0,2.350,21,31,0
2022020815,2022,2023-02-07,DET,EDM,2,5,2,5,REG,2.722,32,42,0,2.526,27,38,1
2022020816,2022,2023-02-07,NYI,SEA,4,0,4,0,REG,3.110,28,39,0,2.587,32,46,0
2022020817,2022,2023-02-07,NSH,VGK,1,5,1,5,REG,1.842,17,37,0,3.084,30,42,1
2022020818,2022,2023-02-07,CHI,ANA,2,3,2,2,OT,2.508,29,43,0,1.567,25,30,0
2022020819,2022,2023-02-08,NYR,VAN,4,3,4,3,REG,2.293,21,33,0,1.738,25,32,0
2022020820,2022,2023-02-08,DAL,MIN,4,1,4,1,REG,3.405,37,47,1,3.203,39,54,0
2022020821,2022,2023-02-09,TBL,COL,5,0,5,0,REG,3.760,32,46,0,3.622,30,43,0
2022020822,2022,2023-02-09,PHI,EDM,2,1,1,1,SO,2.840,33,38,0,2.497,30,40,0
2022020823,2022,2023-02-09,FLA,SJS,4,1,4,1,REG,3.091,42,56,2,3.853,34,47,0
2022020824,2022,2023-02-09,NJD,SEA,3,1,3,1,REG,1.943,27,38,1,3.029,34,44,0
2022020825,2022,2023-02-09,DET,CGY,2,1,2,1,REG,2.164,17,28,0,2.426,36,55,0
2022020826,2022,2023-02-09,NYI,VAN,5,6,5,6,REG,3.391,29,40,0,4.056,34,47,0
2022020827,2022,2023-02-09,MIN,VGK,1,5,1,5,REG,2.378,28,42,0,2.131,31,36,0
2022020828,2022,2023-02-10,NYR,SEA,6,3,6,3,REG,3.025,28,42,1,2.921,29,48,0
2022020829,2022,2023-02-10,CBJ,TOR,0,3,0,3,REG,2.151,30,42,0,3.765,41,52,0
2022020830,2022,2023-02-10,CHI,ARI,4,3,3,3,OT,2.505,40,52,0,2.089,24,40,0
2022020831,2022,2023-02-10,ANA,PIT,3,6,3,6,REG,2.433,31,36,0,4.997,59,75,0
2022020832,2022,2023-02-11,DET,VAN,5,2,5,2,REG,1.808,25,32,0,2.995,34,47,0
2022020833,2022,2023-02-11,BUF,CGY,2,7,2,7,REG,2.920,23,31,0,3.431,40,55,0
2022020834,2022,2023-02-11,OTT,EDM,3,6,3,6,REG,2.895,29,42,0,3.892,40,48,0
2022020835,2022,2023-02-11,MTL,NYI,4,3,3,3,OT,2.477,28,39,0,1.378,25,31,0
2022020836,2022,2023-02-11,PHI,NSH,1,2,1,1,OT,1.866,24,33,0,2.231,24,37,0
2022020837,2022,2023-02-11,DAL,TBL,1,3,1,3,REG,3.603,29,53,0,2.912,31,46,1
2022020838,2022,2023-02-11,BOS,WSH,1,2,1,2,REG,3.503,28,41,0,2.971,23,36,0
2022020839,2022,2023-02-11,FLA,COL,3,5,3,5,REG,4.379,45,54,0,4.349,50,56,1
2022020840,2022,2023-02-11,TOR,CBJ,3,4,3,4,REG,2.903,29,43,0,2.941,40,53,0
2022020841,2022,2023-02-11,CAR,NYR,2,6,2,6,REG,3.533,29,49,0,2.353,19,32,1
2022020842,2022,2023-02-11,STL,ARI,6,5,5,5,OT,3.628,35,52,0,2.980,28,38,0
2022020843,2022,2023-02-11,MIN,NJD,3,2,2,2,SO,2.136,22,35,0,2.055,26,36,0
2022020844,2022,2023-02-11,WPG,CHI,4,1,4,1,REG,2.881,28,41,1,3.168,32,46,0
2022020845,2022,2023-02-11,LAK,PIT,6,0,6,0,REG,4.150,31,43,0,3.482,25,46,0
2022020846,2022,2023-02-12,MTL,EDM,6,2,6,2,REG,2.456,30,33,0,3.865,31,40,0
2022020847,2022,2023-02-12,WSH,SJS,1,4,1,4,REG,2.634,21,34,0,4.036,33,52,1
2022020848,2022,2023-02-12,PHI,SEA,3,4,3,4,REG,2.059,18,28,0,2.251,21,35,0
2022020849,2022,2023-02-12,VGK,ANA,7,2,7,2,REG,3.733,39,53,0,1.872,25,38,0
2022020850,2022,2023-02-13,OTT,CGY,4,3,3,3,OT,2.542,23,33,0,2.868,36,54,0
2022020851,2022,2023-02-13,NSH,ARI,2,4,2,4,REG,3.618,31,48,0,1.679,19,29,1
2022020852,2022,2023-02-13,MIN,FLA,1,2,1,1,SO,2.517,25,39,0,3.306,34,49,0
2022020853,2022,2023-02-13,VAN,DET,1,6,1,6,REG,3.015,30,46,0,2.143,23,30,0
2022020854,2022,2023-02-13,LAK,BUF,5,2,5,2,REG,2.464,28,41,0,3.671,29,41,0
2022020855,2022,2023-02-14,WSH,CAR,2,3,2,3,REG,3.909,36,48,0,2.798,30,48,0
2022020856,2022,2023-02-14,MTL,CHI,4,0,4,0,REG,3.037,31,39,0,1.614,22,32,0
2022020857,2022,2023-02-14,CBJ,NJD,2,3,2,3,REG,2.458,33,43,0,2.949,32,52,0
2022020858,2022,2023-02-14,NYI,OTT,2,3,2,2,SO,3.470,43,61,0,3.339,34,44,0
2022020859,2022,2023-02-14,STL,FLA,6,2,6,2,REG,2.369,28,45,1,3.404,36,49,0
2022020860,2022,2023-02-14,WPG,SEA,3,2,2,2,SO,3.106,38,50,0,2.415,26,38,0
2022020861,2022,2023-02-14,DAL,BOS,2,3,2,2,OT,2.021,25,37,0,2.513,36,45,0
2022020862,2022,2023-02-14,COL,TBL,3,4,3,3,SO,3.096,45,50,0,3.368,34,52,0
2022020863,2022,2023-02-14,SJS,PIT,1,3,1,3,REG,3.236,39,45,0,3.094,28,40,1
2022020864,2022,2023-02-15,TOR,CHI,5,2,5,2,REG,4.900,42,56,0,1.346,29,34,0
2022020865,2022,2023-02-15,ARI,TBL,1,0,0,0,SO,2.528,26,38,0,3.652,42,56,0
2022020866,2022,2023-02-15,MIN,COL,2,3,2,3,REG,3.789,43,63,0,1.551,19,25,0
2022020867,2022,2023-02-15,EDM,DET,4,5,4,4,SO,4.068,43,61,0,1.522,21,26,0
2022020868,2022,2023-02-15,ANA,BUF,3,7,3,7,REG,2.438,22,33,0,3.833,44,54,0
2022020869,2022,2023-02-15,VAN,NYR,4,6,4,6,REG,2.373,29,37,0,2.405,28,35,1
2022020870,2022,2023-02-16,WSH,FLA,3,6,3,6,REG,3.274,32,42,0,2.440,36,49,2
2022020871,2022,2023-02-16,CAR,MTL,6,2,6,2,REG,4.254,41,62,0,2.440,22,30,0
2022020872,2022,2023-02-16,CBJ,WPG,3,1,3,1,REG,3.126,24,35,1,4.643,38,59,0
2022020873,2022,2023-02-16,NSH,BOS,0,5,0,5,REG,2.294,28,42,0,3.126,30,43,0
2022020874,2022,2023-02-16,STL,NJD,4,2,4,2,REG,3.131,35,47,0,3.470,36,47,0
2022020875,2022,2023-02-16,CGY,DET,2,5,2,5,REG,4.067,35,57,0,2.290,24,31,0
2022020876,2022,2023-02-16,SEA,PHI,6,2,6,2,REG,2.832,30,42,0,1.809,19,32,0
2022020877,2022,2023-02-16,VGK,SJS,2,1,2,1,REG,4.507,38,58,0,1.987,26,36,0
2022020878,2022,2023-02-17,OTT,CHI,3,4,3,3,OT,2.292,27,36,0,2.620,30,40,0
2022020879,2022,2023-02-17,NYI,PIT,5,4,5,4,REG,2.378,28,33,0,4.136,44,63,0
2022020880,2022,2023-02-17,MIN,DAL,2,1,1,1,SO,1.694,29,38,0,2.255,27,41,0
2022020881,2022,2023-02-17,EDM,NYR,4,5,4,4,SO,3.489,23,33,0,3.426,35,48,0
2022020882,2022,2023-02-17,ANA,LAK,3,6,3,6,REG,2.570,27,44,0,4.498,41,62,1
2022020883,2022,2023-02-18,STL,COL,1,4,1,4,REG,1.688,20,30,0,3.471,33,46,0
2022020884,2022,2023-02-18,NSH,FLA,7,3,7,3,REG,2.980,26,41,1,3.023,33,47,0
2022020885,2022,2023-02-18,BOS,NYI,6,2,6,2,REG,2.826,27,42,0,2.209,28,41,0
2022020886,2022,2023-02-18,PIT,NJD,2,5,2,5,REG,2.443,31,41,0,3.972,43,54,1
2022020887,2022,2023-02-18,DAL,CBJ,1,4,1,4,REG,2.474,29,47,0,2.588,37,56,1
2022020888,2022,2023-02-18,TOR,MTL,5,1,5,1,REG,4.847,41,50,0,2.124,30,40,0
2022020889,2022,2023-02-18,CAR,WSH,4,1,4,1,REG,3.437,35,56,0,1.288,25,33,0
2022020890,2022,2023-02-18,CGY,NYR,3,2,2,2,OT,3.060,31,48,0,2.179,19,26,0
2022020891,2022,2023-02-18,VAN,PHI,6,2,6,2,REG,2.104,23,29,2,3.387,37,54,0
2022020892,2022,2023-02-18,LAK,ARI,6,5,5,5,SO,3.414,31,44,0,3.801,31,39,0
2022020893,2022,2023-02-18,SJS,BUF,2,4,2,4,REG,3.027,35,47,0,2.808,31,41,1
2022020894,2022,2023-02-18,SEA,DET,4,2,4,2,REG,2.627,26,45,0,3.289,23,44,0
2022020895,2022,2023-02-18,VGK,TBL,5,4,5,4,REG,2.644,26,34,1,3.013,24,46,0
2022020896,2022,2023-02-19,MIN,NSH,4,3,4,3,REG,3.575,35,46,0,1.969,26,38,0
2022020897,2022,2023-02-19,OTT,STL,7,2,7,2,REG,3.469,34,42,0,2.607,32,42,0
2022020898,2022,2023-02-19,COL,EDM,6,5,5,5,OT,2.216,35,39,0,3.178,37,45,0
2022020899,2022,2023-02-19,CHI,TOR,5,3,5,3,REG,2.363,28,35,1,3.785,35,48,0
2022020900,2022,2023-02-19,NJD,WPG,4,2,4,2,REG,2.567,29,37,1,2.733,25,39,0
2022020901,2022,2023-02-19,ARI,CBJ,3,2,2,2,OT,2.026,23,34,0,3.770,35,58,0
2022020902,2022,2023-02-20,FLA,ANA,4,3,3,3,OT,5.016,53,68,0,2.886,32,34,0
2022020903,2022,2023-02-20,BOS,OTT,3,1,3,1,REG,3.160,32,44,0,1.716,31,34,0
2022020904,2022,2023-02-20,CGY,PHI,3,4,3,4,REG,4.616,35,53,0,2.288,22,29,0
2022020905,2022,2023-02-20,SJS,SEA,4,0,4,0,REG,3.010,24,36,0,2.360,26,40,0
2022020906,2022,2023-02-20,PIT,NYI,2,4,2,4,REG,4.575,46,61,0,2.997,32,43,1
2022020907,2022,2023-02-20,NYR,WPG,1,4,1,4,REG,5.049,51,64,0,2.327,21,27,0
2022020908,2022,2023-02-21,TBL,ANA,6,1,6,1,REG,5.150,44,67,0,3.087,25,33,0
2022020909,2022,2023-02-21,WSH,DET,1,3,1,3,REG,2.995,27,48,0,2.613,25,44,0
2022020910,2022,2023-02-21,NJD,MTL,2,5,2,5,REG,4.914,40,53,0,2.224,18,27,1
2022020911,2022,2023-02-21,CAR,STL,4,1,4,1,REG,4.596,36,55,0,2.832,36,47,0
2022020912,2022,2023-02-21,BUF,TOR,3,6,3,6,REG,2.741,32,38,0,3.282,29,34,1
2022020913,2022,2023-02-21,MIN,LAK,2,1,2,1,REG,1.746,20,29,0,3.480,34,51,0
2022020914,2022,2023-02-21,NSH,VAN,5,4,4,4,SO,3.158,24,34,0,4.101,37,47,0
2022020915,2022,2023-02-21,CHI,VGK,3,2,2,2,SO,3.088,34,46,0,2.516,34,40,0
2022020916,2022,2023-02-21,EDM,PHI,4,2,4,2,REG,3.390,27,38,1,1.999,26,35,0
2022020917,2022,2023-02-22,NYI,WPG,2,1,2,1,REG,1.946,22,29,0,2.990,26,41,0
2022020918,2022,2023-02-22,DAL,CHI,3,4,3,4,REG,3.164,32,50,0,2.413,23,37,0
2022020919,2022,2023-02-22,ARI,CGY,3,6,3,6,REG,2.040,15,30,0,4.167,51,67,0
2022020920,2022,2023-02-23,WSH,ANA,2,4,2,4,REG,4.081,43,59,0,2.084,21,31,1
2022020921,2022,2023-02-23,TBL,BUF,5,6,5,5,OT,4.530,37,54,0,2.264,22,35,0
2022020922,2022,2023-02-23,PIT,EDM,2,7,2,7,REG,2.075,24,37,0,3.806,44,54,0
2022020923,2022,2023-02-23,NJD,LAK,4,3,3,3,OT,3.344,27,42,0,1.992,22,32,0
2022020924,2022,2023-02-23,CBJ,MIN,0,2,0,2,REG,3.155,30,45,0,2.707,25,44,0
2022020925,2022,2023-02-23,DET,NYR,4,1,4,1,REG,2.387,23,35,0,2.583,31,45,0
2022020926,2022,2023-02-23,STL,VAN,2,3,2,2,OT,1.095,18,24,0,3.882,39,52,0
2022020927,2022,2023-02-23,SEA,BOS,5,6,5,6,REG,3.416,41,55,0,3.655,33,51,0
2022020928,2022,2023-02-23,VGK,CGY,4,3,3,3,OT,2.122,28,37,0,2.785,27,41,0
2022020929,2022,2023-02-23,SJS,NSH,2,6,2,6,REG,2.893,24,42,0,2.715,31,39,0
2022020930,2022,2023-02-24,FLA,BUF,1,3,1,3,REG,5.332,50,72,0,2.594,33,44,0
2022020931,2022,2023-02-24,TOR,MIN,2,1,1,1,OT,1.891,22,35,0,2.787,25,39,0
2022020932,2022,2023-02-24,PHI,MTL,2,5,2,5,REG,1.636,26,32,0,2.387,31,43,0
2022020933,2022,2023-02-24,CAR,OTT,4,0,4,0,REG,4.007,30,50,1,3.199,32,52,0
2022020934,2022,2023-02-24,NYI,LAK,2,3,2,3,REG,1.620,18,31,0,1.898,29,35,0
2022020935,2022,2023-02-24,WPG,COL,1,5,1,5,REG,2.936,27,42,0,3.511,36,45,0
2022020936,2022,2023-02-25,CBJ,EDM,6,5,6,5,REG,2.766,26,40,0,4.439,47,63,0
2022020937,2022,2023-02-25,WSH,NYR,6,3,6,3,REG,3.161,27,42,0,3.870,26,45,0
2022020938,2022,2023-02-25,CAR,ANA,2,3,2,3,REG,4.764,53,70,0,2.167,16,25,0
2022020939,2022,2023-02-25,VAN,BOS,1,3,1,3,REG,2.767,27,39,0,2.307,35,45,1
2022020940,2022,2023-02-25,MTL,OTT,2,5,2,5,REG,2.149,32,40,0,2.716,22,39,0
2022020941,2022,2023-02-25,NJD,PHI,7,0,7,0,REG,4.481,36,52,0,2.257,23,40,0
2022020942,2022,2023-02-25,DET,TBL,0,3,0,3,REG,3.377,45,55,0,1.503,18,27,1
2022020943,2022,2023-02-25,STL,PIT,2,3,2,2,OT,2.255,26,36,0,4.900,46,68,0
2022020944,2022,2023-02-25,COL,CGY,4,1,4,1,REG,2.719,22,30,0,3.086,29,44,0
2022020945,2022,2023-02-25,VGK,DAL,2,3,2,2,SO,4.066,36,50,0,4.142,40,51,0
2022020946,2022,2023-02-25,SJS,CHI,3,4,3,3,SO,3.607,43,57,0,3.201,29,42,0
2022020947,2022,2023-02-26,BUF,WSH,7,4,7,4,REG,4.514,37,47,0,2.635,30,43,0
2022020948,2022,2023-02-26,MIN,CBJ,3,2,2,2,OT,3.863,43,60,0,1.747,23,31,0
2022020949,2022,2023-02-26,WPG,NYI,0,4,0,4,REG,2.494,23,44,0,1.821,24,34,1
2022020950,2022,2023-02-26,NYR,LAK,5,2,5,2,REG,2.565,21,38,0,3.433,28,47,0
2022020951,2022,2023-02-26,PIT,TBL,7,3,7,3,REG,3.453,36,43,0,3.302,29,45,0
2022020952,2022,2023-02-26,ARI,NSH,2,6,2,6,REG,2.781,27,42,0,2.682,34,40,0
2022020953,2022,2023-02-26,SEA,TOR,1,5,1,5,REG,2.914,27,43,0,3.659,33,44,0
2022020534,2022,2023-02-27,OTT,DET,6,2,6,2,REG,4.236,42,50,0,2.307,24,31,0
2022020954,2022,2023-02-27,EDM,BOS,2,3,2,3,REG,3.056,24,36,0,3.249,28,37,0
2022020955,2022,2023-02-27,DAL,VAN,4,5,4,4,OT,4.973,38,58,0,2.286,20,32,0
2022020956,2022,2023-02-27,COL,VGK,3,0,3,0,REG,2.531,34,45,1,2.028,31,39,0
2022020957,2022,2023-02-27,ANA,CHI,4,2,4,2,REG,2.710,33,45,0,2.730,26,40,0
2022020958,2022,2023-02-28,BUF,CBJ,3,5,3,5,REG,3.981,41,58,0,3.396,36,49,1
2022020959,2022,2023-02-28,OTT,DET,6,1,6,1,REG,3.089,27,40,0,1.625,17,27,0
2022020960,2022,2023-02-28,TBL,FLA,1,4,1,4,REG,4.154,29,49,0,4.109,41,59,1
2022020961,2022,2023-02-28,WPG,LAK,5,6,5,5,SO,3.110,28,40,0,3.076,34,46,0
2022020962,2022,2023-02-28,MIN,NYI,2,1,1,1,SO,2.493,29,38,0,2.667,35,45,0
2022020963,2022,2023-02-28,NSH,PIT,1,3,1,3,REG,2.553,25,36,0,3.488,34,51,1
2022020964,2022,2023-02-28,STL,SEA,3,5,3,5,REG,2.192,25,39,0,2.043,26,37,1
2022020965,2022,2023-02-28,CGY,BOS,3,4,3,3,OT,5.340,51,64,0,1.666,17,22,0
2022020966,2022,2023-02-28,ARI,CHI,4,1,4,1,REG,2.747,33,36,0,1.826,24,38,0
2022020967,2022,2023-02-28,SJS,MTL,1,3,1,3,REG,3.348,39,52,0,2.358,32,41,1
2022020968,2022,2023-03-01,PHI,NYR,2,3,2,2,OT,2.474,28,40,0,2.302,24,34,0
2022020969,2022,2023-03-01,EDM,TOR,5,2,5,2,REG,3.201,32,42,0,1.732,28,37,0
2022020970,2022,2023-03-01,DAL,ARI,4,2,4,2,REG,3.949,41,56,0,2.282,20,29,0
2022020971,2022,2023-03-01,COL,NJD,5,7,5,7,REG,2.363,31,40,0,2.590,29,40,1
2022020972,2022,2023-03-01,VGK,CAR,3,2,3,2,REG,1.973,20,31,0,2.278,26,44,0
2022020973,2022,2023-03-01,ANA,WSH,2,3,2,2,OT,1.947,23,39,0,2.669,38,48,0
2022020974,2022,2023-03-02,BOS,BUF,7,1,7,1,REG,4.270,42,51,2,2.433,27,39,0
2022020975,2022,2023-03-02,FLA,NSH,1,2,1,2,REG,3.913,31,54,0,2.321,23,31,0
2022020976,2022,2023-03-02,NYR,OTT,3,5,3,5,REG,3.868,32,47,0,2.819,34,45,1
2022020977,2022,2023-03-02,TBL,PIT,4,5,4,4,OT,2.721,30,42,0,2.540,31,40,0
2022020978,2022,2023-03-02,DET,SEA,4,5,4,4,OT,2.144,28,34,0,2.881,35,47,0
2022020979,2022,2023-03-02,CHI,DAL,2,5,2,5,REG,2.242,21,32,0,3.362,36,53,2
2022020980,2022,2023-03-02,CGY,TOR,1,2,1,2,REG,3.660,26,38,0,3.711,34,45,0
2022020981,2022,2023-03-02,VAN,MIN,1,2,1,2,REG,3.011,22,32,0,3.344,36,51,0
2022020982,2022,2023-03-02,LAK,MTL,3,2,3,2,REG,3.909,33,50,0,2.440,21,30,0
2022020983,2022,2023-03-02,SJS,STL,3,6,3,6,REG,2.662,25,38,0,2.803,23,30,1
2022020984,2022,2023-03-03,CBJ,SEA,2,4,2,4,REG,2.999,23,42,0,4.083,35,55,1
2022020985,2022,2023-03-03,EDM,WPG,6,3,6,3,REG,4.155,33,50,0,2.408,28,35,0
2022020986,2022,2023-03-03,ARI,CAR,1,6,1,6,REG,1.934,18,27,0,3.922,42,63,0
2022020987,2022,2023-03-03,ANA,MTL,3,2,3,2,REG,2.601,33,43,0,2.573,28,40,0
2022020988,2022,2023-03-03,VGK,NJD,4,3,3,3,SO,2.911,27,42,0,4.638,41,56,0
2022020536,2022,2023-03-04,BUF,TBL,5,3,5,3,REG,3.373,34,46,0,3.391,36,49,0
2022020989,2022,2023-03-04,NYI,DET,4,1,4,1,REG,2.835,36,53,0,1.224,23,29,0
2022020991,2022,2023-03-04,BOS,NYR,4,2,4,2,REG,2.490,24,40,0,1.731,26,35,0
2022020992,2022,2023-03-04,FLA,PIT,4,1,4,1,REG,4.680,42,54,0,2.595,32,41,0
2022020993,2022,2023-03-04,SJS,WSH,3,8,3,8,REG,4.025,41,52,0,3.163,30,40,0
2022020994,2022,2023-03-04,OTT,CBJ,5,2,5,2,REG,3.626,39,55,0,1.629,21,26,0
2022020995,2022,2023-03-04,WPG,EDM,7,5,7,5,REG,3.016,39,53,1,3.006,35,42,0
2022020996,2022,2023-03-04,VAN,TOR,4,1,4,1,REG,2.829,24,33,0,3.012,37,48,0
2022020997,2022,2023-03-04,DAL,COL,7,3,7,3,REG,2.242,29,41,1,2.604,35,44,0
2022020998,2022,2023-03-04,CHI,NSH,1,3,1,3,REG,2.383,28,39,0,2.740,25,36,1
2022020999,2022,2023-03-04,CGY,MIN,0,3,0,3,REG,2.291,31,43,0,3.114,33,48,0
2022021000,2022,2023-03-04,LAK,STL,4,2,4,2,REG,3.977,38,48,1,2.758,26,32,0
2022021001,2022,2023-03-05,CAR,TBL,6,0,6,0,REG,3.487,38,47,0,1.534,14,27,0
2022021002,2022,2023-03-05,PHI,DET,3,1,3,1,REG,3.345,37,53,1,2.137,26,36,0
2022021003,2022,2023-03-05,VGK,MTL,4,3,4,3,REG,2.529,28,45,0,2.487,28,38,0
2022021004,2022,2023-03-05,ARI,NJD,4,5,4,4,OT,2.971,28,37,0,3.087,39,43,0
2022021005,2022,2023-03-05,COL,SEA,2,3,2,2,OT,2.611,23,36,0,2.831,34,46,0
2022021006,2022,2023-03-06,BUF,EDM,2,3,2,3,REG,4.046,39,54,0,3.951,37,51,0
2022021007,2022,2023-03-06,WPG,SJS,2,3,2,2,OT,3.604,36,51,0,2.334,22,41,0
2022021008,2022,2023-03-06,DAL,CGY,4,5,4,5,REG,2.992,33,47,0,3.491,38,50,0
2022021009,2022,2023-03-06,CHI,OTT,5,0,5,0,REG,2.650,21,31,0,2.575,35,52,0
2022021010,2022,2023-03-06,VAN,NSH,4,3,3,3,SO,2.501,25,33,0,2.775,32,43,0
2022021011,2022,2023-03-06,LAK,WSH,4,2,4,2,REG,4.209,41,55,1,2.665,22,33,0
2022021012,2022,2023-03-07,MTL,CAR,3,4,3,3,SO,2.378,23,35,0,3.092,35,55,0
2022021013,2022,2023-03-07,PIT,CBJ,5,4,4,4,OT,4.229,41,62,0,2.728,27,38,0
2022021014,2022,2023-03-07,TBL,PHI,5,2,5,2,REG,3.079,39,49,0,2.428,35,45,0
2022021015,2022,2023-03-07,NJD,TOR,3,4,3,4,REG,3.989,33,48,0,3.034,25,36,0
2022021016,2022,2023-03-07,FLA,VGK,2,1,2,1,REG,2.897,34,44,0,1.860,23,32,0
2022021017,2022,2023-03-07,NYI,BUF,3,2,3,2,REG,4.054,39,51,0,1.763,24,28,0
2022021018,2022,2023-03-07,MIN,CGY,0,1,0,0,SO,4.077,38,54,0,2.538,23,32,0
2022021019,2022,2023-03-07,COL,SJS,6,0,6,0,REG,3.357,43,54,0,0.996,13,19,0
2022021020,2022,2023-03-07,ARI,STL,6,2,6,2,REG,2.094,27,34,0,3.848,42,53,0
2022021021,2022,2023-03-07,SEA,ANA,5,2,5,2,REG,2.603,31,42,1,2.009,22,30,0
2022021022,2022,2023-03-08,DET,CHI,4,3,4,3,REG,4.110,41,54,0,1.482,20,25,0
2022021023,2022,2023-03-08,WPG,MIN,2,4,2,4,REG,4.126,48,58,0,2.087,23,33,1
2022021024,2022,2023-03-08,VAN,ANA,3,2,2,2,OT,3.055,33,50,0,1.502,22,32,0
2022021025,2022,2023-03-09,BUF,DAL,4,10,4,10,REG,2.074,29,39,0,4.812,49,58,0
2022021026,2022,2023-03-09,BOS,EDM,2,3,2,3,REG,2.471,28,37,0,1.881,22,31,0
2022021027,2022,2023-03-09,PIT,NYI,3,4,3,3,OT,3.326,34,47,0,2.730,26,40,0
2022021028,2022,2023-03-09,MTL,NYR,3,4,3,3,SO,2.430,23,28,0,2.783,30,41,0
2022021029,2022,2023-03-09,WSH,NJD,2,3,2,2,SO,1.568,18,26,0,3.895,39,50,0
2022021030,2022,2023-03-09,CAR,PHI,1,0,1,0,REG,3.258,29,46,0,1.523,19,26,0
2022021031,2022,2023-03-09,TBL,VGK,3,4,3,3,OT,3.598,36,53,0,1.933,18,25,0
2022021032,2022,2023-03-09,STL,SJS,4,2,4,2,REG,3.290,30,37,0,3.502,34,45,0
2022021033,2022,2023-03-09,COL,LAK,2,5,2,5,REG,2.531,30,44,0,2.203,31,36,1
2022021034,2022,2023-03-09,ARI,NSH,4,1,4,1,REG,3.879,43,57,1,4.529,40,60,0
2022021035,2022,2023-03-09,SEA,OTT,4,5,4,5,REG,3.241,33,47,0,4.006,31,48,0
2022021036,2022,2023-03-10,FLA,CHI,4,3,3,3,OT,3.252,39,49,0,2.456,23,38,0
2022021037,2022,2023-03-10,CGY,ANA,1,3,1,3,REG,3.352,37,51,0,1.313,18,24,1
2022021038,2022,2023-03-11,BOS,DET,3,2,3,2,REG,3.570,38,49,0,2.320,31,41,0
2022021039,2022,2023-03-11,PIT,PHI,5,1,5,1,REG,2.758,32,41,1,2.007,32,43,0
2022021040,2022,2023-03-11,BUF,NYR,1,2,1,1,OT,3.251,33,43,0,2.120,23,33,0
2022021041,2022,2023-03-11,COL,ARI,3,2,2,2,OT,3.187,42,65,0,2.710,20,26,0
2022021042,2022,2023-03-11,TBL,CHI,3,1,3,1,REG,3.452,37,51,1,2.158,23,36,0
2022021043,2022,2023-03-11,TOR,EDM,7,4,7,4,REG,3.931,38,51,1,2.549,26,40,0
2022021044,2022,2023-03-11,MTL,NJD,1,3,1,3,REG,2.439,24,32,0,2.635,37,48,1
2022021045,2022,2023-03-11,CBJ,STL,2,5,2,5,REG,5.541,39,58,0,2.579,24,34,1
2022021046,2022,2023-03-11,CAR,VGK,0,4,0,4,REG,3.159,33,53,0,1.892,24,30,1
2022021047,2022,2023-03-11,FLA,WPG,4,5,4,4,OT,5.215,44,56,0,2.379,25,31,0
2022021048,2022,2023-03-11,NYI,WSH,1,5,1,5,REG,2.542,19,39,0,2.311,27,35,0
2022021049,2022,2023-03-11,SEA,DAL,3,4,3,3,OT,2.135,29,41,0,2.463,24,35,0
2022021050,2022,2023-03-11,VAN,OTT,5,2,5,2,REG,4.035,30,46,1,2.635,20,34,0
2022021051,2022,2023-03-11,SJS,MIN,2,5,2,5,REG,3.930,37,49,0,3.094,29,44,1
2022021052,2022,2023-03-11,LAK,NSH,1,2,1,1,SO,2.537,24,44,0,2.737,25,42,0
2022021053,2022,2023-03-12,DET,BOS,5,3,5,3,REG,2.810,26,37,1,3.836,33,47,0
2022021054,2022,2023-03-12,PIT,NYR,3,2,2,2,OT,3.462,34,44,0,2.963,29,41,0
2022021055,2022,2023-03-12,NJD,CAR,3,0,3,0,REG,3.311,23,35,0,3.112,32,54,0
2022021056,2022,2023-03-12,STL,VGK,3,5,3,5,REG,3.295,33,46,0,2.455,31,40,1
2022021057,2022,2023-03-12,TBL,WPG,2,3,2,3,REG,3.323,35,52,0,2.107,22,32,0
2022021058,2022,2023-03-12,ARI,MIN,5,4,4,4,OT,1.652,20,28,0,2.506,33,39,0
2022021059,2022,2023-03-12,CGY,OTT,5,1,5,1,REG,5.601,39,60,0,2.372,31,37,0
2022021060,2022,2023-03-12,ANA,NSH,4,5,4,4,OT,2.828,35,44,0,2.820,34,45,0
2022021061,2022,2023-03-13,TOR,BUF,3,4,3,4,REG,2.159,28,39,0,2.658,29,40,0
2022021062,2022,2023-03-13,MTL,COL,4,8,4,8,REG,1.878,19,30,0,3.888,33,41,0
2022021063,2022,2023-03-13,SEA,DAL,2,5,2,5,REG,2.338,28,41,0,2.250,32,41,0
2022021064,2022,2023-03-14,PIT,MTL,4,6,4,6,REG,5.217,43,62,0,1.772,22,30,1
2022021065,2022,2023-03-14,NJD,TBL,1,4,1,4,REG,2.355,23,40,0,2.082,30,39,0
2022021066,2022,2023-03-14,PHI,VGK,3,5,3,5,REG,3.812,30,50,0,3.134,33,40,1
2022021067,2022,2023-03-14,NYR,WSH,5,3,5,3,REG,3.405,36,48,1,2.039,31,42,0
2022021068,2022,2023-03-14,CAR,WPG,5,3,5,3,REG,1.889,25,39,1,1.978,24,29,0
2022021069,2022,2023-03-14,NSH,DET,2,1,2,1,REG,1.822,16,22,0,2.946,29,46,0
2022021070,2022,2023-03-14,CHI,BOS,6,3,6,3,REG,2.746,29,35,1,3.879,42,53,0
2022021071,2022,2023-03-14,EDM,OTT,6,3,6,3,REG,3.696,33,44,1,2.523,32,38,0
2022021072,2022,2023-03-14,ARI,CGY,4,3,3,3,OT,2.069,23,35,0,3.036,45,58,0
2022021073,2022,2023-03-14,VAN,DAL,5,2,5,2,REG,2.393,19,27,0,2.505,27,47,0
2022021074,2022,2023-03-14,SJS,CBJ,5,6,5,5,OT,3.367,30,46,0,3.711,43,57,0
2022021075,2022,2023-03-14,LAK,NYI,5,2,5,2,REG,4.384,37,56,1,2.930,28,37,0
2022021076,2022,2023-03-15,WSH,BUF,5,4,4,4,SO,3.534,37,47,0,2.849,24,40,0
2022021077,2022,2023-03-15,TOR,COL,1,2,1,1,SO,1.649,18,26,0,2.421,25,39,0
2022021078,2022,2023-03-15,STL,MIN,5,8,5,8,REG,2.730,36,46,0,3.185,35,44,0
2022021079,2022,2023-03-15,ANA,NYI,3,6,3,6,REG,1.489,23,30,0,2.500,33,41,0
2022021080,2022,2023-03-16,OTT,COL,4,5,4,5,REG,3.974,36,48,0,3.340,30,43,0
2022021081,2022,2023-03-16,FLA,MTL,9,5,9,5,REG,4.079,42,56,0,2.195,30,40,0
2022021082,2022,2023-03-16,NYR,PIT,4,2,4,2,REG,3.323,35,46,1,2.685,32,46,0
2022021083,2022,2023-03-16,NJD,TBL,3,4,3,3,SO,4.108,31,49,0,1.993,21,32,0
2022021084,2022,2023-03-16,WPG,BOS,0,3,0,3,REG,2.951,36,47,0,2.853,24,39,1
2022021085,2022,2023-03-16,NSH,CHI,1,2,1,2,REG,3.079,36,51,0,2.409,21,36,0
2022021086,2022,2023-03-16,EDM,DAL,4,1,4,1,REG,3.826,30,45,1,2.786,26,35,0
2022021087,2022,2023-03-16,VGK,CGY,2,7,2,7,REG,1.896,19,26,0,3.187,30,44,1
2022021088,2022,2023-03-16,ARI,VAN,3,2,3,2,REG,1.949,27,42,0,4.024,31,55,0
2022021089,2022,2023-03-16,LAK,CBJ,4,1,4,1,REG,2.978,36,45,0,2.274,30,41,0
2022021090,2022,2023-03-16,SJS,SEA,1,2,1,1,OT,2.797,32,41,0,3.184,31,52,0
2022021091,2022,2023-03-17,PHI,BUF,5,2,5,2,REG,2.141,22,31,0,3.753,38,52,0
2022021092,2022,2023-03-17,TOR,CAR,5,2,5,2,REG,2.132,24,31,0,3.374,34,57,0
2022021093,2022,2023-03-17,WSH,STL,2,5,2,5,REG,3.419,34,46,0,1.959,22,29,1
2022021094,2022,2023-03-17,ANA,CBJ,7,4,7,4,REG,3.331,38,53,2,3.935,42,58,0
2022021095,2022,2023-03-18,DET,COL,1,5,1,5,REG,2.847,34,43,0,2.022,23,35,0
2022021096,2022,2023-03-18,MIN,BOS,2,5,2,5,REG,3.198,31,45,0,3.014,38,50,1
2022021097,2022,2023-03-18,NSH,WPG,2,3,2,2,OT,1.139,19,27,0,2.687,33,49,0
2022021098,2022,2023-03-18,SEA,EDM,4,6,4,6,REG,3.773,37,52,0,2.684,23,34,0
2022021099,2022,2023-03-18,PHI,CAR,4,5,4,4,OT,3.364,33,41,0,2.891,33,49,0
2022021100,2022,2023-03-18,FLA,NJD,4,2,4,2,REG,3.749,41,51,1,2.030,35,45,0
2022021101,2022,2023-03-18,TBL,MTL,5,3,5,3,REG,3.203,41,56,1,1.665,21,30,0
2022021102,2022,2023-03-18,OTT,TOR,4,5,4,4,SO,4.399,49,65,0,2.752,27,33,0
2022021103,2022,2023-03-18,NYR,PIT,6,0,6,0,REG,2.167,24,31,0,3.354,33,47,0
2022021104,2022,2023-03-18,CGY,DAL,5,6,5,5,OT,3.108,36,46,0,2.773,24,34,0
2022021105,2022,2023-03-18,LAK,VAN,2,3,2,2,SO,3.384,40,56,0,1.490,14,26,0
2022021106,2022,2023-03-18,ARI,CHI,4,2,4,2,REG,2.034,21,30,1,1.935,34,49,0
2022021107,2022,2023-03-18,SJS,NYI,1,4,1,4,REG,1.608,30,37,0,2.713,33,47,0
2022021108,2022,2023-03-19,BUF,BOS,0,7,0,7,REG,2.927,26,44,0,2.998,25,35,0
2022021109,2022,2023-03-19,MIN,WSH,5,3,5,3,REG,3.454,40,51,0,2.576,36,42,0
2022021110,2022,2023-03-19,VGK,CBJ,7,2,7,2,REG,3.653,41,46,0,4.480,37,44,0
2022021111,2022,2023-03-19,NYR,NSH,7,0,7,0,REG,3.094,34,43,0,1.884,22,28,0
2022021112,2022,2023-03-19,TBL,NJD,2,5,2,5,REG,2.605,24,42,0,3.090,39,50,1
2022021113,2022,2023-03-19,STL,WPG,3,0,3,0,REG,2.150,17,26,0,2.838,34,50,0
2022021114,2022,2023-03-19,ANA,VAN,1,2,1,2,REG,1.713,18,28,0,3.004,40,53,0
2022021115,2022,2023-03-20,PIT,OTT,1,2,1,2,REG,4.356,49,63,0,1.826,21,35,0
2022021116,2022,2023-03-20,DET,FLA,2,5,2,5,REG,2.483,22,36,0,2.547,25,42,0
2022021117,2022,2023-03-20,COL,CHI,5,0,5,0,REG,3.317,32,44,0,1.987,27,38,0
2022021118,2022,2023-03-20,EDM,SJS,5,4,4,4,OT,5.764,44,60,0,2.444,29,31,0
2022021119,2022,2023-03-20,LAK,CGY,8,2,8,2,REG,3.133,39,43,0,2.652,18,32,0
2022021120,2022,2023-03-21,NYR,CAR,2,3,2,3,REG,2.287,31,39,0,3.045,39,50,0
2022021121,2022,2023-03-21,WSH,CBJ,6,7,6,6,OT,3.393,37,54,0,3.212,38,45,0
2022021122,2022,2023-03-21,PHI,FLA,6,3,6,3,REG,2.781,24,32,1,4.617,44,62,0
2022021123,2022,2023-03-21,NJD,MIN,1,2,1,1,OT,3.627,43,54,0,2.874,24,44,0
2022021124,2022,2023-03-21,BUF,NSH,3,7,3,7,REG,3.652,31,48,0,3.179,27,40,1
2022021125,2022,2023-03-21,BOS,OTT,2,1,2,1,REG,3.916,35,46,0,2.630,41,53,0
2022021126,2022,2023-03-21,MTL,TBL,3,2,3,2,REG,2.097,20,33,0,3.114,33,41,0
2022021127,2022,2023-03-21,NYI,TOR,7,2,7,2,REG,2.361,29,35,1,3.094,27,42,0
2022021128,2022,2023-03-21,WPG,ARI,2,1,2,1,REG,3.512,25,42,0,2.062,30,37,0
2022021129,2022,2023-03-21,STL,DET,2,3,2,2,SO,1.925,19,28,0,2.553,29,41,0
2022021130,2022,2023-03-21,DAL,SEA,4,5,4,4,OT,3.248,28,42,0,2.726,25,43,0
2022021131,2022,2023-03-21,ANA,CGY,1,5,1,5,REG,2.291,20,34,0,4.335,43,57,0
2022021132,2022,2023-03-21,VAN,VGK,3,4,3,4,REG,2.788,34,44,0,2.361,27,38,0
2022021133,2022,2023-03-22,COL,PIT,2,5,2,5,REG,3.274,30,44,0,3.279,45,60,1
2022021134,2022,2023-03-22,EDM,ARI,4,3,3,3,OT,4.208,30,43,0,1.918,17,22,0
2022021135,2022,2023-03-23,WSH,CHI,6,1,6,1,REG,3.105,28,42,0,2.630,28,43,0
2022021136,2022,2023-03-23,PHI,MIN,5,4,4,4,SO,2.831,32,44,0,2.404,23,38,0
2022021137,2022,2023-03-23,BOS,MTL,4,2,4,2,REG,2.574,21,30,0,3.174,31,53,0
2022021138,2022,2023-03-23,CAR,NYR,1,2,1,2,REG,2.308,30,45,0,2.223,16,25,0
2022021139,2022,2023-03-23,OTT,TBL,7,2,7,2,REG,3.400,35,50,1,2.772,29,39,0
2022021140,2022,2023-03-23,FLA,TOR,2,6,2,6,REG,2.629,35,46,0,3.134,27,43,1
2022021141,2022,2023-03-23,DET,STL,3,4,3,4,REG,2.407,28,38,0,1.408,22,28,0
2022021142,2022,2023-03-23,NSH,SEA,2,1,1,1,SO,1.585,18,38,0,2.391,27,42,0
2022021143,2022,2023-03-23,DAL,PIT,3,2,3,2,REG,3.155,33,42,0,4.192,42,61,0
2022021144,2022,2023-03-23,CGY,VGK,2,3,2,3,REG,3.642,44,54,0,3.405,32,45,0
2022021145,2022,2023-03-23,VAN,SJS,7,2,7,2,REG,2.287,21,31,0,2.008,19,32,0
2022021146,2022,2023-03-23,ANA,WPG,2,3,2,3,REG,1.828,20,35,0,3.372,33,53,0
2022021147,2022,2023-03-24,CBJ,NYI,5,4,4,4,OT,3.246,26,42,0,3.545,38,59,0
2022021148,2022,2023-03-24,BUF,NJD,5,4,5,4,REG,2.668,26,37,0,3.142,31,47,0
2022021149,2022,2023-03-24,COL,ARI,3,1,3,1,REG,3.748,30,47,0,1.113,18,28,0
2022021150,2022,2023-03-25,PHI,DET,3,0,3,0,REG,2.674,22,34,1,3.184,29,38,0
2022021151,2022,2023-03-25,BOS,TBL,2,1,2,1,REG,3.096,34,41,0,1.995,27,44,0
2022021152,2022,2023-03-25,NSH,SEA,2,7,2,7,REG,1.623,16,27,0,3.311,39,48,0
2022021153,2022,2023-03-25,CGY,SJS,5,3,5,3,REG,3.716,30,51,1,2.474,31,38,0
2022021154,2022,2023-03-25,LAK,WPG,4,1,4,1,REG,1.594,29,33,1,2.609,26,44,0
2022021155,2022,2023-03-25,MIN,CHI,3,1,3,1,REG,2.208,25,39,1,1.956,23,39,0
2022021156,2022,2023-03-25,FLA,NYR,3,4,3,4,REG,2.877,34,44,0,3.204,42,46,0
2022021157,2022,2023-03-25,NYI,BUF,0,2,0,2,REG,2.016,26,34,0,2.604,35,45,1
2022021158,2022,2023-03-25,MTL,CBJ,8,2,8,2,REG,2.800,32,45,0,2.144,23,30,0
2022021159,2022,2023-03-25,NJD,OTT,5,3,5,3,REG,3.967,35,51,1,1.766,28,38,0
2022021160,2022,2023-03-25,CAR,TOR,5,3,5,3,REG,2.072,28,36,1,6.181,44,62,0
2022021161,2022,2023-03-25,DAL,VAN,1,3,1,3,REG,2.133,26,33,0,2.916,24,36,0
2022021162,2022,2023-03-25,PIT,WSH,4,3,4,3,REG,4.396,40,50,0,4.235,34,53,0
2022021163,2022,2023-03-25,EDM,VGK,3,4,3,3,OT,3.097,29,41,0,2.926,32,44,0
2022021164,2022,2023-03-25,ANA,STL,3,6,3,6,REG,2.632,25,43,0,3.609,36,48,0
2022021165,2022,2023-03-26,ARI,COL,3,4,3,3,SO,3.114,29,38,0,2.586,29,38,0
2022021166,2022,2023-03-26,CAR,BOS,3,4,3,3,SO,3.723,35,59,0,2.639,33,38,0
2022021167,2022,2023-03-26,NSH,TOR,2,3,2,3,REG,2.105,25,32,0,3.717,34,46,0
2022021168,2022,2023-03-26,CHI,VAN,2,4,2,4,REG,2.327,31,38,0,2.509,31,42,1
2022021169,2022,2023-03-26,LAK,STL,7,6,7,6,REG,3.653,31,53,0,2.314,22,30,0
2022021170,2022,2023-03-27,OTT,FLA,5,2,5,2,REG,1.856,27,33,1,2.778,34,52,0
2022021171,2022,2023-03-27,BUF,MTL,3,4,3,3,SO,2.080,31,39,0,3.735,37,44,0
2022021172,2022,2023-03-27,NYI,NJD,5,1,5,1,REG,2.768,36,50,2,3.953,31,47,0
2022021173,2022,2023-03-27,MIN,SEA,5,1,5,1,REG,2.040,20,31,0,3.641,36,49,0
2022021174,2022,2023-03-27,ANA,COL,1,5,1,5,REG,2.560,30,41,0,3.984,44,57,0
2022021175,2022,2023-03-27,ARI,EDM,4,5,4,5,REG,3.269,33,38,0,2.841,29,45,0
2022021176,2022,2023-03-28,NYR,CBJ,6,2,6,2,REG,3.561,36,47,1,2.834,30,41,0
2022021177,2022,2023-03-28,PHI,MTL,3,2,3,2,REG,2.609,27,39,1,2.012,29,36,0
2022021178,2022,2023-03-28,BOS,NSH,1,2,1,2,REG,3.289,36,56,0,1.957,23,30,1
2022021179,2022,2023-03-28,CAR,TBL,0,4,0,4,REG,3.501,31,46,0,1.797,21,30,1
2022021180,2022,2023-03-28,DET,PIT,7,4,7,4,REG,2.756,25,42,1,3.748,39,56,0
2022021181,2022,2023-03-28,STL,VAN,6,5,5,5,OT,2.422,30,41,0,3.900,37,58,0
2022021182,2022,2023-03-28,CHI,DAL,1,4,1,4,REG,1.544,18,24,0,2.601,33,45,0
2022021183,2022,2023-03-28,CGY,LAK,2,1,2,1,REG,3.386,32,50,0,2.593,33,42,0
2022021184,2022,2023-03-28,VGK,EDM,4,7,4,7,REG,3.294,22,33,0,3.289,39,49,0
2022021185,2022,2023-03-28,SJS,WPG,3,0,3,0,REG,2.481,30,40,0,4.107,41,61,0
2022021186,2022,2023-03-29,TOR,FLA,2,3,2,2,OT,3.657,39,54,0,3.232,28,42,0
2022021187,2022,2023-03-29,WSH,NYI,1,2,1,1,SO,1.581,22,31,0,2.018,26,35,0
2022021188,2022,2023-03-29,COL,MIN,2,4,2,4,REG,3.668,44,63,0,2.126,29,34,1
2022021189,2022,2023-03-30,BOS,CBJ,2,1,1,1,OT,3.168,30,47,0,1.942,26,34,0
2022021190,2022,2023-03-30,MTL,FLA,2,5,2,5,REG,1.498,20,30,0,3.210,30,45,1
2022021191,2022,2023-03-30,NJD,NYR,2,1,2,1,REG,3.740,31,48,0,2.284,25,38,0
2022021192,2022,2023-03-30,PIT,NSH,2,0,2,0,REG,4.885,45,68,0,1.648,28,32,0
2022021193,2022,2023-03-30,OTT,PHI,5,4,4,4,OT,4.634,44,67,0,1.313,11,20,0
2022021194,2022,2023-03-30,TBL,WSH,5,1,5,1,REG,3.491,34,46,1,2.175,31,38,0
2022021195,2022,2023-03-30,DET,CAR,3,2,3,2,REG,1.510,22,28,0,3.325,33,59,0
2022021196,2022,2023-03-30,CHI,STL,3,5,3,5,REG,3.299,33,50,0,2.546,29,38,1
2022021197,2022,2023-03-30,EDM,LAK,2,0,2,0,REG,4.336,37,47,0,3.969,43,50,0
2022021198,2022,2023-03-30,SEA,ANA,4,1,4,1,REG,3.490,39,59,1,1.132,19,23,0
2022021199,2022,2023-03-30,SJS,VGK,4,3,3,3,OT,2.118,24,42,0,2.786,26,39,0
2022021200,2022,2023-03-31,BUF,NYR,3,2,2,2,OT,2.634,33,45,0,3.008,31,48,0
2022021201,2022,2023-03-31,WPG,DET,6,2,6,2,REG,3.574,29,42,0,2.212,25,39,0
2022021202,2022,2023-03-31,VAN,CGY,4,5,4,4,OT,1.381,14,22,0,3.672,37,58,0
2022021203,2022,2023-03-31,ARI,DAL,2,5,2,5,REG,2.178,18,29,0,3.529,31,49,1
2022021204,2022,2023-04-01,NSH,STL,6,1,6,1,REG,2.722,35,53,0,2.412,22,34,0
2022021205,2022,2023-04-01,PIT,BOS,3,4,3,4,REG,3.486,24,40,0,2.827,35,48,0
2022021206,2022,2023-04-01,PHI,BUF,3,6,3,6,REG,3.157,42,59,0,2.926,29,39,0
2022021207,2022,2023-04-01,MTL,CAR,0,3,0,3,REG,1.000,14,19,0,2.911,50,64,0
2022021208,2022,2023-04-01,CBJ,FLA,0,7,0,7,REG,2.199,21,33,0,5.327,49,69,0
2022021209,2022,2023-04-01,TBL,NYI,5,0,5,0,REG,3.231,32,43,0,2.576,38,48,0
2022021210,2022,2023-04-01,OTT,TOR,0,3,0,3,REG,2.556,31,50,0,1.656,20,27,0
2022021211,2022,2023-04-01,CHI,NJD,3,6,3,6,REG,1.256,17,24,0,3.074,40,49,1
2022021212,2022,2023-04-01,COL,DAL,5,2,5,2,REG,2.149,32,39,2,2.254,28,38,0
2022021213,2022,2023-04-01,EDM,ANA,6,0,6,0,REG,5.054,45,56,0,2.799,36,40,0
2022021214,2022,2023-04-01,SEA,LAK,1,3,1,3,REG,1.590,26,38,0,1.302,19,35,1
2022021215,2022,2023-04-01,VGK,MIN,4,1,4,1,REG,3.893,43,55,1,2.956,30,46,0
2022021216,2022,2023-04-01,ARI,SJS,2,7,2,7,REG,2.627,31,44,0,3.455,31,38,0
2022021217,2022,2023-04-02,WSH,NYR,2,5,2,5,REG,4.844,28,46,0,4.007,34,50,0
2022021218,2022,2023-04-02,STL,BOS,3,4,3,3,SO,3.207,37,48,0,2.557,29,38,0
2022021219,2022,2023-04-02,CAR,NYI,2,1,2,1,REG,3.764,35,50,0,1.691,22,34,0
2022021220,2022,2023-04-02,CBJ,OTT,4,3,3,3,OT,2.069,21,33,0,2.820,27,48,0
2022021221,2022,2023-04-02,PIT,PHI,4,2,4,2,REG,3.083,31,43,1,3.502,33,48,0
2022021222,2022,2023-04-02,TOR,DET,2,5,2,5,REG,4.356,45,57,0,2.366,24,38,1
2022021223,2022,2023-04-02,WPG,NJD,6,1,6,1,REG,2.596,27,36,0,3.432,32,48,0
2022021224,2022,2023-04-02,CGY,ANA,5,4,5,4,REG,3.923,41,63,0,1.905,22,30,0
2022021225,2022,2023-04-02,VAN,LAK,1,4,1,4,REG,2.833,25,38,0,1.763,25,35,1
2022021226,2022,2023-04-03,MIN,VGK,3,4,3,3,SO,2.637,31,43,0,2.164,25,39,0
2022021227,2022,2023-04-03,DAL,NSH,5,1,5,1,REG,3.466,26,40,0,1.807,27,34,0
2022021228,2022,2023-04-03,SEA,ARI,8,1,8,1,REG,3.075,32,42,0,1.394,21,29,0
2022021229,2022,2023-04-04,FLA,BUF,2,1,2,1,REG,4.041,36,51,0,4.048,40,50,0
2022021230,2022,2023-04-04,TOR,CBJ,4,2,4,2,REG,6.006,50,69,1,2.283,26,35,0
2022021231,2022,2023-04-04,MTL,DET,0,5,0,5,REG,1.977,24,30,0,2.663,21,30,0
2022021232,2022,2023-04-04,CAR,OTT,3,2,2,2,OT,4.026,35,52,0,3.306,28,46,0
2022021233,2022,2023-04-04,NJD,PIT,5,1,5,1,REG,4.023,37,50,0,2.308,23,33,0
2022021234,2022,2023-04-04,STL,PHI,4,2,4,2,REG,3.353,32,48,1,2.690,34,48,0
2022021235,2022,2023-04-04,NSH,VGK,3,2,2,2,OT,2.144,25,35,0,3.378,32,51,0
2022021236,2022,2023-04-04,CGY,CHI,3,4,3,4,REG,3.786,36,53,0,1.879,23,32,0
2022021237,2022,2023-04-04,LAK,EDM,1,3,1,3,REG,2.372,21,30,0,3.053,33,44,1
2022021238,2022,2023-04-04,VAN,SEA,2,5,2,5,REG,2.545,18,32,0,2.958,28,39,1
2022021239,2022,2023-04-04,SJS,COL,3,4,3,3,OT,2.968,27,35,0,3.835,40,49,0
2022021240,2022,2023-04-05,WPG,CGY,1,3,1,3,REG,3.085,35,51,0,2.663,35,45,0
2022021241,2022,2023-04-05,NYR,TBL,6,3,6,3,REG,3.969,37,46,0,3.405,31,44,0
2022021242,2022,2023-04-05,ANA,EDM,1,3,1,3,REG,2.264,28,38,0,3.362,33,44,1
2022021243,2022,2023-04-06,NJD,CBJ,8,1,8,1,REG,4.568,36,55,0,2.079,17,25,0
2022021244,2022,2023-04-06,PIT,MIN,4,1,4,1,REG,2.422,31,35,0,2.082,28,44,0
2022021245,2022,2023-04-06,FLA,OTT,7,2,7,2,REG,1.770,30,33,0,6.180,58,76,0
2022021246,2022,2023-04-06,BOS,TOR,2,1,1,1,OT,1.914,30,38,0,2.496,32,44,0
2022021247,2022,2023-04-06,MTL,WSH,6,2,6,2,REG,3.115,32,45,1,2.923,26,35,0
2022021248,2022,2023-04-06,DET,BUF,6,7,6,6,SO,2.868,30,38,0,2.854,33,42,0
2022021249,2022,2023-04-06,NYI,TBL,6,1,6,1,REG,3.144,42,56,0,2.843,31,40,0
2022021250,2022,2023-04-06,NSH,CAR,3,0,3,0,REG,1.713,23,32,1,2.542,33,48,0
2022021251,2022,2023-04-06,STL,NYR,3,2,2,2,OT,2.049,19,30,0,2.149,24,31,0
2022021252,2022,2023-04-06,DAL,PHI,4,1,4,1,REG,2.595,30,40,0,2.139,25,40,0
2022021253,2022,2023-04-06,SEA,ARI,4,2,4,2,REG,3.054,34,42,0,2.383,29,41,0
2022021254,2022,2023-04-06,VAN,CHI,3,0,3,0,REG,2.581,29,39,1,3.089,33,41,0
2022021255,2022,2023-04-06,VGK,LAK,5,2,5,2,REG,3.337,37,49,0,2.142,32,45,0
2022021256,2022,2023-04-06,SJS,COL,2,6,2,6,REG,2.825,23,41,0,3.164,31,34,0
2022021257,2022,2023-04-08,BUF,CAR,4,3,4,3,REG,2.846,30,41,0,3.978,34,55,0
2022021258,2022,2023-04-08,MIN,STL,5,3,5,3,REG,3.463,30,44,1,3.058,40,50,0
2022021259,2022,2023-04-08,SJS,EDM,1,6,1,6,REG,2.347,23,39,0,3.769,35,47,0
2022021260,2022,2023-04-08,ARI,ANA,5,4,4,4,OT,2.868,36,48,0,2.467,26,36,0
2022021261,2022,2023-04-08,WSH,FLA,2,4,2,4,REG,2.139,24,34,0,4.050,37,53,1
2022021262,2022,2023-04-08,TOR,MTL,7,1,7,1,REG,5.103,46,66,0,1.266,21,28,0
2022021263,2022,2023-04-08,CBJ,NYR,0,4,0,4,REG,2.194,20,31,0,3.395,28,44,0
2022021264,2022,2023-04-08,WPG,NSH,2,0,2,0,REG,3.880,38,59,0,2.267,28,35,0
2022021265,2022,2023-04-08,BOS,NJD,2,1,2,1,REG,3.295,40,54,0,2.418,30,39,0
2022021266,2022,2023-04-08,DET,PIT,1,5,1,5,REG,1.584,20,31,0,2.215,28,33,0
2022021267,2022,2023-04-08,OTT,TBL,7,4,7,4,REG,4.648,40,59,1,2.780,24,32,0
2022021268,2022,2023-04-08,NYI,PHI,4,0,4,0,REG,2.193,21,35,0,2.383,27,43,0
2022021269,2022,2023-04-08,DAL,VGK,2,1,1,1,SO,1.930,24,34,0,1.806,19,29,0
2022021270,2022,2023-04-08,VAN,CGY,3,2,2,2,SO,2.590,29,38,0,3.888,39,51,0
2022021271,2022,2023-04-08,SEA,CHI,7,3,7,3,REG,2.984,31,38,0,2.662,29,45,0
2022021272,2022,2023-04-08,LAK,COL,3,4,3,4,REG,4.416,41,54,0,2.192,23,40,0
2022021273,2022,2023-04-09,PHI,BOS,3,5,3,5,REG,3.617,37,48,0,2.617,34,45,0
2022021274,2022,2023-04-09,ANA,COL,4,5,4,4,OT,1.535,23,29,0,4.629,42,59,0
2022021275,2022,2023-04-10,NYR,BUF,2,3,2,2,SO,2.815,28,38,0,3.289,33,40,0
2022021276,2022,2023-04-10,OTT,CAR,3,2,3,2,REG,3.380,32,43,0,2.818,29,36,0
2022021277,2022,2023-04-10,WSH,NYI,5,2,5,2,REG,2.109,25,36,2,4.006,40,67,0
2022021278,2022,2023-04-10,WPG,SJS,6,2,6,2,REG,3.971,33,55,0,2.735,21,36,0
2022021279,2022,2023-04-10,FLA,TOR,1,2,1,1,OT,3.243,42,54,0,2.314,22,34,0
2022021280,2022,2023-04-10,DET,DAL,1,6,1,6,REG,1.656,20,30,0,1.904,22,37,0
2022021281,2022,2023-04-10,CHI,MIN,2,4,2,4,REG,3.003,42,53,0,1.626,22,31,1
2022021282,2022,2023-04-10,CGY,NSH,2,3,2,2,SO,3.541,41,53,0,3.609,26,42,0
2022021283,2022,2023-04-10,ARI,SEA,1,4,1,4,REG,2.116,23,30,0,3.429,37,47,0
2022021284,2022,2023-04-10,LAK,VAN,3,0,3,0,REG,2.051,28,36,1,1.755,20,23,0
2022021285,2022,2023-04-11,NJD,BUF,6,2,6,2,REG,2.447,30,41,2,3.962,38,54,0
2022021286,2022,2023-04-11,PIT,CHI,2,5,2,5,REG,4.133,40,55,0,2.190,27,36,2
2022021287,2022,2023-04-11,PHI,CBJ,4,3,3,3,OT,3.281,37,50,0,1.937,29,38,0
2022021288,2022,2023-04-11,CAR,DET,4,1,4,1,REG,1.760,28,42,1,1.371,21,26,0
2022021289,2022,2023-04-11,TBL,TOR,3,4,3,4,REG,4.287,48,63,0,2.555,24,35,0
2022021290,2022,2023-04-11,BOS,WSH,5,2,5,2,REG,3.451,44,60,1,2.129,27,38,0
2022021291,2022,2023-04-11,MIN,WPG,1,3,1,3,REG,3.759,34,49,0,2.238,20,27,0
2022021292,2022,2023-04-11,COL,EDM,1,2,1,1,OT,2.496,30,41,0,2.801,37,49,0
2022021293,2022,2023-04-11,VGK,SEA,4,1,4,1,REG,3.605,37,44,0,1.908,21,40,0
2022021294,2022,2023-04-11,ANA,VAN,2,3,2,3,REG,3.260,35,45,0,2.877,36,50,0
2022021295,2022,2023-04-12,NYI,MTL,4,2,4,2,REG,3.706,35,53,0,1.712,19,30,0
2022021296,2022,2023-04-12,STL,DAL,2,5,2,5,REG,1.813,18,24,0,3.719,37,41,0
2022021297,2022,2023-04-12,CGY,SJS,3,1,3,1,REG,3.297,49,61,1,2.369,24,36,0
2022021298,2022,2023-04-13,MTL,BOS,4,5,4,5,REG,3.652,34,49,0,4.472,21,42,0
2022021299,2022,2023-04-13,FLA,CAR,4,6,4,6,REG,4.168,34,47,0,3.677,36,66,2
2022021300,2022,2023-04-13,TBL,DET,5,0,5,0,REG,3.891,32,44,1,2.314,32,40,0
2022021301,2022,2023-04-13,WSH,NJD,4,5,4,4,OT,2.351,27,36,0,4.098,30,53,0
2022021302,2022,2023-04-13,BUF,OTT,4,3,3,3,OT,3.544,35,51,0,2.410,33,45,0
2022021303,2022,2023-04-13,CBJ,PIT,3,2,2,2,OT,3.565,33,50,0,3.458,36,49,0
2022021304,2022,2023-04-13,NYR,TOR,2,3,2,3,REG,3.160,24,39,0,2.544,21,35,0
2022021305,2022,2023-04-13,NSH,MIN,4,3,3,3,OT,3.028,29,40,0,2.233,23,35,0
2022021306,2022,2023-04-13,CHI,PHI,4,5,4,4,OT,2.759,36,50,0,2.890,34,44,0
2022021307,2022,2023-04-13,DAL,STL,1,0,1,0,REG,3.561,34,49,0,1.105,25,32,0
2022021308,2022,2023-04-13,EDM,SJS,5,2,5,2,REG,4.654,36,45,0,3.508,29,39,0
2022021309,2022,2023-04-13,COL,WPG,4,2,4,2,REG,2.098,25,32,1,1.805,20,29,0
2022021310,2022,2023-04-13,ANA,LAK,3,5,3,5,REG,1.275,24,28,0,3.426,36,48,1
2022021311,2022,2023-04-13,ARI,VAN,4,5,4,4,OT,3.512,27,45,0,2.538,23,33,0
2022021312,2022,2023-04-13,SEA,VGK,1,3,1,3,REG,3.479,31,53,0,1.214,19,26,1
2022020320,2022,2023-04-14,NSH,COL,3,4,3,4,REG,1.582,21,27,0,3.021,34,48,0
2022020547,2022,2023-04-14,CBJ,BUF,2,5,2,5,REG,3.101,31,40,0,4.258,36,51,0
2023020001,2023,2023-10-10,TBL,NSH,5,3,5,3,REG,3.462,34,50,1,4.282,31,46,0
2023020002,2023,2023-10-10,PIT,CHI,2,4,2,4,REG,3.394,41,55,0,4.147,36,54,1
2023020003,2023,2023-10-10,VGK,SEA,4,1,4,1,REG,3.204,28,42,1,3.756,33,48,0
2023020004,2023,2023-10-11,CAR,OTT,5,3,5,3,REG,3.737,42,61,0,3.398,30,46,0
2023020005,2023,2023-10-11,TOR,MTL,6,5,5,5,SO,3.432,39,51,0,1.808,22,32,0
2023020006,2023,2023-10-11,BOS,CHI,3,1,3,1,REG,3.282,33,49,1,1.913,21,33,0
2023020007,2023,2023-10-11,CGY,WPG,5,3,5,3,REG,1.947,22,31,1,4.874,37,57,0
2023020008,2023,2023-10-11,LAK,COL,2,5,2,5,REG,3.309,36,49,0,3.151,37,46,1
2023020009,2023,2023-10-11,VAN,EDM,8,1,8,1,REG,3.229,32,43,0,2.624,27,40,0
2023020010,2023,2023-10-12,BUF,NYR,1,5,1,5,REG,2.033,25,38,0,3.078,31,43,1
2023020011,2023,2023-10-12,CBJ,PHI,2,4,2,4,REG,2.695,33,43,0,2.948,37,50,2
2023020012,2023,2023-10-12,NJD,DET,4,3,4,3,REG,3.635,27,52,1,2.948,35,46,0
2023020013,2023,2023-10-12,DAL,STL,2,1,1,1,SO,2.525,30,45,0,1.995,21,28,0
2023020014,2023,2023-10-12,MIN,FLA,2,0,2,0,REG,1.834,21,28,0,3.712,41,53,0
2023020015,2023,2023-10-12,NSH,SEA,3,0,3,0,REG,3.775,35,54,1,2.882,23,40,0
2023020016,2023,2023-10-12,SJS,VGK,1,4,1,4,REG,2.268,23,36,0,2.239,32,40,0
2023020017,2023,2023-10-13,NJD,ARI,3,4,3,3,SO,2.833,33,42,0,3.665,32,38,0
2023020018,2023,2023-10-13,WSH,PIT,0,4,0,4,REG,1.982,19,32,0,3.477,35,50,0
2023020019,2023,2023-10-14,OTT,PHI,5,2,5,2,REG,3.256,31,44,0,2.575,21,32,0
2023020020,2023,2023-10-14,WPG,FLA,6,4,6,4,REG,2.845,35,44,1,3.618,33,51,0
2023020021,2023,2023-10-14,BOS,NSH,3,2,3,2,REG,3.050,30,37,0,3.950,36,54,0
2023020022,2023,2023-10-14,CBJ,NYR,5,3,5,3,REG,2.913,21,35,0,4.619,42,64,0
2023020023,2023,2023-10-14,DET,TBL,6,4,6,4,REG,4.210,42,52,1,2.567,25,43,0
2023020024,2023,2023-10-14,MTL,CHI,3,2,3,2,REG,2.865,36,44,0,4.774,30,41,0
2023020025,2023,2023-10-14,PIT,CGY,5,2,5,2,REG,2.911,29,42,1,2.815,36,55,0
2023020026,2023,2023-10-14,TOR,MIN,7,4,7,4,REG,3.677,33,43,0,3.148,32,46,0
2023020027,2023,2023-10-14,NYI,BUF,3,2,3,2,REG,2.147,29,41,0,1.874,28,36,0
2023020028,2023,2023-10-14,STL,SEA,2,1,1,1,SO,2.378,24,41,0,2.447,29,42,0
2023020029,2023,2023-10-14,EDM,VAN,3,4,3,4,REG,4.629,40,60,0,1.735,16,24,0
2023020030,2023,2023-10-14,SJS,COL,1,2,1,1,SO,2.284,20,34,0,4.919,50,77,0
2023020031,2023,2023-10-14,VGK,ANA,4,1,4,1,REG,3.115,38,50,1,2.437,23,35,0
2023020032,2023,2023-10-14,LAK,CAR,5,6,5,5,SO,3.077,28,40,0,2.090,18,27,0
2023020033,2023,2023-10-15,OTT,TBL,5,2,5,2,REG,2.207,38,44,1,1.874,24,34,0
2023020034,2023,2023-10-15,ANA,CAR,6,3,6,3,REG,2.494,25,38,2,3.239,35,58,0
2023020035,2023,2023-10-16,CBJ,DET,0,4,0,4,REG,1.912,23,35,0,3.282,28,38,0
2023020036,2023,2023-10-16,NJD,FLA,3,4,3,4,REG,3.605,34,47,0,2.499,30,40,0
2023020037,2023,2023-10-16,NYR,ARI,2,1,2,1,REG,2.783,28,46,0,3.254,27,38,0
2023020038,2023,2023-10-16,TOR,CHI,1,4,1,4,REG,5.297,36,61,0,2.535,31,38,1
2023020039,2023,2023-10-16,WSH,CGY,3,2,2,2,SO,2.958,22,36,0,3.468,39,52,0
2023020040,2023,2023-10-17,BUF,TBL,3,2,2,2,OT,2.201,29,41,0,3.260,25,46,0
2023020041,2023,2023-10-17,MTL,MIN,2,5,2,5,REG,2.674,28,39,0,3.435,35,42,0
2023020042,2023,2023-10-17,PHI,VAN,2,0,2,0,REG,4.440,42,48,0,1.930,26,41,0
2023020043,2023,2023-10-17,NYI,ARI,1,0,1,0,REG,2.371,34,51,0,1.636,14,30,0
2023020044,2023,2023-10-17,NSH,EDM,1,6,1,6,REG,3.041,44,52,0,2.943,30,44,0
2023020045,2023,2023-10-17,WPG,LAK,1,5,1,5,REG,2.392,27,38,0,3.350,29,44,0
2023020046,2023,2023-10-17,SEA,COL,1,4,1,4,REG,2.841,38,50,0,2.182,28,38,1
2023020047,2023,2023-10-17,SJS,CAR,3,6,3,6,REG,1.324,16,23,0,3.836,42,56,0
2023020048,2023,2023-10-17,VGK,DAL,3,2,2,2,SO,2.437,30,40,0,1.770,25,35,0
2023020049,2023,2023-10-18,OTT,WSH,6,1,6,1,REG,2.695,29,41,0,2.205,24,33,0
2023020050,2023,2023-10-18,DET,PIT,6,3,6,3,REG,2.386,29,39,2,3.372,33,48,0
2023020051,2023,2023-10-19,BUF,CGY,3,4,3,4,REG,2.358,27,38,0,3.447,36,55,0
2023020052,2023,2023-10-19,FLA,TOR,3,1,3,1,REG,2.491,24,38,1,2.979,30,39,0
2023020053,2023,2023-10-19,NYR,NSH,1,4,1,4,REG,2.006,24,38,0,3.135,27,36,0
2023020054,2023,2023-10-19,PHI,EDM,4,1,4,1,REG,3.249,32,41,0,2.403,23,33,0
2023020055,2023,2023-10-19,TBL,VAN,4,3,4,3,REG,3.818,36,42,0,2.120,29,35,0
2023020056,2023,2023-10-19,MIN,LAK,3,7,3,7,REG,2.532,32,46,0,1.878,27,36,2
2023020057,2023,2023-10-19,STL,ARI,2,6,2,6,REG,2.137,26,35,0,3.564,42,55,0
2023020058,2023,2023-10-19,WPG,VGK,3,5,3,5,REG,3.575,39,51,0,1.974,27,34,1
2023020059,2023,2023-10-19,ANA,DAL,2,3,2,3,REG,2.667,29,39,0,2.812,24,40,0
2023020060,2023,2023-10-19,SEA,CAR,7,4,7,4,REG,2.820,36,39,1,2.886,36,50,0
2023020061,2023,2023-10-19,COL,CHI,4,0,4,0,REG,3.841,41,52,0,1.943,18,27,0
2023020062,2023,2023-10-19,SJS,BOS,1,3,1,3,REG,1.909,27,46,0,4.040,36,48,0
2023020063,2023,2023-10-20,CBJ,CGY,3,1,3,1,REG,2.747,29,47,1,3.256,37,51,0
2023020064,2023,2023-10-20,NYI,NJD,4,5,4,4,OT,2.258,31,37,0,2.572,37,45,0
2023020065,2023,2023-10-21,OTT,DET,2,5,2,5,REG,3.189,37,55,0,3.083,23,33,0
2023020066,2023,2023-10-21,ARI,ANA,2,1,2,1,REG,3.259,27,43,0,3.166,33,48,0
2023020067,2023,2023-10-21,BUF,NYI,3,1,3,1,REG,3.646,42,56,0,2.548,25,33,0
2023020068,2023,2023-10-21,FLA,VAN,3,5,3,5,REG,3.247,37,52,0,2.674,31,40,1
2023020069,2023,2023-10-21,MTL,WSH,3,2,2,2,OT,3.559,27,44,0,4.357,33,47,0
2023020070,2023,2023-10-21,TBL,TOR,3,4,3,3,OT,3.542,31,42,0,4.319,47,59,0
2023020071,2023,2023-10-21,CHI,VGK,3,5,3,5,REG,1.779,24,34,0,2.501,24,31,0
2023020072,2023,2023-10-21,DAL,PHI,5,4,4,4,OT,2.183,23,34,0,2.470,39,55,0
2023020073,2023,2023-10-21,MIN,CBJ,4,5,4,4,OT,2.120,26,38,0,4.603,50,64,0
2023020074,2023,2023-10-21,NSH,SJS,5,1,5,1,REG,3.674,34,44,0,2.218,32,37,0
2023020075,2023,2023-10-21,STL,PIT,4,2,4,2,REG,2.738,21,36,0,3.281,33,56,0
2023020076,2023,2023-10-21,COL,CAR,6,4,6,4,REG,2.812,27,44,0,3.185,27,42,0
2023020077,2023,2023-10-21,EDM,WPG,2,3,2,2,OT,3.289,37,52,0,2.190,23,32,0
2023020078,2023,2023-10-21,SEA,NYR,1,4,1,4,REG,1.565,19,34,0,2.329,27,40,0
2023020079,2023,2023-10-21,LAK,BOS,2,4,2,4,REG,4.298,34,54,0,1.675,25,35,0
2023020080,2023,2023-10-22,DET,CGY,6,2,6,2,REG,2.716,30,40,0,2.648,31,43,0
2023020081,2023,2023-10-22,ANA,BOS,1,3,1,3,REG,3.318,31,50,0,2.638,26,42,1
2023020082,2023,2023-10-23,BUF,MTL,1,3,1,3,REG,3.601,37,51,0,3.635,27,39,0
2023020083,2023,2023-10-24,WSH,TOR,1,4,1,4,REG,3.453,38,52,0,1.721,17,23,0
2023020084,2023,2023-10-24,CBJ,ANA,2,3,2,2,OT,3.492,36,59,0,1.714,25,37,0
2023020085,2023,2023-10-24,OTT,BUF,4,6,4,6,REG,3.527,38,49,0,2.037,24,32,1
2023020086,2023,2023-10-24,TBL,CAR,3,0,3,0,REG,1.862,23,31,0,2.721,32,45,0
2023020087,2023,2023-10-24,MTL,NJD,2,5,2,5,REG,2.769,29,38,0,3.582,34,55,1
2023020088,2023,2023-10-24,PIT,DAL,1,4,1,4,REG,4.089,39,55,0,2.940,34,49,0
2023020089,2023,2023-10-24,FLA,SJS,3,1,3,1,REG,3.585,36,48,1,2.056,28,39,0
2023020090,2023,2023-10-24,NYI,COL,4,7,4,7,REG,3.185,32,46,0,2.947,39,52,2
2023020091,2023,2023-10-24,DET,SEA,4,5,4,4,OT,3.019,27,39,0,3.624,37,57,0
2023020092,2023,2023-10-24,CHI,BOS,0,3,0,3,REG,2.191,23,32,0,2.659,43,52,0
2023020093,2023,2023-10-24,WPG,STL,4,2,4,2,REG,2.165,30,40,1,2.049,20,30,0
2023020094,2023,2023-10-24,MIN,EDM,7,4,7,4,REG,4.192,32,42,1,2.878,28,42,0
2023020095,2023,2023-10-24,NSH,VAN,2,3,2,3,REG,1.603,18,28,0,2.109,24,41,0
2023020096,2023,2023-10-24,CGY,NYR,1,3,1,3,REG,2.658,26,42,0,2.170,20,28,0
2023020097,2023,2023-10-24,LAK,ARI,6,3,6,3,REG,2.815,28,36,1,3.159,27,36,0
2023020098,2023,2023-10-24,VGK,PHI,3,2,3,2,REG,2.336,29,37,0,2.441,28,39,0
2023020099,2023,2023-10-25,NJD,WSH,4,6,4,6,REG,2.341,22,34,0,2.431,25,37,1
2023020100,2023,2023-10-26,BOS,ANA,3,4,3,3,OT,2.897,30,43,0,2.935,30,45,0
2023020101,2023,2023-10-26,CAR,SEA,3,2,2,2,OT,3.431,44,64,0,2.062,23,28,0
2023020102,2023,2023-10-26,DET,WPG,1,4,1,4,REG,3.503,36,49,0,2.791,29,40,1
2023020103,2023,2023-10-26,MTL,CBJ,4,3,3,3,OT,3.112,25,40,0,2.672,32,42,0
2023020104,2023,2023-10-26,PHI,MIN,6,2,6,2,REG,2.592,35,43,0,2.345,28,45,0
2023020105,2023,2023-10-26,PIT,COL,4,0,4,0,REG,2.083,29,39,0,3.046,31,48,0
2023020106,2023,2023-10-26,TBL,SJS,6,0,6,0,REG,4.322,31,55,0,1.523,23,30,0
2023020107,2023,2023-10-26,NYI,OTT,3,2,3,2,REG,2.803,38,43,0,3.514,47,59,0
2023020108,2023,2023-10-26,DAL,TOR,1,4,1,4,REG,3.599,32,48,0,2.383,24,40,1
2023020109,2023,2023-10-26,CGY,STL,0,3,0,3,REG,2.942,27,44,0,3.172,35,43,1
2023020110,2023,2023-10-26,EDM,NYR,0,3,0,3,REG,3.422,29,47,0,2.995,32,45,0
2023020111,2023,2023-10-27,VGK,CHI,3,4,3,3,OT,2.320,21,33,0,1.851,22,37,0
2023020112,2023,2023-10-27,CAR,SJS,3,0,3,0,REG,5.318,40,65,0,2.002,20,30,0
2023020113,2023,2023-10-27,NJD,BUF,5,4,5,4,REG,3.322,39,47,0,2.780,27,40,0
2023020114,2023,2023-10-27,WSH,MIN,3,2,2,2,SO,2.494,32,39,0,3.217,36,46,0
2023020115,2023,2023-10-27,ARI,LAK,4,5,4,5,REG,2.331,24,30,0,3.402,41,55,0
2023020116,2023,2023-10-27,VAN,STL,5,0,5,0,REG,3.086,35,50,0,1.564,22,31,0
2023020117,2023,2023-10-28,PHI,ANA,4,7,4,7,REG,2.930,30,46,0,2.324,25,34,0
2023020118,2023,2023-10-28,FLA,SEA,3,2,3,2,REG,2.723,37,53,0,2.771,33,48,0
2023020119,2023,2023-10-28,BOS,DET,4,1,4,1,REG,3.854,31,47,1,2.046,24,36,0
2023020120,2023,2023-10-28,CBJ,NYI,0,2,0,2,REG,3.697,34,48,0,3.911,34,58,0
2023020121,2023,2023-10-28,MTL,WPG,4,3,3,3,SO,2.273,26,33,0,3.005,41,53,0
2023020122,2023,2023-10-28,NSH,TOR,3,2,2,2,OT,2.238,23,39,0,2.862,35,46,0
2023020123,2023,2023-10-28,PIT,OTT,2,5,2,5,REG,3.761,43,53,0,2.895,26,37,0
2023020124,2023,2023-10-28,VAN,NYR,3,4,3,3,OT,2.457,27,42,0,2.216,22,39,0
2023020125,2023,2023-10-28,LAK,VGK,3,4,3,3,SO,4.226,38,60,0,3.203,29,47,0
2023020126,2023,2023-10-29,BUF,COL,4,0,4,0,REG,2.055,29,36,1,2.381,23,40,0
2023020127,2023,2023-10-29,NJD,MIN,4,3,4,3,REG,2.151,30,42,0,3.456,34,48,0
2023020128,2023,2023-10-29,WSH,SJS,3,1,3,1,REG,3.800,42,52,1,2.007,31,41,0
2023020129,2023,2023-10-29,EDM,CGY,5,2,5,2,REG,3.900,33,45,1,2.894,26,47,0
2023020130,2023,2023-10-30,BOS,FLA,3,2,2,2,OT,2.196,24,34,0,3.151,37,49,0
2023020131,2023,2023-10-30,PHI,CAR,2,3,2,3,REG,4.186,28,47,0,2.208,32,40,0
2023020132,2023,2023-10-30,PIT,ANA,3,4,3,4,REG,5.719,42,70,0,2.155,27,36,0
2023020133,2023,2023-10-30,TBL,SEA,3,4,3,3,OT,2.918,37,51,0,3.721,38,59,0
2023020134,2023,2023-10-30,NYI,DET,3,4,3,3,OT,4.113,39,57,0,3.271,34,50,0
2023020135,2023,2023-10-30,WPG,NYR,2,3,2,2,OT,1.660,24,38,0,2.296,25,37,0
2023020136,2023,2023-10-30,DAL,CBJ,5,3,5,3,REG,3.958,33,55,1,2.254,25,41,0
2023020137,2023,2023-10-30,ARI,CHI,8,1,8,1,REG,4.456,33,53,0,1.998,30,44,0
2023020138,2023,2023-10-30,VGK,MTL,3,2,2,2,SO,1.922,19,30,0,2.781,36,52,0
2023020139,2023,2023-10-31,TOR,LAK,1,4,1,4,REG,2.484,30,39,0,2.917,27,48,0
2023020140,2023,2023-10-31,VAN,NSH,5,2,5,2,REG,2.129,27,33,1,3.562,29,51,0
2023020141,2023,2023-11-01,PHI,BUF,2,5,2,5,REG,3.353,40,56,0,1.284,15,25,1
2023020142,2023,2023-11-01,CGY,DAL,3,4,3,4,REG,4.133,47,69,0,3.915,30,45,0
2023020143,2023,2023-11-01,COL,STL,4,1,4,1,REG,2.847,28,43,0,2.878,28,44,0
2023020144,2023,2023-11-01,ANA,ARI,4,3,3,3,OT,1.937,27,33,0,3.193,34,47,0
2023020145,2023,2023-11-02,BOS,TOR,3,2,2,2,SO,3.357,35,49,0,2.690,35,51,0
2023020146,2023,2023-11-02,CBJ,TBL,4,2,4,2,REG,2.709,28,43,1,2.981,29,47,0
2023020147,2023,2023-11-02,DET,FLA,0,2,0,2,REG,2.028,22,35,0,2.917,27,44,1
2023020148,2023,2023-11-02,NYR,CAR,2,1,2,1,REG,2.626,26,40,0,2.773,27,44,0
2023020149,2023,2023-11-02,OTT,LAK,2,3,2,3,REG,2.116,26,36,0,3.847,38,55,0
2023020150,2023,2023-11-02,WSH,NYI,0,3,0,3,REG,4.456,32,58,0,2.074,21,35,0
2023020151,2023,2023-11-02,MIN,NJD,3,5,3,5,REG,2.132,25,39,0,3.335,38,52,0
2023020152,2023,2023-11-02,EDM,DAL,3,4,3,4,REG,5.713,49,72,0,2.318,27,29,0
2023020153,2023,2023-11-02,ARI,MTL,3,2,3,2,REG,3.846,35,48,0,2.606,30,44,0
2023020154,2023,2023-11-02,SEA,NSH,4,2,4,2,REG,2.102,31,36,0,3.551,34,51,0
2023020155,2023,2023-11-02,VGK,WPG,5,2,5,2,REG,2.126,26,34,1,2.997,31,47,0
2023020156,2023,2023-11-02,SJS,VAN,1,10,1,10,REG,2.927,31,45,0,3.220,33,46,0
2023020157,2023,2023-11-03,BUF,PHI,1,5,1,5,REG,2.723,22,38,0,2.383,19,31,0
2023020158,2023,2023-11-03,STL,NJD,4,1,4,1,REG,2.485,35,49,2,3.263,34,52,0
2023020159,2023,2023-11-04,EDM,NSH,2,5,2,5,REG,3.415,35,47,0,3.569,34,44,0
2023020160,2023,2023-11-04,ARI,WPG,3,5,3,5,REG,2.562,25,33,0,2.788,27,43,0
2023020161,2023,2023-11-04,DET,BOS,5,4,5,4,REG,3.104,40,51,0,2.323,30,38,0
2023020162,2023,2023-11-04,OTT,TBL,4,6,4,6,REG,2.703,28,41,0,3.274,38,48,0
2023020163,2023,2023-11-04,PHI,LAK,0,5,0,5,REG,2.292,24,39,0,2.174,30,43,0
2023020164,2023,2023-11-04,STL,MTL,6,3,6,3,REG,3.044,35,47,1,3.275,33,45,0
2023020165,2023,2023-11-04,TOR,BUF,4,6,4,6,REG,3.386,28,43,0,3.305,41,50,1
2023020166,2023,2023-11-04,WSH,CBJ,2,1,2,1,REG,2.940,27,40,0,2.843,35,45,0
2023020167,2023,2023-11-04,NYI,CAR,3,4,3,3,OT,2.191,24,30,0,3.534,45,71,0
2023020168,2023,2023-11-04,CHI,FLA,5,2,5,2,REG,2.136,25,34,1,3.298,40,54,0
2023020169,2023,2023-11-04,MIN,NYR,5,4,4,4,SO,4.517,38,62,0,1.347,18,25,0
2023020170,2023,2023-11-04,SEA,CGY,3,6,3,6,REG,1.923,20,32,0,2.300,31,39,2
2023020171,2023,2023-11-04,SJS,PIT,2,10,2,10,REG,2.895,26,41,0,3.372,35,43,0
2023020172,2023,2023-11-04,VAN,DAL,2,0,2,0,REG,3.010,28,45,0,3.122,27,47,0
2023020173,2023,2023-11-04,VGK,COL,7,0,7,0,REG,2.580,34,42,0,3.075,41,57,0
2023020174,2023,2023-11-05,CHI,NJD,2,4,2,4,REG,2.355,34,41,0,3.386,41,53,1
2023020175,2023,2023-11-05,ANA,VGK,4,2,4,2,REG,2.607,23,37,1,2.858,32,46,0
2023020176,2023,2023-11-06,FLA,CBJ,5,4,4,4,OT,3.460,44,64,0,2.162,23,36,0
2023020177,2023,2023-11-06,TOR,TBL,6,5,5,5,OT,3.105,32,42,0,2.857,31,36,0
2023020178,2023,2023-11-06,DAL,BOS,2,3,2,3,REG,3.477,37,57,0,2.157,29,36,0
2023020179,2023,2023-11-06,VAN,EDM,6,2,6,2,REG,3.712,36,47,0,3.285,43,55,0
2023020180,2023,2023-11-07,CAR,BUF,3,2,2,2,OT,3.054,25,43,0,2.020,19,33,0
2023020181,2023,2023-11-07,MTL,TBL,3,5,3,5,REG,3.043,26,41,0,3.120,32,43,0
2023020182,2023,2023-11-07,NYI,MIN,2,4,2,4,REG,3.040,29,47,0,2.436,31,45,0
2023020183,2023,2023-11-07,NYR,DET,5,3,5,3,REG,3.592,32,53,0,2.897,28,44,0
2023020184,2023,2023-11-07,STL,WPG,2,5,2,5,REG,2.075,22,32,0,3.128,37,48,1
2023020185,2023,2023-11-07,ARI,SEA,4,3,3,3,SO,2.309,24,41,0,3.208,36,52,0
2023020186,2023,2023-11-07,CGY,NSH,4,2,4,2,REG,3.492,39,56,1,1.805,18,26,0
2023020187,2023,2023-11-07,ANA,PIT,0,2,0,2,REG,2.184,31,35,0,2.421,36,45,1
2023020188,2023,2023-11-07,COL,NJD,6,3,6,3,REG,3.310,32,46,1,1.784,23,32,0
2023020189,2023,2023-11-07,SJS,PHI,2,1,2,1,REG,1.992,19,30,0,2.691,39,46,0
2023020190,2023,2023-11-08,TOR,OTT,3,6,3,6,REG,2.546,30,45,0,2.816,31,44,0
2023020191,2023,2023-11-08,WSH,FLA,3,4,3,3,OT,2.364,28,37,0,2.705,24,34,0
2023020192,2023,2023-11-08,VGK,LAK,1,4,1,4,REG,2.407,38,46,0,2.961,33,50,1
2023020193,2023,2023-11-09,BOS,NYI,5,2,5,2,REG,2.680,35,45,1,2.579,29,43,0
2023020194,2023,2023-11-09,CBJ,DAL,2,5,2,5,REG,2.653,29,44,0,3.629,31,53,1
2023020195,2023,2023-11-09,DET,MTL,2,3,2,2,OT,2.002,26,41,0,1.712,22,34,0
2023020196,2023,2023-11-09,NYR,MIN,4,1,4,1,REG,2.670,28,41,1,2.707,26,48,0
2023020197,2023,2023-11-09,OTT,VAN,2,5,2,5,REG,2.089,30,41,0,1.578,16,23,0
2023020198,2023,2023-11-09,TBL,CHI,3,5,3,5,REG,3.904,33,47,0,2.729,29,35,0
2023020199,2023,2023-11-09,STL,ARI,2,1,2,1,REG,3.169,33,45,0,1.930,20,31,0
2023020200,2023,2023-11-09,WPG,NSH,6,3,6,3,REG,2.635,37,41,1,2.599,23,41,0
2023020201,2023,2023-11-09,COL,SEA,3,4,3,4,REG,1.917,26,37,0,2.451,22,43,0
2023020202,2023,2023-11-09,LAK,PIT,3,4,3,3,OT,3.009,34,48,0,2.246,19,33,0
2023020203,2023,2023-11-09,SJS,EDM,3,2,3,2,REG,1.811,18,30,0,3.773,41,56,0
2023020204,2023,2023-11-10,BUF,MIN,3,2,3,2,REG,2.234,25,37,0,4.801,35,54,0
2023020205,2023,2023-11-10,FLA,CAR,5,2,5,2,REG,2.757,35,45,1,2.021,30,44,0
2023020206,2023,2023-11-10,NJD,WSH,2,4,2,4,REG,2.561,26,37,0,2.834,27,39,1
2023020207,2023,2023-11-10,TOR,CGY,5,4,4,4,SO,3.746,33,57,0,1.548,22,35,0
2023020208,2023,2023-11-10,ANA,PHI,3,6,3,6,REG,4.139,38,55,0,2.998,36,46,1
2023020209,2023,2023-11-10,VGK,SJS,5,0,5,0,REG,2.816,39,50,0,1.285,20,30,0
2023020210,2023,2023-11-11,DET,CBJ,5,4,5,4,REG,3.077,28,36,0,2.357,22,39,0
2023020211,2023,2023-11-11,WPG,DAL,2,3,2,3,REG,1.525,33,38,0,2.720,29,38,0
2023020212,2023,2023-11-11,MTL,BOS,3,2,2,2,OT,2.824,25,37,0,2.512,27,38,0
2023020213,2023,2023-11-11,OTT,CGY,4,1,4,1,REG,2.835,38,53,0,2.831,25,42,0
2023020214,2023,2023-11-11,TBL,CAR,0,4,0,4,REG,2.304,22,29,0,2.982,32,47,0
2023020215,2023,2023-11-11,TOR,VAN,5,2,5,2,REG,3.275,22,40,0,3.697,33,49,0
2023020216,2023,2023-11-11,NYI,WSH,1,4,1,4,REG,2.985,37,64,0,2.199,28,37,1
2023020217,2023,2023-11-11,PIT,BUF,4,0,4,0,REG,3.011,39,56,1,2.491,35,49,0
2023020218,2023,2023-11-11,NSH,ARI,5,7,5,7,REG,4.706,42,59,0,2.712,25,35,1
2023020219,2023,2023-11-11,COL,STL,2,8,2,8,REG,3.541,38,53,0,3.817,42,44,0
2023020220,2023,2023-11-11,SEA,EDM,1,4,1,4,REG,1.361,18,25,0,2.407,26,38,0
2023020221,2023,2023-11-11,LAK,PHI,2,4,2,4,REG,3.020,37,55,0,2.369,26,36,0
2023020222,2023,2023-11-12,FLA,CHI,4,3,4,3,REG,3.224,31,47,0,1.639,26,31,0
2023020223,2023,2023-11-12,MIN,DAL,3,8,3,8,REG,2.574,26,39,0,4.120,37,52,0
2023020224,2023,2023-11-12,MTL,VAN,2,5,2,5,REG,3.330,32,42,0,3.291,37,53,2
2023020225,2023,2023-11-12,NYR,CBJ,4,3,3,3,SO,3.671,39,61,0,2.514,26,34,0
2023020226,2023,2023-11-12,ANA,SJS,4,1,4,1,REG,4.367,44,60,0,2.312,26,38,0
2023020227,2023,2023-11-13,EDM,NYI,4,1,4,1,REG,2.899,32,42,1,2.676,33,47,0
2023020228,2023,2023-11-13,SEA,COL,1,5,1,5,REG,1.913,19,36,0,2.843,31,49,0
2023020229,2023,2023-11-14,BUF,BOS,2,5,2,5,REG,3.053,34,50,0,3.824,32,43,0
2023020230,2023,2023-11-14,CBJ,PIT,3,5,3,5,REG,3.601,30,53,0,3.441,41,50,1
2023020231,2023,2023-11-14,MTL,CGY,1,2,1,2,REG,4.029,35,53,0,2.630,29,50,0
2023020232,2023,2023-11-14,WSH,VGK,3,0,3,0,REG,2.852,31,47,1,3.380,35,49,0
2023020233,2023,2023-11-14,DAL,ARI,4,3,3,3,OT,2.961,35,52,0,1.957,24,31,0
2023020234,2023,2023-11-14,NSH,ANA,2,3,2,3,REG,2.865,30,46,0,1.798,20,32,0
2023020235,2023,2023-11-14,STL,TBL,5,0,5,0,REG,2.187,29,35,1,2.844,30,44,0
2023020236,2023,2023-11-14,WPG,NJD,6,3,6,3,REG,2.461,31,42,1,2.880,34,45,0
2023020237,2023,2023-11-14,SJS,FLA,3,5,3,5,REG,2.239,22,37,0,2.570,31,41,1
2023020238,2023,2023-11-15,CAR,PHI,1,3,1,3,REG,3.020,32,44,0,1.691,24,28,0
2023020239,2023,2023-11-15,EDM,SEA,4,3,3,3,OT,3.158,28,41,0,4.212,34,52,0
2023020240,2023,2023-11-15,COL,ANA,8,2,8,2,REG,3.567,38,48,0,1.888,17,27,0
2023020241,2023,2023-11-15,VAN,NYI,4,3,3,3,OT,4.269,40,59,0,2.309,33,41,0
2023020242,2023,2023-11-16,OTT,DET,5,4,4,4,OT,3.001,31,41,0,3.166,38,55,0
2023020243,2023,2023-11-16,CBJ,ARI,2,3,2,3,REG,3.920,41,60,0,3.198,32,40,0
2023020244,2023,2023-11-16,MTL,VGK,5,6,5,6,REG,2.781,28,37,0,5.606,42,66,0
2023020245,2023,2023-11-16,PIT,NJD,2,5,2,5,REG,2.668,23,37,0,2.800,31,41,0
2023020246,2023,2023-11-16,CHI,TBL,2,4,2,4,REG,2.044,14,23,0,3.606,32,53,1
2023020247,2023,2023-11-16,CGY,VAN,5,2,5,2,REG,2.903,39,56,1,1.911,22,36,0
2023020248,2023,2023-11-16,SEA,NYI,4,3,3,3,SO,3.016,32,52,0,2.321,21,37,0
2023020249,2023,2023-11-16,LAK,FLA,2,1,2,1,REG,2.050,27,33,0,2.464,31,44,0
2023020250,2023,2023-11-16,SJS,STL,5,1,5,1,REG,2.568,35,43,0,3.652,45,56,0
2023020251,2023,2023-11-17,DET,TOR,2,3,2,3,REG,2.414,29,41,0,3.009,29,40,0
2023020252,2023,2023-11-17,WPG,BUF,3,2,3,2,REG,2.481,18,34,0,3.737,28,43,0
2023020253,2023,2023-11-17,ANA,FLA,1,2,1,2,REG,2.673,35,49,0,3.236,35,47,0
2023020254,2023,2023-11-18,OTT,MIN,2,1,1,1,SO,2.010,30,41,0,1.976,24,36,0
2023020255,2023,2023-11-18,PHI,VGK,4,3,3,3,OT,2.195,37,44,0,2.320,31,41,0
2023020256,2023,2023-11-18,NSH,CHI,4,2,4,2,REG,3.234,31,50,1,2.358,31,37,0
2023020257,2023,2023-11-18,TBL,EDM,6,4,6,4,REG,2.392,24,38,1,4.678,42,55,0
2023020258,2023,2023-11-18,BOS,MTL,5,2,5,2,REG,4.243,44,67,0,1.996,22,24,0
2023020259,2023,2023-11-18,CAR,PIT,4,2,4,2,REG,3.625,34,52,1,3.481,28,41,0
2023020260,2023,2023-11-18,CGY,NYI,4,5,4,4,SO,3.078,35,49,0,3.569,31,42,0
2023020261,2023,2023-11-18,NJD,NYR,3,5,3,5,REG,2.952,33,48,0,2.917,35,46,1
2023020262,2023,2023-11-18,WPG,ARI,5,2,5,2,REG,1.820,26,35,1,1.200,18,27,0
2023020263,2023,2023-11-18,WSH,CBJ,4,3,4,3,REG,1.939,26,36,0,3.583,36,58,0
2023020264,2023,2023-11-18,DAL,COL,3,6,3,6,REG,3.263,28,41,0,3.590,38,52,1
2023020265,2023,2023-11-18,VAN,SEA,3,4,3,4,REG,1.875,24,35,0,2.698,26,36,0
2023020266,2023,2023-11-18,LAK,STL,5,1,5,1,REG,3.917,31,50,0,3.009,30,45,0
2023020267,2023,2023-11-19,MIN,TOR,3,4,3,3,OT,2.933,35,49,0,2.002,23,39,0
2023020268,2023,2023-11-19,PHI,CBJ,5,2,5,2,REG,2.294,27,41,1,2.077,22,38,0
2023020269,2023,2023-11-19,PIT,VGK,3,0,3,0,REG,3.159,32,49,1,3.429,38,57,0
2023020270,2023,2023-11-19,CHI,BUF,2,3,2,3,REG,2.290,26,41,0,1.696,20,31,0
2023020271,2023,2023-11-19,ANA,STL,1,3,1,3,REG,2.229,31,36,0,3.828,32,46,0
2023020272,2023,2023-11-20,FLA,EDM,5,3,5,3,REG,2.717,33,44,1,2.886,29,44,0
2023020273,2023,2023-11-20,TBL,BOS,5,4,4,4,OT,3.146,46,54,0,2.048,27,35,0
2023020274,2023,2023-11-20,DAL,NYR,6,3,6,3,REG,3.590,36,52,2,3.098,33,52,0
2023020275,2023,2023-11-20,NSH,COL,4,3,4,3,REG,3.283,30,39,0,2.191,29,35,0
2023020276,2023,2023-11-20,ARI,LAK,1,4,1,4,REG,4.138,31,49,0,2.344,25,38,0
2023020277,2023,2023-11-20,SEA,CGY,3,4,3,3,OT,2.735,30,46,0,2.275,29,39,0
2023020278,2023,2023-11-20,VAN,SJS,3,1,3,1,REG,4.341,37,52,0,2.656,28,40,0
2023020279,2023,2023-11-22,CAR,EDM,6,3,6,3,REG,2.740,27,40,1,3.449,23,39,0
2023020280,2023,2023-11-22,CBJ,CHI,7,3,7,3,REG,2.547,26,40,0,2.972,36,49,0
2023020281,2023,2023-11-22,DET,NJD,4,0,4,0,REG,2.104,28,36,0,1.577,16,34,0
2023020282,2023,2023-11-22,FLA,BOS,1,3,1,3,REG,3.203,28,49,0,2.569,25,34,0
2023020283,2023,2023-11-22,PIT,NYR,0,1,0,1,REG,3.081,32,49,0,2.865,36,46,0
2023020284,2023,2023-11-22,TBL,WPG,2,3,2,2,OT,2.873,32,46,0,2.070,29,36,0
2023020285,2023,2023-11-22,WSH,BUF,4,3,3,3,OT,2.087,27,37,0,2.344,25,37,0
2023020286,2023,2023-11-22,NYI,PHI,3,2,3,2,REG,2.069,25,36,0,3.110,36,56,0
2023020287,2023,2023-11-22,ARI,STL,5,6,5,6,REG,3.069,25,51,0,2.629,31,45,0
2023020288,2023,2023-11-22,NSH,CGY,4,2,4,2,REG,4.123,45,59,0,2.854,26,35,0
2023020289,2023,2023-11-22,DAL,VGK,1,2,1,1,OT,2.998,30,45,0,2.172,25,30,0
2023020290,2023,2023-11-22,ANA,MTL,3,4,3,4,REG,2.677,33,50,0,2.700,28,38,0
2023020291,2023,2023-11-22,COL,VAN,5,2,5,2,REG,1.817,25,32,1,2.540,29,41,0
2023020292,2023,2023-11-22,SEA,SJS,7,1,7,1,REG,3.041,30,41,0,0.883,14,19,0
2023020293,2023,2023-11-24,BOS,DET,2,5,2,5,REG,3.253,27,42,0,2.627,28,39,1
2023020294,2023,2023-11-24,PHI,NYR,1,3,1,3,REG,2.531,37,48,0,1.692,19,33,0
2023020295,2023,2023-11-24,CHI,TOR,4,3,3,3,OT,1.989,28,39,0,3.408,33,41,0
2023020296,2023,2023-11-24,NJD,CBJ,1,2,1,2,REG,2.667,38,50,0,2.275,28,41,0
2023020297,2023,2023-11-24,STL,NSH,3,8,3,8,REG,3.335,39,46,0,3.352,35,43,0
2023020298,2023,2023-11-24,WSH,EDM,0,5,0,5,REG,2.109,25,33,0,3.654,35,52,0
2023020299,2023,2023-11-24,ANA,LAK,2,5,2,5,REG,2.096,31,43,0,2.896,31,47,0
2023020300,2023,2023-11-24,SJS,MTL,2,3,2,2,SO,2.835,30,40,0,1.870,22,34,0
2023020301,2023,2023-11-24,BUF,PIT,3,2,3,2,REG,3.780,34,60,0,2.288,33,45,0
2023020302,2023,2023-11-24,OTT,NYI,3,5,3,5,REG,2.999,31,49,0,2.539,26,32,0
2023020303,2023,2023-11-24,CAR,TBL,2,8,2,8,REG,2.661,24,46,0,1.613,14,23,0
2023020304,2023,2023-11-24,FLA,WPG,0,3,0,3,REG,2.325,33,46,0,2.367,31,43,1
2023020305,2023,2023-11-24,DAL,CGY,4,7,4,7,REG,2.911,28,40,0,2.958,27,40,1
2023020306,2023,2023-11-24,MIN,COL,2,3,2,3,REG,3.094,21,35,0,3.325,25,47,0
2023020307,2023,2023-11-24,SEA,VAN,1,5,1,5,REG,2.392,24,37,0,3.063,27,45,0
2023020308,2023,2023-11-25,NYR,BOS,7,4,7,4,REG,4.534,40,59,0,3.174,31,44,0
2023020309,2023,2023-11-25,LAK,MTL,4,0,4,0,REG,3.187,30,40,0,1.779,18,30,0
2023020310,2023,2023-11-25,NJD,BUF,7,2,7,2,REG,3.819,37,52,0,1.205,12,22,0
2023020311,2023,2023-11-25,PIT,TOR,3,2,3,2,REG,3.048,35,51,0,4.052,33,51,0
2023020312,2023,2023-11-25,NYI,PHI,0,1,0,0,SO,1.592,22,31,0,2.537,36,49,0
2023020313,2023,2023-11-25,COL,CGY,3,1,3,1,REG,2.498,24,42,0,2.379,30,43,0
2023020314,2023,2023-11-25,SJS,VAN,4,3,4,3,REG,1.943,22,32,0,4.662,33,52,0
2023020315,2023,2023-11-25,VGK,ARI,0,2,0,2,REG,3.055,34,47,0,0.938,18,24,1
2023020316,2023,2023-11-26,DET,MIN,4,1,4,1,REG,1.963,23,31,1,2.452,38,49,0
2023020317,2023,2023-11-26,CHI,STL,2,4,2,4,REG,2.473,33,42,0,3.394,28,39,0
2023020318,2023,2023-11-26,CAR,CBJ,3,2,3,2,REG,3.776,43,57,0,1.542,23,29,0
2023020319,2023,2023-11-26,NSH,WPG,3,2,3,2,REG,2.413,26,37,0,2.394,34,41,0
2023020320,2023,2023-11-26,EDM,ANA,8,2,8,2,REG,2.666,26,32,0,1.494,23,33,0
2023020321,2023,2023-11-27,CBJ,BOS,5,2,5,2,REG,2.436,40,48,1,3.494,33,56,0
2023020322,2023,2023-11-27,NYR,BUF,1,5,1,5,REG,2.669,26,35,0,2.981,39,45,1
2023020323,2023,2023-11-27,OTT,FLA,0,5,0,5,REG,1.779,20,29,0,2.928,37,48,0
2023020324,2023,2023-11-27,COL,TBL,4,1,4,1,REG,2.604,23,42,1,4.119,39,55,0
2023020325,2023,2023-11-27,CGY,VGK,2,1,1,1,OT,2.592,29,49,0,2.483,28,41,0
2023020326,2023,2023-11-27,SJS,WSH,2,1,2,1,REG,1.823,23,37,0,3.207,34,46,0
2023020327,2023,2023-11-28,NJD,NYI,5,4,5,4,REG,3.149,33,51,0,3.393,26,36,0
2023020328,2023,2023-11-28,PHI,CAR,1,4,1,4,REG,1.802,29,39,0,2.508,36,51,1
2023020329,2023,2023-11-28,TOR,FLA,2,1,1,1,SO,3.271,31,43,0,2.600,35,53,0
2023020330,2023,2023-11-28,MIN,STL,3,1,3,1,REG,3.139,37,52,0,2.557,24,40,0
2023020331,2023,2023-11-28,NSH,PIT,3,2,2,2,OT,2.122,24,38,0,3.294,31,47,0
2023020332,2023,2023-11-28,WPG,DAL,0,2,0,2,REG,2.100,27,39,0,2.007,21,35,0
2023020333,2023,2023-11-28,CHI,SEA,4,3,4,3,REG,1.795,23,31,0,2.505,36,45,0
2023020334,2023,2023-11-28,ARI,TBL,3,1,3,1,REG,2.075,27,36,0,3.432,31,52,0
2023020335,2023,2023-11-28,EDM,VGK,5,4,4,4,SO,3.869,33,47,0,2.192,24,31,0
2023020336,2023,2023-11-28,VAN,ANA,3,1,3,1,REG,2.793,27,44,1,2.988,31,46,0
2023020337,2023,2023-11-29,CBJ,MTL,2,4,2,4,REG,2.429,28,44,0,2.617,31,43,1
2023020338,2023,2023-11-29,NYR,DET,3,2,3,2,REG,4.139,41,59,0,2.580,27,37,0
2023020339,2023,2023-11-29,LAK,WSH,1,2,1,2,REG,4.014,39,53,0,2.067,15,23,0
2023020340,2023,2023-11-30,BOS,SJS,3,0,3,0,REG,2.868,37,48,0,1.966,26,36,0
2023020341,2023,2023-11-30,CAR,NYI,4,5,4,4,OT,4.491,42,64,0,1.634,14,25,0
2023020342,2023,2023-11-30,DET,CHI,5,1,5,1,REG,2.829,29,40,0,3.073,35,49,0
2023020343,2023,2023-11-30,MTL,FLA,1,5,1,5,REG,3.253,22,39,0,2.295,29,37,0
2023020344,2023,2023-11-30,PHI,NJD,3,4,3,3,OT,3.604,47,64,0,3.748,34,46,0
2023020345,2023,2023-11-30,TBL,PIT,2,4,2,4,REG,3.424,41,62,0,2.327,29,42,1
2023020346,2023,2023-11-30,TOR,SEA,4,3,3,3,SO,2.442,28,35,0,3.597,36,55,0
2023020347,2023,2023-11-30,NSH,MIN,1,6,1,6,REG,2.333,27,35,0,3.421,31,50,0
2023020348,2023,2023-11-30,STL,BUF,6,4,6,4,REG,2.457,20,38,0,4.460,46,69,0
2023020349,2023,2023-11-30,WPG,EDM,1,3,1,3,REG,2.774,26,35,0,3.300,39,59,1
2023020350,2023,2023-11-30,ARI,COL,4,3,3,3,OT,2.466,25,40,0,2.249,30,43,0
2023020351,2023,2023-11-30,CGY,DAL,4,3,3,3,OT,2.749,34,47,0,1.892,16,27,0
2023020352,2023,2023-11-30,ANA,WSH,4,5,4,5,REG,3.610,32,51,0,2.964,26,31,0
2023020353,2023,2023-11-30,VAN,VGK,1,4,1,4,REG,2.532,22,36,0,2.565,44,53,0
2023020354,2023,2023-12-01,CBJ,OTT,4,2,4,2,REG,1.505,23,30,0,4.412,43,58,0
2023020355,2023,2023-12-01,NJD,SJS,3,6,3,6,REG,5.454,47,69,0,1.649,18,29,1
2023020356,2023,2023-12-02,DAL,TBL,8,1,8,1,REG,3.312,34,45,0,3.761,33,51,0
2023020357,2023,2023-12-02,WPG,CHI,3,1,3,1,REG,2.649,28,43,0,2.150,21,33,0
2023020358,2023,2023-12-02,NSH,NYR,3,4,3,4,REG,4.159,40,62,0,2.192,25,36,0
2023020359,2023,2023-12-02,FLA,NYI,3,4,3,4,REG,3.952,45,68,0,2.178,27,35,0
2023020360,2023,2023-12-02,CAR,BUF,6,2,6,2,REG,4.606,37,60,0,1.652,22,29,0
2023020361,2023,2023-12-02,MTL,DET,4,5,4,4,OT,2.415,30,44,0,3.382,30,38,0
2023020362,2023,2023-12-02,OTT,SEA,2,0,2,0,REG,2.456,28,37,0,2.603,39,51,0
2023020363,2023,2023-12-02,PIT,PHI,3,4,3,3,SO,2.486,26,41,0,2.744,32,43,0
2023020364,2023,2023-12-02,TOR,BOS,3,4,3,3,OT,3.690,35,48,0,2.558,26,38,0
2023020365,2023,2023-12-02,ARI,STL,4,1,4,1,REG,2.512,22,37,1,2.791,32,54,0
2023020366,2023,2023-12-02,ANA,COL,4,3,3,3,SO,2.549,32,41,0,3.096,35,46,0
2023020367,2023,2023-12-02,CGY,VAN,3,4,3,4,REG,2.724,24,40,0,2.697,22,37,1
2023020368,2023,2023-12-02,VGK,WSH,4,1,4,1,REG,3.586,36,50,1,2.432,22,35,0
2023020369,2023,2023-12-03,MIN,CHI,4,1,4,1,REG,2.873,34,45,0,2.372,29,38,0
2023020370,2023,2023-12-03,NYR,SJS,6,5,6,5,REG,4.077,36,49,0,3.223,28,45,0
2023020371,2023,2023-12-03,BOS,CBJ,3,1,3,1,REG,2.973,28,40,0,2.285,25,41,0
2023020372,2023,2023-12-03,BUF,NSH,1,2,1,2,REG,3.253,35,55,0,3.358,29,44,0
2023020373,2023,2023-12-03,LAK,COL,4,1,4,1,REG,3.112,38,57,1,1.499,21,28,0
2023020374,2023,2023-12-04,PHI,PIT,2,1,1,1,OT,2.235,29,43,0,2.416,30,44,0
2023020375,2023,2023-12-04,TBL,DAL,4,0,4,0,REG,2.786,23,34,0,2.165,25,38,0
2023020376,2023,2023-12-04,MTL,SEA,4,2,4,2,REG,2.924,30,39,1,2.518,33,43,0
2023020377,2023,2023-12-04,WPG,CAR,2,1,2,1,REG,2.012,22,32,0,4.073,43,71,0
2023020378,2023,2023-12-04,ARI,WSH,6,0,6,0,REG,2.671,27,36,0,2.756,26,38,0
2023020379,2023,2023-12-04,VGK,STL,1,2,1,1,OT,3.925,34,50,0,2.100,26,39,0
2023020380,2023,2023-12-05,BUF,DET,3,5,3,5,REG,2.372,32,42,0,2.691,27,32,1
2023020381,2023,2023-12-05,CBJ,LAK,3,4,3,3,OT,2.560,29,42,0,4.546,38,64,0
2023020382,2023,2023-12-05,OTT,NYR,6,2,6,2,REG,2.932,36,48,1,2.677,35,45,0
2023020383,2023,2023-12-05,NYI,SJS,4,5,4,4,OT,3.371,37,55,0,2.681,34,46,0
2023020384,2023,2023-12-05,CHI,NSH,3,4,3,3,SO,2.310,26,33,0,2.515,29,40,0
2023020385,2023,2023-12-05,CGY,MIN,2,5,2,5,REG,2.512,30,43,0,3.120,29,43,0
2023020386,2023,2023-12-05,COL,ANA,3,2,3,2,REG,2.960,30,44,0,2.236,33,38,0
2023020387,2023,2023-12-05,VAN,NJD,5,6,5,6,REG,3.828,33,40,0,2.952,32,37,0
2023020388,2023,2023-12-06,FLA,DAL,5,4,5,4,REG,3.421,31,46,0,3.501,33,49,0
2023020389,2023,2023-12-06,TBL,PIT,3,1,3,1,REG,2.764,27,43,0,2.420,25,39,0
2023020390,2023,2023-12-06,STL,VGK,3,6,3,6,REG,2.252,29,35,0,4.785,49,67,1
2023020391,2023,2023-12-06,EDM,CAR,6,1,6,1,REG,4.508,34,44,0,3.335,39,53,0
2023020392,2023,2023-12-07,BOS,BUF,1,3,1,3,REG,2.970,32,47,0,2.391,35,42,0
2023020393,2023,2023-12-07,DET,SJS,5,6,5,5,OT,2.960,31,51,0,3.837,35,45,0
2023020394,2023,2023-12-07,MTL,LAK,0,4,0,4,REG,2.588,24,43,0,3.269,42,51,0
2023020395,2023,2023-12-07,OTT,TOR,3,4,3,4,REG,3.362,41,47,0,1.935,22,33,0
2023020396,2023,2023-12-07,WSH,DAL,4,5,4,4,SO,2.577,25,35,0,2.601,36,47,0
2023020397,2023,2023-12-07,NYI,CBJ,7,3,7,3,REG,2.745,36,42,0,2.815,35,49,0
2023020398,2023,2023-12-07,NSH,TBL,5,1,5,1,REG,2.431,30,43,1,2.993,33,45,0
2023020399,2023,2023-12-07,CHI,ANA,1,0,1,0,REG,2.007,25,34,0,2.307,37,46,0
2023020400,2023,2023-12-07,ARI,PHI,1,4,1,4,REG,2.281,26,44,0,2.068,26,39,0
2023020401,2023,2023-12-07,CGY,CAR,3,2,3,2,REG,3.561,27,44,0,1.504,30,38,0
2023020402,2023,2023-12-07,COL,WPG,2,4,2,4,REG,2.959,34,47,0,1.804,28,38,1
2023020403,2023,2023-12-07,SEA,NJD,1,2,1,2,REG,3.602,38,56,0,1.795,17,34,0
2023020404,2023,2023-12-07,VAN,MIN,2,0,2,0,REG,2.211,17,34,0,2.906,26,39,0
2023020405,2023,2023-12-08,CBJ,STL,5,2,5,2,REG,1.940,22,34,1,3.976,43,59,0
2023020406,2023,2023-12-08,FLA,PIT,3,1,3,1,REG,3.877,33,52,1,2.708,26,36,0
2023020407,2023,2023-12-08,EDM,MIN,4,3,4,3,REG,3.781,40,52,0,2.470,20,42,0
2023020408,2023,2023-12-09,BOS,ARI,5,3,5,3,REG,3.482,29,43,0,3.563,33,44,0
2023020409,2023,2023-12-09,CGY,NJD,2,4,2,4,REG,2.045,25,39,0,2.586,30,42,1
2023020410,2023,2023-12-09,DAL,VGK,1,6,1,6,REG,2.026,20,34,0,2.489,27,35,0
2023020411,2023,2023-12-09,BUF,MTL,2,3,2,2,SO,4.462,45,57,0,3.004,30,46,0
2023020412,2023,2023-12-09,DET,OTT,1,5,1,5,REG,2.797,31,43,0,3.502,37,56,1
2023020413,2023,2023-12-09,TOR,NSH,4,0,4,0,REG,4.396,37,46,1,1.804,18,29,0
2023020414,2023,2023-12-09,WSH,NYR,4,0,4,0,REG,2.507,29,40,0,2.351,31,46,0
2023020415,2023,2023-12-09,NYI,LAK,3,2,2,2,OT,2.876,29,44,0,3.082,35,46,0
2023020416,2023,2023-12-09,CHI,STL,3,1,3,1,REG,2.921,24,39,0,4.106,39,59,0
2023020417,2023,2023-12-09,COL,PHI,2,5,2,5,REG,3.270,38,54,0,3.470,34,44,0
2023020418,2023,2023-12-09,SEA,TBL,3,4,3,3,OT,1.861,26,35,0,2.705,29,40,0
2023020419,2023,2023-12-09,VAN,CAR,4,3,4,3,REG,2.436,24,30,0,2.920,24,42,0
2023020420,2023,2023-12-10,CBJ,FLA,2,5,2,5,REG,2.532,19,33,0,3.480,35,53,2
2023020421,2023,2023-12-10,EDM,NJD,4,1,4,1,REG,3.370,30,43,1,3.020,26,41,0
2023020422,2023,2023-12-10,CHI,WSH,2,4,2,4,REG,2.368,34,46,0,2.373,27,39,0
2023020423,2023,2023-12-10,MTL,NSH,1,2,1,2,REG,3.457,37,52,0,3.100,32,39,0
2023020424,2023,2023-12-10,NYR,LAK,4,1,4,1,REG,2.941,27,37,0,1.597,26,32,0
2023020425,2023,2023-12-10,ANA,WPG,2,4,2,4,REG,1.935,26,38,0,2.822,31,45,1
2023020426,2023,2023-12-10,SEA,MIN,0,3,0,3,REG,2.801,24,42,0,2.105,26,35,1
2023020427,2023,2023-12-10,VGK,SJS,5,4,4,4,SO,2.689,26,39,0,2.178,36,47,0
2023020428,2023,2023-12-11,BUF,ARI,5,2,5,2,REG,3.360,38,48,1,1.765,23,31,0
2023020429,2023,2023-12-11,NYI,TOR,4,3,3,3,OT,2.922,28,48,0,3.801,38,50,0
2023020430,2023,2023-12-11,DAL,DET,6,3,6,3,REG,3.180,35,52,1,3.282,30,37,0
2023020431,2023,2023-12-11,COL,CGY,6,5,6,5,REG,3.132,38,51,0,3.074,32,46,0
2023020432,2023,2023-12-12,NYR,TOR,3,7,3,7,REG,3.583,31,51,0,3.225,30,41,1
2023020433,2023,2023-12-12,OTT,CAR,1,4,1,4,REG,3.044,32,41,0,2.837,28,44,0
2023020434,2023,2023-12-12,PIT,ARI,4,2,4,2,REG,3.629,43,60,1,2.590,21,41,0
2023020435,2023,2023-12-12,NSH,PHI,3,2,2,2,OT,2.135,20,35,0,3.089,39,51,0
2023020436,2023,2023-12-12,STL,DET,4,6,4,6,REG,3.135,37,50,0,3.372,32,45,1
2023020437,2023,2023-12-12,EDM,CHI,4,1,4,1,REG,3.402,29,46,0,1.528,23,30,0
2023020438,2023,2023-12-12,SEA,FLA,4,0,4,0,REG,2.065,23,33,1,2.117,24,43,0
2023020439,2023,2023-12-12,VAN,TBL,4,1,4,1,REG,1.999,22,35,1,3.420,29,45,0
2023020440,2023,2023-12-12,VGK,CGY,5,4,4,4,OT,2.824,38,47,0,2.421,31,42,0
2023020441,2023,2023-12-12,SJS,WPG,2,1,2,1,REG,3.124,32,44,0,4.044,37,59,0
2023020442,2023,2023-12-13,MTL,PIT,3,4,3,3,SO,3.942,33,47,0,2.769,29,43,0
2023020443,2023,2023-12-13,NJD,BOS,2,1,1,1,OT,2.848,29,44,0,2.585,24,38,0
2023020444,2023,2023-12-13,NYI,ANA,4,3,4,3,REG,3.066,35,51,0,2.100,24,38,0
2023020445,2023,2023-12-13,COL,BUF,5,1,5,1,REG,2.600,29,43,0,2.745,30,41,0
2023020446,2023,2023-12-13,LAK,WPG,2,5,2,5,REG,3.566,34,54,0,2.320,29,47,1
2023020447,2023,2023-12-14,DET,CAR,1,2,1,2,REG,1.827,26,34,0,3.742,39,59,0
2023020448,2023,2023-12-14,PHI,WSH,4,3,3,3,SO,3.052,29,46,0,2.421,26,36,0
2023020449,2023,2023-12-14,TOR,CBJ,5,6,5,5,OT,4.792,46,60,0,3.423,33,44,0
2023020450,2023,2023-12-14,MIN,CGY,3,2,2,2,SO,2.873,31,44,0,3.073,35,46,0
2023020451,2023,2023-12-14,STL,OTT,4,2,4,2,REG,3.186,30,44,0,3.024,34,50,0
2023020452,2023,2023-12-14,EDM,TBL,4,7,4,7,REG,6.902,57,69,0,2.211,24,30,2
2023020453,2023,2023-12-14,SEA,CHI,7,1,7,1,REG,2.860,29,45,0,1.311,22,30,0
2023020454,2023,2023-12-14,VAN,FLA,4,0,4,0,REG,2.897,18,34,0,3.333,36,49,0
2023020455,2023,2023-12-15,CAR,NSH,5,6,5,5,OT,2.390,31,44,0,3.229,29,42,0
2023020456,2023,2023-12-15,NYR,ANA,5,1,5,1,REG,3.573,39,49,0,2.820,30,47,0
2023020457,2023,2023-12-15,NYI,BOS,4,5,4,4,SO,3.866,33,48,0,2.124,29,41,0
2023020458,2023,2023-12-15,DAL,OTT,5,4,5,4,REG,2.526,24,39,0,2.146,29,42,0
2023020459,2023,2023-12-15,ARI,SJS,1,0,1,0,REG,2.876,24,42,0,2.024,21,36,0
2023020460,2023,2023-12-15,VGK,BUF,2,5,2,5,REG,5.189,35,56,0,2.182,27,36,1
2023020461,2023,2023-12-16,MIN,VAN,2,1,1,1,SO,2.806,31,42,0,2.425,34,44,0
2023020462,2023,2023-12-16,BOS,NYR,1,2,1,1,OT,2.067,22,35,0,2.972,33,49,0
2023020463,2023,2023-12-16,CBJ,NJD,3,6,3,6,REG,3.056,26,40,0,2.295,30,40,1
2023020464,2023,2023-12-16,MTL,NYI,5,3,5,3,REG,3.888,41,55,1,3.205,33,44,0
2023020465,2023,2023-12-16,PHI,DET,1,0,1,0,REG,2.533,34,42,0,2.213,32,44,0
2023020466,2023,2023-12-16,TOR,PIT,7,0,7,0,REG,4.402,35,50,0,2.964,38,50,0
2023020467,2023,2023-12-16,WPG,COL,6,2,6,2,REG,2.273,25,40,1,2.550,32,45,0
2023020468,2023,2023-12-16,NSH,WSH,3,1,3,1,REG,1.957,23,31,0,2.795,22,40,0
2023020469,2023,2023-12-16,STL,DAL,4,3,3,3,OT,2.477,33,44,0,2.283,23,40,0
2023020470,2023,2023-12-16,ARI,BUF,2,0,2,0,REG,2.707,22,37,0,2.640,28,43,0
2023020471,2023,2023-12-16,CGY,TBL,4,2,4,2,REG,2.008,26,36,0,2.479,33,44,0
2023020472,2023,2023-12-16,EDM,FLA,1,5,1,5,REG,2.891,39,47,0,2.825,39,48,0
2023020473,2023,2023-12-16,SEA,LAK,2,3,2,2,SO,2.177,18,35,0,2.544,35,53,0
2023020474,2023,2023-12-17,CHI,VAN,3,4,3,4,REG,2.295,28,42,0,2.506,27,37,0
2023020475,2023,2023-12-17,CAR,WSH,1,2,1,1,SO,2.861,28,49,0,1.978,20,27,0
2023020476,2023,2023-12-17,NJD,ANA,1,5,1,5,REG,3.661,29,44,0,2.425,28,39,1
2023020477,2023,2023-12-17,COL,SJS,6,2,6,2,REG,3.730,29,48,1,2.483,27,36,0
2023020478,2023,2023-12-17,VGK,OTT,6,3,6,3,REG,2.937,31,39,0,2.455,25,45,0
2023020479,2023,2023-12-18,DET,ANA,3,4,3,4,REG,2.878,32,47,0,2.870,22,41,0
2023020480,2023,2023-12-18,PIT,MIN,4,3,4,3,REG,3.786,30,47,0,2.231,27,44,0
2023020481,2023,2023-12-18,WPG,MTL,2,3,2,2,OT,2.268,32,46,0,1.946,24,34,0
2023020482,2023,2023-12-18,DAL,SEA,4,3,3,3,OT,2.028,27,36,0,3.118,37,48,0
2023020483,2023,2023-12-18,CGY,FLA,3,1,3,1,REG,1.975,25,36,1,3.772,34,50,0
2023020484,2023,2023-12-19,BOS,MIN,3,4,3,3,OT,3.796,41,55,0,2.845,28,42,0
2023020485,2023,2023-12-19,BUF,CBJ,4,9,4,9,REG,2.754,29,46,0,3.137,34,42,0
2023020486,2023,2023-12-19,CAR,VGK,6,3,6,3,REG,3.773,39,59,0,3.003,33,42,0
2023020487,2023,2023-12-19,NJD,PHI,2,3,2,2,OT,3.467,23,33,0,1.566,23,37,0
2023020488,2023,2023-12-19,TBL,STL,6,1,6,1,REG,2.472,33,41,0,2.875,29,43,0
2023020489,2023,2023-12-19,TOR,NYR,2,5,2,5,REG,2.380,33,47,0,2.125,36,45,1
2023020490,2023,2023-12-19,NYI,EDM,3,1,3,1,REG,2.049,21,28,0,3.810,31,56,0
2023020491,2023,2023-12-19,NSH,VAN,2,5,2,5,REG,2.043,28,37,0,3.313,35,47,0
2023020492,2023,2023-12-19,CHI,COL,3,2,3,2,REG,2.120,22,35,0,4.002,37,52,0
2023020493,2023,2023-12-19,ARI,OTT,4,3,4,3,REG,3.187,38,51,0,1.842,22,34,0
2023020494,2023,2023-12-19,SJS,LAK,1,4,1,4,REG,1.922,16,29,0,3.433,39,58,1
2023020495,2023,2023-12-20,WPG,DET,5,2,5,2,REG,2.534,41,56,0,2.961,28,46,0
2023020496,2023,2023-12-20,WSH,NYI,3,2,2,2,OT,2.791,34,46,0,2.291,32,43,0
2023020497,2023,2023-12-20,LAK,SEA,1,2,1,2,REG,2.994,43,60,0,2.709,30,40,0
2023020498,2023,2023-12-21,BUF,TOR,9,3,9,3,REG,3.524,34,49,0,2.203,27,40,0
2023020499,2023,2023-12-21,CBJ,WSH,2,3,2,2,OT,2.640,34,53,0,2.642,26,36,0
2023020500,2023,2023-12-21,FLA,STL,1,4,1,4,REG,4.542,38,59,0,1.826,24,34,1
2023020501,2023,2023-12-21,NJD,EDM,3,6,3,6,REG,2.225,26,36,0,3.397,38,50,0
2023020502,2023,2023-12-21,PHI,NSH,2,4,2,4,REG,2.741,31,43,0,3.144,31,46,1
2023020503,2023,2023-12-21,PIT,CAR,2,1,1,1,SO,1.640,22,28,0,1.677,24,36,0
2023020504,2023,2023-12-21,TBL,VGK,5,4,5,4,REG,3.560,36,49,0,2.976,34,45,0
2023020505,2023,2023-12-21,DAL,VAN,4,3,3,3,OT,3.249,34,49,0,1.799,19,34,0
2023020506,2023,2023-12-21,MIN,MTL,4,3,3,3,OT,2.527,22,35,0,1.452,23,36,0
2023020507,2023,2023-12-21,COL,OTT,6,4,6,4,REG,3.254,39,52,1,4.343,45,58,0
2023020508,2023,2023-12-21,ANA,CGY,0,3,0,3,REG,1.820,25,32,0,3.958,44,51,1
2023020509,2023,2023-12-21,SJS,ARI,2,5,2,5,REG,3.665,31,48,0,3.069,30,42,0
2023020510,2023,2023-12-22,DET,PHI,7,6,6,6,SO,3.320,31,41,0,3.648,39,52,0
2023020511,2023,2023-12-22,NYR,EDM,3,4,3,4,REG,3.126,34,43,0,3.409,28,45,0
2023020512,2023,2023-12-22,WPG,BOS,5,1,5,1,REG,3.057,33,47,0,2.841,25,43,0
2023020513,2023,2023-12-22,CHI,MTL,2,5,2,5,REG,2.159,21,36,0,2.403,28,38,1
2023020514,2023,2023-12-23,FLA,VGK,4,2,4,2,REG,3.455,42,59,0,2.212,25,33,0
2023020515,2023,2023-12-23,NSH,DAL,2,3,2,3,REG,1.704,21,28,0,2.943,34,44,0
2023020516,2023,2023-12-23,CAR,NYI,4,5,4,5,REG,4.556,40,58,0,2.379,28,35,0
2023020517,2023,2023-12-23,CBJ,TOR,1,4,1,4,REG,3.648,28,41,0,3.171,30,41,0
2023020518,2023,2023-12-23,MIN,BOS,3,2,3,2,REG,3.982,36,52,0,1.485,21,31,0
2023020519,2023,2023-12-23,NJD,DET,3,2,3,2,REG,2.872,36,52,0,1.990,24,36,0
2023020520,2023,2023-12-23,OTT,PIT,5,4,4,4,OT,2.036,25,37,0,3.291,34,47,0
2023020521,2023,2023-12-23,WSH,TBL,1,2,1,1,SO,1.981,29,35,0,2.585,18,43,0
2023020522,2023,2023-12-23,NYR,BUF,4,3,3,3,OT,3.117,32,49,0,2.638,27,41,0
2023020523,2023,2023-12-23,ANA,SEA,2,3,2,3,REG,3.404,34,47,0,1.704,22,36,0
2023020524,2023,2023-12-23,STL,CHI,7,5,7,5,REG,3.586,42,54,1,1.989,20,34,0
2023020525,2023,2023-12-23,COL,ARI,4,1,4,1,REG,1.951,26,31,0,2.108,25,32,0
2023020526,2023,2023-12-23,LAK,CGY,5,3,5,3,REG,3.918,34,51,1,3.029,32,44,0
2023020527,2023,2023-12-23,VAN,SJS,7,4,7,4,REG,2.673,26,41,1,2.358,25,32,0
2023020528,2023,2023-12-27,NJD,CBJ,4,3,3,3,OT,3.640,33,45,0,2.932,28,41,0
2023020529,2023,2023-12-27,NYR,WSH,5,1,5,1,REG,2.812,31,44,0,2.090,27,41,0
2023020530,2023,2023-12-27,TBL,FLA,2,3,2,3,REG,2.914,29,46,0,2.869,31,44,0
2023020531,2023,2023-12-27,TOR,OTT,2,4,2,4,REG,4.363,36,61,0,2.649,30,44,1
2023020532,2023,2023-12-27,BUF,BOS,1,4,1,4,REG,2.247,26,45,0,2.264,25,35,0
2023020533,2023,2023-12-27,NYI,PIT,0,7,0,7,REG,1.816,22,34,0,4.083,32,47,0
2023020534,2023,2023-12-27,MIN,DET,6,3,6,3,REG,3.081,31,44,0,2.505,28,44,0
2023020535,2023,2023-12-27,NSH,CAR,2,5,2,5,REG,3.267,37,43,0,2.854,25,36,0
2023020536,2023,2023-12-27,STL,DAL,2,1,2,1,REG,2.276,30,38,0,3.001,40,56,0
2023020537,2023,2023-12-27,ARI,COL,5,4,4,4,OT,2.241,22,38,0,2.528,22,34,0
2023020538,2023,2023-12-27,CHI,WPG,2,1,1,1,OT,1.611,24,31,0,3.743,36,57,0
2023020539,2023,2023-12-27,CGY,SEA,1,2,1,2,REG,3.657,38,54,0,2.157,21,30,0
2023020540,2023,2023-12-27,ANA,VGK,5,2,5,2,REG,1.915,26,37,0,3.802,32,50,0
2023020541,2023,2023-12-27,LAK,SJS,5,1,5,1,REG,4.551,43,62,0,2.060,25,37,0
2023020542,2023,2023-12-28,CAR,MTL,5,3,5,3,REG,2.714,31,43,1,2.300,21,40,0
2023020543,2023,2023-12-28,VAN,PHI,1,4,1,4,REG,2.938,27,37,0,2.388,25,34,0
2023020544,2023,2023-12-28,VGK,LAK,3,2,3,2,REG,1.983,32,39,0,2.499,34,58,0
2023020545,2023,2023-12-28,SJS,EDM,0,5,0,5,REG,2.605,25,40,0,2.594,30,43,0
2023020546,2023,2023-12-29,CBJ,TOR,6,5,5,5,OT,1.618,19,32,0,2.836,33,48,0
2023020547,2023,2023-12-29,DET,NSH,5,4,4,4,OT,3.066,22,43,0,3.772,35,55,0
2023020548,2023,2023-12-29,FLA,NYR,4,3,4,3,REG,3.289,33,50,0,2.960,34,46,0
2023020549,2023,2023-12-29,OTT,NJD,2,6,2,6,REG,2.704,27,37,0,2.666,30,42,0
2023020550,2023,2023-12-29,NYI,WSH,5,1,5,1,REG,3.184,32,52,0,2.226,27,40,0
2023020551,2023,2023-12-29,DAL,CHI,5,4,4,4,OT,3.841,32,52,0,2.547,29,47,0
2023020552,2023,2023-12-29,STL,COL,1,2,1,2,REG,2.965,29,51,0,1.134,23,29,0
2023020553,2023,2023-12-29,ANA,ARI,0,2,0,2,REG,2.362,28,41,0,3.679,32,52,0
2023020554,2023,2023-12-29,SEA,PHI,2,1,1,1,OT,2.327,25,41,0,2.578,27,45,0
2023020555,2023,2023-12-30,WPG,MIN,4,2,4,2,REG,3.467,32,48,0,3.988,36,48,0
2023020556,2023,2023-12-30,BUF,CBJ,3,2,2,2,OT,3.170,40,55,0,1.610,20,28,0
2023020557,2023,2023-12-30,BOS,NJD,5,2,5,2,REG,2.813,31,41,0,2.540,33,41,0
2023020558,2023,2023-12-30,FLA,MTL,4,1,4,1,REG,2.824,26,40,1,1.585,19,34,0
2023020559,2023,2023-12-30,PIT,STL,4,2,4,2,REG,3.005,30,42,1,2.087,27,42,0
2023020560,2023,2023-12-30,TBL,NYR,1,5,1,5,REG,2.882,35,53,0,2.097,21,31,0
2023020561,2023,2023-12-30,TOR,CAR,2,3,2,3,REG,2.447,27,36,0,2.112,28,40,1
2023020562,2023,2023-12-30,WSH,NSH,2,3,2,2,SO,2.028,27,39,0,3.656,34,55,0
2023020563,2023,2023-12-30,LAK,EDM,2,3,2,2,SO,2.083,25,36,0,3.234,25,42,0
2023020564,2023,2023-12-31,MIN,WPG,2,3,2,3,REG,1.467,26,35,0,2.419,29,41,0
2023020565,2023,2023-12-31,DET,BOS,3,5,3,5,REG,3.384,30,41,0,1.353,24,30,2
2023020566,2023,2023-12-31,OTT,BUF,5,1,5,1,REG,2.868,31,38,1,3.160,46,56,0
2023020567,2023,2023-12-31,PIT,NYI,3,1,3,1,REG,3.499,38,60,1,3.640,38,51,0
2023020568,2023,2023-12-31,TBL,MTL,4,3,4,3,REG,2.035,20,31,0,2.698,29,44,0
2023020569,2023,2023-12-31,ANA,EDM,2,7,2,7,REG,2.962,30,41,0,4.039,39,50,0
2023020570,2023,2023-12-31,CGY,PHI,4,3,4,3,REG,2.935,33,45,1,3.031,31,42,0
2023020571,2023,2023-12-31,COL,SJS,3,1,3,1,REG,3.111,33,56,1,0.905,11,20,0
2023020572,2023,2023-12-31,DAL,CHI,8,1,8,1,REG,3.790,41,51,0,1.859,24,36,0
2023020573,2023,2024-01-01,SEA,VGK,3,0,3,0,REG,2.389,27,41,0,2.161,35,49,0
2023020574,2023,2024-01-02,CBJ,BOS,1,4,1,4,REG,2.181,27,40,0,2.287,27,33,0
2023020575,2023,2024-01-02,NYR,CAR,1,6,1,6,REG,1.597,29,39,0,2.749,27,39,0
2023020576,2023,2024-01-02,PIT,WSH,3,4,3,4,REG,4.009,35,53,0,1.562,22,33,0
2023020577,2023,2024-01-02,DAL,MTL,3,4,3,4,REG,4.259,33,53,0,1.534,18,26,0
2023020578,2023,2024-01-02,MIN,CGY,1,3,1,3,REG,3.124,29,42,0,2.489,33,48,1
2023020579,2023,2024-01-02,NSH,CHI,3,0,3,0,REG,2.864,36,53,1,1.482,21,32,0
2023020580,2023,2024-01-02,WPG,TBL,4,2,4,2,REG,3.187,28,45,1,2.975,34,49,0
2023020581,2023,2024-01-02,ARI,FLA,1,4,1,4,REG,2.225,22,38,0,4.348,39,62,1
2023020582,2023,2024-01-02,COL,NYI,5,4,4,4,OT,3.393,38,56,0,1.186,22,28,0
2023020583,2023,2024-01-02,EDM,PHI,5,2,5,2,REG,3.781,36,47,0,3.410,37,41,0
2023020584,2023,2024-01-02,VAN,OTT,6,3,6,3,REG,2.886,26,39,0,2.456,38,45,0
2023020585,2023,2024-01-02,LAK,TOR,0,3,0,3,REG,2.894,31,48,0,2.418,29,38,1
2023020586,2023,2024-01-02,SJS,DET,3,5,3,5,REG,2.280,27,36,0,2.019,31,38,1
2023020587,2023,2024-01-03,WSH,NJD,3,6,3,6,REG,2.072,26,38,0,2.571,28,42,0
2023020588,2023,2024-01-03,ANA,TOR,1,2,1,1,OT,2.243,26,30,0,5.321,55,75,0
2023020589,2023,2024-01-04,BOS,PIT,5,6,5,6,REG,2.207,29,38,0,4.103,35,45,0
2023020590,2023,2024-01-04,MTL,BUF,1,6,1,6,REG,3.949,33,46,0,3.491,38,54,1
2023020591,2023,2024-01-04,NYR,CHI,4,1,4,1,REG,3.328,32,51,0,1.926,23,31,0
2023020592,2023,2024-01-04,PHI,CBJ,2,3,2,2,SO,3.024,40,54,0,2.064,26,37,0
2023020593,2023,2024-01-04,DAL,COL,4,5,4,4,OT,3.836,31,47,0,3.205,31,44,0
2023020594,2023,2024-01-04,MIN,TBL,1,4,1,4,REG,1.386,23,31,0,2.989,30,45,1
2023020595,2023,2024-01-04,NSH,CGY,3,6,3,6,REG,2.710,32,48,0,4.146,39,53,0
2023020596,2023,2024-01-04,STL,VAN,2,1,2,1,REG,2.572,32,45,0,2.674,26,46,0
2023020597,2023,2024-01-04,ARI,NYI,1,5,1,5,REG,2.142,27,38,0,2.482,31,41,0
2023020598,2023,2024-01-04,SEA,OTT,4,1,4,1,REG,2.928,28,44,1,3.679,33,63,0
2023020599,2023,2024-01-04,VGK,FLA,1,4,1,4,REG,2.504,27,45,0,2.670,36,49,0
2023020600,2023,2024-01-04,LAK,DET,3,4,3,3,SO,3.399,40,52,0,2.906,25,39,0
2023020601,2023,2024-01-04,SJS,WPG,1,2,1,2,REG,1.751,28,40,0,2.841,30,45,0
2023020602,2023,2024-01-05,NJD,CHI,4,2,4,2,REG,3.007,32,43,1,1.773,25,33,0
2023020603,2023,2024-01-05,WSH,CAR,2,6,2,6,REG,1.300,17,27,0,3.357,34,57,1
2023020604,2023,2024-01-05,ANA,WPG,1,3,1,3,REG,3.420,38,55,0,2.050,27,40,0
2023020605,2023,2024-01-06,PHI,CGY,3,2,3,2,REG,3.843,42,60,0,2.125,24,38,0
2023020606,2023,2024-01-06,COL,FLA,4,8,4,8,REG,1.903,26,31,0,2.269,29,37,1
2023020607,2023,2024-01-06,BOS,TBL,7,3,7,3,REG,2.740,26,33,1,3.166,26,45,0
2023020608,2023,2024-01-06,CAR,STL,1,2,1,1,SO,3.610,28,50,0,1.624,19,27,0
2023020609,2023,2024-01-06,CBJ,MIN,3,4,3,3,OT,2.105,26,37,0,2.003,34,39,0
2023020610,2023,2024-01-06,MTL,NYR,4,3,3,3,SO,2.263,28,43,0,3.722,44,59,0
2023020611,2023,2024-01-06,NJD,VAN,4,6,4,6,REG,2.062,25,32,0,3.928,43,57,1
2023020612,2023,2024-01-06,PIT,BUF,1,3,1,3,REG,3.712,41,59,0,2.482,32,45,0
2023020613,2023,2024-01-06,SJS,TOR,1,4,1,4,REG,2.231,24,40,0,3.265,32,56,0
2023020614,2023,2024-01-06,DAL,NSH,3,4,3,4,REG,3.538,29,44,0,2.137,22,35,0
2023020615,2023,2024-01-06,EDM,OTT,3,1,3,1,REG,4.965,46,52,0,2.799,30,47,0
2023020616,2023,2024-01-06,VGK,NYI,5,2,5,2,REG,2.028,30,43,0,2.262,29,38,0
2023020617,2023,2024-01-07,CHI,CGY,4,3,4,3,REG,1.634,20,28,0,2.479,30,42,0
2023020618,2023,2024-01-07,WSH,LAK,4,3,4,3,REG,2.259,34,42,0,4.173,41,64,0
2023020619,2023,2024-01-07,ARI,WPG,2,6,2,6,REG,1.298,17,33,0,3.398,37,54,1
2023020620,2023,2024-01-07,ANA,DET,2,3,2,3,REG,3.017,31,43,0,3.012,28,42,0
2023020621,2023,2024-01-08,NYR,VAN,3,6,3,6,REG,3.600,42,55,0,2.341,26,38,1
2023020622,2023,2024-01-08,PHI,PIT,1,4,1,4,REG,2.374,37,50,0,4.748,39,57,0
2023020623,2023,2024-01-08,MIN,DAL,0,4,0,4,REG,1.909,23,35,0,2.052,20,31,0
2023020624,2023,2024-01-08,COL,BOS,4,3,3,3,SO,3.277,35,50,0,2.599,22,31,0
2023020625,2023,2024-01-09,BUF,SEA,2,5,2,5,REG,3.053,38,52,0,2.271,26,36,0
2023020626,2023,2024-01-09,TBL,LAK,3,2,2,2,OT,2.972,27,41,0,1.600,22,32,0
2023020627,2023,2024-01-09,TOR,SJS,7,1,7,1,REG,3.753,46,65,0,1.635,23,31,0
2023020628,2023,2024-01-09,NYI,VAN,2,5,2,5,REG,1.317,20,25,0,2.954,34,47,1
2023020629,2023,2024-01-09,NSH,ANA,3,5,3,5,REG,3.319,42,54,0,2.360,33,39,0
2023020630,2023,2024-01-09,STL,FLA,1,5,1,5,REG,3.075,30,46,0,2.725,31,38,1
2023020631,2023,2024-01-09,WPG,CBJ,5,0,5,0,REG,2.083,23,37,0,2.024,29,41,0
2023020632,2023,2024-01-09,CHI,EDM,1,2,1,2,REG,2.712,26,40,0,1.857,15,27,0
2023020633,2023,2024-01-09,ARI,BOS,4,3,3,3,OT,3.659,34,50,0,2.980,31,42,0
2023020634,2023,2024-01-09,CGY,OTT,6,3,6,3,REG,2.946,36,48,1,3.149,33,42,0
2023020635,2023,2024-01-10,PHI,MTL,3,2,2,2,SO,2.368,32,45,0,1.662,18,29,0
2023020636,2023,2024-01-10,DAL,MIN,7,2,7,2,REG,3.013,34,50,0,1.710,23,35,0
2023020637,2023,2024-01-10,COL,VGK,3,0,3,0,REG,2.840,35,45,0,2.603,25,38,0
2023020638,2023,2024-01-11,BUF,OTT,5,3,5,3,REG,2.095,32,37,1,1.636,28,39,0
2023020639,2023,2024-01-11,CAR,ANA,6,3,6,3,REG,3.299,34,44,0,2.182,16,27,0
2023020640,2023,2024-01-11,DET,EDM,2,3,2,2,OT,1.534,18,31,0,4.445,46,60,0
2023020641,2023,2024-01-11,FLA,LAK,3,2,2,2,OT,3.470,37,56,0,1.333,32,40,0
2023020642,2023,2024-01-11,MTL,SJS,2,3,2,3,REG,3.378,35,47,0,3.380,35,46,0
2023020643,2023,2024-01-11,PIT,VAN,3,4,3,3,OT,3.010,34,47,0,2.200,26,38,0
2023020644,2023,2024-01-11,TBL,NJD,4,3,3,3,OT,2.305,19,31,0,2.523,28,40,0
2023020645,2023,2024-01-11,WSH,SEA,1,4,1,4,REG,3.220,26,49,0,2.818,23,45,0
2023020646,2023,2024-01-11,NYI,TOR,4,3,3,3,OT,2.469,29,41,0,2.525,35,42,0
2023020647,2023,2024-01-11,STL,NYR,5,2,5,2,REG,1.667,20,26,1,4.939,43,64,0
2023020648,2023,2024-01-11,WPG,CHI,2,1,2,1,REG,2.329,28,42,0,1.307,21,29,0
2023020649,2023,2024-01-11,ARI,CGY,2,6,2,6,REG,3.019,34,47,0,2.810,30,43,0
2023020650,2023,2024-01-11,VGK,BOS,2,1,1,1,OT,2.117,24,32,0,2.530,33,44,0
2023020651,2023,2024-01-12,DAL,NSH,3,6,3,6,REG,2.146,22,38,0,3.839,38,52,2
2023020652,2023,2024-01-12,MIN,PHI,3,4,3,3,OT,2.108,29,40,0,2.309,31,49,0
2023020653,2023,2024-01-13,WSH,NYR,3,2,3,2,REG,2.518,21,34,0,2.517,27,41,0
2023020654,2023,2024-01-13,BUF,VAN,0,1,0,1,REG,2.247,26,37,0,2.267,23,33,0
2023020655,2023,2024-01-13,OTT,SJS,5,4,5,4,REG,3.169,41,55,0,2.093,18,25,0
2023020656,2023,2024-01-13,FLA,NJD,1,4,1,4,REG,3.505,36,56,0,1.480,22,33,1
2023020657,2023,2024-01-13,CAR,PIT,3,2,2,2,OT,3.933,34,51,0,2.967,40,48,0
2023020658,2023,2024-01-13,CBJ,SEA,4,7,4,7,REG,2.900,34,44,0,2.659,36,45,1
2023020659,2023,2024-01-13,DET,LAK,5,3,5,3,REG,2.652,30,38,0,3.165,36,50,0
2023020660,2023,2024-01-13,MTL,EDM,1,2,1,1,OT,2.067,23,33,0,4.534,40,59,0
2023020661,2023,2024-01-13,TBL,ANA,5,1,5,1,REG,3.633,41,55,0,1.819,20,29,0
2023020662,2023,2024-01-13,TOR,COL,3,5,3,5,REG,2.080,29,43,0,3.937,33,58,1
2023020663,2023,2024-01-13,WPG,PHI,0,2,0,2,REG,3.006,35,58,0,2.560,36,50,0
2023020664,2023,2024-01-13,CHI,DAL,1,3,1,3,REG,2.438,35,49,0,1.893,30,42,1
2023020665,2023,2024-01-13,MIN,ARI,0,6,0,6,REG,3.572,38,54,0,2.538,33,44,0
2023020666,2023,2024-01-13,NSH,NYI,3,1,3,1,REG,1.813,28,44,1,1.998,25,34,0
2023020667,2023,2024-01-13,STL,BOS,3,4,3,3,OT,2.209,23,30,0,3.649,34,52,0
2023020668,2023,2024-01-13,VGK,CGY,1,3,1,3,REG,3.334,32,55,0,2.414,26,43,0
2023020669,2023,2024-01-14,NYR,WSH,2,1,2,1,REG,3.171,31,44,0,2.317,25,37,0
2023020670,2023,2024-01-14,TOR,DET,2,4,2,4,REG,2.803,30,46,0,1.871,24,37,1
2023020671,2023,2024-01-15,BOS,NJD,3,0,3,0,REG,3.848,36,52,1,2.342,31,44,0
2023020672,2023,2024-01-15,BUF,SJS,3,0,3,0,REG,2.904,35,48,1,2.899,28,46,0
2023020673,2023,2024-01-15,CBJ,VAN,4,3,3,3,SO,4.225,39,58,0,2.797,29,39,0
2023020674,2023,2024-01-15,FLA,ANA,4,5,4,4,OT,4.005,32,56,0,1.816,24,37,0
2023020675,2023,2024-01-15,CAR,LAK,2,5,2,5,REG,3.298,32,46,0,2.209,26,39,1
2023020676,2023,2024-01-15,MIN,NYI,5,0,5,0,REG,3.237,40,52,0,2.046,21,33,0
2023020677,2023,2024-01-15,PIT,SEA,3,0,3,0,REG,2.428,33,46,1,1.815,22,38,0
2023020678,2023,2024-01-15,MTL,COL,4,3,4,3,REG,2.527,34,39,0,3.327,35,54,0
2023020679,2023,2024-01-15,STL,PHI,2,4,2,4,REG,2.290,30,40,0,3.472,42,59,1
2023020680,2023,2024-01-15,VGK,NSH,4,1,4,1,REG,2.275,29,42,1,3.078,35,55,0
2023020681,2023,2024-01-16,NYR,SEA,5,2,5,2,REG,2.467,23,40,1,3.136,31,50,0
2023020682,2023,2024-01-16,OTT,COL,4,7,4,7,REG,3.888,40,56,0,2.750,34,39,1
2023020683,2023,2024-01-16,WSH,ANA,2,0,2,0,REG,2.469,28,37,1,1.849,24,40,0
2023020684,2023,2024-01-16,DAL,LAK,5,1,5,1,REG,3.060,28,43,0,3.583,32,52,0
2023020685,2023,2024-01-16,WPG,NYI,4,2,4,2,REG,3.709,44,60,1,2.747,37,50,0
2023020686,2023,2024-01-16,CHI,SJS,2,1,1,1,SO,2.307,22,37,0,4.298,36,54,0
2023020687,2023,2024-01-16,CGY,ARI,3,2,2,2,OT,2.202,23,32,0,2.772,24,41,0
2023020688,2023,2024-01-16,EDM,TOR,4,2,4,2,REG,3.821,32,53,1,2.949,27,41,0
2023020689,2023,2024-01-17,FLA,DET,2,3,2,2,OT,3.626,34,50,0,1.164,28,35,0
2023020690,2023,2024-01-17,NJD,MTL,2,3,2,3,REG,3.825,30,52,0,2.916,25,33,0
2023020691,2023,2024-01-18,BUF,CHI,3,0,3,0,REG,2.593,31,44,0,2.207,19,26,0
2023020692,2023,2024-01-18,BOS,COL,5,2,5,2,REG,2.472,31,42,1,2.775,32,49,0
2023020693,2023,2024-01-18,OTT,MTL,6,2,6,2,REG,3.560,37,61,1,2.256,23,35,0
2023020694,2023,2024-01-18,PHI,DAL,5,1,5,1,REG,3.372,43,55,0,1.715,15,26,0
2023020695,2023,2024-01-18,TBL,MIN,7,3,7,3,REG,3.800,38,53,0,2.675,33,44,0
2023020696,2023,2024-01-18,WSH,STL,5,2,5,2,REG,2.538,26,33,1,2.370,20,33,0
2023020697,2023,2024-01-18,CGY,TOR,3,4,3,4,REG,3.017,26,45,0,3.035,32,48,0
2023020698,2023,2024-01-18,EDM,SEA,4,2,4,2,REG,3.705,36,44,0,2.514,27,38,0
2023020699,2023,2024-01-18,LAK,NSH,1,2,1,2,REG,3.649,34,55,0,2.981,33,49,0
2023020700,2023,2024-01-18,VAN,ARI,2,1,2,1,REG,2.879,26,40,0,1.416,21,26,0
2023020701,2023,2024-01-18,VGK,NYR,5,1,5,1,REG,1.977,26,30,1,2.404,30,48,0
2023020702,2023,2024-01-19,CAR,DET,4,2,4,2,REG,2.157,30,45,1,0.810,12,22,0
2023020703,2023,2024-01-19,CBJ,NJD,1,4,1,4,REG,2.616,30,49,0,2.961,33,45,0
2023020704,2023,2024-01-19,FLA,MIN,4,6,4,6,REG,3.641,35,57,0,2.098,26,38,1
2023020705,2023,2024-01-19,CHI,NYI,4,3,3,3,OT,2.108,23,33,0,2.976,30,47,0
2023020706,2023,2024-01-20,BUF,TBL,1,3,1,3,REG,1.856,27,42,0,2.052,16,32,1
2023020707,2023,2024-01-20,PHI,COL,4,7,4,7,REG,3.340,40,54,0,2.242,25,32,1
2023020708,2023,2024-01-20,ARI,NSH,3,2,3,2,REG,2.858,24,45,0,4.108,32,54,0
2023020709,2023,2024-01-20,OTT,WPG,1,2,1,1,OT,2.710,34,47,0,2.138,25,37,0
2023020710,2023,2024-01-20,BOS,MTL,9,4,9,4,REG,3.768,36,45,0,1.813,21,32,0
2023020711,2023,2024-01-20,NJD,DAL,2,6,2,6,REG,2.855,31,47,0,3.694,36,50,0
2023020712,2023,2024-01-20,VAN,TOR,6,4,6,4,REG,1.990,21,36,0,3.333,46,58,0
2023020713,2023,2024-01-20,STL,WSH,3,0,3,0,REG,2.368,29,39,0,2.011,18,27,0
2023020714,2023,2024-01-20,CGY,EDM,1,3,1,3,REG,2.074,27,35,0,3.409,32,45,1
2023020715,2023,2024-01-20,SJS,ANA,5,3,5,3,REG,1.890,19,35,1,3.568,34,48,0
2023020716,2023,2024-01-20,VGK,PIT,3,2,3,2,REG,2.934,29,44,0,2.268,25,36,0
2023020717,2023,2024-01-20,LAK,NYR,2,1,2,1,REG,1.598,26,35,0,2.377,23,37,0
2023020718,2023,2024-01-21,PHI,OTT,3,5,3,5,REG,1.529,25,32,0,3.623,34,51,1
2023020719,2023,2024-01-21,CAR,MIN,2,5,2,5,REG,4.633,42,65,0,2.322,19,28,2
2023020720,2023,2024-01-21,DET,TBL,2,1,2,1,REG,3.640,35,42,0,3.037,28,43,0
2023020721,2023,2024-01-21,NYI,DAL,3,2,2,2,OT,2.502,27,36,0,3.157,43,58,0
2023020722,2023,2024-01-21,ANA,NYR,2,5,2,5,REG,1.186,18,22,0,3.140,33,53,1
2023020723,2023,2024-01-21,SEA,TOR,1,3,1,3,REG,1.816,17,30,0,2.615,26,47,1
2023020724,2023,2024-01-22,BOS,WPG,4,1,4,1,REG,2.227,21,36,1,1.250,21,35,0
2023020725,2023,2024-01-22,NJD,VGK,6,5,5,5,OT,3.247,35,46,0,2.630,31,41,0
2023020726,2023,2024-01-22,NSH,FLA,1,4,1,4,REG,2.066,27,33,0,2.999,38,51,2
2023020727,2023,2024-01-22,ARI,PIT,5,2,5,2,REG,2.822,27,41,1,2.610,27,34,0
2023020728,2023,2024-01-22,VAN,CHI,2,0,2,0,REG,3.151,29,48,0,3.157,31,40,0
2023020729,2023,2024-01-22,LAK,SJS,3,4,3,3,SO,3.957,42,62,0,2.446,25,36,0
2023020730,2023,2024-01-23,DET,DAL,4,5,4,5,REG,2.817,34,47,0,2.514,38,47,0
2023020731,2023,2024-01-23,MTL,OTT,1,4,1,4,REG,1.890,25,34,0,2.356,28,36,1
2023020732,2023,2024-01-23,PHI,TBL,3,6,3,6,REG,2.437,32,53,0,1.954,21,29,2
2023020733,2023,2024-01-23,NYI,VGK,2,3,2,3,REG,4.134,42,64,0,1.501,27,34,0
2023020734,2023,2024-01-23,MIN,WSH,5,3,5,3,REG,2.431,30,41,0,2.537,33,45,0
2023020735,2023,2024-01-23,CGY,STL,3,4,3,4,REG,2.875,35,49,0,2.557,26,35,0
2023020736,2023,2024-01-23,EDM,CBJ,4,1,4,1,REG,3.074,24,32,0,2.695,27,40,0
2023020737,2023,2024-01-23,ANA,BUF,4,2,4,2,REG,2.933,36,46,1,3.536,30,48,0
2023020738,2023,2024-01-23,SJS,NYR,3,2,2,2,OT,2.144,21,37,0,2.390,29,43,0
2023020739,2023,2024-01-24,FLA,ARI,6,2,6,2,REG,3.400,42,50,0,3.657,33,50,0
2023020740,2023,2024-01-24,TOR,WPG,1,0,0,0,OT,2.547,28,40,0,2.355,28,44,0
2023020741,2023,2024-01-24,BOS,CAR,2,3,2,3,REG,3.255,28,35,0,3.060,33,51,0
2023020742,2023,2024-01-24,COL,WSH,6,2,6,2,REG,3.192,31,42,0,2.910,25,47,0
2023020743,2023,2024-01-24,SEA,CHI,6,2,6,2,REG,2.713,29,38,0,3.720,34,52,0
2023020744,2023,2024-01-24,VAN,STL,3,4,3,3,OT,3.874,31,53,0,2.194,17,27,0
2023020745,2023,2024-01-24,LAK,BUF,3,5,3,5,REG,3.528,40,56,0,2.601,37,47,0
2023020746,2023,2024-01-25,CAR,NJD,3,2,3,2,REG,1.750,23,38,0,3.508,25,34,0
2023020747,2023,2024-01-25,DET,PHI,3,0,3,0,REG,1.464,17,27,0,3.100,30,47,0
2023020748,2023,2024-01-25,MTL,NYI,4,3,4,3,REG,3.117,26,32,0,5.547,46,69,0
2023020749,2023,2024-01-25,OTT,BOS,2,3,2,2,OT,1.934,35,45,0,1.267,20,26,0
2023020750,2023,2024-01-25,TBL,ARI,6,3,6,3,REG,2.947,37,47,0,1.892,20,28,0
2023020751,2023,2024-01-25,DAL,ANA,4,3,3,3,OT,3.494,43,56,0,1.783,20,33,0
2023020752,2023,2024-01-25,MIN,NSH,2,3,2,3,REG,1.920,24,35,0,2.155,29,41,0
2023020753,2023,2024-01-25,CGY,CBJ,2,5,2,5,REG,2.837,30,48,0,2.723,32,41,1
2023020754,2023,2024-01-25,EDM,CHI,3,0,3,0,REG,3.721,34,49,1,2.313,27,35,0
2023020755,2023,2024-01-26,NYR,VGK,2,5,2,5,REG,3.211,38,55,0,1.453,20,32,1
2023020756,2023,2024-01-26,PIT,FLA,2,3,2,2,SO,2.775,36,49,0,2.498,29,43,0
2023020757,2023,2024-01-26,COL,LAK,5,1,5,1,REG,1.962,31,40,0,1.847,27,36,0
2023020758,2023,2024-01-26,SEA,STL,3,4,3,3,OT,3.429,35,52,0,1.420,16,29,0
2023020759,2023,2024-01-27,PHI,BOS,2,6,2,6,REG,3.312,37,51,0,3.349,28,41,0
2023020760,2023,2024-01-27,DAL,WSH,5,4,4,4,OT,3.268,34,47,0,2.500,28,45,0
2023020761,2023,2024-01-27,EDM,NSH,4,1,4,1,REG,2.268,21,34,1,4.296,29,49,0
2023020762,2023,2024-01-27,SJS,BUF,2,5,2,5,REG,2.187,26,46,0,3.369,36,53,1
2023020763,2023,2024-01-27,CAR,ARI,3,1,3,1,REG,3.941,39,63,0,1.048,11,17,0
2023020764,2023,2024-01-27,DET,VGK,5,2,5,2,REG,2.583,29,38,1,3.089,30,37,0
2023020765,2023,2024-01-27,OTT,NYR,2,7,2,7,REG,2.368,31,47,0,2.454,29,39,1
2023020766,2023,2024-01-27,PIT,MTL,3,2,2,2,OT,3.572,32,58,0,2.438,26,41,0
2023020767,2023,2024-01-27,TBL,NJD,6,3,6,3,REG,3.197,42,58,2,2.225,24,36,0
2023020768,2023,2024-01-27,WPG,TOR,2,4,2,4,REG,2.688,26,47,0,2.764,30,39,1
2023020769,2023,2024-01-27,NYI,FLA,2,3,2,2,OT,1.741,22,38,0,2.372,34,43,0
2023020770,2023,2024-01-27,MIN,ANA,2,3,2,3,REG,2.352,37,47,0,2.104,25,34,0
2023020771,2023,2024-01-27,CGY,CHI,1,0,1,0,REG,2.801,31,45,0,2.794,32,46,0
2023020772,2023,2024-01-27,VAN,CBJ,5,4,4,4,OT,4.106,32,50,0,1.872,27,36,0
2023020773,2023,2024-01-28,STL,LAK,4,3,3,3,OT,2.598,30,39,0,2.663,33,45,0
2023020774,2023,2024-01-28,SEA,CBJ,4,2,4,2,REG,2.384,26,37,1,1.847,32,45,0
2023020775,2023,2024-01-29,OTT,NSH,4,3,3,3,OT,3.683,34,50,0,2.116,28,34,0
2023020776,2023,2024-01-30,STL,CBJ,0,1,0,1,REG,1.998,21,35,0,2.409,22,37,0
2023020777,2023,2024-01-30,SJS,SEA,2,0,2,0,REG,1.819,22,32,1,3.389,32,52,0
2023020778,2023,2024-01-31,DET,OTT,2,3,2,2,OT,2.503,25,45,0,3.341,23,44,0
2023020779,2023,2024-01-31,NSH,LAK,2,4,2,4,REG,4.678,42,62,0,1.663,24,31,1
2023020780,2023,2024-01-31,ANA,SJS,3,2,2,2,OT,3.392,31,51,0,1.945,26,39,0
2023020781,2023,2024-02-05,NYR,COL,2,1,1,1,OT,2.493,28,41,0,2.965,31,44,0
2023020782,2023,2024-02-05,TOR,NYI,2,3,2,3,REG,3.967,36,54,0,2.428,29,47,0
2023020783,2023,2024-02-06,BOS,CGY,1,4,1,4,REG,1.677,22,35,0,2.361,29,43,0
2023020784,2023,2024-02-06,BUF,DAL,1,2,1,2,REG,3.733,48,59,0,3.741,30,47,0
2023020785,2023,2024-02-06,CAR,VAN,2,3,2,3,REG,2.888,24,43,0,1.801,19,32,0
2023020786,2023,2024-02-06,FLA,PHI,1,2,1,2,REG,2.508,21,43,0,2.883,25,45,0
2023020787,2023,2024-02-06,NJD,COL,5,3,5,3,REG,3.325,31,44,1,3.177,38,50,0
2023020788,2023,2024-02-06,PIT,WPG,3,0,3,0,REG,2.812,27,38,0,2.666,23,39,0
2023020789,2023,2024-02-06,WSH,MTL,2,5,2,5,REG,3.089,39,54,0,1.757,26,33,0
2023020790,2023,2024-02-06,VGK,EDM,3,1,3,1,REG,1.654,26,31,1,3.730,31,55,0
2023020791,2023,2024-02-07,NYR,TBL,3,1,3,1,REG,2.218,24,41,1,1.958,18,38,0
2023020792,2023,2024-02-07,TOR,DAL,5,4,5,4,REG,2.924,31,42,0,2.775,31,51,0
2023020793,2023,2024-02-07,CHI,MIN,1,2,1,2,REG,1.929,21,31,0,2.927,25,39,0
2023020794,2023,2024-02-08,BOS,VAN,4,0,4,0,REG,2.301,24,34,0,1.755,17,28,0
2023020795,2023,2024-02-08,FLA,WSH,4,2,4,2,REG,4.788,41,61,1,2.126,23,33,0
2023020796,2023,2024-02-08,NJD,CGY,3,5,3,5,REG,3.181,40,52,0,2.683,30,38,1
2023020797,2023,2024-02-08,PHI,WPG,4,1,4,1,REG,2.102,21,26,0,3.690,29,49,0
2023020798,2023,2024-02-08,NYI,TBL,6,2,6,2,REG,2.270,24,32,0,2.255,20,35,0
2023020799,2023,2024-02-08,CAR,COL,5,2,5,2,REG,3.820,28,45,1,2.597,27,41,0
2023020800,2023,2024-02-08,ARI,VGK,2,3,2,3,REG,2.415,22,49,0,2.204,34,41,0
2023020801,2023,2024-02-09,MIN,PIT,3,2,3,2,REG,3.302,30,51,0,3.019,36,49,0
2023020802,2023,2024-02-09,CHI,NYR,3,4,3,3,OT,3.043,31,40,0,2.697,32,37,0
2023020803,2023,2024-02-09,ANA,EDM,3,5,3,5,REG,1.862,27,31,0,3.455,32,48,1
2023020804,2023,2024-02-10,BUF,STL,1,3,1,3,REG,2.786,35,51,0,2.739,26,37,0
2023020805,2023,2024-02-10,DET,VAN,4,3,3,3,OT,2.096,26,35,0,3.050,31,44,0
2023020806,2023,2024-02-10,MTL,DAL,2,3,2,3,REG,2.326,20,31,0,3.492,38,50,0
2023020807,2023,2024-02-10,NYI,CGY,2,5,2,5,REG,3.342,36,52,0,1.527,24,40,2
2023020808,2023,2024-02-10,BOS,WSH,0,3,0,3,REG,1.856,18,30,0,2.683,29,36,1
2023020809,2023,2024-02-10,FLA,COL,4,0,4,0,REG,4.673,41,66,0,2.498,34,46,0
2023020810,2023,2024-02-10,CAR,NJD,1,0,0,0,OT,2.888,30,42,0,2.480,32,43,0
2023020811,2023,2024-02-10,CBJ,TBL,2,4,2,4,REG,4.647,35,53,0,3.045,37,48,1
2023020812,2023,2024-02-10,OTT,TOR,5,3,5,3,REG,3.342,32,51,1,3.973,35,51,0
2023020813,2023,2024-02-10,PHI,SEA,3,2,3,2,REG,3.221,38,51,0,1.406,19,24,0
2023020814,2023,2024-02-10,WPG,PIT,2,1,2,1,REG,2.750,31,40,0,3.099,36,48,0
2023020815,2023,2024-02-10,NSH,ARI,5,4,4,4,OT,3.324,36,48,0,2.016,30,35,0
2023020816,2023,2024-02-10,LAK,EDM,4,0,4,0,REG,2.845,26,35,1,2.983,26,44,0
2023020817,2023,2024-02-11,MTL,STL,2,7,2,7,REG,3.490,32,43,0,3.159,36,43,0
2023020818,2023,2024-02-11,WSH,VAN,2,3,2,2,OT,3.003,30,47,0,2.805,26,37,0
2023020819,2023,2024-02-12,NJD,SEA,3,1,3,1,REG,3.679,37,48,0,2.481,28,44,0
2023020820,2023,2024-02-12,NYR,CGY,2,0,2,0,REG,3.217,31,48,1,2.658,29,42,0
2023020821,2023,2024-02-12,PHI,ARI,5,3,5,3,REG,2.841,34,50,1,2.348,23,37,0
2023020822,2023,2024-02-12,VGK,MIN,3,5,3,5,REG,2.289,30,42,0,2.895,29,44,1
2023020823,2023,2024-02-13,BOS,TBL,2,3,2,2,SO,2.663,32,49,0,2.431,24,37,0
2023020824,2023,2024-02-13,BUF,LAK,7,0,7,0,REG,2.825,24,37,0,3.317,33,56,0
2023020825,2023,2024-02-13,MTL,ANA,5,0,5,0,REG,4.113,38,57,0,1.845,13,28,0
2023020826,2023,2024-02-13,OTT,CBJ,6,3,6,3,REG,3.407,30,41,1,4.681,40,61,0
2023020827,2023,2024-02-13,TOR,STL,4,1,4,1,REG,3.654,32,50,1,1.572,15,28,0
2023020828,2023,2024-02-13,WSH,COL,3,6,3,6,REG,2.927,27,46,0,2.222,37,47,2
2023020829,2023,2024-02-13,NYI,SEA,1,2,1,1,SO,1.833,25,35,0,2.264,28,39,0
2023020830,2023,2024-02-13,DAL,CAR,4,2,4,2,REG,1.889,23,30,1,3.522,34,63,0
2023020831,2023,2024-02-13,NSH,NJD,2,4,2,4,REG,3.067,32,45,0,4.766,47,66,1
2023020832,2023,2024-02-13,CHI,VAN,2,4,2,4,REG,2.447,24,34,0,4.160,38,54,0
2023020833,2023,2024-02-13,EDM,DET,8,4,8,4,REG,2.758,36,45,0,3.990,38,53,0
2023020834,2023,2024-02-14,PIT,FLA,2,5,2,5,REG,2.780,27,40,0,2.495,23,34,0
2023020835,2023,2024-02-14,WPG,SJS,1,0,1,0,REG,3.707,39,59,0,1.200,17,27,0
2023020836,2023,2024-02-14,ARI,MIN,1,3,1,3,REG,3.631,26,46,0,3.614,43,58,0
2023020837,2023,2024-02-15,BOS,SEA,1,4,1,4,REG,4.008,37,55,0,1.567,26,37,1
2023020838,2023,2024-02-15,BUF,FLA,0,4,0,4,REG,3.051,45,55,0,3.172,30,45,1
2023020839,2023,2024-02-15,NJD,LAK,1,2,1,2,REG,2.757,27,40,0,3.245,29,46,0
2023020840,2023,2024-02-15,NYR,MTL,7,4,7,4,REG,2.488,31,39,0,3.553,36,44,0
2023020841,2023,2024-02-15,OTT,ANA,1,5,1,5,REG,3.095,34,52,0,1.565,20,30,0
2023020842,2023,2024-02-15,TBL,COL,6,3,6,3,REG,3.369,39,54,2,2.770,31,38,0
2023020843,2023,2024-02-15,TOR,PHI,4,3,3,3,OT,2.747,27,41,0,3.291,32,42,0
2023020844,2023,2024-02-15,STL,EDM,6,3,6,3,REG,3.680,30,46,1,3.920,38,51,0
2023020845,2023,2024-02-15,CHI,PIT,1,4,1,4,REG,1.786,28,34,0,2.149,27,38,1
2023020846,2023,2024-02-15,CGY,SJS,3,6,3,6,REG,3.894,34,60,0,2.146,31,40,0
2023020847,2023,2024-02-15,NSH,DAL,2,9,2,9,REG,1.645,29,40,0,4.160,41,52,0
2023020848,2023,2024-02-15,VAN,DET,4,1,4,1,REG,2.049,21,33,0,3.301,28,48,0
2023020849,2023,2024-02-16,ARI,CAR,1,5,1,5,REG,2.283,31,40,0,2.978,30,46,0
2023020850,2023,2024-02-17,DAL,EDM,3,4,3,3,OT,2.087,27,36,0,2.431,23,36,0
2023020851,2023,2024-02-17,CHI,OTT,3,2,3,2,REG,1.805,22,33,0,3.617,42,58,0
2023020852,2023,2024-02-17,CGY,DET,0,5,0,5,REG,3.974,38,58,0,1.876,21,29,0
2023020853,2023,2024-02-17,BOS,LAK,4,5,4,4,OT,3.059,28,39,0,2.806,34,49,0
2023020854,2023,2024-02-17,MIN,BUF,2,3,2,2,OT,2.639,32,44,0,2.866,27,38,0
2023020855,2023,2024-02-17,STL,NSH,2,5,2,5,REG,3.230,37,52,0,2.559,33,43,1
2023020856,2023,2024-02-17,TBL,FLA,2,9,2,9,REG,2.794,30,49,0,2.495,30,36,0
2023020857,2023,2024-02-17,MTL,WSH,3,4,3,4,REG,3.297,31,47,0,4.478,34,51,0
2023020858,2023,2024-02-17,TOR,ANA,9,2,9,2,REG,3.102,32,45,0,2.191,21,33,0
2023020859,2023,2024-02-17,NJD,PHI,6,3,6,3,REG,4.844,40,50,1,3.559,48,66,0
2023020860,2023,2024-02-17,VAN,WPG,2,4,2,4,REG,4.266,37,53,0,2.362,28,34,0
2023020861,2023,2024-02-17,SJS,CBJ,3,4,3,4,REG,2.960,31,45,0,3.835,41,65,0
2023020862,2023,2024-02-17,VGK,CAR,1,3,1,3,REG,3.344,30,43,0,2.547,28,42,0
2023020863,2023,2024-02-18,NYI,NYR,5,6,5,5,OT,2.975,41,55,0,3.206,36,51,0
2023020864,2023,2024-02-18,COL,ARI,4,3,4,3,REG,3.769,37,51,0,2.706,30,38,0
2023020865,2023,2024-02-18,PIT,LAK,1,2,1,2,REG,2.364,30,42,0,3.078,34,55,0
2023020866,2023,2024-02-19,BUF,ANA,3,4,3,4,REG,3.840,37,54,0,1.454,14,19,0
2023020867,2023,2024-02-19,BOS,DAL,4,3,3,3,SO,3.560,29,46,0,3.250,44,58,0
2023020868,2023,2024-02-19,STL,TOR,2,4,2,4,REG,2.239,21,36,0,2.032,29,39,1
2023020869,2023,2024-02-19,MIN,VAN,10,7,10,7,REG,3.000,27,42,2,2.777,24,43,0
2023020870,2023,2024-02-19,SEA,DET,3,4,3,3,OT,3.744,40,57,0,1.956,31,44,0
2023020871,2023,2024-02-19,ARI,EDM,3,6,3,6,REG,2.464,25,46,0,2.371,26,41,1
2023020872,2023,2024-02-19,CGY,WPG,6,3,6,3,REG,2.588,34,49,1,3.125,31,41,0
2023020873,2023,2024-02-19,SJS,VGK,0,4,0,4,REG,2.475,29,40,0,3.432,26,42,0
2023020874,2023,2024-02-19,CAR,CHI,6,3,6,3,REG,4.344,42,63,1,1.880,17,26,0
2023020875,2023,2024-02-19,TBL,OTT,2,4,2,4,REG,2.663,25,41,0,2.158,28,41,0
2023020876,2023,2024-02-20,FLA,OTT,3,2,2,2,OT,3.366,32,46,0,2.843,29,42,0
2023020877,2023,2024-02-20,NYR,DAL,3,1,3,1,REG,2.367,26,38,1,3.589,42,51,0
2023020878,2023,2024-02-20,PIT,NYI,4,5,4,4,OT,3.634,41,51,0,2.432,32,39,0
2023020879,2023,2024-02-20,WSH,NJD,6,2,6,2,REG,3.022,26,39,0,3.975,39,56,0
2023020880,2023,2024-02-20,WPG,MIN,6,3,6,3,REG,3.042,30,48,1,4.512,39,62,0
2023020881,2023,2024-02-20,COL,VAN,3,1,3,1,REG,2.593,27,39,1,1.821,25,31,0
2023020882,2023,2024-02-20,VGK,NSH,3,5,3,5,REG,2.162,26,34,0,3.119,40,59,1
2023020883,2023,2024-02-20,LAK,CBJ,5,1,5,1,REG,3.108,35,45,0,2.950,33,44,0
2023020884,2023,2024-02-21,MTL,BUF,2,3,2,3,REG,2.784,31,51,0,2.148,23,29,0
2023020885,2023,2024-02-21,CHI,PHI,1,3,1,3,REG,2.407,22,33,0,2.473,33,48,0
2023020886,2023,2024-02-21,ANA,CBJ,4,7,4,7,REG,2.622,31,41,0,1.968,27,36,1
2023020887,2023,2024-02-21,ARI,TOR,3,6,3,6,REG,2.603,26,45,0,3.934,36,51,0
2023020888,2023,2024-02-21,EDM,BOS,5,6,5,5,OT,4.282,40,64,0,3.878,33,49,0
2023020889,2023,2024-02-22,CAR,FLA,1,0,1,0,REG,2.662,29,40,0,4.023,45,54,0
2023020890,2023,2024-02-22,DET,COL,2,1,1,1,OT,3.138,28,43,0,2.708,29,45,0
2023020891,2023,2024-02-22,NJD,NYR,1,5,1,5,REG,3.606,40,59,0,2.252,18,29,0
2023020892,2023,2024-02-22,OTT,DAL,4,1,4,1,REG,3.344,30,48,0,1.517,15,27,0
2023020893,2023,2024-02-22,PIT,MTL,4,1,4,1,REG,2.386,27,43,1,2.879,31,51,0
2023020894,2023,2024-02-22,TBL,WSH,3,5,3,5,REG,2.656,32,47,0,2.179,24,33,1
2023020895,2023,2024-02-22,STL,NYI,4,0,4,0,REG,1.669,25,33,1,3.496,38,49,0
2023020896,2023,2024-02-22,CGY,BOS,3,2,2,2,OT,2.895,27,46,0,3.433,30,42,0
2023020897,2023,2024-02-22,SEA,VAN,5,2,5,2,REG,2.381,31,45,1,1.331,21,32,0
2023020898,2023,2024-02-22,VGK,TOR,3,7,3,7,REG,1.982,26,36,0,3.681,42,54,0
2023020899,2023,2024-02-22,LAK,NSH,1,4,1,4,REG,2.473,28,43,0,1.848,21,31,2
2023020900,2023,2024-02-23,CBJ,BUF,1,2,1,2,REG,2.732,26,40,0,2.915,37,51,0
2023020901,2023,2024-02-23,CHI,WPG,2,3,2,2,OT,3.404,35,50,0,2.291,30,41,0
2023020902,2023,2024-02-23,EDM,MIN,2,4,2,4,REG,4.481,43,64,0,2.985,20,40,1
2023020903,2023,2024-02-24,NJD,MTL,4,3,4,3,REG,2.593,24,35,0,2.792,26,40,0
2023020904,2023,2024-02-24,NYI,TBL,2,4,2,4,REG,3.268,34,49,0,1.999,21,37,1
2023020905,2023,2024-02-24,PHI,NYR,1,2,1,2,REG,3.463,40,63,0,1.859,24,36,0
2023020906,2023,2024-02-24,FLA,WSH,3,2,2,2,OT,2.175,26,35,0,2.557,21,41,0
2023020907,2023,2024-02-24,CAR,DAL,1,2,1,2,REG,2.060,21,44,0,1.183,16,22,0
2023020908,2023,2024-02-24,COL,TOR,3,4,3,4,REG,2.792,29,48,0,2.552,30,36,0
2023020909,2023,2024-02-24,DET,STL,6,1,6,1,REG,4.141,34,52,0,2.153,23,35,0
2023020910,2023,2024-02-24,OTT,VGK,4,3,3,3,SO,2.495,27,42,0,2.381,27,39,0
2023020911,2023,2024-02-24,VAN,BOS,3,2,2,2,OT,3.178,38,61,0,2.463,25,38,0
2023020912,2023,2024-02-24,EDM,CGY,3,6,3,6,REG,4.217,35,47,0,2.689,31,40,1
2023020913,2023,2024-02-24,SEA,MIN,2,5,2,5,REG,3.447,32,50,0,3.220,31,46,0
2023020914,2023,2024-02-24,SJS,NSH,2,4,2,4,REG,1.976,25,32,0,3.374,35,51,1
2023020915,2023,2024-02-24,LAK,ANA,3,2,2,2,SO,4.026,48,72,0,2.216,24,42,0
2023020916,2023,2024-02-25,NJD,TBL,1,4,1,4,REG,2.362,19,34,0,2.755,27,42,1
2023020917,2023,2024-02-25,PIT,PHI,7,6,7,6,REG,2.911,32,47,0,1.928,21,38,0
2023020918,2023,2024-02-25,BUF,CAR,3,2,2,2,SO,2.658,31,52,0,2.880,30,51,0
2023020919,2023,2024-02-25,CBJ,NYR,4,2,4,2,REG,4.258,41,58,0,3.646,40,62,0
2023020920,2023,2024-02-25,CHI,DET,2,3,2,2,OT,3.197,33,44,0,1.720,29,41,0
2023020921,2023,2024-02-25,WPG,ARI,4,3,3,3,OT,2.132,31,41,0,2.805,31,45,0
2023020922,2023,2024-02-25,ANA,NSH,2,4,2,4,REG,2.820,31,45,0,1.699,29,44,1
2023020923,2023,2024-02-26,WSH,OTT,6,3,6,3,REG,2.590,20,36,0,1.617,21,29,0
2023020924,2023,2024-02-26,DAL,NYI,2,3,2,2,OT,2.870,31,42,0,2.596,27,41,0
2023020925,2023,2024-02-26,EDM,LAK,4,2,4,2,REG,3.005,31,43,0,3.183,40,53,0
2023020926,2023,2024-02-26,SEA,BOS,4,3,3,3,SO,1.891,26,39,0,2.873,30,41,0
2023020927,2023,2024-02-27,DET,WSH,8,3,8,3,REG,3.477,31,45,0,3.360,21,41,0
2023020928,2023,2024-02-27,FLA,BUF,3,2,3,2,REG,3.087,37,49,0,2.012,30,49,0
2023020929,2023,2024-02-27,MTL,ARI,4,2,4,2,REG,2.069,21,29,1,3.646,38,55,0
2023020930,2023,2024-02-27,PHI,TBL,6,2,6,2,REG,1.340,31,39,2,2.663,22,35,0
2023020931,2023,2024-02-27,TOR,VGK,2,6,2,6,REG,2.551,30,46,0,3.366,32,51,1
2023020932,2023,2024-02-27,MIN,CAR,2,3,2,3,REG,2.638,30,43,0,2.636,28,38,0
2023020933,2023,2024-02-27,NSH,OTT,4,1,4,1,REG,3.222,36,51,0,2.086,25,31,0
2023020934,2023,2024-02-27,WPG,STL,4,2,4,2,REG,2.908,32,45,0,3.853,38,56,0
2023020935,2023,2024-02-27,CGY,LAK,4,2,4,2,REG,2.918,37,55,1,2.116,23,32,0
2023020936,2023,2024-02-27,COL,DAL,5,1,5,1,REG,2.093,27,38,0,2.607,34,50,0
2023020937,2023,2024-02-27,VAN,PIT,3,4,3,3,OT,3.307,34,47,0,2.739,33,43,0
2023020938,2023,2024-02-27,SJS,NJD,2,7,2,7,REG,2.829,31,48,0,5.194,44,67,0
2023020939,2023,2024-02-28,NYR,CBJ,4,1,4,1,REG,2.389,30,43,2,3.225,31,43,0
2023020940,2023,2024-02-28,EDM,STL,3,2,2,2,OT,2.902,33,45,0,1.916,30,41,0
2023020941,2023,2024-02-29,BOS,VGK,5,4,5,4,REG,2.490,32,44,0,3.278,36,52,0
2023020942,2023,2024-02-29,CBJ,CAR,2,4,2,4,REG,2.142,22,35,0,2.794,33,48,1
2023020943,2023,2024-02-29,DET,NYI,3,5,3,5,REG,2.391,25,43,0,2.572,27,39,1
2023020944,2023,2024-02-29,FLA,MTL,4,3,3,3,SO,3.373,33,53,0,2.795,29,41,0
2023020945,2023,2024-02-29,TBL,BUF,2,3,2,2,OT,2.041,23,34,0,1.500,21,28,0
2023020946,2023,2024-02-29,TOR,ARI,4,2,4,2,REG,2.451,26,40,1,3.681,32,47,0
2023020947,2023,2024-02-29,DAL,WPG,4,1,4,1,REG,5.113,36,60,1,1.960,26,38,0
2023020948,2023,2024-02-29,NSH,MIN,6,1,6,1,REG,2.342,31,42,0,2.356,34,42,0
2023020949,2023,2024-02-29,CHI,COL,0,5,0,5,REG,1.405,24,31,0,3.184,33,51,0
2023020950,2023,2024-02-29,SEA,PIT,2,0,2,0,REG,2.063,28,36,0,2.889,33,46,0
2023020951,2023,2024-02-29,VAN,LAK,1,5,1,5,REG,2.018,24,39,0,2.031,20,30,0
2023020952,2023,2024-02-29,SJS,ANA,4,6,4,6,REG,3.270,28,42,0,2.545,30,45,1
2023020953,2023,2024-03-01,OTT,ARI,3,5,3,5,REG,3.743,37,53,0,2.946,30,46,1
2023020954,2023,2024-03-01,WSH,PHI,5,2,5,2,REG,2.442,21,28,0,1.810,23,41,0
2023020955,2023,2024-03-01,ANA,NJD,4,3,4,3,REG,1.570,23,30,0,4.738,55,70,0
2023020956,2023,2024-03-02,CAR,WPG,3,5,3,5,REG,3.304,35,53,0,2.727,32,44,1
2023020957,2023,2024-03-02,NYI,BOS,5,1,5,1,REG,2.695,26,34,0,1.714,23,32,0
2023020958,2023,2024-03-02,SEA,EDM,1,2,1,2,REG,2.802,25,40,0,2.202,24,38,0
2023020959,2023,2024-03-02,NSH,COL,5,1,5,1,REG,2.825,35,54,1,1.650,26,33,0
2023020960,2023,2024-03-02,BUF,VGK,7,2,7,2,REG,2.773,35,54,0,2.031,24,33,0
2023020961,2023,2024-03-02,DET,FLA,0,4,0,4,REG,1.980,21,33,0,4.536,37,55,0
2023020962,2023,2024-03-02,PHI,OTT,4,2,4,2,REG,3.337,40,49,1,2.543,26,42,0
2023020963,2023,2024-03-02,TBL,MTL,4,3,3,3,SO,2.730,28,43,0,2.745,30,38,0
2023020964,2023,2024-03-02,TOR,NYR,4,3,3,3,SO,3.417,34,54,0,3.006,30,51,0
2023020965,2023,2024-03-02,CHI,CBJ,2,5,2,5,REG,2.994,28,40,0,2.399,31,42,1
2023020966,2023,2024-03-02,DAL,SJS,3,2,2,2,SO,4.657,36,58,0,1.565,20,35,0
2023020967,2023,2024-03-02,STL,MIN,3,1,3,1,REG,2.238,27,38,1,2.076,22,43,0
2023020968,2023,2024-03-02,CGY,PIT,4,3,4,3,REG,2.274,20,36,0,2.862,30,45,0
2023020969,2023,2024-03-03,WSH,ARI,2,5,2,5,REG,2.988,26,42,0,3.204,28,43,1
2023020970,2023,2024-03-03,LAK,NJD,5,1,5,1,REG,2.217,23,38,1,2.444,31,46,0
2023020971,2023,2024-03-03,BUF,WPG,2,5,2,5,REG,2.155,19,29,0,2.048,35,44,2
2023020972,2023,2024-03-03,MIN,SJS,4,3,4,3,REG,2.379,32,47,0,1.173,15,26,0
2023020973,2023,2024-03-03,ANA,VAN,1,2,1,2,REG,1.304,18,31,0,2.199,31,39,0
2023020974,2023,2024-03-03,EDM,PIT,6,1,6,1,REG,3.634,37,46,0,2.511,23,37,0
2023020975,2023,2024-03-04,CBJ,VGK,6,3,6,3,REG,2.957,33,44,1,3.049,39,51,0
2023020976,2023,2024-03-04,NYR,FLA,2,4,2,4,REG,2.633,28,42,0,2.798,30,43,1
2023020977,2023,2024-03-04,PHI,STL,1,2,1,1,SO,2.995,36,48,0,2.233,24,35,0
2023020978,2023,2024-03-04,TOR,BOS,1,4,1,4,REG,3.469,33,52,0,2.740,27,36,0
2023020979,2023,2024-03-04,COL,CHI,5,0,5,0,REG,2.830,37,46,0,2.941,37,47,0
2023020980,2023,2024-03-04,CGY,SEA,2,4,2,4,REG,3.397,37,58,0,3.033,30,38,0
2023020981,2023,2024-03-05,BOS,EDM,1,2,1,1,OT,1.783,25,33,0,2.195,25,40,0
2023020982,2023,2024-03-05,NJD,FLA,3,5,3,5,REG,2.866,24,38,0,2.521,31,41,1
2023020983,2023,2024-03-05,PIT,CBJ,5,3,5,3,REG,3.015,31,41,0,2.770,35,53,0
2023020984,2023,2024-03-05,NYI,STL,4,2,4,2,REG,3.169,33,49,1,1.252,21,25,0
2023020985,2023,2024-03-05,NSH,MTL,3,4,3,3,OT,3.453,28,43,0,2.255,29,37,0
2023020986,2023,2024-03-05,WPG,SEA,3,4,3,4,REG,2.487,33,50,0,1.557,24,33,0
2023020987,2023,2024-03-05,ARI,CHI,2,5,2,5,REG,2.810,39,48,0,3.098,32,49,1
2023020988,2023,2024-03-05,LAK,VAN,1,2,1,1,OT,1.504,24,33,0,2.830,30,44,0
2023020989,2023,2024-03-05,SJS,DAL,6,7,6,6,OT,2.554,20,29,0,2.866,38,55,0
2023020990,2023,2024-03-06,TOR,BUF,2,1,1,1,OT,2.477,25,34,0,2.506,22,35,0
2023020991,2023,2024-03-06,COL,DET,7,2,7,2,REG,4.932,54,67,0,2.322,29,35,0
2023020992,2023,2024-03-06,ANA,OTT,2,1,2,1,REG,1.212,16,28,0,3.288,30,51,0
2023020993,2023,2024-03-07,BOS,TOR,4,1,4,1,REG,2.917,25,45,0,2.352,29,47,0
2023020994,2023,2024-03-07,CAR,MTL,4,1,4,1,REG,4.587,39,64,1,2.373,25,37,0
2023020995,2023,2024-03-07,CBJ,EDM,4,2,4,2,REG,1.886,34,44,1,3.125,31,46,0
2023020996,2023,2024-03-07,FLA,PHI,1,2,1,2,REG,1.897,30,37,0,2.244,26,40,0
2023020997,2023,2024-03-07,NJD,STL,4,1,4,1,REG,2.206,33,43,1,3.450,24,44,0
2023020998,2023,2024-03-07,PIT,WSH,0,6,0,6,REG,4.118,39,51,0,3.057,29,42,0
2023020999,2023,2024-03-07,TBL,CGY,3,6,3,6,REG,2.305,22,35,0,2.323,24,34,1
2023021000,2023,2024-03-07,NSH,BUF,4,2,4,2,REG,2.837,24,47,0,1.988,28,29,0
2023021001,2023,2024-03-07,ARI,MIN,2,5,2,5,REG,2.827,25,38,0,2.761,28,41,2
2023021002,2023,2024-03-07,VGK,VAN,1,3,1,3,REG,1.903,28,47,0,2.952,35,51,0
2023021003,2023,2024-03-07,LAK,OTT,4,3,3,3,OT,2.422,32,47,0,2.448,30,39,0
2023021004,2023,2024-03-07,SJS,NYI,2,7,2,7,REG,2.248,25,39,0,2.276,33,43,0
2023021005,2023,2024-03-08,ARI,DET,4,0,4,0,REG,2.071,24,38,0,2.801,28,47,0
2023021006,2023,2024-03-08,COL,MIN,2,1,1,1,OT,3.036,36,48,0,3.933,30,57,0
2023021007,2023,2024-03-08,ANA,DAL,2,6,2,6,REG,2.754,27,37,0,2.801,36,48,0
2023021008,2023,2024-03-08,SEA,WPG,0,3,0,3,REG,1.706,17,35,0,2.235,32,46,1
2023021009,2023,2024-03-09,BUF,EDM,3,2,2,2,SO,2.901,23,39,0,2.947,31,45,0
2023021010,2023,2024-03-09,CBJ,NSH,1,2,1,2,REG,3.764,34,43,0,3.640,49,61,0
2023021011,2023,2024-03-09,NJD,CAR,2,4,2,4,REG,2.306,25,39,0,2.331,26,45,2
2023021012,2023,2024-03-09,BOS,PIT,5,1,5,1,REG,3.025,23,41,0,2.716,39,50,0
2023021013,2023,2024-03-09,FLA,CGY,5,1,5,1,REG,3.620,31,52,0,4.352,35,53,0
2023021014,2023,2024-03-09,MTL,TOR,2,3,2,3,REG,2.030,31,38,0,2.043,27,33,0
2023021015,2023,2024-03-09,SJS,OTT,2,1,2,1,REG,2.550,21,41,0,2.895,32,54,0
2023021016,2023,2024-03-09,TBL,PHI,7,0,7,0,REG,2.901,26,38,0,1.997,25,38,0
2023021017,2023,2024-03-09,WSH,CHI,4,1,4,1,REG,2.386,26,33,0,3.276,32,53,0
2023021018,2023,2024-03-09,NYR,STL,4,0,4,0,REG,3.864,39,62,0,1.992,26,35,0
2023021019,2023,2024-03-09,VAN,WPG,5,0,5,0,REG,3.753,37,51,0,2.071,22,31,0
2023021020,2023,2024-03-09,VGK,DET,5,3,5,3,REG,4.261,36,53,1,2.491,26,39,0
2023021021,2023,2024-03-09,LAK,DAL,1,4,1,4,REG,1.837,25,45,0,2.630,35,49,1
2023021022,2023,2024-03-10,PIT,EDM,0,4,0,4,REG,3.808,41,55,0,3.634,42,57,0
2023021023,2023,2024-03-10,MIN,NSH,4,3,3,3,OT,2.494,32,41,0,2.360,29,43,0
2023021024,2023,2024-03-10,CAR,CGY,7,2,7,2,REG,3.414,40,60,0,2.268,20,32,0
2023021025,2023,2024-03-10,CHI,ARI,7,4,7,4,REG,4.105,41,60,1,2.831,36,46,0
2023021026,2023,2024-03-10,ANA,NYI,1,6,1,6,REG,1.857,23,33,0,2.409,19,32,0
2023021027,2023,2024-03-11,BOS,STL,1,5,1,5,REG,4.193,37,52,0,2.116,22,32,1
2023021028,2023,2024-03-11,NYR,NJD,3,1,3,1,REG,2.756,26,40,1,2.068,20,37,0
2023021029,2023,2024-03-11,WPG,WSH,3,0,3,0,REG,3.006,29,54,0,1.463,23,31,0
2023021030,2023,2024-03-11,LAK,NYI,3,0,3,0,REG,1.957,25,40,1,1.691,26,37,0
2023021031,2023,2024-03-12,BUF,DET,7,3,7,3,REG,3.264,39,50,0,2.706,24,39,0
2023021032,2023,2024-03-12,CAR,NYR,0,1,0,1,REG,3.104,28,44,0,2.139,24,41,0
2023021033,2023,2024-03-12,MTL,CBJ,3,0,3,0,REG,2.342,23,37,0,4.240,41,64,0
2023021034,2023,2024-03-12,OTT,PIT,2,1,1,1,OT,3.104,33,45,0,3.067,34,46,0
2023021035,2023,2024-03-12,PHI,SJS,3,2,3,2,REG,3.566,41,59,0,2.693,29,47,0
2023021036,2023,2024-03-12,DAL,FLA,3,4,3,4,REG,3.532,30,43,0,2.373,30,39,0
2023021037,2023,2024-03-12,MIN,ARI,4,1,4,1,REG,4.229,31,55,2,1.488,23,34,0
2023021038,2023,2024-03-12,CHI,ANA,7,2,7,2,REG,3.913,31,42,0,2.098,29,38,0
2023021039,2023,2024-03-12,CGY,COL,2,6,2,6,REG,1.721,27,40,0,2.682,38,49,0
2023021040,2023,2024-03-12,SEA,VGK,4,5,4,4,OT,2.365,28,40,0,2.383,31,44,0
2023021041,2023,2024-03-13,STL,LAK,3,1,3,1,REG,2.252,30,42,0,3.229,41,54,0
2023021042,2023,2024-03-13,WPG,NSH,2,4,2,4,REG,1.922,29,40,0,3.037,38,49,0
2023021043,2023,2024-03-13,EDM,WSH,7,2,7,2,REG,3.376,37,43,0,3.062,25,35,0
2023021044,2023,2024-03-13,VAN,COL,3,4,3,3,OT,2.070,21,27,0,3.561,33,50,0
2023021045,2023,2024-03-14,BUF,NYI,4,0,4,0,REG,2.213,37,46,1,1.675,21,32,0
2023021046,2023,2024-03-14,CAR,FLA,4,0,4,0,REG,3.332,35,54,1,1.667,21,26,0
2023021047,2023,2024-03-14,CBJ,OTT,2,3,2,2,SO,3.961,37,60,0,3.218,32,46,0
2023021048,2023,2024-03-14,DET,ARI,1,4,1,4,REG,2.104,29,37,0,2.284,27,43,1
2023021049,2023,2024-03-14,MTL,BOS,1,2,1,1,OT,1.779,19,31,0,3.163,23,40,0
2023021050,2023,2024-03-14,PHI,TOR,2,6,2,6,REG,2.673,28,43,0,3.349,27,41,0
2023021051,2023,2024-03-14,PIT,SJS,6,3,6,3,REG,2.404,31,44,1,2.670,32,54,0
2023021052,2023,2024-03-14,TBL,NYR,6,3,6,3,REG,2.198,28,35,1,2.173,28,42,0
2023021053,2023,2024-03-14,DAL,NJD,2,6,2,6,REG,4.202,37,56,0,2.343,20,27,0
2023021054,2023,2024-03-14,MIN,ANA,2,0,2,0,REG,2.549,31,38,0,1.083,16,28,0
2023021055,2023,2024-03-14,CGY,VGK,4,1,4,1,REG,3.551,37,50,1,2.262,29,38,0
2023021056,2023,2024-03-14,SEA,WSH,1,2,1,2,REG,2.018,24,32,0,2.334,23,38,0
2023021057,2023,2024-03-15,WPG,ANA,6,0,6,0,REG,3.757,38,56,0,2.131,21,33,0
2023021058,2023,2024-03-15,CHI,LAK,0,5,0,5,REG,2.366,28,36,0,3.327,37,53,0
2023021059,2023,2024-03-16,DET,BUF,4,1,4,1,REG,2.328,26,40,1,2.651,26,40,0
2023021060,2023,2024-03-16,NYI,OTT,3,4,3,3,OT,1.671,31,37,0,2.012,26,40,0
2023021061,2023,2024-03-16,PIT,NYR,4,7,4,7,REG,4.387,37,55,0,3.243,28,45,1
2023021062,2023,2024-03-16,ARI,NJD,4,1,4,1,REG,2.263,32,40,1,3.221,38,53,0
2023021063,2023,2024-03-16,FLA,TBL,3,5,3,5,REG,4.477,50,63,0,1.591,16,27,1
2023021064,2023,2024-03-16,BOS,PHI,6,5,6,5,REG,3.243,30,42,0,2.142,29,38,0
2023021065,2023,2024-03-16,CBJ,SJS,4,2,4,2,REG,1.532,20,29,1,3.692,41,52,0
2023021066,2023,2024-03-16,CGY,MTL,5,2,5,2,REG,2.334,28,33,0,2.968,38,54,0
2023021067,2023,2024-03-16,TOR,CAR,4,5,4,4,SO,3.810,34,48,0,3.862,38,55,0
2023021068,2023,2024-03-16,DAL,LAK,4,1,4,1,REG,2.019,29,36,0,1.842,28,37,0
2023021069,2023,2024-03-16,STL,MIN,3,2,2,2,SO,2.519,36,49,0,1.558,22,29,0
2023021070,2023,2024-03-16,EDM,COL,2,3,2,2,OT,2.710,30,41,0,3.460,40,54,0
2023021071,2023,2024-03-16,SEA,NSH,1,4,1,4,REG,2.040,24,41,0,2.549,30,45,1
2023021072,2023,2024-03-16,VAN,WSH,1,2,1,2,REG,1.885,22,43,0,2.388,24,34,0
2023021073,2023,2024-03-17,NYR,NYI,5,2,5,2,REG,2.550,31,49,0,2.052,27,42,0
2023021074,2023,2024-03-17,VGK,NJD,3,1,3,1,REG,2.777,37,48,1,1.995,21,34,0
2023021075,2023,2024-03-17,CBJ,WPG,1,6,1,6,REG,2.437,31,43,0,2.515,27,34,0
2023021076,2023,2024-03-17,CHI,SJS,5,2,5,2,REG,3.156,31,46,1,3.534,27,42,0
2023021077,2023,2024-03-17,OTT,CAR,2,7,2,7,REG,3.229,32,45,0,3.091,38,56,0
2023021078,2023,2024-03-17,PIT,DET,6,3,6,3,REG,3.199,38,58,1,2.670,28,42,0
2023021079,2023,2024-03-17,STL,ANA,4,2,4,2,REG,2.376,27,40,0,2.741,28,40,0
2023021080,2023,2024-03-18,CGY,WSH,2,5,2,5,REG,3.439,36,53,0,1.759,33,40,1
2023021081,2023,2024-03-18,SEA,BUF,2,6,2,6,REG,3.506,34,47,0,2.668,30,46,0
2023021082,2023,2024-03-19,BOS,OTT,6,2,6,2,REG,2.826,26,37,0,3.321,31,47,0
2023021083,2023,2024-03-19,DET,CBJ,4,3,3,3,OT,2.878,24,35,0,2.467,35,48,0
2023021084,2023,2024-03-19,NJD,PIT,5,2,5,2,REG,4.425,38,58,0,2.959,38,44,0
2023021085,2023,2024-03-19,NYR,WPG,2,4,2,4,REG,3.502,41,55,0,1.810,27,33,1
2023021086,2023,2024-03-19,PHI,TOR,4,3,4,3,REG,2.341,30,42,0,2.932,30,47,0
2023021087,2023,2024-03-19,NYI,CAR,1,4,1,4,REG,2.319,31,39,0,2.479,34,45,1
2023021088,2023,2024-03-19,NSH,SJS,8,2,8,2,REG,4.573,40,52,0,1.055,20,28,0
2023021089,2023,2024-03-19,STL,COL,3,4,3,4,REG,3.204,33,52,0,2.475,35,47,0
2023021090,2023,2024-03-19,EDM,MTL,3,2,2,2,OT,3.171,26,31,0,2.724,25,41,0
2023021091,2023,2024-03-19,ANA,MIN,0,4,0,4,REG,2.276,27,38,0,2.823,32,45,0
2023021092,2023,2024-03-19,LAK,CHI,6,2,6,2,REG,2.471,24,33,0,1.758,24,39,0
2023021093,2023,2024-03-19,VAN,BUF,3,2,3,2,REG,5.152,34,52,1,1.632,17,30,0
2023021094,2023,2024-03-19,VGK,TBL,3,5,3,5,REG,2.102,27,43,0,1.461,21,25,1
2023021095,2023,2024-03-20,WSH,TOR,3,7,3,7,REG,2.507,21,38,0,2.566,29,43,0
2023021096,2023,2024-03-20,DAL,ARI,5,2,5,2,REG,3.072,33,47,0,1.978,25,36,0
2023021097,2023,2024-03-20,LAK,MIN,6,0,6,0,REG,2.199,27,34,0,3.457,31,49,0
2023021098,2023,2024-03-21,BOS,NYR,2,5,2,5,REG,2.544,26,34,0,2.358,31,45,2
2023021099,2023,2024-03-21,CAR,PHI,3,2,2,2,OT,2.077,30,40,0,3.452,32,47,0
2023021100,2023,2024-03-21,DET,NYI,6,3,6,3,REG,2.146,24,31,1,3.422,36,48,0
2023021101,2023,2024-03-21,FLA,NSH,0,3,0,3,REG,2.358,33,47,0,2.407,37,45,0
2023021102,2023,2024-03-21,NJD,WPG,4,1,4,1,REG,3.521,41,55,1,2.007,19,33,0
2023021103,2023,2024-03-21,OTT,STL,2,5,2,5,REG,3.975,39,55,0,2.610,27,31,1
2023021104,2023,2024-03-21,EDM,BUF,8,3,8,3,REG,5.088,39,52,0,2.579,29,37,0
2023021105,2023,2024-03-21,ANA,CHI,4,0,4,0,REG,2.756,25,42,0,1.428,29,34,0
2023021106,2023,2024-03-21,VAN,MTL,4,1,4,1,REG,2.917,25,46,0,1.296,17,26,0
2023021107,2023,2024-03-21,VGK,SEA,3,1,3,1,REG,3.521,37,54,1,1.903,22,31,0
2023021108,2023,2024-03-21,SJS,TBL,1,4,1,4,REG,2.037,22,31,0,2.380,21,32,0
2023021109,2023,2024-03-22,WSH,CAR,7,6,6,6,SO,3.166,23,38,0,2.538,29,47,0
2023021110,2023,2024-03-22,DAL,PIT,4,2,4,2,REG,2.119,23,36,0,2.401,22,34,0
2023021111,2023,2024-03-22,COL,CBJ,6,1,6,1,REG,4.692,50,62,0,1.810,24,38,0
2023021112,2023,2024-03-22,ARI,SEA,2,1,1,1,OT,2.549,24,39,0,2.511,26,45,0
2023021113,2023,2024-03-23,NYI,WPG,6,3,6,3,REG,2.855,39,50,0,4.074,35,62,0
2023021114,2023,2024-03-23,PHI,BOS,3,2,3,2,REG,2.804,29,45,0,2.126,20,33,0
2023021115,2023,2024-03-23,MIN,STL,4,5,4,4,OT,2.993,33,52,0,2.301,26,38,0
2023021116,2023,2024-03-23,NSH,DET,1,0,1,0,REG,2.371,32,47,0,2.155,22,34,0
2023021117,2023,2024-03-23,NJD,OTT,2,5,2,5,REG,2.592,20,27,0,2.541,25,42,0
2023021118,2023,2024-03-23,TOR,EDM,6,3,6,3,REG,2.497,29,40,1,3.802,39,54,0
2023021119,2023,2024-03-23,NYR,FLA,4,3,3,3,SO,1.935,33,39,0,1.772,26,33,0
2023021120,2023,2024-03-23,VAN,CGY,4,2,4,2,REG,2.306,26,45,1,2.433,24,41,0
2023021121,2023,2024-03-23,LAK,TBL,4,3,3,3,OT,2.044,22,30,0,2.817,25,46,0
2023021122,2023,2024-03-23,SJS,CHI,4,5,4,4,OT,2.323,30,42,0,3.202,30,47,0
2023021123,2023,2024-03-23,VGK,CBJ,4,2,4,2,REG,3.420,47,63,0,1.824,22,30,0
2023021124,2023,2024-03-24,WSH,WPG,3,0,3,0,REG,2.080,19,29,0,3.040,27,47,0
2023021125,2023,2024-03-24,COL,PIT,5,4,4,4,OT,2.869,29,46,0,2.504,34,49,0
2023021126,2023,2024-03-24,NYI,NJD,0,4,0,4,REG,3.413,36,50,0,2.113,30,41,1
2023021127,2023,2024-03-24,CAR,TOR,2,1,2,1,REG,4.194,43,59,0,3.880,33,49,0
2023021128,2023,2024-03-24,OTT,EDM,5,3,5,3,REG,1.465,16,23,1,3.873,36,52,0
2023021129,2023,2024-03-24,PHI,FLA,1,4,1,4,REG,3.669,33,52,0,1.675,15,22,1
2023021130,2023,2024-03-24,ARI,DAL,2,4,2,4,REG,2.582,28,43,0,3.496,35,55,1
2023021131,2023,2024-03-24,ANA,TBL,2,3,2,2,OT,2.598,32,38,0,2.192,25,37,0
2023021132,2023,2024-03-24,CGY,BUF,1,4,1,4,REG,2.552,33,51,0,2.391,29,41,2
2023021133,2023,2024-03-24,SEA,MTL,1,5,1,5,REG,3.578,37,55,0,1.299,17,26,0
2023021134,2023,2024-03-25,STL,VGK,1,2,1,1,OT,2.173,30,37,0,2.963,33,46,0
2023021135,2023,2024-03-25,VAN,LAK,2,3,2,3,REG,2.879,23,44,0,1.386,19,29,0
2023021136,2023,2024-03-26,FLA,BOS,3,4,3,4,REG,2.165,21,38,0,1.789,21,27,0
2023021137,2023,2024-03-26,NYR,PHI,6,5,5,5,OT,1.724,26,38,0,3.359,42,58,0
2023021138,2023,2024-03-26,PIT,CAR,4,1,4,1,REG,1.588,22,34,2,2.814,39,65,0
2023021139,2023,2024-03-26,TOR,NJD,3,6,3,6,REG,3.849,45,58,0,2.428,25,34,1
2023021140,2023,2024-03-26,WSH,DET,4,3,3,3,OT,2.855,28,43,0,3.973,33,50,0
2023021141,2023,2024-03-26,NSH,VGK,5,4,4,4,OT,3.440,34,49,0,3.195,35,44,0
2023021142,2023,2024-03-26,WPG,EDM,3,4,3,3,OT,2.527,24,34,0,3.019,40,45,0
2023021143,2023,2024-03-26,CHI,CGY,3,1,3,1,REG,2.772,27,36,0,2.966,39,58,0
2023021144,2023,2024-03-26,COL,MTL,1,2,1,2,REG,3.120,28,46,0,2.273,27,37,0
2023021145,2023,2024-03-26,ARI,CBJ,6,2,6,2,REG,4.187,35,59,0,2.579,27,40,0
2023021146,2023,2024-03-26,SEA,ANA,4,0,4,0,REG,3.438,36,50,0,1.508,12,31,0
2023021147,2023,2024-03-26,SJS,DAL,3,6,3,6,REG,2.246,20,38,0,3.645,41,60,0
2023021148,2023,2024-03-27,BUF,OTT,2,6,2,6,REG,2.934,36,57,0,3.741,42,55,1
2023021149,2023,2024-03-27,TBL,BOS,3,1,3,1,REG,2.805,31,40,1,1.580,24,30,0
2023021150,2023,2024-03-28,CAR,DET,4,0,4,0,REG,3.601,33,54,0,2.487,24,37,0
2023021151,2023,2024-03-28,FLA,NYI,2,3,2,3,REG,2.509,28,41,0,1.595,24,34,0
2023021152,2023,2024-03-28,MTL,PHI,4,1,4,1,REG,1.911,17,29,2,2.868,30,39,0
2023021153,2023,2024-03-28,OTT,CHI,2,0,2,0,REG,2.369,34,46,0,1.794,19,30,0
2023021154,2023,2024-03-28,PIT,CBJ,3,2,3,2,REG,3.204,36,51,0,2.128,19,34,0
2023021155,2023,2024-03-28,TOR,WSH,5,1,5,1,REG,3.545,48,60,0,1.402,24,34,0
2023021156,2023,2024-03-28,MIN,SJS,3,1,3,1,REG,3.062,32,45,1,1.688,27,36,0
2023021157,2023,2024-03-28,STL,CGY,5,3,5,3,REG,1.715,19,31,1,2.818,28,44,0
2023021158,2023,2024-03-28,WPG,VGK,1,4,1,4,REG,3.334,40,58,0,2.255,27,40,2
2023021159,2023,2024-03-28,COL,NYR,2,3,2,2,SO,2.771,36,53,0,2.383,23,40,0
2023021160,2023,2024-03-28,EDM,LAK,4,1,4,1,REG,2.286,20,29,1,2.534,32,39,0
2023021161,2023,2024-03-28,ARI,NSH,8,4,8,4,REG,3.298,40,55,2,3.741,37,54,0
2023021162,2023,2024-03-28,SEA,ANA,4,2,4,2,REG,3.579,28,43,0,2.252,23,36,0
2023021163,2023,2024-03-28,VAN,DAL,1,3,1,3,REG,2.958,28,42,0,3.937,34,55,1
2023021164,2023,2024-03-29,BUF,NJD,5,2,5,2,REG,2.639,36,48,2,2.979,30,46,0
2023021165,2023,2024-03-30,FLA,DET,3,2,2,2,SO,3.159,36,60,0,1.781,22,27,0
2023021166,2023,2024-03-30,MIN,VGK,1,2,1,1,OT,2.534,28,41,0,2.277,29,42,0
2023021167,2023,2024-03-30,EDM,ANA,6,1,6,1,REG,4.184,37,60,0,1.709,22,31,0
2023021168,2023,2024-03-30,ARI,NYR,5,8,5,8,REG,2.803,32,44,0,2.173,32,40,2
2023021169,2023,2024-03-30,COL,NSH,7,4,7,4,REG,4.008,42,52,1,2.955,35,47,0
2023021170,2023,2024-03-30,BUF,TOR,0,3,0,3,REG,3.252,34,49,0,1.833,22,29,0
2023021171,2023,2024-03-30,CBJ,PIT,4,3,3,3,SO,3.391,35,52,0,2.792,32,46,0
2023021172,2023,2024-03-30,MTL,CAR,0,3,0,3,REG,2.733,26,39,0,2.919,30,47,1
2023021173,2023,2024-03-30,PHI,CHI,1,5,1,5,REG,2.934,31,50,0,1.762,24,31,0
2023021174,2023,2024-03-30,TBL,NYI,4,1,4,1,REG,2.764,40,55,1,2.027,28,44,0
2023021175,2023,2024-03-30,WPG,OTT,2,3,2,3,REG,3.084,30,45,0,2.654,27,46,0
2023021176,2023,2024-03-30,WSH,BOS,2,3,2,2,SO,1.556,16,24,0,2.072,26,39,0
2023021177,2023,2024-03-30,STL,SJS,0,4,0,4,REG,3.052,35,59,0,2.186,20,29,1
2023021178,2023,2024-03-30,CGY,LAK,4,2,4,2,REG,2.819,35,50,0,2.050,18,33,0
2023021179,2023,2024-03-30,SEA,DAL,0,3,0,3,REG,0.942,17,27,0,2.785,30,47,1
2023021180,2023,2024-03-31,VAN,ANA,3,2,3,2,REG,3.231,30,47,0,2.493,22,38,0
2023021181,2023,2024-04-01,CBJ,COL,4,1,4,1,REG,1.757,25,35,1,4.444,46,65,0
2023021182,2023,2024-04-01,NYR,PIT,2,5,2,5,REG,2.229,30,47,0,2.273,20,35,2
2023021183,2023,2024-04-01,PHI,NYI,3,4,3,3,OT,2.095,34,47,0,1.941,26,37,0
2023021184,2023,2024-04-01,TBL,DET,2,4,2,4,REG,3.558,36,53,0,2.236,32,42,1
2023021185,2023,2024-04-01,TOR,FLA,6,4,6,4,REG,2.289,23,34,1,3.290,30,50,0
2023021186,2023,2024-04-01,STL,EDM,3,2,2,2,OT,2.838,28,38,0,2.676,35,42,0
2023021187,2023,2024-04-01,WPG,LAK,4,3,4,3,REG,2.734,32,42,0,1.756,28,42,0
2023021188,2023,2024-04-01,SJS,SEA,2,4,2,4,REG,2.244,26,43,0,3.418,32,49,1
2023021189,2023,2024-04-02,BUF,WSH,6,2,6,2,REG,3.271,35,47,0,2.871,26,39,0
2023021190,2023,2024-04-02,MTL,FLA,5,3,5,3,REG,4.463,38,53,0,4.485,40,57,0
2023021191,2023,2024-04-02,NJD,PIT,3,6,3,6,REG,2.869,26,38,0,1.648,21,33,1
2023021192,2023,2024-04-02,NYI,CHI,2,1,2,1,REG,2.365,29,42,0,2.140,19,28,0
2023021193,2023,2024-04-02,MIN,OTT,3,2,3,2,REG,1.832,19,28,0,2.493,32,45,0
2023021194,2023,2024-04-02,NSH,BOS,0,3,0,3,REG,2.611,31,48,0,2.816,32,43,1
2023021195,2023,2024-04-02,CGY,ANA,3,5,3,5,REG,1.744,24,37,0,2.309,29,44,0
2023021196,2023,2024-04-02,VGK,VAN,6,3,6,3,REG,2.989,30,39,0,2.239,30,39,0
2023021197,2023,2024-04-03,TOR,TBL,1,4,1,4,REG,3.041,29,47,0,2.668,25,38,0
2023021198,2023,2024-04-03,NYR,NJD,4,3,4,3,REG,3.484,41,57,0,1.636,20,27,0
2023021199,2023,2024-04-03,DAL,EDM,5,0,5,0,REG,3.545,32,54,0,3.002,35,49,0
2023021200,2023,2024-04-03,ARI,VAN,1,2,1,2,REG,2.621,21,37,0,3.091,33,58,0
2023021201,2023,2024-04-03,LAK,SEA,5,2,5,2,REG,2.687,27,32,0,2.858,23,37,0
2023021202,2023,2024-04-04,CAR,BOS,1,4,1,4,REG,4.172,29,56,0,2.209,28,36,1
2023021203,2023,2024-04-04,CBJ,NYI,2,4,2,4,REG,2.362,27,35,0,4.660,41,65,1
2023021204,2023,2024-04-04,MTL,TBL,4,7,4,7,REG,3.025,30,41,0,3.173,35,42,1
2023021205,2023,2024-04-04,OTT,FLA,0,6,0,6,REG,2.857,30,45,0,2.622,31,42,0
2023021206,2023,2024-04-04,WSH,PIT,1,4,1,4,REG,3.199,31,48,0,2.492,24,37,1
2023021207,2023,2024-04-04,MIN,COL,2,5,2,5,REG,4.019,46,62,0,2.699,36,51,1
2023021208,2023,2024-04-04,NSH,STL,6,3,6,3,REG,3.518,31,41,2,4.643,47,64,0
2023021209,2023,2024-04-04,WPG,CGY,5,2,5,2,REG,3.710,45,55,1,2.016,33,44,0
2023021210,2023,2024-04-04,SJS,LAK,1,2,1,2,REG,1.652,16,24,0,2.541,27,35,0
2023021211,2023,2024-04-05,BUF,PHI,4,2,4,2,REG,1.661,19,35,0,3.133,34,55,0
2023021212,2023,2024-04-05,CAR,WSH,4,2,4,2,REG,3.654,45,68,1,1.795,16,26,0
2023021213,2023,2024-04-05,DET,NYR,3,4,3,4,REG,2.811,34,42,0,3.516,38,54,0
2023021214,2023,2024-04-05,EDM,COL,6,2,6,2,REG,4.316,47,61,0,1.828,24,35,0
2023021215,2023,2024-04-05,ANA,SEA,1,3,1,3,REG,1.391,17,24,0,2.886,27,49,0
2023021216,2023,2024-04-05,ARI,VGK,7,4,7,4,REG,2.191,32,41,1,2.100,24,34,0
2023021217,2023,2024-04-06,PIT,TBL,5,4,5,4,REG,2.938,28,44,0,2.670,34,46,0
2023021218,2023,2024-04-06,BOS,FLA,3,2,2,2,OT,1.748,26,32,0,2.928,29,44,0
2023021219,2023,2024-04-06,MIN,WPG,2,4,2,4,REG,2.371,27,39,0,2.147,25,37,0
2023021220,2023,2024-04-06,CHI,DAL,3,2,3,2,REG,1.051,17,20,0,3.745,44,59,0
2023021221,2023,2024-04-06,SJS,STL,3,2,2,2,OT,2.214,24,30,0,3.160,33,50,0
2023021222,2023,2024-04-06,CBJ,PHI,6,2,6,2,REG,3.158,33,51,0,3.405,39,59,0
2023021223,2023,2024-04-06,MTL,TOR,2,4,2,4,REG,2.571,26,44,0,3.058,30,43,0
2023021224,2023,2024-04-06,OTT,NJD,3,4,3,4,REG,2.599,28,49,0,3.031,27,41,0
2023021225,2023,2024-04-06,NYI,NSH,2,0,2,0,REG,2.119,30,39,1,4.337,42,62,0
2023021226,2023,2024-04-06,CGY,EDM,2,4,2,4,REG,3.127,35,51,0,3.064,27,39,1
2023021227,2023,2024-04-06,LAK,VAN,6,3,6,3,REG,2.530,29,39,0,4.042,42,53,0
2023021228,2023,2024-04-07,DET,BUF,3,1,3,1,REG,2.155,24,40,0,2.922,38,52,0
2023021229,2023,2024-04-07,CHI,MIN,0,4,0,4,REG,1.564,24,34,0,3.024,37,49,0
2023021230,2023,2024-04-07,CAR,CBJ,3,0,3,0,REG,4.162,35,53,0,1.551,23,37,0
2023021231,2023,2024-04-07,SJS,ARI,2,5,2,5,REG,2.079,27,40,0,2.369,28,37,1
2023021232,2023,2024-04-07,WSH,OTT,2,3,2,2,OT,2.954,22,44,0,3.083,20,44,0
2023021233,2023,2024-04-07,NJD,NSH,2,3,2,2,SO,2.089,22,38,0,3.620,33,50,0
2023021234,2023,2024-04-07,NYR,MTL,5,2,5,2,REG,3.935,46,63,1,2.580,28,42,0
2023021235,2023,2024-04-07,ANA,STL,5,6,5,5,SO,2.953,34,45,0,3.029,28,37,0
2023021236,2023,2024-04-07,COL,DAL,4,7,4,7,REG,3.317,38,53,0,4.180,37,55,1
2023021237,2023,2024-04-08,TOR,PIT,3,2,2,2,OT,2.068,22,35,0,4.408,33,60,0
2023021238,2023,2024-04-08,VAN,VGK,4,3,4,3,REG,2.966,30,39,0,2.214,23,35,0
2023021239,2023,2024-04-09,BOS,CAR,1,4,1,4,REG,1.703,23,27,0,3.363,26,43,0
2023021240,2023,2024-04-09,DET,WSH,1,2,1,2,REG,3.664,43,56,0,1.878,23,35,0
2023021241,2023,2024-04-09,FLA,OTT,2,0,2,0,REG,2.996,30,38,0,2.701,26,44,0
2023021242,2023,2024-04-09,MTL,PHI,9,3,9,3,REG,3.061,30,43,0,4.019,36,57,0
2023021243,2023,2024-04-09,NJD,TOR,2,5,2,5,REG,1.771,20,32,0,3.640,39,50,1
2023021244,2023,2024-04-09,NYI,NYR,4,2,4,2,REG,2.422,28,42,1,3.104,33,56,0
2023021245,2023,2024-04-09,TBL,CBJ,5,2,5,2,REG,2.254,33,43,1,2.417,32,46,0
2023021246,2023,2024-04-09,DAL,BUF,3,2,3,2,REG,2.202,24,40,0,1.675,21,31,0
2023021247,2023,2024-04-09,NSH,WPG,3,4,3,3,OT,4.263,48,63,0,1.758,20,28,0
2023021248,2023,2024-04-09,COL,MIN,5,2,5,2,REG,2.726,32,42,0,2.122,22,33,0
2023021249,2023,2024-04-09,ANA,LAK,3,1,3,1,REG,2.266,27,37,0,2.665,37,56,0
2023021250,2023,2024-04-09,SEA,ARI,5,0,5,0,REG,1.810,25,34,0,3.995,39,54,0
2023021251,2023,2024-04-09,SJS,CGY,2,3,2,2,OT,2.009,21,35,0,3.168,36,49,0
2023021252,2023,2024-04-10,STL,CHI,5,2,5,2,REG,2.551,26,40,0,2.421,20,33,0
2023021253,2023,2024-04-10,EDM,VGK,5,1,5,1,REG,3.766,25,44,0,2.282,18,37,0
2023021254,2023,2024-04-10,VAN,ARI,3,4,3,3,OT,3.685,23,52,0,1.570,15,26,0
2023021255,2023,2024-04-11,BUF,WSH,4,2,4,2,REG,1.319,17,31,1,2.530,24,43,0
2023021256,2023,2024-04-11,FLA,CBJ,4,0,4,0,REG,4.103,46,59,0,1.478,25,29,0
2023021257,2023,2024-04-11,NYR,PHI,1,4,1,4,REG,3.213,25,42,0,2.305,26,37,0
2023021258,2023,2024-04-11,PIT,DET,6,5,5,5,OT,2.298,25,36,0,3.182,29,43,0
2023021259,2023,2024-04-11,TBL,OTT,2,3,2,2,SO,2.298,22,29,0,3.087,24,44,0
2023021260,2023,2024-04-11,TOR,NJD,5,6,5,6,REG,3.551,32,50,0,1.824,20,31,0
2023021261,2023,2024-04-11,NYI,MTL,3,2,2,2,OT,3.462,30,49,0,1.299,14,20,0
2023021262,2023,2024-04-11,DAL,WPG,0,3,0,3,REG,2.414,24,43,0,1.733,24,37,1
2023021263,2023,2024-04-11,SEA,SJS,1,3,1,3,REG,5.179,50,70,0,1.522,23,36,0
2023021264,2023,2024-04-11,LAK,CGY,4,1,4,1,REG,2.856,30,46,1,1.344,23,36,0
2023021265,2023,2024-04-12,STL,CAR,2,5,2,5,REG,2.188,31,38,0,2.686,42,55,2
2023021266,2023,2024-04-12,CHI,NSH,1,5,1,5,REG,2.638,26,37,0,3.187,40,51,0
2023021267,2023,2024-04-12,EDM,ARI,2,3,2,2,OT,3.780,40,56,0,2.321,25,36,0
2023021268,2023,2024-04-12,ANA,CGY,3,6,3,6,REG,2.064,22,35,0,3.965,27,49,0
2023021269,2023,2024-04-12,VGK,MIN,7,2,7,2,REG,2.912,30,40,0,2.795,27,40,0
2023021270,2023,2024-04-13,NYR,NYI,3,2,2,2,SO,4.283,43,64,0,3.041,32,47,0
2023021271,2023,2024-04-13,DAL,SEA,3,1,3,1,REG,2.381,30,42,0,2.124,27,40,0
2023021272,2023,2024-04-13,COL,WPG,0,7,0,7,REG,2.836,30,51,0,2.598,26,39,0
2023021273,2023,2024-04-13,FLA,BUF,3,2,2,2,OT,3.738,40,57,0,1.533,28,30,0
2023021274,2023,2024-04-13,PHI,NJD,1,0,1,0,REG,2.978,21,38,0,1.730,20,29,0
2023021275,2023,2024-04-13,WSH,TBL,4,2,4,2,REG,3.134,34,42,0,3.137,34,44,0
2023021276,2023,2024-04-13,OTT,MTL,5,4,4,4,SO,4.161,41,59,0,2.262,23,31,0
2023021277,2023,2024-04-13,TOR,DET,4,5,4,4,OT,3.575,36,50,0,2.050,31,36,0
2023021278,2023,2024-04-13,NSH,CBJ,6,4,6,4,REG,3.378,37,53,0,2.622,37,48,0
2023021279,2023,2024-04-13,PIT,BOS,4,6,4,6,REG,3.014,32,45,0,4.719,31,50,1
2023021280,2023,2024-04-13,EDM,VAN,1,3,1,3,REG,3.645,33,45,0,2.168,27,37,1
2023021281,2023,2024-04-13,LAK,ANA,3,1,3,1,REG,2.492,28,43,0,2.389,29,37,0
2023021282,2023,2024-04-13,SJS,MIN,2,6,2,6,REG,1.578,29,35,0,3.013,38,54,0
2023021283,2023,2024-04-14,STL,SEA,4,1,4,1,REG,1.935,28,40,1,2.075,20,37,0
2023021284,2023,2024-04-14,VGK,COL,4,3,3,3,OT,2.196,28,41,0,1.860,24,33,0
2023021285,2023,2024-04-14,CHI,CAR,2,4,2,4,REG,1.852,16,23,0,3.614,35,53,1
2023021286,2023,2024-04-14,CGY,ARI,6,5,6,5,REG,2.543,31,43,0,2.816,35,50,0
2023021287,2023,2024-04-15,DET,MTL,5,4,4,4,OT,3.487,33,48,0,1.962,18,25,0
2023021288,2023,2024-04-15,NJD,NYI,1,4,1,4,REG,1.975,24,33,0,2.393,19,32,0
2023021289,2023,2024-04-15,PIT,NSH,4,2,4,2,REG,3.612,38,56,0,2.278,30,41,0
2023021290,2023,2024-04-15,TBL,BUF,2,4,2,4,REG,3.026,33,49,0,3.176,34,45,0
2023021291,2023,2024-04-15,WSH,BOS,2,0,2,0,REG,2.759,25,48,1,1.086,16,24,0
2023021292,2023,2024-04-15,NYR,OTT,4,0,4,0,REG,3.471,34,48,0,2.089,25,39,0
2023021293,2023,2024-04-15,EDM,SJS,9,2,9,2,REG,4.013,38,57,0,1.962,21,32,0
2023021294,2023,2024-04-15,LAK,MIN,1,3,1,3,REG,2.453,24,37,0,2.612,28,41,0
2023021295,2023,2024-04-16,BOS,OTT,1,3,1,3,REG,3.096,35,45,0,1.032,20,28,1
2023021296,2023,2024-04-16,CBJ,CAR,6,3,6,3,REG,2.197,25,32,0,4.376,41,59,0
2023021297,2023,2024-04-16,FLA,TOR,5,2,5,2,REG,3.807,42,51,1,2.753,26,39,0
2023021298,2023,2024-04-16,MTL,DET,4,5,4,4,SO,3.847,30,42,0,3.075,38,52,0
2023021299,2023,2024-04-16,PHI,WSH,1,2,1,2,REG,2.137,28,43,0,1.250,18,29,1
2023021300,2023,2024-04-16,WPG,SEA,4,3,4,3,REG,2.541,24,38,0,1.693,23,30,0
2023021301,2023,2024-04-16,VGK,CHI,3,1,3,1,REG,2.761,37,49,1,1.580,23,32,0
2023021302,2023,2024-04-16,VAN,CGY,4,1,4,1,REG,3.540,31,44,0,2.666,40,51,0
2023021303,2023,2024-04-17,NYI,PIT,5,4,5,4,REG,3.300,32,48,0,3.836,44,59,0
2023021304,2023,2024-04-17,TBL,TOR,6,4,6,4,REG,3.489,32,47,0,3.608,38,50,0
2023021305,2023,2024-04-17,DAL,STL,2,1,1,1,SO,4.244,33,56,0,1.897,24,35,0
2023021306,2023,2024-04-17,ARI,EDM,5,2,5,2,REG,1.670,24,32,1,2.879,30,47,0
2023021307,2023,2024-04-18,MIN,SEA,3,4,3,4,REG,1.765,24,36,0,2.375,27,45,1
2023021308,2023,2024-04-18,WPG,VAN,4,2,4,2,REG,2.502,26,36,1,2.042,20,30,0
2023021309,2023,2024-04-18,CGY,SJS,5,1,5,1,REG,3.168,37,54,0,1.929,17,37,0
2023021310,2023,2024-04-18,COL,EDM,5,1,5,1,REG,2.904,27,41,0,3.048,26,41,0
2023021311,2023,2024-04-18,VGK,ANA,1,4,1,4,REG,3.221,33,45,0,1.515,23,31,1
2023021312,2023,2024-04-18,LAK,CHI,5,4,4,4,OT,4.396,34,57,0,1.386,13,20,0
2024020001,2024,2024-10-04,BUF,NJD,1,4,1,4,REG,3.112,31,53,0,2.284,23,37,1
2024020002,2024,2024-10-05,NJD,BUF,3,1,3,1,REG,3.466,37,51,0,1.660,18,42,0
2024020003,2024,2024-10-08,SEA,STL,2,3,2,3,REG,3.296,32,50,0,2.044,25,41,0
2024020004,2024,2024-10-08,FLA,BOS,6,4,6,4,REG,4.446,35,54,0,3.440,28,44,0
2024020005,2024,2024-10-08,UTA,CHI,5,2,5,2,REG,2.607,27,46,1,3.233,26,44,0
2024020006,2024,2024-10-09,MTL,TOR,1,0,1,0,REG,3.156,27,32,0,5.623,48,77,0
2024020007,2024,2024-10-09,PIT,NYR,0,6,0,6,REG,3.489,31,51,0,4.751,40,58,0
2024020008,2024,2024-10-09,EDM,WPG,0,6,0,6,REG,2.487,30,48,0,1.930,20,31,0
2024020009,2024,2024-10-09,VAN,CGY,5,6,5,5,OT,2.513,24,36,0,2.035,24,40,0
2024020010,2024,2024-10-09,VGK,COL,8,4,8,4,REG,1.647,21,27,1,2.717,32,42,0
2024020011,2024,2024-10-10,BOS,MTL,6,4,6,4,REG,3.032,29,41,0,2.446,24,43,0
2024020012,2024,2024-10-10,BUF,LAK,1,3,1,3,REG,4.677,33,54,0,1.935,23,32,1
2024020013,2024,2024-10-10,OTT,FLA,3,1,3,1,REG,1.930,31,40,1,2.658,32,52,0
2024020014,2024,2024-10-10,DET,PIT,3,6,3,6,REG,3.148,32,43,0,2.830,28,41,0
2024020015,2024,2024-10-10,NJD,TOR,2,4,2,4,REG,2.593,23,43,0,1.667,22,30,0
2024020016,2024,2024-10-10,NYI,UTA,4,5,4,4,OT,3.081,27,41,0,2.525,23,35,0
2024020017,2024,2024-10-10,NSH,DAL,3,4,3,4,REG,3.605,36,57,0,1.881,20,29,0
2024020018,2024,2024-10-10,MIN,CBJ,3,2,3,2,REG,2.250,26,35,0,2.792,33,46,0
2024020019,2024,2024-10-10,SJS,STL,4,5,4,4,OT,2.376,29,35,0,3.660,39,53,0
2024020020,2024,2024-10-11,CAR,TBL,1,4,1,4,REG,3.537,21,41,0,2.403,23,31,2
2024020021,2024,2024-10-11,WPG,CHI,2,1,1,1,OT,2.779,34,50,0,2.831,25,45,0
2024020022,2024,2024-10-11,VAN,PHI,2,3,2,2,SO,2.636,25,43,0,2.884,29,37,0
2024020023,2024,2024-10-11,VGK,STL,4,3,4,3,REG,3.091,28,38,0,1.763,22,33,0
2024020024,2024,2024-10-12,BOS,LAK,2,1,1,1,OT,1.287,23,30,0,2.856,31,40,0
2024020025,2024,2024-10-12,BUF,FLA,5,2,5,2,REG,3.181,27,50,1,1.531,25,29,0
2024020026,2024,2024-10-12,TOR,PIT,4,2,4,2,REG,2.265,33,39,1,2.042,23,37,0
2024020027,2024,2024-10-12,MTL,OTT,4,1,4,1,REG,2.819,26,31,0,2.612,25,39,0
2024020028,2024,2024-10-12,DET,NSH,3,0,3,0,REG,2.511,22,33,1,4.358,42,55,0
2024020030,2024,2024-10-12,NYR,UTA,5,6,5,5,OT,3.142,33,52,0,2.479,24,42,0
2024020031,2024,2024-10-12,WSH,NJD,3,5,3,5,REG,2.390,32,41,0,2.980,33,40,1
2024020032,2024,2024-10-12,DAL,NYI,3,0,3,0,REG,2.148,27,34,1,3.771,34,52,0
2024020033,2024,2024-10-12,MIN,SEA,4,5,4,4,SO,2.175,36,43,0,2.067,32,41,0
2024020034,2024,2024-10-12,COL,CBJ,4,6,4,6,REG,3.357,30,49,0,2.010,23,33,1
2024020035,2024,2024-10-12,CGY,PHI,6,3,6,3,REG,3.407,32,43,1,3.182,40,56,0
2024020036,2024,2024-10-12,EDM,CHI,2,5,2,5,REG,3.873,38,57,0,1.281,20,25,0
2024020037,2024,2024-10-12,SJS,ANA,0,2,0,2,REG,3.171,30,46,0,2.382,30,41,1
2024020038,2024,2024-10-13,WPG,MIN,2,1,1,1,OT,2.459,34,52,0,1.843,26,39,0
2024020039,2024,2024-10-13,DAL,SEA,2,0,2,0,REG,2.777,23,38,0,2.381,25,42,0
2024020040,2024,2024-10-13,EDM,CGY,1,4,1,4,REG,2.141,26,41,0,2.769,29,44,1
2024020041,2024,2024-10-13,VGK,ANA,3,1,3,1,REG,4.595,32,55,0,2.459,23,39,0
2024020042,2024,2024-10-14,BOS,FLA,3,4,3,4,REG,2.046,27,39,0,2.103,26,35,0
2024020043,2024,2024-10-14,OTT,LAK,8,7,7,7,OT,3.754,39,57,0,1.971,25,35,0
2024020044,2024,2024-10-14,NJD,UTA,3,0,3,0,REG,4.136,32,41,0,2.149,20,31,0
2024020045,2024,2024-10-14,NYR,DET,4,1,4,1,REG,2.853,28,42,1,4.072,32,44,0
2024020046,2024,2024-10-14,MTL,PIT,3,6,3,6,REG,3.331,28,41,0,4.611,30,49,1
2024020047,2024,2024-10-14,COL,NYI,2,6,2,6,REG,3.508,34,49,0,3.175,37,44,1
2024020048,2024,2024-10-15,TBL,VAN,4,1,4,1,REG,3.156,27,42,1,3.091,27,39,0
2024020049,2024,2024-10-15,WSH,VGK,4,2,4,2,REG,3.689,22,38,0,2.541,26,39,0
2024020050,2024,2024-10-15,CAR,NJD,4,2,4,2,REG,3.312,31,48,1,2.644,26,41,0
2024020051,2024,2024-10-15,CBJ,FLA,3,4,3,4,REG,3.066,38,58,0,1.901,22,30,0
2024020052,2024,2024-10-15,STL,MIN,1,4,1,4,REG,2.525,28,48,0,2.572,27,41,1
2024020053,2024,2024-10-15,NSH,SEA,3,7,3,7,REG,2.456,33,44,0,2.264,35,44,1
2024020054,2024,2024-10-15,DAL,SJS,3,2,2,2,SO,4.036,37,61,0,2.695,25,36,0
2024020055,2024,2024-10-15,CGY,CHI,3,1,3,1,REG,2.363,27,35,1,2.357,32,42,0
2024020056,2024,2024-10-15,EDM,PHI,4,3,3,3,OT,2.830,30,42,0,3.113,30,43,0
2024020057,2024,2024-10-16,PIT,BUF,6,5,5,5,OT,3.917,42,55,0,2.428,33,43,0
2024020058,2024,2024-10-16,TOR,LAK,6,2,6,2,REG,2.053,26,30,0,3.475,34,52,0
2024020059,2024,2024-10-16,COL,BOS,3,5,3,5,REG,2.568,25,40,0,2.867,26,41,1
2024020060,2024,2024-10-16,ANA,UTA,5,4,4,4,OT,2.958,33,44,0,3.282,30,46,0
2024020061,2024,2024-10-17,MTL,LAK,1,4,1,4,REG,2.311,27,37,0,2.713,32,44,1
2024020062,2024,2024-10-17,OTT,NJD,1,3,1,3,REG,2.235,31,50,0,3.133,35,50,0
2024020063,2024,2024-10-17,DET,NYR,2,5,2,5,REG,3.551,31,48,0,3.072,34,45,0
2024020064,2024,2024-10-17,TBL,VGK,4,3,4,3,REG,3.239,25,46,0,2.087,25,34,0
2024020065,2024,2024-10-17,FLA,VAN,2,3,2,2,OT,2.521,28,42,0,2.285,30,42,0
2024020066,2024,2024-10-17,WSH,DAL,3,2,3,2,REG,3.039,26,36,0,2.595,24,36,0
2024020067,2024,2024-10-17,CBJ,BUF,6,4,6,4,REG,1.781,25,34,0,2.509,24,38,0
2024020068,2024,2024-10-17,STL,NYI,1,0,0,0,OT,2.000,28,32,0,2.405,31,40,0
2024020069,2024,2024-10-17,NSH,EDM,2,4,2,4,REG,2.082,27,38,0,3.661,36,51,1
2024020070,2024,2024-10-17,CHI,SJS,4,2,4,2,REG,3.430,27,49,0,2.399,22,37,0
2024020071,2024,2024-10-17,SEA,PHI,6,4,6,4,REG,2.407,29,45,0,2.395,25,41,0
2024020072,2024,2024-10-18,PIT,CAR,1,4,1,4,REG,2.902,26,37,0,4.102,38,55,0
2024020073,2024,2024-10-18,WPG,SJS,8,3,8,3,REG,3.645,36,51,0,1.424,22,35,0
2024020074,2024,2024-10-18,COL,ANA,4,3,3,3,OT,4.829,44,62,0,2.709,18,35,0
2024020075,2024,2024-10-19,OTT,TBL,5,4,5,4,REG,2.111,28,33,0,1.973,29,37,0
2024020076,2024,2024-10-19,NSH,DET,2,5,2,5,REG,3.284,39,59,0,2.243,24,35,2
2024020077,2024,2024-10-19,DAL,EDM,4,1,4,1,REG,2.394,24,38,1,3.093,31,50,0
2024020078,2024,2024-10-19,FLA,VGK,4,3,3,3,OT,3.273,43,56,0,2.387,25,37,0
2024020079,2024,2024-10-19,TOR,NYR,1,4,1,4,REG,4.090,35,53,0,2.843,29,43,2
2024020080,2024,2024-10-19,NJD,WSH,5,6,5,5,OT,3.007,29,41,0,2.501,33,43,0
2024020081,2024,2024-10-19,NYI,MTL,4,3,3,3,SO,3.417,33,49,0,2.311,21,34,0
2024020082,2024,2024-10-19,PHI,VAN,0,3,0,3,REG,3.271,26,49,0,1.689,32,43,0
2024020083,2024,2024-10-19,CBJ,MIN,1,3,1,3,REG,2.084,24,37,0,3.734,34,48,0
2024020084,2024,2024-10-19,STL,CAR,4,3,4,3,REG,1.805,19,28,0,3.192,40,54,0
2024020085,2024,2024-10-19,CHI,BUF,2,4,2,4,REG,2.726,37,45,0,1.603,22,35,1
2024020086,2024,2024-10-19,UTA,BOS,2,1,1,1,OT,2.167,29,44,0,2.552,22,33,0
2024020087,2024,2024-10-19,SEA,CGY,2,1,1,1,OT,2.028,21,37,0,2.843,22,46,0
2024020088,2024,2024-10-20,WPG,PIT,6,3,6,3,REG,3.419,37,51,1,3.930,42,59,0
2024020089,2024,2024-10-20,SJS,COL,1,4,1,4,REG,2.066,26,42,0,2.485,22,35,1
2024020090,2024,2024-10-20,ANA,LAK,1,4,1,4,REG,1.490,14,26,0,3.015,36,53,2
2024020091,2024,2024-10-21,TOR,TBL,5,2,5,2,REG,3.437,29,51,0,3.605,34,47,0
2024020092,2024,2024-10-22,PHI,WSH,1,4,1,4,REG,1.731,18,28,0,1.961,29,43,0
2024020093,2024,2024-10-22,FLA,MIN,1,5,1,5,REG,2.218,25,38,0,2.165,22,33,0
2024020094,2024,2024-10-22,NJD,TBL,5,8,5,8,REG,3.002,35,42,0,4.021,37,49,0
2024020095,2024,2024-10-22,BUF,DAL,4,2,4,2,REG,2.399,25,38,1,2.684,30,43,0
2024020096,2024,2024-10-22,MTL,NYR,2,7,2,7,REG,2.422,23,34,0,6.136,45,65,0
2024020097,2024,2024-10-22,CBJ,TOR,6,2,6,2,REG,3.227,38,54,0,3.009,28,42,0
2024020098,2024,2024-10-22,NYI,DET,0,1,0,1,REG,2.927,30,50,0,0.973,11,18,0
2024020099,2024,2024-10-22,STL,WPG,2,3,2,3,REG,2.926,29,41,0,2.233,24,39,0
2024020100,2024,2024-10-22,CHI,VAN,3,6,3,6,REG,2.918,34,44,0,2.472,30,41,0
2024020101,2024,2024-10-22,NSH,BOS,4,0,4,0,REG,3.527,42,56,1,2.772,33,43,0
2024020102,2024,2024-10-22,CGY,PIT,4,3,3,3,SO,2.905,25,39,0,2.897,36,51,0
2024020103,2024,2024-10-22,EDM,CAR,2,3,2,2,OT,3.670,30,39,0,3.473,30,45,0
2024020104,2024,2024-10-22,UTA,OTT,0,4,0,4,REG,4.260,31,54,0,2.701,22,34,0
2024020105,2024,2024-10-22,ANA,SJS,3,1,3,1,REG,3.721,40,59,1,2.829,28,48,0
2024020106,2024,2024-10-22,SEA,COL,2,3,2,3,REG,3.096,27,47,0,2.528,28,43,0
2024020107,2024,2024-10-22,VGK,LAK,6,1,6,1,REG,3.306,30,39,0,3.832,35,58,0
2024020108,2024,2024-10-23,WSH,PHI,6,3,6,3,REG,2.757,25,41,2,2.847,29,35,0
2024020109,2024,2024-10-24,BOS,DAL,2,5,2,5,REG,3.079,27,46,0,2.537,32,41,1
2024020110,2024,2024-10-24,TOR,STL,1,5,1,5,REG,4.268,41,61,0,1.783,27,35,1
2024020111,2024,2024-10-24,DET,NJD,5,3,5,3,REG,1.678,20,33,1,4.102,40,58,0
2024020112,2024,2024-10-24,TBL,MIN,2,4,2,4,REG,1.739,26,34,0,1.511,18,29,1
2024020113,2024,2024-10-24,NYR,FLA,1,3,1,3,REG,3.068,25,38,0,3.148,29,44,0
2024020114,2024,2024-10-24,CGY,CAR,2,4,2,4,REG,2.953,32,41,0,3.536,43,59,1
2024020115,2024,2024-10-24,UTA,COL,1,5,1,5,REG,2.328,26,39,0,1.998,26,31,0
2024020116,2024,2024-10-24,SEA,WPG,3,4,3,3,OT,2.156,31,45,0,1.801,35,37,0
2024020117,2024,2024-10-24,LAK,SJS,3,2,3,2,REG,3.334,30,42,0,2.389,26,37,0
2024020118,2024,2024-10-25,VGK,OTT,6,4,6,4,REG,2.193,28,38,1,2.640,39,56,0
2024020119,2024,2024-10-25,NJD,NYI,3,4,3,3,OT,3.505,34,49,0,2.941,29,41,0
2024020120,2024,2024-10-25,CHI,NSH,2,3,2,3,REG,3.543,29,45,0,3.044,34,48,0
2024020121,2024,2024-10-25,EDM,PIT,4,0,4,0,REG,5.717,50,70,0,2.840,27,38,0
2024020122,2024,2024-10-26,BUF,DET,5,3,5,3,REG,2.750,39,51,1,1.905,25,38,0
2024020123,2024,2024-10-26,PHI,MIN,7,5,7,5,REG,2.692,23,36,1,2.715,26,42,0
2024020124,2024,2024-10-26,LAK,UTA,3,2,3,2,REG,1.704,23,33,0,1.973,26,40,0
2024020125,2024,2024-10-26,BOS,TOR,4,3,3,3,OT,2.642,32,43,0,2.846,22,38,0
2024020126,2024,2024-10-26,MTL,STL,5,2,5,2,REG,2.656,26,39,1,3.601,31,46,0
2024020127,2024,2024-10-26,TBL,WSH,3,0,3,0,REG,1.959,21,34,0,2.648,32,46,0
2024020128,2024,2024-10-26,NYR,ANA,2,1,2,1,REG,3.467,32,51,0,2.295,33,46,0
2024020129,2024,2024-10-26,CGY,WPG,3,5,3,5,REG,2.515,29,52,0,2.145,35,45,1
2024020130,2024,2024-10-26,NYI,FLA,3,6,3,6,REG,2.720,28,48,0,3.068,29,47,1
2024020131,2024,2024-10-26,NSH,CBJ,4,3,3,3,OT,2.612,31,49,0,2.201,27,38,0
2024020132,2024,2024-10-26,DAL,CHI,4,2,4,2,REG,3.609,30,45,1,3.823,24,43,0
2024020133,2024,2024-10-26,VAN,PIT,4,3,4,3,REG,3.346,34,48,0,1.778,24,37,0
2024020134,2024,2024-10-26,VGK,SJS,7,3,7,3,REG,3.361,42,56,0,2.631,26,40,0
2024020135,2024,2024-10-26,SEA,CAR,1,4,1,4,REG,2.237,19,28,0,4.226,39,70,1
2024020136,2024,2024-10-27,DET,EDM,2,3,2,2,OT,2.706,26,37,0,2.612,33,46,0
2024020137,2024,2024-10-27,NJD,ANA,6,2,6,2,REG,3.432,34,51,0,1.723,26,36,0
2024020138,2024,2024-10-27,PHI,MTL,3,4,3,4,REG,2.857,26,44,0,2.553,24,36,0
2024020139,2024,2024-10-27,COL,OTT,5,4,5,4,REG,4.272,32,49,1,2.676,30,46,0
2024020140,2024,2024-10-28,BUF,FLA,2,5,2,5,REG,1.913,28,42,0,2.377,31,39,0
2024020141,2024,2024-10-28,TBL,NSH,3,2,2,2,OT,3.676,25,41,0,2.933,37,45,0
2024020142,2024,2024-10-28,CBJ,EDM,6,1,6,1,REG,2.558,25,38,0,2.793,32,49,0
2024020143,2024,2024-10-28,WPG,TOR,4,6,4,6,REG,1.786,23,36,0,2.947,36,48,1
2024020144,2024,2024-10-28,COL,CHI,2,5,2,5,REG,2.427,26,35,0,2.636,26,36,2
2024020145,2024,2024-10-28,UTA,SJS,4,5,4,4,OT,2.115,22,39,0,4.615,43,58,0
2024020146,2024,2024-10-28,VAN,CAR,3,4,3,3,OT,2.594,27,38,0,2.522,31,41,0
2024020147,2024,2024-10-28,VGK,CGY,5,0,5,0,REG,2.872,38,44,0,1.525,16,32,0
2024020148,2024,2024-10-29,BOS,PHI,0,2,0,2,REG,2.891,25,40,0,2.028,19,33,1
2024020149,2024,2024-10-29,MTL,SEA,2,8,2,8,REG,4.500,30,52,0,2.991,23,31,0
2024020150,2024,2024-10-29,OTT,STL,8,1,8,1,REG,2.814,35,47,0,2.079,27,38,0
2024020151,2024,2024-10-29,WSH,NYR,5,3,5,3,REG,6.518,46,70,1,2.436,19,39,0
2024020152,2024,2024-10-29,NYI,ANA,1,3,1,3,REG,3.920,41,64,0,1.618,22,33,1
2024020153,2024,2024-10-29,PIT,MIN,3,5,3,5,REG,2.183,29,36,0,2.680,40,55,1
2024020154,2024,2024-10-29,SJS,LAK,4,2,4,2,REG,1.973,21,35,1,2.894,28,47,0
2024020155,2024,2024-10-30,CBJ,NYI,2,0,2,0,REG,2.070,26,40,1,2.850,26,52,0
2024020156,2024,2024-10-30,DET,WPG,2,6,2,6,REG,1.539,21,34,0,2.735,29,43,0
2024020157,2024,2024-10-30,COL,TBL,2,5,2,5,REG,3.459,35,48,0,2.247,21,34,1
2024020158,2024,2024-10-30,UTA,CGY,5,1,5,1,REG,3.586,28,45,0,2.039,31,38,0
2024020159,2024,2024-10-30,VAN,NJD,0,6,0,6,REG,1.992,20,39,0,3.066,22,39,0
2024020160,2024,2024-10-30,LAK,VGK,6,3,6,3,REG,2.234,27,41,0,2.339,26,42,0
2024020161,2024,2024-10-31,TOR,SEA,4,1,4,1,REG,2.443,30,40,1,1.678,25,36,0
2024020162,2024,2024-10-31,PHI,STL,2,1,2,1,REG,1.578,21,36,0,1.739,21,38,0
2024020163,2024,2024-10-31,PIT,ANA,2,1,1,1,OT,3.859,43,66,0,1.674,23,36,0
2024020164,2024,2024-10-31,WSH,MTL,6,3,6,3,REG,5.077,34,58,0,1.741,15,26,0
2024020165,2024,2024-10-31,CAR,BOS,8,2,8,2,REG,3.373,37,51,0,1.587,15,24,0
2024020166,2024,2024-10-31,NSH,EDM,1,5,1,5,REG,2.169,27,37,0,2.009,29,41,0
2024020167,2024,2024-10-31,SJS,CHI,3,2,3,2,REG,2.145,29,38,0,2.950,29,45,0
2024020168,2024,2024-11-01,DAL,FLA,4,6,4,6,REG,3.753,36,49,0,2.036,28,38,0
2024020169,2024,2024-11-01,BUF,NYI,3,4,3,4,REG,3.499,35,50,0,2.990,36,47,0
2024020170,2024,2024-11-01,NYR,OTT,2,1,2,1,REG,1.426,18,26,0,3.961,41,64,0
2024020171,2024,2024-11-01,CBJ,WPG,2,6,2,6,REG,1.601,22,32,0,3.818,44,58,0
2024020172,2024,2024-11-01,MIN,TBL,5,3,5,3,REG,2.764,22,41,2,1.987,30,36,0
2024020173,2024,2024-11-01,CGY,NJD,3,0,3,0,REG,1.821,32,42,1,2.153,22,29,0
2024020174,2024,2024-11-02,FLA,DAL,4,2,4,2,REG,2.221,25,32,1,2.427,25,41,0
2024020175,2024,2024-11-02,PHI,BOS,0,3,0,3,REG,1.724,20,28,0,2.659,31,44,1
2024020176,2024,2024-11-02,LAK,CHI,3,4,3,3,SO,2.720,35,49,0,1.445,19,27,0
2024020177,2024,2024-11-02,WSH,CBJ,7,2,7,2,REG,2.838,22,33,0,4.357,36,55,0
2024020178,2024,2024-11-02,OTT,SEA,3,0,3,0,REG,2.304,23,37,1,2.084,22,39,0
2024020179,2024,2024-11-02,DET,BUF,2,1,2,1,REG,2.502,23,39,0,2.897,32,51,0
2024020180,2024,2024-11-02,PIT,MTL,3,1,3,1,REG,1.955,24,37,1,1.857,26,34,0
2024020181,2024,2024-11-02,STL,TOR,4,2,4,2,REG,1.558,24,32,1,3.169,37,50,0
2024020182,2024,2024-11-02,NSH,COL,5,2,5,2,REG,2.481,26,40,2,2.572,31,41,0
2024020183,2024,2024-11-02,VGK,UTA,4,3,3,3,OT,2.785,33,43,0,2.291,18,33,0
2024020184,2024,2024-11-02,SJS,VAN,2,3,2,3,REG,1.752,23,36,0,3.078,28,49,0
2024020185,2024,2024-11-03,NYR,NYI,5,2,5,2,REG,3.207,40,45,1,3.981,37,50,0
2024020186,2024,2024-11-03,WPG,TBL,7,4,7,4,REG,2.655,34,45,2,2.386,30,41,0
2024020187,2024,2024-11-03,BOS,SEA,2,0,2,0,REG,3.740,33,53,0,2.270,23,37,0
2024020188,2024,2024-11-03,CAR,WSH,4,2,4,2,REG,3.750,45,61,1,2.458,21,31,0
2024020189,2024,2024-11-03,MIN,TOR,2,1,1,1,OT,2.391,32,47,0,1.809,28,37,0
2024020190,2024,2024-11-03,CGY,EDM,2,4,2,4,REG,2.732,31,43,0,2.190,31,38,1
2024020191,2024,2024-11-03,ANA,CHI,2,4,2,4,REG,4.831,40,63,0,2.639,29,39,0
2024020192,2024,2024-11-04,NSH,LAK,0,3,0,3,REG,1.157,16,25,0,2.410,27,41,1
2024020193,2024,2024-11-04,EDM,NJD,0,3,0,3,REG,3.445,31,45,0,1.702,16,21,0
2024020194,2024,2024-11-05,BUF,OTT,5,1,5,1,REG,3.196,34,46,0,3.293,38,55,0
2024020195,2024,2024-11-05,TOR,BOS,4,0,4,0,REG,2.599,27,37,1,2.498,29,43,0
2024020196,2024,2024-11-05,MTL,CGY,2,3,2,2,OT,3.974,24,47,0,3.342,34,52,0
2024020197,2024,2024-11-05,CAR,PHI,6,4,6,4,REG,4.372,35,66,1,1.872,16,26,0
2024020198,2024,2024-11-05,NYI,PIT,4,3,3,3,SO,2.148,26,42,0,3.091,33,47,0
2024020199,2024,2024-11-05,STL,TBL,3,2,3,2,REG,1.511,23,32,0,2.707,23,41,0
2024020200,2024,2024-11-05,MIN,LAK,1,5,1,5,REG,1.379,24,32,0,3.069,28,48,1
2024020201,2024,2024-11-05,WPG,UTA,3,0,3,0,REG,2.147,28,39,1,1.770,21,33,0
2024020202,2024,2024-11-05,COL,SEA,6,3,6,3,REG,3.412,32,48,1,1.659,20,32,0
2024020203,2024,2024-11-05,ANA,VAN,1,5,1,5,REG,1.207,22,34,0,3.791,37,51,0
2024020204,2024,2024-11-05,SJS,CBJ,2,1,1,1,OT,1.520,24,36,0,4.432,48,66,0
2024020205,2024,2024-11-06,WSH,NSH,3,2,3,2,REG,5.149,36,51,0,3.161,35,58,0
2024020206,2024,2024-11-06,CHI,DET,1,4,1,4,REG,1.830,29,41,0,2.866,25,40,1
2024020207,2024,2024-11-06,EDM,VGK,2,4,2,4,REG,2.303,29,40,0,2.834,35,45,1
2024020208,2024,2024-11-07,BOS,CGY,4,3,3,3,OT,3.356,33,42,0,1.971,33,42,0
2024020209,2024,2024-11-07,OTT,NYI,2,4,2,4,REG,2.651,30,43,0,1.768,25,30,1
2024020210,2024,2024-11-07,TBL,PHI,1,2,1,1,SO,2.032,21,37,0,2.273,28,37,0
2024020211,2024,2024-11-07,FLA,NSH,6,2,6,2,REG,2.988,34,52,0,2.656,18,36,0
2024020212,2024,2024-11-07,NJD,MTL,5,3,5,3,REG,2.885,27,38,1,2.340,24,35,0
2024020213,2024,2024-11-07,NYR,BUF,1,6,1,6,REG,3.296,26,42,0,2.118,22,27,0
2024020214,2024,2024-11-07,CAR,PIT,5,1,5,1,REG,1.920,18,30,0,4.241,36,55,0
2024020215,2024,2024-11-07,STL,UTA,2,4,2,4,REG,1.472,15,21,0,2.473,31,44,1
2024020216,2024,2024-11-07,DAL,CHI,3,1,3,1,REG,3.678,40,53,1,2.443,26,33,0
2024020217,2024,2024-11-07,WPG,COL,1,0,1,0,REG,2.201,28,38,0,3.269,35,54,0
2024020218,2024,2024-11-07,LAK,VAN,2,4,2,4,REG,2.373,28,46,0,3.138,24,44,1
2024020219,2024,2024-11-07,SJS,MIN,2,5,2,5,REG,2.215,26,40,0,2.582,31,45,1
2024020220,2024,2024-11-08,TOR,DET,3,1,3,1,REG,1.999,20,32,1,2.083,22,34,0
2024020221,2024,2024-11-08,WSH,PIT,2,4,2,4,REG,4.570,34,50,0,2.770,32,45,1
2024020222,2024,2024-11-08,ANA,MIN,2,5,2,5,REG,4.610,35,63,0,3.263,31,40,0
2024020223,2024,2024-11-08,SEA,VGK,4,3,3,3,OT,2.633,31,42,0,2.328,24,36,0
2024020224,2024,2024-11-09,BUF,CGY,3,2,2,2,SO,2.143,17,32,0,1.651,23,38,0
2024020225,2024,2024-11-09,FLA,PHI,4,3,3,3,SO,2.653,28,48,0,2.595,31,40,0
2024020226,2024,2024-11-09,BOS,OTT,2,3,2,2,OT,1.365,15,22,0,2.651,32,46,0
2024020227,2024,2024-11-09,TOR,MTL,4,1,4,1,REG,2.246,27,37,0,1.926,21,35,0
2024020228,2024,2024-11-09,DET,NYR,0,4,0,4,REG,3.804,37,60,0,1.968,24,36,1
2024020229,2024,2024-11-09,STL,WSH,1,8,1,8,REG,2.600,25,35,0,2.899,27,43,0
2024020230,2024,2024-11-09,WPG,DAL,4,1,4,1,REG,3.992,25,41,0,3.951,33,54,0
2024020231,2024,2024-11-09,NYI,NJD,3,4,3,3,OT,2.266,21,34,0,3.628,32,45,0
2024020232,2024,2024-11-09,NSH,UTA,4,0,4,0,REG,2.130,21,32,1,2.424,27,44,0
2024020233,2024,2024-11-09,COL,CAR,6,4,6,4,REG,3.622,29,42,1,3.189,31,48,0
2024020234,2024,2024-11-09,LAK,CBJ,5,2,5,2,REG,1.993,23,38,1,2.520,26,37,0
2024020235,2024,2024-11-09,VAN,EDM,3,7,3,7,REG,1.294,20,32,0,3.263,31,45,0
2024020236,2024,2024-11-10,NJD,SJS,0,1,0,1,REG,4.114,44,55,0,2.334,27,37,0
2024020237,2024,2024-11-10,CHI,MIN,2,1,1,1,OT,1.594,20,30,0,2.225,33,43,0
2024020238,2024,2024-11-10,ANA,CBJ,4,2,4,2,REG,3.048,30,43,1,3.565,40,58,0
2024020239,2024,2024-11-11,BUF,MTL,5,7,5,7,REG,1.697,18,31,0,2.077,23,32,1
2024020240,2024,2024-11-11,PHI,SJS,4,3,3,3,SO,3.222,41,56,0,2.150,26,34,0
2024020241,2024,2024-11-11,PIT,DAL,1,7,1,7,REG,1.886,21,29,0,3.703,40,51,0
2024020242,2024,2024-11-11,CGY,LAK,3,1,3,1,REG,2.201,28,41,1,2.226,29,43,0
2024020243,2024,2024-11-11,COL,NSH,3,2,2,2,OT,2.614,30,44,0,3.109,29,40,0
2024020244,2024,2024-11-11,VGK,CAR,2,5,2,5,REG,2.643,32,38,0,3.782,34,56,1
2024020245,2024,2024-11-12,TOR,OTT,0,3,0,3,REG,3.073,27,37,0,2.271,41,53,0
2024020246,2024,2024-11-12,FLA,NJD,1,4,1,4,REG,3.404,35,56,0,2.414,24,37,1
2024020247,2024,2024-11-12,NYR,WPG,3,6,3,6,REG,4.061,36,54,0,2.679,33,41,1
2024020248,2024,2024-11-12,STL,BOS,2,3,2,3,REG,1.802,22,29,0,3.677,30,46,0
2024020249,2024,2024-11-12,EDM,NYI,4,3,3,3,OT,3.850,38,56,0,1.973,22,31,0
2024020250,2024,2024-11-12,VAN,CGY,3,1,3,1,REG,3.016,32,44,0,2.459,29,38,0
2024020251,2024,2024-11-12,SEA,CBJ,5,2,5,2,REG,2.438,33,46,1,3.462,40,59,0
2024020252,2024,2024-11-13,PIT,DET,2,3,2,2,OT,3.622,32,54,0,1.705,30,39,0
2024020253,2024,2024-11-13,WSH,TOR,3,4,3,3,OT,2.590,24,41,0,3.524,31,40,0
2024020254,2024,2024-11-13,UTA,CAR,4,1,4,1,REG,2.331,21,31,0,6.243,50,68,0
2024020255,2024,2024-11-13,COL,LAK,4,2,4,2,REG,2.688,26,39,1,1.447,15,24,0
2024020256,2024,2024-11-13,ANA,VGK,2,3,2,3,REG,3.141,24,49,0,4.069,39,54,0
2024020257,2024,2024-11-14,BUF,STL,4,3,3,3,OT,1.723,32,42,0,1.963,27,40,0
2024020258,2024,2024-11-14,OTT,PHI,4,5,4,4,OT,2.854,34,47,0,1.338,16,20,0
2024020259,2024,2024-11-14,TBL,WPG,4,1,4,1,REG,2.955,29,46,1,2.243,24,39,0
2024020260,2024,2024-11-14,FLA,NJD,2,6,2,6,REG,2.446,27,43,0,2.304,29,37,1
2024020261,2024,2024-11-14,NYR,SJS,3,2,3,2,REG,2.880,35,53,0,1.879,27,37,0
2024020262,2024,2024-11-14,DAL,BOS,7,2,7,2,REG,3.263,38,47,0,2.878,25,39,0
2024020263,2024,2024-11-14,MIN,MTL,3,0,3,0,REG,1.760,28,35,1,1.574,19,32,0
2024020264,2024,2024-11-14,EDM,NSH,3,2,2,2,OT,3.326,32,43,0,1.463,21,27,0
2024020265,2024,2024-11-14,VAN,NYI,2,5,2,5,REG,1.957,26,39,0,2.827,32,42,1
2024020266,2024,2024-11-14,SEA,CHI,3,1,3,1,REG,2.376,26,50,1,1.355,19,29,0
2024020267,2024,2024-11-15,CBJ,PIT,6,2,6,2,REG,2.889,39,53,1,3.330,23,44,0
2024020268,2024,2024-11-15,COL,WSH,2,5,2,5,REG,1.790,19,41,0,1.265,20,31,1
2024020269,2024,2024-11-15,CGY,NSH,2,0,2,0,REG,2.736,33,52,1,3.136,29,46,0
2024020270,2024,2024-11-15,UTA,VGK,2,4,2,4,REG,3.425,32,50,0,2.956,29,37,1
2024020271,2024,2024-11-15,ANA,DET,6,4,6,4,REG,2.569,29,44,1,2.645,25,42,0
2024020272,2024,2024-11-16,BOS,STL,2,3,2,2,OT,1.965,18,30,0,2.384,29,49,0
2024020273,2024,2024-11-16,SEA,NYI,3,2,3,2,REG,2.225,27,46,0,2.885,24,46,0
2024020274,2024,2024-11-16,TOR,EDM,4,3,3,3,OT,2.551,21,37,0,2.348,29,43,0
2024020275,2024,2024-11-16,MTL,CBJ,5,1,5,1,REG,2.279,30,35,0,1.831,26,36,0
2024020276,2024,2024-11-16,TBL,NJD,4,0,4,0,REG,2.681,27,42,1,2.549,29,40,0
2024020277,2024,2024-11-16,FLA,WPG,5,0,5,0,REG,2.879,31,38,0,1.287,27,32,0
2024020278,2024,2024-11-16,PHI,BUF,5,2,5,2,REG,2.908,32,40,1,2.019,25,38,0
2024020279,2024,2024-11-16,PIT,SJS,4,3,3,3,SO,2.687,30,46,0,1.880,28,35,0
2024020280,2024,2024-11-16,CAR,OTT,4,0,4,0,REG,3.424,28,47,1,2.587,24,39,0
2024020281,2024,2024-11-16,MIN,DAL,1,2,1,2,REG,1.919,23,43,0,2.457,40,51,0
2024020282,2024,2024-11-16,LAK,DET,4,1,4,1,REG,3.437,41,64,1,1.297,18,25,0
2024020283,2024,2024-11-16,VAN,CHI,4,1,4,1,REG,2.566,33,50,2,2.237,29,36,0
2024020284,2024,2024-11-17,CAR,STL,4,1,4,1,REG,3.377,24,52,0,2.512,30,37,0
2024020285,2024,2024-11-17,VAN,NSH,3,5,3,5,REG,2.231,27,40,0,1.617,22,39,1
2024020286,2024,2024-11-17,VGK,WSH,2,5,2,5,REG,4.120,42,61,0,1.804,25,45,1
2024020287,2024,2024-11-17,SEA,NYR,0,2,0,2,REG,1.921,24,40,0,1.915,23,39,0
2024020288,2024,2024-11-18,BOS,CBJ,1,5,1,5,REG,2.922,29,43,0,2.087,28,35,0
2024020289,2024,2024-11-18,PHI,COL,2,3,2,3,REG,2.391,26,38,0,2.478,29,41,0
2024020290,2024,2024-11-18,MTL,EDM,3,0,3,0,REG,2.933,25,44,1,3.042,30,39,0
2024020291,2024,2024-11-18,DAL,ANA,2,4,2,4,REG,4.534,36,60,0,1.991,27,36,0
2024020292,2024,2024-11-18,UTA,WSH,2,6,2,6,REG,4.103,26,47,0,2.045,24,29,0
2024020293,2024,2024-11-18,SJS,DET,5,4,4,4,OT,3.205,33,52,0,2.174,20,30,0
2024020294,2024,2024-11-19,OTT,EDM,2,5,2,5,REG,2.544,29,39,0,2.164,31,39,0
2024020295,2024,2024-11-19,PIT,TBL,2,3,2,2,OT,1.382,19,26,0,3.759,34,58,0
2024020296,2024,2024-11-19,STL,MIN,2,4,2,4,REG,2.064,24,43,0,2.375,28,40,1
2024020297,2024,2024-11-19,WPG,FLA,6,3,6,3,REG,2.823,27,50,2,2.955,23,49,0
2024020298,2024,2024-11-19,CHI,ANA,2,3,2,3,REG,1.509,20,27,0,2.339,24,42,0
2024020299,2024,2024-11-19,CGY,NYI,2,1,1,1,SO,2.505,29,40,0,2.140,28,35,0
2024020300,2024,2024-11-19,VAN,NYR,3,4,3,4,REG,1.731,24,30,0,2.345,33,44,0
2024020301,2024,2024-11-20,TOR,VGK,3,0,3,0,REG,3.011,26,43,1,2.079,31,43,0
2024020302,2024,2024-11-20,PHI,CAR,1,4,1,4,REG,1.838,19,29,0,3.800,37,61,0
2024020303,2024,2024-11-20,DAL,SJS,5,2,5,2,REG,3.364,31,46,2,2.605,23,33,0
2024020304,2024,2024-11-20,SEA,NSH,3,0,3,0,REG,2.747,37,47,1,3.392,24,49,0
2024020305,2024,2024-11-20,LAK,BUF,0,1,0,1,REG,3.966,23,49,0,1.821,19,33,0
2024020306,2024,2024-11-21,BOS,UTA,1,0,1,0,REG,2.896,31,43,0,1.868,22,44,0
2024020307,2024,2024-11-21,OTT,VGK,2,3,2,3,REG,2.925,40,52,0,3.572,32,43,0
2024020308,2024,2024-11-21,DET,NYI,2,1,2,1,REG,2.543,31,46,0,1.612,23,35,0
2024020309,2024,2024-11-21,NJD,CAR,4,2,4,2,REG,2.929,21,47,0,2.012,22,39,0
2024020310,2024,2024-11-21,WSH,COL,1,2,1,2,REG,3.646,29,42,0,2.937,27,40,0
2024020311,2024,2024-11-21,CBJ,TBL,7,6,6,6,OT,3.701,42,55,0,2.432,29,38,0
2024020312,2024,2024-11-21,STL,SJS,3,2,2,2,SO,2.028,30,38,0,1.704,22,34,0
2024020313,2024,2024-11-21,CHI,FLA,3,1,3,1,REG,1.613,20,27,1,2.915,33,46,0
2024020314,2024,2024-11-21,CGY,NYR,3,2,3,2,REG,3.214,49,70,0,2.050,29,37,0
2024020315,2024,2024-11-21,EDM,MIN,3,5,3,5,REG,2.461,31,40,0,2.937,26,36,0
2024020316,2024,2024-11-22,PIT,WPG,1,4,1,4,REG,2.194,18,34,0,2.957,30,47,1
2024020317,2024,2024-11-22,ANA,BUF,2,3,2,2,OT,2.821,24,44,0,2.987,29,48,0
2024020318,2024,2024-11-23,PHI,CHI,3,2,2,2,OT,3.137,36,48,0,2.076,21,33,0
2024020319,2024,2024-11-23,CGY,MIN,4,3,3,3,SO,2.628,28,49,0,2.457,21,41,0
2024020320,2024,2024-11-23,LAK,SEA,2,1,2,1,REG,2.097,21,36,0,1.834,20,28,0
2024020321,2024,2024-11-23,FLA,COL,4,7,4,7,REG,2.859,31,45,0,2.015,25,34,1
2024020322,2024,2024-11-23,MTL,VGK,2,6,2,6,REG,2.421,17,36,0,2.786,28,33,0
2024020323,2024,2024-11-23,OTT,VAN,3,4,3,4,REG,2.985,29,40,0,1.787,21,29,0
2024020324,2024,2024-11-23,DET,BOS,1,2,1,2,REG,1.621,20,33,0,2.193,29,41,0
2024020325,2024,2024-11-23,TBL,DAL,2,4,2,4,REG,2.224,29,35,0,2.453,28,39,0
2024020326,2024,2024-11-23,PIT,UTA,1,6,1,6,REG,2.297,28,39,0,3.416,30,46,0
2024020327,2024,2024-11-23,WSH,NJD,2,3,2,3,REG,2.451,26,46,0,3.274,33,43,0
2024020328,2024,2024-11-23,CBJ,CAR,5,4,4,4,SO,2.781,31,42,0,2.579,33,46,0
2024020329,2024,2024-11-23,NSH,WPG,4,1,4,1,REG,2.378,36,48,1,2.554,24,35,0
2024020330,2024,2024-11-23,NYI,STL,3,1,3,1,REG,2.797,31,44,1,1.713,25,33,0
2024020331,2024,2024-11-23,SJS,BUF,2,4,2,4,REG,3.339,33,50,0,1.919,31,43,1
2024020332,2024,2024-11-23,EDM,NYR,6,2,6,2,REG,3.051,40,49,0,2.436,34,47,0
2024020333,2024,2024-11-24,TOR,UTA,3,2,3,2,REG,4.406,35,58,0,2.101,26,44,0
2024020334,2024,2024-11-25,TBL,COL,8,2,8,2,REG,3.792,33,49,0,2.672,25,35,0
2024020335,2024,2024-11-25,FLA,WSH,1,4,1,4,REG,2.569,21,43,0,3.251,31,52,2
2024020336,2024,2024-11-25,NJD,NSH,5,2,5,2,REG,4.351,46,60,1,2.183,22,34,0
2024020337,2024,2024-11-25,NYR,STL,2,5,2,5,REG,2.401,29,44,0,4.692,44,56,1
2024020338,2024,2024-11-25,PHI,VGK,4,5,4,4,SO,3.422,28,45,0,2.252,30,37,0
2024020339,2024,2024-11-25,CAR,DAL,6,4,6,4,REG,3.027,34,46,1,3.471,19,32,0
2024020340,2024,2024-11-25,OTT,CGY,4,3,4,3,REG,2.886,30,39,0,1.752,27,34,0
2024020341,2024,2024-11-25,NYI,DET,2,4,2,4,REG,2.623,29,45,0,2.316,21,40,1
2024020342,2024,2024-11-25,MIN,WPG,1,4,1,4,REG,3.515,44,54,0,2.566,32,46,1
2024020343,2024,2024-11-25,ANA,SEA,2,3,2,3,REG,1.903,23,33,0,2.128,28,50,0
2024020344,2024,2024-11-25,SJS,LAK,7,2,7,2,REG,1.751,21,34,0,2.222,24,41,0
2024020345,2024,2024-11-26,BOS,VAN,0,2,0,2,REG,3.227,33,45,0,0.764,15,20,1
2024020346,2024,2024-11-26,MTL,UTA,2,3,2,2,OT,2.866,13,28,0,3.561,28,46,0
2024020347,2024,2024-11-27,BUF,MIN,0,1,0,1,REG,3.536,39,54,0,1.765,30,39,0
2024020348,2024,2024-11-27,NJD,STL,0,3,0,3,REG,4.222,32,56,0,1.875,20,25,0
2024020349,2024,2024-11-27,CAR,NYR,4,3,4,3,REG,2.536,31,48,0,2.086,22,37,0
2024020350,2024,2024-11-27,DET,CGY,2,1,1,1,OT,1.960,26,39,0,1.844,24,38,0
2024020351,2024,2024-11-27,TBL,WSH,4,5,4,5,REG,2.225,29,36,0,2.154,32,44,0
2024020352,2024,2024-11-27,FLA,TOR,5,1,5,1,REG,2.369,24,37,1,2.117,24,32,0
2024020353,2024,2024-11-27,NYI,BOS,3,6,3,6,REG,2.260,24,39,0,1.393,21,36,1
2024020354,2024,2024-11-27,PIT,VAN,5,4,5,4,REG,2.774,23,39,0,1.774,29,34,0
2024020355,2024,2024-11-27,CBJ,MTL,3,4,3,3,OT,2.567,24,38,0,2.282,20,38,0
2024020356,2024,2024-11-27,NSH,PHI,2,3,2,2,OT,2.563,25,49,0,2.123,22,31,0
2024020357,2024,2024-11-27,CHI,DAL,6,2,6,2,REG,2.196,26,33,0,3.073,27,45,0
2024020358,2024,2024-11-27,COL,VGK,2,1,1,1,SO,3.470,31,53,0,1.730,19,27,0
2024020359,2024,2024-11-27,LAK,WPG,4,1,4,1,REG,2.938,33,50,1,1.406,14,28,0
2024020360,2024,2024-11-27,SEA,ANA,2,5,2,5,REG,5.126,44,67,0,3.179,33,48,0
2024020361,2024,2024-11-27,SJS,OTT,3,4,3,4,REG,3.851,39,57,0,1.373,11,23,0
2024020362,2024,2024-11-29,PHI,NYR,3,1,3,1,REG,3.365,35,47,1,1.869,23,32,0
2024020363,2024,2024-11-29,MIN,CHI,3,2,3,2,REG,2.212,29,41,0,1.932,23,33,0
2024020364,2024,2024-11-29,BUF,VAN,3,4,3,3,OT,3.048,32,50,0,1.631,21,31,0
2024020365,2024,2024-11-29,DET,NJD,4,5,4,5,REG,3.022,28,43,0,4.205,29,52,0
2024020366,2024,2024-11-29,WSH,NYI,5,4,4,4,OT,2.932,25,39,0,2.362,24,32,0
2024020367,2024,2024-11-29,CAR,FLA,3,6,3,6,REG,2.611,31,50,0,2.261,30,43,1
2024020368,2024,2024-11-29,CBJ,CGY,5,2,5,2,REG,2.605,34,43,1,2.536,29,39,0
2024020369,2024,2024-11-29,NSH,TBL,2,3,2,2,OT,2.147,31,45,0,2.505,26,43,0
2024020370,2024,2024-11-29,ANA,LAK,1,2,1,2,REG,3.306,31,52,0,2.079,18,36,0
2024020371,2024,2024-11-29,SJS,SEA,8,5,8,5,REG,2.073,27,37,1,2.814,31,50,0
2024020372,2024,2024-11-29,BOS,PIT,1,2,1,2,REG,2.191,31,37,0,3.202,36,48,0
2024020373,2024,2024-11-29,DAL,COL,5,3,5,3,REG,2.645,24,34,1,4.386,32,46,0
2024020374,2024,2024-11-29,VGK,WPG,4,3,4,3,REG,2.420,30,41,0,2.258,25,45,0
2024020375,2024,2024-11-29,UTA,EDM,3,4,3,3,OT,3.181,31,45,0,2.353,29,37,0
2024020376,2024,2024-11-30,NYR,MTL,4,3,4,3,REG,2.509,28,46,0,3.235,28,45,0
2024020377,2024,2024-11-30,FLA,CAR,6,0,6,0,REG,3.019,35,43,0,2.143,20,36,0
2024020378,2024,2024-11-30,TBL,TOR,3,5,3,5,REG,4.433,41,57,0,1.862,29,32,1
2024020379,2024,2024-11-30,NJD,WSH,5,6,5,6,REG,2.961,27,40,0,3.767,32,50,0
2024020380,2024,2024-11-30,PIT,CGY,6,2,6,2,REG,3.789,43,59,0,2.512,32,47,0
2024020381,2024,2024-11-30,STL,PHI,2,3,2,2,OT,2.741,27,42,0,3.118,30,46,0
2024020382,2024,2024-11-30,LAK,OTT,5,2,5,2,REG,2.237,27,41,1,1.834,22,36,0
2024020383,2024,2024-11-30,NYI,BUF,3,0,3,0,REG,2.053,20,31,1,1.903,29,48,0
2024020384,2024,2024-11-30,MIN,NSH,3,2,2,2,OT,2.269,26,43,0,2.256,27,44,0
2024020385,2024,2024-11-30,COL,EDM,1,4,1,4,REG,2.547,28,39,0,3.208,32,44,1
2024020386,2024,2024-11-30,VGK,UTA,0,6,0,6,REG,2.853,29,43,0,2.466,28,43,0
2024020387,2024,2024-11-30,SEA,SJS,2,4,2,4,REG,2.836,38,60,0,1.739,23,44,0
2024020388,2024,2024-12-01,DET,VAN,4,5,4,4,OT,3.353,30,45,0,2.984,29,47,0
2024020389,2024,2024-12-01,BOS,MTL,6,3,6,3,REG,3.034,30,45,1,1.932,28,38,0
2024020390,2024,2024-12-01,CHI,CBJ,3,6,3,6,REG,2.454,31,37,0,2.195,36,46,1
2024020391,2024,2024-12-01,DAL,WPG,3,1,3,1,REG,2.798,31,44,1,2.084,27,40,0
2024020392,2024,2024-12-01,ANA,OTT,4,3,3,3,SO,2.931,30,40,0,4.344,29,50,0
2024020393,2024,2024-12-02,NYR,NJD,1,5,1,5,REG,3.706,39,53,0,3.043,28,40,0
2024020394,2024,2024-12-02,TOR,CHI,4,1,4,1,REG,1.997,22,30,1,2.837,28,40,0
2024020395,2024,2024-12-02,UTA,DAL,1,2,1,2,REG,3.494,37,46,0,2.323,21,34,0
2024020396,2024,2024-12-03,BOS,DET,3,2,2,2,OT,1.595,33,42,0,2.180,25,36,0
2024020397,2024,2024-12-03,BUF,COL,4,5,4,5,REG,3.665,30,44,0,3.192,41,63,0
2024020398,2024,2024-12-03,MTL,NYI,2,1,1,1,OT,2.490,25,39,0,3.670,28,35,0
2024020399,2024,2024-12-03,PIT,FLA,5,4,4,4,OT,1.657,15,31,0,3.117,41,59,0
2024020400,2024,2024-12-03,WSH,SJS,1,2,1,1,OT,3.000,28,47,0,3.019,29,46,0
2024020401,2024,2024-12-03,CAR,SEA,2,4,2,4,REG,2.410,19,30,0,2.616,28,39,0
2024020402,2024,2024-12-03,MIN,VAN,3,2,2,2,OT,1.701,26,42,0,2.429,30,37,0
2024020403,2024,2024-12-03,WPG,STL,1,4,1,4,REG,1.696,23,38,0,4.021,32,39,1
2024020404,2024,2024-12-03,CGY,CBJ,3,0,3,0,REG,2.733,22,44,1,1.653,16,32,0
2024020405,2024,2024-12-03,VGK,EDM,1,0,1,0,REG,1.198,16,28,0,2.833,28,44,0
2024020406,2024,2024-12-04,TOR,NSH,3,2,3,2,REG,2.136,28,38,0,2.946,24,42,0
2024020407,2024,2024-12-04,CHI,BOS,2,4,2,4,REG,1.431,22,30,0,3.085,27,33,0
2024020408,2024,2024-12-04,ANA,VGK,1,4,1,4,REG,1.819,20,36,0,3.089,33,44,1
2024020409,2024,2024-12-04,LAK,DAL,3,2,3,2,REG,1.633,17,28,0,2.746,28,47,0
2024020410,2024,2024-12-05,BUF,WPG,2,3,2,2,OT,3.190,28,44,0,2.930,29,43,0
2024020411,2024,2024-12-05,MTL,NSH,3,0,3,0,REG,3.010,30,40,1,4.252,29,46,0
2024020412,2024,2024-12-05,OTT,DET,2,1,2,1,REG,1.880,32,45,0,2.336,20,37,0
2024020413,2024,2024-12-05,TBL,SJS,8,1,8,1,REG,2.845,35,44,0,2.159,21,29,0
2024020414,2024,2024-12-05,PHI,FLA,5,7,5,7,REG,2.483,34,46,0,2.370,28,41,1
2024020415,2024,2024-12-05,CAR,COL,5,3,5,3,REG,3.448,35,55,1,2.435,19,27,0
2024020416,2024,2024-12-05,NYI,SEA,2,5,2,5,REG,2.693,29,43,0,2.470,25,45,1
2024020417,2024,2024-12-05,CGY,STL,3,4,3,3,OT,3.287,38,48,0,2.182,21,33,0
2024020418,2024,2024-12-05,EDM,CBJ,6,3,6,3,REG,3.845,36,47,0,1.856,22,31,0
2024020419,2024,2024-12-06,TOR,WSH,1,3,1,3,REG,2.175,21,35,0,2.570,26,45,1
2024020420,2024,2024-12-06,NJD,SEA,3,2,3,2,REG,4.021,36,52,0,2.242,19,37,0
2024020421,2024,2024-12-06,NYR,PIT,4,2,4,2,REG,2.330,32,44,0,3.252,22,38,0
2024020422,2024,2024-12-06,VAN,CBJ,5,2,5,2,REG,1.819,17,33,1,2.684,32,56,0
2024020423,2024,2024-12-06,VGK,DAL,3,2,3,2,REG,2.634,28,46,0,3.929,40,49,0
2024020424,2024,2024-12-06,ANA,MIN,1,5,1,5,REG,2.619,27,45,0,3.523,33,47,1
2024020425,2024,2024-12-07,BOS,PHI,4,3,3,3,OT,3.427,30,42,0,2.024,25,37,0
2024020426,2024,2024-12-07,BUF,UTA,2,5,2,5,REG,2.808,25,41,0,2.703,28,40,0
2024020427,2024,2024-12-07,CHI,WPG,2,4,2,4,REG,0.957,14,24,0,3.274,29,49,1
2024020428,2024,2024-12-07,NYI,CAR,4,3,4,3,REG,2.645,25,39,0,2.369,31,50,0
2024020429,2024,2024-12-07,FLA,SJS,3,1,3,1,REG,4.733,54,74,0,3.385,29,41,0
2024020430,2024,2024-12-07,MTL,WSH,2,4,2,4,REG,2.592,24,35,0,4.060,35,54,0
2024020431,2024,2024-12-07,OTT,NSH,3,1,3,1,REG,2.883,30,42,0,3.069,37,53,0
2024020432,2024,2024-12-07,DET,COL,1,2,1,2,REG,3.344,30,39,0,2.209,25,47,0
2024020433,2024,2024-12-07,PIT,TOR,5,2,5,2,REG,2.776,29,42,2,2.917,27,46,0
2024020434,2024,2024-12-07,LAK,MIN,4,1,4,1,REG,1.914,34,45,2,2.340,23,40,0
2024020435,2024,2024-12-07,EDM,STL,4,2,4,2,REG,2.873,21,36,0,3.223,31,45,0
2024020436,2024,2024-12-08,NYR,SEA,5,7,5,7,REG,3.286,37,58,0,1.800,22,37,1
2024020437,2024,2024-12-08,VAN,TBL,2,4,2,4,REG,2.450,25,38,0,3.070,33,44,1
2024020438,2024,2024-12-08,OTT,NYI,2,4,2,4,REG,2.916,31,45,0,1.179,13,26,1
2024020439,2024,2024-12-08,WPG,CBJ,1,4,1,4,REG,2.740,25,44,0,2.251,28,42,1
2024020440,2024,2024-12-08,NJD,COL,0,4,0,4,REG,3.358,25,37,0,1.661,24,40,1
2024020441,2024,2024-12-08,PHI,UTA,2,4,2,4,REG,3.149,24,43,0,2.456,25,43,0
2024020442,2024,2024-12-08,DAL,CGY,6,2,6,2,REG,2.925,28,41,0,1.935,31,46,0
2024020443,2024,2024-12-09,BUF,DET,5,6,5,5,SO,2.050,21,34,0,3.250,31,49,0
2024020444,2024,2024-12-09,NYR,CHI,1,2,1,2,REG,2.577,30,42,0,3.247,32,45,0
2024020445,2024,2024-12-09,MTL,ANA,3,2,2,2,SO,2.238,21,34,0,3.420,25,43,0
2024020446,2024,2024-12-10,NJD,TOR,1,2,1,1,OT,4.120,38,50,0,2.663,15,33,0
2024020447,2024,2024-12-10,PIT,COL,2,6,2,6,REG,2.487,27,42,0,1.968,27,31,1
2024020448,2024,2024-12-10,CAR,SJS,3,2,3,2,REG,3.826,28,49,0,2.572,23,31,0
2024020449,2024,2024-12-10,CBJ,PHI,3,5,3,5,REG,1.848,18,29,0,2.770,25,41,0
2024020450,2024,2024-12-10,NYI,LAK,1,3,1,3,REG,2.630,20,34,0,3.213,30,49,1
2024020451,2024,2024-12-10,NSH,CGY,3,4,3,4,REG,1.865,20,28,0,2.977,28,45,0
2024020452,2024,2024-12-10,WPG,BOS,8,1,8,1,REG,3.360,35,50,0,3.094,24,46,0
2024020453,2024,2024-12-10,EDM,TBL,2,1,2,1,REG,2.566,26,34,0,1.887,22,34,0
2024020454,2024,2024-12-10,UTA,MIN,4,5,4,4,SO,2.984,21,33,0,3.968,35,60,0
2024020455,2024,2024-12-10,VAN,STL,3,4,3,3,OT,3.109,25,38,0,2.445,23,35,0
2024020456,2024,2024-12-10,SEA,FLA,1,2,1,1,SO,1.116,15,27,0,3.237,30,59,0
2024020457,2024,2024-12-11,BUF,NYR,2,3,2,3,REG,3.389,31,53,0,2.600,28,44,1
2024020458,2024,2024-12-11,OTT,ANA,5,1,5,1,REG,3.238,34,45,0,2.184,32,40,0
2024020459,2024,2024-12-12,TOR,ANA,3,2,3,2,REG,3.557,33,51,0,2.012,28,37,0
2024020460,2024,2024-12-12,MTL,PIT,2,9,2,9,REG,2.565,23,32,0,4.000,33,46,0
2024020461,2024,2024-12-12,NJD,LAK,3,1,3,1,REG,2.450,26,39,0,2.142,14,29,0
2024020462,2024,2024-12-12,PHI,DET,4,1,4,1,REG,2.190,36,45,2,1.962,26,34,0
2024020463,2024,2024-12-12,CBJ,WSH,1,2,1,1,OT,3.374,30,42,0,3.563,36,56,0
2024020464,2024,2024-12-12,NYI,CHI,5,4,5,4,REG,1.455,21,35,0,2.242,30,42,0
2024020465,2024,2024-12-12,STL,SJS,3,4,3,4,REG,2.395,20,30,0,2.615,31,34,0
2024020466,2024,2024-12-12,DAL,NSH,1,4,1,4,REG,3.547,36,46,0,2.676,26,38,1
2024020467,2024,2024-12-12,MIN,EDM,1,7,1,7,REG,2.155,30,41,0,2.939,35,49,0
2024020468,2024,2024-12-12,WPG,VGK,2,3,2,2,OT,1.142,19,27,0,3.187,35,56,0
2024020469,2024,2024-12-12,COL,UTA,1,4,1,4,REG,2.294,24,39,0,1.451,23,34,1
2024020470,2024,2024-12-12,CGY,TBL,3,8,3,8,REG,1.237,22,34,0,3.198,26,40,0
2024020471,2024,2024-12-12,VAN,FLA,4,0,4,0,REG,1.516,19,24,0,2.303,27,42,0
2024020472,2024,2024-12-12,SEA,BOS,5,1,5,1,REG,2.846,21,38,1,3.477,34,65,0
2024020473,2024,2024-12-13,CAR,OTT,0,3,0,3,REG,2.872,32,54,0,1.486,22,27,1
2024020474,2024,2024-12-14,NJD,CHI,4,1,4,1,REG,3.326,24,42,0,2.156,17,32,0
2024020475,2024,2024-12-14,NYR,LAK,1,5,1,5,REG,2.816,32,49,0,2.862,32,45,0
2024020476,2024,2024-12-14,MIN,PHI,4,1,4,1,REG,1.389,22,30,1,1.578,22,35,0
2024020477,2024,2024-12-14,EDM,VGK,6,3,6,3,REG,3.062,34,43,0,5.099,42,64,0
2024020478,2024,2024-12-14,OTT,PIT,3,2,2,2,OT,2.580,30,42,0,2.079,27,37,0
2024020479,2024,2024-12-14,DET,TOR,4,2,4,2,REG,2.900,26,42,1,2.796,25,44,0
2024020480,2024,2024-12-14,WSH,BUF,4,2,4,2,REG,3.283,31,48,1,2.754,21,39,0
2024020481,2024,2024-12-14,CBJ,ANA,3,4,3,3,OT,3.665,40,47,0,2.542,26,39,0
2024020482,2024,2024-12-14,WPG,MTL,4,2,4,2,REG,2.753,27,38,1,2.541,28,40,0
2024020483,2024,2024-12-14,DAL,STL,2,1,1,1,OT,4.206,34,53,0,2.205,16,26,0
2024020484,2024,2024-12-14,COL,NSH,5,2,5,2,REG,2.174,33,43,2,2.641,39,49,0
2024020485,2024,2024-12-14,CGY,FLA,3,0,3,0,REG,2.004,27,37,0,2.613,32,50,0
2024020486,2024,2024-12-14,VAN,BOS,1,5,1,5,REG,1.745,20,33,0,2.939,28,36,0
2024020487,2024,2024-12-14,SJS,UTA,3,4,3,4,REG,1.917,22,32,0,3.368,40,55,0
2024020488,2024,2024-12-14,SEA,TBL,1,5,1,5,REG,2.598,22,35,0,2.960,31,48,1
2024020489,2024,2024-12-15,CHI,NYI,5,3,5,3,REG,2.266,23,31,1,3.202,33,51,0
2024020490,2024,2024-12-15,TOR,BUF,5,3,5,3,REG,4.716,41,60,1,2.369,27,46,0
2024020491,2024,2024-12-15,CAR,CBJ,4,1,4,1,REG,2.935,28,49,0,1.657,28,36,0
2024020492,2024,2024-12-15,STL,NYR,3,2,3,2,REG,1.855,24,33,0,1.515,28,38,0
2024020493,2024,2024-12-15,MIN,VGK,2,3,2,3,REG,2.020,22,33,0,1.452,27,38,0
2024020494,2024,2024-12-16,DAL,WSH,3,1,3,1,REG,2.263,24,32,0,2.825,26,44,0
2024020495,2024,2024-12-16,EDM,FLA,5,6,5,6,REG,2.740,30,36,0,2.569,28,39,0
2024020496,2024,2024-12-16,VAN,COL,3,1,3,1,REG,2.333,25,40,1,3.085,31,39,0
2024020497,2024,2024-12-17,MTL,BUF,6,1,6,1,REG,2.617,27,38,0,2.953,21,36,0
2024020498,2024,2024-12-17,TBL,CBJ,5,3,5,3,REG,3.019,33,44,1,3.204,32,42,0
2024020499,2024,2024-12-17,PIT,LAK,3,2,2,2,OT,2.584,30,38,0,2.705,31,48,0
2024020500,2024,2024-12-17,CAR,NYI,4,0,4,0,REG,3.032,29,47,0,2.942,32,44,0
2024020501,2024,2024-12-17,STL,NJD,1,4,1,4,REG,1.953,20,33,0,2.455,28,47,1
2024020502,2024,2024-12-17,NSH,NYR,2,0,2,0,REG,2.888,32,43,0,2.411,25,41,0
2024020503,2024,2024-12-17,CHI,WSH,3,2,3,2,REG,1.958,23,35,0,2.003,22,34,0
2024020504,2024,2024-12-17,CGY,BOS,3,4,3,3,OT,2.009,23,43,0,3.057,31,45,0
2024020505,2024,2024-12-17,SEA,OTT,0,3,0,3,REG,2.510,30,51,0,2.383,27,47,0
2024020506,2024,2024-12-17,SJS,WPG,3,4,3,4,REG,2.845,35,54,0,3.029,33,48,0
2024020507,2024,2024-12-18,DET,PHI,6,4,6,4,REG,2.786,24,35,1,2.304,19,33,0
2024020508,2024,2024-12-18,DAL,TOR,3,5,3,5,REG,3.370,39,49,0,1.668,19,25,1
2024020509,2024,2024-12-18,MIN,FLA,1,6,1,6,REG,2.076,27,39,0,3.129,33,48,0
2024020510,2024,2024-12-18,UTA,VAN,3,2,2,2,OT,3.153,28,36,0,2.619,24,33,0
2024020511,2024,2024-12-18,ANA,WPG,3,2,3,2,REG,3.278,31,48,0,2.598,23,34,0
2024020512,2024,2024-12-19,TBL,STL,3,1,3,1,REG,2.128,18,31,0,2.393,32,44,0
2024020513,2024,2024-12-19,PHI,LAK,3,7,3,7,REG,2.195,26,34,0,2.856,27,38,1
2024020514,2024,2024-12-19,CBJ,NJD,4,2,4,2,REG,2.108,20,33,1,5.353,42,69,0
2024020515,2024,2024-12-19,NSH,PIT,4,5,4,4,OT,3.339,26,43,0,1.276,19,28,0
2024020516,2024,2024-12-19,CHI,SEA,3,1,3,1,REG,2.520,24,41,0,2.367,27,48,0
2024020517,2024,2024-12-19,CGY,OTT,2,3,2,2,OT,3.147,31,53,0,2.419,26,40,0
2024020518,2024,2024-12-19,EDM,BOS,3,2,2,2,OT,2.025,24,38,0,3.221,25,43,0
2024020519,2024,2024-12-19,VGK,VAN,3,1,3,1,REG,2.004,21,33,1,2.356,20,30,0
2024020520,2024,2024-12-19,SJS,COL,2,4,2,4,REG,2.624,34,50,0,2.822,31,47,0
2024020521,2024,2024-12-20,BUF,TOR,3,6,3,6,REG,2.117,27,39,0,2.893,29,42,1
2024020522,2024,2024-12-20,DET,MTL,3,4,3,4,REG,2.809,28,42,0,3.079,33,51,0
2024020523,2024,2024-12-20,FLA,STL,2,1,1,1,OT,1.672,26,38,0,1.800,24,30,0
2024020524,2024,2024-12-20,WSH,CAR,3,1,3,1,REG,2.356,22,32,0,3.457,25,49,0
2024020525,2024,2024-12-20,DAL,NYR,1,3,1,3,REG,5.867,42,62,0,2.769,30,38,1
2024020526,2024,2024-12-20,MIN,UTA,1,2,1,2,REG,2.688,29,42,0,1.225,18,29,0
2024020527,2024,2024-12-20,ANA,COL,2,4,2,4,REG,2.732,32,41,0,2.845,23,36,1
2024020528,2024,2024-12-21,NSH,LAK,3,2,2,2,OT,1.711,24,33,0,1.726,24,38,0
2024020529,2024,2024-12-21,CGY,CHI,6,4,6,4,REG,2.227,30,39,1,2.932,28,34,0
2024020530,2024,2024-12-21,EDM,SJS,3,2,2,2,OT,4.126,41,61,0,1.889,22,31,0
2024020531,2024,2024-12-21,BOS,BUF,3,1,3,1,REG,2.142,19,30,1,1.984,20,38,0
2024020532,2024,2024-12-21,TOR,NYI,3,6,3,6,REG,2.745,29,40,0,3.138,34,53,1
2024020533,2024,2024-12-21,MTL,DET,5,1,5,1,REG,2.436,24,38,0,2.361,21,37,0
2024020534,2024,2024-12-21,NJD,PIT,3,0,3,0,REG,3.082,27,50,1,1.801,12,29,0
2024020535,2024,2024-12-21,PHI,CBJ,5,4,4,4,OT,3.033,28,44,0,1.743,24,31,0
2024020536,2024,2024-12-21,WPG,MIN,5,0,5,0,REG,3.155,24,41,0,2.334,19,35,0
2024020537,2024,2024-12-21,VAN,OTT,4,5,4,4,OT,2.749,25,40,0,2.949,21,39,0
2024020538,2024,2024-12-21,VGK,SEA,6,2,6,2,REG,2.977,34,48,1,2.529,23,41,0
2024020539,2024,2024-12-22,NYR,CAR,1,3,1,3,REG,2.578,23,34,0,4.357,33,57,1
2024020540,2024,2024-12-22,TBL,FLA,2,4,2,4,REG,1.867,21,29,0,1.968,26,39,1
2024020541,2024,2024-12-22,WSH,LAK,3,1,3,1,REG,1.791,21,28,1,2.140,26,37,0
2024020542,2024,2024-12-22,UTA,ANA,4,5,4,4,SO,3.229,24,34,0,2.180,28,37,0
2024020543,2024,2024-12-22,COL,SEA,5,2,5,2,REG,2.249,29,41,2,2.030,19,30,0
2024020544,2024,2024-12-22,EDM,OTT,3,1,3,1,REG,3.314,21,33,0,2.049,21,35,0
2024020545,2024,2024-12-23,NJD,NYR,5,0,5,0,REG,4.258,30,47,0,2.309,12,34,0
2024020546,2024,2024-12-23,TOR,WPG,2,5,2,5,REG,2.634,25,48,0,2.601,27,35,1
2024020547,2024,2024-12-23,BOS,WSH,4,1,4,1,REG,2.558,22,36,1,1.254,11,24,0
2024020548,2024,2024-12-23,DET,STL,0,4,0,4,REG,1.415,19,26,0,2.648,21,33,1
2024020549,2024,2024-12-23,FLA,TBL,0,4,0,4,REG,3.899,36,59,0,2.640,29,47,1
2024020550,2024,2024-12-23,PIT,PHI,7,3,7,3,REG,2.314,22,35,1,1.890,27,36,0
2024020551,2024,2024-12-23,CBJ,MTL,5,4,5,4,REG,3.241,32,44,0,3.030,31,50,0
2024020552,2024,2024-12-23,NYI,BUF,1,7,1,7,REG,2.185,28,48,0,2.075,25,36,1
2024020553,2024,2024-12-23,NSH,CAR,5,2,5,2,REG,2.627,25,35,1,2.066,27,38,0
2024020554,2024,2024-12-23,MIN,CHI,4,3,4,3,REG,2.693,27,43,1,2.178,31,38,0
2024020555,2024,2024-12-23,VAN,SJS,4,3,4,3,REG,2.745,24,38,0,2.972,29,49,0
2024020556,2024,2024-12-23,UTA,DAL,2,3,2,3,REG,2.815,26,38,0,3.625,29,46,0
2024020557,2024,2024-12-23,VGK,ANA,3,1,3,1,REG,4.277,33,56,0,2.923,32,47,0
2024020558,2024,2024-12-27,BUF,CHI,6,2,6,2,REG,3.648,35,52,0,1.842,17,32,0
2024020559,2024,2024-12-27,DET,TOR,2,5,2,5,REG,3.228,25,44,0,2.323,23,31,0
2024020560,2024,2024-12-27,NJD,CAR,4,2,4,2,REG,1.983,23,38,0,3.092,31,54,0
2024020561,2024,2024-12-27,CBJ,BOS,6,2,6,2,REG,4.116,33,52,0,2.761,26,35,0
2024020562,2024,2024-12-27,STL,NSH,7,4,7,4,REG,2.094,30,42,1,2.358,30,40,0
2024020563,2024,2024-12-27,DAL,MIN,2,3,2,2,OT,3.124,29,47,0,1.754,17,29,0
2024020564,2024,2024-12-27,UTA,COL,1,4,1,4,REG,3.655,35,49,0,3.649,37,50,2
2024020565,2024,2024-12-27,SJS,VGK,3,6,3,6,REG,2.602,25,40,0,3.631,36,51,1
2024020566,2024,2024-12-28,FLA,MTL,0,4,0,4,REG,2.492,34,46,0,1.975,25,30,0
2024020567,2024,2024-12-28,VAN,SEA,4,5,4,4,OT,2.205,21,31,0,2.769,27,43,0
2024020568,2024,2024-12-28,ANA,PHI,1,3,1,3,REG,2.641,33,48,0,2.697,25,41,1
2024020569,2024,2024-12-28,LAK,EDM,4,3,3,3,OT,2.438,23,39,0,2.569,26,38,0
2024020570,2024,2024-12-28,BOS,CBJ,4,0,4,0,REG,2.216,28,39,0,2.381,18,36,0
2024020571,2024,2024-12-28,TOR,WSH,2,5,2,5,REG,3.460,37,53,0,2.355,32,50,1
2024020572,2024,2024-12-28,TBL,NYR,6,2,6,2,REG,2.788,25,35,0,4.588,44,60,0
2024020573,2024,2024-12-28,CAR,NJD,5,2,5,2,REG,3.068,41,60,1,2.504,23,35,0
2024020574,2024,2024-12-28,WPG,OTT,4,2,4,2,REG,4.001,23,40,0,3.430,35,53,0
2024020575,2024,2024-12-28,NYI,PIT,6,3,6,3,REG,3.310,35,49,1,2.546,25,37,0
2024020576,2024,2024-12-28,SJS,CGY,1,3,1,3,REG,2.283,22,36,0,3.637,33,56,1
2024020577,2024,2024-12-29,CHI,DAL,1,5,1,5,REG,1.865,25,36,0,3.276,35,49,0
2024020578,2024,2024-12-29,ANA,EDM,5,3,5,3,REG,3.105,32,46,1,2.353,23,35,0
2024020579,2024,2024-12-29,DET,WSH,4,2,4,2,REG,2.893,27,43,0,2.402,27,47,0
2024020580,2024,2024-12-29,TBL,MTL,2,5,2,5,REG,2.404,23,32,0,2.726,37,50,1
2024020581,2024,2024-12-29,PIT,NYI,3,2,3,2,REG,4.213,41,55,0,2.405,31,45,0
2024020582,2024,2024-12-29,STL,BUF,2,4,2,4,REG,3.983,37,50,0,1.462,16,22,0
2024020583,2024,2024-12-29,MIN,OTT,1,3,1,3,REG,2.103,31,43,0,3.000,37,52,1
2024020584,2024,2024-12-29,VGK,CGY,3,0,3,0,REG,3.771,37,51,1,2.853,31,47,0
2024020585,2024,2024-12-29,LAK,PHI,5,4,5,4,REG,2.370,20,40,0,2.920,21,39,0
2024020586,2024,2024-12-30,FLA,NYR,5,3,5,3,REG,2.556,26,39,1,3.854,35,59,0
2024020587,2024,2024-12-30,WPG,NSH,3,0,3,0,REG,3.585,28,43,0,1.971,22,39,0
2024020588,2024,2024-12-30,SEA,UTA,5,2,5,2,REG,2.769,33,49,1,3.151,30,59,0
2024020589,2024,2024-12-31,WSH,BOS,3,1,3,1,REG,3.815,27,46,1,3.768,27,53,0
2024020590,2024,2024-12-31,TOR,NYI,3,1,3,1,REG,2.197,25,37,1,2.807,31,45,0
2024020591,2024,2024-12-31,VGK,MTL,2,3,2,3,REG,2.536,29,42,0,2.018,22,38,0
2024020592,2024,2024-12-31,CHI,STL,2,6,2,6,REG,2.659,30,40,0,3.062,28,44,0
2024020593,2024,2024-12-31,DET,PIT,4,2,4,2,REG,3.285,25,40,1,2.674,25,36,0
2024020594,2024,2024-12-31,CBJ,CAR,4,3,3,3,SO,1.757,25,34,0,3.424,32,50,0
2024020595,2024,2024-12-31,DAL,BUF,4,2,4,2,REG,4.313,33,54,1,2.401,23,36,0
2024020596,2024,2024-12-31,MIN,NSH,5,3,5,3,REG,3.305,38,52,0,4.212,46,59,0
2024020597,2024,2024-12-31,COL,WPG,5,2,5,2,REG,2.138,38,47,2,2.629,22,36,0
2024020598,2024,2024-12-31,ANA,NJD,3,2,3,2,REG,2.491,26,37,0,3.240,34,53,0
2024020599,2024,2024-12-31,SJS,PHI,0,4,0,4,REG,1.645,22,31,0,2.943,34,50,0
2024020600,2024,2024-12-31,CGY,VAN,3,1,3,1,REG,2.275,29,43,1,1.901,24,36,0
2024020601,2024,2024-12-31,EDM,UTA,4,1,4,1,REG,3.235,38,50,1,2.662,27,43,0
2024020602,2024,2025-01-01,LAK,NJD,3,0,3,0,REG,2.986,24,36,1,3.268,33,49,0
2024020603,2024,2025-01-02,FLA,CAR,1,3,1,3,REG,3.086,26,47,0,2.358,40,50,1
2024020604,2024,2025-01-02,NYR,BOS,2,1,2,1,REG,2.123,27,32,0,2.448,33,52,0
2024020605,2024,2025-01-02,WSH,MIN,3,4,3,3,SO,2.339,30,49,0,3.381,32,43,0
2024020606,2024,2025-01-02,CBJ,DET,4,5,4,5,REG,1.963,25,36,0,2.419,26,30,0
2024020607,2024,2025-01-02,NYI,TOR,1,2,1,2,REG,3.531,33,52,0,2.841,31,49,0
2024020608,2024,2025-01-02,DAL,OTT,4,2,4,2,REG,3.213,25,45,0,1.722,13,29,0
2024020609,2024,2025-01-02,WPG,ANA,3,4,3,3,OT,3.294,28,47,0,1.389,22,33,0
2024020610,2024,2025-01-02,COL,BUF,6,5,5,5,OT,2.521,28,47,0,2.046,21,28,0
2024020611,2024,2025-01-02,CGY,UTA,3,5,3,5,REG,1.676,26,32,0,1.908,26,35,1
2024020612,2024,2025-01-02,VGK,PHI,5,2,5,2,REG,2.306,27,42,1,3.281,25,46,0
2024020613,2024,2025-01-02,SEA,VAN,3,4,3,3,SO,2.471,26,43,0,2.437,21,42,0
2024020614,2024,2025-01-02,SJS,TBL,2,1,2,1,REG,1.836,25,35,0,2.306,25,36,0
2024020615,2024,2025-01-03,FLA,PIT,3,2,2,2,SO,3.311,30,56,0,4.123,28,48,0
2024020616,2024,2025-01-03,CHI,MTL,4,2,4,2,REG,4.083,26,44,0,4.168,40,58,0
2024020617,2024,2025-01-03,STL,OTT,4,0,4,0,REG,2.719,25,43,0,1.558,20,33,0
2024020618,2024,2025-01-03,EDM,ANA,3,2,3,2,REG,3.032,26,46,0,2.242,29,39,0
2024020619,2024,2025-01-03,VAN,NSH,0,3,0,3,REG,2.222,27,42,0,1.989,19,36,2
2024020620,2024,2025-01-04,WSH,NYR,7,4,7,4,REG,3.650,28,46,1,3.623,33,50,0
2024020621,2024,2025-01-04,WPG,DET,2,4,2,4,REG,2.891,23,46,0,2.093,29,38,1
2024020622,2024,2025-01-04,SJS,NJD,3,2,3,2,REG,2.754,24,40,0,3.039,30,42,0
2024020623,2024,2025-01-04,TOR,BOS,6,4,6,4,REG,2.040,29,42,2,2.436,31,43,0
2024020624,2024,2025-01-04,CAR,MIN,0,4,0,4,REG,2.625,21,46,0,1.978,27,35,1
2024020625,2024,2025-01-04,CBJ,STL,6,4,6,4,REG,3.162,39,49,1,3.846,33,44,0
2024020626,2024,2025-01-04,COL,MTL,1,2,1,1,SO,2.454,20,40,0,1.805,22,32,0
2024020627,2024,2025-01-04,CGY,NSH,1,4,1,4,REG,2.798,32,51,0,2.528,28,36,1
2024020628,2024,2025-01-04,DAL,UTA,3,2,2,2,OT,2.574,24,33,0,3.346,33,56,0
2024020629,2024,2025-01-04,LAK,TBL,2,1,2,1,REG,1.359,21,39,0,2.432,34,47,0
2024020630,2024,2025-01-04,VGK,BUF,3,1,3,1,REG,2.790,33,42,0,2.538,24,44,0
2024020631,2024,2025-01-04,SEA,EDM,2,4,2,4,REG,1.259,18,27,0,3.376,32,52,1
2024020632,2024,2025-01-05,CHI,NYR,2,6,2,6,REG,2.013,27,34,0,2.512,34,46,0
2024020633,2024,2025-01-05,BOS,NYI,4,5,4,4,OT,1.745,26,29,0,2.766,36,58,0
2024020634,2024,2025-01-05,CAR,PIT,4,3,3,3,OT,2.673,28,51,0,1.618,19,31,0
2024020635,2024,2025-01-05,TOR,PHI,3,2,2,2,OT,2.533,23,36,0,2.693,30,46,0
2024020636,2024,2025-01-05,ANA,TBL,4,1,4,1,REG,2.207,26,36,1,3.104,37,57,0
2024020637,2024,2025-01-06,BUF,WSH,4,3,3,3,SO,2.766,22,39,0,2.083,25,39,0
2024020638,2024,2025-01-06,MTL,VAN,5,4,4,4,OT,3.074,23,43,0,2.164,20,30,0
2024020639,2024,2025-01-06,COL,FLA,3,1,3,1,REG,3.284,34,47,1,3.498,27,40,0
2024020640,2024,2025-01-06,SEA,NJD,2,3,2,3,REG,2.335,24,38,0,2.712,29,49,0
2024020029,2024,2025-01-07,TBL,CAR,3,2,3,2,REG,3.235,33,44,0,2.157,31,47,0
2024020641,2024,2025-01-07,BOS,EDM,0,4,0,4,REG,2.734,26,36,0,4.595,39,52,1
2024020642,2024,2025-01-07,DET,OTT,3,2,2,2,OT,2.550,30,46,0,2.216,33,44,0
2024020643,2024,2025-01-07,NYR,DAL,4,5,4,4,OT,2.888,26,44,0,2.855,38,50,0
2024020644,2024,2025-01-07,PHI,TOR,2,3,2,3,REG,3.951,32,52,0,2.307,17,32,0
2024020645,2024,2025-01-07,PIT,CBJ,3,4,3,3,SO,1.640,21,35,0,1.794,28,40,0
2024020646,2024,2025-01-07,MIN,STL,6,4,6,4,REG,1.599,26,33,1,1.987,33,49,0
2024020647,2024,2025-01-07,WPG,NSH,5,2,5,2,REG,2.417,31,44,1,4.026,28,51,0
2024020648,2024,2025-01-07,ANA,CGY,2,3,2,2,OT,2.047,27,37,0,2.896,29,52,0
2024020649,2024,2025-01-07,SJS,VGK,2,4,2,4,REG,1.654,21,28,0,4.178,42,63,1
2024020650,2024,2025-01-08,WSH,VAN,2,1,1,1,OT,2.476,13,33,0,4.109,30,47,0
2024020651,2024,2025-01-08,CHI,COL,3,1,3,1,REG,1.842,20,32,0,2.933,36,46,0
2024020652,2024,2025-01-08,UTA,FLA,1,4,1,4,REG,3.303,26,47,0,2.999,33,53,2
2024020654,2024,2025-01-09,OTT,BUF,0,4,0,4,REG,2.657,35,54,0,2.148,21,27,0
2024020655,2024,2025-01-09,TBL,BOS,4,1,4,1,REG,3.384,31,48,1,2.536,28,47,0
2024020656,2024,2025-01-09,NYR,NJD,3,2,2,2,OT,2.689,29,44,0,3.098,22,37,0
2024020657,2024,2025-01-09,PHI,DAL,1,4,1,4,REG,2.515,28,42,0,2.374,23,36,1
2024020658,2024,2025-01-09,PIT,EDM,5,3,5,3,REG,2.547,26,41,0,3.561,43,60,0
2024020659,2024,2025-01-09,CAR,TOR,6,3,6,3,REG,3.940,34,63,1,2.756,33,49,0
2024020660,2024,2025-01-09,CBJ,SEA,6,2,6,2,REG,1.763,24,30,1,2.517,31,52,0
2024020661,2024,2025-01-09,STL,ANA,6,2,6,2,REG,2.716,34,45,0,2.063,23,35,0
2024020662,2024,2025-01-09,MIN,COL,1,6,1,6,REG,2.714,25,46,0,2.792,27,42,0
2024020663,2024,2025-01-09,VGK,NYI,0,4,0,4,REG,2.647,30,51,0,1.765,21,36,1
2024020664,2024,2025-01-10,DET,CHI,5,3,5,3,REG,2.730,28,41,1,0.976,15,20,0
2024020665,2024,2025-01-10,WSH,MTL,2,3,2,2,OT,2.683,17,34,0,4.012,28,45,0
2024020666,2024,2025-01-10,CAR,VAN,2,0,2,0,REG,2.508,20,38,0,1.588,14,34,0
2024020667,2024,2025-01-10,WPG,LAK,1,2,1,1,OT,1.638,17,36,0,1.992,22,38,0
2024020668,2024,2025-01-10,UTA,SJS,2,1,2,1,REG,3.346,26,43,0,2.140,19,28,0
2024020669,2024,2025-01-11,FLA,BOS,3,4,3,3,OT,5.387,41,74,0,1.632,16,25,0
2024020670,2024,2025-01-11,BUF,SEA,2,6,2,6,REG,2.453,35,56,0,3.046,29,43,1
2024020671,2024,2025-01-11,PIT,OTT,0,5,0,5,REG,2.417,29,45,0,2.658,22,33,0
2024020672,2024,2025-01-11,TOR,VAN,0,3,0,3,REG,1.441,20,33,0,1.512,19,29,0
2024020673,2024,2025-01-11,MTL,DAL,1,2,1,1,SO,2.256,30,40,0,2.970,32,37,0
2024020674,2024,2025-01-11,NJD,TBL,3,2,2,2,OT,2.560,21,41,0,2.154,25,37,0
2024020675,2024,2025-01-11,PHI,ANA,6,0,6,0,REG,3.057,30,43,0,1.234,22,31,0
2024020676,2024,2025-01-11,CHI,EDM,3,4,3,4,REG,1.622,22,31,0,4.090,34,51,0
2024020677,2024,2025-01-11,STL,CBJ,1,2,1,2,REG,2.884,32,45,0,2.160,30,41,0
2024020678,2024,2025-01-11,WPG,COL,3,0,3,0,REG,1.993,29,40,1,1.667,22,37,0
2024020679,2024,2025-01-11,NSH,WSH,1,4,1,4,REG,2.893,33,48,0,1.521,16,29,1
2024020680,2024,2025-01-11,UTA,NYI,1,2,1,2,REG,2.116,22,34,0,3.368,32,40,0
2024020681,2024,2025-01-11,CGY,LAK,2,1,2,1,REG,2.419,18,34,0,3.032,32,41,0
2024020682,2024,2025-01-11,VGK,NYR,1,2,1,2,REG,3.122,30,44,0,2.638,26,46,0
2024020683,2024,2025-01-11,SJS,MIN,1,3,1,3,REG,2.867,37,55,0,1.889,22,36,0
2024020684,2024,2025-01-12,DET,SEA,6,2,6,2,REG,2.220,23,37,0,1.861,33,42,0
2024020685,2024,2025-01-12,OTT,DAL,3,2,3,2,REG,2.662,27,46,0,2.279,26,38,0
2024020686,2024,2025-01-12,PIT,TBL,2,5,2,5,REG,3.426,33,61,0,1.778,19,34,2
2024020687,2024,2025-01-12,CAR,ANA,2,3,2,2,OT,3.262,36,55,0,1.627,19,25,0
2024020688,2024,2025-01-12,VGK,MIN,4,1,4,1,REG,4.365,37,55,0,1.783,16,28,0
2024020689,2024,2025-01-13,PHI,FLA,4,3,4,3,REG,3.503,29,34,0,1.864,23,31,0
2024020690,2024,2025-01-13,CHI,CGY,2,5,2,5,REG,2.158,25,40,0,3.168,36,54,0
2024020691,2024,2025-01-13,EDM,LAK,1,0,1,0,REG,3.408,30,44,0,2.553,30,41,0
2024020692,2024,2025-01-14,BOS,TBL,6,2,6,2,REG,2.108,24,36,2,3.308,45,66,0
2024020693,2024,2025-01-14,TOR,DAL,1,4,1,4,REG,2.400,28,46,0,2.140,23,38,0
2024020694,2024,2025-01-14,DET,SJS,3,6,3,6,REG,3.513,28,53,0,1.841,24,30,1
2024020695,2024,2025-01-14,NJD,FLA,1,2,1,1,SO,2.561,23,36,0,1.992,27,42,0
2024020696,2024,2025-01-14,PIT,SEA,2,4,2,4,REG,3.261,33,51,0,1.468,18,34,1
2024020697,2024,2025-01-14,WSH,ANA,3,0,3,0,REG,3.257,25,48,0,1.721,19,32,0
2024020698,2024,2025-01-14,CBJ,PHI,3,2,2,2,SO,2.292,25,37,0,2.357,24,42,0
2024020699,2024,2025-01-14,NYI,OTT,0,2,0,2,REG,1.203,24,37,0,2.681,27,39,1
2024020700,2024,2025-01-14,STL,CGY,2,1,2,1,REG,2.026,25,40,0,1.774,28,44,0
2024020701,2024,2025-01-14,NSH,VGK,5,3,5,3,REG,2.150,23,36,1,2.033,22,34,0
2024020702,2024,2025-01-14,WPG,VAN,6,1,6,1,REG,4.058,33,47,0,1.754,24,38,0
2024020703,2024,2025-01-14,COL,NYR,3,2,2,2,OT,2.342,23,42,0,3.075,26,38,0
2024020704,2024,2025-01-14,UTA,MTL,3,5,3,5,REG,4.205,25,45,0,3.586,27,42,0
2024020705,2024,2025-01-15,BUF,CAR,4,2,4,2,REG,2.067,25,40,1,3.184,37,63,0
2024020706,2024,2025-01-15,MIN,EDM,3,5,3,5,REG,2.604,34,47,0,2.718,36,52,0
2024020707,2024,2025-01-16,TOR,NJD,4,3,3,3,OT,2.174,40,54,0,2.531,23,33,0
2024020708,2024,2025-01-16,OTT,WSH,0,1,0,0,OT,1.948,24,35,0,1.833,22,33,0
2024020709,2024,2025-01-16,TBL,ANA,4,3,3,3,SO,4.340,34,47,0,2.307,35,45,0
2024020710,2024,2025-01-16,FLA,DET,2,5,2,5,REG,4.218,43,62,0,1.373,20,27,1
2024020711,2024,2025-01-16,CBJ,SJS,4,1,4,1,REG,3.833,34,45,1,2.175,19,32,0
2024020712,2024,2025-01-16,NYI,PHI,3,5,3,5,REG,2.404,29,47,0,3.323,24,40,1
2024020713,2024,2025-01-16,STL,CGY,4,1,4,1,REG,3.416,29,47,0,2.369,29,50,0
2024020714,2024,2025-01-16,NSH,CHI,3,2,2,2,SO,3.308,35,49,0,2.001,23,29,0
2024020715,2024,2025-01-16,DAL,MTL,1,3,1,3,REG,3.487,33,50,0,3.143,24,41,1
2024020716,2024,2025-01-16,WPG,SEA,2,1,2,1,REG,2.367,36,49,0,1.338,18,30,0
2024020717,2024,2025-01-16,UTA,NYR,3,5,3,5,REG,3.233,31,48,0,2.846,25,39,1
2024020718,2024,2025-01-16,COL,EDM,3,4,3,4,REG,2.475,25,37,0,3.709,28,44,0
2024020719,2024,2025-01-16,VAN,LAK,1,5,1,5,REG,1.906,21,35,0,2.194,21,33,0
2024020720,2024,2025-01-17,BUF,PIT,2,5,2,5,REG,4.285,42,63,0,1.805,19,33,1
2024020721,2024,2025-01-17,CAR,VGK,3,2,3,2,REG,3.091,28,46,0,3.753,31,45,0
2024020722,2024,2025-01-18,NJD,PHI,1,3,1,3,REG,2.131,13,26,0,2.616,18,34,1
2024020723,2024,2025-01-18,OTT,BOS,6,5,5,5,SO,3.988,41,64,0,2.225,27,33,0
2024020724,2024,2025-01-18,COL,DAL,6,3,6,3,REG,3.492,36,55,0,2.833,29,48,0
2024020725,2024,2025-01-18,FLA,ANA,3,0,3,0,REG,3.900,45,61,1,3.094,34,45,0
2024020726,2024,2025-01-18,MTL,TOR,3,7,3,7,REG,4.213,35,51,0,3.459,34,49,1
2024020727,2024,2025-01-18,TBL,DET,5,1,5,1,REG,2.528,22,33,0,3.306,39,53,0
2024020728,2024,2025-01-18,NYR,CBJ,1,0,0,0,SO,2.169,22,38,0,2.269,24,33,0
2024020729,2024,2025-01-18,WSH,PIT,4,1,4,1,REG,3.592,32,42,1,2.805,19,38,0
2024020730,2024,2025-01-18,WPG,CGY,1,3,1,3,REG,4.110,39,58,0,1.461,22,28,1
2024020731,2024,2025-01-18,NYI,SJS,4,1,4,1,REG,3.329,31,53,0,1.636,19,32,0
2024020732,2024,2025-01-18,CHI,VGK,5,3,5,3,REG,2.907,23,33,0,2.940,35,51,0
2024020733,2024,2025-01-18,NSH,MIN,6,2,6,2,REG,4.131,38,56,1,2.231,29,43,0
2024020734,2024,2025-01-18,UTA,STL,4,2,4,2,REG,2.712,33,39,0,2.542,24,40,0
2024020735,2024,2025-01-18,VAN,EDM,3,2,3,2,REG,2.208,27,36,0,1.462,15,31,0
2024020736,2024,2025-01-18,SEA,LAK,4,2,4,2,REG,2.624,22,37,1,2.396,30,51,0
2024020737,2024,2025-01-19,NJD,OTT,1,2,1,2,REG,2.134,26,40,0,2.089,20,33,0
2024020738,2024,2025-01-19,MTL,NYR,5,4,4,4,OT,4.344,35,47,0,3.068,25,41,0
2024020739,2024,2025-01-19,DAL,DET,4,1,4,1,REG,3.095,25,35,0,3.165,34,52,0
2024020740,2024,2025-01-20,BOS,SJS,6,3,6,3,REG,3.894,33,50,2,3.047,28,49,0
2024020741,2024,2025-01-20,COL,MIN,1,3,1,3,REG,2.704,27,44,0,2.413,26,39,0
2024020742,2024,2025-01-20,SEA,BUF,6,4,6,4,REG,2.635,34,52,1,3.423,29,52,0
2024020743,2024,2025-01-20,VGK,STL,4,5,4,4,SO,3.403,32,54,0,1.808,27,37,0
2024020744,2024,2025-01-20,TOR,TBL,5,3,5,3,REG,2.221,28,43,1,2.954,30,48,0
2024020745,2024,2025-01-20,NYI,CBJ,3,1,3,1,REG,2.562,25,39,0,2.151,26,37,0
2024020746,2024,2025-01-20,CHI,CAR,3,4,3,3,OT,2.167,25,38,0,3.598,47,65,0
2024020747,2024,2025-01-20,UTA,WPG,5,2,5,2,REG,2.225,28,42,1,2.116,25,42,0
2024020748,2024,2025-01-20,LAK,PIT,1,5,1,5,REG,2.317,26,45,0,2.423,33,46,0
2024020749,2024,2025-01-21,MTL,TBL,3,2,3,2,REG,2.288,22,37,0,5.230,35,52,0
2024020750,2024,2025-01-21,NYR,OTT,5,0,5,0,REG,2.060,29,37,0,1.449,20,34,0
2024020751,2024,2025-01-21,PHI,DET,2,1,1,1,OT,2.865,21,37,0,1.978,27,37,0
2024020752,2024,2025-01-21,NSH,SJS,7,5,7,5,REG,3.103,41,54,1,1.909,24,37,0
2024020753,2024,2025-01-21,DAL,CAR,1,2,1,2,REG,4.254,23,41,0,1.922,19,33,0
2024020754,2024,2025-01-21,EDM,WSH,2,3,2,3,REG,4.119,32,49,0,2.297,14,32,0
2024020755,2024,2025-01-21,VAN,BUF,2,3,2,3,REG,3.084,34,42,0,2.449,26,43,0
2024020756,2024,2025-01-21,ANA,FLA,2,5,2,5,REG,2.082,30,47,0,2.636,29,42,0
2024020757,2024,2025-01-22,TOR,CBJ,1,5,1,5,REG,3.727,29,48,0,2.788,19,29,1
2024020758,2024,2025-01-22,NJD,BOS,5,1,5,1,REG,3.754,34,42,0,2.454,23,32,0
2024020759,2024,2025-01-22,COL,WPG,2,3,2,2,OT,3.303,27,42,0,1.906,24,32,0
2024020760,2024,2025-01-22,LAK,FLA,2,1,2,1,REG,2.202,28,40,0,2.709,28,44,0
2024020761,2024,2025-01-23,BOS,OTT,2,0,2,0,REG,3.629,26,46,1,3.369,29,50,0
2024020762,2024,2025-01-23,DET,MTL,4,2,4,2,REG,4.427,45,55,0,2.388,29,37,0
2024020763,2024,2025-01-23,NYR,PHI,6,1,6,1,REG,3.086,37,48,1,4.166,34,50,0
2024020764,2024,2025-01-23,CAR,CBJ,7,4,7,4,REG,5.425,43,63,1,1.375,22,30,0
2024020765,2024,2025-01-23,STL,VGK,2,4,2,4,REG,2.326,17,36,0,2.722,31,42,1
2024020766,2024,2025-01-23,MIN,UTA,0,4,0,4,REG,2.626,26,43,0,2.258,29,38,0
2024020767,2024,2025-01-23,CGY,BUF,5,2,5,2,REG,2.856,26,41,2,3.613,34,55,0
2024020768,2024,2025-01-23,EDM,VAN,6,2,6,2,REG,4.939,34,49,0,1.640,26,41,0
2024020769,2024,2025-01-23,ANA,PIT,5,1,5,1,REG,3.141,34,49,1,2.599,32,49,0
2024020770,2024,2025-01-23,SEA,WSH,0,3,0,3,REG,1.675,22,37,0,3.352,33,53,1
2024020771,2024,2025-01-23,SJS,NSH,5,6,5,6,REG,2.722,35,45,0,3.696,38,54,0
2024020772,2024,2025-01-24,NYI,PHI,3,1,3,1,REG,2.041,27,44,0,2.567,30,45,0
2024020773,2024,2025-01-24,CHI,TBL,3,4,3,3,OT,1.782,14,30,0,3.651,39,51,0
2024020774,2024,2025-01-24,DAL,VGK,4,3,4,3,REG,3.201,27,43,0,2.907,21,40,0
2024020775,2024,2025-01-24,WPG,UTA,5,2,5,2,REG,2.792,29,52,1,1.875,19,35,0
2024020776,2024,2025-01-25,BOS,COL,3,1,3,1,REG,1.113,15,25,1,2.146,28,45,0
2024020777,2024,2025-01-25,EDM,BUF,3,2,3,2,REG,3.625,34,49,0,4.961,41,57,0
2024020778,2024,2025-01-25,SEA,PIT,4,1,4,1,REG,1.561,25,33,0,3.634,29,53,0
2024020779,2024,2025-01-25,MTL,NJD,3,4,3,3,OT,3.077,29,43,0,4.071,41,58,0
2024020780,2024,2025-01-25,OTT,TOR,2,1,2,1,REG,2.214,23,33,0,2.503,29,45,0
2024020781,2024,2025-01-25,DET,TBL,2,0,2,0,REG,3.317,32,44,1,3.497,28,45,0
2024020782,2024,2025-01-25,CBJ,LAK,3,2,2,2,OT,1.732,20,30,0,3.956,32,49,0
2024020783,2024,2025-01-25,STL,DAL,0,2,0,2,REG,2.923,33,48,0,2.024,19,27,0
2024020784,2024,2025-01-25,MIN,CGY,4,5,4,5,REG,2.291,25,34,0,1.935,29,38,0
2024020785,2024,2025-01-25,NYI,CAR,3,2,2,2,OT,1.620,26,38,0,3.121,26,51,0
2024020786,2024,2025-01-25,VAN,WSH,2,1,2,1,REG,1.935,25,41,0,2.970,33,50,0
2024020787,2024,2025-01-25,ANA,NSH,5,2,5,2,REG,3.232,35,54,0,5.145,43,60,0
2024020788,2024,2025-01-25,SJS,FLA,2,7,2,7,REG,2.316,23,33,0,3.607,32,47,0
2024020789,2024,2025-01-26,NYR,COL,4,5,4,5,REG,3.201,37,55,0,2.677,22,38,0
2024020790,2024,2025-01-26,OTT,UTA,3,1,3,1,REG,2.308,27,38,0,2.174,35,46,0
2024020791,2024,2025-01-26,WPG,CGY,5,2,5,2,REG,2.308,27,46,0,2.054,22,37,0
2024020792,2024,2025-01-26,CHI,MIN,2,4,2,4,REG,1.615,20,38,0,2.163,28,37,1
2024020793,2024,2025-01-26,VGK,FLA,4,1,4,1,REG,2.846,26,47,1,3.569,34,57,0
2024020794,2024,2025-01-27,DET,LAK,5,2,5,2,REG,3.042,28,40,1,3.602,26,54,0
2024020795,2024,2025-01-27,PHI,NJD,4,2,4,2,REG,1.542,26,31,1,2.681,33,39,0
2024020796,2024,2025-01-27,STL,VAN,2,5,2,5,REG,2.211,26,41,0,2.345,30,44,1
2024020797,2024,2025-01-27,EDM,SEA,4,2,4,2,REG,3.230,31,44,1,2.807,28,40,0
2024020798,2024,2025-01-27,SJS,PIT,2,1,2,1,REG,2.262,28,41,0,4.142,30,53,0
2024020799,2024,2025-01-28,BUF,BOS,7,2,7,2,REG,2.502,33,44,1,2.917,27,49,0
2024020800,2024,2025-01-28,MTL,WPG,1,4,1,4,REG,2.720,25,38,0,2.913,24,44,1
2024020801,2024,2025-01-28,TBL,CHI,1,4,1,4,REG,3.884,35,50,0,2.229,21,35,1
2024020802,2024,2025-01-28,NYR,CAR,0,4,0,4,REG,2.648,22,41,0,2.261,26,38,0
2024020803,2024,2025-01-28,NYI,COL,5,2,5,2,REG,2.178,28,40,1,4.020,32,55,0
2024020804,2024,2025-01-28,CGY,WSH,1,3,1,3,REG,2.608,33,47,0,2.875,23,37,0
2024020805,2024,2025-01-28,VGK,DAL,3,4,3,3,OT,2.255,27,40,0,3.183,27,44,0
2024020806,2024,2025-01-28,SEA,ANA,4,6,4,6,REG,2.473,30,45,0,1.693,23,35,1
2024020807,2024,2025-01-29,TOR,MIN,1,3,1,3,REG,2.456,33,47,0,1.699,25,37,1
2024020808,2024,2025-01-29,FLA,LAK,3,0,3,0,REG,3.643,39,48,1,1.971,29,41,0
2024020809,2024,2025-01-29,NJD,PHI,5,0,5,0,REG,3.228,26,38,0,3.199,24,39,0
2024020810,2024,2025-01-29,NSH,VAN,1,3,1,3,REG,3.003,32,44,0,1.874,22,32,1
2024020811,2024,2025-01-29,UTA,PIT,2,3,2,2,OT,2.913,28,43,0,2.488,28,45,0
2024020812,2024,2025-01-30,BOS,WPG,2,6,2,6,REG,3.131,28,45,0,2.997,28,41,1
2024020813,2024,2025-01-30,MTL,MIN,0,4,0,4,REG,2.764,19,39,0,2.250,27,45,1
2024020814,2024,2025-01-30,OTT,WSH,5,4,4,4,OT,2.498,32,40,0,2.784,33,42,0
2024020815,2024,2025-01-30,TBL,LAK,3,0,3,0,REG,3.410,33,44,1,2.064,28,43,0
2024020816,2024,2025-01-30,PHI,NYI,0,3,0,3,REG,2.547,23,39,0,1.895,28,38,0
2024020817,2024,2025-01-30,CAR,CHI,3,2,3,2,REG,2.891,27,34,0,1.771,20,28,0
2024020818,2024,2025-01-30,CGY,ANA,4,1,4,1,REG,2.341,30,43,1,2.484,31,47,0
2024020819,2024,2025-01-30,EDM,DET,2,3,2,2,SO,4.552,42,55,0,3.677,29,43,0
2024020820,2024,2025-01-30,VGK,CBJ,1,2,1,1,OT,2.493,26,43,0,1.664,21,32,0
2024020821,2024,2025-01-30,SEA,SJS,6,2,6,2,REG,2.554,33,46,0,2.547,28,44,0
2024020822,2024,2025-01-31,BUF,NSH,4,3,4,3,REG,2.169,27,37,0,2.729,31,43,0
2024020823,2024,2025-01-31,DAL,VAN,5,3,5,3,REG,2.527,16,30,2,2.502,29,40,0
2024020824,2024,2025-01-31,COL,STL,5,0,5,0,REG,2.911,36,47,0,1.859,19,31,0
2024020825,2024,2025-01-31,UTA,CBJ,2,3,2,2,OT,3.515,33,60,0,2.075,22,28,0
2024020826,2024,2025-02-01,FLA,CHI,5,1,5,1,REG,5.727,44,67,0,2.090,25,37,0
2024020827,2024,2025-02-01,BOS,NYR,6,3,6,3,REG,3.121,25,48,1,3.602,25,50,0
2024020828,2024,2025-02-01,OTT,MIN,6,0,6,0,REG,3.968,52,63,0,1.215,16,20,0
2024020829,2024,2025-02-01,TBL,NYI,2,3,2,2,OT,4.265,31,50,0,2.621,35,44,0
2024020830,2024,2025-02-01,PIT,NSH,3,0,3,0,REG,3.642,36,54,1,2.603,25,43,0
2024020831,2024,2025-02-01,WSH,WPG,4,5,4,4,OT,2.297,28,39,0,2.930,28,43,0
2024020832,2024,2025-02-01,CAR,LAK,2,4,2,4,REG,3.407,28,57,0,2.672,26,44,0
2024020833,2024,2025-02-01,EDM,TOR,3,4,3,4,REG,4.963,48,65,0,2.327,28,34,0
2024020834,2024,2025-02-01,CGY,DET,1,3,1,3,REG,2.857,34,55,0,1.717,25,35,1
2024020835,2024,2025-02-02,BUF,NJD,4,3,4,3,REG,3.568,34,53,0,3.405,24,44,0
2024020836,2024,2025-02-02,COL,PHI,2,0,2,0,REG,2.723,32,43,0,1.876,24,34,0
2024020837,2024,2025-02-02,ANA,MTL,3,2,3,2,REG,1.861,22,34,0,2.511,23,35,0
2024020838,2024,2025-02-02,FLA,NYI,6,3,6,3,REG,2.668,33,47,1,4.355,34,53,0
2024020839,2024,2025-02-02,NYR,VGK,4,2,4,2,REG,2.210,28,38,0,2.991,36,52,0
2024020840,2024,2025-02-02,DAL,CBJ,5,3,5,3,REG,3.984,39,53,0,3.875,30,49,0
2024020841,2024,2025-02-02,UTA,STL,1,2,1,2,REG,2.591,25,34,0,4.568,29,47,0
2024020842,2024,2025-02-02,VAN,DET,2,3,2,2,OT,2.875,26,38,0,0.934,15,25,0
2024020843,2024,2025-02-02,SEA,CGY,2,3,2,3,REG,2.739,31,51,0,2.875,35,48,0
2024020844,2024,2025-02-03,NSH,OTT,2,5,2,5,REG,2.078,27,36,0,3.587,39,52,1
2024020845,2024,2025-02-04,BOS,MIN,3,0,3,0,REG,2.822,35,49,1,3.092,36,52,0
2024020846,2024,2025-02-04,BUF,CBJ,3,2,3,2,REG,2.002,21,36,0,2.212,29,42,0
2024020847,2024,2025-02-04,TBL,OTT,4,3,4,3,REG,3.510,38,60,1,2.636,28,34,0
2024020848,2024,2025-02-04,PIT,NJD,2,3,2,2,SO,2.205,25,44,0,1.890,19,31,0
2024020849,2024,2025-02-04,WSH,FLA,6,3,6,3,REG,1.749,26,31,2,3.569,33,51,0
2024020850,2024,2025-02-04,NYI,VGK,2,1,2,1,REG,1.179,14,27,0,2.770,34,48,0
2024020851,2024,2025-02-04,STL,EDM,2,3,2,2,OT,2.210,21,32,0,4.044,38,55,0
2024020852,2024,2025-02-04,WPG,CAR,3,0,3,0,REG,3.290,30,37,0,2.836,29,48,0
2024020853,2024,2025-02-04,CGY,TOR,3,6,3,6,REG,2.465,26,38,0,3.741,30,44,1
2024020854,2024,2025-02-04,UTA,PHI,3,2,2,2,OT,3.802,37,64,0,1.607,19,31,0
2024020855,2024,2025-02-04,VAN,COL,3,0,3,0,REG,3.317,31,45,1,2.520,25,45,0
2024020856,2024,2025-02-04,ANA,DAL,2,1,2,1,REG,2.861,28,45,0,2.863,27,39,0
2024020857,2024,2025-02-04,SEA,DET,4,5,4,4,SO,2.524,24,34,0,3.421,36,58,0
2024020858,2024,2025-02-04,SJS,MTL,3,4,3,4,REG,3.471,30,47,0,2.885,20,40,0
2024020859,2024,2025-02-05,NYR,BOS,3,2,3,2,REG,2.000,22,37,0,1.675,17,30,0
2024020860,2024,2025-02-05,CHI,EDM,3,4,3,3,OT,2.850,31,46,0,2.666,36,44,0
2024020861,2024,2025-02-05,LAK,MTL,6,3,6,3,REG,3.811,37,57,1,1.527,21,31,0
2024020862,2024,2025-02-06,TBL,OTT,5,1,5,1,REG,2.666,31,49,1,2.057,28,46,0
2024020863,2024,2025-02-06,NJD,VGK,1,3,1,3,REG,1.505,15,29,0,4.443,40,56,0
2024020864,2024,2025-02-06,PHI,WSH,3,4,3,4,REG,3.070,22,38,0,1.493,18,26,0
2024020865,2024,2025-02-06,CBJ,UTA,2,3,2,2,OT,2.763,21,38,0,3.595,29,51,0
2024020866,2024,2025-02-06,STL,FLA,2,3,2,3,REG,2.145,22,30,0,2.991,34,55,0
2024020867,2024,2025-02-06,MIN,CAR,2,1,2,1,REG,2.294,24,31,0,3.363,38,63,0
2024020868,2024,2025-02-06,CGY,COL,2,4,2,4,REG,2.317,29,38,0,3.375,34,49,0
2024020869,2024,2025-02-06,SEA,TOR,1,3,1,3,REG,2.880,27,52,0,2.761,30,44,0
2024020870,2024,2025-02-06,SJS,VAN,1,2,1,1,OT,2.932,32,41,0,1.838,22,34,0
2024020871,2024,2025-02-07,NYR,PIT,2,3,2,3,REG,1.927,24,37,0,2.703,26,38,0
2024020872,2024,2025-02-07,WPG,NYI,4,3,4,3,REG,2.528,27,37,0,3.260,35,54,0
2024020873,2024,2025-02-07,CHI,NSH,6,2,6,2,REG,3.078,30,39,0,3.772,33,50,0
2024020874,2024,2025-02-07,EDM,COL,4,5,4,5,REG,3.591,27,39,0,3.304,31,43,0
2024020875,2024,2025-02-07,LAK,DAL,5,4,4,4,SO,2.876,36,54,0,2.443,28,43,0
2024020876,2024,2025-02-08,MTL,NJD,0,4,0,4,REG,3.851,34,53,0,2.185,22,37,0
2024020877,2024,2025-02-08,DET,TBL,3,6,3,6,REG,4.185,37,50,0,1.940,18,32,1
2024020878,2024,2025-02-08,CAR,UTA,7,3,7,3,REG,3.875,38,54,1,4.494,39,58,0
2024020879,2024,2025-02-08,BOS,VGK,3,4,3,4,REG,2.761,24,38,0,3.774,38,55,0
2024020880,2024,2025-02-08,FLA,OTT,5,1,5,1,REG,4.839,48,69,1,2.766,27,36,0
2024020881,2024,2025-02-08,PHI,PIT,3,2,3,2,REG,1.784,20,32,0,3.839,33,50,0
2024020882,2024,2025-02-08,CBJ,NYR,3,4,3,4,REG,2.546,25,37,0,2.520,40,55,0
2024020883,2024,2025-02-08,STL,CHI,6,5,5,5,SO,3.126,35,51,0,1.463,17,26,0
2024020884,2024,2025-02-08,VAN,TOR,2,1,2,1,REG,3.060,25,52,0,2.105,28,43,0
2024020885,2024,2025-02-08,NSH,BUF,6,4,6,4,REG,2.261,23,33,1,3.350,29,50,0
2024020886,2024,2025-02-08,MIN,NYI,6,3,6,3,REG,2.512,34,49,1,3.555,35,53,0
2024020887,2024,2025-02-08,CGY,SEA,2,3,2,2,OT,1.860,29,39,0,2.364,27,45,0
2024020888,2024,2025-02-08,LAK,ANA,1,2,1,1,SO,3.655,40,59,0,2.664,24,42,0
2024020889,2024,2025-02-08,SJS,DAL,3,8,3,8,REG,2.768,27,42,0,3.146,34,53,0
2024020890,2024,2025-02-09,WSH,UTA,4,5,4,4,SO,3.821,39,49,0,2.683,27,44,0
2024020891,2024,2025-02-09,MTL,TBL,3,5,3,5,REG,4.839,35,57,0,2.606,21,28,1
2024020892,2024,2025-02-22,PHI,EDM,6,3,6,3,REG,3.161,32,42,1,2.696,18,40,0
2024020893,2024,2025-02-22,PIT,WSH,3,8,3,8,REG,3.635,32,51,0,2.773,30,48,0
2024020894,2024,2025-02-22,DET,MIN,3,4,3,3,OT,3.776,28,42,0,3.455,36,50,0
2024020895,2024,2025-02-22,BUF,NYR,8,2,8,2,REG,2.468,33,42,0,2.699,28,45,0
2024020896,2024,2025-02-22,FLA,SEA,1,2,1,2,REG,3.326,27,48,0,2.041,22,38,0
2024020897,2024,2025-02-22,NJD,DAL,2,4,2,4,REG,3.593,33,57,0,2.646,26,37,1
2024020898,2024,2025-02-22,NSH,COL,2,1,2,1,REG,1.454,17,30,0,2.886,32,45,0
2024020899,2024,2025-02-22,BOS,ANA,2,3,2,2,OT,2.317,29,40,0,2.442,26,40,0
2024020900,2024,2025-02-22,TOR,CAR,6,3,6,3,REG,2.620,24,31,2,3.294,35,59,0
2024020901,2024,2025-02-22,OTT,MTL,2,5,2,5,REG,2.746,27,51,0,2.173,25,38,0
2024020902,2024,2025-02-22,CBJ,CHI,5,1,5,1,REG,1.919,21,33,0,2.874,28,38,0
2024020903,2024,2025-02-22,STL,WPG,3,4,3,3,SO,2.813,22,38,0,1.870,25,31,0
2024020904,2024,2025-02-22,LAK,UTA,5,3,5,3,REG,2.183,26,45,1,2.872,28,45,0
2024020905,2024,2025-02-22,VGK,VAN,3,1,3,1,REG,3.684,35,54,1,2.674,34,49,0
2024020906,2024,2025-02-23,WSH,EDM,7,3,7,3,REG,3.927,35,49,1,2.314,25,38,0
2024020907,2024,2025-02-23,PIT,NYR,3,5,3,5,REG,4.759,40,60,0,1.540,16,26,1
2024020908,2024,2025-02-23,DET,ANA,5,4,4,4,OT,3.745,31,52,0,2.607,28,40,0
2024020909,2024,2025-02-23,TBL,SEA,4,1,4,1,REG,2.546,24,43,1,2.822,37,49,0
2024020910,2024,2025-02-23,STL,COL,3,1,3,1,REG,2.294,25,36,0,2.151,29,41,0
2024020911,2024,2025-02-23,NSH,NJD,0,5,0,5,REG,3.394,29,53,0,3.030,36,46,0
2024020912,2024,2025-02-23,CHI,TOR,2,5,2,5,REG,1.446,27,34,0,2.943,30,49,1
2024020913,2024,2025-02-23,NYI,DAL,3,4,3,4,REG,3.791,37,55,0,4.583,29,52,0
2024020914,2024,2025-02-23,CGY,SJS,3,2,3,2,REG,3.085,36,47,0,2.876,29,49,0
2024020915,2024,2025-02-23,UTA,VAN,2,1,2,1,REG,2.959,32,45,0,2.852,16,31,0
2024020916,2024,2025-02-24,WPG,SJS,2,1,1,1,OT,2.927,33,54,0,1.676,17,29,0
2024020917,2024,2025-02-24,LAK,VGK,5,2,5,2,REG,2.100,19,41,0,2.304,23,32,0
2024020918,2024,2025-02-25,BOS,TOR,4,5,4,4,OT,4.121,34,54,0,3.130,27,46,0
2024020919,2024,2025-02-25,BUF,ANA,3,2,3,2,REG,4.087,37,64,0,2.763,18,31,0
2024020920,2024,2025-02-25,MTL,CAR,4,0,4,0,REG,2.150,18,27,0,2.861,20,44,0
2024020921,2024,2025-02-25,TBL,EDM,4,1,4,1,REG,3.024,36,47,0,1.585,24,26,0
2024020922,2024,2025-02-25,PHI,PIT,6,1,6,1,REG,2.929,38,46,0,2.703,24,35,0
2024020923,2024,2025-02-25,WSH,CGY,1,3,1,3,REG,2.871,27,52,0,2.690,25,38,0
2024020924,2024,2025-02-25,CBJ,DAL,6,4,6,4,REG,2.583,29,42,1,3.949,22,38,0
2024020925,2024,2025-02-25,NYI,NYR,1,5,1,5,REG,3.616,37,62,0,1.903,18,34,0
2024020926,2024,2025-02-25,STL,SEA,7,2,7,2,REG,2.349,27,34,0,1.530,27,35,0
2024020927,2024,2025-02-25,NSH,FLA,1,4,1,4,REG,1.688,18,30,0,3.792,25,42,0
2024020928,2024,2025-02-25,MIN,DET,2,3,2,3,REG,2.650,24,43,0,1.456,16,29,0
2024020929,2024,2025-02-25,UTA,CHI,2,1,2,1,REG,4.447,37,64,0,2.367,22,29,0
2024020930,2024,2025-02-26,OTT,WPG,1,4,1,4,REG,2.111,24,37,0,3.379,40,55,1
2024020931,2024,2025-02-26,COL,NJD,5,1,5,1,REG,3.761,37,62,0,2.291,23,35,0
2024020932,2024,2025-02-26,LAK,VAN,2,3,2,2,OT,3.162,24,53,0,1.590,16,30,0
2024020933,2024,2025-02-27,BOS,NYI,1,2,1,2,REG,4.525,39,65,0,2.225,20,38,0
2024020934,2024,2025-02-27,MTL,SJS,4,3,3,3,OT,2.835,31,36,0,3.296,24,44,0
2024020935,2024,2025-02-27,DET,CBJ,2,5,2,5,REG,2.628,31,44,0,5.016,30,61,1
2024020936,2024,2025-02-27,TBL,CGY,3,0,3,0,REG,1.720,22,30,1,2.428,28,50,0
2024020937,2024,2025-02-27,FLA,EDM,4,3,4,3,REG,3.533,36,46,0,2.519,27,38,0
2024020938,2024,2025-02-27,PIT,PHI,5,4,4,4,OT,2.189,24,40,0,3.782,36,51,0
2024020939,2024,2025-02-27,WSH,STL,2,5,2,5,REG,2.057,18,34,0,2.262,19,29,1
2024020940,2024,2025-02-27,CAR,BUF,5,2,5,2,REG,4.339,37,59,1,2.057,15,30,0
2024020941,2024,2025-02-27,NSH,WPG,2,1,2,1,REG,2.517,31,43,0,2.974,23,46,0
2024020942,2024,2025-02-27,UTA,MIN,6,1,6,1,REG,3.621,31,44,0,2.339,16,32,0
2024020943,2024,2025-02-27,VGK,CHI,7,5,7,5,REG,3.378,33,45,0,2.012,22,32,0
2024020944,2024,2025-02-27,ANA,VAN,5,2,5,2,REG,1.968,25,34,1,2.055,24,37,0
2024020945,2024,2025-02-28,NYR,TOR,2,3,2,3,REG,3.727,35,53,0,2.080,16,27,0
2024020946,2024,2025-02-28,DAL,LAK,6,2,6,2,REG,4.163,31,45,0,3.671,31,60,0
2024020947,2024,2025-02-28,COL,MIN,5,2,5,2,REG,2.443,30,45,1,2.648,20,33,0
2024020948,2024,2025-03-01,CBJ,DET,5,3,5,3,REG,2.352,21,31,1,3.713,46,61,0
2024020949,2024,2025-03-01,NYI,NSH,7,4,7,4,REG,3.643,36,51,1,3.923,29,48,0
2024020950,2024,2025-03-01,WSH,TBL,1,3,1,3,REG,2.180,21,39,0,1.821,19,23,1
2024020951,2024,2025-03-01,FLA,CGY,3,0,3,0,REG,3.788,42,53,0,1.927,23,34,0
2024020952,2024,2025-03-01,PIT,BOS,2,3,2,3,REG,3.257,33,49,0,2.116,26,35,1
2024020953,2024,2025-03-01,BUF,MTL,2,4,2,4,REG,2.162,25,39,0,2.814,29,39,1
2024020954,2024,2025-03-01,OTT,SJS,5,3,5,3,REG,3.140,32,42,1,2.999,37,54,0
2024020955,2024,2025-03-01,CAR,EDM,1,3,1,3,REG,4.351,36,50,0,3.150,31,46,1
2024020956,2024,2025-03-01,WPG,PHI,1,2,1,1,SO,2.791,28,48,0,2.800,31,47,0
2024020957,2024,2025-03-01,STL,LAK,4,1,4,1,REG,2.790,34,45,0,1.784,26,41,0
2024020958,2024,2025-03-01,UTA,NJD,1,3,1,3,REG,2.608,25,46,0,2.789,29,40,0
2024020959,2024,2025-03-01,ANA,CHI,3,6,3,6,REG,3.263,31,48,0,3.098,24,39,0
2024020960,2024,2025-03-01,SEA,VAN,6,3,6,3,REG,1.747,24,33,1,3.958,31,59,0
2024020961,2024,2025-03-02,PIT,TOR,5,6,5,5,OT,2.896,34,48,0,2.720,32,47,0
2024020962,2024,2025-03-02,MIN,BOS,1,0,1,0,REG,1.736,22,33,0,2.273,28,42,0
2024020963,2024,2025-03-02,CAR,CGY,2,1,1,1,OT,3.761,30,51,0,1.882,16,32,0
2024020964,2024,2025-03-02,DAL,STL,6,3,6,3,REG,2.695,21,31,0,3.834,42,54,0
2024020965,2024,2025-03-02,NYR,NSH,4,0,4,0,REG,2.775,34,44,0,3.862,34,52,0
2024020966,2024,2025-03-02,VGK,NJD,2,0,2,0,REG,3.012,24,44,0,2.389,25,42,0
2024020967,2024,2025-03-03,WSH,OTT,5,4,4,4,SO,3.921,40,52,0,4.638,34,52,0
2024020968,2024,2025-03-03,MTL,BUF,4,3,3,3,OT,2.958,19,31,0,5.712,36,61,0
2024020969,2024,2025-03-03,FLA,TBL,2,1,2,1,REG,2.708,29,47,0,3.445,29,50,0
2024020970,2024,2025-03-03,NYR,NYI,4,0,4,0,REG,2.527,27,48,1,2.020,21,33,0
2024020971,2024,2025-03-03,TOR,SJS,2,3,2,2,SO,3.321,23,37,0,2.519,19,41,0
2024020972,2024,2025-03-03,CHI,LAK,5,1,5,1,REG,2.135,19,32,1,3.421,42,57,0
2024020973,2024,2025-03-04,BOS,NSH,3,6,3,6,REG,2.085,21,34,0,3.295,30,46,1
2024020974,2024,2025-03-04,BUF,SJS,2,6,2,6,REG,1.864,22,32,0,2.905,28,47,1
2024020975,2024,2025-03-04,DET,CAR,1,2,1,2,REG,3.195,25,40,0,3.450,30,51,0
2024020976,2024,2025-03-04,TBL,CBJ,6,2,6,2,REG,2.906,40,53,1,3.760,33,47,0
2024020977,2024,2025-03-04,PHI,CGY,3,6,3,6,REG,2.606,29,44,0,2.183,34,49,1
2024020978,2024,2025-03-04,NYI,WPG,3,2,3,2,REG,1.894,29,44,0,2.982,28,46,0
2024020979,2024,2025-03-04,DAL,NJD,4,3,4,3,REG,2.996,21,30,0,2.819,28,46,0
2024020980,2024,2025-03-04,COL,PIT,4,1,4,1,REG,2.447,25,43,2,2.896,33,44,0
2024020981,2024,2025-03-04,EDM,ANA,2,6,2,6,REG,3.891,35,55,0,2.591,27,33,0
2024020982,2024,2025-03-04,SEA,MIN,3,4,3,4,REG,3.716,36,58,0,2.002,20,34,0
2024020983,2024,2025-03-05,NYR,WSH,2,3,2,2,OT,2.300,16,36,0,2.599,23,41,0
2024020984,2024,2025-03-05,CHI,OTT,3,4,3,3,OT,1.721,20,33,0,2.439,24,44,0
2024020985,2024,2025-03-05,VGK,TOR,5,2,5,2,REG,3.498,25,49,0,2.899,31,49,0
2024020986,2024,2025-03-05,VAN,ANA,3,2,3,2,REG,2.688,36,46,0,1.556,16,30,0
2024020987,2024,2025-03-05,LAK,STL,2,3,2,2,SO,1.486,19,30,0,3.042,29,49,0
2024020988,2024,2025-03-06,DET,UTA,2,4,2,4,REG,4.162,40,59,0,2.569,19,33,0
2024020989,2024,2025-03-06,TBL,BUF,6,5,6,5,REG,2.325,26,38,0,2.310,33,44,0
2024020990,2024,2025-03-06,FLA,CBJ,3,0,3,0,REG,3.988,36,54,1,1.659,16,33,0
2024020991,2024,2025-03-06,PHI,WPG,1,4,1,4,REG,2.038,22,40,0,3.134,27,47,0
2024020992,2024,2025-03-06,CAR,BOS,3,2,3,2,REG,2.600,23,35,0,2.790,34,47,0
2024020993,2024,2025-03-06,NSH,SEA,5,3,5,3,REG,2.706,34,45,1,1.950,25,34,0
2024020994,2024,2025-03-06,DAL,CGY,3,2,2,2,OT,2.585,25,35,0,2.050,27,38,0
2024020995,2024,2025-03-06,EDM,MTL,3,2,2,2,OT,2.893,31,50,0,2.380,23,30,0
2024020996,2024,2025-03-06,COL,SJS,7,3,7,3,REG,4.392,32,51,0,3.654,34,45,0
2024020997,2024,2025-03-07,NJD,WPG,1,6,1,6,REG,2.481,23,39,0,3.124,35,44,0
2024020998,2024,2025-03-07,WSH,DET,5,2,5,2,REG,2.546,28,41,0,1.901,19,33,0
2024020999,2024,2025-03-07,CHI,UTA,4,3,3,3,OT,1.951,23,29,0,3.810,37,52,0
2024021000,2024,2025-03-07,VAN,MIN,3,1,3,1,REG,2.026,20,35,1,3.592,38,54,0
2024021001,2024,2025-03-07,VGK,PIT,4,0,4,0,REG,3.615,27,43,0,2.080,22,33,0
2024021002,2024,2025-03-07,ANA,STL,3,4,3,4,REG,2.522,24,44,0,1.900,22,33,1
2024021003,2024,2025-03-08,OTT,NYR,4,3,3,3,OT,4.004,36,46,0,2.319,23,42,0
2024021004,2024,2025-03-08,PHI,SEA,1,4,1,4,REG,2.012,24,37,0,2.957,32,49,0
2024021005,2024,2025-03-08,TBL,BOS,0,4,0,4,REG,2.198,25,40,0,2.059,25,38,1
2024021006,2024,2025-03-08,FLA,BUF,4,0,4,0,REG,4.000,36,51,1,2.066,21,39,0
2024021007,2024,2025-03-08,COL,TOR,7,4,7,4,REG,2.811,34,53,2,1.699,21,33,0
2024021008,2024,2025-03-08,CGY,MTL,1,0,1,0,REG,1.549,24,35,0,2.670,26,46,0
2024021009,2024,2025-03-08,NSH,CHI,3,2,2,2,OT,3.516,39,54,0,1.651,19,26,0
2024021010,2024,2025-03-08,LAK,STL,2,1,1,1,OT,2.541,22,40,0,1.721,20,36,0
2024021011,2024,2025-03-08,EDM,DAL,5,4,5,4,REG,2.961,27,31,0,2.776,25,41,0
2024021012,2024,2025-03-08,SJS,NYI,2,4,2,4,REG,3.634,40,59,0,2.996,28,47,0
2024021013,2024,2025-03-09,PHI,NJD,1,3,1,3,REG,1.594,24,40,0,2.074,23,34,1
2024021014,2024,2025-03-09,WSH,SEA,4,2,4,2,REG,2.412,24,39,1,3.404,32,55,0
2024021015,2024,2025-03-09,MIN,PIT,1,3,1,3,REG,3.309,30,48,0,1.217,22,28,1
2024021016,2024,2025-03-09,CAR,WPG,4,2,4,2,REG,2.806,27,41,1,2.503,22,33,0
2024021017,2024,2025-03-09,NYR,CBJ,3,7,3,7,REG,3.981,35,53,0,2.518,28,41,0
2024021018,2024,2025-03-09,VGK,LAK,5,6,5,6,REG,2.634,32,44,0,3.095,35,49,0
2024021019,2024,2025-03-09,VAN,DAL,1,4,1,4,REG,3.317,23,39,0,1.404,19,29,1
2024021020,2024,2025-03-09,ANA,NYI,4,1,4,1,REG,3.407,28,49,1,2.763,32,50,0
2024021021,2024,2025-03-10,BUF,EDM,3,2,3,2,REG,2.378,23,35,0,3.151,34,47,0
2024021022,2024,2025-03-10,OTT,DET,2,1,2,1,REG,2.319,23,34,0,4.508,49,67,0
2024021023,2024,2025-03-10,COL,CHI,3,0,3,0,REG,2.127,21,37,1,1.678,20,33,0
2024021024,2024,2025-03-10,UTA,TOR,3,4,3,3,SO,2.726,29,46,0,2.103,24,32,0
2024021025,2024,2025-03-11,BOS,FLA,3,2,3,2,REG,2.476,24,42,0,3.322,28,44,0
2024021026,2024,2025-03-11,NJD,CBJ,5,3,5,3,REG,2.836,28,40,0,1.688,20,37,0
2024021027,2024,2025-03-11,PHI,OTT,2,5,2,5,REG,2.022,22,37,0,2.209,24,33,1
2024021028,2024,2025-03-11,PIT,VGK,3,2,2,2,OT,2.413,16,35,0,2.635,37,53,0
2024021029,2024,2025-03-11,CAR,TBL,4,1,4,1,REG,3.484,31,44,0,2.785,24,44,0
2024021030,2024,2025-03-11,MIN,COL,2,1,1,1,SO,1.488,22,26,0,2.353,26,43,0
2024021031,2024,2025-03-11,WPG,NYR,2,1,2,1,REG,2.980,24,39,0,3.037,22,47,0
2024021032,2024,2025-03-11,VAN,MTL,2,4,2,4,REG,3.725,31,55,0,2.482,27,42,1
2024021033,2024,2025-03-11,ANA,WSH,4,7,4,7,REG,3.905,29,49,0,3.966,43,63,1
2024021034,2024,2025-03-11,LAK,NYI,4,1,4,1,REG,2.753,32,41,1,4.316,34,47,0
2024021035,2024,2025-03-11,SJS,NSH,2,3,2,3,REG,2.467,27,40,0,2.393,19,28,0
2024021036,2024,2025-03-12,DET,BUF,7,3,7,3,REG,4.362,29,51,0,2.293,26,34,0
2024021037,2024,2025-03-12,CGY,VAN,3,4,3,3,SO,1.860,23,30,0,3.469,29,42,0
2024021038,2024,2025-03-12,UTA,ANA,3,2,3,2,REG,4.455,39,63,0,2.638,21,40,0
2024021039,2024,2025-03-12,SEA,MTL,5,4,4,4,OT,3.612,34,58,0,2.030,25,41,0
2024021040,2024,2025-03-13,TOR,FLA,2,3,2,3,REG,2.556,25,40,0,2.158,25,38,0
2024021041,2024,2025-03-13,OTT,BOS,6,3,6,3,REG,2.338,32,46,1,2.461,25,35,0
2024021042,2024,2025-03-13,NJD,EDM,3,2,3,2,REG,2.671,22,39,0,3.143,33,49,0
2024021043,2024,2025-03-13,PHI,TBL,4,3,3,3,SO,2.786,28,45,0,1.930,19,32,0
2024021044,2024,2025-03-13,PIT,STL,5,3,5,3,REG,1.272,22,31,1,2.656,35,50,0
2024021045,2024,2025-03-13,CBJ,VGK,0,4,0,4,REG,2.557,27,41,0,2.958,29,39,1
2024021046,2024,2025-03-13,MIN,NYR,2,3,2,2,OT,2.671,28,41,0,2.840,30,51,0
2024021047,2024,2025-03-13,LAK,WSH,3,0,3,0,REG,2.216,27,39,0,2.162,21,44,0
2024021048,2024,2025-03-13,SJS,CHI,4,2,4,2,REG,2.328,25,39,1,2.340,26,35,0
2024021049,2024,2025-03-14,CAR,DET,4,2,4,2,REG,3.066,32,53,1,2.836,26,40,0
2024021050,2024,2025-03-14,NYI,EDM,1,2,1,1,OT,1.579,22,33,0,3.388,32,47,0
2024021051,2024,2025-03-14,WPG,DAL,4,1,4,1,REG,2.351,22,37,0,1.854,25,40,0
2024021052,2024,2025-03-14,CGY,COL,2,4,2,4,REG,2.116,24,41,0,2.590,28,42,1
2024021053,2024,2025-03-14,ANA,NSH,2,1,2,1,REG,1.903,15,35,0,2.494,29,42,0
2024021054,2024,2025-03-14,SEA,UTA,4,2,4,2,REG,2.196,23,39,1,2.588,25,46,0
2024021055,2024,2025-03-15,BUF,VGK,4,3,3,3,SO,2.155,36,51,0,1.417,19,30,0
2024021056,2024,2025-03-15,PIT,NJD,7,3,7,3,REG,2.971,24,40,1,2.789,27,45,0
2024021057,2024,2025-03-15,SJS,WSH,1,5,1,5,REG,1.805,20,28,0,2.759,28,39,0
2024021058,2024,2025-03-15,BOS,TBL,2,6,2,6,REG,1.047,12,20,0,5.219,40,72,2
2024021059,2024,2025-03-15,TOR,OTT,2,4,2,4,REG,2.637,23,41,0,1.815,25,40,1
2024021060,2024,2025-03-15,MTL,FLA,3,1,3,1,REG,2.195,15,34,0,3.306,22,45,0
2024021061,2024,2025-03-15,PHI,CAR,0,5,0,5,REG,2.016,26,37,0,3.339,30,50,0
2024021062,2024,2025-03-15,CBJ,NYR,0,4,0,4,REG,3.105,21,37,0,2.626,21,33,1
2024021063,2024,2025-03-15,MIN,STL,1,5,1,5,REG,1.954,18,37,0,2.586,28,47,1
2024021064,2024,2025-03-15,LAK,NSH,1,0,0,0,OT,1.945,18,41,0,1.914,23,35,0
2024021065,2024,2025-03-15,VAN,CHI,6,2,6,2,REG,1.420,15,28,0,1.721,19,36,0
2024021066,2024,2025-03-16,DET,VGK,3,0,3,0,REG,3.589,27,44,0,1.664,18,34,0
2024021067,2024,2025-03-16,COL,DAL,4,3,3,3,OT,3.220,34,56,0,2.489,22,33,0
2024021068,2024,2025-03-16,STL,ANA,7,2,7,2,REG,3.167,26,40,0,2.521,25,33,0
2024021069,2024,2025-03-16,NYR,EDM,1,3,1,3,REG,3.458,22,38,0,2.039,23,36,0
2024021070,2024,2025-03-16,NYI,FLA,4,2,4,2,REG,2.794,34,46,1,3.901,24,40,0
2024021071,2024,2025-03-16,VAN,UTA,1,3,1,3,REG,1.431,19,35,0,2.194,23,32,1
2024021072,2024,2025-03-16,SEA,WPG,2,3,2,2,OT,2.720,19,35,0,2.819,25,48,0
2024021073,2024,2025-03-17,BOS,BUF,2,3,2,2,OT,2.518,18,30,0,1.738,24,34,0
2024021074,2024,2025-03-17,TBL,PHI,2,0,2,0,REG,2.665,23,45,1,1.938,21,30,0
2024021075,2024,2025-03-17,CBJ,NJD,1,2,1,2,REG,4.436,46,62,0,1.830,20,29,0
2024021076,2024,2025-03-17,TOR,CGY,6,2,6,2,REG,3.024,29,38,0,2.552,26,44,0
2024021077,2024,2025-03-17,MIN,LAK,3,1,3,1,REG,1.600,22,35,1,2.421,29,44,0
2024021078,2024,2025-03-18,MTL,OTT,6,3,6,3,REG,3.766,33,45,2,2.802,25,32,0
2024021079,2024,2025-03-18,NYR,CGY,1,2,1,2,REG,1.798,13,35,0,2.912,35,46,0
2024021080,2024,2025-03-18,PIT,NYI,2,4,2,4,REG,1.838,21,40,0,2.886,38,52,1
2024021081,2024,2025-03-18,WSH,DET,4,1,4,1,REG,3.676,26,46,0,3.122,24,42,0
2024021082,2024,2025-03-18,NSH,STL,1,4,1,4,REG,1.841,23,35,0,2.163,21,28,0
2024021083,2024,2025-03-18,DAL,ANA,4,3,3,3,OT,3.187,28,44,0,2.839,24,37,0
2024021084,2024,2025-03-18,CHI,SEA,2,6,2,6,REG,3.054,29,38,0,2.642,30,40,0
2024021085,2024,2025-03-18,EDM,UTA,7,1,7,1,REG,5.065,43,59,0,2.300,30,38,0
2024021086,2024,2025-03-18,VAN,WPG,6,2,6,2,REG,2.601,22,36,1,3.235,22,49,0
2024021087,2024,2025-03-19,TOR,COL,2,1,2,1,REG,3.276,26,43,0,3.452,39,57,0
2024021088,2024,2025-03-19,MIN,SEA,4,0,4,0,REG,2.362,28,39,1,2.438,34,43,0
2024021089,2024,2025-03-20,OTT,COL,1,5,1,5,REG,1.912,16,33,0,2.692,33,46,0
2024021090,2024,2025-03-20,NJD,CGY,3,5,3,5,REG,2.898,29,39,0,3.102,28,51,1
2024021091,2024,2025-03-20,NYR,TOR,3,4,3,4,REG,2.381,30,45,0,2.390,28,38,0
2024021092,2024,2025-03-20,WSH,PHI,3,2,3,2,REG,1.463,16,24,0,3.734,29,49,0
2024021093,2024,2025-03-20,CBJ,FLA,0,1,0,0,OT,3.073,25,59,0,2.840,28,45,0
2024021094,2024,2025-03-20,NYI,MTL,4,3,3,3,OT,2.682,22,33,0,3.546,40,51,0
2024021095,2024,2025-03-20,STL,VAN,4,3,3,3,OT,1.828,26,38,0,1.147,17,29,0
2024021096,2024,2025-03-20,NSH,ANA,1,4,1,4,REG,1.916,34,43,0,2.919,35,48,1
2024021097,2024,2025-03-20,DAL,TBL,2,3,2,2,SO,2.166,24,29,0,3.530,35,45,0
2024021098,2024,2025-03-20,CHI,LAK,1,3,1,3,REG,1.564,17,32,0,2.765,33,52,1
2024021099,2024,2025-03-20,EDM,WPG,3,4,3,3,OT,2.857,23,38,0,2.933,19,38,0
2024021100,2024,2025-03-20,UTA,BUF,5,2,5,2,REG,4.072,32,55,2,3.931,27,45,0
2024021101,2024,2025-03-20,VGK,BOS,5,1,5,1,REG,3.175,32,44,0,1.459,19,30,0
2024021102,2024,2025-03-20,SJS,CAR,1,3,1,3,REG,2.471,25,34,0,2.770,29,43,0
2024021103,2024,2025-03-21,PIT,CBJ,6,3,6,3,REG,2.967,34,47,1,4.844,47,68,0
2024021104,2024,2025-03-22,NYR,VAN,5,3,5,3,REG,1.232,12,24,1,4.043,39,54,0
2024021105,2024,2025-03-22,DAL,PHI,3,2,2,2,OT,1.596,18,29,0,2.606,24,40,0
2024021106,2024,2025-03-22,MIN,BUF,4,1,4,1,REG,1.825,21,31,1,1.993,21,35,0
2024021107,2024,2025-03-22,STL,CHI,4,1,4,1,REG,2.599,25,37,0,2.739,27,38,0
2024021108,2024,2025-03-22,NYI,CGY,3,4,3,3,OT,3.007,26,47,0,2.018,33,43,0
2024021109,2024,2025-03-22,LAK,CAR,7,2,7,2,REG,2.261,25,34,0,2.922,36,53,0
2024021110,2024,2025-03-22,WSH,FLA,6,3,6,3,REG,2.937,33,47,0,3.266,36,53,0
2024021111,2024,2025-03-22,UTA,TBL,6,4,6,4,REG,2.947,25,36,1,3.579,27,46,0
2024021112,2024,2025-03-22,MTL,COL,4,5,4,4,SO,3.514,28,47,0,3.656,30,49,0
2024021113,2024,2025-03-22,NJD,OTT,2,3,2,3,REG,3.054,27,40,0,2.719,19,28,0
2024021114,2024,2025-03-22,NSH,TOR,5,2,5,2,REG,2.965,32,45,1,2.058,26,39,0
2024021115,2024,2025-03-22,VGK,DET,6,3,6,3,REG,3.851,36,51,1,2.438,31,48,0
2024021116,2024,2025-03-22,EDM,SEA,5,4,5,4,REG,3.398,29,45,1,3.783,32,41,0
2024021117,2024,2025-03-22,SJS,BOS,3,1,3,1,REG,2.129,21,30,1,1.856,23,37,0
2024021118,2024,2025-03-23,CHI,PHI,7,4,7,4,REG,2.489,29,36,0,3.250,29,48,0
2024021119,2024,2025-03-23,WPG,BUF,3,5,3,5,REG,3.784,36,57,0,1.092,17,24,1
2024021120,2024,2025-03-23,FLA,PIT,4,3,3,3,SO,2.740,29,52,0,2.030,25,42,0
2024021121,2024,2025-03-23,STL,NSH,4,1,4,1,REG,1.553,18,30,1,4.022,32,50,0
2024021122,2024,2025-03-23,VGK,TBL,4,2,4,2,REG,3.400,30,44,1,3.540,37,56,0
2024021123,2024,2025-03-23,ANA,CAR,2,5,2,5,REG,4.144,37,52,0,4.622,37,62,1
2024021124,2024,2025-03-23,LAK,BOS,7,2,7,2,REG,2.507,23,39,0,1.460,13,22,0
2024021125,2024,2025-03-24,NJD,VAN,3,4,3,3,SO,2.980,21,39,0,3.574,25,45,0
2024021126,2024,2025-03-24,NYI,CBJ,3,4,3,3,SO,2.625,31,41,0,2.524,28,46,0
2024021127,2024,2025-03-24,DAL,MIN,3,0,3,0,REG,3.973,29,57,1,3.704,32,53,0
2024021128,2024,2025-03-24,UTA,DET,1,5,1,5,REG,2.600,19,35,0,1.742,14,22,1
2024021129,2024,2025-03-25,BUF,OTT,3,2,3,2,REG,1.349,24,30,0,3.179,32,54,0
2024021130,2024,2025-03-25,TOR,PHI,7,2,7,2,REG,1.778,30,33,0,2.029,19,34,0
2024021131,2024,2025-03-25,TBL,PIT,6,1,6,1,REG,2.674,27,41,0,1.099,15,26,0
2024021132,2024,2025-03-25,CAR,NSH,1,3,1,3,REG,4.043,35,51,0,1.634,16,26,0
2024021133,2024,2025-03-25,STL,MTL,6,1,6,1,REG,3.338,37,45,0,2.588,25,46,0
2024021134,2024,2025-03-25,MIN,VGK,1,5,1,5,REG,1.746,24,36,0,2.193,38,44,1
2024021135,2024,2025-03-25,WPG,WSH,3,2,2,2,OT,2.035,24,38,0,2.197,29,45,0
2024021136,2024,2025-03-25,COL,DET,5,2,5,2,REG,2.609,28,42,1,3.573,23,40,0
2024021137,2024,2025-03-25,CGY,SEA,4,3,3,3,OT,2.348,33,50,0,3.394,26,40,0
2024021138,2024,2025-03-25,LAK,NYR,3,1,3,1,REG,3.675,33,58,1,2.363,23,35,0
2024021139,2024,2025-03-26,NYI,VAN,2,5,2,5,REG,3.304,28,53,0,2.736,25,46,1
2024021140,2024,2025-03-26,CHI,NJD,3,5,3,5,REG,1.794,24,32,0,2.354,21,37,1
2024021141,2024,2025-03-26,EDM,DAL,3,4,3,4,REG,5.014,44,64,0,2.540,24,39,0
2024021142,2024,2025-03-26,ANA,BOS,6,2,6,2,REG,4.168,37,56,0,2.219,25,42,0
2024021143,2024,2025-03-27,BUF,PIT,7,3,7,3,REG,2.662,30,39,0,1.984,26,33,0
2024021144,2024,2025-03-27,DET,OTT,3,4,3,4,REG,3.363,34,47,0,3.148,32,44,0
2024021145,2024,2025-03-27,TBL,UTA,8,0,8,0,REG,2.477,22,35,0,1.900,25,35,0
2024021146,2024,2025-03-27,PHI,MTL,6,4,6,4,REG,3.907,30,50,0,3.425,30,49,0
2024021147,2024,2025-03-27,NSH,STL,2,3,2,3,REG,1.797,18,34,0,1.671,21,27,0
2024021148,2024,2025-03-27,MIN,WSH,4,2,4,2,REG,1.289,21,29,1,2.084,30,49,0
2024021149,2024,2025-03-27,COL,LAK,4,0,4,0,REG,2.187,26,40,0,2.069,22,37,0
2024021150,2024,2025-03-27,CGY,DAL,2,5,2,5,REG,4.560,48,74,0,2.238,19,33,1
2024021151,2024,2025-03-27,SEA,EDM,6,1,6,1,REG,4.015,37,59,0,2.816,37,53,0
2024021152,2024,2025-03-27,SJS,TOR,6,5,5,5,SO,2.499,33,52,0,2.720,29,42,0
2024021153,2024,2025-03-28,FLA,UTA,2,1,1,1,OT,2.596,28,45,0,2.265,15,29,0
2024021154,2024,2025-03-28,CAR,MTL,4,1,4,1,REG,2.306,25,39,1,1.806,15,25,0
2024021155,2024,2025-03-28,CBJ,VAN,7,6,6,6,SO,3.144,37,51,0,2.388,33,39,0
2024021156,2024,2025-03-28,WPG,NJD,4,0,4,0,REG,2.468,19,28,0,2.637,24,40,0
2024021157,2024,2025-03-28,CHI,VGK,3,5,3,5,REG,2.280,21,34,0,1.791,22,33,1
2024021158,2024,2025-03-28,ANA,NYR,5,4,4,4,OT,3.280,32,48,0,3.547,30,49,0
2024021159,2024,2025-03-29,PHI,BUF,7,4,7,4,REG,2.574,32,46,0,2.964,21,35,0
2024021160,2024,2025-03-29,TBL,NYI,5,3,5,3,REG,2.224,24,38,1,5.045,38,60,0
2024021161,2024,2025-03-29,COL,STL,1,2,1,2,REG,2.682,29,50,0,3.281,27,40,0
2024021162,2024,2025-03-29,MIN,NJD,2,5,2,5,REG,2.144,24,37,0,2.201,33,45,0
2024021163,2024,2025-03-29,NSH,VGK,1,3,1,3,REG,1.618,24,32,0,2.418,29,37,1
2024021164,2024,2025-03-29,OTT,CBJ,3,2,3,2,REG,3.394,27,46,0,2.356,30,44,0
2024021165,2024,2025-03-29,LAK,TOR,1,3,1,3,REG,2.831,36,57,0,3.177,26,40,1
2024021166,2024,2025-03-29,DET,BOS,2,1,2,1,REG,2.195,22,31,0,2.122,21,35,0
2024021167,2024,2025-03-29,EDM,CGY,3,2,2,2,OT,2.373,28,40,0,2.179,26,35,0
2024021168,2024,2025-03-29,SJS,NYR,1,6,1,6,REG,1.862,22,38,0,2.742,33,47,0
2024021169,2024,2025-03-29,SEA,DAL,1,5,1,5,REG,2.819,36,50,0,2.705,21,36,1
2024021170,2024,2025-03-30,FLA,MTL,2,4,2,4,REG,2.926,26,47,0,2.372,23,35,1
2024021171,2024,2025-03-30,WSH,BUF,5,8,5,8,REG,3.701,29,50,0,2.605,23,35,1
2024021172,2024,2025-03-30,WPG,VAN,3,1,3,1,REG,3.861,27,44,0,2.015,24,40,0
2024021173,2024,2025-03-30,CHI,UTA,2,5,2,5,REG,2.553,29,39,0,3.841,31,54,0
2024021174,2024,2025-03-30,PIT,OTT,1,0,0,0,OT,3.551,33,55,0,2.698,31,39,0
2024021175,2024,2025-03-30,CAR,NYI,6,4,6,4,REG,3.977,30,46,0,3.193,31,43,0
2024021176,2024,2025-03-30,ANA,TOR,2,3,2,3,REG,3.109,31,52,0,2.789,23,45,0
2024021177,2024,2025-03-30,LAK,SJS,8,1,8,1,REG,4.208,36,55,0,2.133,23,40,0
2024021178,2024,2025-03-31,NJD,MIN,3,2,2,2,SO,1.884,27,42,0,2.248,27,49,0
2024021179,2024,2025-03-31,PHI,NSH,2,1,2,1,REG,2.840,18,34,0,2.449,29,40,0
2024021180,2024,2025-03-31,COL,CGY,2,3,2,2,SO,2.381,26,35,0,2.007,23,34,0
2024021181,2024,2025-03-31,SEA,DAL,1,3,1,3,REG,3.029,36,54,0,3.248,31,47,1
2024021182,2024,2025-04-01,BOS,WSH,3,4,3,4,REG,2.346,24,41,0,2.524,32,41,0
2024021183,2024,2025-04-01,MTL,FLA,3,2,2,2,OT,2.331,20,32,0,3.227,27,48,0
2024021184,2024,2025-04-01,OTT,BUF,2,5,2,5,REG,3.754,35,61,0,2.118,22,33,1
2024021185,2024,2025-04-01,CBJ,NSH,8,4,8,4,REG,3.895,37,48,0,2.962,28,45,0
2024021186,2024,2025-04-01,NYI,TBL,1,4,1,4,REG,3.136,29,41,0,3.046,24,38,1
2024021187,2024,2025-04-01,STL,DET,2,1,1,1,OT,3.295,36,48,0,2.347,19,31,0
2024021188,2024,2025-04-01,UTA,CGY,3,1,3,1,REG,3.451,28,43,1,2.861,34,42,0
2024021189,2024,2025-04-01,VGK,EDM,2,3,2,3,REG,1.867,22,37,0,1.972,20,36,0
2024021190,2024,2025-04-01,ANA,SJS,4,3,3,3,SO,3.468,34,50,0,2.791,30,48,0
2024021191,2024,2025-04-01,LAK,WPG,4,1,4,1,REG,1.404,20,32,1,1.545,20,34,0
2024021192,2024,2025-04-02,NYR,MIN,5,4,4,4,OT,3.456,38,64,0,2.456,24,35,0
2024021193,2024,2025-04-02,CAR,WSH,5,1,5,1,REG,3.777,31,50,0,2.650,21,33,0
2024021194,2024,2025-04-02,TOR,FLA,3,2,3,2,REG,2.505,26,34,0,3.688,31,54,0
2024021195,2024,2025-04-02,CHI,COL,2,3,2,2,SO,2.230,21,31,0,4.037,29,55,0
2024021196,2024,2025-04-02,VAN,SEA,0,5,0,5,REG,3.651,24,48,0,2.011,19,31,1
2024021197,2024,2025-04-03,MTL,BOS,4,1,4,1,REG,3.268,32,50,1,2.445,19,33,0
2024021198,2024,2025-04-03,OTT,TBL,2,1,2,1,REG,1.894,19,27,0,3.388,32,43,0
2024021199,2024,2025-04-03,CBJ,COL,3,7,3,7,REG,2.932,30,50,0,2.970,32,52,0
2024021200,2024,2025-04-03,STL,PIT,5,4,4,4,OT,2.312,17,28,0,2.883,28,39,0
2024021201,2024,2025-04-03,DAL,NSH,5,1,5,1,REG,3.008,27,39,0,2.777,29,43,0
2024021202,2024,2025-04-03,UTA,LAK,2,4,2,4,REG,3.161,30,45,0,1.990,20,33,1
2024021203,2024,2025-04-03,CGY,ANA,4,1,4,1,REG,3.513,34,59,0,1.953,27,38,0
2024021204,2024,2025-04-03,VGK,WPG,0,4,0,4,REG,2.574,26,47,0,1.661,22,34,1
2024021205,2024,2025-04-03,SJS,EDM,2,3,2,3,REG,1.597,29,36,0,2.599,38,49,0
2024021206,2024,2025-04-04,DET,CAR,5,3,5,3,REG,2.753,21,40,1,2.909,33,49,0
2024021207,2024,2025-04-04,WSH,CHI,5,3,5,3,REG,3.027,30,45,1,2.365,22,32,0
2024021208,2024,2025-04-04,NYI,MIN,3,1,3,1,REG,2.540,27,42,0,2.658,28,45,0
2024021209,2024,2025-04-05,NJD,NYR,4,0,4,0,REG,2.158,16,32,1,2.693,26,45,0
2024021210,2024,2025-04-05,OTT,FLA,3,0,3,0,REG,1.678,22,31,1,3.787,39,60,0
2024021211,2024,2025-04-05,DAL,PIT,3,5,3,5,REG,2.959,24,36,0,3.915,40,56,1
2024021212,2024,2025-04-05,VAN,ANA,6,2,6,2,REG,2.184,26,39,0,2.584,32,50,0
2024021213,2024,2025-04-05,LAK,EDM,3,0,3,0,REG,2.972,29,43,1,2.168,27,44,0
2024021214,2024,2025-04-05,BOS,CAR,5,1,5,1,REG,3.432,27,37,0,3.616,40,54,0
2024021215,2024,2025-04-05,BUF,TBL,3,2,2,2,SO,3.032,34,45,0,2.220,20,34,0
2024021216,2024,2025-04-05,TOR,CBJ,5,0,5,0,REG,2.399,27,38,0,1.512,27,43,0
2024021217,2024,2025-04-05,MTL,PHI,3,2,3,2,REG,3.242,26,48,0,2.803,24,37,0
2024021218,2024,2025-04-05,STL,COL,5,4,5,4,REG,1.968,22,32,1,3.945,39,50,0
2024021219,2024,2025-04-05,UTA,WPG,4,1,4,1,REG,2.856,28,41,1,3.712,33,53,0
2024021220,2024,2025-04-05,CGY,VGK,2,3,2,2,OT,1.567,23,32,0,3.216,31,44,0
2024021221,2024,2025-04-05,SJS,SEA,1,5,1,5,REG,2.050,24,39,0,2.986,22,42,0
2024021222,2024,2025-04-06,NYI,WSH,4,1,4,1,REG,3.310,22,42,0,2.678,29,39,0
2024021223,2024,2025-04-06,MIN,DAL,3,2,2,2,OT,3.275,40,51,0,2.290,25,33,0
2024021224,2024,2025-04-06,OTT,CBJ,4,0,4,0,REG,2.244,30,43,1,2.824,29,43,0
2024021225,2024,2025-04-06,DET,FLA,2,1,2,1,REG,2.517,24,40,0,2.490,33,43,0
2024021226,2024,2025-04-06,BUF,BOS,6,3,6,3,REG,3.452,37,51,1,2.006,20,28,0
2024021227,2024,2025-04-06,CHI,PIT,3,1,3,1,REG,2.793,31,44,1,3.568,29,46,0
2024021228,2024,2025-04-06,NSH,MTL,1,2,1,2,REG,4.084,37,57,0,1.213,17,26,0
2024021229,2024,2025-04-06,VAN,VGK,2,3,2,3,REG,2.357,21,34,0,2.881,35,49,0
2024021230,2024,2025-04-07,NYR,TBL,1,5,1,5,REG,3.965,39,57,0,1.994,23,30,1
2024021231,2024,2025-04-07,WPG,STL,3,1,3,1,REG,2.577,26,43,1,1.304,15,21,0
2024021232,2024,2025-04-07,ANA,EDM,3,2,3,2,REG,1.910,21,31,0,4.703,47,67,0
2024021233,2024,2025-04-07,LAK,SEA,1,2,1,2,REG,2.432,29,47,0,2.580,28,41,0
2024021234,2024,2025-04-07,SJS,CGY,2,3,2,3,REG,2.759,31,41,0,2.630,32,51,0
2024021235,2024,2025-04-08,BUF,CAR,3,0,3,0,REG,1.705,18,30,0,2.313,33,48,0
2024021236,2024,2025-04-08,MTL,DET,4,1,4,1,REG,2.094,21,33,2,4.138,36,59,0
2024021237,2024,2025-04-08,FLA,TOR,3,1,3,1,REG,2.947,37,52,1,1.197,18,24,0
2024021238,2024,2025-04-08,NJD,BOS,2,7,2,7,REG,2.142,21,38,0,2.171,25,37,0
2024021239,2024,2025-04-08,CBJ,OTT,5,2,5,2,REG,2.723,35,47,0,3.250,35,51,0
2024021240,2024,2025-04-08,PIT,CHI,5,0,5,0,REG,3.312,27,45,0,2.843,26,44,0
2024021241,2024,2025-04-08,NSH,NYI,7,6,6,6,OT,2.701,30,43,0,3.353,21,37,0
2024021242,2024,2025-04-08,DAL,VAN,5,6,5,5,OT,3.565,28,43,1,3.859,30,46,0
2024021243,2024,2025-04-08,UTA,SEA,7,1,7,1,REG,4.703,41,58,0,2.114,19,30,0
2024021244,2024,2025-04-08,COL,VGK,3,2,2,2,SO,3.208,33,51,0,1.722,18,28,0
2024021245,2024,2025-04-09,TBL,TOR,3,4,3,3,OT,3.661,26,50,0,3.279,28,43,0
2024021246,2024,2025-04-09,NYR,PHI,5,8,5,8,REG,2.651,29,40,0,2.244,30,40,2
2024021247,2024,2025-04-09,MIN,SJS,8,7,7,7,OT,4.031,43,61,0,2.553,31,43,0
2024021248,2024,2025-04-09,EDM,STL,4,3,4,3,REG,2.825,23,43,0,2.641,26,36,0
2024021249,2024,2025-04-09,ANA,CGY,4,3,3,3,OT,2.160,22,37,0,3.272,39,54,0
2024021250,2024,2025-04-10,BOS,CHI,2,5,2,5,REG,3.095,33,47,0,1.645,21,28,1
2024021251,2024,2025-04-10,FLA,DET,4,1,4,1,REG,3.300,31,54,0,2.130,23,41,0
2024021252,2024,2025-04-10,WSH,CAR,5,4,4,4,SO,3.933,26,41,0,4.044,33,59,0
2024021253,2024,2025-04-10,CBJ,BUF,3,2,3,2,REG,3.095,30,43,0,4.518,41,58,0
2024021254,2024,2025-04-10,NYI,NYR,2,9,2,9,REG,3.589,46,62,0,2.513,32,44,0
2024021255,2024,2025-04-10,DAL,WPG,0,4,0,4,REG,2.804,25,43,0,3.168,35,47,0
2024021256,2024,2025-04-10,COL,VAN,1,4,1,4,REG,3.186,32,49,0,2.061,30,44,1
2024021257,2024,2025-04-10,UTA,NSH,3,4,3,3,SO,4.745,41,57,0,2.261,29,39,0
2024021258,2024,2025-04-10,VGK,SEA,2,1,2,1,REG,2.968,25,46,0,3.143,25,43,0
2024021259,2024,2025-04-10,LAK,ANA,6,1,6,1,REG,2.627,29,46,0,1.713,25,33,0
2024021260,2024,2025-04-11,OTT,MTL,5,2,5,2,REG,3.636,34,52,1,2.138,22,32,0
2024021261,2024,2025-04-11,TBL,DET,3,4,3,3,OT,2.169,21,36,0,2.785,24,44,0
2024021262,2024,2025-04-11,NJD,PIT,2,4,2,4,REG,2.982,28,47,0,2.428,25,36,1
2024021263,2024,2025-04-11,EDM,SJS,4,2,4,2,REG,4.131,34,54,1,2.351,24,35,0
2024021264,2024,2025-04-11,CGY,MIN,4,2,4,2,REG,2.313,32,49,0,1.705,18,36,0
2024021265,2024,2025-04-12,PHI,NYI,4,3,3,3,SO,2.324,21,34,0,2.916,37,45,0
2024021266,2024,2025-04-12,CAR,NYR,7,3,7,3,REG,2.848,28,42,2,3.053,31,50,0
2024021267,2024,2025-04-12,LAK,COL,5,4,5,4,REG,3.078,33,48,0,2.522,26,40,0
2024021268,2024,2025-04-12,FLA,BUF,3,2,2,2,SO,2.563,32,45,0,2.001,25,39,0
2024021269,2024,2025-04-12,TOR,MTL,1,0,0,0,OT,3.384,34,42,0,2.422,15,36,0
2024021270,2024,2025-04-12,CBJ,WSH,7,0,7,0,REG,3.003,26,38,0,3.154,22,42,0
2024021271,2024,2025-04-12,CHI,WPG,4,5,4,4,SO,3.252,31,40,0,3.632,36,53,0
2024021272,2024,2025-04-12,DAL,UTA,3,5,3,5,REG,2.829,24,37,0,3.644,34,47,0
2024021273,2024,2025-04-12,VAN,MIN,2,3,2,2,OT,1.159,14,22,0,3.113,32,53,0
2024021274,2024,2025-04-12,VGK,NSH,5,3,5,3,REG,3.650,29,47,1,1.711,17,29,0
2024021275,2024,2025-04-12,SEA,STL,4,3,3,3,SO,1.576,16,29,0,2.221,23,34,0
2024021276,2024,2025-04-13,OTT,PHI,4,3,3,3,OT,2.319,24,39,0,2.670,32,38,0
2024021277,2024,2025-04-13,NJD,NYI,0,1,0,1,REG,2.336,25,43,0,2.277,23,36,0
2024021278,2024,2025-04-13,PIT,BOS,1,4,1,4,REG,2.150,24,38,0,3.757,32,49,1
2024021279,2024,2025-04-13,CAR,TOR,1,4,1,4,REG,3.589,26,52,0,2.447,20,35,0
2024021280,2024,2025-04-13,TBL,BUF,7,4,7,4,REG,4.792,31,62,0,2.384,25,41,0
2024021281,2024,2025-04-13,WSH,CBJ,1,4,1,4,REG,3.510,31,49,0,1.695,23,33,0
2024021282,2024,2025-04-13,WPG,EDM,1,4,1,4,REG,2.164,18,31,0,3.767,39,57,1
2024021283,2024,2025-04-13,CGY,SJS,5,2,5,2,REG,2.966,30,48,1,2.363,30,39,0
2024021284,2024,2025-04-13,ANA,COL,2,4,2,4,REG,1.692,21,31,0,2.789,25,45,1
2024021285,2024,2025-04-14,MTL,CHI,3,4,3,3,SO,3.981,20,44,0,3.634,23,42,0
2024021286,2024,2025-04-14,DET,DAL,6,4,6,4,REG,2.284,37,46,1,4.093,28,42,0
2024021287,2024,2025-04-14,FLA,NYR,3,5,3,5,REG,2.414,30,48,0,1.941,25,32,0
2024021288,2024,2025-04-14,NSH,UTA,3,7,3,7,REG,2.936,31,45,0,3.003,36,44,1
2024021289,2024,2025-04-14,EDM,LAK,0,5,0,5,REG,1.730,21,32,0,4.076,36,55,0
2024021290,2024,2025-04-14,VAN,SJS,2,1,1,1,OT,4.772,29,58,0,1.529,15,27,0
2024021291,2024,2025-04-15,BOS,NJD,4,5,4,4,OT,2.377,23,31,0,3.056,25,37,0
2024021292,2024,2025-04-15,BUF,TOR,0,4,0,4,REG,3.641,35,50,0,3.196,32,49,1
2024021293,2024,2025-04-15,OTT,CHI,3,4,3,3,OT,2.805,37,47,0,1.356,15,26,0
2024021294,2024,2025-04-15,TBL,FLA,5,1,5,1,REG,3.748,31,48,0,1.951,24,36,0
2024021295,2024,2025-04-15,PHI,CBJ,0,3,0,3,REG,2.882,29,46,0,2.793,34,45,0
2024021296,2024,2025-04-15,NYI,WSH,1,3,1,3,REG,2.747,33,46,0,4.633,36,57,1
2024021297,2024,2025-04-15,STL,UTA,6,1,6,1,REG,3.053,29,36,0,2.140,23,32,0
2024021298,2024,2025-04-15,MIN,ANA,3,2,2,2,OT,3.119,37,57,0,1.726,24,42,0
2024021299,2024,2025-04-15,CGY,VGK,5,4,4,4,SO,2.346,27,42,0,3.414,39,49,0
2024021300,2024,2025-04-15,SEA,LAK,5,6,5,6,REG,3.205,34,48,0,2.321,24,34,0
2024021301,2024,2025-04-16,MTL,CAR,4,2,4,2,REG,2.558,22,32,1,2.866,29,45,0
2024021302,2024,2025-04-16,WPG,ANA,2,1,1,1,OT,3.334,43,62,0,2.446,31,47,0
2024021303,2024,2025-04-16,NJD,DET,2,5,2,5,REG,2.886,30,47,0,2.490,27,41,1
2024021304,2024,2025-04-16,NSH,DAL,5,1,5,1,REG,3.383,34,48,0,2.645,30,42,0
2024021305,2024,2025-04-16,VAN,VGK,1,4,1,4,REG,1.794,17,37,0,3.502,31,56,1
2024021306,2024,2025-04-16,SJS,EDM,0,3,0,3,REG,1.335,18,34,0,2.438,28,38,1
2024020653,2024,2025-04-17,LAK,CGY,1,5,1,5,REG,3.046,31,48,0,2.448,29,38,0
2024021307,2024,2025-04-17,BUF,PHI,5,4,5,4,REG,2.902,31,46,1,2.296,24,38,0
2024021308,2024,2025-04-17,TOR,DET,4,3,3,3,OT,2.341,19,29,0,2.506,34,41,0
2024021309,2024,2025-04-17,OTT,CAR,7,5,7,5,REG,4.049,32,47,0,3.177,33,41,0
2024021310,2024,2025-04-17,NYR,TBL,4,0,4,0,REG,2.320,22,35,0,2.182,27,36,0
2024021311,2024,2025-04-17,PIT,WSH,5,2,5,2,REG,3.130,38,51,0,1.857,20,33,0
2024021312,2024,2025-04-17,CBJ,NYI,6,1,6,1,REG,3.334,26,44,0,3.066,37,56,0
2025020001,2025,2025-10-07,FLA,CHI,3,2,3,2,REG,3.916,37,50,0,2.092,19,32,0
2025020002,2025,2025-10-07,NYR,PIT,0,3,0,3,REG,2.335,25,38,0,2.799,31,41,2
2025020003,2025,2025-10-07,LAK,COL,1,4,1,4,REG,2.453,25,42,0,1.981,23,33,0
2025020004,2025,2025-10-08,TOR,MTL,5,2,5,2,REG,2.031,27,35,2,3.515,31,47,0
2025020005,2025,2025-10-08,WSH,BOS,1,3,1,3,REG,4.295,36,55,0,1.845,22,43,1
2025020006,2025,2025-10-08,EDM,CGY,3,4,3,3,SO,2.443,29,40,0,1.841,19,33,0
2025020007,2025,2025-10-08,VGK,LAK,5,6,5,5,SO,2.640,32,45,0,1.696,24,28,0
2025020008,2025,2025-10-09,BOS,CHI,4,3,3,3,OT,3.712,31,46,0,1.925,21,32,0
2025020009,2025,2025-10-09,BUF,NYR,0,4,0,4,REG,2.427,37,52,0,2.204,33,46,1
2025020010,2025,2025-10-09,DET,MTL,1,5,1,5,REG,2.972,31,44,0,1.605,17,25,0
2025020011,2025,2025-10-09,TBL,OTT,4,5,4,5,REG,2.252,25,38,0,3.114,34,46,1
2025020012,2025,2025-10-09,FLA,PHI,2,1,2,1,REG,2.834,34,51,0,1.849,20,32,0
2025020013,2025,2025-10-09,PIT,NYI,4,3,4,3,REG,3.295,28,41,0,3.180,37,49,0
2025020014,2025,2025-10-09,CAR,NJD,6,3,6,3,REG,4.159,33,54,1,1.898,22,32,0
2025020015,2025,2025-10-09,STL,MIN,0,5,0,5,REG,2.986,26,43,0,1.784,21,32,0
2025020016,2025,2025-10-09,NSH,CBJ,2,1,2,1,REG,2.886,32,45,0,2.719,39,51,0
2025020017,2025,2025-10-09,WPG,DAL,4,5,4,5,REG,2.916,25,36,0,3.842,37,49,0
2025020018,2025,2025-10-09,COL,UTA,2,1,2,1,REG,2.040,27,42,0,2.639,33,48,0
2025020019,2025,2025-10-09,VAN,CGY,5,1,5,1,REG,2.472,26,38,0,2.311,18,36,0
2025020020,2025,2025-10-09,SJS,VGK,3,4,3,3,OT,2.067,23,35,0,2.455,29,45,0
2025020021,2025,2025-10-09,SEA,ANA,3,1,3,1,REG,2.476,31,46,0,2.645,36,58,0
2025020022,2025,2025-10-11,WPG,LAK,3,2,3,2,REG,3.014,27,45,0,3.418,32,44,0
2025020023,2025,2025-10-11,CGY,STL,2,4,2,4,REG,3.340,29,49,0,2.913,28,35,0
2025020024,2025,2025-10-11,BOS,BUF,3,1,3,1,REG,2.824,31,50,1,1.985,22,39,0
2025020025,2025,2025-10-11,DET,TOR,6,3,6,3,REG,3.299,35,50,2,2.213,23,34,0
2025020026,2025,2025-10-11,TBL,NJD,3,5,3,5,REG,2.059,17,27,0,3.165,31,45,0
2025020027,2025,2025-10-11,FLA,OTT,6,2,6,2,REG,3.458,27,36,0,2.100,28,37,0
2025020028,2025,2025-10-11,NYI,WSH,2,4,2,4,REG,2.960,36,50,0,4.084,29,44,0
2025020029,2025,2025-10-11,PIT,NYR,1,6,1,6,REG,2.589,19,34,0,3.014,30,38,0
2025020030,2025,2025-10-11,CAR,PHI,4,3,3,3,OT,5.132,38,62,0,3.005,23,35,0
2025020031,2025,2025-10-11,CHI,MTL,2,3,2,3,REG,2.161,22,34,0,4.144,28,43,0
2025020032,2025,2025-10-11,NSH,UTA,2,3,2,2,OT,3.113,23,39,0,2.539,22,29,0
2025020033,2025,2025-10-11,MIN,CBJ,4,7,4,7,REG,4.099,52,69,0,2.824,32,44,1
2025020034,2025,2025-10-11,COL,DAL,4,5,4,4,SO,3.815,38,56,0,2.186,22,32,0
2025020035,2025,2025-10-11,EDM,VAN,3,1,3,1,REG,5.134,37,54,1,1.947,15,26,0
2025020036,2025,2025-10-11,SJS,ANA,6,7,6,6,OT,2.202,23,29,0,4.768,43,65,0
2025020037,2025,2025-10-11,SEA,VGK,2,1,1,1,OT,2.455,15,35,0,2.411,24,43,0
2025020038,2025,2025-10-12,NYR,WSH,0,1,0,1,REG,2.781,35,53,0,1.798,21,34,0
2025020039,2025,2025-10-13,BUF,COL,1,3,1,3,REG,2.293,28,45,0,2.912,37,51,0
2025020040,2025,2025-10-13,BOS,TBL,3,4,3,4,REG,2.490,33,53,0,3.036,23,42,0
2025020041,2025,2025-10-13,OTT,NSH,1,4,1,4,REG,2.877,32,49,0,2.064,26,37,2
2025020042,2025,2025-10-13,NYI,WPG,2,5,2,5,REG,3.349,35,58,0,2.552,26,33,1
2025020043,2025,2025-10-13,TOR,DET,2,3,2,3,REG,3.288,40,53,0,2.141,15,29,0
2025020044,2025,2025-10-13,PHI,FLA,5,2,5,2,REG,2.859,22,41,2,2.718,26,33,0
2025020045,2025,2025-10-13,CBJ,NJD,2,3,2,3,REG,3.696,33,49,0,2.431,28,43,1
2025020046,2025,2025-10-13,VAN,STL,2,5,2,5,REG,3.251,29,47,0,2.929,36,49,1
2025020047,2025,2025-10-13,MIN,LAK,4,3,3,3,SO,2.151,25,37,0,2.615,31,41,0
2025020048,2025,2025-10-13,CHI,UTA,3,1,3,1,REG,1.598,14,26,1,2.360,22,42,0
2025020049,2025,2025-10-14,TOR,NSH,7,4,7,4,REG,3.162,28,45,2,2.449,30,44,0
2025020050,2025,2025-10-14,MTL,SEA,5,4,4,4,OT,2.084,21,33,0,2.238,22,33,0
2025020051,2025,2025-10-14,NYR,EDM,0,2,0,2,REG,3.338,30,49,0,1.603,22,33,1
2025020052,2025,2025-10-14,WSH,TBL,3,2,2,2,OT,2.433,26,42,0,2.103,19,29,0
2025020053,2025,2025-10-14,CGY,VGK,2,4,2,4,REG,2.284,29,44,0,2.222,30,49,1
2025020054,2025,2025-10-14,DAL,MIN,5,2,5,2,REG,2.161,25,35,2,2.777,41,51,0
2025020055,2025,2025-10-14,SJS,CAR,1,5,1,5,REG,2.145,17,27,0,3.414,43,64,0
2025020056,2025,2025-10-14,ANA,PIT,4,3,4,3,REG,2.824,22,43,0,2.530,25,36,0
2025020057,2025,2025-10-15,BUF,OTT,8,4,8,4,REG,2.612,27,32,1,3.749,37,52,0
2025020058,2025,2025-10-15,DET,FLA,4,1,4,1,REG,3.168,25,42,2,2.577,21,39,0
2025020059,2025,2025-10-15,STL,CHI,3,8,3,8,REG,2.836,26,43,0,3.104,29,43,0
2025020060,2025,2025-10-15,UTA,CGY,3,1,3,1,REG,3.739,32,48,1,3.502,20,39,0
2025020061,2025,2025-10-16,TOR,NYR,2,1,1,1,OT,2.330,23,37,0,3.134,29,45,0
2025020062,2025,2025-10-16,MTL,NSH,3,2,2,2,OT,2.955,27,38,0,2.175,16,31,0
2025020063,2025,2025-10-16,OTT,SEA,4,3,3,3,SO,2.213,22,45,0,3.423,28,43,0
2025020064,2025,2025-10-16,NJD,FLA,3,1,3,1,REG,2.959,33,48,0,2.372,22,36,0
2025020065,2025,2025-10-16,NYI,EDM,4,2,4,2,REG,3.020,25,43,1,4.070,33,48,0
2025020066,2025,2025-10-16,PHI,WPG,2,5,2,5,REG,2.113,17,27,0,1.312,15,22,1
2025020067,2025,2025-10-16,CBJ,COL,1,4,1,4,REG,2.231,23,40,0,3.467,36,55,1
2025020068,2025,2025-10-16,DAL,VAN,3,5,3,5,REG,4.284,31,46,0,2.837,26,40,0
2025020069,2025,2025-10-16,VGK,BOS,6,5,6,5,REG,4.663,37,52,0,2.543,24,41,0
2025020070,2025,2025-10-16,ANA,CAR,1,4,1,4,REG,2.343,24,36,0,3.696,32,44,0
2025020071,2025,2025-10-16,LAK,PIT,2,4,2,4,REG,2.866,32,44,0,3.231,26,38,1
2025020072,2025,2025-10-17,DET,TBL,2,1,1,1,OT,2.845,28,44,0,2.915,30,48,0
2025020073,2025,2025-10-17,WSH,MIN,5,1,5,1,REG,4.461,45,56,0,1.721,14,28,0
2025020074,2025,2025-10-17,CHI,VAN,2,3,2,2,SO,2.538,32,45,0,4.493,29,49,0
2025020075,2025,2025-10-17,UTA,SJS,6,3,6,3,REG,3.854,34,49,0,2.077,21,28,0
2025020076,2025,2025-10-18,BUF,FLA,3,0,3,0,REG,2.538,31,46,0,3.629,32,56,0
2025020077,2025,2025-10-18,OTT,NYI,4,5,4,5,REG,3.155,32,42,0,2.834,23,37,0
2025020078,2025,2025-10-18,NJD,EDM,5,3,5,3,REG,2.967,23,37,1,2.674,30,40,0
2025020079,2025,2025-10-18,TOR,SEA,3,4,3,3,OT,2.272,30,40,0,1.648,24,32,0
2025020080,2025,2025-10-18,MTL,NYR,3,4,3,4,REG,2.295,24,37,0,2.647,22,40,0
2025020081,2025,2025-10-18,PHI,MIN,2,1,1,1,OT,2.172,20,34,0,2.085,15,36,0
2025020082,2025,2025-10-18,CBJ,TBL,3,2,3,2,REG,2.687,31,47,0,3.753,24,43,0
2025020083,2025,2025-10-18,STL,DAL,3,1,3,1,REG,2.294,22,33,1,1.873,19,27,0
2025020084,2025,2025-10-18,WPG,NSH,4,1,4,1,REG,3.178,24,39,0,4.056,31,57,0
2025020085,2025,2025-10-18,COL,BOS,4,1,4,1,REG,3.263,38,59,1,1.186,14,21,0
2025020086,2025,2025-10-18,LAK,CAR,3,4,3,3,OT,2.337,28,41,0,3.218,39,55,0
2025020087,2025,2025-10-18,VGK,CGY,6,1,6,1,REG,3.128,28,38,0,2.581,27,42,0
2025020088,2025,2025-10-18,SJS,PIT,0,3,0,3,REG,2.534,31,43,0,2.727,27,38,1
2025020089,2025,2025-10-19,WSH,VAN,3,4,3,4,REG,4.563,31,60,0,2.986,24,35,0
2025020090,2025,2025-10-19,DET,EDM,4,2,4,2,REG,2.144,25,39,1,1.885,18,31,0
2025020091,2025,2025-10-19,CHI,ANA,2,1,1,1,OT,2.657,25,43,0,3.170,36,52,0
2025020092,2025,2025-10-19,UTA,BOS,3,2,3,2,REG,3.561,27,40,0,2.013,26,32,0
2025020093,2025,2025-10-20,NYR,MIN,1,3,1,3,REG,2.690,24,44,0,3.240,32,50,1
2025020094,2025,2025-10-20,PHI,SEA,5,2,5,2,REG,2.632,27,36,0,2.297,23,36,0
2025020095,2025,2025-10-20,MTL,BUF,4,2,4,2,REG,3.259,32,47,1,4.643,32,51,0
2025020096,2025,2025-10-20,CGY,WPG,1,2,1,2,REG,2.867,33,48,0,3.707,27,34,0
2025020097,2025,2025-10-20,VGK,CAR,4,1,4,1,REG,2.248,26,37,1,2.089,27,37,0
2025020098,2025,2025-10-21,TOR,NJD,2,5,2,5,REG,2.786,25,39,0,3.360,35,46,1
2025020099,2025,2025-10-21,OTT,EDM,2,3,2,2,OT,1.678,21,31,0,1.890,22,30,0
2025020100,2025,2025-10-21,NYI,SJS,4,3,4,3,REG,3.551,27,45,0,3.872,36,49,0
2025020101,2025,2025-10-21,PIT,VAN,5,1,5,1,REG,4.341,26,42,0,3.403,24,49,0
2025020102,2025,2025-10-21,WSH,SEA,4,1,4,1,REG,3.218,34,50,1,1.982,19,33,0
2025020103,2025,2025-10-21,BOS,FLA,3,4,3,4,REG,2.811,31,45,0,3.249,23,36,0
2025020104,2025,2025-10-21,STL,LAK,1,2,1,1,OT,2.008,18,30,0,1.535,26,36,0
2025020105,2025,2025-10-21,NSH,ANA,2,5,2,5,REG,2.238,28,42,0,4.216,32,51,0
2025020106,2025,2025-10-21,DAL,CBJ,1,5,1,5,REG,3.394,23,38,0,2.356,29,45,1
2025020107,2025,2025-10-21,UTA,COL,4,3,3,3,OT,2.935,32,43,0,2.840,33,45,0
2025020108,2025,2025-10-22,NJD,MIN,4,1,4,1,REG,3.200,35,51,1,3.746,31,44,0
2025020109,2025,2025-10-22,BUF,DET,4,2,4,2,REG,3.471,31,54,0,3.828,31,51,0
2025020110,2025,2025-10-22,CGY,MTL,1,2,1,1,OT,2.671,37,49,0,2.458,27,34,0
2025020111,2025,2025-10-23,BOS,ANA,5,7,5,7,REG,4.131,42,56,0,3.374,30,48,1
2025020112,2025,2025-10-23,OTT,PHI,2,1,2,1,REG,2.210,33,40,0,2.483,23,34,0
2025020113,2025,2025-10-23,TBL,CHI,2,3,2,3,REG,3.214,31,54,0,2.904,25,41,0
2025020114,2025,2025-10-23,FLA,PIT,3,5,3,5,REG,4.832,37,61,0,1.539,17,34,0
2025020115,2025,2025-10-23,NYI,DET,7,2,7,2,REG,3.170,30,41,0,4.279,34,52,0
2025020116,2025,2025-10-23,NYR,SJS,5,6,5,5,OT,2.700,27,41,0,2.327,22,33,0
2025020117,2025,2025-10-23,STL,UTA,4,7,4,7,REG,2.512,20,31,0,2.094,25,35,1
2025020118,2025,2025-10-23,NSH,VAN,2,1,2,1,REG,2.256,35,38,0,2.799,22,32,0
2025020119,2025,2025-10-23,DAL,LAK,2,3,2,2,OT,3.329,30,40,0,2.341,24,33,0
2025020120,2025,2025-10-23,WPG,SEA,0,3,0,3,REG,1.856,32,47,0,1.678,28,39,2
2025020121,2025,2025-10-23,COL,CAR,4,5,4,4,SO,4.938,45,64,0,2.544,29,37,0
2025020122,2025,2025-10-23,EDM,MTL,6,5,6,5,REG,3.949,29,44,0,4.057,27,43,0
2025020123,2025,2025-10-24,BUF,TOR,5,3,5,3,REG,2.665,30,45,0,2.844,34,45,0
2025020124,2025,2025-10-24,NJD,SJS,3,1,3,1,REG,3.594,29,46,1,2.248,17,26,0
2025020125,2025,2025-10-24,CBJ,WSH,1,5,1,5,REG,4.749,35,54,0,4.438,30,44,0
2025020126,2025,2025-10-24,WPG,CGY,5,3,5,3,REG,3.296,32,45,1,3.920,33,44,0
2025020127,2025,2025-10-25,PHI,NYI,4,3,3,3,SO,3.047,25,35,0,2.773,22,41,0
2025020128,2025,2025-10-25,BOS,COL,3,2,3,2,REG,1.935,19,34,0,4.098,33,49,0
2025020129,2025,2025-10-25,TBL,ANA,4,3,4,3,REG,4.807,33,55,0,2.673,40,49,0
2025020130,2025,2025-10-25,FLA,VGK,3,0,3,0,REG,3.424,26,43,0,1.671,17,33,0
2025020131,2025,2025-10-25,MIN,UTA,2,6,2,6,REG,3.521,35,48,0,3.899,41,50,1
2025020132,2025,2025-10-25,TOR,BUF,4,3,3,3,OT,2.144,22,35,0,2.320,25,34,0
2025020133,2025,2025-10-25,DET,STL,6,4,6,4,REG,2.389,28,38,1,4.044,29,44,0
2025020134,2025,2025-10-25,PIT,CBJ,4,5,4,4,SO,3.136,30,43,0,3.531,38,55,0
2025020135,2025,2025-10-25,WSH,OTT,1,7,1,7,REG,1.947,13,29,0,4.143,34,45,0
2025020136,2025,2025-10-25,VAN,MTL,3,4,3,4,REG,3.346,31,51,0,3.172,24,42,0
2025020137,2025,2025-10-25,NSH,LAK,5,4,4,4,SO,1.819,18,22,0,3.653,39,57,0
2025020138,2025,2025-10-25,DAL,CAR,3,2,3,2,REG,4.382,34,41,0,3.483,28,51,0
2025020139,2025,2025-10-25,SEA,EDM,3,2,3,2,REG,2.170,23,37,0,2.729,33,50,0
2025020140,2025,2025-10-26,NJD,COL,4,3,3,3,OT,2.186,22,38,0,2.882,24,46,0
2025020141,2025,2025-10-26,TBL,VGK,2,1,1,1,OT,2.909,27,38,0,1.666,19,25,0
2025020142,2025,2025-10-26,MIN,SJS,5,6,5,5,OT,3.418,31,53,0,2.681,24,31,0
2025020143,2025,2025-10-26,WPG,UTA,2,3,2,3,REG,3.863,30,46,0,2.939,32,50,0
2025020144,2025,2025-10-26,CHI,LAK,1,3,1,3,REG,1.996,23,33,0,1.879,22,37,1
2025020145,2025,2025-10-26,NSH,DAL,2,3,2,3,REG,3.120,25,41,0,3.609,28,46,0
2025020146,2025,2025-10-26,CGY,NYR,5,1,5,1,REG,2.914,30,47,0,2.815,31,48,0
2025020147,2025,2025-10-26,VAN,EDM,4,3,3,3,OT,2.279,26,39,0,2.814,29,44,0
2025020148,2025,2025-10-27,PIT,STL,6,3,6,3,REG,2.523,26,34,1,3.292,28,45,0
2025020149,2025,2025-10-27,OTT,BOS,7,2,7,2,REG,2.751,23,40,0,2.119,28,44,0
2025020150,2025,2025-10-28,PHI,PIT,3,2,2,2,SO,3.496,32,47,0,1.860,22,33,0
2025020151,2025,2025-10-28,TOR,CGY,4,3,4,3,REG,3.119,37,51,0,3.375,29,39,0
2025020152,2025,2025-10-28,BUF,CBJ,3,4,3,3,OT,3.006,37,49,0,3.584,37,54,0
2025020153,2025,2025-10-28,FLA,ANA,2,3,2,2,SO,4.234,28,48,0,2.505,16,30,0
2025020154,2025,2025-10-28,BOS,NYI,5,2,5,2,REG,1.901,22,32,1,3.565,35,46,0
2025020155,2025,2025-10-28,CAR,VGK,3,6,3,6,REG,2.099,24,38,0,4.268,35,48,1
2025020156,2025,2025-10-28,NSH,TBL,2,5,2,5,REG,1.945,20,26,0,3.355,32,45,1
2025020157,2025,2025-10-28,MIN,WPG,3,4,3,3,OT,3.726,35,55,0,2.175,20,36,0
2025020158,2025,2025-10-28,STL,DET,2,5,2,5,REG,1.752,22,32,0,2.659,20,38,1
2025020159,2025,2025-10-28,DAL,WSH,1,0,1,0,REG,2.222,19,32,0,2.933,24,41,0
2025020160,2025,2025-10-28,CHI,OTT,7,3,7,3,REG,1.666,26,38,1,2.206,24,42,0
2025020161,2025,2025-10-28,COL,NJD,8,4,8,4,REG,3.661,42,54,0,3.180,30,46,0
2025020162,2025,2025-10-28,EDM,UTA,6,3,6,3,REG,2.594,24,36,1,3.219,23,38,0
2025020163,2025,2025-10-28,VAN,NYR,0,2,0,2,REG,2.472,23,43,0,2.981,25,42,1
2025020164,2025,2025-10-28,SEA,MTL,3,4,3,3,OT,1.918,21,31,0,1.535,19,31,0
2025020165,2025,2025-10-28,SJS,LAK,3,4,3,4,REG,5.012,40,54,0,1.269,14,22,0
2025020166,2025,2025-10-29,CBJ,TOR,6,3,6,3,REG,2.182,24,36,0,3.901,36,52,0
2025020167,2025,2025-10-30,BOS,BUF,4,3,3,3,OT,2.021,19,36,0,5.389,40,61,0
2025020168,2025,2025-10-30,OTT,CGY,4,3,3,3,SO,2.772,31,46,0,2.304,28,33,0
2025020169,2025,2025-10-30,TBL,DAL,2,1,1,1,OT,4.332,30,55,0,2.316,20,29,0
2025020170,2025,2025-10-30,PHI,NSH,4,1,4,1,REG,1.588,18,29,1,3.818,33,47,0
2025020171,2025,2025-10-30,CAR,NYI,6,2,6,2,REG,5.257,34,57,0,2.724,28,42,0
2025020172,2025,2025-10-30,STL,VAN,3,4,3,3,SO,3.361,37,52,0,1.764,18,30,0
2025020173,2025,2025-10-30,MIN,PIT,1,4,1,4,REG,2.545,27,42,0,2.821,34,47,1
2025020174,2025,2025-10-30,WPG,CHI,6,3,6,3,REG,3.652,32,45,0,2.748,24,42,0
2025020175,2025,2025-10-30,EDM,NYR,3,4,3,3,OT,2.918,33,42,0,3.174,34,51,0
2025020176,2025,2025-10-30,SJS,NJD,5,2,5,2,REG,2.567,28,36,0,2.112,31,38,0
2025020177,2025,2025-10-30,LAK,DET,3,4,3,3,SO,3.865,33,57,0,3.083,27,40,0
2025020178,2025,2025-10-31,VGK,COL,2,4,2,4,REG,2.385,23,41,0,2.761,26,41,1
2025020179,2025,2025-10-31,WSH,NYI,1,3,1,3,REG,2.791,23,34,0,3.316,23,40,1
2025020180,2025,2025-10-31,ANA,DET,5,2,5,2,REG,3.069,32,45,1,3.922,30,49,0
2025020181,2025,2025-11-01,BOS,CAR,2,1,2,1,REG,3.031,22,38,0,2.328,29,43,0
2025020182,2025,2025-11-01,WPG,PIT,5,2,5,2,REG,3.502,34,47,1,3.253,30,44,0
2025020183,2025,2025-11-01,NSH,CGY,4,2,4,2,REG,2.309,24,34,1,2.565,35,52,0
2025020184,2025,2025-11-01,SJS,COL,3,2,2,2,OT,1.453,20,26,0,3.270,38,58,0
2025020185,2025,2025-11-01,FLA,DAL,4,3,3,3,SO,2.653,25,40,0,1.441,17,24,0
2025020186,2025,2025-11-01,BUF,WSH,4,3,3,3,SO,2.871,23,39,0,2.397,29,43,0
2025020187,2025,2025-11-01,MTL,OTT,4,3,3,3,OT,3.602,25,37,0,2.190,17,34,0
2025020188,2025,2025-11-01,PHI,TOR,2,5,2,5,REG,3.229,33,52,0,2.441,27,37,1
2025020189,2025,2025-11-01,CBJ,STL,3,2,3,2,REG,3.109,35,45,0,3.908,39,55,0
2025020190,2025,2025-11-01,MIN,VAN,5,2,5,2,REG,2.601,28,46,1,2.483,28,47,0
2025020191,2025,2025-11-01,LAK,NJD,1,4,1,4,REG,3.111,44,63,0,1.245,22,31,1
2025020192,2025,2025-11-01,EDM,CHI,3,2,2,2,OT,2.981,27,40,0,2.885,28,42,0
2025020193,2025,2025-11-01,SEA,NYR,2,3,2,2,OT,1.364,12,26,0,3.447,25,49,0
2025020194,2025,2025-11-02,UTA,TBL,2,4,2,4,REG,2.679,27,38,0,2.297,26,38,1
2025020195,2025,2025-11-02,NYI,CBJ,3,2,3,2,REG,4.145,39,53,0,2.783,22,33,0
2025020196,2025,2025-11-02,PHI,CGY,1,2,1,2,REG,1.592,18,32,0,1.462,21,30,0
2025020197,2025,2025-11-02,ANA,NJD,4,1,4,1,REG,3.352,29,43,1,3.200,33,51,0
2025020198,2025,2025-11-02,SJS,DET,2,3,2,2,SO,0.994,16,23,0,2.602,28,46,0
2025020199,2025,2025-11-03,TOR,PIT,4,3,4,3,REG,1.887,20,31,0,3.357,37,53,0
2025020200,2025,2025-11-03,STL,EDM,3,2,3,2,REG,2.284,22,35,0,2.297,26,37,0
2025020201,2025,2025-11-03,NSH,VAN,4,5,4,4,OT,3.239,28,42,0,2.974,34,46,0
2025020202,2025,2025-11-03,SEA,CHI,3,1,3,1,REG,1.993,24,34,0,3.567,30,45,0
2025020203,2025,2025-11-04,BUF,UTA,1,2,1,1,OT,1.596,17,26,0,3.870,34,53,0
2025020204,2025,2025-11-04,MTL,PHI,4,5,4,4,SO,2.591,18,32,0,4.930,40,52,0
2025020205,2025,2025-11-04,NYI,BOS,3,4,3,3,SO,4.001,31,46,0,3.096,26,38,0
2025020206,2025,2025-11-04,NYR,CAR,0,3,0,3,REG,2.326,26,39,0,2.584,32,49,1
2025020207,2025,2025-11-04,DAL,EDM,4,3,3,3,SO,3.768,24,38,0,2.611,24,39,0
2025020208,2025,2025-11-04,MIN,NSH,3,2,2,2,OT,2.438,21,39,0,3.277,33,50,0
2025020209,2025,2025-11-04,COL,TBL,3,2,3,2,REG,3.653,33,43,0,2.049,24,41,0
2025020210,2025,2025-11-04,VGK,DET,1,0,1,0,REG,3.796,34,49,0,2.195,24,46,0
2025020211,2025,2025-11-04,ANA,FLA,7,3,7,3,REG,3.644,32,47,0,2.725,21,39,0
2025020212,2025,2025-11-04,LAK,WPG,3,0,3,0,REG,2.726,26,39,1,2.362,23,39,0
2025020213,2025,2025-11-05,TOR,UTA,5,3,5,3,REG,2.163,19,33,1,2.011,24,36,0
2025020214,2025,2025-11-05,WSH,STL,6,1,6,1,REG,4.141,32,45,0,2.788,24,36,0
2025020215,2025,2025-11-05,CGY,CBJ,5,1,5,1,REG,1.953,26,34,1,3.637,43,61,0
2025020216,2025,2025-11-05,VAN,CHI,2,5,2,5,REG,4.710,45,63,0,2.681,28,41,1
2025020217,2025,2025-11-05,SEA,SJS,1,6,1,6,REG,4.203,30,48,0,2.142,23,33,0
2025020218,2025,2025-11-06,BOS,OTT,3,2,2,2,OT,2.015,21,33,0,1.853,20,30,0
2025020219,2025,2025-11-06,BUF,STL,0,3,0,3,REG,2.920,28,41,0,1.469,17,26,1
2025020220,2025,2025-11-06,NJD,MTL,4,3,3,3,OT,2.187,26,37,0,2.089,19,28,0
2025020221,2025,2025-11-06,PIT,WSH,5,3,5,3,REG,3.243,31,51,1,2.687,30,42,0
2025020222,2025,2025-11-06,CAR,MIN,4,3,4,3,REG,4.584,27,58,0,2.831,24,35,0
2025020223,2025,2025-11-06,NSH,PHI,1,3,1,3,REG,3.659,24,49,0,2.304,26,34,1
2025020224,2025,2025-11-06,DAL,ANA,5,7,5,7,REG,3.153,26,32,0,3.008,25,40,1
2025020225,2025,2025-11-06,VGK,TBL,3,6,3,6,REG,3.625,32,42,0,4.459,27,51,1
2025020226,2025,2025-11-06,LAK,FLA,2,5,2,5,REG,2.214,26,36,0,1.994,24,34,0
2025020227,2025,2025-11-07,DET,NYR,1,4,1,4,REG,2.508,33,43,0,3.547,26,46,0
2025020228,2025,2025-11-07,NYI,MIN,2,5,2,5,REG,2.385,27,34,0,2.979,26,40,0
2025020229,2025,2025-11-07,CGY,CHI,0,4,0,4,REG,2.396,33,46,0,1.760,27,34,0
2025020230,2025,2025-11-07,SJS,WPG,2,1,2,1,REG,3.359,28,41,0,3.417,33,42,0
2025020231,2025,2025-11-08,NJD,PIT,2,1,1,1,SO,2.271,23,33,0,2.440,30,42,0
2025020232,2025,2025-11-08,PHI,OTT,2,3,2,2,OT,2.353,22,36,0,2.023,13,26,0
2025020233,2025,2025-11-08,NSH,DAL,4,5,4,5,REG,1.706,21,31,0,2.683,22,34,0
2025020234,2025,2025-11-08,TOR,BOS,3,5,3,5,REG,3.941,33,52,0,3.667,39,57,0
2025020235,2025,2025-11-08,MTL,UTA,6,2,6,2,REG,2.851,23,35,0,3.263,27,41,0
2025020236,2025,2025-11-08,TBL,WSH,3,2,3,2,REG,1.731,20,29,0,2.499,31,50,0
2025020237,2025,2025-11-08,NYR,NYI,0,5,0,5,REG,3.345,33,48,0,2.344,26,40,1
2025020238,2025,2025-11-08,CAR,BUF,6,3,6,3,REG,3.231,35,53,2,2.568,22,35,0
2025020239,2025,2025-11-08,STL,SEA,3,4,3,3,OT,1.978,19,31,0,2.000,29,43,0
2025020240,2025,2025-11-08,EDM,COL,1,9,1,9,REG,2.615,24,37,0,4.092,34,43,0
2025020241,2025,2025-11-08,VAN,CBJ,4,3,4,3,REG,2.930,24,42,0,4.317,32,53,0
2025020242,2025,2025-11-08,VGK,ANA,3,4,3,3,OT,3.600,36,50,0,2.375,26,44,0
2025020243,2025,2025-11-08,SJS,FLA,3,1,3,1,REG,1.765,23,31,1,3.848,39,58,0
2025020244,2025,2025-11-09,DET,CHI,1,5,1,5,REG,5.165,46,67,0,1.688,20,26,1
2025020245,2025,2025-11-09,PIT,LAK,2,3,2,3,REG,3.519,33,49,0,2.479,27,43,0
2025020246,2025,2025-11-09,TOR,CAR,4,5,4,5,REG,2.256,20,25,0,4.582,47,63,0
2025020247,2025,2025-11-09,OTT,UTA,4,2,4,2,REG,2.561,25,37,0,3.684,31,45,0
2025020248,2025,2025-11-09,DAL,SEA,2,1,2,1,REG,3.352,25,37,0,3.127,31,41,0
2025020249,2025,2025-11-09,MIN,CGY,2,0,2,0,REG,1.917,19,35,1,2.574,36,53,0
2025020250,2025,2025-11-09,VAN,COL,4,5,4,4,OT,4.264,33,55,0,3.203,30,44,0
2025020251,2025,2025-11-09,ANA,WPG,4,1,4,1,REG,2.686,21,45,0,2.419,24,44,0
2025020252,2025,2025-11-10,NJD,NYI,2,3,2,2,OT,4.674,35,53,0,1.450,23,26,0
2025020253,2025,2025-11-10,NYR,NSH,6,3,6,3,REG,2.093,18,29,0,3.060,30,46,0
2025020254,2025,2025-11-10,EDM,CBJ,5,4,4,4,OT,2.647,22,34,0,2.996,21,44,0
2025020255,2025,2025-11-10,VGK,FLA,2,3,2,3,REG,2.649,32,45,0,1.873,20,37,0
2025020256,2025,2025-11-11,BOS,TOR,5,3,5,3,REG,4.036,32,56,0,4.547,33,51,0
2025020257,2025,2025-11-11,MTL,LAK,1,5,1,5,REG,2.392,22,40,0,3.720,26,45,1
2025020258,2025,2025-11-11,OTT,DAL,2,3,2,2,OT,2.066,27,37,0,2.029,29,38,0
2025020259,2025,2025-11-11,CAR,WSH,1,4,1,4,REG,4.216,31,48,0,2.653,28,39,1
2025020260,2025,2025-11-11,STL,CGY,3,2,3,2,REG,2.754,31,41,0,2.935,40,52,0
2025020261,2025,2025-11-11,MIN,SJS,1,2,1,1,OT,2.959,29,45,0,2.127,17,30,0
2025020262,2025,2025-11-11,COL,ANA,4,1,4,1,REG,3.368,36,51,1,2.974,36,45,0
2025020263,2025,2025-11-11,VAN,WPG,3,5,3,5,REG,3.532,33,50,0,2.461,30,45,1
2025020264,2025,2025-11-11,SEA,CBJ,1,2,1,1,SO,2.480,22,40,0,3.005,33,51,0
2025020265,2025,2025-11-12,TBL,NYR,3,7,3,7,REG,4.913,36,58,0,2.467,21,30,1
2025020266,2025,2025-11-12,PHI,EDM,1,2,1,1,OT,2.548,20,33,0,2.402,29,39,0
2025020267,2025,2025-11-12,UTA,BUF,5,2,5,2,REG,3.223,37,51,1,2.362,19,37,0
2025020268,2025,2025-11-12,CHI,NJD,3,4,3,3,OT,2.102,20,32,0,2.549,33,52,0
2025020269,2025,2025-11-13,TOR,LAK,3,4,3,3,OT,1.852,15,26,0,4.295,36,60,0
2025020270,2025,2025-11-13,MTL,DAL,0,7,0,7,REG,2.896,24,39,0,2.274,19,28,0
2025020271,2025,2025-11-13,OTT,BOS,5,3,5,3,REG,1.317,22,31,1,2.065,21,32,0
2025020272,2025,2025-11-13,DET,ANA,6,3,6,3,REG,3.209,33,44,1,3.299,28,47,0
2025020273,2025,2025-11-13,FLA,WSH,6,3,6,3,REG,3.199,28,44,1,3.303,40,62,0
2025020274,2025,2025-11-13,CBJ,EDM,5,4,5,4,REG,3.857,25,40,0,3.538,29,49,0
2025020275,2025,2025-11-13,COL,BUF,6,3,6,3,REG,3.756,34,58,1,2.815,21,39,0
2025020276,2025,2025-11-13,CGY,SJS,2,0,2,0,REG,3.406,36,52,1,1.676,17,27,0
2025020277,2025,2025-11-13,VGK,NYI,3,4,3,3,OT,4.743,26,44,0,2.798,21,39,0
2025020278,2025,2025-11-13,SEA,WPG,5,3,5,3,REG,2.292,18,34,1,2.002,26,40,0
2025020279,2025,2025-11-14,CAR,VAN,4,3,3,3,OT,3.660,34,57,0,1.191,16,22,0
2025020280,2025,2025-11-14,STL,PHI,5,6,5,5,SO,1.915,16,27,0,1.729,25,34,0
2025020281,2025,2025-11-14,NSH,PIT,2,1,1,1,OT,3.213,28,45,0,1.735,17,25,0
2025020282,2025,2025-11-14,UTA,NYI,2,3,2,2,OT,3.552,30,48,0,3.192,19,35,0
2025020283,2025,2025-11-15,FLA,TBL,1,3,1,3,REG,2.426,23,47,0,2.751,20,34,1
2025020284,2025,2025-11-15,MIN,ANA,2,0,2,0,REG,2.726,30,46,1,2.591,28,41,0
2025020285,2025,2025-11-15,MTL,BOS,2,3,2,3,REG,4.116,28,52,0,3.679,23,40,0
2025020286,2025,2025-11-15,OTT,LAK,0,1,0,1,REG,2.262,17,36,0,1.196,18,28,0
2025020287,2025,2025-11-15,DET,BUF,4,5,4,4,OT,2.838,28,42,0,2.584,26,36,0
2025020288,2025,2025-11-15,WSH,NJD,2,3,2,2,SO,2.934,29,44,0,3.480,26,42,0
2025020289,2025,2025-11-15,CAR,EDM,3,4,3,3,OT,3.365,36,54,0,3.185,22,37,0
2025020290,2025,2025-11-15,CBJ,NYR,1,2,1,1,SO,2.747,26,40,0,2.918,32,53,0
2025020291,2025,2025-11-15,CHI,TOR,3,2,3,2,REG,3.140,32,53,0,3.396,33,47,0
2025020292,2025,2025-11-15,STL,VGK,1,4,1,4,REG,1.672,23,34,0,3.416,34,55,0
2025020293,2025,2025-11-15,DAL,PHI,5,1,5,1,REG,3.830,28,47,0,2.011,21,31,0
2025020294,2025,2025-11-15,CGY,WPG,3,4,3,3,SO,2.957,33,44,0,2.780,22,43,0
2025020295,2025,2025-11-15,SEA,SJS,4,1,4,1,REG,1.954,23,33,1,2.779,26,45,0
2025020296,2025,2025-11-16,PIT,NSH,4,0,4,0,REG,2.327,22,37,1,1.723,21,36,0
2025020297,2025,2025-11-16,TBL,VAN,2,6,2,6,REG,5.086,30,49,0,1.757,18,27,1
2025020298,2025,2025-11-16,MIN,VGK,3,2,2,2,OT,1.315,25,31,0,1.916,25,38,0
2025020299,2025,2025-11-16,NYR,DET,1,2,1,2,REG,2.285,19,36,0,4.686,42,57,0
2025020300,2025,2025-11-16,COL,NYI,4,1,4,1,REG,2.601,28,41,1,2.909,29,45,0
2025020301,2025,2025-11-17,BOS,CAR,1,3,1,3,REG,1.913,30,38,0,3.756,32,58,0
2025020302,2025,2025-11-17,BUF,EDM,5,1,5,1,REG,3.577,28,47,1,2.201,33,46,0
2025020303,2025,2025-11-17,FLA,VAN,8,5,8,5,REG,3.865,41,52,1,2.497,15,30,0
2025020304,2025,2025-11-17,WSH,LAK,2,1,2,1,REG,2.897,25,37,0,3.502,31,44,0
2025020305,2025,2025-11-17,CBJ,MTL,4,3,3,3,SO,2.108,23,31,0,2.686,26,39,0
2025020306,2025,2025-11-17,ANA,UTA,3,2,2,2,OT,2.210,25,42,0,1.737,18,31,0
2025020307,2025,2025-11-18,TOR,STL,3,2,2,2,OT,1.791,28,39,0,2.484,30,47,0
2025020308,2025,2025-11-18,DET,SEA,4,2,4,2,REG,2.983,27,43,1,1.914,22,31,0
2025020309,2025,2025-11-18,TBL,NJD,5,1,5,1,REG,3.338,29,43,0,3.291,32,47,0
2025020310,2025,2025-11-18,DAL,NYI,2,3,2,3,REG,3.084,24,37,0,2.323,22,33,0
2025020311,2025,2025-11-18,WPG,CBJ,5,2,5,2,REG,2.691,30,46,0,2.404,22,36,0
2025020312,2025,2025-11-18,CHI,CGY,5,2,5,2,REG,1.972,23,34,1,1.843,21,35,0
2025020313,2025,2025-11-18,VGK,NYR,3,2,3,2,REG,2.309,26,40,0,2.376,19,35,0
2025020314,2025,2025-11-18,SJS,UTA,3,2,2,2,OT,1.401,20,27,0,2.319,25,36,0
2025020315,2025,2025-11-19,WSH,EDM,7,4,7,4,REG,2.626,22,35,2,3.863,30,48,0
2025020316,2025,2025-11-19,BUF,CGY,2,6,2,6,REG,2.157,30,43,0,2.799,35,48,0
2025020317,2025,2025-11-19,MIN,CAR,4,3,3,3,SO,1.572,19,26,0,3.282,43,64,0
2025020318,2025,2025-11-19,ANA,BOS,4,3,4,3,REG,2.995,33,46,0,3.520,39,53,0
2025020319,2025,2025-11-20,TOR,CBJ,2,3,2,2,OT,2.422,28,42,0,2.318,26,42,0
2025020320,2025,2025-11-20,MTL,WSH,4,8,4,8,REG,3.186,28,40,0,3.842,36,54,1
2025020321,2025,2025-11-20,DET,NYI,0,5,0,5,REG,3.004,29,42,0,3.207,26,38,0
2025020322,2025,2025-11-20,TBL,EDM,2,1,1,1,OT,3.532,33,43,0,2.151,22,35,0
2025020323,2025,2025-11-20,FLA,NJD,1,0,1,0,REG,2.789,24,46,0,2.607,32,40,0
2025020324,2025,2025-11-20,PHI,STL,3,2,2,2,OT,2.713,26,43,0,2.136,26,32,0
2025020325,2025,2025-11-20,CHI,SEA,2,3,2,3,REG,2.443,24,41,0,2.537,27,39,0
2025020326,2025,2025-11-20,COL,NYR,6,3,6,3,REG,3.097,35,54,2,1.462,19,30,0
2025020327,2025,2025-11-20,UTA,VGK,1,4,1,4,REG,2.992,26,42,0,2.963,33,39,0
2025020328,2025,2025-11-20,VAN,DAL,2,4,2,4,REG,4.922,36,56,0,2.503,24,33,0
2025020329,2025,2025-11-20,ANA,OTT,2,3,2,3,REG,2.527,25,43,0,3.663,25,40,0
2025020330,2025,2025-11-20,SJS,LAK,4,3,3,3,SO,2.564,22,33,0,3.594,34,55,0
2025020331,2025,2025-11-21,BUF,CHI,9,3,9,3,REG,2.835,31,39,0,1.954,23,34,0
2025020332,2025,2025-11-21,PIT,MIN,0,5,0,5,REG,1.863,19,36,0,3.054,21,37,0
2025020333,2025,2025-11-21,WPG,CAR,3,4,3,4,REG,2.420,28,40,0,2.072,28,44,0
2025020334,2025,2025-11-21,LAK,BOS,1,2,1,1,OT,2.705,32,51,0,2.224,23,44,0
2025020335,2025,2025-11-22,DET,CBJ,4,3,3,3,OT,2.942,31,45,0,3.659,34,51,0
2025020336,2025,2025-11-22,NYI,STL,1,2,1,2,REG,3.548,30,45,0,2.372,22,37,0
2025020337,2025,2025-11-22,MTL,TOR,5,2,5,2,REG,3.656,29,45,1,1.625,26,38,0
2025020338,2025,2025-11-22,FLA,EDM,3,6,3,6,REG,4.667,38,67,0,3.406,31,50,2
2025020339,2025,2025-11-22,PHI,NJD,6,3,6,3,REG,3.817,29,44,0,3.698,35,60,0
2025020340,2025,2025-11-22,PIT,SEA,2,3,2,2,OT,3.591,30,49,0,1.826,20,34,0
2025020341,2025,2025-11-22,WSH,TBL,3,5,3,5,REG,4.410,32,48,0,2.134,16,26,0
2025020342,2025,2025-11-22,SJS,OTT,2,3,2,3,REG,2.000,19,28,0,3.013,27,42,0
2025020343,2025,2025-11-22,NSH,COL,0,3,0,3,REG,3.188,35,53,0,2.624,26,41,2
2025020344,2025,2025-11-22,UTA,NYR,3,2,3,2,REG,3.443,34,49,0,2.867,22,40,0
2025020345,2025,2025-11-22,CGY,DAL,3,2,2,2,SO,3.459,32,46,0,3.331,29,40,0
2025020346,2025,2025-11-22,ANA,VGK,4,3,3,3,OT,2.763,30,49,0,2.933,31,40,0
2025020347,2025,2025-11-23,BUF,CAR,4,1,4,1,REG,2.949,21,37,1,4.112,30,56,0
2025020348,2025,2025-11-23,WPG,MIN,0,3,0,3,REG,2.693,32,45,0,1.970,30,35,0
2025020349,2025,2025-11-23,NYI,SEA,1,0,0,0,SO,3.206,31,48,0,2.022,18,33,0
2025020350,2025,2025-11-23,CHI,COL,0,1,0,1,REG,2.327,22,36,0,2.266,26,43,0
2025020351,2025,2025-11-23,SJS,BOS,3,1,3,1,REG,2.649,31,40,1,3.337,35,54,0
2025020352,2025,2025-11-23,VAN,CGY,2,5,2,5,REG,3.007,31,51,0,2.135,21,34,0
2025020353,2025,2025-11-24,TBL,PHI,3,0,3,0,REG,2.754,18,31,1,1.801,20,33,0
2025020354,2025,2025-11-24,NJD,DET,4,3,4,3,REG,1.970,20,30,0,4.850,35,62,0
2025020355,2025,2025-11-24,NYR,STL,3,2,3,2,REG,1.736,21,33,0,2.332,21,31,0
2025020356,2025,2025-11-24,WSH,CBJ,5,1,5,1,REG,3.063,31,46,0,2.698,23,36,0
2025020357,2025,2025-11-24,NSH,FLA,3,8,3,8,REG,2.646,39,49,0,2.654,26,35,0
2025020358,2025,2025-11-24,UTA,VGK,5,1,5,1,REG,2.647,23,41,2,4.141,34,55,0
2025020359,2025,2025-11-24,LAK,OTT,2,1,2,1,REG,1.560,22,33,0,2.722,28,44,0
2025020360,2025,2025-11-25,EDM,DAL,3,8,3,8,REG,2.130,25,37,0,3.863,30,41,0
2025020361,2025,2025-11-26,DET,NSH,3,6,3,6,REG,2.965,31,46,0,3.322,29,43,1
2025020362,2025,2025-11-26,TBL,CGY,5,1,5,1,REG,3.367,23,41,0,4.837,32,46,0
2025020363,2025,2025-11-26,FLA,PHI,2,4,2,4,REG,2.710,27,42,0,1.776,18,35,0
2025020364,2025,2025-11-26,NJD,STL,3,2,2,2,OT,2.366,27,40,0,2.375,23,34,0
2025020365,2025,2025-11-26,NYI,BOS,1,3,1,3,REG,5.321,44,63,0,1.297,14,24,0
2025020366,2025,2025-11-26,PIT,BUF,4,2,4,2,REG,1.584,19,30,1,3.288,31,49,0
2025020367,2025,2025-11-26,WSH,WPG,4,3,4,3,REG,2.677,35,44,0,3.735,21,37,0
2025020368,2025,2025-11-26,CAR,NYR,2,4,2,4,REG,4.395,38,55,0,2.238,18,35,1
2025020369,2025,2025-11-26,CBJ,TOR,1,2,1,1,OT,3.424,32,48,0,2.246,21,35,0
2025020370,2025,2025-11-26,CHI,MIN,3,4,3,3,OT,4.230,37,58,0,2.535,22,39,0
2025020371,2025,2025-11-26,COL,SJS,6,0,6,0,REG,4.530,42,62,0,2.525,26,39,0
2025020372,2025,2025-11-26,UTA,MTL,3,4,3,4,REG,4.487,34,52,0,2.173,17,26,0
2025020373,2025,2025-11-26,VGK,OTT,3,4,3,3,SO,3.573,33,48,0,1.960,21,37,0
2025020374,2025,2025-11-26,ANA,VAN,4,5,4,5,REG,5.085,41,72,0,3.853,28,49,1
2025020375,2025,2025-11-26,SEA,DAL,2,3,2,3,REG,2.425,28,39,0,2.472,21,30,0
2025020376,2025,2025-11-28,BOS,NYR,2,6,2,6,REG,2.418,21,37,0,4.030,37,52,1
2025020377,2025,2025-11-28,DET,TBL,3,6,3,6,REG,4.052,37,48,0,3.496,27,40,1
2025020378,2025,2025-11-28,MIN,COL,3,2,2,2,SO,3.858,39,54,0,3.346,38,57,0
2025020379,2025,2025-11-28,BUF,NJD,0,5,0,5,REG,3.917,42,64,0,2.167,23,29,0
2025020380,2025,2025-11-28,FLA,CGY,3,5,3,5,REG,5.870,41,65,0,2.703,34,50,1
2025020381,2025,2025-11-28,NYI,PHI,3,4,3,3,SO,3.416,28,47,0,2.000,20,28,0
2025020382,2025,2025-11-28,STL,OTT,4,3,4,3,REG,2.760,31,42,0,2.945,28,40,0
2025020383,2025,2025-11-28,VGK,MTL,1,4,1,4,REG,3.648,31,50,0,2.498,19,33,1
2025020384,2025,2025-11-28,ANA,LAK,5,4,4,4,SO,2.978,27,44,0,2.620,25,37,0
2025020385,2025,2025-11-28,SJS,VAN,3,2,3,2,REG,2.560,24,34,0,3.986,34,47,0
2025020386,2025,2025-11-28,WSH,TOR,4,2,4,2,REG,3.230,34,51,1,2.899,22,38,0
2025020387,2025,2025-11-28,CAR,WPG,5,1,5,1,REG,2.893,35,51,1,1.555,13,24,0
2025020388,2025,2025-11-28,CBJ,PIT,3,4,3,3,OT,3.612,29,41,0,2.752,23,40,0
2025020389,2025,2025-11-28,CHI,NSH,3,4,3,4,REG,3.136,27,47,0,2.706,29,45,0
2025020390,2025,2025-11-28,DAL,UTA,4,3,4,3,REG,3.675,28,37,0,3.272,30,39,0
2025020391,2025,2025-11-29,NYR,TBL,1,4,1,4,REG,1.861,13,30,0,3.836,35,55,1
2025020392,2025,2025-11-29,COL,MTL,7,2,7,2,REG,3.808,36,55,0,2.136,23,34,0
2025020393,2025,2025-11-29,SEA,EDM,0,4,0,4,REG,2.794,26,42,0,2.369,25,40,0
2025020394,2025,2025-11-29,BOS,DET,3,2,2,2,SO,2.229,19,34,0,3.297,22,38,0
2025020395,2025,2025-11-29,NJD,PHI,3,5,3,5,REG,3.686,32,49,0,2.729,32,39,1
2025020396,2025,2025-11-29,PIT,TOR,2,7,2,7,REG,3.443,35,58,0,2.404,23,31,0
2025020397,2025,2025-11-29,NSH,WPG,2,5,2,5,REG,2.261,23,39,0,3.060,27,42,1
2025020398,2025,2025-11-29,STL,UTA,1,0,1,0,REG,2.670,19,33,0,2.429,18,39,0
2025020399,2025,2025-11-29,MIN,BUF,2,3,2,2,SO,1.909,22,34,0,2.585,31,42,0
2025020400,2025,2025-11-29,VGK,SJS,4,3,4,3,REG,2.843,24,43,0,2.236,21,35,0
2025020401,2025,2025-11-29,LAK,VAN,2,1,1,1,OT,2.210,22,34,0,1.924,19,38,0
2025020402,2025,2025-11-30,NYI,WSH,1,4,1,4,REG,4.289,31,48,0,2.008,19,36,2
2025020403,2025,2025-11-30,CHI,ANA,5,3,5,3,REG,2.772,18,38,1,2.683,26,40,0
2025020404,2025,2025-11-30,CAR,CGY,1,0,0,0,OT,2.596,15,36,0,2.708,16,31,0
2025020405,2025,2025-11-30,DAL,OTT,6,1,6,1,REG,2.784,26,27,0,2.808,16,36,0
2025020406,2025,2025-12-01,NJD,CBJ,3,5,3,5,REG,3.673,33,52,0,1.998,25,32,0
2025020407,2025,2025-12-01,PHI,PIT,1,5,1,5,REG,2.514,29,41,0,3.056,27,40,0
2025020408,2025,2025-12-01,BUF,WPG,5,1,5,1,REG,2.468,31,39,0,2.337,24,36,0
2025020409,2025,2025-12-01,STL,ANA,1,4,1,4,REG,3.041,22,36,0,1.939,26,40,1
2025020410,2025,2025-12-01,SJS,UTA,6,3,6,3,REG,3.046,30,47,0,3.103,34,43,0
2025020411,2025,2025-12-02,MTL,OTT,2,5,2,5,REG,2.112,22,32,0,4.305,29,44,0
2025020412,2025,2025-12-02,DET,BOS,5,4,5,4,REG,3.709,32,44,0,3.211,38,49,0
2025020413,2025,2025-12-02,FLA,TOR,1,4,1,4,REG,2.311,26,41,0,3.518,31,48,1
2025020414,2025,2025-12-02,NYI,TBL,2,1,2,1,REG,1.920,24,37,0,4.273,31,52,0
2025020415,2025,2025-12-02,NYR,DAL,3,2,2,2,OT,3.360,39,52,0,2.113,26,35,0
2025020416,2025,2025-12-02,NSH,CGY,5,1,5,1,REG,2.521,28,42,0,2.152,28,41,0
2025020417,2025,2025-12-02,COL,VAN,3,1,3,1,REG,2.665,31,51,0,2.612,21,39,0
2025020418,2025,2025-12-02,EDM,MIN,0,1,0,1,REG,2.918,33,50,0,2.922,24,36,0
2025020419,2025,2025-12-02,VGK,CHI,4,3,3,3,SO,2.705,26,39,0,2.269,24,39,0
2025020420,2025,2025-12-02,LAK,WSH,1,3,1,3,REG,2.622,25,46,0,2.460,25,37,1
2025020421,2025,2025-12-03,NJD,DAL,0,3,0,3,REG,2.680,30,44,0,2.233,28,35,0
2025020422,2025,2025-12-03,MTL,WPG,3,2,2,2,SO,3.747,26,45,0,2.709,31,45,0
2025020423,2025,2025-12-03,PHI,BUF,5,2,5,2,REG,5.411,35,47,0,4.254,29,49,0
2025020424,2025,2025-12-03,ANA,UTA,0,7,0,7,REG,2.623,27,44,0,3.443,34,50,0
2025020425,2025,2025-12-03,SJS,WSH,1,7,1,7,REG,2.497,24,39,0,2.359,31,41,0
2025020426,2025,2025-12-04,BOS,STL,5,2,5,2,REG,2.493,27,36,0,3.431,39,58,0
2025020427,2025,2025-12-04,OTT,NYR,2,4,2,4,REG,2.807,27,43,0,2.470,28,40,1
2025020428,2025,2025-12-04,TBL,PIT,3,4,3,4,REG,4.955,40,58,0,3.127,31,47,0
2025020429,2025,2025-12-04,FLA,NSH,1,2,1,1,OT,3.874,28,41,0,3.761,26,45,0
2025020430,2025,2025-12-04,NYI,COL,6,3,6,3,REG,3.903,42,52,1,3.766,38,53,0
2025020431,2025,2025-12-04,CAR,TOR,1,5,1,5,REG,4.198,33,55,0,2.912,24,33,1
2025020432,2025,2025-12-04,CBJ,DET,6,5,5,5,SO,3.184,31,48,0,4.474,33,45,0
2025020433,2025,2025-12-04,CGY,MIN,4,1,4,1,REG,3.047,31,44,1,2.855,27,42,0
2025020434,2025,2025-12-04,EDM,SEA,9,4,9,4,REG,3.681,32,44,0,3.581,32,52,0
2025020435,2025,2025-12-04,LAK,CHI,1,2,1,2,REG,2.471,27,47,0,3.105,36,48,0
2025020436,2025,2025-12-05,NJD,VGK,0,3,0,3,REG,1.958,24,38,0,2.555,25,35,0
2025020437,2025,2025-12-05,WPG,BUF,4,1,4,1,REG,2.001,23,35,1,4.580,35,56,0
2025020438,2025,2025-12-05,DAL,SJS,4,1,4,1,REG,2.567,24,38,1,1.843,17,24,0
2025020439,2025,2025-12-05,VAN,UTA,1,4,1,4,REG,3.475,33,50,0,2.269,18,34,1
2025020440,2025,2025-12-05,ANA,WSH,4,3,3,3,SO,3.433,35,49,0,2.374,20,37,0
2025020441,2025,2025-12-06,NYR,COL,2,3,2,2,OT,1.974,27,44,0,2.947,41,49,0
2025020442,2025,2025-12-06,FLA,CBJ,7,6,6,6,OT,3.365,36,46,0,2.135,26,33,0
2025020443,2025,2025-12-06,BOS,NJD,4,1,4,1,REG,2.487,22,35,1,2.499,30,48,0
2025020444,2025,2025-12-06,TOR,MTL,1,2,1,1,SO,1.553,20,34,0,2.809,31,50,0
2025020445,2025,2025-12-06,OTT,STL,1,2,1,2,REG,3.954,42,57,0,1.607,20,31,0
2025020446,2025,2025-12-06,TBL,NYI,0,2,0,2,REG,4.042,32,50,0,1.620,19,32,1
2025020447,2025,2025-12-06,CAR,NSH,6,3,6,3,REG,4.711,40,52,0,2.345,22,38,0
2025020448,2025,2025-12-06,CGY,UTA,2,0,2,0,REG,2.688,23,39,1,2.747,28,38,0
2025020449,2025,2025-12-06,LAK,CHI,6,0,6,0,REG,3.341,32,43,0,1.068,23,33,0
2025020450,2025,2025-12-06,EDM,WPG,6,2,6,2,REG,3.538,27,41,0,2.082,21,35,0
2025020451,2025,2025-12-06,VAN,MIN,4,2,4,2,REG,1.935,21,34,0,3.484,30,47,0
2025020452,2025,2025-12-06,SEA,DET,3,4,3,4,REG,2.870,27,49,0,3.003,25,41,0
2025020453,2025,2025-12-07,PHI,COL,2,3,2,3,REG,2.283,25,39,0,2.659,28,45,0
2025020454,2025,2025-12-07,FLA,NYI,4,1,4,1,REG,2.527,30,44,1,2.341,21,36,0
2025020455,2025,2025-12-07,CAR,SJS,1,4,1,4,REG,3.532,29,57,0,1.854,23,31,1
2025020456,2025,2025-12-07,DAL,PIT,3,2,2,2,SO,2.709,19,30,0,2.795,27,43,0
2025020457,2025,2025-12-07,MTL,STL,3,4,3,4,REG,2.949,26,37,0,2.602,18,28,0
2025020458,2025,2025-12-07,NYR,VGK,2,3,2,2,OT,2.227,23,33,0,2.655,26,45,0
2025020459,2025,2025-12-07,WSH,CBJ,2,0,2,0,REG,4.555,38,57,1,3.483,39,51,0
2025020460,2025,2025-12-07,ANA,CHI,7,1,7,1,REG,6.025,53,72,0,1.064,20,25,0
2025020461,2025,2025-12-08,TOR,TBL,2,0,2,0,REG,2.045,25,38,1,2.090,29,41,0
2025020462,2025,2025-12-08,UTA,LAK,2,4,2,4,REG,2.272,21,35,0,2.489,27,39,1
2025020463,2025,2025-12-08,CGY,BUF,7,4,7,4,REG,2.888,28,39,2,3.558,29,48,0
2025020464,2025,2025-12-08,VAN,DET,0,4,0,4,REG,4.640,39,64,0,2.401,21,33,1
2025020465,2025,2025-12-08,SEA,MIN,1,4,1,4,REG,2.088,24,45,0,3.426,29,46,2
2025020466,2025,2025-12-09,MTL,TBL,1,6,1,6,REG,3.628,27,42,0,3.188,27,40,0
2025020467,2025,2025-12-09,OTT,NJD,3,4,3,4,REG,3.645,38,58,0,2.612,32,43,0
2025020468,2025,2025-12-09,NYI,VGK,5,4,4,4,SO,2.817,27,41,0,3.456,32,45,0
2025020469,2025,2025-12-09,PHI,SJS,4,1,4,1,REG,2.559,30,42,1,1.733,18,26,0
2025020470,2025,2025-12-09,PIT,ANA,3,4,3,3,SO,4.580,40,62,0,1.858,27,36,0
2025020471,2025,2025-12-09,CAR,CBJ,4,1,4,1,REG,5.013,32,57,1,2.922,24,35,0
2025020472,2025,2025-12-09,STL,BOS,2,5,2,5,REG,2.426,26,36,0,3.587,31,53,1
2025020473,2025,2025-12-09,WPG,DAL,3,4,3,4,REG,3.305,33,46,0,2.846,19,32,0
2025020474,2025,2025-12-09,EDM,BUF,3,4,3,3,OT,3.102,30,44,0,2.327,27,35,0
2025020475,2025,2025-12-09,NSH,COL,4,3,3,3,SO,2.733,26,37,0,3.192,38,54,0
2025020476,2025,2025-12-10,CHI,NYR,3,0,3,0,REG,2.606,25,39,0,2.381,21,35,0
2025020477,2025,2025-12-10,CGY,DET,3,4,3,4,REG,3.213,37,55,0,3.228,29,36,0
2025020478,2025,2025-12-10,UTA,FLA,3,4,3,4,REG,3.938,30,43,0,4.648,36,65,0
2025020479,2025,2025-12-10,SEA,LAK,3,2,2,2,OT,3.042,32,49,0,3.265,26,45,0
2025020480,2025,2025-12-11,TOR,SJS,2,3,2,2,OT,2.527,30,44,0,3.517,30,39,0
2025020481,2025,2025-12-11,NJD,TBL,4,8,4,8,REG,4.020,37,49,0,2.953,35,41,0
2025020482,2025,2025-12-11,NYI,ANA,5,2,5,2,REG,3.058,37,53,0,3.506,33,59,0
2025020483,2025,2025-12-11,PHI,VGK,2,3,2,2,OT,2.055,19,32,0,2.395,20,33,0
2025020484,2025,2025-12-11,PIT,MTL,2,4,2,4,REG,4.167,38,54,0,2.927,29,40,0
2025020485,2025,2025-12-11,WSH,CAR,2,3,2,2,SO,2.513,22,33,0,4.232,39,61,0
2025020486,2025,2025-12-11,CBJ,OTT,3,6,3,6,REG,1.819,27,36,0,1.893,29,36,1
2025020487,2025,2025-12-11,NSH,STL,7,2,7,2,REG,3.696,32,44,0,1.934,26,32,0
2025020488,2025,2025-12-11,MIN,DAL,5,2,5,2,REG,4.112,32,51,2,1.292,18,29,0
2025020489,2025,2025-12-11,WPG,BOS,3,6,3,6,REG,3.060,29,41,0,2.207,24,35,1
2025020490,2025,2025-12-11,COL,FLA,6,2,6,2,REG,3.929,42,57,0,2.470,25,34,0
2025020491,2025,2025-12-11,EDM,DET,4,1,4,1,REG,2.340,29,41,1,3.932,28,50,0
2025020492,2025,2025-12-11,VAN,BUF,2,3,2,3,REG,3.504,32,56,0,1.807,15,28,0
2025020493,2025,2025-12-12,STL,CHI,3,2,3,2,REG,2.389,26,40,0,1.741,29,39,0
2025020494,2025,2025-12-12,UTA,SEA,5,3,5,3,REG,3.298,33,49,2,4.048,37,49,0
2025020495,2025,2025-12-13,NJD,ANA,4,1,4,1,REG,3.447,22,40,1,3.300,31,48,0
2025020496,2025,2025-12-13,MIN,OTT,3,2,3,2,REG,2.431,25,34,0,4.596,36,55,0
2025020497,2025,2025-12-13,PIT,SJS,5,6,5,5,OT,4.087,42,57,0,4.079,30,50,0
2025020498,2025,2025-12-13,NYI,TBL,3,2,2,2,SO,2.043,16,29,0,4.446,33,49,0
2025020499,2025,2025-12-13,TOR,EDM,3,6,3,6,REG,3.271,28,46,0,3.448,38,53,0
2025020500,2025,2025-12-13,NYR,MTL,5,4,4,4,OT,3.743,24,47,0,2.207,17,34,0
2025020501,2025,2025-12-13,PHI,CAR,3,4,3,3,SO,1.898,18,26,0,2.600,19,44,0
2025020502,2025,2025-12-13,CBJ,VGK,2,3,2,3,REG,2.149,30,37,0,1.943,26,40,0
2025020503,2025,2025-12-13,WPG,WSH,5,1,5,1,REG,3.503,35,48,0,2.106,25,34,0
2025020504,2025,2025-12-13,CHI,DET,0,4,0,4,REG,2.440,26,44,0,2.578,24,34,1
2025020505,2025,2025-12-13,DAL,FLA,0,4,0,4,REG,2.314,15,27,0,2.671,23,35,1
2025020506,2025,2025-12-13,COL,NSH,4,2,4,2,REG,4.195,41,56,1,2.719,29,44,0
2025020507,2025,2025-12-13,LAK,CGY,1,2,1,1,OT,2.706,22,42,0,3.263,37,45,0
2025020508,2025,2025-12-14,NJD,VAN,1,2,1,2,REG,2.933,26,43,0,1.659,15,29,0
2025020509,2025,2025-12-14,PIT,UTA,4,5,4,4,OT,1.335,16,22,0,3.259,35,58,0
2025020510,2025,2025-12-14,CAR,PHI,3,2,2,2,SO,3.358,30,56,0,3.448,26,38,0
2025020511,2025,2025-12-14,MIN,BOS,6,2,6,2,REG,2.867,31,45,0,2.244,31,49,0
2025020512,2025,2025-12-14,MTL,EDM,4,1,4,1,REG,3.241,27,36,0,4.036,28,45,0
2025020513,2025,2025-12-14,SEA,BUF,1,3,1,3,REG,2.982,24,47,0,2.650,23,40,1
2025020514,2025,2025-12-15,TBL,FLA,2,5,2,5,REG,2.221,28,46,0,2.155,24,29,0
2025020515,2025,2025-12-15,NYR,ANA,1,4,1,4,REG,2.794,27,49,0,2.948,26,42,1
2025020516,2025,2025-12-15,WPG,OTT,2,3,2,2,OT,2.833,24,41,0,3.470,27,40,0
2025020517,2025,2025-12-15,STL,NSH,2,5,2,5,REG,2.097,22,35,0,2.564,26,42,1
2025020518,2025,2025-12-15,DAL,LAK,4,1,4,1,REG,3.199,26,36,1,3.604,28,44,0
2025020519,2025,2025-12-16,BOS,UTA,4,1,4,1,REG,2.214,23,35,0,2.562,21,35,0
2025020520,2025,2025-12-16,TOR,CHI,3,2,3,2,REG,2.287,27,42,0,1.655,25,31,0
2025020521,2025,2025-12-16,MTL,PHI,1,4,1,4,REG,2.998,22,44,0,2.217,21,29,1
2025020522,2025,2025-12-16,DET,NYI,3,2,3,2,REG,3.006,21,41,0,1.570,18,30,0
2025020523,2025,2025-12-16,NYR,VAN,0,3,0,3,REG,2.732,23,42,0,1.678,17,28,1
2025020524,2025,2025-12-16,PIT,EDM,4,6,4,6,REG,3.486,30,44,0,3.268,23,46,1
2025020525,2025,2025-12-16,CBJ,ANA,4,3,3,3,OT,2.214,25,32,0,2.416,27,38,0
2025020526,2025,2025-12-16,MIN,WSH,5,0,5,0,REG,2.883,32,47,0,2.523,25,43,0
2025020527,2025,2025-12-16,SJS,CGY,6,3,6,3,REG,3.651,26,44,1,2.387,30,39,0
2025020528,2025,2025-12-16,SEA,COL,3,5,3,5,REG,5.184,38,55,0,3.969,39,58,1
2025020529,2025,2025-12-17,FLA,LAK,3,2,3,2,REG,2.130,29,40,0,3.468,29,43,0
2025020530,2025,2025-12-17,DET,UTA,1,4,1,4,REG,2.566,28,40,0,2.420,28,40,0
2025020531,2025,2025-12-17,STL,WPG,1,0,1,0,REG,3.741,26,40,0,1.860,24,44,0
2025020532,2025,2025-12-17,NSH,CAR,1,4,1,4,REG,2.097,26,41,0,3.812,37,54,1
2025020533,2025,2025-12-17,VGK,NJD,1,2,1,1,SO,3.304,34,47,0,3.639,31,45,0
2025020534,2025,2025-12-18,BOS,EDM,1,3,1,3,REG,2.232,26,38,0,2.507,25,34,0
2025020535,2025,2025-12-18,BUF,PHI,5,3,5,3,REG,2.745,28,43,1,2.727,27,40,0
2025020536,2025,2025-12-18,MTL,CHI,4,1,4,1,REG,3.926,35,54,1,2.222,15,33,0
2025020537,2025,2025-12-18,OTT,PIT,4,0,4,0,REG,2.685,26,38,0,2.558,25,43,0
2025020538,2025,2025-12-18,TBL,LAK,1,2,1,2,REG,3.583,32,55,0,1.630,20,26,0
2025020539,2025,2025-12-18,WSH,TOR,4,0,4,0,REG,3.813,29,52,0,2.521,22,34,0
2025020540,2025,2025-12-18,CBJ,MIN,2,5,2,5,REG,2.496,29,42,0,2.687,28,45,2
2025020541,2025,2025-12-18,STL,NYR,1,2,1,1,OT,2.566,26,38,0,2.982,30,43,0
2025020542,2025,2025-12-18,CGY,SEA,4,2,4,2,REG,3.203,46,57,1,2.108,23,28,0
2025020543,2025,2025-12-18,SJS,DAL,3,5,3,5,REG,4.234,37,49,0,2.215,30,40,1
2025020544,2025,2025-12-19,FLA,CAR,4,3,3,3,SO,4.160,38,52,0,2.488,27,42,0
2025020545,2025,2025-12-19,NYI,VAN,1,4,1,4,REG,3.212,24,38,0,2.616,31,40,1
2025020546,2025,2025-12-19,COL,WPG,3,2,3,2,REG,3.261,26,43,0,1.509,22,33,0
2025020547,2025,2025-12-19,UTA,NJD,1,2,1,2,REG,3.282,33,45,0,2.209,22,32,0
2025020548,2025,2025-12-19,ANA,DAL,3,8,3,8,REG,3.027,25,41,0,3.344,25,32,0
2025020549,2025,2025-12-20,NYR,PHI,5,4,4,4,SO,2.343,26,43,0,2.392,28,41,0
2025020550,2025,2025-12-20,WSH,DET,2,5,2,5,REG,2.509,26,42,0,5.240,41,52,1
2025020551,2025,2025-12-20,OTT,CHI,6,4,6,4,REG,4.700,40,61,0,1.993,24,32,0
2025020552,2025,2025-12-20,MIN,EDM,5,2,5,2,REG,3.529,37,46,1,3.586,30,43,0
2025020553,2025,2025-12-20,BUF,NYI,3,2,2,2,SO,3.532,29,44,0,2.562,29,46,0
2025020554,2025,2025-12-20,FLA,STL,2,6,2,6,REG,2.330,29,38,0,2.694,32,46,1
2025020555,2025,2025-12-20,BOS,VAN,4,5,4,4,SO,3.454,37,50,0,1.786,21,32,0
2025020556,2025,2025-12-20,MTL,PIT,4,0,4,0,REG,2.465,21,37,1,4.788,31,52,0
2025020557,2025,2025-12-20,TBL,CAR,6,4,6,4,REG,3.711,29,45,1,1.949,22,35,0
2025020558,2025,2025-12-20,NSH,TOR,5,3,5,3,REG,3.262,34,47,2,2.827,22,34,0
2025020559,2025,2025-12-20,CGY,VGK,6,3,6,3,REG,2.355,26,42,1,3.893,37,57,0
2025020560,2025,2025-12-20,ANA,CBJ,4,3,4,3,REG,3.592,28,49,0,3.119,26,40,0
2025020561,2025,2025-12-20,SJS,SEA,2,4,2,4,REG,4.766,37,61,0,1.849,32,36,1
2025020562,2025,2025-12-21,DET,WSH,3,2,2,2,OT,1.741,21,35,0,4.409,32,55,0
2025020563,2025,2025-12-21,MIN,COL,1,5,1,5,REG,3.212,29,50,0,3.625,42,62,1
2025020564,2025,2025-12-21,BOS,OTT,2,6,2,6,REG,3.105,20,37,0,3.594,28,40,0
2025020565,2025,2025-12-21,NJD,BUF,1,3,1,3,REG,3.275,27,47,0,1.341,25,35,1
2025020566,2025,2025-12-21,PIT,MTL,4,3,3,3,SO,3.653,30,50,0,1.961,22,33,0
2025020567,2025,2025-12-21,NSH,NYR,2,1,2,1,REG,2.548,32,43,1,1.746,17,30,0
2025020568,2025,2025-12-21,DAL,TOR,5,1,5,1,REG,2.619,22,33,1,3.388,28,47,0
2025020569,2025,2025-12-21,UTA,WPG,4,3,3,3,OT,3.095,21,34,0,1.939,26,40,0
2025020570,2025,2025-12-21,EDM,VGK,4,3,4,3,REG,2.828,21,37,0,4.069,31,46,0
2025020571,2025,2025-12-22,TBL,STL,4,1,4,1,REG,2.621,17,31,0,2.520,24,35,0
2025020572,2025,2025-12-22,PHI,VAN,5,2,5,2,REG,5.217,39,49,1,2.441,25,39,0
2025020573,2025,2025-12-22,ANA,SEA,1,3,1,3,REG,4.325,41,63,0,2.169,21,33,1
2025020574,2025,2025-12-22,LAK,CBJ,1,3,1,3,REG,2.496,24,39,0,2.996,30,44,0
2025020575,2025,2025-12-23,TOR,PIT,6,3,6,3,REG,3.213,31,46,2,2.422,32,40,0
2025020576,2025,2025-12-23,WSH,NYR,3,7,3,7,REG,3.947,32,53,0,2.731,21,35,1
2025020577,2025,2025-12-23,BOS,MTL,2,6,2,6,REG,3.096,28,35,0,3.079,29,43,0
2025020578,2025,2025-12-23,OTT,BUF,2,3,2,2,OT,3.221,26,45,0,1.498,24,31,0
2025020579,2025,2025-12-23,DET,DAL,4,3,3,3,OT,2.710,23,36,0,3.187,22,43,0
2025020580,2025,2025-12-23,NYI,NJD,2,1,2,1,REG,3.331,25,47,0,4.605,32,49,0
2025020581,2025,2025-12-23,CAR,FLA,2,5,2,5,REG,2.529,19,43,0,2.735,22,42,0
2025020582,2025,2025-12-23,MIN,NSH,2,3,2,2,OT,2.536,32,39,0,2.554,27,40,0
2025020583,2025,2025-12-23,CHI,PHI,1,3,1,3,REG,2.142,21,37,0,2.931,26,41,1
2025020584,2025,2025-12-23,COL,UTA,1,0,1,0,REG,2.848,26,36,0,2.393,32,39,0
2025020585,2025,2025-12-23,EDM,CGY,5,1,5,1,REG,4.729,39,54,0,1.995,19,31,0
2025020586,2025,2025-12-23,VGK,SJS,7,2,7,2,REG,3.569,26,42,0,2.299,23,35,0
2025020587,2025,2025-12-23,LAK,SEA,2,3,2,3,REG,3.465,37,56,0,2.163,28,40,0
2025020588,2025,2025-12-27,NYI,NYR,2,0,2,0,REG,3.428,26,39,1,3.265,27,42,0
2025020589,2025,2025-12-27,BUF,BOS,4,1,4,1,REG,2.341,34,44,1,2.777,23,43,0
2025020590,2025,2025-12-27,TOR,OTT,7,5,7,5,REG,2.723,33,42,1,3.546,31,54,0
2025020591,2025,2025-12-27,FLA,TBL,2,4,2,4,REG,4.141,26,47,0,2.512,25,34,1
2025020592,2025,2025-12-27,NJD,WSH,3,4,3,3,OT,3.047,37,48,0,3.920,31,44,0
2025020593,2025,2025-12-27,CAR,DET,5,2,5,2,REG,4.818,38,59,1,2.162,20,33,0
2025020594,2025,2025-12-27,WPG,MIN,3,4,3,3,OT,2.556,25,41,0,2.663,18,36,0
2025020595,2025,2025-12-27,STL,NSH,3,2,3,2,REG,2.891,20,34,0,3.595,32,52,0
2025020596,2025,2025-12-27,DAL,CHI,3,4,3,3,SO,4.616,29,42,0,2.802,31,39,0
2025020597,2025,2025-12-27,LAK,ANA,6,1,6,1,REG,3.286,30,52,0,2.653,26,42,0
2025020598,2025,2025-12-27,CGY,EDM,3,2,3,2,REG,3.417,32,42,0,3.337,31,43,0
2025020599,2025,2025-12-27,VAN,SJS,3,6,3,6,REG,2.716,27,41,0,4.952,38,62,1
2025020600,2025,2025-12-27,VGK,COL,5,6,5,5,SO,3.116,25,38,0,3.707,36,65,0
2025020601,2025,2025-12-28,DET,TOR,3,2,2,2,OT,2.808,33,52,0,2.497,26,39,0
2025020602,2025,2025-12-28,TBL,MTL,5,4,4,4,SO,2.932,20,32,0,4.771,33,56,0
2025020603,2025,2025-12-28,CBJ,NYI,4,2,4,2,REG,4.829,35,56,1,1.672,26,36,0
2025020604,2025,2025-12-28,CHI,PIT,3,7,3,7,REG,3.170,24,46,0,2.762,24,33,0
2025020605,2025,2025-12-28,SEA,PHI,4,1,4,1,REG,0.966,20,26,2,3.210,33,50,0
2025020606,2025,2025-12-29,OTT,CBJ,1,4,1,4,REG,2.095,28,41,0,1.991,22,36,0
2025020607,2025,2025-12-29,FLA,WSH,5,3,5,3,REG,3.735,29,48,1,3.465,27,43,0
2025020608,2025,2025-12-29,CAR,NYR,3,2,2,2,OT,3.843,31,53,0,2.660,20,27,0
2025020609,2025,2025-12-29,WPG,EDM,1,3,1,3,REG,4.445,42,63,0,2.376,21,36,1
2025020610,2025,2025-12-29,STL,BUF,2,4,2,4,REG,1.503,18,27,0,3.417,34,52,1
2025020611,2025,2025-12-29,COL,LAK,5,2,5,2,REG,2.675,26,47,1,1.985,25,43,0
2025020612,2025,2025-12-29,UTA,NSH,3,4,3,4,REG,3.965,31,52,0,2.363,26,37,0
2025020613,2025,2025-12-29,CGY,BOS,2,1,1,1,OT,1.969,18,28,0,1.690,24,33,0
2025020614,2025,2025-12-29,VGK,MIN,2,5,2,5,REG,2.339,16,30,0,2.494,27,44,0
2025020615,2025,2025-12-29,ANA,SJS,4,5,4,5,REG,5.121,42,63,0,1.668,13,23,0
2025020616,2025,2025-12-29,SEA,VAN,2,3,2,2,SO,3.238,36,45,0,1.979,24,45,0
2025020617,2025,2025-12-30,TOR,NJD,4,0,4,0,REG,2.772,30,42,1,3.454,33,48,0
2025020618,2025,2025-12-30,FLA,MTL,2,3,2,2,OT,2.836,28,37,0,3.221,27,43,0
2025020619,2025,2025-12-30,PIT,CAR,5,1,5,1,REG,3.016,28,45,0,2.364,28,42,0
2025020620,2025,2025-12-30,CHI,NYI,2,3,2,2,SO,1.939,17,38,0,1.784,20,32,0
2025020621,2025,2025-12-30,VAN,PHI,3,6,3,6,REG,3.018,35,56,0,2.927,33,48,2
2025020622,2025,2025-12-31,WSH,NYR,6,3,6,3,REG,3.409,27,42,1,3.545,25,40,0
2025020623,2025,2025-12-31,VGK,NSH,2,4,2,4,REG,3.588,31,48,0,2.252,19,35,0
2025020624,2025,2025-12-31,ANA,TBL,3,4,3,3,OT,2.732,27,44,0,2.432,26,37,0
2025020625,2025,2025-12-31,SJS,MIN,4,3,3,3,SO,2.072,26,37,0,2.217,20,38,0
2025020626,2025,2025-12-31,DET,WPG,2,1,2,1,REG,1.195,19,23,0,2.681,24,35,0
2025020627,2025,2025-12-31,CBJ,NJD,2,3,2,3,REG,4.160,35,58,0,2.735,33,43,0
2025020628,2025,2025-12-31,DAL,BUF,1,4,1,4,REG,3.673,29,38,0,3.729,31,46,0
2025020629,2025,2025-12-31,COL,STL,6,1,6,1,REG,3.098,43,55,0,1.535,13,21,0
2025020630,2025,2025-12-31,CGY,PHI,5,1,5,1,REG,2.854,26,45,0,2.726,27,42,0
2025020631,2025,2025-12-31,EDM,BOS,2,6,2,6,REG,4.625,36,46,0,2.461,29,41,0
2025020632,2025,2026-01-01,OTT,WSH,4,3,4,3,REG,2.962,32,44,0,2.189,29,39,0
2025020633,2025,2026-01-01,NYI,UTA,2,7,2,7,REG,2.662,22,35,0,2.657,21,39,0
2025020634,2025,2026-01-01,TOR,WPG,6,5,6,5,REG,2.571,30,42,0,3.168,40,53,0
2025020635,2025,2026-01-01,PIT,DET,4,3,3,3,OT,2.165,29,44,0,2.920,27,47,0
2025020636,2025,2026-01-01,CAR,MTL,5,7,5,7,REG,3.337,25,38,0,2.303,23,35,1
2025020637,2025,2026-01-01,CHI,DAL,4,3,4,3,REG,2.851,21,39,0,2.935,25,37,0
2025020638,2025,2026-01-01,SEA,NSH,4,1,4,1,REG,2.182,23,36,1,3.328,25,43,0
2025020639,2025,2026-01-01,LAK,TBL,3,5,3,5,REG,2.485,20,36,0,2.562,24,38,1
2025020640,2025,2026-01-02,STL,VGK,4,3,4,3,REG,2.046,19,33,0,2.207,25,36,0
2025020641,2025,2026-01-02,FLA,NYR,1,5,1,5,REG,3.562,37,57,0,2.043,20,34,1
2025020642,2025,2026-01-02,VAN,SEA,3,4,3,3,SO,3.103,21,49,0,1.889,25,35,0
2025020643,2025,2026-01-02,ANA,MIN,2,5,2,5,REG,3.170,28,49,0,4.280,34,62,0
2025020644,2025,2026-01-03,DET,PIT,1,4,1,4,REG,1.530,12,28,0,2.508,31,43,2
2025020645,2025,2026-01-03,NJD,UTA,4,1,4,1,REG,3.535,30,40,0,3.468,31,48,0
2025020646,2025,2026-01-03,CBJ,BUF,5,1,5,1,REG,2.794,35,49,1,5.224,33,66,0
2025020647,2025,2026-01-03,EDM,PHI,2,5,2,5,REG,3.094,25,36,0,2.904,29,46,1
2025020648,2025,2026-01-03,STL,MTL,2,0,2,0,REG,2.150,19,28,0,3.536,26,48,0
2025020649,2025,2026-01-03,SJS,TBL,3,7,3,7,REG,2.939,22,37,0,3.836,26,42,0
2025020650,2025,2026-01-03,OTT,WPG,4,2,4,2,REG,2.380,27,38,0,2.728,23,38,0
2025020651,2025,2026-01-03,NYI,TOR,4,3,3,3,OT,2.310,23,43,0,2.575,21,37,0
2025020652,2025,2026-01-03,WSH,CHI,2,3,2,2,SO,3.573,34,47,0,2.993,31,40,0
2025020653,2025,2026-01-03,CAR,COL,3,5,3,5,REG,4.134,28,45,0,5.092,35,50,1
2025020654,2025,2026-01-03,CGY,NSH,3,4,3,4,REG,2.152,23,37,0,2.454,36,51,0
2025020655,2025,2026-01-03,LAK,MIN,5,4,4,4,SO,2.593,33,51,0,3.025,25,48,0
2025020656,2025,2026-01-03,VAN,BOS,2,3,2,2,OT,3.577,33,51,0,2.645,20,36,0
2025020657,2025,2026-01-04,DAL,MTL,3,4,3,3,OT,3.130,25,36,0,3.291,24,36,0
2025020658,2025,2026-01-04,CBJ,PIT,4,5,4,4,OT,2.935,25,36,0,3.968,41,65,0
2025020659,2025,2026-01-04,FLA,COL,2,1,2,1,REG,2.555,25,40,0,2.831,28,51,0
2025020660,2025,2026-01-04,NJD,CAR,1,3,1,3,REG,3.024,29,42,0,2.921,30,41,0
2025020661,2025,2026-01-04,CHI,VGK,3,2,2,2,OT,2.388,19,35,0,2.574,15,31,0
2025020662,2025,2026-01-05,NYR,UTA,2,3,2,2,OT,3.285,24,43,0,3.142,26,47,0
2025020663,2025,2026-01-05,WSH,ANA,7,4,7,4,REG,2.721,29,40,2,3.595,45,56,0
2025020664,2025,2026-01-05,OTT,DET,3,5,3,5,REG,4.396,37,58,0,1.758,21,31,0
2025020665,2025,2026-01-05,CGY,SEA,1,5,1,5,REG,3.428,42,59,0,3.128,28,37,1
2025020666,2025,2026-01-05,LAK,MIN,4,2,4,2,REG,3.122,33,45,1,3.821,35,52,0
2025020667,2025,2026-01-06,BUF,VAN,5,3,5,3,REG,2.077,20,33,1,4.477,37,59,0
2025020668,2025,2026-01-06,TBL,COL,4,2,4,2,REG,2.391,28,48,1,3.448,33,46,0
2025020669,2025,2026-01-06,NYI,NJD,9,0,9,0,REG,1.699,24,29,0,3.746,44,63,0
2025020670,2025,2026-01-06,PHI,ANA,5,2,5,2,REG,3.910,39,52,1,2.032,18,34,0
2025020671,2025,2026-01-06,CAR,DAL,6,3,6,3,REG,4.118,33,54,0,3.016,24,39,0
2025020672,2025,2026-01-06,TOR,FLA,4,1,4,1,REG,2.852,23,37,1,2.981,32,56,0
2025020673,2025,2026-01-06,WPG,VGK,3,4,3,3,OT,1.211,15,20,0,2.169,26,40,0
2025020674,2025,2026-01-06,EDM,NSH,6,2,6,2,REG,6.035,43,58,0,2.163,26,41,0
2025020675,2025,2026-01-06,SJS,CBJ,5,2,5,2,REG,4.000,36,46,2,3.538,36,48,0
2025020676,2025,2026-01-06,SEA,BOS,7,4,7,4,REG,2.630,27,40,1,4.295,36,61,0
2025020677,2025,2026-01-07,WSH,DAL,1,4,1,4,REG,2.035,24,36,0,4.289,36,47,1
2025020678,2025,2026-01-07,MTL,CGY,4,1,4,1,REG,4.388,36,50,0,2.197,29,41,0
2025020679,2025,2026-01-07,CHI,STL,7,3,7,3,REG,3.727,35,47,0,3.289,30,46,0
2025020680,2025,2026-01-07,UTA,OTT,3,1,3,1,REG,3.007,21,34,0,3.565,33,49,0
2025020681,2025,2026-01-07,LAK,SJS,3,4,3,3,OT,2.923,25,36,0,4.269,26,44,0
2025020682,2025,2026-01-08,BOS,CGY,4,1,4,1,REG,3.203,30,53,0,3.168,29,39,0
2025020683,2025,2026-01-08,MTL,FLA,6,2,6,2,REG,2.343,20,33,1,3.882,27,43,0
2025020684,2025,2026-01-08,DET,VAN,5,1,5,1,REG,2.687,25,40,1,2.255,24,42,0
2025020685,2025,2026-01-08,NYR,BUF,2,5,2,5,REG,3.030,32,45,0,3.280,21,36,1
2025020686,2025,2026-01-08,PHI,TOR,1,2,1,1,OT,3.174,20,41,0,2.435,22,41,0
2025020687,2025,2026-01-08,PIT,NJD,4,1,4,1,REG,3.454,29,47,0,2.974,29,41,0
2025020688,2025,2026-01-08,CAR,ANA,5,2,5,2,REG,3.810,35,53,1,2.815,13,29,0
2025020689,2025,2026-01-08,NSH,NYI,2,1,1,1,SO,2.671,26,45,0,2.448,26,36,0
2025020690,2025,2026-01-08,WPG,EDM,3,4,3,4,REG,1.976,16,31,0,3.311,30,42,0
2025020691,2025,2026-01-08,COL,OTT,8,2,8,2,REG,3.049,34,47,0,2.337,31,42,0
2025020692,2025,2026-01-08,VGK,CBJ,5,3,5,3,REG,3.199,26,38,0,3.189,25,44,0
2025020693,2025,2026-01-08,SEA,MIN,2,3,2,2,OT,3.206,28,54,0,1.830,30,40,0
2025020694,2025,2026-01-09,CHI,WSH,1,5,1,5,REG,3.110,24,41,0,2.307,24,36,0
2025020695,2025,2026-01-09,WPG,LAK,5,1,5,1,REG,2.353,20,34,0,3.880,24,56,0
2025020696,2025,2026-01-09,UTA,STL,4,2,4,2,REG,3.219,23,43,0,3.752,28,49,0
2025020697,2025,2026-01-10,BOS,NYR,10,2,10,2,REG,3.818,34,54,0,3.090,29,46,0
2025020698,2025,2026-01-10,PIT,CGY,1,2,1,2,REG,2.936,28,39,0,1.535,25,35,0
2025020699,2025,2026-01-10,COL,CBJ,4,0,4,0,REG,2.735,31,45,0,3.563,29,53,0
2025020700,2025,2026-01-10,SJS,DAL,5,4,4,4,OT,3.291,28,41,0,2.851,20,31,0
2025020701,2025,2026-01-10,BUF,ANA,5,3,5,3,REG,3.066,32,43,1,2.788,36,52,0
2025020702,2025,2026-01-10,TOR,VAN,5,0,5,0,REG,2.651,24,34,0,3.460,29,50,0
2025020703,2025,2026-01-10,MTL,DET,0,4,0,4,REG,3.019,27,49,0,3.082,24,37,1
2025020704,2025,2026-01-10,OTT,FLA,2,3,2,3,REG,3.191,19,44,0,1.726,21,32,0
2025020705,2025,2026-01-10,PHI,TBL,2,7,2,7,REG,2.468,20,31,0,3.219,23,37,0
2025020706,2025,2026-01-10,CAR,SEA,3,2,3,2,REG,3.654,36,54,0,1.742,12,29,0
2025020707,2025,2026-01-10,NSH,CHI,0,3,0,3,REG,4.214,36,52,0,2.231,21,31,1
2025020708,2025,2026-01-10,MIN,NYI,3,4,3,3,OT,4.244,36,54,0,2.536,26,43,0
2025020709,2025,2026-01-10,EDM,LAK,3,4,3,3,SO,2.062,21,32,0,2.435,30,45,0
2025020710,2025,2026-01-10,VGK,STL,4,2,4,2,REG,2.071,25,34,1,2.400,19,31,0
2025020711,2025,2026-01-11,WPG,NJD,4,3,4,3,REG,3.228,22,40,0,3.659,27,46,0
2025020712,2025,2026-01-11,BOS,PIT,1,0,1,0,REG,2.393,19,37,0,2.657,27,43,0
2025020713,2025,2026-01-11,NSH,WSH,3,2,3,2,REG,2.011,21,37,0,3.221,32,50,0
2025020714,2025,2026-01-11,UTA,CBJ,2,3,2,2,OT,2.439,27,41,0,4.000,34,49,0
2025020715,2025,2026-01-11,SJS,VGK,2,7,2,7,REG,2.125,20,34,0,3.474,32,41,1
2025020716,2025,2026-01-12,BUF,FLA,3,4,3,4,REG,2.649,23,43,0,3.005,32,50,1
2025020717,2025,2026-01-12,DET,CAR,4,3,3,3,OT,2.513,17,26,0,4.027,33,52,0
2025020718,2025,2026-01-12,NYR,SEA,2,4,2,4,REG,2.096,22,38,0,3.065,29,40,1
2025020719,2025,2026-01-12,PHI,TBL,1,5,1,5,REG,2.871,21,38,0,3.858,26,37,1
2025020720,2025,2026-01-12,MTL,VAN,6,3,6,3,REG,4.599,41,57,0,3.028,23,34,0
2025020721,2025,2026-01-12,MIN,NJD,2,5,2,5,REG,2.725,23,43,0,3.026,29,42,0
2025020722,2025,2026-01-12,CHI,EDM,1,4,1,4,REG,3.636,30,46,0,4.199,37,54,1
2025020723,2025,2026-01-12,COL,TOR,3,4,3,3,OT,2.977,32,44,0,1.807,29,38,0
2025020724,2025,2026-01-12,LAK,DAL,1,3,1,3,REG,1.598,25,34,0,1.333,18,29,1
2025020725,2025,2026-01-13,OTT,VAN,2,1,2,1,REG,3.413,40,55,0,3.103,20,36,0
2025020726,2025,2026-01-13,PIT,TBL,1,2,1,1,SO,2.668,23,37,0,2.439,30,44,0
2025020727,2025,2026-01-13,WSH,MTL,3,2,2,2,OT,3.522,32,42,0,2.697,24,34,0
2025020728,2025,2026-01-13,CBJ,CGY,5,3,5,3,REG,4.518,43,62,1,4.350,32,44,0
2025020729,2025,2026-01-13,BOS,DET,3,0,3,0,REG,3.621,41,54,1,2.971,24,44,0
2025020730,2025,2026-01-13,STL,CAR,3,0,3,0,REG,2.232,31,38,0,2.530,33,57,0
2025020731,2025,2026-01-13,NSH,EDM,4,3,3,3,OT,2.376,26,38,0,2.981,30,42,0
2025020732,2025,2026-01-13,WPG,NYI,5,4,5,4,REG,2.957,22,35,0,3.041,27,42,0
2025020733,2025,2026-01-13,UTA,TOR,6,1,6,1,REG,5.238,41,69,0,2.679,20,36,0
2025020734,2025,2026-01-13,ANA,DAL,3,1,3,1,REG,3.455,25,48,1,3.244,25,36,0
2025020735,2025,2026-01-14,NJD,SEA,3,2,2,2,OT,2.247,23,35,0,2.105,16,31,0
2025020736,2025,2026-01-14,BUF,PHI,5,2,5,2,REG,2.634,15,30,1,2.918,22,42,0
2025020737,2025,2026-01-14,NYR,OTT,4,8,4,8,REG,1.542,22,31,0,3.138,30,42,1
2025020738,2025,2026-01-14,LAK,VGK,2,3,2,2,OT,3.027,24,40,0,1.747,26,29,0
2025020739,2025,2026-01-15,BOS,SEA,4,2,4,2,REG,1.790,24,33,1,3.650,28,42,0
2025020740,2025,2026-01-15,BUF,MTL,5,3,5,3,REG,2.360,27,39,1,3.013,23,36,0
2025020741,2025,2026-01-15,PIT,PHI,6,3,6,3,REG,3.621,30,45,0,4.541,34,56,0
2025020742,2025,2026-01-15,WSH,SJS,2,3,2,3,REG,2.546,23,38,0,2.966,26,38,0
2025020743,2025,2026-01-15,CBJ,VAN,4,1,4,1,REG,4.178,36,59,0,2.673,31,42,0
2025020744,2025,2026-01-15,MIN,WPG,2,6,2,6,REG,2.782,34,47,0,2.795,29,41,0
2025020745,2025,2026-01-15,CHI,CGY,1,3,1,3,REG,2.144,23,35,0,2.098,23,32,1
2025020746,2025,2026-01-15,UTA,DAL,2,1,2,1,REG,2.853,27,43,0,2.172,27,33,0
2025020747,2025,2026-01-15,EDM,NYI,0,1,0,1,REG,5.634,35,59,0,1.863,18,31,0
2025020748,2025,2026-01-15,VGK,TOR,6,5,5,5,OT,2.695,32,46,0,2.114,28,38,0
2025020749,2025,2026-01-16,DET,SJS,4,2,4,2,REG,3.980,25,49,1,2.799,22,28,0
2025020750,2025,2026-01-16,CAR,FLA,9,1,9,1,REG,4.746,36,51,0,1.927,16,27,0
2025020751,2025,2026-01-16,STL,TBL,3,2,2,2,SO,1.470,17,28,0,3.655,34,61,0
2025020752,2025,2026-01-16,COL,NSH,3,7,3,7,REG,2.738,43,53,0,2.110,30,39,2
2025020753,2025,2026-01-16,LAK,ANA,2,3,2,2,SO,3.282,27,45,0,2.327,25,40,0
2025020754,2025,2026-01-17,BUF,MIN,4,5,4,4,OT,2.955,24,38,0,4.316,35,46,0
2025020755,2025,2026-01-17,PHI,NYR,3,6,3,6,REG,2.848,28,43,0,3.701,28,48,0
2025020756,2025,2026-01-17,CGY,NYI,4,2,4,2,REG,1.979,19,37,0,3.844,30,59,0
2025020757,2025,2026-01-17,UTA,SEA,6,3,6,3,REG,3.931,31,49,1,3.431,21,39,0
2025020758,2025,2026-01-17,OTT,MTL,5,6,5,5,OT,3.830,34,47,0,2.126,16,30,0
2025020759,2025,2026-01-17,NJD,CAR,1,4,1,4,REG,3.281,30,41,0,4.586,35,52,0
2025020760,2025,2026-01-17,PIT,CBJ,3,4,3,3,SO,4.080,27,47,0,2.184,24,36,0
2025020761,2025,2026-01-17,WSH,FLA,2,5,2,5,REG,2.943,24,45,0,3.962,31,50,2
2025020762,2025,2026-01-17,WPG,TOR,3,4,3,3,OT,4.382,30,51,0,3.130,34,41,0
2025020763,2025,2026-01-17,CHI,BOS,2,5,2,5,REG,2.686,24,43,0,2.855,23,37,0
2025020764,2025,2026-01-17,VAN,EDM,0,6,0,6,REG,2.870,31,44,0,5.168,35,57,0
2025020765,2025,2026-01-17,VGK,NSH,7,2,7,2,REG,3.121,36,46,0,2.475,29,44,0
2025020766,2025,2026-01-17,ANA,LAK,2,1,1,1,OT,2.834,29,42,0,2.297,18,36,0
2025020767,2025,2026-01-18,DAL,TBL,1,4,1,4,REG,2.597,20,26,0,3.195,26,41,1
2025020768,2025,2026-01-18,DET,OTT,4,3,3,3,OT,4.177,33,55,0,2.626,22,37,0
2025020769,2025,2026-01-18,EDM,STL,5,0,5,0,REG,3.051,28,38,0,3.320,27,44,0
2025020770,2025,2026-01-19,CAR,BUF,2,1,2,1,REG,2.621,29,40,0,2.396,18,30,0
2025020771,2025,2026-01-19,COL,WSH,5,2,5,2,REG,4.476,44,70,0,3.157,24,44,0
2025020772,2025,2026-01-19,SEA,PIT,3,6,3,6,REG,2.814,23,38,0,3.270,32,49,1
2025020773,2025,2026-01-19,FLA,SJS,1,4,1,4,REG,3.372,36,44,0,3.272,28,39,1
2025020774,2025,2026-01-19,TOR,MIN,3,6,3,6,REG,2.765,30,41,0,4.122,39,56,1
2025020775,2025,2026-01-19,VGK,PHI,1,2,1,2,REG,3.260,25,37,0,1.979,17,36,0
2025020776,2025,2026-01-19,CHI,WPG,2,0,2,0,REG,2.054,24,37,1,3.843,32,49,0
2025020777,2025,2026-01-19,CGY,NJD,1,2,1,1,OT,1.589,22,33,0,2.030,30,38,0
2025020778,2025,2026-01-19,VAN,NYI,3,4,3,4,REG,3.506,32,44,0,3.659,33,48,0
2025020779,2025,2026-01-19,ANA,NYR,5,3,5,3,REG,3.077,26,40,1,2.993,22,39,0
2025020780,2025,2026-01-20,MTL,MIN,4,3,4,3,REG,2.715,33,49,0,2.483,20,34,0
2025020781,2025,2026-01-20,TBL,SJS,4,1,4,1,REG,2.806,20,44,1,1.041,23,27,0
2025020782,2025,2026-01-20,CBJ,OTT,1,4,1,4,REG,2.717,22,34,0,1.895,21,36,1
2025020783,2025,2026-01-20,DAL,BOS,6,2,6,2,REG,3.401,37,51,0,2.232,18,30,0
2025020784,2025,2026-01-20,NSH,BUF,3,5,3,5,REG,4.149,34,63,0,2.498,33,39,1
2025020785,2025,2026-01-20,WPG,STL,3,1,3,1,REG,1.759,16,34,1,2.587,23,45,0
2025020786,2025,2026-01-20,EDM,NJD,1,2,1,2,REG,2.915,23,43,0,2.396,17,34,0
2025020787,2025,2026-01-20,LAK,NYR,4,3,4,3,REG,3.079,27,48,0,4.149,36,49,0
2025020788,2025,2026-01-21,TOR,DET,1,2,1,1,OT,3.650,31,47,0,2.349,35,52,0
2025020789,2025,2026-01-21,COL,ANA,1,2,1,1,SO,4.214,38,54,0,1.269,13,25,0
2025020790,2025,2026-01-21,UTA,PHI,5,4,4,4,OT,2.572,26,49,0,4.246,29,47,0
2025020791,2025,2026-01-21,CGY,PIT,1,4,1,4,REG,2.196,19,40,0,2.614,25,42,0
2025020792,2025,2026-01-21,VAN,WSH,4,3,4,3,REG,2.626,25,39,0,3.779,32,52,0
2025020793,2025,2026-01-21,SEA,NYI,4,1,4,1,REG,2.879,25,43,1,2.992,25,42,0
2025020794,2025,2026-01-22,BOS,VGK,4,3,4,3,REG,2.802,29,42,0,5.259,33,46,0
2025020795,2025,2026-01-22,MTL,BUF,2,4,2,4,REG,3.143,34,46,0,2.447,17,27,1
2025020796,2025,2026-01-22,CAR,CHI,3,4,3,3,SO,4.254,30,52,0,2.186,20,29,0
2025020797,2025,2026-01-22,CBJ,DAL,1,0,1,0,REG,1.449,22,36,0,2.967,28,43,0
2025020798,2025,2026-01-22,NSH,OTT,5,3,5,3,REG,2.975,27,43,1,3.149,26,39,0
2025020799,2025,2026-01-22,WPG,FLA,1,2,1,1,SO,2.074,17,30,0,1.583,18,33,0
2025020800,2025,2026-01-22,EDM,PIT,2,6,2,6,REG,2.990,32,45,0,2.844,23,40,0
2025020801,2025,2026-01-22,MIN,DET,4,3,3,3,OT,3.275,38,49,0,2.439,33,48,0
2025020802,2025,2026-01-23,TOR,VGK,3,6,3,6,REG,2.119,21,36,0,2.678,31,41,1
2025020803,2025,2026-01-23,CHI,TBL,1,2,1,1,SO,1.513,14,23,0,3.965,30,56,0
2025020804,2025,2026-01-23,DAL,STL,3,2,3,2,REG,1.845,19,31,0,2.238,22,29,0
2025020805,2025,2026-01-23,COL,PHI,3,7,3,7,REG,2.812,35,50,0,3.161,20,32,1
2025020806,2025,2026-01-23,CGY,WSH,1,3,1,3,REG,2.425,26,42,0,4.780,38,59,1
2025020807,2025,2026-01-23,VAN,NJD,4,5,4,5,REG,2.852,25,38,0,2.684,24,38,0
2025020808,2025,2026-01-23,SJS,NYR,3,1,3,1,REG,4.385,32,50,0,3.087,29,47,0
2025020809,2025,2026-01-23,SEA,ANA,2,4,2,4,REG,2.055,22,39,0,2.480,31,50,1
2025020810,2025,2026-01-24,NYI,BUF,0,5,0,5,REG,3.051,26,41,0,2.293,21,32,1
2025020811,2025,2026-01-24,NSH,UTA,2,5,2,5,REG,3.511,29,45,0,2.951,31,42,1
2025020812,2025,2026-01-24,BOS,MTL,4,3,4,3,REG,3.259,20,40,0,3.383,25,42,0
2025020813,2025,2026-01-24,OTT,CAR,1,4,1,4,REG,2.899,37,47,0,2.022,19,29,0
2025020814,2025,2026-01-24,CBJ,TBL,8,5,8,5,REG,2.110,31,42,2,2.230,30,47,0
2025020815,2025,2026-01-24,WPG,DET,1,5,1,5,REG,2.163,27,38,0,2.837,31,42,1
2025020816,2025,2026-01-24,STL,LAK,4,5,4,4,SO,2.667,26,38,0,2.359,25,40,0
2025020817,2025,2026-01-24,MIN,FLA,3,4,3,3,OT,2.699,21,29,0,3.185,33,46,0
2025020818,2025,2026-01-24,EDM,WSH,6,5,5,5,OT,6.008,38,56,0,3.160,27,46,0
2025020819,2025,2026-01-25,TOR,COL,1,4,1,4,REG,3.658,33,51,0,3.201,37,51,1
2025020820,2025,2026-01-25,SEA,NJD,4,2,4,2,REG,1.739,19,28,1,3.226,29,47,0
2025020821,2025,2026-01-25,OTT,VGK,7,1,7,1,REG,3.171,32,55,0,2.547,20,31,0
2025020822,2025,2026-01-25,VAN,PIT,2,3,2,3,REG,4.543,32,52,0,3.192,25,42,0
2025020823,2025,2026-01-25,CHI,FLA,1,5,1,5,REG,1.910,22,33,0,2.119,25,33,1
2025020824,2025,2026-01-25,CGY,ANA,3,4,3,3,OT,3.033,34,47,0,1.787,17,37,0
2025020825,2025,2026-01-26,TBL,UTA,2,0,2,0,REG,3.543,29,44,0,4.150,28,44,0
2025020826,2025,2026-01-26,NYR,BOS,4,3,3,3,OT,2.969,27,41,0,2.725,24,35,0
2025020827,2025,2026-01-26,PHI,NYI,0,4,0,4,REG,2.322,21,31,0,1.714,23,29,0
2025020829,2025,2026-01-26,EDM,ANA,7,4,7,4,REG,3.733,32,42,2,4.019,41,60,0
2025020830,2025,2026-01-27,BOS,NSH,3,2,2,2,OT,2.163,27,37,0,3.543,30,53,0
2025020831,2025,2026-01-27,TOR,BUF,4,7,4,7,REG,2.539,23,33,0,2.617,31,46,1
2025020832,2025,2026-01-27,MTL,VGK,3,2,2,2,OT,2.667,23,39,0,4.723,33,44,0
2025020833,2025,2026-01-27,DET,LAK,1,3,1,3,REG,3.838,28,52,0,2.734,22,39,1
2025020834,2025,2026-01-27,FLA,UTA,3,4,3,4,REG,2.911,30,48,0,2.153,20,30,1
2025020835,2025,2026-01-27,NJD,WPG,3,4,3,4,REG,2.999,29,41,0,2.216,26,38,0
2025020836,2025,2026-01-27,STL,DAL,3,4,3,4,REG,1.755,26,35,0,3.018,24,41,0
2025020837,2025,2026-01-27,MIN,CHI,4,3,3,3,SO,2.379,21,37,0,3.551,27,37,0
2025020838,2025,2026-01-27,VAN,SJS,2,5,2,5,REG,2.729,25,35,0,3.053,33,46,0
2025020839,2025,2026-01-27,SEA,WSH,5,1,5,1,REG,3.192,32,47,0,2.181,20,29,0
2025020840,2025,2026-01-28,CBJ,PHI,5,3,5,3,REG,2.542,31,42,1,3.935,27,43,0
2025020841,2025,2026-01-28,OTT,COL,5,2,5,2,REG,2.378,23,33,2,2.214,18,37,0
2025020842,2025,2026-01-28,NYI,NYR,5,2,5,2,REG,3.408,36,48,0,1.943,16,28,0
2025020843,2025,2026-01-29,BOS,PHI,6,3,6,3,REG,2.691,27,38,1,4.453,36,47,0
2025020844,2025,2026-01-29,BUF,LAK,4,1,4,1,REG,2.742,32,39,1,3.198,38,53,0
2025020845,2025,2026-01-29,MTL,COL,7,3,7,3,REG,3.015,28,43,0,3.849,29,40,0
2025020846,2025,2026-01-29,DET,WSH,3,4,3,3,SO,2.350,20,38,0,1.665,20,28,0
2025020847,2025,2026-01-29,TBL,WPG,4,1,4,1,REG,3.078,37,48,1,1.962,24,37,0
2025020848,2025,2026-01-29,NJD,NSH,3,2,2,2,OT,3.447,34,57,0,3.130,29,49,0
2025020849,2025,2026-01-29,NYR,NYI,1,2,1,2,REG,2.053,21,31,0,1.374,21,36,0
2025020850,2025,2026-01-29,PIT,CHI,6,2,6,2,REG,5.206,45,66,0,2.903,20,31,0
2025020851,2025,2026-01-29,CAR,UTA,5,4,5,4,REG,3.633,33,51,0,2.783,25,35,0
2025020852,2025,2026-01-29,STL,FLA,5,4,5,4,REG,2.245,31,41,0,3.110,20,38,0
2025020853,2025,2026-01-29,MIN,CGY,4,1,4,1,REG,2.321,24,39,1,2.785,30,47,0
2025020854,2025,2026-01-29,EDM,SJS,4,3,3,3,OT,2.992,30,44,0,1.783,21,28,0
2025020855,2025,2026-01-29,VAN,ANA,2,0,2,0,REG,3.134,26,44,1,3.441,33,49,0
2025020856,2025,2026-01-29,VGK,DAL,4,5,4,4,SO,2.048,21,35,0,2.776,24,40,0
2025020857,2025,2026-01-29,SEA,TOR,5,2,5,2,REG,1.310,22,29,1,3.293,31,50,0
2025020858,2025,2026-01-30,CHI,CBJ,2,4,2,4,REG,2.390,24,40,0,2.522,26,43,1
2025020859,2025,2026-01-31,PHI,LAK,2,3,2,2,OT,2.392,21,39,0,2.285,20,36,0
2025020860,2025,2026-01-31,DET,COL,0,5,0,5,REG,2.601,28,43,0,3.435,21,46,0
2025020861,2025,2026-01-31,PIT,NYR,6,5,6,5,REG,3.940,34,56,1,2.090,20,30,0
2025020862,2025,2026-01-31,FLA,WPG,1,2,1,2,REG,1.969,28,41,0,2.105,21,27,0
2025020863,2025,2026-01-31,CGY,SJS,3,2,3,2,REG,4.656,42,62,0,2.849,25,35,0
2025020864,2025,2026-01-31,WSH,CAR,4,3,3,3,OT,4.756,39,59,0,2.706,22,43,0
2025020865,2025,2026-01-31,BUF,MTL,2,4,2,4,REG,5.142,38,56,0,2.694,31,42,1
2025020866,2025,2026-01-31,OTT,NJD,4,1,4,1,REG,3.003,34,45,1,1.797,27,36,0
2025020867,2025,2026-01-31,NYI,NSH,3,4,3,4,REG,3.300,30,39,0,5.310,42,56,0
2025020868,2025,2026-01-31,STL,CBJ,3,5,3,5,REG,2.677,33,47,0,2.018,23,41,1
2025020869,2025,2026-01-31,VAN,TOR,2,3,2,2,SO,1.684,26,37,0,3.770,36,59,0
2025020870,2025,2026-01-31,UTA,DAL,2,3,2,3,REG,1.963,14,26,0,3.398,32,50,0
2025020871,2025,2026-01-31,EDM,MIN,3,7,3,7,REG,4.798,42,66,0,3.979,29,46,0
2025020872,2025,2026-01-31,VGK,SEA,2,3,2,3,REG,2.914,29,43,0,2.104,22,35,0
2025020873,2025,2026-02-01,TBL,BOS,6,5,5,5,SO,3.591,37,51,0,3.605,34,43,0
2025020874,2025,2026-02-01,CAR,LAK,3,2,2,2,OT,3.782,31,48,0,1.660,13,25,0
2025020875,2025,2026-02-01,ANA,VGK,4,3,4,3,REG,1.777,23,39,1,3.342,31,45,0
2025020876,2025,2026-02-02,FLA,BUF,3,5,3,5,REG,4.509,42,59,0,2.619,20,36,0
2025020877,2025,2026-02-02,PIT,OTT,2,3,2,3,REG,2.329,16,26,0,4.197,31,49,0
2025020878,2025,2026-02-02,WSH,NYI,4,1,4,1,REG,2.558,25,35,1,3.618,30,50,0
2025020879,2025,2026-02-02,MIN,MTL,4,3,3,3,OT,2.374,22,46,0,1.707,19,28,0
2025020880,2025,2026-02-02,NSH,STL,6,5,6,5,REG,3.195,28,48,0,3.107,34,46,0
2025020881,2025,2026-02-02,CHI,SJS,6,3,6,3,REG,2.086,17,29,0,2.825,27,43,0
2025020882,2025,2026-02-02,DAL,WPG,4,3,3,3,OT,4.390,26,48,0,2.436,26,35,0
2025020883,2025,2026-02-02,COL,DET,0,2,0,2,REG,2.136,21,37,0,2.838,25,42,1
2025020884,2025,2026-02-02,UTA,VAN,6,2,6,2,REG,2.328,19,34,0,2.262,24,34,0
2025020885,2025,2026-02-02,CGY,TOR,2,4,2,4,REG,2.248,30,43,0,1.887,22,35,1
2025020886,2025,2026-02-03,TBL,BUF,4,3,3,3,OT,3.193,34,46,0,2.218,21,33,0
2025020887,2025,2026-02-03,NJD,CBJ,0,3,0,3,REG,2.308,24,38,0,2.071,26,37,1
2025020888,2025,2026-02-03,NYI,PIT,5,4,4,4,OT,2.037,22,34,0,3.752,35,50,0
2025020889,2025,2026-02-03,PHI,WSH,4,2,4,2,REG,2.654,22,36,1,2.737,28,39,0
2025020890,2025,2026-02-03,CAR,OTT,4,3,4,3,REG,2.283,19,32,0,3.936,27,45,0
2025020891,2025,2026-02-03,EDM,TOR,2,5,2,5,REG,3.410,36,47,0,2.616,27,38,1
2025020892,2025,2026-02-03,ANA,SEA,4,2,4,2,REG,3.275,31,50,0,2.738,28,43,0
2025020893,2025,2026-02-04,FLA,BOS,5,4,4,4,SO,3.889,23,41,0,3.718,27,42,0
2025020894,2025,2026-02-04,CBJ,CHI,4,0,4,0,REG,2.270,20,34,1,2.487,21,43,0
2025020895,2025,2026-02-04,WPG,MTL,1,5,1,5,REG,5.677,37,62,0,3.003,27,41,1
2025020896,2025,2026-02-04,NSH,MIN,5,6,5,5,OT,3.069,34,46,0,3.610,41,57,0
2025020897,2025,2026-02-04,COL,SJS,4,2,4,2,REG,4.262,42,57,1,2.653,25,36,0
2025020898,2025,2026-02-04,UTA,DET,4,1,4,1,REG,3.368,25,40,1,4.076,30,53,0
2025020899,2025,2026-02-04,DAL,STL,5,4,5,4,REG,4.086,28,37,0,2.192,18,27,0
2025020900,2025,2026-02-04,CGY,EDM,4,3,4,3,REG,3.157,25,48,0,3.167,39,46,0
2025020901,2025,2026-02-04,VGK,VAN,5,2,5,2,REG,2.910,31,44,0,1.594,23,33,0
2025020902,2025,2026-02-04,LAK,SEA,2,4,2,4,REG,2.494,27,44,0,2.370,23,32,0
2025020903,2025,2026-02-05,BUF,PIT,2,5,2,5,REG,3.255,27,49,0,3.035,32,43,1
2025020904,2025,2026-02-05,TBL,FLA,6,1,6,1,REG,2.233,28,36,0,3.013,34,47,0
2025020905,2025,2026-02-05,NJD,NYI,1,3,1,3,REG,2.550,24,39,0,2.057,14,28,1
2025020906,2025,2026-02-05,NYR,CAR,0,2,0,2,REG,1.684,16,26,0,3.225,43,63,1
2025020907,2025,2026-02-05,PHI,OTT,1,2,1,1,OT,1.757,15,36,0,2.282,26,37,0
2025020908,2025,2026-02-05,WSH,NSH,4,2,4,2,REG,2.792,30,41,0,4.263,29,43,0
2025020909,2025,2026-02-05,VGK,LAK,4,1,4,1,REG,2.786,22,34,0,3.709,33,52,0
2025020910,2025,2026-02-25,NJD,BUF,1,2,1,2,REG,3.987,28,46,0,2.879,30,46,0
2025020911,2025,2026-02-25,WSH,PHI,3,1,3,1,REG,3.407,29,45,1,2.866,24,34,0
2025020912,2025,2026-02-25,TBL,TOR,4,2,4,2,REG,5.117,36,59,0,4.403,34,48,0
2025020913,2025,2026-02-25,DAL,SEA,4,1,4,1,REG,3.905,32,51,0,3.189,19,35,0
2025020914,2025,2026-02-25,UTA,COL,2,4,2,4,REG,3.688,30,47,0,2.950,26,39,0
2025020915,2025,2026-02-25,VAN,WPG,2,3,2,2,OT,1.863,22,34,0,3.413,24,47,0
2025020916,2025,2026-02-25,LAK,VGK,4,6,4,6,REG,2.052,19,31,0,2.552,25,49,1
2025020917,2025,2026-02-25,ANA,EDM,6,5,6,5,REG,3.085,29,42,0,4.107,27,47,0
2025020918,2025,2026-02-26,BOS,CBJ,4,2,4,2,REG,2.691,23,42,1,4.095,40,55,0
2025020919,2025,2026-02-26,MTL,NYI,3,4,3,3,OT,2.842,24,35,0,3.297,25,42,0
2025020920,2025,2026-02-26,OTT,DET,1,2,1,1,OT,3.069,27,44,0,1.644,19,32,0
2025020921,2025,2026-02-26,FLA,TOR,5,1,5,1,REG,3.715,37,53,2,2.948,30,41,0
2025020922,2025,2026-02-26,PIT,NJD,4,1,4,1,REG,4.137,37,49,1,3.600,30,51,0
2025020923,2025,2026-02-26,CAR,TBL,5,4,5,4,REG,2.341,33,41,0,3.489,28,40,0
2025020924,2025,2026-02-26,NYR,PHI,2,3,2,2,OT,1.907,22,36,0,2.949,23,31,0
2025020925,2025,2026-02-26,STL,SEA,5,1,5,1,REG,2.773,32,43,1,2.719,24,41,0
2025020926,2025,2026-02-26,NSH,CHI,4,2,4,2,REG,2.112,26,35,1,3.026,23,31,0
2025020927,2025,2026-02-26,COL,MIN,2,5,2,5,REG,3.610,47,67,0,3.929,36,52,2
2025020928,2025,2026-02-26,SJS,CGY,1,4,1,4,REG,2.956,35,45,0,2.636,29,39,1
2025020929,2025,2026-02-26,LAK,EDM,1,8,1,8,REG,1.957,22,35,0,3.274,37,49,0
2025020930,2025,2026-02-27,FLA,BUF,2,3,2,3,REG,4.285,30,48,0,3.750,39,53,1
2025020931,2025,2026-02-27,WSH,VGK,3,2,3,2,REG,2.970,30,44,0,4.344,26,47,0
2025020932,2025,2026-02-27,UTA,MIN,5,2,5,2,REG,3.882,37,51,0,2.870,23,37,0
2025020933,2025,2026-02-27,ANA,WPG,5,4,4,4,OT,4.821,35,57,0,4.331,30,50,0
2025020934,2025,2026-02-28,NYR,PIT,3,2,2,2,SO,2.879,23,42,0,2.640,28,41,0
2025020935,2025,2026-02-28,PHI,BOS,3,1,3,1,REG,2.394,17,29,1,2.502,27,41,0
2025020936,2025,2026-02-28,SJS,EDM,5,4,5,4,REG,3.932,33,48,0,3.371,24,38,0
2025020937,2025,2026-02-28,CBJ,NYI,3,4,3,3,OT,2.619,30,44,0,2.579,26,43,0
2025020938,2025,2026-02-28,COL,CHI,3,1,3,1,REG,3.255,35,55,1,2.227,15,27,0
2025020939,2025,2026-02-28,TOR,OTT,2,5,2,5,REG,2.039,23,37,0,3.614,40,59,0
2025020940,2025,2026-02-28,MTL,WSH,6,2,6,2,REG,3.128,25,38,2,4.473,29,42,0
2025020941,2025,2026-02-28,TBL,BUF,2,6,2,6,REG,3.475,38,51,0,3.901,35,50,0
2025020942,2025,2026-02-28,CAR,DET,5,2,5,2,REG,3.253,36,46,0,2.388,29,35,0
2025020943,2025,2026-02-28,STL,NJD,1,3,1,3,REG,1.775,26,40,0,2.711,33,48,1
2025020944,2025,2026-02-28,LAK,CGY,2,0,2,0,REG,3.202,37,56,1,2.823,29,46,0
2025020945,2025,2026-02-28,DAL,NSH,3,2,2,2,OT,3.002,24,38,0,2.446,26,33,0
2025020946,2025,2026-02-28,SEA,VAN,5,1,5,1,REG,2.772,25,42,1,3.406,28,46,0
2025020947,2025,2026-03-01,PIT,VGK,5,0,5,0,REG,2.102,22,30,0,2.122,22,35,0
2025020948,2025,2026-03-01,NYI,FLA,5,4,5,4,REG,2.235,26,39,0,3.956,33,60,0
2025020949,2025,2026-03-01,UTA,CHI,0,4,0,4,REG,2.454,22,38,0,2.424,28,37,0
2025020950,2025,2026-03-01,SJS,WPG,2,1,1,1,OT,2.838,32,48,0,2.273,27,32,0
2025020951,2025,2026-03-01,MIN,STL,1,3,1,3,REG,2.329,23,41,0,1.900,24,39,1
2025020952,2025,2026-03-01,ANA,CGY,3,2,2,2,SO,4.299,34,53,0,4.353,33,59,0
2025020953,2025,2026-03-02,NYR,CBJ,4,5,4,4,OT,3.372,33,45,0,2.523,28,37,0
2025020954,2025,2026-03-02,TOR,PHI,2,3,2,2,SO,2.135,27,39,0,2.374,23,33,0
2025020955,2025,2026-03-02,NSH,DET,2,4,2,4,REG,3.376,30,51,0,3.181,31,45,1
2025020956,2025,2026-03-02,VAN,DAL,1,6,1,6,REG,1.166,14,21,0,4.585,37,53,0
2025020957,2025,2026-03-02,SEA,CAR,2,1,2,1,REG,1.547,15,24,0,2.625,36,57,0
2025020958,2025,2026-03-02,LAK,COL,2,4,2,4,REG,1.515,21,35,0,3.340,39,55,1
2025020959,2025,2026-03-03,BOS,PIT,2,1,2,1,REG,2.936,28,47,0,3.997,35,55,0
2025020960,2025,2026-03-03,BUF,VGK,3,2,3,2,REG,3.587,28,46,0,4.607,29,48,0
2025020961,2025,2026-03-03,NJD,FLA,5,1,5,1,REG,2.780,33,46,2,2.443,21,32,0
2025020962,2025,2026-03-03,WSH,UTA,2,3,2,3,REG,3.179,25,39,0,2.864,23,40,0
2025020963,2025,2026-03-03,CBJ,NSH,3,2,3,2,REG,3.172,27,52,0,3.485,25,37,0
2025020964,2025,2026-03-03,WPG,CHI,3,2,2,2,OT,2.994,30,40,0,1.805,19,30,0
2025020965,2025,2026-03-03,CGY,DAL,1,6,1,6,REG,1.747,21,34,0,3.231,35,44,0
2025020966,2025,2026-03-03,EDM,OTT,5,4,4,4,OT,3.900,34,55,0,2.086,21,33,0
2025020967,2025,2026-03-03,MIN,TBL,5,1,5,1,REG,2.187,22,36,1,2.314,25,37,0
2025020968,2025,2026-03-03,ANA,COL,1,5,1,5,REG,3.508,28,44,0,3.169,26,41,0
2025020969,2025,2026-03-03,SJS,MTL,7,5,7,5,REG,2.288,28,37,1,4.086,36,57,0
2025020970,2025,2026-03-04,DET,VGK,3,4,3,3,OT,3.301,25,38,0,3.027,23,37,0
2025020971,2025,2026-03-04,NJD,TOR,4,3,3,3,SO,4.435,44,64,0,2.477,25,37,0
2025020972,2025,2026-03-04,VAN,CAR,4,6,4,6,REG,1.903,22,31,0,2.995,33,49,1
2025020973,2025,2026-03-04,ANA,NYI,5,1,5,1,REG,2.818,26,45,1,4.128,43,62,0
2025020974,2025,2026-03-04,SEA,STL,2,3,2,3,REG,3.128,36,54,0,2.506,27,36,0
2025020975,2025,2026-03-05,NYR,TOR,6,2,6,2,REG,2.646,24,37,1,3.267,32,45,0
2025020976,2025,2026-03-05,PHI,UTA,0,3,0,3,REG,1.787,16,26,0,1.938,23,40,1
2025020977,2025,2026-03-05,PIT,BUF,1,5,1,5,REG,2.925,28,41,0,3.194,26,48,1
2025020978,2025,2026-03-05,CBJ,FLA,4,2,4,2,REG,2.639,28,40,1,4.211,28,55,0
2025020979,2025,2026-03-05,NSH,BOS,6,3,6,3,REG,2.887,29,35,1,2.632,23,40,0
2025020980,2025,2026-03-05,WPG,TBL,4,1,4,1,REG,3.321,30,44,1,3.443,27,43,0
2025020981,2025,2026-03-05,CGY,OTT,1,4,1,4,REG,1.433,20,31,0,3.709,37,56,2
2025020982,2025,2026-03-05,LAK,NYI,5,3,5,3,REG,3.410,35,57,0,3.808,35,55,0
2025020983,2025,2026-03-06,DET,FLA,1,3,1,3,REG,4.104,29,51,0,2.163,23,35,1
2025020984,2025,2026-03-06,DAL,COL,4,5,4,4,SO,3.300,19,34,0,3.041,27,38,0
2025020985,2025,2026-03-06,CHI,VAN,3,6,3,6,REG,3.544,23,44,0,1.795,22,33,2
2025020986,2025,2026-03-06,EDM,CAR,3,6,3,6,REG,2.318,16,27,0,3.631,32,49,1
2025020987,2025,2026-03-06,ANA,MTL,6,5,5,5,SO,3.619,33,45,0,3.190,24,46,0
2025020988,2025,2026-03-06,VGK,MIN,2,4,2,4,REG,3.236,31,50,0,2.576,24,41,0
2025020989,2025,2026-03-06,SJS,STL,2,3,2,2,OT,2.605,25,40,0,1.861,13,20,0
2025020990,2025,2026-03-07,BOS,WSH,3,1,3,1,REG,3.863,30,46,1,2.772,23,40,0
2025020991,2025,2026-03-07,NJD,NYR,6,3,6,3,REG,3.294,35,54,1,2.795,20,33,0
2025020992,2025,2026-03-07,BUF,NSH,3,2,3,2,REG,2.625,24,43,0,3.108,25,40,0
2025020993,2025,2026-03-07,PIT,PHI,3,4,3,3,SO,2.359,19,39,0,1.742,15,31,0
2025020994,2025,2026-03-07,TOR,TBL,2,5,2,5,REG,2.632,29,35,0,3.050,33,44,1
2025020995,2025,2026-03-07,CBJ,UTA,4,5,4,4,OT,3.243,30,46,0,2.270,24,39,0
2025020996,2025,2026-03-07,WPG,VAN,3,2,2,2,OT,2.993,34,52,0,1.516,21,31,0
2025020997,2025,2026-03-07,LAK,MTL,3,4,3,4,REG,4.733,39,69,0,2.389,23,31,0
2025020998,2025,2026-03-07,CGY,CAR,5,4,5,4,REG,2.411,25,33,0,3.063,29,47,0
2025020999,2025,2026-03-07,SJS,NYI,1,2,1,1,OT,3.066,27,39,0,2.474,32,45,0
2025021000,2025,2026-03-07,SEA,OTT,4,7,4,7,REG,1.789,21,34,0,3.405,37,53,0
2025021001,2025,2026-03-08,COL,MIN,3,2,2,2,SO,4.601,34,53,0,2.805,33,47,0
2025021002,2025,2026-03-08,PIT,BOS,5,4,4,4,OT,3.873,39,56,0,2.245,28,41,0
2025021003,2025,2026-03-08,BUF,TBL,8,7,8,7,REG,3.967,42,53,0,3.884,29,45,0
2025021004,2025,2026-03-08,DAL,CHI,4,3,3,3,OT,3.512,30,41,0,2.099,19,29,0
2025021005,2025,2026-03-08,NJD,DET,0,3,0,3,REG,2.408,31,45,0,2.813,30,44,0
2025021006,2025,2026-03-08,ANA,STL,0,4,0,4,REG,2.551,22,42,0,4.415,35,53,1
2025021007,2025,2026-03-08,VGK,EDM,2,4,2,4,REG,2.703,26,45,0,2.693,19,34,1
2025020828,2025,2026-03-09,CBJ,LAK,4,5,4,4,OT,2.081,32,42,0,3.075,29,46,0
2025021008,2025,2026-03-09,PHI,NYR,2,6,2,6,REG,2.769,34,48,0,2.736,27,34,0
2025021009,2025,2026-03-09,WSH,CGY,7,3,7,3,REG,3.714,29,44,1,3.520,26,45,0
2025021010,2025,2026-03-09,CHI,UTA,3,2,2,2,OT,2.624,25,42,0,2.173,23,35,0
2025021011,2025,2026-03-09,VAN,OTT,0,2,0,2,REG,1.417,16,28,0,3.242,24,38,1
2025021012,2025,2026-03-10,BOS,LAK,2,1,1,1,OT,3.013,22,43,0,2.177,16,47,0
2025021013,2025,2026-03-10,BUF,SJS,6,3,6,3,REG,2.856,26,39,1,2.457,20,37,0
2025021014,2025,2026-03-10,MTL,TOR,3,1,3,1,REG,4.767,33,52,1,2.147,18,29,0
2025021015,2025,2026-03-10,TBL,CBJ,2,5,2,5,REG,1.754,18,29,0,4.424,32,44,1
2025021016,2025,2026-03-10,FLA,DET,4,3,4,3,REG,3.218,28,45,0,3.336,28,44,0
2025021017,2025,2026-03-10,NYR,CGY,4,0,4,0,REG,3.210,29,45,0,2.291,21,37,0
2025021018,2025,2026-03-10,CAR,PIT,5,4,4,4,SO,5.844,41,62,0,4.070,27,47,0
2025021019,2025,2026-03-10,STL,NYI,3,4,3,3,OT,2.374,22,32,0,4.534,47,59,0
2025021020,2025,2026-03-10,DAL,VGK,2,1,2,1,REG,2.803,16,29,0,2.328,27,37,0
2025021021,2025,2026-03-10,MIN,UTA,5,0,5,0,REG,3.225,30,51,0,2.742,25,42,0
2025021022,2025,2026-03-10,WPG,ANA,1,4,1,4,REG,2.090,13,29,0,2.997,35,48,1
2025021023,2025,2026-03-10,COL,EDM,3,4,3,4,REG,3.346,30,45,0,3.010,24,37,0
2025021024,2025,2026-03-10,SEA,NSH,2,4,2,4,REG,4.391,45,60,0,2.262,27,43,1
2025021025,2025,2026-03-11,OTT,MTL,2,3,2,3,REG,3.096,34,44,0,2.742,23,41,0
2025021026,2025,2026-03-11,PHI,WSH,4,1,4,1,REG,2.325,22,30,1,3.558,23,52,0
2025021027,2025,2026-03-12,BOS,SJS,2,4,2,4,REG,3.994,41,58,0,3.118,28,38,0
2025021028,2025,2026-03-12,BUF,WSH,1,2,1,2,REG,3.330,30,50,0,2.822,22,40,0
2025021029,2025,2026-03-12,TOR,ANA,6,4,6,4,REG,3.094,28,44,1,4.557,40,62,0
2025021030,2025,2026-03-12,TBL,DET,4,1,4,1,REG,3.311,29,49,1,2.560,25,42,0
2025021031,2025,2026-03-12,FLA,CBJ,2,1,1,1,OT,2.421,16,40,0,3.827,31,41,0
2025021032,2025,2026-03-12,NJD,CGY,4,5,4,5,REG,4.526,32,56,0,2.256,29,34,0
2025021033,2025,2026-03-12,CAR,STL,1,3,1,3,REG,4.010,32,48,0,1.510,17,23,1
2025021034,2025,2026-03-12,DAL,EDM,7,2,7,2,REG,3.068,27,36,0,3.574,32,44,0
2025021035,2025,2026-03-12,MIN,PHI,2,3,2,2,SO,2.773,22,39,0,1.521,23,35,0
2025021036,2025,2026-03-12,WPG,NYR,3,6,3,6,REG,2.706,26,43,0,1.601,17,34,1
2025021037,2025,2026-03-12,UTA,CHI,2,3,2,2,OT,4.199,26,52,0,1.829,20,27,0
2025021038,2025,2026-03-12,VAN,NSH,4,3,3,3,SO,3.989,25,46,0,1.779,16,28,0
2025021039,2025,2026-03-12,VGK,PIT,6,2,6,2,REG,1.668,17,31,1,2.513,26,42,0
2025021040,2025,2026-03-12,SEA,COL,1,5,1,5,REG,2.431,29,47,0,2.872,26,44,0
2025021041,2025,2026-03-13,NYI,LAK,2,3,2,3,REG,2.770,23,47,0,3.347,27,43,0
2025021042,2025,2026-03-13,STL,EDM,3,2,2,2,OT,2.426,22,35,0,2.937,34,49,0
2025021043,2025,2026-03-14,OTT,ANA,2,0,2,0,REG,3.664,28,43,0,4.015,24,43,0
2025021044,2025,2026-03-14,WSH,BOS,2,3,2,2,SO,2.841,28,38,0,3.170,32,45,0
2025021045,2025,2026-03-14,WPG,COL,3,1,3,1,REG,1.111,19,30,1,3.459,29,52,0
2025021046,2025,2026-03-14,MIN,NYR,2,4,2,4,REG,4.929,48,62,0,1.985,18,28,0
2025021047,2025,2026-03-14,BUF,TOR,3,2,2,2,SO,3.746,32,54,0,1.686,17,26,0
2025021048,2025,2026-03-14,MTL,SJS,2,4,2,4,REG,3.826,27,47,0,3.433,22,43,1
2025021049,2025,2026-03-14,TBL,CAR,2,4,2,4,REG,2.612,19,27,0,3.531,35,52,1
2025021050,2025,2026-03-14,NJD,LAK,6,4,6,4,REG,2.901,28,43,1,3.723,31,53,0
2025021051,2025,2026-03-14,NYI,CGY,3,2,3,2,REG,3.281,27,38,0,2.899,32,44,0
2025021052,2025,2026-03-14,PHI,CBJ,1,2,1,1,SO,1.768,18,29,0,2.376,28,40,0
2025021053,2025,2026-03-14,DAL,DET,3,2,2,2,OT,2.908,23,41,0,2.811,22,39,0
2025021054,2025,2026-03-14,UTA,PIT,3,4,3,4,REG,3.779,29,47,0,2.513,23,33,0
2025021055,2025,2026-03-14,VAN,SEA,2,5,2,5,REG,3.109,34,48,0,2.507,33,44,0
2025021056,2025,2026-03-14,VGK,CHI,4,0,4,0,REG,3.647,32,45,0,2.040,21,38,0
2025021057,2025,2026-03-15,WPG,STL,3,2,3,2,REG,2.042,16,31,0,3.338,31,44,0
2025021058,2025,2026-03-15,OTT,SJS,7,4,7,4,REG,3.266,25,48,1,2.262,23,31,0
2025021059,2025,2026-03-15,MTL,ANA,3,4,3,4,REG,3.902,30,45,0,3.710,28,41,0
2025021060,2025,2026-03-15,MIN,TOR,2,4,2,4,REG,3.459,38,58,0,1.867,26,35,1
2025021061,2025,2026-03-15,EDM,NSH,3,1,3,1,REG,3.632,30,42,1,3.324,27,45,0
2025021062,2025,2026-03-15,SEA,FLA,6,2,6,2,REG,2.698,25,34,0,3.213,25,52,0
2025021063,2025,2026-03-16,DET,CGY,5,2,5,2,REG,3.227,25,37,1,2.362,27,39,0
2025021064,2025,2026-03-16,NJD,BOS,4,3,3,3,OT,2.524,29,46,0,2.126,21,32,0
2025021065,2025,2026-03-16,NYR,LAK,1,4,1,4,REG,2.023,22,38,0,2.887,26,39,1
2025021066,2025,2026-03-16,DAL,UTA,3,6,3,6,REG,3.718,30,41,0,1.998,22,28,1
2025021067,2025,2026-03-16,COL,PIT,2,7,2,7,REG,3.566,27,46,0,2.208,20,28,0
2025021068,2025,2026-03-17,TOR,NYI,1,3,1,3,REG,3.313,27,43,0,3.947,34,53,0
2025021069,2025,2026-03-17,MTL,BOS,3,2,2,2,OT,4.543,27,54,0,3.571,27,39,0
2025021070,2025,2026-03-17,CBJ,CAR,5,1,5,1,REG,2.643,30,42,0,2.592,29,39,0
2025021071,2025,2026-03-17,WPG,NSH,3,4,3,3,SO,4.189,35,50,0,1.759,21,31,0
2025021072,2025,2026-03-17,CHI,MIN,3,4,3,3,OT,3.033,25,42,0,3.263,32,42,0
2025021073,2025,2026-03-17,EDM,SJS,5,3,5,3,REG,3.372,37,43,0,3.533,30,49,0
2025021074,2025,2026-03-17,VAN,FLA,5,2,5,2,REG,3.017,22,31,0,4.458,23,50,0
2025021075,2025,2026-03-17,VGK,BUF,0,2,0,2,REG,3.272,29,48,0,2.126,25,38,1
2025021076,2025,2026-03-17,SEA,TBL,2,6,2,6,REG,1.566,18,29,0,2.201,26,39,1
2025021077,2025,2026-03-18,NYR,NJD,3,6,3,6,REG,1.806,18,30,0,4.054,39,57,0
2025021078,2025,2026-03-18,CAR,PIT,6,5,5,5,OT,4.593,43,64,0,3.647,32,39,0
2025021079,2025,2026-03-18,WSH,OTT,4,1,4,1,REG,3.276,25,44,2,4.538,35,57,0
2025021080,2025,2026-03-18,COL,DAL,1,2,1,1,SO,3.284,31,49,0,2.030,14,29,0
2025021081,2025,2026-03-18,CGY,STL,2,1,1,1,SO,1.999,24,33,0,2.259,23,36,0
2025021082,2025,2026-03-18,ANA,PHI,2,3,2,2,OT,3.344,35,51,0,4.694,27,50,0
2025021083,2025,2026-03-19,BOS,WPG,6,1,6,1,REG,2.995,27,41,0,3.434,24,45,0
2025021084,2025,2026-03-19,OTT,NYI,3,2,3,2,REG,3.413,27,47,0,1.907,19,28,0
2025021085,2025,2026-03-19,DET,MTL,3,1,3,1,REG,2.777,28,49,1,3.619,33,51,0
2025021086,2025,2026-03-19,CBJ,NYR,6,3,6,3,REG,4.139,37,48,1,2.188,25,36,0
2025021087,2025,2026-03-19,NSH,SEA,3,1,3,1,REG,3.577,28,51,1,2.862,26,47,0
2025021088,2025,2026-03-19,MIN,CHI,1,2,1,2,REG,2.386,29,43,0,2.440,26,40,0
2025021089,2025,2026-03-19,EDM,FLA,0,4,0,4,REG,2.411,21,35,0,2.571,23,40,0
2025021090,2025,2026-03-19,VAN,TBL,2,6,2,6,REG,2.017,21,36,0,3.421,31,47,0
2025021091,2025,2026-03-19,VGK,UTA,0,4,0,4,REG,4.273,28,56,0,1.935,18,29,1
2025021092,2025,2026-03-19,SJS,BUF,0,5,0,5,REG,2.374,23,34,0,2.127,16,26,0
2025021093,2025,2026-03-19,LAK,PHI,3,4,3,3,SO,2.196,23,42,0,2.099,18,30,0
2025021094,2025,2026-03-20,TOR,CAR,3,4,3,3,OT,2.005,26,32,0,4.265,35,53,0
2025021095,2025,2026-03-20,WSH,NJD,2,1,2,1,REG,3.086,28,41,1,3.210,31,53,0
2025021096,2025,2026-03-20,CHI,COL,1,4,1,4,REG,2.419,20,35,0,4.488,49,65,0
2025021097,2025,2026-03-20,CGY,FLA,4,1,4,1,REG,3.337,36,46,0,2.070,25,40,0
2025021098,2025,2026-03-20,UTA,ANA,1,4,1,4,REG,3.851,30,46,0,2.175,24,38,2
2025021099,2025,2026-03-21,PIT,WPG,5,4,4,4,SO,2.535,27,40,0,2.710,24,43,0
2025021100,2025,2026-03-21,NSH,VGK,4,1,4,1,REG,2.672,20,31,0,4.205,40,59,0
2025021101,2025,2026-03-21,MIN,DAL,2,1,1,1,OT,2.585,27,37,0,3.031,30,46,0
2025021102,2025,2026-03-21,LAK,BUF,1,4,1,4,REG,2.243,27,37,0,2.041,34,43,1
2025021103,2025,2026-03-21,SJS,PHI,1,4,1,4,REG,2.476,25,39,0,3.994,28,43,2
2025021104,2025,2026-03-21,CBJ,SEA,5,2,5,2,REG,2.580,28,39,1,2.341,17,31,0
2025021105,2025,2026-03-21,MTL,NYI,7,3,7,3,REG,4.324,36,54,0,2.337,22,30,0
2025021106,2025,2026-03-21,OTT,TOR,5,2,5,2,REG,4.587,44,67,0,1.775,14,20,0
2025021107,2025,2026-03-21,VAN,STL,1,3,1,3,REG,2.014,15,22,0,2.806,21,36,1
2025021108,2025,2026-03-21,DET,BOS,2,4,2,4,REG,3.997,44,56,0,3.076,27,39,1
2025021109,2025,2026-03-21,EDM,TBL,2,5,2,5,REG,2.317,28,38,0,2.741,28,45,1
2025021110,2025,2026-03-22,NYR,WPG,2,3,2,2,SO,2.707,25,41,0,3.533,36,53,0
2025021111,2025,2026-03-22,WSH,COL,2,3,2,2,OT,2.887,22,35,0,2.182,21,34,0
2025021112,2025,2026-03-22,PIT,CAR,1,5,1,5,REG,2.783,19,34,0,3.968,26,53,1
2025021113,2025,2026-03-22,CHI,NSH,2,3,2,2,OT,2.963,29,43,0,4.045,31,44,0
2025021114,2025,2026-03-22,NYI,CBJ,1,0,1,0,REG,2.270,22,37,0,1.998,26,33,0
2025021115,2025,2026-03-22,DAL,VGK,2,3,2,3,REG,2.014,15,25,0,3.895,33,46,0
2025021116,2025,2026-03-22,CGY,TBL,4,3,3,3,OT,2.173,28,45,0,3.160,35,48,0
2025021117,2025,2026-03-22,ANA,BUF,6,5,5,5,OT,4.193,32,51,0,3.361,29,52,0
2025021118,2025,2026-03-22,UTA,LAK,4,3,3,3,OT,3.090,33,46,0,3.504,36,56,0
2025021119,2025,2026-03-23,NYR,OTT,1,2,1,2,REG,1.372,10,25,0,2.946,33,42,0
2025021120,2025,2026-03-24,BOS,TOR,2,4,2,4,REG,2.941,20,40,0,4.745,35,53,1
2025021121,2025,2026-03-24,MTL,CAR,5,2,5,2,REG,2.871,19,32,1,4.464,43,63,0
2025021122,2025,2026-03-24,DET,OTT,2,3,2,3,REG,3.165,35,51,0,2.503,21,32,0
2025021123,2025,2026-03-24,FLA,SEA,5,4,4,4,SO,2.417,21,32,0,2.245,27,38,0
2025021124,2025,2026-03-24,NYI,CHI,3,4,3,4,REG,5.486,47,75,0,2.176,24,33,0
2025021125,2025,2026-03-24,PHI,CBJ,2,3,2,3,REG,3.302,26,44,0,1.808,19,34,0
2025021126,2025,2026-03-24,PIT,COL,2,6,2,6,REG,3.360,32,47,0,1.810,30,40,1
2025021127,2025,2026-03-24,TBL,MIN,6,3,6,3,REG,3.315,26,49,2,2.386,24,38,0
2025021128,2025,2026-03-24,STL,WSH,3,0,3,0,REG,2.872,27,44,1,2.414,21,37,0
2025021129,2025,2026-03-24,NSH,SJS,6,3,6,3,REG,2.020,19,32,0,3.011,30,50,0
2025021130,2025,2026-03-24,DAL,NJD,4,6,4,6,REG,2.547,27,41,0,3.464,25,33,1
2025021131,2025,2026-03-24,WPG,VGK,4,1,4,1,REG,1.954,21,36,1,3.503,27,49,0
2025021132,2025,2026-03-24,UTA,EDM,2,5,2,5,REG,2.120,18,33,0,2.396,26,42,1
2025021133,2025,2026-03-24,CGY,LAK,3,2,2,2,SO,1.933,22,31,0,2.204,24,36,0
2025021134,2025,2026-03-24,VAN,ANA,3,5,3,5,REG,3.936,30,49,0,3.833,34,49,1
2025021135,2025,2026-03-25,BUF,BOS,3,4,3,3,OT,2.735,25,38,0,2.148,30,44,0
2025021136,2025,2026-03-25,TOR,NYR,4,3,4,3,REG,1.781,18,27,0,3.884,43,59,0
2025021137,2025,2026-03-26,MTL,CBJ,2,1,2,1,REG,2.087,20,31,0,3.481,26,44,0
2025021138,2025,2026-03-26,OTT,PIT,3,4,3,3,SO,2.640,23,41,0,4.099,36,63,0
2025021139,2025,2026-03-26,TBL,SEA,3,4,3,3,OT,2.576,32,41,0,1.729,19,24,0
2025021140,2025,2026-03-26,FLA,MIN,2,3,2,3,REG,2.167,20,32,0,4.988,50,65,0
2025021141,2025,2026-03-26,NYI,DAL,2,1,2,1,REG,3.451,25,37,0,3.294,27,43,0
2025021142,2025,2026-03-26,PHI,CHI,5,1,5,1,REG,5.587,42,62,0,2.038,26,33,0
2025021143,2025,2026-03-26,STL,SJS,2,1,1,1,OT,1.696,21,31,0,2.121,23,34,0
2025021144,2025,2026-03-26,NSH,NJD,2,4,2,4,REG,2.168,17,30,0,2.840,30,44,1
2025021145,2025,2026-03-26,WPG,COL,2,3,2,3,REG,2.228,24,40,0,4.434,35,48,0
2025021146,2025,2026-03-26,UTA,WSH,4,7,4,7,REG,5.261,40,69,0,2.586,25,38,1
2025021147,2025,2026-03-26,CGY,ANA,2,3,2,2,OT,2.210,25,37,0,2.525,31,47,0
2025021148,2025,2026-03-26,VGK,EDM,3,4,3,3,OT,2.214,25,31,0,2.573,27,40,0
2025021149,2025,2026-03-26,VAN,LAK,0,4,0,4,REG,1.921,19,32,0,3.055,38,50,1
2025021150,2025,2026-03-27,BUF,DET,2,5,2,5,REG,3.718,30,51,0,2.524,20,30,1
2025021151,2025,2026-03-27,NYR,CHI,6,1,6,1,REG,4.491,38,59,0,2.516,28,39,0
2025021152,2025,2026-03-28,TBL,OTT,4,2,4,2,REG,3.149,27,53,0,3.289,28,40,0
2025021153,2025,2026-03-28,NYI,FLA,5,2,5,2,REG,4.350,40,62,0,3.002,21,42,0
2025021154,2025,2026-03-28,EDM,ANA,4,2,4,2,REG,3.801,34,47,1,3.109,33,48,0
2025021155,2025,2026-03-28,BOS,MIN,6,3,6,3,REG,2.561,31,53,1,3.854,34,60,0
2025021156,2025,2026-03-28,PIT,DAL,3,6,3,6,REG,2.306,12,32,0,2.575,26,40,2
2025021157,2025,2026-03-28,CAR,NJD,5,2,5,2,REG,3.941,34,54,1,1.917,19,30,0
2025021158,2025,2026-03-28,CBJ,SJS,2,3,2,3,REG,2.435,24,35,0,3.925,36,51,0
2025021159,2025,2026-03-28,BUF,SEA,3,2,2,2,SO,3.472,33,50,0,3.468,34,48,0
2025021160,2025,2026-03-28,STL,TOR,5,1,5,1,REG,3.285,38,47,0,1.600,13,27,0
2025021161,2025,2026-03-28,NSH,MTL,1,4,1,4,REG,2.205,24,37,0,3.598,32,48,0
2025021162,2025,2026-03-28,COL,WPG,2,4,2,4,REG,1.692,23,34,0,1.759,21,32,1
2025021163,2025,2026-03-28,DET,PHI,3,5,3,5,REG,2.990,35,47,0,2.944,26,36,1
2025021164,2025,2026-03-28,LAK,UTA,2,6,2,6,REG,2.593,31,47,0,2.923,28,40,1
2025021165,2025,2026-03-28,CGY,VAN,7,3,7,3,REG,2.019,23,30,0,3.359,34,49,0
2025021166,2025,2026-03-28,VGK,WSH,4,5,4,4,SO,3.167,28,47,0,1.941,18,28,0
2025021167,2025,2026-03-29,NYR,FLA,3,1,3,1,REG,1.902,22,35,1,3.191,27,47,0
2025021168,2025,2026-03-29,TBL,NSH,3,2,3,2,REG,3.761,28,50,0,3.056,31,45,0
2025021169,2025,2026-03-29,CAR,MTL,1,3,1,3,REG,4.637,35,67,0,2.789,18,29,0
2025021170,2025,2026-03-29,CBJ,BOS,3,4,3,3,SO,2.055,23,31,0,4.756,33,50,0
2025021171,2025,2026-03-29,NJD,CHI,5,3,5,3,REG,5.379,40,67,1,4.003,31,50,0
2025021172,2025,2026-03-29,PHI,DAL,2,1,1,1,OT,3.101,26,42,0,2.609,18,31,0
2025021173,2025,2026-03-30,NYI,PIT,3,8,3,8,REG,2.348,23,35,0,4.481,32,50,0
2025021174,2025,2026-03-30,COL,CGY,9,2,9,2,REG,5.218,49,73,0,3.471,29,45,0
2025021175,2025,2026-03-30,VGK,VAN,4,2,4,2,REG,3.157,34,47,1,1.793,24,28,0
2025021176,2025,2026-03-30,ANA,TOR,4,5,4,4,OT,3.680,29,52,0,3.474,26,43,0
2025021177,2025,2026-03-30,SJS,STL,5,4,5,4,REG,2.714,29,39,0,2.225,26,35,0
2025021178,2025,2026-03-31,BOS,DAL,6,3,6,3,REG,3.274,24,40,2,2.450,16,28,0
2025021179,2025,2026-03-31,BUF,NYI,4,3,4,3,REG,3.853,33,54,1,2.361,28,37,0
2025021180,2025,2026-03-31,TBL,MTL,1,4,1,4,REG,3.904,37,47,0,2.169,23,34,2
2025021181,2025,2026-03-31,FLA,OTT,6,3,6,3,REG,5.011,29,52,0,3.055,26,45,0
2025021182,2025,2026-03-31,NYR,NJD,4,1,4,1,REG,3.551,23,47,0,3.067,23,47,0
2025021183,2025,2026-03-31,PIT,DET,5,1,5,1,REG,4.203,32,53,0,2.809,23,42,0
2025021184,2025,2026-03-31,WSH,PHI,6,4,6,4,REG,2.068,18,26,1,3.364,24,43,0
2025021185,2025,2026-03-31,CBJ,CAR,2,5,2,5,REG,2.802,25,39,0,3.679,33,59,1
2025021186,2025,2026-03-31,CHI,WPG,3,4,3,3,OT,2.064,21,31,0,2.247,23,37,0
2025021187,2025,2026-03-31,EDM,SEA,3,0,3,0,REG,2.242,24,38,1,2.352,27,43,0
2025021188,2025,2026-04-01,COL,VAN,6,8,6,8,REG,2.952,30,46,0,3.119,26,42,1
2025021189,2025,2026-04-01,LAK,STL,2,1,1,1,OT,2.155,23,33,0,2.606,23,40,0
2025021190,2025,2026-04-01,SJS,ANA,4,3,4,3,REG,2.520,21,30,0,2.887,31,43,0
2025021191,2025,2026-04-02,OTT,BUF,4,1,4,1,REG,2.209,24,38,2,2.093,22,36,0
2025021192,2025,2026-04-02,TBL,PIT,6,3,6,3,REG,3.841,33,48,1,2.156,24,36,0
2025021193,2025,2026-04-02,FLA,BOS,2,1,2,1,REG,3.254,24,38,0,3.548,29,50,0
2025021194,2025,2026-04-02,NJD,WSH,7,3,7,3,REG,2.532,30,39,1,3.299,32,49,0
2025021195,2025,2026-04-02,NYR,MTL,2,3,2,3,REG,3.004,24,43,0,2.482,25,38,0
2025021196,2025,2026-04-02,PHI,DET,2,4,2,4,REG,4.088,34,55,0,1.975,19,30,0
2025021197,2025,2026-04-02,CAR,CBJ,5,1,5,1,REG,2.529,21,37,0,1.887,10,25,0
2025021198,2025,2026-04-02,DAL,WPG,3,0,3,0,REG,2.481,21,36,0,2.628,22,36,0
2025021199,2025,2026-04-02,MIN,VAN,5,2,5,2,REG,3.641,39,51,1,2.913,33,45,0
2025021200,2025,2026-04-02,EDM,CHI,3,1,3,1,REG,4.749,39,54,1,2.999,18,37,0
2025021201,2025,2026-04-02,VGK,CGY,6,3,6,3,REG,3.075,34,48,0,1.929,22,28,0
2025021202,2025,2026-04-02,SJS,TOR,4,1,4,1,REG,2.287,25,41,1,2.574,20,38,0
2025021203,2025,2026-04-02,SEA,UTA,2,6,2,6,REG,2.327,27,39,0,3.593,31,48,0
2025021204,2025,2026-04-02,LAK,NSH,4,5,4,4,SO,2.789,32,51,0,3.732,32,50,0
2025021205,2025,2026-04-03,NYI,PHI,1,4,1,4,REG,2.442,22,37,0,2.451,21,36,0
2025021206,2025,2026-04-03,ANA,STL,2,6,2,6,REG,3.530,27,47,0,3.357,29,41,0
2025021207,2025,2026-04-04,NYR,DET,4,1,4,1,REG,2.307,20,31,1,3.572,33,57,0
2025021208,2025,2026-04-04,OTT,MIN,1,4,1,4,REG,2.227,34,45,0,2.358,23,37,0
2025021209,2025,2026-04-04,DAL,COL,0,2,0,2,REG,2.362,17,31,0,2.060,22,39,1
2025021210,2025,2026-04-04,TBL,BOS,3,1,3,1,REG,2.246,23,33,1,2.804,22,46,0
2025021211,2025,2026-04-04,PIT,FLA,9,4,9,4,REG,3.321,31,44,0,1.615,23,29,0
2025021212,2025,2026-04-04,NJD,MTL,3,4,3,3,SO,3.630,37,45,0,3.428,27,45,0
2025021213,2025,2026-04-04,WSH,BUF,6,2,6,2,REG,2.990,28,45,0,3.838,39,48,0
2025021214,2025,2026-04-04,CAR,NYI,4,3,4,3,REG,4.227,40,61,0,2.224,16,25,0
2025021215,2025,2026-04-04,CBJ,WPG,1,2,1,2,REG,2.511,16,36,0,2.077,26,39,0
2025021216,2025,2026-04-04,VAN,UTA,4,7,4,7,REG,1.754,23,32,0,2.136,25,37,1
2025021217,2025,2026-04-04,LAK,TOR,7,6,6,6,OT,4.373,36,62,0,2.158,19,30,0
2025021218,2025,2026-04-04,EDM,VGK,1,5,1,5,REG,3.254,32,49,0,2.715,33,43,0
2025021219,2025,2026-04-04,ANA,CGY,3,5,3,5,REG,3.999,39,64,0,2.721,20,35,1
2025021220,2025,2026-04-04,SJS,NSH,3,6,3,6,REG,2.519,27,38,0,2.532,34,47,1
2025021221,2025,2026-04-04,SEA,CHI,2,4,2,4,REG,2.363,27,40,0,3.260,31,47,1
2025021222,2025,2026-04-05,DET,MIN,4,5,4,5,REG,2.667,24,43,0,2.410,20,38,0
2025021223,2025,2026-04-05,PIT,FLA,5,2,5,2,REG,3.603,23,35,0,3.722,31,55,0
2025021224,2025,2026-04-05,PHI,BOS,2,1,1,1,OT,2.417,27,38,0,1.902,19,32,0
2025021225,2025,2026-04-05,OTT,CAR,6,3,6,3,REG,4.354,31,45,1,2.388,28,39,0
2025021226,2025,2026-04-05,MTL,NJD,0,3,0,3,REG,2.726,18,38,0,3.211,20,35,1
2025021227,2025,2026-04-05,NYR,WSH,8,1,8,1,REG,3.876,33,47,0,1.990,21,32,0
2025021228,2025,2026-04-05,COL,STL,2,3,2,3,REG,3.069,28,48,0,4.490,29,47,0
2025021229,2025,2026-04-06,BUF,TBL,4,2,4,2,REG,3.077,30,43,1,2.601,25,41,0
2025021230,2025,2026-04-06,WPG,SEA,6,2,6,2,REG,3.505,31,53,1,2.986,24,46,0
2025021231,2025,2026-04-06,SJS,CHI,3,2,3,2,REG,2.293,23,37,0,3.253,29,40,0
2025021232,2025,2026-04-06,LAK,NSH,3,2,2,2,SO,2.209,26,42,0,2.639,29,46,0
2025021233,2025,2026-04-07,MTL,FLA,4,3,3,3,SO,3.829,29,42,0,3.728,28,41,0
2025021234,2025,2026-04-07,OTT,TBL,6,2,6,2,REG,3.828,32,51,1,2.237,30,44,0
2025021235,2025,2026-04-07,DET,CBJ,3,4,3,3,SO,2.446,30,45,0,3.132,32,50,0
2025021236,2025,2026-04-07,NJD,PHI,1,5,1,5,REG,3.099,24,47,0,1.627,20,24,1
2025021237,2025,2026-04-07,CAR,BOS,6,5,5,5,OT,4.737,40,58,0,2.011,21,33,0
2025021238,2025,2026-04-07,STL,COL,1,3,1,3,REG,2.310,19,31,0,2.977,37,54,0
2025021239,2025,2026-04-07,DAL,CGY,4,3,3,3,OT,2.951,15,26,0,2.225,20,31,0
2025021240,2025,2026-04-07,MIN,SEA,5,2,5,2,REG,2.480,29,35,1,2.519,27,45,0
2025021241,2025,2026-04-07,UTA,EDM,6,5,5,5,OT,4.197,30,63,0,2.886,26,37,0
2025021242,2025,2026-04-07,VAN,VGK,1,2,1,2,REG,1.728,11,23,0,3.730,29,47,0
2025021243,2025,2026-04-07,ANA,NSH,0,5,0,5,REG,5.344,43,64,0,3.337,25,37,0
2025021244,2025,2026-04-08,NYR,BUF,3,5,3,5,REG,2.059,20,29,0,3.116,27,41,1
2025021245,2025,2026-04-08,TOR,WSH,0,4,0,4,REG,2.327,22,39,0,2.347,20,35,1
2025021246,2025,2026-04-08,SJS,EDM,2,5,2,5,REG,1.891,14,28,0,2.392,26,41,0
2025021247,2025,2026-04-09,BUF,CBJ,5,0,5,0,REG,1.838,24,35,1,3.522,37,57,0
2025021248,2025,2026-04-09,MTL,TBL,2,1,2,1,REG,3.508,21,43,0,2.001,18,27,0
2025021249,2025,2026-04-09,OTT,FLA,5,1,5,1,REG,3.003,26,45,1,1.910,23,37,0
2025021250,2025,2026-04-09,DET,PHI,6,3,6,3,REG,1.929,22,26,0,2.738,27,40,0
2025021251,2025,2026-04-09,NJD,PIT,2,5,2,5,REG,1.945,21,32,0,3.112,30,45,1
2025021252,2025,2026-04-09,NYI,TOR,5,3,5,3,REG,6.132,44,64,0,2.249,16,46,0
2025021253,2025,2026-04-09,STL,WPG,2,3,2,3,REG,2.792,22,33,0,2.752,34,44,0
2025021254,2025,2026-04-09,DAL,MIN,5,4,5,4,REG,1.906,20,30,0,2.977,31,44,0
2025021255,2025,2026-04-09,CHI,CAR,2,7,2,7,REG,1.934,25,32,0,2.350,22,37,0
2025021256,2025,2026-04-09,COL,CGY,3,1,3,1,REG,4.294,41,58,1,2.545,29,47,0
2025021257,2025,2026-04-09,UTA,NSH,4,1,4,1,REG,2.839,27,45,0,3.598,30,52,0
2025021258,2025,2026-04-09,ANA,SJS,6,1,6,1,REG,2.755,30,42,0,1.448,19,31,0
2025021259,2025,2026-04-09,SEA,VGK,4,3,3,3,SO,2.744,31,49,0,2.633,31,45,0
2025021260,2025,2026-04-09,LAK,VAN,4,1,4,1,REG,2.218,26,37,0,2.556,25,42,0
2025021261,2025,2026-04-11,BOS,TBL,1,2,1,2,REG,2.160,21,44,0,2.543,24,29,0
2025021262,2025,2026-04-11,NYI,OTT,0,3,0,3,REG,2.958,23,39,0,1.644,16,27,1
2025021263,2025,2026-04-11,PIT,WSH,3,6,3,6,REG,1.886,11,27,0,2.660,32,48,1
2025021264,2025,2026-04-11,LAK,EDM,1,0,1,0,REG,2.223,21,33,0,2.674,27,42,0
2025021265,2025,2026-04-11,DET,NJD,3,5,3,5,REG,3.276,28,45,0,3.677,33,49,1
2025021266,2025,2026-04-11,CHI,STL,3,5,3,5,REG,3.304,34,50,0,2.940,28,37,0
2025021267,2025,2026-04-11,NSH,MIN,2,1,2,1,REG,1.968,22,34,0,2.948,22,43,0
2025021268,2025,2026-04-11,DAL,NYR,2,0,2,0,REG,2.377,19,32,1,2.395,22,38,0
2025021269,2025,2026-04-11,UTA,CAR,1,4,1,4,REG,3.844,27,48,0,3.212,29,47,1
2025021270,2025,2026-04-11,TOR,FLA,2,6,2,6,REG,2.444,19,36,0,2.246,25,43,2
2025021271,2025,2026-04-11,MTL,CBJ,2,5,2,5,REG,2.856,22,36,0,4.736,33,49,0
2025021272,2025,2026-04-11,WPG,PHI,1,7,1,7,REG,2.848,28,44,0,2.357,23,36,0
2025021273,2025,2026-04-11,SEA,CGY,4,1,4,1,REG,2.684,21,37,1,1.628,27,41,0
2025021274,2025,2026-04-11,COL,VGK,2,3,2,2,OT,3.468,32,52,0,3.716,28,52,0
2025021275,2025,2026-04-11,SJS,VAN,3,4,3,3,SO,2.621,30,40,0,2.754,38,49,0
2025021276,2025,2026-04-12,WSH,PIT,3,0,3,0,REG,3.474,27,42,1,3.880,24,48,0
2025021277,2025,2026-04-12,NYI,MTL,1,4,1,4,REG,4.004,33,52,0,2.988,22,36,0
2025021278,2025,2026-04-12,CBJ,BOS,2,3,2,3,REG,4.049,35,55,0,2.257,22,39,0
2025021279,2025,2026-04-12,NJD,OTT,4,3,3,3,OT,3.023,23,40,0,3.478,29,38,0
2025021280,2025,2026-04-12,ANA,VAN,3,4,3,3,OT,3.275,26,38,0,1.622,19,27,0
2025021281,2025,2026-04-12,CGY,UTA,4,1,4,1,REG,3.439,23,34,0,2.400,29,47,0
2025021282,2025,2026-04-13,TBL,DET,4,3,3,3,OT,2.515,21,33,0,2.485,29,43,0
2025021283,2025,2026-04-13,FLA,NYR,3,2,3,2,REG,1.583,16,33,0,3.672,27,44,0
2025021284,2025,2026-04-13,PHI,CAR,3,2,2,2,SO,3.153,22,28,0,2.096,23,40,0
2025021285,2025,2026-04-13,TOR,DAL,5,6,5,6,REG,2.342,27,40,0,3.581,33,47,0
2025021286,2025,2026-04-13,STL,MIN,6,3,6,3,REG,3.253,22,36,1,3.772,31,45,0
2025021287,2025,2026-04-13,NSH,SJS,2,3,2,3,REG,3.594,28,43,0,2.501,23,41,1
2025021288,2025,2026-04-13,CHI,BUF,1,5,1,5,REG,2.221,16,29,0,3.099,26,41,0
2025021289,2025,2026-04-13,EDM,COL,1,2,1,1,SO,2.760,31,46,0,4.517,30,49,0
2025021290,2025,2026-04-13,VGK,WPG,6,2,6,2,REG,3.937,38,53,0,1.837,23,32,0
2025021291,2025,2026-04-13,SEA,LAK,3,5,3,5,REG,2.901,33,53,0,3.909,30,54,1
2025021292,2025,2026-04-14,BOS,NJD,4,0,4,0,REG,2.910,26,41,0,2.147,21,40,0
2025021293,2025,2026-04-14,NYI,CAR,1,2,1,2,REG,2.733,30,40,0,2.897,21,36,0
2025021294,2025,2026-04-14,PHI,MTL,4,2,4,2,REG,1.857,25,29,0,2.757,29,42,0
2025021295,2025,2026-04-14,CBJ,WSH,1,2,1,2,REG,2.961,28,37,0,3.522,21,37,0
2025021296,2025,2026-04-14,MIN,ANA,3,2,3,2,REG,2.308,20,36,0,4.422,37,63,0
2025021297,2025,2026-04-14,UTA,WPG,5,3,5,3,REG,3.863,36,58,1,2.728,24,36,0
2025021298,2025,2026-04-14,CGY,COL,1,3,1,3,REG,3.060,31,42,0,3.747,38,53,1
2025021299,2025,2026-04-14,STL,PIT,7,5,7,5,REG,3.552,31,44,1,2.375,23,35,0
2025021300,2025,2026-04-14,VAN,LAK,4,3,3,3,OT,1.967,24,33,0,3.504,34,45,0
2025021301,2025,2026-04-15,BUF,DAL,3,4,3,3,SO,2.640,22,38,0,2.566,28,37,0
2025021302,2025,2026-04-15,TBL,NYR,2,4,2,4,REG,4.284,31,50,0,2.478,21,35,0
2025021303,2025,2026-04-15,FLA,DET,8,1,8,1,REG,3.526,28,42,0,2.801,26,41,0
2025021304,2025,2026-04-15,OTT,TOR,3,1,3,1,REG,3.492,38,57,1,1.700,20,33,0
2025021305,2025,2026-04-15,CHI,SJS,5,2,5,2,REG,3.066,24,37,0,1.550,17,27,0
2025021306,2025,2026-04-15,VGK,SEA,4,1,4,1,REG,3.524,26,49,0,1.482,23,29,0
2025021307,2025,2026-04-16,NSH,ANA,4,5,4,5,REG,1.959,21,30,0,4.920,40,62,0
2025021308,2025,2026-04-16,WPG,SJS,1,6,1,6,REG,2.718,27,49,0,4.056,33,47,0
2025021309,2025,2026-04-16,UTA,STL,3,5,3,5,REG,2.626,23,42,0,2.157,29,40,1
2025021310,2025,2026-04-16,CGY,LAK,3,1,3,1,REG,1.504,20,30,1,3.517,28,44,0
2025021311,2025,2026-04-16,EDM,VAN,6,1,6,1,REG,3.839,35,54,0,1.473,12,18,0
2025021312,2025,2026-04-16,COL,SEA,2,0,2,0,REG,3.083,35,56,0,1.031,22,30,0
2026020001,2026,2026-09-29,CAR,FLA,0,1,0,0,OT,2.187,14,23,0,1.853,19,29,0
2026020002,2026,2026-09-29,TOR,MTL,2,3,2,3,REG,3.069,28,38,0,2.056,24,39,0
2026020003,2026,2026-09-29,BOS,NYR,3,0,3,0,REG,2.610,23,40,1,2.411,24,31,0
2026020004,2026,2026-09-29,EDM,VAN,5,6,5,5,OT,3.782,37,48,0,1.456,21,27,0
2026020005,2026,2026-09-29,VGK,CHI,5,2,5,2,REG,3.409,37,50,1,2.298,26,39,0
2026020006,2026,2026-09-30,PHI,PIT,0,7,0,7,REG,1.834,19,34,0,4.641,38,53,0
2026020007,2026,2026-09-30,COL,LAK,8,4,8,4,REG,2.870,29,35,0,3.093,31,45,0
2026020008,2026,2026-09-30,TOR,NYI,2,1,2,1,REG,2.657,26,37,0,2.968,27,46,0
2026020009,2026,2026-10-01,NJD,PHI,3,2,2,2,OT,3.807,41,58,0,1.386,22,28,0
2026020010,2026,2026-10-01,NYR,TBL,5,1,5,1,REG,2.773,25,36,1,3.158,24,39,0
2026020011,2026,2026-10-01,CBJ,BUF,6,3,6,3,REG,2.093,23,31,1,2.679,26,40,0
2026020012,2026,2026-10-01,NSH,MIN,1,3,1,3,REG,2.048,20,35,0,3.476,30,49,0
2026020013,2026,2026-10-01,UTA,CHI,6,0,6,0,REG,4.009,32,54,0,1.673,15,31,0
2026020014,2026,2026-10-01,CGY,SEA,1,6,1,6,REG,2.540,25,42,0,3.813,32,46,0
2026020015,2026,2026-10-01,VAN,EDM,7,9,7,9,REG,2.983,22,32,0,3.277,32,44,0
2026020016,2026,2026-10-01,SJS,FLA,4,3,3,3,OT,2.218,26,40,0,3.714,26,49,0
2026020017,2026,2026-10-02,DET,NYR,0,2,0,2,REG,1.457,22,29,0,2.060,21,31,1
2026020018,2026,2026-10-02,CAR,WSH,2,5,2,5,REG,4.023,33,52,0,2.664,27,34,0
2026020019,2026,2026-10-02,WPG,BOS,3,4,3,3,OT,3.836,32,53,0,2.883,29,51,0
2026020020,2026,2026-10-02,DAL,STL,0,4,0,4,REG,3.345,25,43,0,2.336,24,30,2
2026020021,2026,2026-10-02,VGK,ANA,3,4,3,4,REG,3.489,30,45,0,2.202,20,32,0
2026020022,2026,2026-10-03,BUF,CHI,4,3,4,3,REG,4.492,28,51,0,2.391,15,30,0
2026020023,2026,2026-10-03,TOR,OTT,2,3,2,3,REG,3.654,29,48,0,4.245,29,44,0
2026020024,2026,2026-10-03,TBL,WSH,3,1,3,1,REG,3.470,30,49,1,2.372,21,41,0
2026020025,2026,2026-10-03,PHI,CAR,2,3,2,2,OT,2.171,17,27,0,4.272,39,60,0
2026020026,2026,2026-10-03,PIT,MTL,6,5,5,5,OT,2.916,29,39,0,2.806,25,45,0
2026020027,2026,2026-10-03,CBJ,UTA,1,4,1,4,REG,2.410,19,34,0,2.888,31,48,0
2026020028,2026,2026-10-03,EDM,SEA,3,1,3,1,REG,3.069,26,42,1,1.664,20,28,0
2026020029,2026,2026-10-03,NYI,NJD,6,0,6,0,REG,3.456,32,42,0,3.468,37,57,0
2026020030,2026,2026-10-03,NSH,DAL,2,1,2,1,REG,2.551,26,39,0,2.224,30,47,0
2026020031,2026,2026-10-03,MIN,BOS,4,1,4,1,REG,2.576,30,38,1,2.612,27,39,0
2026020032,2026,2026-10-03,COL,STL,6,1,6,1,REG,3.373,36,49,0,1.862,26,38,0
2026020033,2026,2026-10-03,VAN,CGY,4,1,4,1,REG,2.765,26,39,1,2.041,24,41,0
2026020034,2026,2026-10-03,SJS,LAK,5,4,4,4,OT,1.402,23,33,0,3.459,34,56,0
2026020035,2026,2026-10-04,DET,WPG,2,3,2,3,REG,4.493,36,59,0,2.905,27,41,0
2026020036,2026,2026-10-04,NYR,UTA,4,2,4,2,REG,2.940,22,35,1,4.326,30,43,0
2026020037,2026,2026-10-04,ANA,FLA,3,2,2,2,OT,1.342,16,24,0,3.326,27,46,0
2026020038,2026,2026-10-04,SEA,CGY,6,1,6,1,REG,2.482,27,45,0,3.359,33,56,0
2026020039,2026,2026-10-04,VAN,VGK,2,3,2,3,REG,1.556,20,28,0,4.469,28,40,0
2026020040,2026,2026-10-05,TBL,PHI,4,1,4,1,REG,4.136,36,51,1,1.773,15,25,0
2026020041,2026,2026-10-05,BOS,OTT,1,4,1,4,REG,2.508,19,33,0,2.246,24,37,0
2026020042,2026,2026-10-05,PIT,WPG,2,3,2,3,REG,2.969,31,47,0,2.563,35,48,0
2026020043,2026,2026-10-05,DAL,SJS,5,0,5,0,REG,4.134,26,43,0,1.833,13,20,0
2026020044,2026,2026-10-06,TOR,NSH,5,4,4,4,OT,3.279,33,48,0,2.854,24,38,0
2026020045,2026,2026-10-06,MTL,CAR,4,6,4,6,REG,2.146,20,29,0,3.729,33,49,1
2026020046,2026,2026-10-06,DET,OTT,5,3,5,3,REG,3.273,36,45,1,2.636,25,35,0
2026020047,2026,2026-10-06,NJD,UTA,3,5,3,5,REG,3.095,33,44,0,3.847,31,46,0
2026020048,2026,2026-10-06,NYR,NYI,5,2,5,2,REG,3.484,24,40,2,2.323,19,31,0
2026020049,2026,2026-10-06,BUF,MIN,3,2,2,2,OT,3.274,23,40,0,1.441,17,27,0
2026020050,2026,2026-10-06,CHI,STL,4,2,4,2,REG,1.484,21,33,2,3.162,27,46,0
2026020051,2026,2026-10-06,SEA,VGK,2,6,2,6,REG,2.420,27,35,0,3.803,28,44,0
2026020052,2026,2026-10-06,LAK,FLA,1,2,1,2,REG,1.854,20,32,0,3.083,30,46,0
2026020053,2026,2026-10-07,WSH,PIT,5,3,5,3,REG,3.671,27,45,0,3.253,30,42,0
2026020054,2026,2026-10-07,WPG,COL,3,2,3,2,REG,2.197,19,36,0,3.021,34,56,0
2026020055,2026,2026-10-07,ANA,EDM,2,5,2,5,REG,3.981,31,53,0,2.619,19,34,0
