game_id,date,team,goalie,xga,ga,sa
2021020001,2021-10-12,TBL,8476883,3.016,3,32
2021020001,2021-10-12,PIT,8477465,2.388,2,28
2021020002,2021-10-12,VGK,8475215,2.671,3,31
2021020002,2021-10-12,SEA,8475831,3.126,4,30
2021020003,2021-10-13,TOR,8475789,2.243,1,32
2021020003,2021-10-13,MTL,8474596,3.721,2,30
2021020004,2021-10-13,WSH,8477970,2.323,1,24
2021020004,2021-10-13,NYR,8480382,2.238,5,27
2021020005,2021-10-13,COL,8475311,2.177,2,34
2021020005,2021-10-13,CHI,8470594,3.612,4,36
2021020006,2021-10-13,EDM,8469608,3.397,2,38
2021020006,2021-10-13,VAN,8477967,3.887,2,34
2021020015,2021-10-13,ANA,8476434,3.092,1,34
2021020015,2021-10-13,WPG,8476945,2.481,4,22
2021020007,2021-10-14,BUF,8467950,1.989,1,31
2021020007,2021-10-14,MTL,8478470,2.717,5,36
2021020008,2021-10-14,OTT,8476341,5.210,2,48
2021020008,2021-10-14,TOR,8475789,1.078,0,10
2021020008,2021-10-14,TOR,8475852,3.759,3,26
2021020009,2021-10-14,DET,8477968,4.883,7,48
2021020009,2021-10-14,TBL,8476883,4.042,6,26
2021020010,2021-10-14,FLA,8475683,4.002,4,47
2021020010,2021-10-14,PIT,8479193,3.356,5,39
2021020011,2021-10-14,NYR,8478048,2.950,3,26
2021020011,2021-10-14,DAL,8471418,1.214,0,6
2021020011,2021-10-14,DAL,8474651,2.582,2,27
2021020012,2021-10-14,CAR,8475883,3.020,3,28
2021020012,2021-10-14,NYI,8478009,4.368,5,40
2021020013,2021-10-14,CBJ,8478007,3.546,2,38
2021020013,2021-10-14,ARI,8475622,2.238,8,26
2021020014,2021-10-14,NSH,8477424,1.293,3,25
2021020014,2021-10-14,SEA,8475831,2.686,3,30
2021020016,2021-10-14,LAK,8477361,2.072,2,25
2021020016,2021-10-14,VGK,8475215,2.503,4,31
2021020016,2021-10-14,VGK,8476316,1.301,2,16
2021020017,2021-10-15,NJD,8473541,3.262,3,27
2021020017,2021-10-15,CHI,8480947,3.282,4,29
2021020018,2021-10-15,PHI,8479394,3.572,4,39
2021020018,2021-10-15,VAN,8477967,2.620,4,35
2021020019,2021-10-15,ANA,8476932,3.619,2,43
2021020019,2021-10-15,MIN,8475660,2.302,1,29
2021020020,2021-10-16,BOS,8480280,1.985,1,28
2021020020,2021-10-16,DAL,8474651,2.396,2,39
2021020021,2021-10-16,BUF,8474682,1.446,1,21
2021020021,2021-10-16,ARI,8478872,2.877,1,33
2021020022,2021-10-16,TOR,8475789,1.800,1,21
2021020022,2021-10-16,OTT,8476341,2.628,3,29
2021020023,2021-10-16,MTL,8474596,1.948,2,23
2021020023,2021-10-16,NYR,8478048,2.651,1,32
2021020024,2021-10-16,DET,8471306,3.914,1,41
2021020024,2021-10-16,VAN,8470860,2.094,2,20
2021020025,2021-10-16,FLA,8475683,2.277,1,30
2021020025,2021-10-16,NYI,8478009,2.601,5,29
2021020026,2021-10-16,PIT,8477465,1.828,2,20
2021020026,2021-10-16,CHI,8470594,0.979,4,10
2021020026,2021-10-16,CHI,8480947,1.294,1,16
2021020027,2021-10-16,WSH,8477970,2.581,2,24
2021020027,2021-10-16,TBL,8476883,2.390,1,33
2021020028,2021-10-16,CBJ,8478007,1.632,1,20
2021020028,2021-10-16,SEA,8475831,2.326,2,25
2021020029,2021-10-16,NSH,8477424,2.528,2,31
2021020029,2021-10-16,CAR,8475883,2.800,2,40
2021020030,2021-10-16,COL,8475311,2.086,4,27
2021020030,2021-10-16,STL,8476412,3.249,3,32
2021020031,2021-10-16,EDM,8469608,3.142,2,47
2021020031,2021-10-16,CGY,8474593,2.447,4,32
2021020032,2021-10-16,LAK,8471734,2.393,3,30
2021020032,2021-10-16,MIN,8475660,2.975,2,31
2021020033,2021-10-16,SJS,8478499,2.027,3,23
2021020033,2021-10-16,WPG,8476945,3.300,4,31
2021020034,2021-10-17,OTT,8479406,2.047,2,34
2021020034,2021-10-17,DAL,8471418,2.291,3,27
2021020035,2021-10-18,TOR,8475789,2.361,2,23
2021020035,2021-10-18,NYR,8478048,3.711,1,41
2021020036,2021-10-18,PHI,8479394,2.712,1,24
2021020036,2021-10-18,SEA,8475831,2.086,5,20
2021020036,2021-10-18,SEA,8476904,0.814,1,7
2021020037,2021-10-18,CGY,8474593,2.150,3,27
2021020037,2021-10-18,ANA,8476434,4.109,2,43
2021020038,2021-10-18,ARI,8475622,2.090,6,21
2021020038,2021-10-18,ARI,8478872,0.843,1,12
2021020038,2021-10-18,STL,8476412,2.614,4,26
2021020039,2021-10-19,BUF,8467950,2.308,2,34
2021020039,2021-10-19,VAN,8477967,3.080,4,42
2021020040,2021-10-19,MTL,8474596,1.850,5,25
2021020040,2021-10-19,SJS,8478499,1.445,0,21
2021020041,2021-10-19,DET,8471306,2.334,1,23
2021020041,2021-10-19,CBJ,8476914,4.079,2,43
2021020042,2021-10-19,TBL,8476883,2.280,3,31
2021020042,2021-10-19,FLA,8481519,2.731,1,31
2021020043,2021-10-19,NJD,8473541,2.799,2,29
2021020043,2021-10-19,SEA,8478916,4.247,3,32
2021020044,2021-10-19,PIT,8477465,3.087,1,29
2021020044,2021-10-19,DAL,8474651,2.561,1,28
2021020045,2021-10-19,WSH,8478492,2.821,3,27
2021020045,2021-10-19,COL,8475311,3.491,5,39
2021020046,2021-10-19,CHI,8470594,1.749,4,29
2021020046,2021-10-19,NYI,8478009,3.247,1,40
2021020047,2021-10-19,NSH,8477424,1.550,1,26
2021020047,2021-10-19,LAK,8477361,2.929,2,31
2021020048,2021-10-19,MIN,8475660,2.565,5,30
2021020048,2021-10-19,WPG,8476945,3.383,6,44
2021020049,2021-10-19,EDM,8469608,1.550,4,15
2021020049,2021-10-19,EDM,8475156,2.031,1,21
2021020049,2021-10-19,ANA,8476932,4.346,5,36
2021020050,2021-10-20,PHI,8474889,2.592,3,40
2021020050,2021-10-20,BOS,8480280,1.714,5,24
2021020051,2021-10-20,VGK,8475215,3.944,2,37
2021020051,2021-10-20,STL,8476412,3.314,1,43
2021020052,2021-10-21,MTL,8474596,2.237,3,32
2021020052,2021-10-21,CAR,8475883,2.783,1,28
2021020053,2021-10-21,OTT,8476899,1.938,2,24
2021020053,2021-10-21,SJS,8473503,3.087,1,31
2021020054,2021-10-21,DET,8477968,1.623,2,28
2021020054,2021-10-21,CGY,8474593,2.063,0,33
2021020055,2021-10-21,FLA,8475683,1.972,1,31
2021020055,2021-10-21,COL,8477992,2.845,3,37
2021020056,2021-10-21,NJD,8475809,3.447,4,27
2021020056,2021-10-21,WSH,8477970,2.963,1,26
2021020057,2021-10-21,CBJ,8478007,2.964,2,36
2021020057,2021-10-21,NYI,8478009,3.146,3,32
2021020058,2021-10-21,CHI,8480947,2.205,3,24
2021020058,2021-10-21,VAN,8477967,2.805,1,30
2021020059,2021-10-21,NSH,8477424,2.882,2,29
2021020059,2021-10-21,NYR,8478048,2.353,1,29
2021020060,2021-10-21,WPG,8476945,3.404,1,39
2021020060,2021-10-21,ANA,8476434,1.695,4,26
2021020061,2021-10-21,ARI,8478872,2.529,5,31
2021020061,2021-10-21,EDM,8475156,1.727,1,28
2021020062,2021-10-22,BUF,8467950,1.872,3,25
2021020062,2021-10-22,BOS,8476999,2.427,1,36
2021020063,2021-10-22,TOR,8474636,2.803,4,30
2021020063,2021-10-22,SJS,8478499,4.247,3,33
2021020064,2021-10-22,DAL,8474651,4.096,2,45
2021020064,2021-10-22,LAK,8471734,2.437,3,23
2021020065,2021-10-22,VGK,8475215,3.399,4,32
2021020065,2021-10-22,EDM,8475156,2.987,3,39
2021020066,2021-10-23,MTL,8474596,2.229,1,27
2021020066,2021-10-23,DET,8471306,1.546,5,17
2021020066,2021-10-23,DET,8477968,0.839,0,6
2021020067,2021-10-23,OTT,8476341,0.173,2,3
2021020067,2021-10-23,OTT,8476899,1.907,1,23
2021020067,2021-10-23,NYR,8480382,1.953,2,28
2021020068,2021-10-23,TBL,8476883,3.635,3,27
2021020068,2021-10-23,COL,8475311,3.122,3,32
2021020069,2021-10-23,NJD,8482076,2.783,1,25
2021020069,2021-10-23,BUF,8474682,4.424,2,39
2021020070,2021-10-23,PHI,8479394,3.643,3,30
2021020070,2021-10-23,FLA,8475683,3.025,2,29
2021020071,2021-10-23,PIT,8477465,2.522,1,29
2021020071,2021-10-23,TOR,8474636,1.304,2,12
2021020071,2021-10-23,TOR,8475789,2.052,5,21
2021020072,2021-10-23,WSH,8477970,0.953,3,13
2021020072,2021-10-23,WSH,8478492,1.557,1,14
2021020072,2021-10-23,CGY,8478435,2.621,3,25
2021020073,2021-10-23,CBJ,8476914,3.491,5,33
2021020073,2021-10-23,CAR,8475883,2.495,1,28
2021020074,2021-10-23,STL,8476412,2.849,3,35
2021020074,2021-10-23,LAK,8477361,3.618,7,40
2021020075,2021-10-23,MIN,8475660,1.533,3,24
2021020075,2021-10-23,ANA,8476434,2.951,4,36
2021020076,2021-10-23,WPG,8476945,3.443,4,30
2021020076,2021-10-23,NSH,8477424,3.581,6,29
2021020077,2021-10-23,ARI,8478872,1.430,3,24
2021020077,2021-10-23,NYI,8478009,1.656,0,26
2021020078,2021-10-23,SEA,8475831,1.673,3,25
2021020078,2021-10-23,VAN,8477967,2.861,2,31
2021020079,2021-10-24,BOS,8476999,1.781,3,26
2021020079,2021-10-24,SJS,8473503,1.473,0,20
2021020079,2021-10-24,SJS,8478499,0.740,4,14
2021020080,2021-10-24,CHI,8470594,3.146,6,37
2021020080,2021-10-24,DET,8477968,4.734,3,35
2021020081,2021-10-24,MIN,8478039,3.447,5,29
2021020081,2021-10-24,NSH,8478971,2.589,2,35
2021020082,2021-10-24,VGK,8475215,3.249,2,26
2021020082,2021-10-24,NYI,8478009,3.967,0,42
2021020083,2021-10-25,BUF,8467950,2.799,1,36
2021020083,2021-10-25,TBL,8470880,1.741,3,23
2021020084,2021-10-25,OTT,8476341,0.861,4,16
2021020084,2021-10-25,OTT,8479406,1.615,3,15
2021020084,2021-10-25,WSH,8478492,3.662,5,37
2021020085,2021-10-25,FLA,8481519,1.460,3,21
2021020085,2021-10-25,ARI,8475622,0.808,1,11
2021020085,2021-10-25,ARI,8478872,2.003,3,29
2021020086,2021-10-25,NYR,8478048,2.826,5,37
2021020086,2021-10-25,CGY,8474593,3.022,1,29
2021020087,2021-10-25,CAR,8475883,2.959,1,25
2021020087,2021-10-25,TOR,8475789,3.362,3,35
2021020088,2021-10-25,CBJ,8478007,3.050,1,32
2021020088,2021-10-25,DAL,8474651,3.236,3,25
2021020089,2021-10-25,STL,8478024,2.534,0,34
2021020089,2021-10-25,LAK,8471734,2.530,2,34
2021020090,2021-10-26,NJD,8475809,1.715,2,22
2021020090,2021-10-26,NJD,8482076,0.832,3,7
2021020090,2021-10-26,CGY,8478435,2.058,3,30
2021020091,2021-10-26,PIT,8477465,2.131,3,29
2021020091,2021-10-26,TBL,8476883,2.768,1,29
2021020092,2021-10-26,NSH,8477424,2.448,1,29
2021020092,2021-10-26,SJS,8473503,1.930,2,25
2021020093,2021-10-26,COL,8475311,1.909,2,28
2021020093,2021-10-26,VGK,8475215,2.534,1,27
2021020094,2021-10-26,VAN,8477967,2.290,3,30
2021020094,2021-10-26,MIN,8475660,1.978,2,24
2021020095,2021-10-26,ANA,8476434,2.569,4,25
2021020095,2021-10-26,WPG,8476945,3.650,3,35
2021020096,2021-10-26,SEA,8475831,1.758,1,24
2021020096,2021-10-26,MTL,8474596,2.275,5,26
2021020097,2021-10-27,FLA,8475683,3.140,1,31
2021020097,2021-10-27,BOS,8476999,1.994,3,26
2021020098,2021-10-27,WSH,8477970,2.069,3,25
2021020098,2021-10-27,DET,8471306,3.284,2,28
2021020099,2021-10-27,CHI,8480947,2.702,3,40
2021020099,2021-10-27,TOR,8475789,2.906,2,29
2021020100,2021-10-27,DAL,8471418,1.554,3,21
2021020100,2021-10-27,VGK,8476316,3.392,2,34
2021020101,2021-10-27,EDM,8475156,2.932,4,33
2021020101,2021-10-27,PHI,8479394,3.423,3,37
2021020102,2021-10-28,TBL,8476883,2.186,1,25
2021020102,2021-10-28,ARI,8481031,2.590,5,28
2021020103,2021-10-28,PIT,8479193,2.722,4,35
2021020103,2021-10-28,CGY,8474593,3.847,0,45
2021020104,2021-10-28,CAR,8475883,3.697,0,33
2021020104,2021-10-28,BOS,8480280,3.094,2,23
2021020105,2021-10-28,STL,8476412,2.922,4,42
2021020105,2021-10-28,COL,8475311,1.204,3,18
2021020106,2021-10-28,VAN,8470860,2.568,2,28
2021020106,2021-10-28,PHI,8474889,3.122,1,28
2021020107,2021-10-28,ANA,8476932,2.842,4,29
2021020107,2021-10-28,BUF,8467950,3.257,3,37
2021020108,2021-10-28,LAK,8471734,3.149,3,31
2021020108,2021-10-28,WPG,8477480,3.092,2,32
2021020109,2021-10-28,SJS,8478499,2.270,3,31
2021020109,2021-10-28,MTL,8474596,4.054,0,45
2021020110,2021-10-28,SEA,8475831,2.235,1,31
2021020110,2021-10-28,MIN,8475660,2.724,2,36
2021020111,2021-10-29,DET,8477968,3.074,3,33
2021020111,2021-10-29,FLA,8475683,3.568,2,30
2021020112,2021-10-29,NYR,8478048,2.683,0,31
2021020112,2021-10-29,CBJ,8478007,3.406,4,37
2021020113,2021-10-29,WSH,8478492,1.444,0,16
2021020113,2021-10-29,ARI,8478872,2.461,1,31
2021020114,2021-10-29,CAR,8477293,3.193,3,26
2021020114,2021-10-29,CHI,8480947,2.579,6,35
2021020115,2021-10-29,DAL,8474651,2.056,4,24
2021020115,2021-10-29,OTT,8479406,4.053,1,39
2021020116,2021-10-29,VGK,8475215,4.412,4,38
2021020116,2021-10-29,ANA,8476434,3.604,4,42
2021020117,2021-10-30,BOS,8476999,1.674,2,35
2021020117,2021-10-30,FLA,8481519,2.354,2,33
2021020118,2021-10-30,TOR,8475852,2.083,4,31
2021020118,2021-10-30,DET,8471306,3.305,5,38
2021020119,2021-10-30,PIT,8477465,2.603,4,40
2021020119,2021-10-30,NJD,8473541,2.797,2,35
2021020120,2021-10-30,STL,8476412,2.464,0,25
2021020120,2021-10-30,CHI,8470594,3.562,1,37
2021020121,2021-10-30,NSH,8477424,2.089,2,36
2021020121,2021-10-30,NYI,8478009,2.823,2,23
2021020122,2021-10-30,COL,8475311,1.874,1,30
2021020122,2021-10-30,MIN,8475660,2.632,3,30
2021020123,2021-10-30,CGY,8474593,1.491,0,20
2021020123,2021-10-30,PHI,8479394,3.408,3,35
2021020124,2021-10-30,VAN,8477967,3.287,2,34
2021020124,2021-10-30,EDM,8475156,2.762,1,30
2021020125,2021-10-30,LAK,8477361,2.454,2,28
2021020125,2021-10-30,MTL,8474596,3.413,5,38
2021020126,2021-10-30,SJS,8473503,2.922,1,35
2021020126,2021-10-30,WPG,8476945,2.949,2,36
2021020127,2021-10-31,NJD,8475809,2.442,3,26
2021020127,2021-10-31,CBJ,8476914,3.671,3,39
2021020128,2021-10-31,CAR,8475883,1.836,1,23
2021020128,2021-10-31,ARI,8478872,4.688,2,39
2021020129,2021-10-31,ANA,8476434,1.861,2,18
2021020129,2021-10-31,MTL,8478470,2.134,3,25
2021020130,2021-10-31,LAK,8471734,1.830,2,24
2021020130,2021-10-31,BUF,8474682,4.201,3,34
2021020131,2021-10-31,SEA,8475831,1.033,2,17
2021020131,2021-10-31,NYR,8478048,3.709,1,32
2021020132,2021-11-01,TBL,8476883,3.285,2,33
2021020132,2021-11-01,WSH,8477970,3.057,3,26
2021020133,2021-11-01,CHI,8470594,2.557,1,30
2021020133,2021-11-01,OTT,8476899,2.144,5,31
2021020134,2021-11-01,EDM,8475156,3.273,2,29
2021020134,2021-11-01,SEA,8478916,3.228,5,23
2021020135,2021-11-02,TOR,8475789,1.788,0,26
2021020135,2021-11-02,VGK,8475215,3.563,4,33
2021020136,2021-11-02,MTL,8474596,1.610,0,22
2021020136,2021-11-02,DET,8477968,3.163,2,40
2021020137,2021-11-02,PHI,8479394,2.336,0,29
2021020137,2021-11-02,ARI,8478872,3.470,2,33
2021020138,2021-11-02,MIN,8475660,2.631,4,28
2021020138,2021-11-02,OTT,8479406,4.255,5,43
2021020139,2021-11-02,WPG,8477480,2.788,3,27
2021020139,2021-11-02,DAL,8474651,3.550,3,35
2021020140,2021-11-02,CGY,8474593,1.692,3,22
2021020140,2021-11-02,NSH,8477424,4.370,2,40
2021020141,2021-11-02,VAN,8477967,1.946,2,25
2021020141,2021-11-02,NYR,8478048,4.296,3,36
2021020142,2021-11-02,ANA,8476434,2.041,0,28
2021020142,2021-11-02,NJD,8473541,2.039,4,27
2021020143,2021-11-02,SJS,8473503,1.539,3,28
2021020143,2021-11-02,BUF,8467950,2.198,5,27
2021020144,2021-11-03,CHI,8470594,2.821,4,32
2021020144,2021-11-03,CAR,8475883,2.427,3,30
2021020145,2021-11-03,COL,8477992,2.423,5,37
2021020145,2021-11-03,CBJ,8476914,2.339,4,32
2021020146,2021-11-03,EDM,8475156,3.474,2,33
2021020146,2021-11-03,NSH,8478971,3.375,4,29
2021020147,2021-11-03,LAK,8471734,3.296,2,35
2021020147,2021-11-03,STL,8476412,3.733,2,35
2021020148,2021-11-04,BOS,8480280,1.291,1,15
2021020148,2021-11-04,DET,8471306,3.388,5,37
2021020149,2021-11-04,TOR,8475789,2.865,1,25
2021020149,2021-11-04,TBL,8476883,4.170,2,34
2021020150,2021-11-04,MTL,8474596,2.222,5,25
2021020150,2021-11-04,MTL,8478470,1.442,0,10
2021020150,2021-11-04,NYI,8478009,2.970,2,38
2021020151,2021-11-04,OTT,8479406,2.797,4,38
2021020151,2021-11-04,VGK,8475215,3.046,1,39
2021020152,2021-11-04,FLA,8475683,0.980,0,13
2021020152,2021-11-04,FLA,8481519,1.937,4,29
2021020152,2021-11-04,WSH,8477970,1.168,2,15
2021020152,2021-11-04,WSH,8478492,1.090,3,18
2021020153,2021-11-04,PIT,8477465,3.536,2,38
2021020153,2021-11-04,PHI,8479394,3.664,3,36
2021020154,2021-11-04,CGY,8474593,2.288,4,28
2021020154,2021-11-04,DAL,8471418,2.767,3,33
2021020155,2021-11-04,SJS,8478499,2.291,4,27
2021020155,2021-11-04,STL,8480981,2.098,3,26
2021020156,2021-11-04,SEA,8475831,1.191,2,21
2021020156,2021-11-04,BUF,8474682,3.044,4,37
2021020157,2021-11-05,WPG,8477480,1.266,1,18
2021020157,2021-11-05,CHI,8470594,3.344,5,33
2021020158,2021-11-05,EDM,8475156,2.362,5,25
2021020158,2021-11-05,NYR,8480382,3.542,6,39
2021020159,2021-11-05,VAN,8477967,2.451,3,28
2021020159,2021-11-05,NSH,8477424,2.398,2,28
2021020160,2021-11-05,ANA,8476932,2.130,1,29
2021020160,2021-11-05,ARI,8478872,3.556,3,31
2021020161,2021-11-05,LAK,8477361,1.949,2,23
2021020161,2021-11-05,NJD,8478406,2.557,3,29
2021020162,2021-11-06,BUF,8474682,3.091,4,33
2021020162,2021-11-06,DET,8477968,2.410,3,32
2021020163,2021-11-06,TOR,8475789,3.822,2,44
2021020163,2021-11-06,BOS,8476999,3.158,4,35
2021020164,2021-11-06,MTL,8474596,1.497,3,16
2021020164,2021-11-06,VGK,8475215,3.808,2,38
2021020165,2021-11-06,OTT,8476899,3.585,4,32
2021020165,2021-11-06,TBL,8470880,2.686,3,27
2021020166,2021-11-06,FLA,8481519,3.643,2,32
2021020166,2021-11-06,CAR,8475883,3.352,4,27
2021020166,2021-11-06,CAR,8477293,0.587,0,4
2021020167,2021-11-06,PIT,8477465,3.341,4,40
2021020167,2021-11-06,MIN,8475660,3.823,4,39
2021020168,2021-11-06,WSH,8477970,2.511,2,32
2021020168,2021-11-06,PHI,8474889,3.223,1,32
2021020169,2021-11-06,CBJ,8478007,3.472,2,36
2021020169,2021-11-06,COL,8475311,3.356,3,41
2021020170,2021-11-06,WPG,8477480,3.488,2,31
2021020170,2021-11-06,NYI,8478009,1.832,0,24
2021020171,2021-11-06,CGY,8474593,2.760,0,22
2021020171,2021-11-06,NYR,8478048,4.324,6,37
2021020172,2021-11-06,ARI,8475809,2.343,2,29
2021020172,2021-11-06,ARI,8478872,0.174,2,2
2021020172,2021-11-06,SEA,8475831,1.390,5,22
2021020173,2021-11-06,SJS,8473503,2.034,2,28
2021020173,2021-11-06,NJD,8473541,1.940,2,27
2021020174,2021-11-07,DET,8471306,4.390,2,40
2021020174,2021-11-07,VGK,8476316,3.137,4,29
2021020175,2021-11-07,CHI,8480947,2.021,1,21
2021020175,2021-11-07,NSH,8477424,3.417,2,32
2021020176,2021-11-07,MIN,8478039,1.631,2,21
2021020176,2021-11-07,NYI,8473575,2.791,3,37
2021020177,2021-11-07,VAN,8477967,2.422,3,28
2021020177,2021-11-07,DAL,8471418,2.986,5,35
2021020178,2021-11-07,ANA,8476434,2.876,1,35
2021020178,2021-11-07,STL,8476412,2.509,3,26
2021020179,2021-11-08,TOR,8475789,2.375,4,28
2021020179,2021-11-08,LAK,8471734,3.510,1,34
2021020180,2021-11-08,NYR,8478048,4.550,3,45
2021020180,2021-11-08,FLA,8481519,2.251,4,18
2021020181,2021-11-08,WSH,8477970,2.026,3,28
2021020181,2021-11-08,BUF,8474682,2.416,5,30
2021020182,2021-11-09,BOS,8480280,2.219,2,27
2021020182,2021-11-09,OTT,8476899,2.187,3,36
2021020183,2021-11-09,MTL,8474596,3.253,3,34
2021020183,2021-11-09,LAK,8477361,3.643,2,35
2021020184,2021-11-09,DET,8477968,3.517,2,33
2021020184,2021-11-09,EDM,8479973,5.401,3,38
2021020185,2021-11-09,TBL,8476883,3.031,2,31
2021020185,2021-11-09,CAR,8475883,2.053,1,18
2021020186,2021-11-09,NJD,8478406,3.499,3,38
2021020186,2021-11-09,FLA,8481519,2.895,6,30
2021020187,2021-11-09,CHI,8470594,3.546,2,44
2021020187,2021-11-09,PIT,8477465,2.812,2,32
2021020188,2021-11-09,WPG,8476945,3.056,2,33
2021020188,2021-11-09,STL,8476412,3.747,2,41
2021020189,2021-11-09,CGY,8474593,2.349,2,24
2021020189,2021-11-09,SJS,8478499,3.726,1,38
2021020190,2021-11-09,VAN,8470860,2.108,3,30
2021020190,2021-11-09,ANA,8476434,3.438,2,43
2021020191,2021-11-09,VGK,8475215,2.755,2,27
2021020191,2021-11-09,SEA,8476904,1.847,4,23
2021020192,2021-11-10,PHI,8479394,3.001,3,33
2021020192,2021-11-10,TOR,8475789,2.095,0,36
2021020193,2021-11-10,DAL,8474651,1.655,3,21
2021020193,2021-11-10,NSH,8477424,2.428,2,27
2021020194,2021-11-10,ARI,8475809,0.689,0,8
2021020194,2021-11-10,ARI,8478872,1.861,5,22
2021020194,2021-11-10,MIN,8478039,2.146,2,26
2021020195,2021-11-11,BOS,8476999,2.633,5,28
2021020195,2021-11-11,EDM,8475156,2.455,3,29
2021020196,2021-11-11,MTL,8474596,1.477,2,26
2021020196,2021-11-11,CGY,8474593,2.500,3,27
2021020197,2021-11-11,OTT,8479406,2.355,2,36
2021020197,2021-11-11,LAK,8471734,3.394,0,34
2021020198,2021-11-11,DET,8471306,2.562,2,29
2021020198,2021-11-11,WSH,8477457,2.045,0,21
2021020199,2021-11-11,NJD,8478406,3.604,0,42
2021020199,2021-11-11,NYI,8478009,2.990,4,34
2021020200,2021-11-11,PIT,8477465,3.430,2,38
2021020200,2021-11-11,FLA,8475683,3.198,2,31
2021020201,2021-11-11,STL,8476412,2.508,4,27
2021020201,2021-11-11,NSH,8479496,2.791,3,36
2021020202,2021-11-11,WPG,8476945,2.531,1,27
2021020202,2021-11-11,SJS,8473503,4.705,3,33
2021020203,2021-11-11,COL,8475311,1.687,1,22
2021020203,2021-11-11,VAN,8470860,0.788,1,9
2021020203,2021-11-11,VAN,8477967,2.072,6,26
2021020204,2021-11-11,VGK,8476316,2.811,2,26
2021020204,2021-11-11,MIN,8475660,2.661,3,35
2021020205,2021-11-11,SEA,8475831,1.866,5,34
2021020205,2021-11-11,ANA,8476434,1.785,4,25
2021020206,2021-11-12,BUF,8474682,2.500,2,35
2021020206,2021-11-12,EDM,8479973,1.621,3,23
2021020207,2021-11-12,TOR,8475789,2.340,1,31
2021020207,2021-11-12,CGY,8478435,4.056,2,37
2021020208,2021-11-12,CAR,8475883,2.753,2,28
2021020208,2021-11-12,PHI,8479394,4.983,1,40
2021020209,2021-11-12,CBJ,8476914,1.826,4,28
2021020209,2021-11-12,WSH,8478492,2.990,3,29
2021020210,2021-11-12,CHI,8470594,1.969,1,23
2021020210,2021-11-12,ARI,8475809,3.310,2,29
2021020211,2021-11-13,BUF,8477180,1.791,5,26
2021020211,2021-11-13,TOR,8479361,2.067,4,27
2021020212,2021-11-13,OTT,8479406,3.098,3,31
2021020212,2021-11-13,PIT,8479193,2.039,5,23
2021020213,2021-11-13,DET,8477968,2.731,2,37
2021020213,2021-11-13,MTL,8474596,0.885,0,8
2021020213,2021-11-13,MTL,8478470,1.594,3,25
2021020214,2021-11-13,TBL,8476883,2.787,2,28
2021020214,2021-11-13,FLA,8475683,2.973,3,24
2021020215,2021-11-13,NJD,8473541,3.579,4,35
2021020215,2021-11-13,BOS,8480280,3.163,2,29
2021020216,2021-11-13,CAR,8479312,3.837,2,29
2021020216,2021-11-13,STL,8480981,2.756,3,24
2021020217,2021-11-13,CBJ,8478007,3.460,5,41
2021020217,2021-11-13,NYR,8478048,3.519,3,34
2021020217,2021-11-13,NYR,8480382,0.176,0,2
2021020218,2021-11-13,NSH,8477424,1.720,1,23
2021020218,2021-11-13,ARI,8478872,2.178,4,24
2021020219,2021-11-13,DAL,8471418,2.683,2,34
2021020219,2021-11-13,PHI,8474889,2.950,4,30
2021020220,2021-11-13,WPG,8476945,2.479,2,29
2021020220,2021-11-13,LAK,8477361,1.995,3,23
2021020221,2021-11-13,COL,8475311,2.332,2,30
2021020221,2021-11-13,SJS,8478499,2.543,5,30
2021020222,2021-11-13,VGK,8475215,3.846,4,43
2021020222,2021-11-13,VAN,8477967,4.471,7,39
2021020223,2021-11-13,SEA,8475831,1.494,3,21
2021020223,2021-11-13,MIN,8475660,3.134,2,30
2021020224,2021-11-14,BOS,8480280,1.875,2,29
2021020224,2021-11-14,MTL,8478470,3.471,4,40
2021020225,2021-11-14,OTT,8476341,2.690,4,33
2021020225,2021-11-14,CGY,8478435,2.007,0,27
2021020226,2021-11-14,NYR,8480382,2.433,3,27
2021020226,2021-11-14,NJD,8473541,1.347,0,8
2021020226,2021-11-14,NJD,8478406,2.549,3,33
2021020227,2021-11-14,WSH,8477970,1.655,1,25
2021020227,2021-11-14,PIT,8477465,3.277,6,32
2021020228,2021-11-14,STL,8476412,2.390,5,32
2021020228,2021-11-14,EDM,8475156,3.906,4,39
2021020229,2021-11-14,ANA,8476434,2.382,1,27
2021020229,2021-11-14,VAN,8470860,3.260,4,37
2021020230,2021-11-15,TBL,8476883,2.289,1,26
2021020230,2021-11-15,NYI,8473575,2.899,4,28
2021020231,2021-11-15,CBJ,8478007,2.527,3,27
2021020231,2021-11-15,DET,8471306,3.617,4,37
2021020232,2021-11-16,TOR,8475789,2.165,0,24
2021020232,2021-11-16,NSH,8477424,4.078,2,33
2021020233,2021-11-16,FLA,8475683,1.637,1,28
2021020233,2021-11-16,NYI,8473575,1.510,2,19
2021020233,2021-11-16,NYI,8478009,1.322,4,17
2021020235,2021-11-16,NYR,8478048,2.681,2,33
2021020235,2021-11-16,MTL,8480051,3.233,3,34
2021020236,2021-11-16,PHI,8479394,3.417,1,34
2021020236,2021-11-16,CGY,8474593,3.891,2,43
2021020237,2021-11-16,PIT,8477465,1.692,2,19
2021020237,2021-11-16,BUF,8474682,4.276,1,46
2021020238,2021-11-16,STL,8476412,1.829,3,23
2021020238,2021-11-16,ARI,8475809,2.692,2,36
2021020239,2021-11-16,DAL,8479979,2.473,2,30
2021020239,2021-11-16,DET,8477968,2.086,4,29
2021020240,2021-11-16,MIN,8475660,1.282,4,21
2021020240,2021-11-16,SJS,8473503,1.872,1,27
2021020241,2021-11-16,WPG,8476945,2.842,2,34
2021020241,2021-11-16,EDM,8475156,2.460,4,26
2021020241,2021-11-16,EDM,8479973,0.737,0,8
2021020242,2021-11-16,VGK,8475215,2.709,4,42
2021020242,2021-11-16,CAR,8477293,2.460,2,23
2021020243,2021-11-16,ANA,8476434,2.536,2,30
2021020243,2021-11-16,WSH,8477970,2.490,3,31
2021020244,2021-11-17,VAN,8477967,2.276,3,29
2021020244,2021-11-17,COL,8475311,3.028,2,34
2021020245,2021-11-17,LAK,8471734,2.342,1,37
2021020245,2021-11-17,WSH,8478492,2.518,0,34
2021020246,2021-11-17,SEA,8475831,1.262,3,18
2021020246,2021-11-17,CHI,8470594,2.655,2,33
2021020247,2021-11-18,BUF,8474682,1.524,5,23
2021020247,2021-11-18,BUF,8477180,0.815,0,10
2021020247,2021-11-18,CGY,8474593,1.644,0,27
2021020248,2021-11-18,TOR,8475789,2.329,1,28
2021020248,2021-11-18,NYR,8478048,3.122,2,30
2021020249,2021-11-18,MTL,8478470,0.614,1,12
2021020249,2021-11-18,MTL,8480051,2.527,5,31
2021020249,2021-11-18,PIT,8477465,1.432,0,24
2021020251,2021-11-18,FLA,8481519,3.335,1,46
2021020251,2021-11-18,NJD,8473541,1.029,0,14
2021020251,2021-11-18,NJD,8478406,2.586,4,27
2021020252,2021-11-18,PHI,8479394,2.909,3,32
2021020252,2021-11-18,TBL,8476883,2.655,3,30
2021020253,2021-11-18,STL,8478024,2.623,1,27
2021020253,2021-11-18,SJS,8473503,4.255,4,48
2021020254,2021-11-18,MIN,8475660,3.647,2,38
2021020254,2021-11-18,DAL,8471418,2.316,7,26
2021020254,2021-11-18,DAL,8479979,0.207,0,0
2021020255,2021-11-18,EDM,8479973,3.772,1,47
2021020255,2021-11-18,WPG,8476945,2.859,1,32
2021020256,2021-11-18,ARI,8475809,4.707,4,46
2021020256,2021-11-18,CBJ,8478007,2.536,4,29
2021020257,2021-11-18,VGK,8475215,3.108,2,28
2021020257,2021-11-18,DET,8471306,2.216,4,22
2021020257,2021-11-18,DET,8477968,0.986,1,10
2021020258,2021-11-18,ANA,8476434,2.742,2,31
2021020258,2021-11-18,CAR,8475883,2.648,1,32
2021020259,2021-11-19,VAN,8477967,2.903,2,39
2021020259,2021-11-19,WPG,8477480,1.937,3,29
2021020260,2021-11-19,SEA,8475831,1.055,3,17
2021020260,2021-11-19,SEA,8476904,1.026,4,13
2021020260,2021-11-19,COL,8475311,2.298,3,28
2021020261,2021-11-20,TOR,8475789,2.001,2,31
2021020261,2021-11-20,PIT,8477465,2.748,0,26
2021020262,2021-11-20,MTL,8478470,3.456,3,36
2021020262,2021-11-20,NSH,8477424,1.827,5,19
2021020262,2021-11-20,NSH,8479496,0.970,0,9
2021020264,2021-11-20,TBL,8476883,2.470,4,26
2021020264,2021-11-20,NJD,8478406,3.908,3,34
2021020265,2021-11-20,FLA,8475683,3.891,4,39
2021020265,2021-11-20,MIN,8475660,3.070,4,36
2021020266,2021-11-20,NYI,8473575,2.188,3,29
2021020266,2021-11-20,CGY,8474593,4.226,2,36
2021020267,2021-11-20,PHI,8474889,2.985,5,44
2021020267,2021-11-20,BOS,8476999,2.433,2,31
2021020268,2021-11-20,DAL,8479979,2.519,1,36
2021020268,2021-11-20,STL,8476412,3.163,3,32
2021020269,2021-11-20,EDM,8479973,2.251,2,31
2021020269,2021-11-20,CHI,8480947,2.919,5,33
2021020270,2021-11-20,ARI,8475809,2.143,1,34
2021020270,2021-11-20,DET,8477968,1.795,2,29
2021020271,2021-11-20,VGK,8476316,2.534,2,29
2021020271,2021-11-20,CBJ,8478007,3.904,3,35
2021020272,2021-11-20,LAK,8477361,1.981,5,20
2021020272,2021-11-20,CAR,8475883,4.171,4,43
2021020273,2021-11-20,SJS,8478499,1.663,3,20
2021020273,2021-11-20,WSH,8478492,2.922,0,22
2021020274,2021-11-21,BOS,8480280,2.813,4,32
2021020274,2021-11-21,CGY,8478435,2.274,0,28
2021020275,2021-11-21,TBL,8470880,2.511,4,32
2021020275,2021-11-21,MIN,8478039,2.216,4,24
2021020276,2021-11-21,NYI,8478009,4.608,3,40
2021020276,2021-11-21,TOR,8479361,2.761,0,20
2021020277,2021-11-21,NYR,8478048,0.159,0,4
2021020277,2021-11-21,NYR,8480382,1.334,4,18
2021020277,2021-11-21,BUF,8477180,4.252,5,36
2021020278,2021-11-21,VAN,8477967,1.955,1,24
2021020278,2021-11-21,CHI,8470594,4.023,0,40
2021020279,2021-11-21,LAK,8471734,2.463,2,27
2021020279,2021-11-21,ARI,8478872,3.953,1,38
2021020280,2021-11-21,SEA,8475831,3.726,2,39
2021020280,2021-11-21,WSH,8477970,2.326,4,30
2021020281,2021-11-22,BUF,8474682,0.970,4,12
2021020281,2021-11-22,BUF,8477180,1.330,1,15
2021020281,2021-11-22,CBJ,8476914,2.642,4,33
2021020282,2021-11-22,STL,8476412,3.039,2,34
2021020282,2021-11-22,VGK,8475215,2.413,5,31
2021020283,2021-11-22,NSH,8477424,2.437,2,31
2021020283,2021-11-22,ANA,8476434,2.521,3,35
2021020284,2021-11-22,WPG,8476945,3.320,2,35
2021020284,2021-11-22,PIT,8477465,2.898,1,31
2021020285,2021-11-22,COL,8475311,1.070,5,20
2021020285,2021-11-22,COL,8477992,0.075,0,1
2021020285,2021-11-22,OTT,8479406,3.966,6,39
2021020286,2021-11-22,SJS,8473503,1.205,1,23
2021020286,2021-11-22,CAR,8477293,2.302,2,27
2021020287,2021-11-23,TBL,8476883,2.475,0,34
2021020287,2021-11-23,PHI,8479394,3.803,4,35
2021020288,2021-11-23,DAL,8479979,1.394,1,22
2021020288,2021-11-23,EDM,8479973,2.778,4,33
2021020289,2021-11-23,CGY,8474593,1.566,2,21
2021020289,2021-11-23,CHI,8470594,2.838,3,37
2021020290,2021-11-24,BUF,8474682,1.941,1,25
2021020290,2021-11-24,BUF,8477180,1.041,4,22
2021020290,2021-11-24,BOS,8480280,1.780,1,25
2021020291,2021-11-24,DET,8477968,4.569,2,37
2021020291,2021-11-24,STL,8478024,2.472,3,22
2021020292,2021-11-24,FLA,8475683,2.399,1,33
2021020292,2021-11-24,PHI,8474889,4.203,2,45
2021020293,2021-11-24,NJD,8478406,2.035,2,27
2021020293,2021-11-24,MIN,8475660,4.407,2,42
2021020294,2021-11-24,NYI,8473575,2.348,4,21
2021020294,2021-11-24,NYR,8478048,2.249,1,21
2021020295,2021-11-24,PIT,8477465,2.272,1,37
2021020295,2021-11-24,VAN,8477967,3.457,3,36
2021020296,2021-11-24,WSH,8478492,2.152,3,28
2021020296,2021-11-24,MTL,8474596,2.744,6,34
2021020297,2021-11-24,CBJ,8478007,2.986,0,36
2021020297,2021-11-24,WPG,8476945,2.772,2,31
2021020298,2021-11-24,NSH,8477424,2.978,4,34
2021020298,2021-11-24,VGK,8475215,2.718,2,28
2021020299,2021-11-24,COL,8475311,0.561,1,6
2021020299,2021-11-24,COL,8477992,1.313,1,20
2021020299,2021-11-24,ANA,8476434,2.955,5,36
2021020300,2021-11-24,ARI,8475809,4.345,4,43
2021020300,2021-11-24,EDM,8475156,1.880,3,27
2021020301,2021-11-24,LAK,8471734,4.517,6,38
2021020301,2021-11-24,TOR,8475789,3.382,2,32
2021020302,2021-11-24,SJS,8473503,2.517,3,29
2021020302,2021-11-24,OTT,8476899,2.587,4,27
2021020303,2021-11-24,SEA,8475831,2.970,1,36
2021020303,2021-11-24,CAR,8475883,1.836,2,22
2021020304,2021-11-26,BOS,8480280,2.445,4,30
2021020304,2021-11-26,NYR,8478048,2.805,2,36
2021020305,2021-11-26,BUF,8474682,2.599,1,26
2021020305,2021-11-26,MTL,8478470,3.558,4,39
2021020306,2021-11-26,TBL,8476883,0.886,0,17
2021020306,2021-11-26,SEA,8475831,2.593,3,26
2021020307,2021-11-26,NYI,8478009,3.149,1,30
2021020307,2021-11-26,PIT,8477465,2.110,0,25
2021020308,2021-11-26,PHI,8479394,2.429,6,36
2021020308,2021-11-26,CAR,8477293,1.922,3,23
2021020309,2021-11-26,WSH,8478492,2.028,3,22
2021020309,2021-11-26,FLA,8475683,2.319,3,22
2021020309,2021-11-26,FLA,8481519,0.448,1,7
2021020310,2021-11-26,CBJ,8478007,2.434,2,41
2021020310,2021-11-26,VAN,8477967,1.261,3,20
2021020311,2021-11-26,CHI,8480947,1.592,2,25
2021020311,2021-11-26,STL,8476412,1.964,3,27
2021020312,2021-11-26,NSH,8477424,1.673,2,25
2021020312,2021-11-26,NJD,8473541,2.553,3,30
2021020313,2021-11-26,DAL,8474651,0.091,0,4
2021020313,2021-11-26,DAL,8479979,2.827,1,33
2021020313,2021-11-26,COL,8475311,2.808,3,22
2021020314,2021-11-26,MIN,8475660,2.599,1,31
2021020314,2021-11-26,WPG,8476945,1.035,4,14
2021020314,2021-11-26,WPG,8477480,1.679,3,24
2021020315,2021-11-26,ANA,8476932,3.591,0,34
2021020315,2021-11-26,OTT,8476341,3.077,4,33
2021020316,2021-11-26,SJS,8473503,2.113,4,17
2021020316,2021-11-26,SJS,8478499,0.812,0,16
2021020316,2021-11-26,TOR,8479361,2.520,1,35
2021020317,2021-11-27,DET,8477968,1.430,2,28
2021020317,2021-11-27,BUF,8474682,4.190,3,41
2021020318,2021-11-27,FLA,8481519,2.633,3,26
2021020318,2021-11-27,SEA,8476904,2.620,1,34
2021020319,2021-11-27,PIT,8479193,2.702,3,31
2021020319,2021-11-27,MTL,8474596,4.605,3,50
2021020320,2021-11-27,STL,8478024,2.675,3,27
2021020320,2021-11-27,CBJ,8476914,3.839,6,33
2021020321,2021-11-27,COL,8477992,2.086,2,28
2021020321,2021-11-27,NSH,8479496,2.762,6,35
2021020322,2021-11-27,CGY,8474593,2.461,3,27
2021020322,2021-11-27,WPG,8476945,3.538,2,36
2021020323,2021-11-27,ARI,8475809,2.461,3,29
2021020323,2021-11-27,DAL,8474651,2.075,2,27
2021020324,2021-11-27,VGK,8475215,2.851,3,30
2021020324,2021-11-27,EDM,8475156,3.599,2,38
2021020325,2021-11-27,LAK,8477361,2.242,2,32
2021020325,2021-11-27,OTT,8479406,3.979,3,36
2021020326,2021-11-28,BOS,8476999,2.471,2,38
2021020326,2021-11-28,VAN,8470860,2.727,3,42
2021020327,2021-11-28,NJD,8478406,2.288,2,25
2021020327,2021-11-28,PHI,8474889,3.521,4,34
2021020329,2021-11-28,CAR,8475883,2.483,3,24
2021020329,2021-11-28,WSH,8478492,3.585,2,32
2021020330,2021-11-28,CHI,8470594,1.610,1,21
2021020330,2021-11-28,SJS,8473503,2.794,0,29
2021020331,2021-11-28,MIN,8475660,1.873,2,30
2021020331,2021-11-28,TBL,8476883,2.563,3,36
2021020332,2021-11-28,ANA,8476434,2.581,4,30
2021020332,2021-11-28,TOR,8475789,2.836,1,40
2021020333,2021-11-29,BUF,8474682,2.449,6,31
2021020333,2021-11-29,SEA,8476904,2.952,4,36
2021020334,2021-11-29,MTL,8474596,2.412,2,42
2021020334,2021-11-29,VAN,8477967,1.994,1,34
2021020335,2021-11-29,WPG,8476945,1.256,1,15
2021020335,2021-11-29,ARI,8478872,4.109,0,46
2021020336,2021-11-29,CGY,8474593,1.402,1,22
2021020336,2021-11-29,PIT,8477465,4.070,1,32
2021020337,2021-11-30,BOS,8476999,1.318,2,16
2021020337,2021-11-30,DET,8477968,4.120,1,42
2021020338,2021-11-30,FLA,8475683,2.612,4,27
2021020338,2021-11-30,WSH,8478492,5.389,5,51
2021020339,2021-11-30,NJD,8478406,2.759,4,30
2021020339,2021-11-30,SJS,8473503,2.202,2,34
2021020341,2021-11-30,STL,8476412,3.687,3,33
2021020341,2021-11-30,TBL,8470880,2.872,3,33
2021020342,2021-11-30,NSH,8477424,2.177,0,27
2021020342,2021-11-30,CBJ,8476914,2.756,3,28
2021020342,2021-11-30,CBJ,8478007,0.957,3,9
2021020343,2021-11-30,DAL,8474651,3.146,1,40
2021020343,2021-11-30,CAR,8475883,1.455,3,16
2021020344,2021-11-30,MIN,8478039,2.752,2,31
2021020344,2021-11-30,ARI,8475809,2.471,5,37
2021020345,2021-11-30,LAK,8471734,3.864,4,37
2021020345,2021-11-30,ANA,8476434,2.873,4,34
2021020346,2021-12-01,TOR,8475789,2.527,3,31
2021020346,2021-12-01,COL,8477992,3.511,8,41
2021020347,2021-12-01,OTT,8479406,3.710,6,35
2021020347,2021-12-01,VAN,8477967,2.057,2,21
2021020348,2021-12-01,DET,8471306,2.151,3,24
2021020348,2021-12-01,SEA,8475831,2.206,3,26
2021020349,2021-12-01,NYR,8478048,3.447,1,34
2021020349,2021-12-01,PHI,8479394,1.981,3,27
2021020350,2021-12-01,EDM,8475156,3.043,2,34
2021020350,2021-12-01,PIT,8477465,1.761,4,21
2021020351,2021-12-01,ANA,8476932,3.166,5,39
2021020351,2021-12-01,VGK,8475215,2.853,5,33
2021020352,2021-12-02,MTL,8474596,3.246,3,33
2021020352,2021-12-02,COL,8477992,1.292,1,20
2021020353,2021-12-02,TBL,8476883,2.931,2,28
2021020353,2021-12-02,STL,8478024,3.335,4,35
2021020354,2021-12-02,FLA,8475683,1.140,4,12
2021020354,2021-12-02,FLA,8481519,1.535,0,19
2021020354,2021-12-02,BUF,8477180,4.137,5,43
2021020355,2021-12-02,NYI,8478009,3.326,2,35
2021020355,2021-12-02,SJS,8478499,1.663,1,25
2021020356,2021-12-02,WSH,8477970,2.751,3,28
2021020356,2021-12-02,CHI,8470594,3.133,3,28
2021020357,2021-12-02,CAR,8477293,2.872,3,20
2021020357,2021-12-02,OTT,8476341,5.490,2,49
2021020358,2021-12-02,NSH,8477424,3.424,2,33
2021020358,2021-12-02,BOS,8480280,2.851,0,42
2021020359,2021-12-02,DAL,8479979,1.592,2,22
2021020359,2021-12-02,CBJ,8480193,3.399,3,37
2021020360,2021-12-02,MIN,8478039,2.486,2,31
2021020360,2021-12-02,NJD,8478406,3.867,5,38
2021020361,2021-12-02,LAK,8477361,3.702,3,32
2021020361,2021-12-02,CGY,8474593,3.449,2,42
2021020362,2021-12-03,NYR,8478048,1.703,0,19
2021020362,2021-12-03,NYR,8480382,0.873,0,9
2021020362,2021-12-03,SJS,8478499,2.764,1,27
2021020363,2021-12-03,WPG,8476945,3.060,4,37
2021020363,2021-12-03,NJD,8473541,2.712,6,32
2021020363,2021-12-03,NJD,8478406,0.872,2,8
2021020364,2021-12-03,ARI,8478872,2.776,7,32
2021020364,2021-12-03,VGK,8476316,2.207,1,30
2021020365,2021-12-03,ANA,8476434,3.322,3,36
2021020365,2021-12-03,CGY,8478435,3.119,3,34
2021020366,2021-12-03,SEA,8475831,2.703,3,32
2021020366,2021-12-03,EDM,8479973,2.318,4,34
2021020367,2021-12-04,BOS,8480280,3.118,3,25
2021020367,2021-12-04,TBL,8476883,4.850,2,39
2021020368,2021-12-04,OTT,8476341,2.375,5,31
2021020368,2021-12-04,COL,8477992,1.199,4,16
2021020368,2021-12-04,COL,8481020,1.300,2,19
2021020369,2021-12-04,DET,8477968,2.304,3,23
2021020369,2021-12-04,NYI,8478009,3.218,4,30
2021020370,2021-12-04,FLA,8475683,2.308,3,25
2021020370,2021-12-04,STL,8478024,5.997,3,51
2021020371,2021-12-04,NYR,8480382,2.334,2,27
2021020371,2021-12-04,CHI,8480947,2.323,3,31
2021020372,2021-12-04,WSH,8478492,1.178,1,18
2021020372,2021-12-04,CBJ,8480193,2.317,2,31
2021020373,2021-12-04,CAR,8477293,3.632,2,34
2021020373,2021-12-04,BUF,8476876,2.671,6,25
2021020373,2021-12-04,BUF,8477180,0.318,0,4
2021020374,2021-12-04,NSH,8477424,2.473,3,23
2021020374,2021-12-04,MTL,8474596,4.442,4,44
2021020375,2021-12-04,MIN,8475660,3.427,3,42
2021020375,2021-12-04,TOR,8475789,3.045,3,40
2021020376,2021-12-04,VAN,8477967,3.927,4,44
2021020376,2021-12-04,PIT,8477465,2.045,1,23
2021020377,2021-12-05,NYI,8473575,3.126,2,26
2021020377,2021-12-05,CHI,8470594,3.294,2,24
2021020378,2021-12-05,PHI,8474889,1.218,2,12
2021020378,2021-12-05,PHI,8479394,1.185,5,15
2021020378,2021-12-05,TBL,8470880,2.146,1,39
2021020379,2021-12-05,CBJ,8478007,2.986,4,34
2021020379,2021-12-05,SJS,8478499,2.109,5,29
2021020380,2021-12-05,WPG,8476945,3.899,3,35
2021020380,2021-12-05,TOR,8479361,3.953,6,41
2021020381,2021-12-05,EDM,8475156,3.661,5,40
2021020381,2021-12-05,LAK,8471734,3.161,1,22
2021020382,2021-12-05,VGK,8475215,1.960,2,25
2021020382,2021-12-05,CGY,8474593,3.159,3,28
2021020234,2021-12-06,NJD,8478406,2.211,2,23
2021020234,2021-12-06,OTT,8476341,3.639,2,24
2021020383,2021-12-06,PHI,8474889,3.255,7,50
2021020383,2021-12-06,COL,8481020,2.108,5,32
2021020384,2021-12-06,WSH,8478492,2.342,3,34
2021020384,2021-12-06,ANA,8476434,3.060,3,29
2021020385,2021-12-06,DAL,8474651,1.294,1,19
2021020385,2021-12-06,ARI,8475809,2.954,4,27
2021020386,2021-12-06,VAN,8477967,2.147,0,31
2021020386,2021-12-06,LAK,8477361,3.618,4,30
2021020387,2021-12-06,SEA,8475831,0.348,3,4
2021020387,2021-12-06,SEA,8478916,2.393,3,27
2021020387,2021-12-06,PIT,8479193,1.727,1,29
2021020388,2021-12-07,BUF,8480045,1.009,2,23
2021020388,2021-12-07,ANA,8476932,2.520,0,25
2021020389,2021-12-07,TOR,8475789,3.199,4,32
2021020389,2021-12-07,CBJ,8478007,2.241,5,30
2021020389,2021-12-07,CBJ,8480193,0.543,0,10
2021020390,2021-12-07,MTL,8474596,3.140,3,27
2021020390,2021-12-07,TBL,8476883,2.094,2,23
2021020391,2021-12-07,OTT,8479406,2.523,5,27
2021020391,2021-12-07,NYI,8478009,2.933,3,33
2021020392,2021-12-07,DET,8477968,3.403,4,32
2021020392,2021-12-07,NSH,8479496,1.714,2,16
2021020393,2021-12-07,CHI,8470594,2.537,5,29
2021020393,2021-12-07,NYR,8480382,2.449,2,26
2021020394,2021-12-07,STL,8478024,3.667,3,37
2021020394,2021-12-07,STL,8479292,0.259,0,3
2021020394,2021-12-07,FLA,8481519,2.095,4,30
2021020395,2021-12-07,WPG,8476945,4.041,4,34
2021020395,2021-12-07,CAR,8475883,1.451,2,18
2021020396,2021-12-07,EDM,8475156,2.794,4,26
2021020396,2021-12-07,MIN,8475660,4.161,1,39
2021020397,2021-12-07,SJS,8478499,3.494,3,43
2021020397,2021-12-07,CGY,8478435,2.229,4,26
2021020398,2021-12-08,NJD,8478406,1.523,0,25
2021020398,2021-12-08,PHI,8479394,2.572,2,26
2021020399,2021-12-08,NYR,8478903,3.277,7,39
2021020399,2021-12-08,COL,8475311,3.109,3,29
2021020399,2021-12-08,COL,8477992,0.007,0,1
2021020400,2021-12-08,VAN,8477967,3.489,1,36
2021020400,2021-12-08,BOS,8480280,2.378,1,32
2021020401,2021-12-08,VGK,8475215,0.710,3,10
2021020401,2021-12-08,VGK,8476316,0.936,1,13
2021020401,2021-12-08,DAL,8474651,2.584,5,45
2021020402,2021-12-09,TOR,8475789,2.457,4,26
2021020402,2021-12-09,TBL,8476883,4.344,3,38
2021020403,2021-12-09,MTL,8474596,2.557,2,25
2021020403,2021-12-09,CHI,8470594,1.890,0,30
2021020404,2021-12-09,NYI,8473575,2.570,4,29
2021020404,2021-12-09,NSH,8479496,2.513,3,21
2021020405,2021-12-09,CBJ,8478007,2.446,1,26
2021020405,2021-12-09,ANA,8476434,3.473,1,34
2021020406,2021-12-09,STL,8479292,2.320,2,31
2021020406,2021-12-09,DET,8471306,0.568,2,7
2021020406,2021-12-09,DET,8477968,2.225,3,18
2021020407,2021-12-09,CGY,8474593,2.016,2,26
2021020407,2021-12-09,CAR,8475883,2.563,1,27
2021020408,2021-12-09,EDM,8479973,2.028,3,30
2021020408,2021-12-09,BOS,8476999,3.932,2,43
2021020409,2021-12-09,LAK,8471734,2.910,0,27
2021020409,2021-12-09,DAL,8479979,3.549,2,39
2021020410,2021-12-09,SJS,8478499,2.224,3,25
2021020410,2021-12-09,MIN,8475660,3.407,2,35
2021020411,2021-12-09,SEA,8475831,2.656,3,33
2021020411,2021-12-09,WPG,8476945,2.422,0,25
2021020412,2021-12-10,BUF,8480045,2.640,2,31
2021020412,2021-12-10,NYR,8480382,2.745,1,37
2021020413,2021-12-10,NJD,8478406,2.721,3,27
2021020413,2021-12-10,NSH,8477424,3.578,2,31
2021020414,2021-12-10,WSH,8478492,2.503,3,32
2021020414,2021-12-10,PIT,8477465,2.414,2,31
2021020415,2021-12-10,COL,8475311,3.121,3,40
2021020415,2021-12-10,DET,8471306,0.595,3,7
2021020415,2021-12-10,DET,8477968,3.852,3,39
2021020416,2021-12-10,ARI,8475809,1.773,3,23
2021020416,2021-12-10,FLA,8475683,2.249,1,23
2021020417,2021-12-10,VAN,8477967,3.976,3,37
2021020417,2021-12-10,WPG,8477480,4.418,3,36
2021020418,2021-12-10,VGK,8476316,2.493,4,25
2021020418,2021-12-10,PHI,8479394,2.957,3,44
2021020419,2021-12-11,BUF,8480045,3.564,2,42
2021020419,2021-12-11,WSH,8477970,2.626,2,31
2021020420,2021-12-11,TOR,8475852,2.492,4,35
2021020420,2021-12-11,CHI,8480947,1.917,5,26
2021020421,2021-12-11,OTT,8476341,2.826,0,25
2021020421,2021-12-11,TBL,8470880,3.153,3,22
2021020422,2021-12-11,NYI,8478009,2.504,2,32
2021020422,2021-12-11,NJD,8481033,2.658,4,29
2021020423,2021-12-11,PIT,8479193,3.004,0,33
2021020423,2021-12-11,ANA,8476434,1.343,1,16
2021020423,2021-12-11,ANA,8476932,0.634,0,13
2021020424,2021-12-11,STL,8479292,1.731,1,23
2021020424,2021-12-11,MTL,8474596,3.286,4,37
2021020425,2021-12-11,CGY,8474593,2.274,4,27
2021020425,2021-12-11,BOS,8476999,5.091,2,42
2021020426,2021-12-11,EDM,8475156,3.597,3,31
2021020426,2021-12-11,CAR,8475883,3.074,1,23
2021020427,2021-12-11,ARI,8478872,2.659,5,34
2021020427,2021-12-11,PHI,8474889,2.160,3,32
2021020428,2021-12-11,LAK,8471734,3.220,1,31
2021020428,2021-12-11,MIN,8478039,4.052,2,37
2021020429,2021-12-11,SJS,8473503,3.080,1,35
2021020429,2021-12-11,DAL,8474651,2.240,2,25
2021020430,2021-12-11,SEA,8475831,2.545,5,28
2021020430,2021-12-11,CBJ,8478007,3.012,4,32
2021020431,2021-12-12,NYR,8480382,2.094,1,24
2021020431,2021-12-12,NSH,8477424,2.300,0,32
2021020432,2021-12-12,STL,8476903,2.901,3,39
2021020432,2021-12-12,ANA,8476932,2.273,2,25
2021020433,2021-12-12,COL,8475311,3.112,2,31
2021020433,2021-12-12,FLA,8475683,2.134,3,26
2021020434,2021-12-12,VAN,8477967,2.497,1,29
2021020434,2021-12-12,CAR,8477293,2.058,2,26
2021020435,2021-12-12,VGK,8475215,3.755,4,27
2021020435,2021-12-12,MIN,8475660,3.915,5,35
2021020437,2021-12-14,BOS,8480280,1.798,4,25
2021020437,2021-12-14,VGK,8475215,1.673,1,24
2021020438,2021-12-14,DET,8477968,3.454,1,34
2021020438,2021-12-14,NYI,8478009,3.202,2,39
2021020439,2021-12-14,TBL,8476883,2.249,2,30
2021020439,2021-12-14,LAK,8471734,3.726,3,30
2021020440,2021-12-14,FLA,8481519,4.067,8,38
2021020440,2021-12-14,OTT,8476341,3.536,2,35
2021020441,2021-12-14,PHI,8479394,2.047,1,27
2021020441,2021-12-14,NJD,8478406,1.809,5,22
2021020441,2021-12-14,NJD,8481033,0.729,1,8
2021020442,2021-12-14,PIT,8477465,2.061,2,30
2021020442,2021-12-14,MTL,8474596,2.768,5,31
2021020444,2021-12-14,DAL,8479979,2.739,4,29
2021020444,2021-12-14,STL,8479292,3.360,1,34
2021020446,2021-12-14,WPG,8476945,2.442,4,27
2021020446,2021-12-14,BUF,8480045,4.214,2,36
2021020447,2021-12-14,COL,8475311,3.623,2,28
2021020447,2021-12-14,NYR,8480382,3.329,4,31
2021020448,2021-12-14,EDM,8475156,3.695,5,25
2021020448,2021-12-14,TOR,8475789,3.757,1,36
2021020449,2021-12-14,VAN,8470860,2.245,3,23
2021020449,2021-12-14,CBJ,8478007,2.829,4,39
2021020450,2021-12-14,SJS,8473503,1.947,2,29
2021020450,2021-12-14,SEA,8476904,2.761,1,34
2021020451,2021-12-15,CHI,8470594,3.929,4,46
2021020451,2021-12-15,WSH,8478492,2.394,5,28
2021020452,2021-12-15,ARI,8475809,1.878,3,30
2021020452,2021-12-15,NYR,8476234,2.428,2,31
2021020453,2021-12-15,ANA,8476932,1.584,1,20
2021020453,2021-12-15,SEA,8475831,1.646,3,18
2021020453,2021-12-15,SEA,8476904,0.604,1,6
2021020454,2021-12-16,MTL,8480051,3.206,2,39
2021020454,2021-12-16,PHI,8479394,4.718,2,40
2021020455,2021-12-16,TBL,8476883,2.414,1,26
2021020455,2021-12-16,OTT,8476341,3.351,2,27
2021020456,2021-12-16,FLA,8475683,2.091,4,31
2021020456,2021-12-16,LAK,8471734,3.665,1,42
2021020457,2021-12-16,NJD,8478406,3.095,4,29
2021020457,2021-12-16,VGK,8475215,3.238,3,26
2021020458,2021-12-16,NYI,8473575,3.483,1,41
2021020458,2021-12-16,BOS,8476999,3.019,2,27
2021020459,2021-12-16,CAR,8475883,3.631,3,26
2021020459,2021-12-16,DET,8477968,3.123,4,32
2021020460,2021-12-16,NSH,8477424,2.569,2,26
2021020460,2021-12-16,COL,8480925,2.884,4,34
2021020461,2021-12-16,MIN,8475660,3.096,2,40
2021020461,2021-12-16,BUF,8480045,3.183,2,32
2021020463,2021-12-16,EDM,8479973,3.331,2,38
2021020463,2021-12-16,CBJ,8476914,1.348,0,15
2021020463,2021-12-16,CBJ,8478007,3.119,4,29
2021020464,2021-12-16,SJS,8478499,2.123,4,29
2021020464,2021-12-16,VAN,8477967,2.453,2,36
2021020465,2021-12-17,NYR,8480382,3.360,2,30
2021020465,2021-12-17,VGK,8476316,2.984,2,29
2021020466,2021-12-17,PIT,8477465,1.527,2,21
2021020466,2021-12-17,BUF,8476876,4.268,3,48
2021020467,2021-12-17,CHI,8470594,2.170,3,31
2021020467,2021-12-17,NSH,8477424,1.798,2,19
2021020468,2021-12-17,STL,8479292,2.572,1,27
2021020468,2021-12-17,DAL,8474651,2.552,3,33
2021020469,2021-12-17,WPG,8476945,3.300,3,37
2021020469,2021-12-17,WSH,8477970,4.109,2,42
2021020470,2021-12-17,ANA,8476434,3.556,6,27
2021020470,2021-12-17,ARI,8475809,3.377,5,37
2021020472,2021-12-18,DET,8471306,2.009,2,33
2021020472,2021-12-18,NJD,8481033,2.417,5,30
2021020473,2021-12-18,PHI,8474889,2.334,3,31
2021020473,2021-12-18,OTT,8476341,3.125,4,38
2021020474,2021-12-18,CAR,8475883,3.685,1,33
2021020474,2021-12-18,LAK,8471734,3.682,5,33
2021020475,2021-12-18,DAL,8479979,2.048,3,23
2021020475,2021-12-18,CHI,8480947,3.829,4,39
2021020480,2021-12-18,SEA,8476904,3.077,4,40
2021020480,2021-12-18,EDM,8479973,1.638,3,17
2021020482,2021-12-19,NJD,8476903,2.433,3,22
2021020482,2021-12-19,PIT,8477465,2.684,2,19
2021020483,2021-12-19,NYI,8478009,2.599,3,34
2021020483,2021-12-19,VGK,8475215,2.906,3,32
2021020484,2021-12-19,WSH,8477970,2.013,3,24
2021020484,2021-12-19,LAK,8476343,2.253,2,35
2021020486,2021-12-19,WPG,8476945,3.184,2,28
2021020486,2021-12-19,STL,8476412,3.285,4,34
2021020492,2021-12-20,DAL,8479979,2.244,4,23
2021020492,2021-12-20,MIN,8475660,2.610,6,28
2021020501,2021-12-21,VGK,8476316,1.900,4,19
2021020501,2021-12-21,TBL,8476883,3.154,3,41
2021020537,2021-12-28,TBL,8476509,3.253,4,31
2021020537,2021-12-28,MTL,8478470,4.821,5,37
2021020539,2021-12-28,LAK,8471734,1.835,5,15
2021020539,2021-12-28,LAK,8476343,1.918,1,12
2021020539,2021-12-28,VGK,8476316,3.283,3,27
2021020540,2021-12-28,SJS,8473503,5.208,7,46
2021020540,2021-12-28,ARI,8475809,3.390,7,27
2021020541,2021-12-29,BUF,8480045,2.623,4,42
2021020541,2021-12-29,NJD,8478406,1.679,3,22
2021020544,2021-12-29,FLA,8475683,3.065,3,33
2021020544,2021-12-29,NYR,8478048,3.906,4,32
2021020546,2021-12-29,WSH,8478492,1.922,3,20
2021020546,2021-12-29,NSH,8477424,3.253,4,36
2021020547,2021-12-29,STL,8476412,2.440,2,28
2021020547,2021-12-29,EDM,8469608,3.432,4,33
2021020550,2021-12-29,ANA,8476434,3.710,2,37
2021020550,2021-12-29,VAN,8477967,2.832,1,23
2021020551,2021-12-29,SEA,8475831,1.372,3,22
2021020551,2021-12-29,PHI,8474889,2.487,2,36
2021020552,2021-12-30,FLA,8481519,3.155,3,42
2021020552,2021-12-30,TBL,8476509,2.830,6,27
2021020552,2021-12-30,TBL,8481597,0.856,3,10
2021020553,2021-12-30,NYI,8473575,2.857,1,37
2021020553,2021-12-30,BUF,8476876,2.618,4,32
2021020554,2021-12-30,CAR,8477293,2.272,0,26
2021020554,2021-12-30,MTL,8478470,2.686,4,38
2021020555,2021-12-30,CBJ,8478007,3.097,3,34
2021020555,2021-12-30,NSH,8479496,3.426,3,29
2021020556,2021-12-30,LAK,8471734,1.943,1,18
2021020556,2021-12-30,VAN,8470860,4.760,1,35
2021020557,2021-12-30,SJS,8473503,2.473,2,25
2021020557,2021-12-30,PHI,8478433,4.791,3,46
2021020558,2021-12-30,SEA,8476904,3.112,5,39
2021020558,2021-12-30,CGY,8474593,2.116,4,22
2021020560,2021-12-31,DET,8471306,2.411,2,26
2021020560,2021-12-31,WSH,8478492,1.900,1,20
2021020561,2021-12-31,TBL,8470880,2.800,3,23
2021020561,2021-12-31,NYR,8478048,3.226,3,28
2021020562,2021-12-31,NJD,8478406,3.275,5,37
2021020562,2021-12-31,EDM,8469608,3.407,6,41
2021020565,2021-12-31,VGK,8476316,1.458,1,16
2021020565,2021-12-31,ANA,8476434,4.675,3,45
2021020566,2022-01-01,BOS,8476999,1.672,3,22
2021020566,2022-01-01,BUF,8480045,3.954,4,41
2021020567,2022-01-01,TOR,8475789,1.858,0,23
2021020567,2022-01-01,OTT,8476899,4.400,6,40
2021020568,2022-01-01,FLA,8475683,2.531,2,31
2021020568,2022-01-01,MTL,8478470,5.597,5,48
2021020569,2022-01-01,NYI,8478009,2.383,2,19
2021020569,2022-01-01,EDM,8475156,3.210,3,29
2021020570,2022-01-01,CBJ,8478007,1.623,4,15
2021020570,2022-01-01,CBJ,8480193,3.242,2,33
2021020570,2022-01-01,CAR,8475883,1.424,1,9
2021020570,2022-01-01,CAR,8477293,1.138,3,9
2021020571,2022-01-01,NSH,8477424,3.218,1,38
2021020571,2022-01-01,CHI,8480420,0.759,3,7
2021020571,2022-01-01,CHI,8482821,1.775,3,18
2021020572,2022-01-01,MIN,8475660,1.908,6,28
2021020572,2022-01-01,MIN,8478039,0.451,0,4
2021020572,2022-01-01,STL,8476412,2.321,4,33
2021020573,2022-01-01,LAK,8471734,4.030,3,37
2021020573,2022-01-01,PHI,8474889,4.421,5,33
2021020574,2022-01-01,SEA,8475831,3.176,4,34
2021020574,2022-01-01,VAN,8477967,2.258,2,32
2021020575,2022-01-02,DET,8477968,5.060,5,37
2021020575,2022-01-02,BOS,8480280,2.219,1,24
2021020576,2022-01-02,NYR,8478048,3.450,0,38
2021020576,2022-01-02,TBL,8476883,2.364,4,21
2021020577,2022-01-02,PIT,8479193,2.260,5,27
2021020577,2022-01-02,SJS,8473503,2.025,6,17
2021020577,2022-01-02,SJS,8479313,2.417,1,21
2021020578,2022-01-02,WSH,8478492,2.535,4,37
2021020578,2022-01-02,NJD,8478406,2.564,3,30
2021020579,2022-01-02,CHI,8482821,3.839,4,41
2021020579,2022-01-02,CGY,8474593,2.459,1,31
2021020580,2022-01-02,COL,8475311,2.492,2,31
2021020580,2022-01-02,ANA,8476434,2.828,3,35
2021020582,2022-01-02,VGK,8476316,4.461,5,37
2021020582,2022-01-02,WPG,8476945,4.039,4,46
2021020585,2022-01-03,NYR,8480382,2.531,1,34
2021020585,2022-01-03,EDM,8475156,2.397,4,28
2021020586,2022-01-04,BOS,8476999,2.108,3,26
2021020586,2022-01-04,NJD,8478406,3.121,5,34
2021020588,2022-01-04,DET,8477968,2.559,2,26
2021020588,2022-01-04,SJS,8473503,1.850,4,24
2021020588,2022-01-04,SJS,8478499,0.864,2,7
2021020589,2022-01-04,FLA,8475683,4.550,2,49
2021020589,2022-01-04,CGY,8474593,4.212,6,45
2021020590,2022-01-04,CBJ,8476914,3.544,7,36
2021020590,2022-01-04,TBL,8476883,2.001,2,22
2021020591,2022-01-04,CHI,8470594,2.731,4,33
2021020591,2022-01-04,COL,8475311,2.854,3,31
2021020592,2022-01-04,ARI,8478872,4.563,2,48
2021020592,2022-01-04,WPG,8476945,2.518,1,27
2021020593,2022-01-04,VGK,8480313,1.868,3,26
2021020593,2022-01-04,NSH,8477424,3.820,2,43
2021020594,2022-01-04,ANA,8476434,3.030,1,29
2021020594,2022-01-04,PHI,8479394,2.328,3,29
2021020596,2022-01-05,TOR,8475789,2.041,2,30
2021020596,2022-01-05,EDM,8469608,2.569,3,32
2021020597,2022-01-05,PIT,8477465,1.236,0,13
2021020597,2022-01-05,PIT,8479193,1.254,3,16
2021020597,2022-01-05,STL,8476412,3.456,5,41
2021020599,2022-01-06,BOS,8480280,2.276,3,30
2021020599,2022-01-06,MIN,8478039,2.555,2,38
2021020600,2022-01-06,BUF,8480045,1.423,3,21
2021020600,2022-01-06,SJS,8478499,2.318,2,39
2021020602,2022-01-06,TBL,8476883,2.538,1,27
2021020602,2022-01-06,CGY,8478435,4.048,4,33
2021020603,2022-01-06,NJD,8478406,3.079,1,32
2021020603,2022-01-06,CBJ,8476914,2.899,2,27
2021020604,2022-01-06,PHI,8479394,3.063,6,32
2021020604,2022-01-06,PIT,8477465,2.248,2,20
2021020605,2022-01-06,DAL,8474651,4.022,5,42
2021020605,2022-01-06,FLA,8475683,3.004,5,36
2021020606,2022-01-06,COL,8475311,3.206,1,35
2021020606,2022-01-06,WPG,8476945,3.381,7,42
2021020607,2022-01-06,ARI,8478872,2.874,4,36
2021020607,2022-01-06,CHI,8470594,2.526,5,25
2021020608,2022-01-06,VGK,8475215,2.115,1,20
2021020608,2022-01-06,NYR,8480382,3.688,5,35
2021020610,2022-01-06,LAK,8471734,2.240,3,19
2021020610,2022-01-06,NSH,8477424,4.457,2,48
2021020612,2022-01-07,CAR,8475883,3.857,3,39
2021020612,2022-01-07,CGY,8478435,2.971,6,37
2021020613,2022-01-07,STL,8478024,2.087,1,27
2021020613,2022-01-07,WSH,8477457,1.345,0,7
2021020613,2022-01-07,WSH,8478492,1.324,4,16
2021020615,2022-01-08,TBL,8476883,2.531,4,29
2021020615,2022-01-08,BOS,8476999,2.759,2,29
2021020616,2022-01-08,PHI,8474889,3.043,3,47
2021020616,2022-01-08,SJS,8478499,2.388,2,31
2021020617,2022-01-08,CAR,8479312,4.188,4,36
2021020617,2022-01-08,FLA,8475683,2.575,3,27
2021020618,2022-01-08,CBJ,8476914,3.200,3,30
2021020618,2022-01-08,NJD,8478406,2.689,4,34
2021020619,2022-01-08,DAL,8479979,2.539,2,29
2021020619,2022-01-08,PIT,8477465,3.008,3,32
2021020620,2022-01-08,MIN,8478039,2.688,2,31
2021020620,2022-01-08,WSH,8477457,1.988,1,22
2021020622,2022-01-08,COL,8475311,1.035,3,8
2021020622,2022-01-08,COL,8480925,1.874,1,19
2021020622,2022-01-08,TOR,8475789,4.082,5,49
2021020624,2022-01-08,ARI,8478872,2.275,4,29
2021020624,2022-01-08,NSH,8477424,4.400,2,40
2021020626,2022-01-08,VGK,8475215,1.806,2,21
2021020626,2022-01-08,CHI,8470594,2.489,1,31
2021020627,2022-01-08,ANA,8476932,3.245,3,39
2021020627,2022-01-08,NYR,8480382,2.039,1,14
2021020628,2022-01-08,LAK,8477361,2.431,0,21
2021020628,2022-01-08,DET,8477968,3.982,3,41
2021020609,2022-01-09,ANA,8480843,3.477,3,36
2021020609,2022-01-09,DET,8471306,2.363,3,27
2021020629,2022-01-09,STL,8476412,2.512,1,27
2021020629,2022-01-09,DAL,8474651,2.968,2,31
2021020632,2022-01-10,WSH,8477457,1.212,4,16
2021020632,2022-01-10,WSH,8477970,1.282,3,15
2021020632,2022-01-10,BOS,8476999,3.177,3,30
2021020634,2022-01-10,COL,8480925,2.366,3,26
2021020634,2022-01-10,SEA,8475831,2.695,4,35
2021020636,2022-01-10,LAK,8477361,1.972,1,23
2021020636,2022-01-10,NYR,8480382,3.539,2,38
2021020637,2022-01-11,BUF,8476876,2.067,4,27
2021020637,2022-01-11,BUF,8480045,0.809,2,9
2021020637,2022-01-11,TBL,8476883,1.188,1,18
2021020638,2022-01-11,FLA,8475683,3.660,2,44
2021020638,2022-01-11,VAN,8477967,2.674,5,26
2021020640,2022-01-11,CBJ,8476914,1.697,3,19
2021020640,2022-01-11,CHI,8470594,2.208,2,26
2021020641,2022-01-11,NSH,8477424,3.306,4,44
2021020641,2022-01-11,COL,8475311,3.660,5,32
2021020643,2022-01-11,VGK,8475215,2.455,3,18
2021020643,2022-01-11,TOR,8475789,3.119,3,34
2021020644,2022-01-11,ANA,8476932,3.366,3,33
2021020644,2022-01-11,PIT,8477465,2.197,1,26
2021020645,2022-01-11,SJS,8478499,2.108,2,19
2021020645,2022-01-11,DET,8477968,4.368,3,40
2021020647,2022-01-12,DAL,8479979,2.755,2,25
2021020647,2022-01-12,SEA,8475831,1.988,4,24
2021020649,2022-01-12,ARI,8478872,4.852,1,46
2021020649,2022-01-12,TOR,8475852,1.811,2,18
2021021000,2022-01-12,BOS,8476999,2.097,1,25
2021021000,2022-01-12,MTL,8474596,1.028,2,7
2021021000,2022-01-12,MTL,8478470,3.005,3,34
2021020650,2022-01-13,BOS,8471695,2.582,2,27
2021020650,2022-01-13,PHI,8479394,3.423,3,36
2021020651,2022-01-13,DET,8477968,2.391,2,31
2021020651,2022-01-13,WPG,8476945,1.658,0,33
2021020652,2022-01-13,TBL,8476883,2.581,2,26
2021020652,2022-01-13,VAN,8477967,2.304,3,20
2021020653,2022-01-13,NYI,8478009,3.808,2,32
2021020653,2022-01-13,NJD,8476903,3.142,3,25
2021020654,2022-01-13,CAR,8475883,2.875,4,32
2021020654,2022-01-13,CAR,8479581,0.496,2,3
2021020654,2022-01-13,CBJ,8478007,3.420,0,31
2021020655,2022-01-13,CHI,8470594,2.325,2,29
2021020655,2022-01-13,MTL,8478470,2.493,3,31
2021020656,2022-01-13,STL,8478024,3.155,1,32
2021020656,2022-01-13,SEA,8476904,2.517,2,27
2021020657,2022-01-13,NSH,8477424,1.751,3,20
2021020657,2022-01-13,BUF,8477180,2.239,1,30
2021020658,2022-01-13,CGY,8474593,2.941,4,34
2021020658,2022-01-13,OTT,8476899,3.625,1,28
2021020659,2022-01-13,LAK,8471734,2.922,2,29
2021020659,2022-01-13,PIT,8477465,5.307,6,45
2021020660,2022-01-13,SJS,8478499,2.118,2,30
2021020660,2022-01-13,NYR,8478048,2.533,0,37
2021020661,2022-01-14,FLA,8475683,2.773,1,30
2021020661,2022-01-14,DAL,8471418,1.772,3,22
2021020661,2022-01-14,DAL,8479979,1.630,4,17
2021020662,2022-01-14,MIN,8478039,2.530,3,42
2021020662,2022-01-14,ANA,8476932,1.925,6,29
2021020662,2022-01-14,ANA,8480843,0.674,1,13
2021020663,2022-01-14,COL,8480925,1.910,3,26
2021020663,2022-01-14,ARI,8481031,3.878,3,47
2021020635,2022-01-15,EDM,8479973,2.399,5,25
2021020635,2022-01-15,OTT,8476899,3.558,4,37
2021020665,2022-01-15,BOS,8476999,2.248,3,29
2021020665,2022-01-15,NSH,8477424,3.565,4,44
2021020667,2022-01-15,DET,8477968,1.836,0,22
2021020667,2022-01-15,BUF,8477180,3.752,4,39
2021020668,2022-01-15,TBL,8476883,1.872,1,20
2021020668,2022-01-15,DAL,8471418,2.991,2,28
2021020669,2022-01-15,FLA,8475683,1.861,2,30
2021020669,2022-01-15,CBJ,8476914,3.330,5,36
2021020669,2022-01-15,CBJ,8478007,1.542,4,15
2021020670,2022-01-15,NYI,8473575,2.990,1,35
2021020670,2022-01-15,WSH,8477970,2.873,0,23
2021020671,2022-01-15,PHI,8479394,1.599,3,27
2021020671,2022-01-15,NYR,8478048,1.844,2,28
2021020672,2022-01-15,CAR,8475883,2.960,1,31
2021020672,2022-01-15,VAN,8477967,3.171,4,33
2021020673,2022-01-15,CHI,8470594,4.233,0,37
2021020673,2022-01-15,ANA,8480843,3.436,2,35
2021020674,2022-01-15,STL,8476412,3.036,6,40
2021020674,2022-01-15,TOR,8475789,2.247,5,25
2021020677,2022-01-15,ARI,8478872,2.806,5,32
2021020677,2022-01-15,COL,8475311,1.805,0,20
2021020678,2022-01-15,SJS,8478499,2.318,2,27
2021020678,2022-01-15,PIT,8475839,4.126,1,41
2021020679,2022-01-15,SEA,8476904,1.601,2,21
2021020679,2022-01-15,LAK,8477361,1.904,1,18
2021020680,2022-01-16,WSH,8478492,2.893,3,31
2021020680,2022-01-16,VAN,8477967,3.469,2,33
2021020682,2022-01-17,BUF,8477180,3.268,3,35
2021020682,2022-01-17,DET,8477968,2.748,2,28
2021020684,2022-01-17,NYI,8478009,2.635,1,27
2021020684,2022-01-17,PHI,8474889,3.018,3,30
2021020685,2022-01-17,STL,8478024,3.967,3,35
2021020685,2022-01-17,NSH,8477424,2.285,5,29
2021020686,2022-01-17,COL,8475311,1.318,1,13
2021020686,2022-01-17,COL,8480925,2.078,2,27
2021020686,2022-01-17,MIN,8478039,3.367,3,38
2021020687,2022-01-17,ARI,8478872,2.042,2,26
2021020687,2022-01-17,MTL,8478470,0.991,0,6
2021020687,2022-01-17,MTL,8480051,1.967,4,16
2021020688,2022-01-17,VGK,8475215,4.337,4,36
2021020688,2022-01-17,PIT,8477465,2.765,3,26
2021020689,2022-01-17,SJS,8473503,3.370,2,41
2021020689,2022-01-17,LAK,8471734,1.677,6,17
2021020690,2022-01-17,SEA,8475831,2.223,2,27
2021020690,2022-01-17,CHI,8470594,4.934,2,37
2021020340,2022-01-18,PHI,8479394,2.513,3,31
2021020340,2022-01-18,NYI,8473575,2.780,3,34
2021020691,2022-01-18,BOS,8471695,1.425,5,12
2021020691,2022-01-18,BOS,8476999,1.650,2,22
2021020691,2022-01-18,CAR,8475883,2.423,1,32
2021020692,2022-01-18,OTT,8476341,1.864,2,31
2021020692,2022-01-18,BUF,8475920,3.097,1,44
2021020695,2022-01-18,WSH,8477970,3.551,3,33
2021020695,2022-01-18,WPG,8476945,3.240,4,31
2021020696,2022-01-18,NSH,8479496,2.669,3,24
2021020696,2022-01-18,VAN,8477967,2.879,1,32
2021020697,2022-01-18,DAL,8474651,0.269,0,3
2021020697,2022-01-18,DAL,8479979,1.691,5,19
2021020697,2022-01-18,MTL,8478470,6.483,3,51
2021020698,2022-01-18,CGY,8474593,3.267,1,29
2021020698,2022-01-18,FLA,8481519,2.589,5,31
2021020700,2022-01-18,LAK,8477361,2.479,5,24
2021020700,2022-01-18,TBL,8476883,3.177,4,36
2021020701,2022-01-19,NJD,8478406,2.100,4,17
2021020701,2022-01-19,ARI,8478872,3.328,1,36
2021020702,2022-01-19,NYR,8478048,4.085,3,38
2021020702,2022-01-19,TOR,8475789,2.109,5,26
2021020703,2022-01-19,ANA,8476434,3.006,1,27
2021020703,2022-01-19,COL,8480925,2.715,0,34
2021020704,2022-01-20,BOS,8476999,1.556,3,17
2021020704,2022-01-20,WSH,8477970,3.021,4,34
2021020705,2022-01-20,BUF,8477180,4.590,5,47
2021020705,2022-01-20,DAL,8474651,2.345,4,24
2021020706,2022-01-20,PHI,8479394,2.203,2,29
2021020706,2022-01-20,CBJ,8478007,3.155,1,34
2021020707,2022-01-20,PIT,8477465,3.678,4,43
2021020707,2022-01-20,OTT,8476341,0.751,2,7
2021020707,2022-01-20,OTT,8479406,2.161,3,26
2021020708,2022-01-20,NSH,8477424,3.214,2,38
2021020708,2022-01-20,WPG,8476945,1.631,4,22
2021020709,2022-01-20,EDM,8475156,2.937,6,28
2021020709,2022-01-20,FLA,8475683,3.669,0,40
2021020710,2022-01-20,VGK,8475215,3.095,3,27
2021020710,2022-01-20,MTL,8478470,4.933,4,53
2021020711,2022-01-20,LAK,8471734,1.803,3,26
2021020711,2022-01-20,COL,8475311,4.242,1,41
2021020712,2022-01-20,SEA,8475831,2.744,2,25
2021020712,2022-01-20,SJS,8478499,1.743,3,17
2021020713,2022-01-21,DET,8477968,2.482,5,32
2021020713,2022-01-21,DAL,8474651,2.123,4,28
2021020714,2022-01-21,NYI,8478009,1.266,0,17
2021020714,2022-01-21,ARI,8475809,3.006,4,35
2021020715,2022-01-21,CAR,8475883,2.685,3,23
2021020715,2022-01-21,NYR,8480382,4.729,6,35
2021020716,2022-01-21,CBJ,8476914,4.116,4,30
2021020716,2022-01-21,PIT,8477465,1.397,0,15
2021020716,2022-01-21,PIT,8479193,1.411,2,12
2021020717,2022-01-21,CHI,8470594,1.097,4,13
2021020717,2022-01-21,CHI,8480947,1.635,1,17
2021020717,2022-01-21,MIN,8478039,1.899,1,36
2021020718,2022-01-21,VAN,8477484,2.853,1,34
2021020718,2022-01-21,FLA,8481519,2.284,1,28
2021020719,2022-01-21,ANA,8476434,4.770,1,33
2021020719,2022-01-21,TBL,8476883,2.930,4,34
2021020720,2022-01-21,SEA,8478916,2.898,5,31
2021020720,2022-01-21,STL,8478024,1.565,0,27
2021020721,2022-01-22,BOS,8471695,1.617,2,24
2021020721,2022-01-22,WPG,8476945,2.447,3,32
2021020722,2022-01-22,BUF,8475920,2.483,3,33
2021020722,2022-01-22,PHI,8474889,0.887,4,8
2021020722,2022-01-22,PHI,8479394,1.583,2,16
2021020724,2022-01-22,NJD,8476903,2.269,4,32
2021020724,2022-01-22,CAR,8479581,3.405,7,38
2021020725,2022-01-22,NYR,8478048,3.011,3,29
2021020725,2022-01-22,ARI,8475809,0.597,1,7
2021020725,2022-01-22,ARI,8478872,1.847,6,20
2021020726,2022-01-22,WSH,8477970,2.104,2,22
2021020726,2022-01-22,OTT,8476899,3.596,3,33
2021020727,2022-01-22,NSH,8477424,2.363,1,29
2021020727,2022-01-22,DET,8477968,2.293,3,24
2021020728,2022-01-22,MIN,8478039,2.496,3,36
2021020728,2022-01-22,CHI,8480947,3.530,4,44
2021020729,2022-01-22,COL,8475311,2.669,2,30
2021020729,2022-01-22,MTL,8480051,3.563,3,46
2021020730,2022-01-22,EDM,8475156,3.941,3,47
2021020730,2022-01-22,CGY,8474593,2.291,4,30
2021020731,2022-01-22,SJS,8473503,1.443,4,13
2021020731,2022-01-22,SJS,8478499,2.322,3,18
2021020731,2022-01-22,TBL,8470880,2.388,1,28
2021021211,2022-01-22,NYI,8473575,2.135,3,23
2021021211,2022-01-22,TOR,8475852,2.464,1,28
2021020732,2022-01-23,NJD,8476903,2.917,3,37
2021020732,2022-01-23,LAK,8477361,2.568,2,25
2021020733,2022-01-23,PIT,8477465,3.680,2,29
2021020733,2022-01-23,WPG,8476945,3.804,2,38
2021020734,2022-01-23,CBJ,8478007,3.206,2,33
2021020734,2022-01-23,OTT,8476341,3.543,1,36
2021020735,2022-01-23,VAN,8480022,1.792,3,17
2021020735,2022-01-23,STL,8478024,4.342,1,39
2021020736,2022-01-23,SEA,8475831,3.659,3,31
2021020736,2022-01-23,FLA,8475683,3.353,4,28
2021020737,2022-01-24,BOS,8471695,2.321,5,27
2021020737,2022-01-24,ANA,8476434,2.388,3,26
2021020738,2022-01-24,NYR,8478048,2.582,2,36
2021020738,2022-01-24,LAK,8471734,4.110,2,30
2021020739,2022-01-24,PHI,8479394,2.689,2,35
2021020739,2022-01-24,DAL,8479979,2.476,1,28
2021020740,2022-01-24,WSH,8477970,3.146,1,29
2021020740,2022-01-24,VGK,8475215,3.502,0,34
2021020741,2022-01-24,MIN,8475660,0.695,1,15
2021020741,2022-01-24,MIN,8478039,0.420,1,6
2021020741,2022-01-24,MTL,8478933,1.066,3,7
2021020741,2022-01-24,MTL,8480051,2.684,5,32
2021020742,2022-01-24,COL,8480925,2.394,0,24
2021020742,2022-01-24,CHI,8470594,2.403,2,29
2021020743,2022-01-24,CGY,8474593,2.407,1,21
2021020743,2022-01-24,STL,8476412,3.295,7,35
2021020743,2022-01-24,STL,8478024,1.798,0,13
2021020744,2022-01-25,OTT,8476899,2.000,0,32
2021020744,2022-01-25,BUF,8477180,4.049,5,48
2021020745,2022-01-25,NJD,8476903,2.100,1,24
2021020745,2022-01-25,NJD,8481033,0.593,3,7
2021020745,2022-01-25,DAL,8474651,3.705,1,37
2021020746,2022-01-25,NYI,8478009,1.274,3,17
2021020746,2022-01-25,PHI,8474889,3.492,4,33
2021020747,2022-01-25,PIT,8477465,1.357,3,16
2021020747,2022-01-25,ARI,8478872,2.609,6,36
2021020748,2022-01-25,CAR,8475883,2.618,3,29
2021020748,2022-01-25,VGK,8476316,4.117,4,30
2021020749,2022-01-25,WPG,8476945,3.599,5,32
2021020749,2022-01-25,FLA,8475683,3.298,3,35
2021020750,2022-01-25,VAN,8477484,5.230,3,50
2021020750,2022-01-25,EDM,8475156,2.085,2,27
2021020751,2022-01-25,SEA,8475831,2.624,4,27
2021020751,2022-01-25,NSH,8477424,2.933,2,35
2021020752,2022-01-26,TOR,8475789,1.648,3,21
2021020752,2022-01-26,ANA,8476434,5.104,3,44
2021020753,2022-01-26,DET,8475717,1.359,3,21
2021020753,2022-01-26,DET,8477968,1.405,4,16
2021020753,2022-01-26,CHI,8470594,2.288,5,33
2021020754,2022-01-26,WSH,8478492,2.808,3,29
2021020754,2022-01-26,SJS,8473503,3.748,1,33
2021020755,2022-01-26,CBJ,8478007,4.706,6,62
2021020755,2022-01-26,CGY,8474593,1.817,0,23
2021020756,2022-01-26,COL,8475311,2.510,3,32
2021020756,2022-01-26,BOS,8476999,3.730,4,41
2021020757,2022-01-27,MTL,8478470,1.138,2,15
2021020757,2022-01-27,MTL,8480051,0.941,3,9
2021020757,2022-01-27,ANA,8476932,3.027,4,40
2021020758,2022-01-27,OTT,8476899,4.110,2,29
2021020758,2022-01-27,CAR,8475883,3.009,2,39
2021020759,2022-01-27,TBL,8476883,2.499,2,33
2021020759,2022-01-27,NJD,8476903,3.452,3,35
2021020760,2022-01-27,FLA,8481519,2.007,1,25
2021020760,2022-01-27,VGK,8475215,2.610,2,30
2021020761,2022-01-27,NYI,8473575,3.453,2,29
2021020761,2022-01-27,LAK,8477361,3.375,2,25
2021020762,2022-01-27,PIT,8477465,2.443,2,29
2021020762,2022-01-27,SEA,8475831,2.383,1,24
2021020763,2022-01-27,CBJ,8476914,3.356,3,36
2021020763,2022-01-27,NYR,8480382,1.493,4,18
2021020764,2022-01-27,STL,8478024,3.216,1,29
2021020764,2022-01-27,CGY,8474593,2.060,5,28
2021020765,2022-01-27,WPG,8476945,3.004,5,33
2021020765,2022-01-27,VAN,8477484,3.265,1,34
2021020766,2022-01-27,EDM,8475156,2.769,2,30
2021020766,2022-01-27,NSH,8477424,5.087,2,46
2021020767,2022-01-28,NYR,8478048,3.192,3,34
2021020767,2022-01-28,MIN,8475660,2.431,2,27
2021020768,2022-01-28,PIT,8479193,3.324,2,32
2021020768,2022-01-28,DET,8475717,2.698,2,38
2021020769,2022-01-28,CHI,8470594,1.727,4,25
2021020769,2022-01-28,COL,8480925,2.739,4,43
2021020770,2022-01-28,DAL,8474651,2.300,5,27
2021020770,2022-01-28,DAL,8479979,0.338,0,2
2021020770,2022-01-28,WSH,8477970,2.607,0,29
2021020771,2022-01-28,ARI,8475809,2.452,2,37
2021020771,2022-01-28,BOS,8476999,2.714,1,31
2021020772,2022-01-29,MTL,8478470,1.429,6,16
2021020772,2022-01-29,MTL,8480051,0.937,1,8
2021020772,2022-01-29,EDM,8479973,2.031,2,23
2021020773,2022-01-29,OTT,8476341,1.932,2,20
2021020773,2022-01-29,ANA,8476434,3.838,1,45
2021020774,2022-01-29,DET,8477968,3.486,5,35
2021020774,2022-01-29,TOR,8475852,3.378,4,35
2021020775,2022-01-29,TBL,8476883,2.614,2,27
2021020775,2022-01-29,VGK,8475215,4.412,2,29
2021020776,2022-01-29,FLA,8475683,3.219,4,34
2021020776,2022-01-29,SJS,8473503,6.409,5,50
2021020778,2022-01-29,PHI,8479394,3.673,3,40
2021020778,2022-01-29,LAK,8471734,3.920,4,36
2021020779,2022-01-29,CAR,8477293,3.263,1,25
2021020779,2022-01-29,NJD,8476903,3.368,2,23
2021020780,2022-01-29,STL,8478024,2.581,3,23
2021020780,2022-01-29,WPG,8477480,2.610,1,29
2021020781,2022-01-29,CGY,8474593,1.233,0,15
2021020781,2022-01-29,VAN,8477967,2.958,1,32
2021020782,2022-01-29,ARI,8478872,3.481,3,35
2021020782,2022-01-29,BUF,8467950,3.946,1,28
2021020783,2022-01-30,MTL,8478470,0.324,3,7
2021020783,2022-01-30,MTL,8480051,2.655,2,28
2021020783,2022-01-30,CBJ,8476914,2.511,3,35
2021020784,2022-01-30,NYI,8478009,2.330,4,21
2021020784,2022-01-30,MIN,8478039,5.037,3,43
2021020785,2022-01-30,NYR,8478048,2.764,2,42
2021020785,2022-01-30,SEA,8475831,2.310,3,24
2021020786,2022-01-30,PIT,8477465,2.527,4,38
2021020786,2022-01-30,LAK,8477361,3.155,3,26
2021020787,2022-01-30,CAR,8475883,2.298,1,28
2021020787,2022-01-30,SJS,8473503,2.956,2,29
2021020789,2022-01-30,DAL,8479979,1.716,1,26
2021020789,2022-01-30,BOS,8476999,1.034,4,15
2021020789,2022-01-30,BOS,8480280,1.625,2,14
2021020790,2022-01-30,COL,8475311,2.775,1,31
2021020790,2022-01-30,BUF,8474682,3.152,3,35
2021020683,2022-01-31,TOR,8475789,0.789,3,9
2021020683,2022-01-31,TOR,8475852,1.551,1,20
2021020683,2022-01-31,NJD,8481033,2.632,5,32
2021020791,2022-01-31,OTT,8476899,3.624,2,39
2021020791,2022-01-31,EDM,8475156,2.923,3,31
2021020792,2022-01-31,DET,8477968,1.682,1,15
2021020792,2022-01-31,ANA,8476434,3.175,2,28
2021020793,2022-01-31,CBJ,8476914,1.147,1,15
2021020793,2022-01-31,CBJ,8478007,2.484,7,25
2021020793,2022-01-31,FLA,8475683,2.940,4,36
2021020794,2022-01-31,CHI,8470594,1.788,2,31
2021020794,2022-01-31,VAN,8470860,1.393,1,21
2021020795,2022-02-01,BOS,8476999,3.073,2,27
2021020795,2022-02-01,SEA,8476904,2.259,3,26
2021020797,2022-02-01,TBL,8476883,2.278,2,21
2021020797,2022-02-01,SJS,8473503,3.624,3,32
2021020798,2022-02-01,NJD,8476903,3.286,6,28
2021020798,2022-02-01,NJD,8481033,0.423,1,8
2021020798,2022-02-01,TOR,8475789,3.424,1,32
2021020799,2022-02-01,NYI,8478009,2.247,1,27
2021020799,2022-02-01,OTT,8476341,2.822,4,30
2021020800,2022-02-01,NYR,8478048,3.357,2,36
2021020800,2022-02-01,FLA,8481519,2.894,4,34
2021020801,2022-02-01,PHI,8479394,1.875,1,33
2021020801,2022-02-01,WPG,8476945,3.251,2,35
2021020802,2022-02-01,PIT,8477465,3.457,4,32
2021020802,2022-02-01,WSH,8477970,0.436,1,2
2021020802,2022-02-01,WSH,8478492,4.245,2,45
2021020803,2022-02-01,NSH,8477424,2.163,2,32
2021020803,2022-02-01,VAN,8477967,2.795,4,28
2021020804,2022-02-01,DAL,8479979,2.802,4,40
2021020804,2022-02-01,CGY,8474593,2.541,3,23
2021020804,2022-02-01,CGY,8478435,0.495,0,5
2021020805,2022-02-01,COL,8475311,2.220,2,24
2021020805,2022-02-01,ARI,8475809,2.776,2,40
2021020806,2022-02-01,VGK,8475215,2.878,2,32
2021020806,2022-02-01,BUF,8467950,4.446,5,35
2021020777,2022-02-02,NYI,8473575,2.258,2,30
2021020777,2022-02-02,SEA,8475831,1.621,0,19
2021020807,2022-02-02,DET,8477968,3.646,3,43
2021020807,2022-02-02,LAK,8471734,2.682,3,25
2021020808,2022-02-02,WSH,8477831,1.573,1,22
2021020808,2022-02-02,WSH,8478492,0.406,3,4
2021020808,2022-02-02,EDM,8475156,2.715,3,27
2021020809,2022-02-02,CHI,8470594,2.111,5,30
2021020809,2022-02-02,CHI,8480420,0.308,0,5
2021020809,2022-02-02,MIN,8475660,2.474,0,30
2021020810,2022-02-02,ARI,8478872,4.222,4,50
2021020810,2022-02-02,CGY,8474593,2.830,2,28
2021020583,2022-02-07,TOR,8475852,2.558,3,31
2021020583,2022-02-07,CAR,8475883,3.352,4,32
2021021128,2022-02-07,OTT,8476899,3.307,1,33
2021021128,2022-02-07,NJD,8482076,2.332,4,24
2021020487,2022-02-08,VAN,8477967,2.572,1,36
2021020487,2022-02-08,ARI,8478872,2.499,5,29
2021020510,2022-02-08,OTT,8476341,2.964,3,45
2021020510,2022-02-08,CAR,8477293,2.440,4,31
2021020523,2022-02-08,BOS,8480280,1.970,3,24
2021020523,2022-02-08,PIT,8477465,2.985,2,45
2021020531,2022-02-08,WPG,8476945,1.903,0,27
2021020531,2022-02-08,MIN,8478039,2.761,1,28
2021020664,2022-02-08,EDM,8469608,2.975,4,28
2021020664,2022-02-08,VGK,8476316,3.086,0,28
2021020666,2022-02-08,MTL,8480051,2.896,7,34
2021020666,2022-02-08,NJD,8476903,2.109,1,31
2021021293,2022-02-08,WSH,8477831,1.920,4,19
2021021293,2022-02-08,WSH,8478492,0.635,1,7
2021021293,2022-02-08,CBJ,8478007,2.939,4,33
2021020503,2022-02-09,SEA,8475831,2.815,3,25
2021020503,2022-02-09,ARI,8478872,2.327,2,36
2021020530,2022-02-09,DAL,8479979,2.355,3,23
2021020530,2022-02-09,NSH,8477424,3.726,4,27
2021020598,2022-02-09,VAN,8470860,1.024,5,12
2021020598,2022-02-09,VAN,8477967,1.186,1,15
2021020598,2022-02-09,NYI,8478009,3.124,3,37
2021020676,2022-02-09,CGY,8474593,2.634,0,28
2021020676,2022-02-09,VGK,8475215,3.438,6,33
2021020694,2022-02-09,PHI,8479394,3.365,5,33
2021020694,2022-02-09,DET,8477968,1.952,3,24
2021020699,2022-02-09,EDM,8469608,2.892,4,30
2021020699,2022-02-09,CHI,8470594,4.530,1,41
2021020462,2022-02-10,CGY,8474593,2.599,2,48
2021020462,2022-02-10,TOR,8475789,2.116,5,26
2021020477,2022-02-10,COL,8475311,3.850,2,38
2021020477,2022-02-10,TBL,8476883,2.782,3,47
2021020489,2022-02-10,BUF,8474682,1.950,4,34
2021020489,2022-02-10,CBJ,8478007,2.207,3,27
2021020494,2022-02-10,BOS,8476999,3.466,6,43
2021020494,2022-02-10,CAR,8475883,2.534,0,34
2021020529,2022-02-10,STL,8476412,2.036,5,27
2021020529,2022-02-10,NJD,8476903,2.443,4,31
2021020559,2022-02-10,OTT,8476899,2.843,1,43
2021020559,2022-02-10,PIT,8479193,2.151,0,26
2021020587,2022-02-10,MTL,8478470,0.810,0,8
2021020587,2022-02-10,MTL,8480051,0.890,4,14
2021020587,2022-02-10,WSH,8478492,3.211,2,44
2021020506,2022-02-11,DAL,8479979,2.823,3,34
2021020506,2022-02-11,WPG,8476945,4.323,4,35
2021020519,2022-02-11,ARI,8478872,3.039,4,32
2021020519,2022-02-11,TBL,8470880,1.456,3,19
2021020623,2022-02-11,EDM,8469608,3.657,1,38
2021020623,2022-02-11,NYI,8478009,3.156,3,36
2021021033,2022-02-11,ANA,8476434,2.500,4,27
2021021033,2022-02-11,SEA,8476904,3.090,3,27
2021020445,2022-02-12,MIN,8475660,1.793,2,39
2021020445,2022-02-12,CAR,8475883,2.822,3,27
2021020479,2022-02-12,VAN,8477967,5.063,2,53
2021020479,2022-02-12,TOR,8475852,2.119,3,24
2021020499,2022-02-12,NSH,8477424,3.761,4,42
2021020499,2022-02-12,WPG,8476945,2.372,2,36
2021020543,2022-02-12,OTT,8476899,2.773,2,37
2021020543,2022-02-12,BOS,8480280,2.672,0,30
2021020630,2022-02-12,MTL,8478470,3.958,2,42
2021020630,2022-02-12,CBJ,8478007,2.618,1,31
2021020642,2022-02-12,CGY,8474593,2.472,2,21
2021020642,2022-02-12,NYI,8478009,2.611,5,29
2021020788,2022-02-12,STL,8478024,1.639,1,16
2021020788,2022-02-12,CHI,8470594,2.925,5,31
2021020811,2022-02-12,DET,8471306,4.089,2,34
2021020811,2022-02-12,PHI,8479394,2.459,3,23
2021020526,2022-02-13,WSH,8478492,2.581,4,26
2021020526,2022-02-13,OTT,8476341,2.971,1,34
2021020563,2022-02-13,DAL,8474651,2.107,3,29
2021020563,2022-02-13,COL,8475311,2.113,0,23
2021020614,2022-02-13,MTL,8478470,3.254,5,32
2021020614,2022-02-13,BUF,8467950,2.825,3,32
2021020817,2022-02-13,NJD,8476903,3.347,3,34
2021020817,2022-02-13,PIT,8477465,3.296,2,30
2021020488,2022-02-14,SEA,8475831,1.046,3,11
2021020488,2022-02-14,SEA,8476904,1.068,3,14
2021020488,2022-02-14,TOR,8475789,2.161,2,25
2021020517,2022-02-14,MIN,8478039,2.752,4,34
2021020517,2022-02-14,DET,8477968,1.745,6,24
2021020522,2022-02-14,SJS,8473503,3.918,3,39
2021020522,2022-02-14,SJS,8479313,0.098,0,2
2021020522,2022-02-14,EDM,8479973,2.010,0,20
2021020548,2022-02-14,WPG,8476945,2.042,2,23
2021020548,2022-02-14,CHI,8470594,3.576,1,32
2021020478,2022-02-15,CGY,8478435,1.974,2,20
2021020478,2022-02-15,CBJ,8478007,3.890,6,42
2021020495,2022-02-15,OTT,8476341,0.342,0,4
2021020495,2022-02-15,OTT,8476899,3.338,4,31
2021020495,2022-02-15,STL,8478024,1.315,2,20
2021020507,2022-02-15,LAK,8477361,2.540,3,27
2021020507,2022-02-15,EDM,8469608,2.876,2,32
2021020514,2022-02-15,PIT,8479193,2.120,4,27
2021020514,2022-02-15,PHI,8479394,2.962,5,34
2021020524,2022-02-15,BUF,8474682,2.596,3,33
2021020524,2022-02-15,NYI,8478009,2.760,4,39
2021020549,2022-02-15,COL,8480925,2.093,3,19
2021020549,2022-02-15,DAL,8479979,4.252,1,47
2021020631,2022-02-15,NJD,8476903,2.665,6,30
2021020631,2022-02-15,NJD,8482076,0.302,0,2
2021020631,2022-02-15,TBL,8476883,3.684,3,25
2021021095,2022-02-15,NSH,8477424,2.462,3,27
2021021095,2022-02-15,WSH,8478492,2.741,1,34
2021021263,2022-02-15,NYR,8478048,2.806,1,32
2021021263,2022-02-15,BOS,8480280,3.048,1,34
2021020500,2022-02-16,CGY,8474593,2.638,2,28
2021020500,2022-02-16,ANA,8476434,1.559,4,20
2021020500,2022-02-16,ANA,8476932,2.333,1,22
2021020527,2022-02-16,CAR,8475883,3.200,3,31
2021020527,2022-02-16,FLA,8475683,2.294,2,18
2021020535,2022-02-16,VGK,8476316,2.378,2,25
2021020535,2022-02-16,COL,8475311,2.650,0,29
2021020633,2022-02-16,WPG,8476945,3.064,3,36
2021020633,2022-02-16,MIN,8475660,3.476,5,30
2021020493,2022-02-17,EDM,8469608,2.686,3,30
2021020493,2022-02-17,ANA,8476434,3.406,7,41
2021020496,2022-02-17,PHI,8474889,2.484,4,24
2021020496,2022-02-17,WSH,8478492,2.922,3,33
2021020502,2022-02-17,SJS,8473503,3.112,5,27
2021020502,2022-02-17,VAN,8477967,2.572,4,28
2021020525,2022-02-17,NYR,8478048,2.632,2,33
2021020525,2022-02-17,DET,8471306,3.508,2,39
2021020538,2022-02-17,CHI,8482821,2.729,6,36
2021020538,2022-02-17,CBJ,8478007,2.778,4,32
2021020542,2022-02-17,TOR,8475789,3.671,1,46
2021020542,2022-02-17,PIT,8477465,2.451,4,29
2021020621,2022-02-17,WPG,8477480,2.291,3,23
2021020621,2022-02-17,SEA,8475831,2.954,4,28
2021020796,2022-02-17,MTL,8478470,2.616,2,27
2021020796,2022-02-17,STL,8478024,2.689,3,30
2021021006,2022-02-17,NYI,8478009,2.391,1,27
2021021006,2022-02-17,BOS,8476999,2.186,3,28
2021021228,2022-02-17,BUF,8467950,2.633,2,27
2021021228,2022-02-17,OTT,8476341,1.932,1,24
2021020476,2022-02-18,MIN,8475660,2.157,4,34
2021020476,2022-02-18,FLA,8475683,1.863,2,26
2021020485,2022-02-18,CAR,8475883,2.964,3,31
2021020485,2022-02-18,NSH,8477424,3.096,4,29
2021020516,2022-02-18,CHI,8470594,2.231,0,29
2021020516,2022-02-18,DAL,8479979,2.607,0,34
2021020521,2022-02-18,VGK,8476316,4.002,4,31
2021020521,2022-02-18,LAK,8471734,2.262,3,24
2021020481,2022-02-19,OTT,8476341,2.692,3,33
2021020481,2022-02-19,BOS,8480280,2.720,2,31
2021020504,2022-02-19,BUF,8474682,3.541,4,35
2021020504,2022-02-19,COL,8475311,2.772,3,32
2021020509,2022-02-19,TOR,8475789,2.065,5,33
2021020509,2022-02-19,STL,8478024,2.812,3,37
2021020518,2022-02-19,CGY,8474593,1.673,1,23
2021020518,2022-02-19,SEA,8475831,2.610,2,37
2021020520,2022-02-19,VAN,8470860,1.405,2,11
2021020520,2022-02-19,VAN,8477967,1.397,5,14
2021020520,2022-02-19,ANA,8476434,1.683,4,20
2021020533,2022-02-19,ARI,8478872,3.249,5,39
2021020533,2022-02-19,LAK,8477361,1.866,3,23
2021020681,2022-02-19,WPG,8476945,3.789,3,39
2021020681,2022-02-19,EDM,8475156,2.812,2,24
2021020263,2022-02-20,OTT,8479406,2.388,2,33
2021020263,2022-02-20,NYR,8478048,2.514,1,30
2021020491,2022-02-20,NYI,8478009,2.047,2,27
2021020491,2022-02-20,MTL,8477202,3.000,2,32
2021020498,2022-02-20,CHI,8470594,1.801,3,23
2021020498,2022-02-20,FLA,8475683,1.715,2,24
2021020515,2022-02-20,CBJ,8475234,3.006,3,36
2021020515,2022-02-20,BUF,8467950,2.996,6,38
2021020581,2022-02-20,ARI,8475809,3.615,1,33
2021020581,2022-02-20,DAL,8479979,1.757,2,26
2021020648,2022-02-20,EDM,8469608,0.681,4,7
2021020648,2022-02-20,EDM,8475156,1.692,3,15
2021020648,2022-02-20,MIN,8478039,3.965,3,33
2021021161,2022-02-20,SJS,8473503,2.609,3,34
2021021161,2022-02-20,VGK,8480313,2.678,1,36
2021021304,2022-02-20,PIT,8477465,2.948,4,30
2021021304,2022-02-20,CAR,8477293,2.910,3,34
2021020508,2022-02-21,BOS,8480280,1.764,1,29
2021020508,2022-02-21,COL,8475311,4.731,5,45
2021020534,2022-02-21,VAN,8477967,2.142,2,27
2021020534,2022-02-21,SEA,8476904,4.039,4,45
2021020564,2022-02-21,CGY,8474593,1.813,1,23
2021020564,2022-02-21,WPG,8476945,2.571,2,30
2021020601,2022-02-21,MTL,8478470,3.004,2,37
2021020601,2022-02-21,TOR,8475852,2.523,5,24
2021020639,2022-02-21,PHI,8474889,3.292,4,31
2021020639,2022-02-21,CAR,8475883,3.827,3,41
2021020511,2022-02-22,FLA,8475683,2.478,5,32
2021020511,2022-02-22,NSH,8479496,3.846,4,48
2021020528,2022-02-22,CBJ,8475234,2.899,3,42
2021020528,2022-02-22,TOR,8475789,1.990,4,30
2021020536,2022-02-22,ANA,8476932,3.453,3,43
2021020536,2022-02-22,SJS,8473503,2.855,3,29
2021020584,2022-02-22,OTT,8476341,3.582,3,43
2021020584,2022-02-22,MIN,8475660,2.942,4,34
2021020595,2022-02-22,SEA,8475831,2.631,4,35
2021020595,2022-02-22,NYI,8478009,2.416,2,25
2021020848,2022-02-22,PHI,8474889,3.275,2,24
2021020848,2022-02-22,STL,8476412,2.327,1,26
2021020490,2022-02-23,DET,8471306,2.734,4,30
2021020490,2022-02-23,COL,8480925,3.659,2,34
2021020812,2022-02-23,TBL,8476883,3.403,3,30
2021020812,2022-02-23,EDM,8469608,2.469,4,22
2021020813,2022-02-23,DAL,8479979,2.235,2,22
2021020813,2022-02-23,WPG,8476945,3.710,3,39
2021020814,2022-02-23,ARI,8475809,2.534,3,35
2021020814,2022-02-23,LAK,8477361,1.397,2,19
2021021273,2022-02-23,MTL,8478470,2.361,0,32
2021021273,2022-02-23,BUF,8467950,2.714,3,28
2021020497,2022-02-24,PIT,8477465,1.386,5,19
2021020497,2022-02-24,PIT,8479193,1.246,1,17
2021020497,2022-02-24,NJD,8482076,3.018,1,38
2021020815,2022-02-24,TOR,8475852,2.272,1,30
2021020815,2022-02-24,MIN,8478039,1.514,2,24
2021020816,2022-02-24,FLA,8477992,2.131,5,27
2021020816,2022-02-24,CBJ,8475234,3.693,3,42
2021020818,2022-02-24,NYR,8478048,2.951,1,37
2021020818,2022-02-24,WSH,8478492,2.028,4,21
2021020819,2022-02-24,NSH,8477424,3.277,1,28
2021020819,2022-02-24,DAL,8479979,1.760,1,20
2021020820,2022-02-24,VAN,8477967,2.956,1,30
2021020820,2022-02-24,CGY,8474593,1.851,3,21
2021020820,2022-02-24,CGY,8478435,1.939,4,17
2021020821,2022-02-24,SJS,8473503,3.262,3,47
2021020821,2022-02-24,NYI,8478009,2.014,3,28
2021020822,2022-02-24,SEA,8475831,2.969,3,39
2021020822,2022-02-24,BOS,8476999,1.943,2,27
2021020823,2022-02-25,CAR,8475883,2.040,0,19
2021020823,2022-02-25,CBJ,8475234,4.707,4,50
2021020824,2022-02-25,CHI,8480947,2.759,5,36
2021020824,2022-02-25,NJD,8476903,2.930,6,35
2021020825,2022-02-25,STL,8478024,3.062,3,38
2021020825,2022-02-25,BUF,8474682,2.472,4,22
2021020826,2022-02-25,COL,8480925,1.967,3,29
2021020826,2022-02-25,WPG,8476945,3.384,6,42
2021020827,2022-02-25,ARI,8475809,4.197,1,44
2021020827,2022-02-25,VGK,8476316,2.558,2,31
2021020828,2022-02-25,ANA,8476434,1.538,4,20
2021020828,2022-02-25,ANA,8476932,1.176,0,12
2021020828,2022-02-25,LAK,8471734,2.526,1,25
2021020830,2022-02-26,OTT,8476899,3.761,2,32
2021020830,2022-02-26,MTL,8477202,3.096,1,27
2021020831,2022-02-26,FLA,8475683,1.934,4,22
2021020831,2022-02-26,EDM,8475156,4.928,3,47
2021020832,2022-02-26,PHI,8479394,2.344,1,28
2021020832,2022-02-26,WSH,8478492,1.654,2,22
2021020833,2022-02-26,PIT,8477465,2.574,0,27
2021020833,2022-02-26,NYR,8478048,2.494,1,26
2021020834,2022-02-26,NSH,8477424,2.878,3,33
2021020834,2022-02-26,TBL,8476883,2.852,2,28
2021020835,2022-02-26,CGY,8474593,2.119,3,25
2021020835,2022-02-26,MIN,8478039,3.467,5,33
2021020836,2022-02-26,VGK,8476316,1.470,3,21
2021020836,2022-02-26,COL,8475311,2.599,2,36
2021020837,2022-02-26,LAK,8477361,3.133,2,28
2021020837,2022-02-26,NYI,8473575,4.158,4,35
2021020838,2022-02-26,SJS,8473503,2.304,3,37
2021020838,2022-02-26,BOS,8480280,1.426,1,16
2021021275,2022-02-26,DET,8471306,0.715,4,14
2021021275,2022-02-26,DET,8477968,2.510,6,25
2021021275,2022-02-26,TOR,8475789,1.325,5,25
2021021275,2022-02-26,TOR,8475852,0.430,2,8
2021020839,2022-02-27,NYR,8480382,2.433,4,33
2021020839,2022-02-27,VAN,8477967,3.343,2,33
2021020840,2022-02-27,CAR,8475883,3.404,1,30
2021020840,2022-02-27,EDM,8469608,3.068,2,29
2021020841,2022-02-27,CBJ,8478007,3.216,3,40
2021020841,2022-02-27,PIT,8479193,3.123,2,34
2021020842,2022-02-27,CHI,8470594,3.486,4,35
2021020842,2022-02-27,STL,8476412,2.011,0,30
2021020843,2022-02-27,DAL,8479979,2.785,2,40
2021020843,2022-02-27,BUF,8467950,3.292,4,31
2021020844,2022-02-27,ARI,8475809,3.809,4,37
2021020844,2022-02-27,WPG,8477480,3.080,3,29
2021020845,2022-02-27,ANA,8476932,2.423,4,22
2021020845,2022-02-27,NYI,8478009,2.015,0,34
2021020846,2022-02-27,SJS,8473503,2.625,1,40
2021020846,2022-02-27,SEA,8475831,1.808,3,24
2021020847,2022-02-28,NJD,8482076,3.113,2,38
2021020847,2022-02-28,VAN,8470860,1.702,6,14
2021020847,2022-02-28,VAN,8477967,1.961,1,19
2021020849,2022-02-28,WSH,8477970,1.523,1,17
2021020849,2022-02-28,WSH,8478492,1.162,3,10
2021020849,2022-02-28,TOR,8475852,2.599,3,33
2021020850,2022-02-28,LAK,8471734,1.502,5,19
2021020850,2022-02-28,LAK,8477361,1.163,2,13
2021020850,2022-02-28,BOS,8480280,3.184,0,34
2021020851,2022-03-01,DET,8477968,3.076,3,30
2021020851,2022-03-01,CAR,8477293,5.012,4,41
2021020852,2022-03-01,TBL,8476883,2.477,2,27
2021020852,2022-03-01,OTT,8476899,2.334,5,22
2021020853,2022-03-01,PHI,8479394,2.772,2,31
2021020853,2022-03-01,EDM,8475156,2.990,0,39
2021020854,2022-03-01,CBJ,8478007,3.296,3,33
2021020854,2022-03-01,NJD,8482076,2.906,4,31
2021020855,2022-03-01,MIN,8475660,1.455,4,26
2021020855,2022-03-01,CGY,8474593,2.836,1,33
2021020856,2022-03-01,WPG,8476945,3.494,4,35
2021020856,2022-03-01,MTL,8477202,1.153,1,7
2021020856,2022-03-01,MTL,8478470,2.162,7,23
2021020857,2022-03-01,COL,8475311,3.022,3,31
2021020857,2022-03-01,NYI,8478009,3.558,4,42
2021020858,2022-03-01,VGK,8475215,1.106,1,17
2021020858,2022-03-01,SJS,8473503,0.976,1,11
2021020858,2022-03-01,SJS,8479313,1.562,2,20
2021020859,2022-03-01,ANA,8476434,2.179,3,34
2021020859,2022-03-01,BOS,8476999,2.500,4,28
2021020860,2022-03-02,TOR,8475852,2.058,5,31
2021020860,2022-03-02,BUF,8467950,1.929,1,30
2021020861,2022-03-02,NYR,8478048,2.681,3,32
2021020861,2022-03-02,STL,8478024,2.819,4,28
2021020862,2022-03-02,DAL,8479979,2.398,3,31
2021020862,2022-03-02,LAK,8477361,4.693,4,43
2021020863,2022-03-02,SEA,8476904,2.331,3,22
2021020863,2022-03-02,NSH,8477424,3.146,4,31
2021020864,2022-03-03,TBL,8476883,3.554,4,39
2021020864,2022-03-03,PIT,8477465,2.619,1,21
2021020865,2022-03-03,FLA,8475683,1.989,0,18
2021020865,2022-03-03,OTT,8476341,5.936,3,48
2021020866,2022-03-03,NYI,8473575,2.973,4,38
2021020866,2022-03-03,VAN,8477967,1.875,3,27
2021020867,2022-03-03,PHI,8479394,2.670,5,38
2021020867,2022-03-03,MIN,8475660,2.448,4,30
2021020868,2022-03-03,WSH,8477970,2.211,0,36
2021020868,2022-03-03,CAR,8475883,2.360,4,33
2021020869,2022-03-03,CHI,8470594,2.732,3,32
2021020869,2022-03-03,EDM,8475156,2.595,4,32
2021020870,2022-03-03,CGY,8474593,3.466,5,35
2021020870,2022-03-03,MTL,8477202,4.339,4,34
2021020871,2022-03-03,ARI,8478872,3.318,1,43
2021020871,2022-03-03,COL,8480925,2.312,2,29
2021020872,2022-03-03,VGK,8475215,2.304,4,35
2021020872,2022-03-03,BOS,8480280,2.299,2,36
2021020873,2022-03-04,BUF,8467950,1.933,4,33
2021020873,2022-03-04,MIN,8478039,3.188,4,37
2021020874,2022-03-04,TBL,8470880,1.987,1,23
2021020874,2022-03-04,DET,8477968,3.938,2,37
2021020875,2022-03-04,NYR,8478048,3.473,1,33
2021020875,2022-03-04,NJD,8482076,2.941,3,32
2021020876,2022-03-04,CAR,8477293,2.437,2,24
2021020876,2022-03-04,PIT,8479193,4.419,3,42
2021020877,2022-03-04,CBJ,8478007,2.786,4,43
2021020877,2022-03-04,LAK,8471734,1.834,3,29
2021020878,2022-03-04,WPG,8476945,3.618,4,34
2021020878,2022-03-04,DAL,8474651,5.552,3,42
2021020879,2022-03-04,ANA,8476434,2.715,5,35
2021020879,2022-03-04,VGK,8476316,2.224,4,24
2021020880,2022-03-05,TOR,8475789,2.561,5,28
2021020880,2022-03-05,VAN,8477967,4.078,4,38
2021020881,2022-03-05,FLA,8475683,2.162,2,25
2021020881,2022-03-05,DET,8471306,2.469,5,23
2021020881,2022-03-05,DET,8477968,1.323,1,16
2021020882,2022-03-05,NYI,8478009,2.475,1,31
2021020882,2022-03-05,STL,8476412,2.769,2,20
2021020883,2022-03-05,PHI,8474889,2.101,3,29
2021020883,2022-03-05,CHI,8480947,2.558,4,27
2021020884,2022-03-05,WSH,8477970,2.423,2,31
2021020884,2022-03-05,SEA,8476904,2.153,4,24
2021020885,2022-03-05,CBJ,8478007,2.489,4,32
2021020885,2022-03-05,BOS,8480280,2.215,4,24
2021020886,2022-03-05,COL,8475311,1.201,3,15
2021020886,2022-03-05,COL,8480925,1.385,1,22
2021020886,2022-03-05,CGY,8478435,2.378,3,36
2021020887,2022-03-05,EDM,8469608,3.102,4,28
2021020887,2022-03-05,MTL,8478470,2.826,2,30
2021020888,2022-03-05,ARI,8475809,3.944,5,46
2021020888,2022-03-05,OTT,8476899,3.363,8,31
2021020889,2022-03-05,SJS,8471774,2.650,6,28
2021020889,2022-03-05,SJS,8479313,0.855,2,8
2021020889,2022-03-05,NSH,8477424,2.182,0,20
2021020890,2022-03-06,BUF,8474682,2.054,1,30
2021020890,2022-03-06,LAK,8477361,1.924,0,19
2021020891,2022-03-06,NJD,8482076,1.995,2,21
2021020891,2022-03-06,STL,8478024,3.836,3,33
2021020892,2022-03-06,CAR,8477293,2.374,2,30
2021020892,2022-03-06,SEA,8475831,3.145,3,33
2021020893,2022-03-06,CHI,8470594,2.662,6,32
2021020893,2022-03-06,TBL,8476883,2.698,3,27
2021020894,2022-03-06,MIN,8475660,0.159,0,3
2021020894,2022-03-06,MIN,8478039,1.958,4,21
2021020894,2022-03-06,DAL,8479979,3.453,3,35
2021020895,2022-03-06,WPG,8476945,1.680,4,22
2021020895,2022-03-06,NYR,8478048,4.361,1,46
2021020896,2022-03-06,VGK,8475215,3.097,1,40
2021020896,2022-03-06,OTT,8476341,2.604,2,42
2021020897,2022-03-06,ANA,8476932,1.727,2,22
2021020897,2022-03-06,SJS,8479313,3.419,3,36
2021020532,2022-03-07,CGY,8474593,1.690,1,28
2021020532,2022-03-07,EDM,8475156,2.653,3,29
2021020898,2022-03-07,BOS,8476999,2.965,3,28
2021020898,2022-03-07,LAK,8477361,2.507,2,32
2021020899,2022-03-07,BUF,8467950,2.810,6,31
2021020899,2022-03-07,FLA,8481519,2.520,1,30
2021020900,2022-03-07,NYI,8473575,3.760,5,49
2021020900,2022-03-07,COL,8480925,3.086,4,36
2021020901,2022-03-07,CBJ,8478007,4.046,5,33
2021020901,2022-03-07,TOR,8475852,3.415,4,35
2021020902,2022-03-08,TOR,8475789,2.050,4,30
2021020902,2022-03-08,SEA,8475831,3.307,5,31
2021020903,2022-03-08,DET,8471306,0.260,2,3
2021020903,2022-03-08,DET,8477968,2.382,7,27
2021020903,2022-03-08,ARI,8478872,2.748,2,28
2021020904,2022-03-08,NJD,8482076,3.301,3,26
2021020904,2022-03-08,COL,8475311,4.286,4,42
2021020905,2022-03-08,PHI,8479394,5.241,1,48
2021020905,2022-03-08,VGK,8475215,1.400,2,21
2021020906,2022-03-08,PIT,8477465,2.747,4,29
2021020906,2022-03-08,FLA,8475683,2.821,3,35
2021020907,2022-03-08,CHI,8470594,1.911,3,32
2021020907,2022-03-08,ANA,8476434,1.670,5,13
2021020907,2022-03-08,ANA,8476932,1.619,3,19
2021020908,2022-03-08,STL,8476412,2.877,3,27
2021020908,2022-03-08,OTT,8476341,2.055,1,23
2021020909,2022-03-08,NSH,8477424,1.988,1,23
2021020909,2022-03-08,DAL,8479979,2.578,2,31
2021020910,2022-03-08,MIN,8475660,2.015,2,25
2021020910,2022-03-08,NYR,8480382,3.221,5,28
2021020911,2022-03-08,WPG,8476945,2.923,4,24
2021020911,2022-03-08,TBL,8476883,3.296,5,31
2021020912,2022-03-08,CGY,8478435,2.650,4,26
2021020912,2022-03-08,WSH,8477970,2.915,4,35
2021020913,2022-03-09,EDM,8475156,3.229,3,32
2021020913,2022-03-09,WSH,8478492,4.719,4,40
2021020914,2022-03-09,VAN,8477967,2.358,3,25
2021020914,2022-03-09,MTL,8478470,3.529,4,32
2021020693,2022-03-10,NYI,8478009,2.424,0,25
2021020693,2022-03-10,CBJ,8476914,5.730,6,33
2021020915,2022-03-10,BOS,8480280,1.690,3,25
2021020915,2022-03-10,CHI,8480947,3.360,4,36
2021020916,2022-03-10,BUF,8467950,2.375,1,31
2021020916,2022-03-10,VGK,8476316,2.335,2,23
2021020917,2022-03-10,TOR,8475852,0.842,4,12
2021020917,2022-03-10,TOR,8478902,0.791,1,11
2021020917,2022-03-10,ARI,8475809,3.575,4,38
2021020918,2022-03-10,OTT,8476341,2.644,3,33
2021020918,2022-03-10,SEA,8476904,2.619,4,27
2021020919,2022-03-10,DET,8477968,2.738,5,41
2021020919,2022-03-10,MIN,8475660,2.487,5,34
2021020920,2022-03-10,FLA,8475683,3.181,3,37
2021020920,2022-03-10,PHI,8479394,3.639,5,36
2021020921,2022-03-10,NJD,8482076,2.547,2,30
2021020921,2022-03-10,WPG,8477480,4.348,1,34
2021020923,2022-03-10,CAR,8477293,2.606,0,36
2021020923,2022-03-10,COL,8475311,3.405,1,36
2021020924,2022-03-10,STL,8478024,2.833,2,29
2021020924,2022-03-10,NYR,8478048,1.572,4,17
2021020924,2022-03-10,NYR,8480382,1.959,2,18
2021020925,2022-03-10,NSH,8477424,2.478,1,28
2021020925,2022-03-10,ANA,8476434,2.354,3,29
2021020926,2022-03-10,CGY,8474593,2.986,1,31
2021020926,2022-03-10,TBL,8476883,3.264,4,32
2021020927,2022-03-10,LAK,8471734,3.730,4,30
2021020927,2022-03-10,SJS,8479313,3.509,3,36
2021020928,2022-03-11,NYI,8473575,3.744,2,29
2021020928,2022-03-11,WPG,8476945,3.078,4,37
2021020929,2022-03-11,PIT,8477465,2.877,2,42
2021020929,2022-03-11,VGK,8476316,3.165,4,32
2021020930,2022-03-11,CBJ,8478007,3.585,2,38
2021020930,2022-03-11,MIN,8478039,2.223,2,28
2021020931,2022-03-11,VAN,8477967,3.356,4,34
2021020931,2022-03-11,WSH,8477970,2.045,3,26
2021020932,2022-03-12,BOS,8480280,2.357,2,29
2021020932,2022-03-12,ARI,8478872,3.603,3,40
2021020933,2022-03-12,MTL,8478470,2.585,3,35
2021020933,2022-03-12,SEA,8475831,2.759,3,33
2021020934,2022-03-12,OTT,8476341,1.961,6,28
2021020934,2022-03-12,CHI,8470594,1.638,3,23
2021020935,2022-03-12,NJD,8482076,3.000,1,34
2021020935,2022-03-12,ANA,8476932,3.970,1,40
2021020936,2022-03-12,CAR,8475883,1.919,1,29
2021020936,2022-03-12,PHI,8474889,3.825,2,35
2021020937,2022-03-12,NSH,8477424,2.850,5,33
2021020937,2022-03-12,STL,8478024,2.908,4,35
2021020938,2022-03-12,DAL,8479979,2.206,6,28
2021020938,2022-03-12,NYR,8478048,3.333,4,33
2021020939,2022-03-12,CGY,8474593,1.470,0,19
2021020939,2022-03-12,DET,8471306,3.149,3,43
2021020940,2022-03-12,EDM,8475156,3.887,1,32
2021020940,2022-03-12,TBL,8470880,5.317,3,48
2021020941,2022-03-12,SJS,8478499,2.569,0,29
2021020941,2022-03-12,LAK,8477361,2.275,5,27
2021020942,2022-03-13,BUF,8467950,3.680,2,36
2021020942,2022-03-13,TOR,8475852,2.910,4,37
2021020943,2022-03-13,NYI,8478009,4.090,3,42
2021020943,2022-03-13,ANA,8476434,2.408,4,29
2021020944,2022-03-13,PHI,8479394,2.989,4,35
2021020944,2022-03-13,MTL,8478470,3.624,3,30
2021020945,2022-03-13,PIT,8477465,3.147,2,43
2021020945,2022-03-13,CAR,8477293,1.362,2,20
2021020946,2022-03-13,CBJ,8478007,3.186,4,27
2021020946,2022-03-13,VGK,8480313,3.523,5,37
2021020947,2022-03-13,STL,8476412,3.693,4,37
2021020947,2022-03-13,WPG,8476945,2.652,3,31
2021020948,2022-03-13,MIN,8478039,2.030,4,23
2021020948,2022-03-13,NSH,8479496,1.829,2,28
2021020949,2022-03-13,COL,8475311,2.996,0,46
2021020949,2022-03-13,CGY,8478435,2.042,2,31
2021020950,2022-03-13,VAN,8477967,3.223,2,31
2021020950,2022-03-13,TBL,8476883,3.108,1,36
2021020951,2022-03-13,LAK,8471734,4.059,2,32
2021020951,2022-03-13,FLA,8481519,3.665,2,37
2021020952,2022-03-14,OTT,8479406,1.686,4,14
2021020952,2022-03-14,ARI,8475809,4.330,3,43
2021020953,2022-03-15,TOR,8478902,3.363,0,35
2021020953,2022-03-15,DAL,8479979,4.418,3,39
2021020954,2022-03-15,MTL,8478470,0.579,4,7
2021020954,2022-03-15,MTL,8480051,1.031,1,11
2021020954,2022-03-15,ARI,8478872,2.652,3,39
2021020955,2022-03-15,NYR,8480382,2.671,3,23
2021020955,2022-03-15,ANA,8476434,2.730,4,38
2021020956,2022-03-15,WSH,8477970,1.920,3,32
2021020956,2022-03-15,NYI,8473575,3.463,3,32
2021020957,2022-03-15,CHI,8470594,4.367,2,48
2021020957,2022-03-15,BOS,8476999,1.313,1,20
2021020958,2022-03-15,NSH,8477424,3.376,1,36
2021020958,2022-03-15,PIT,8479193,2.063,3,24
2021020959,2022-03-15,WPG,8476945,3.320,3,38
2021020959,2022-03-15,VGK,8476316,1.527,4,13
2021020959,2022-03-15,VGK,8480313,1.089,3,10
2021020960,2022-03-15,EDM,8475156,3.032,5,35
2021020960,2022-03-15,DET,8471306,0.403,3,6
2021020960,2022-03-15,DET,8477968,2.617,3,25
2021020961,2022-03-15,VAN,8477967,3.257,3,35
2021020961,2022-03-15,NJD,8476903,0.864,2,10
2021020961,2022-03-15,NJD,8482076,1.562,4,21
2021020962,2022-03-15,LAK,8471734,2.501,3,27
2021020962,2022-03-15,COL,8475311,2.670,0,23
2021020963,2022-03-15,SJS,8473503,3.523,3,34
2021020963,2022-03-15,FLA,8481519,2.299,2,26
2021020964,2022-03-16,OTT,8476341,3.716,3,38
2021020964,2022-03-16,CBJ,8478007,2.790,1,31
2021020965,2022-03-16,MIN,8475660,1.999,2,26
2021020965,2022-03-16,BOS,8480280,2.806,3,33
2021020966,2022-03-16,CGY,8474593,1.804,3,33
2021020966,2022-03-16,NJD,8476903,1.809,1,20
2021020966,2022-03-16,NJD,8482076,1.550,4,19
2021020967,2022-03-16,SEA,8475831,3.354,4,42
2021020967,2022-03-16,TBL,8476883,1.919,1,25
2021020328,2022-03-17,NYR,8478048,3.113,2,28
2021020328,2022-03-17,NYI,8478009,2.473,1,30
2021020968,2022-03-17,TOR,8478902,2.688,2,36
2021020968,2022-03-17,CAR,8475883,2.029,3,21
2021020969,2022-03-17,MTL,8474596,3.562,4,35
2021020969,2022-03-17,DAL,8479979,3.044,3,31
2021020970,2022-03-17,PHI,8479394,2.013,4,34
2021020970,2022-03-17,NSH,8477424,3.241,5,33
2021020971,2022-03-17,CBJ,8476914,1.140,3,9
2021020971,2022-03-17,CBJ,8478007,1.478,3,24
2021020971,2022-03-17,WSH,8477970,3.773,2,41
2021020972,2022-03-17,STL,8478024,4.463,2,45
2021020972,2022-03-17,PIT,8477465,2.533,2,25
2021020973,2022-03-17,EDM,8469608,1.818,1,28
2021020973,2022-03-17,BUF,8467950,4.144,6,36
2021020974,2022-03-17,VAN,8477967,2.814,1,35
2021020974,2022-03-17,DET,8477968,3.831,0,43
2021020975,2022-03-17,VGK,8480313,3.382,3,36
2021020975,2022-03-17,FLA,8481519,3.496,4,32
2021020976,2022-03-17,LAK,8477361,2.906,0,29
2021020976,2022-03-17,SJS,8473503,2.574,2,26
2021020977,2022-03-18,OTT,8476341,2.398,1,29
2021020977,2022-03-18,PHI,8474889,2.739,2,35
2021020978,2022-03-18,CAR,8477293,3.402,3,40
2021020978,2022-03-18,WSH,8478492,2.212,3,20
2021020979,2022-03-18,WPG,8476945,3.529,3,44
2021020979,2022-03-18,BOS,8476999,3.359,2,29
2021020980,2022-03-18,CGY,8474593,2.588,1,34
2021020980,2022-03-18,BUF,8474682,2.580,0,24
2021020981,2022-03-18,ANA,8476434,4.211,3,42
2021020981,2022-03-18,FLA,8481519,1.407,0,17
2021020982,2022-03-18,SJS,8479313,2.841,4,28
2021020982,2022-03-18,COL,8480925,3.480,3,28
2021020983,2022-03-19,MTL,8474596,3.128,1,30
2021020983,2022-03-19,OTT,8479406,2.191,5,27
2021020984,2022-03-19,TBL,8476883,1.972,2,27
2021020984,2022-03-19,NYR,8478048,1.991,1,29
2021020985,2022-03-19,NYI,8473575,3.165,2,39
2021020985,2022-03-19,DAL,8479979,1.746,3,24
2021020986,2022-03-19,CBJ,8476914,0.373,2,7
2021020986,2022-03-19,CBJ,8478007,1.733,2,21
2021020986,2022-03-19,STL,8478024,2.628,5,27
2021020987,2022-03-19,NSH,8477424,3.103,3,41
2021020987,2022-03-19,TOR,8478902,2.034,5,33
2021020988,2022-03-19,MIN,8475660,1.391,1,22
2021020988,2022-03-19,CHI,8480947,3.192,2,33
2021020989,2022-03-19,EDM,8475156,3.168,3,28
2021020989,2022-03-19,NJD,8476903,3.311,5,39
2021020990,2022-03-19,VAN,8470860,1.422,1,15
2021020990,2022-03-19,VAN,8477967,3.388,4,29
2021020990,2022-03-19,CGY,8478435,1.986,2,25
2021020991,2022-03-19,ARI,8475809,4.737,3,48
2021020991,2022-03-19,PIT,8477465,1.832,1,21
2021020992,2022-03-19,VGK,8480313,2.540,1,39
2021020992,2022-03-19,LAK,8477361,2.223,4,23
2021020993,2022-03-19,SEA,8475831,1.572,2,23
2021020993,2022-03-19,DET,8477968,3.972,3,41
2021020994,2022-03-20,PHI,8479394,2.031,1,27
2021020994,2022-03-20,NYI,8478009,2.668,2,37
2021020995,2022-03-20,WSH,8477970,2.777,3,23
2021020995,2022-03-20,DAL,8479979,3.362,2,38
2021020996,2022-03-20,CAR,8475883,2.167,1,17
2021020996,2022-03-20,NYR,8480382,5.667,0,44
2021020997,2022-03-20,CHI,8470594,2.491,5,31
2021020997,2022-03-20,WPG,8476945,4.052,4,36
2021020998,2022-03-20,VAN,8477967,2.766,3,29
2021020998,2022-03-20,BUF,8467950,2.878,2,32
2021020999,2022-03-20,SJS,8473503,2.680,2,25
2021020999,2022-03-20,ARI,8478872,2.623,3,28
2021020646,2022-03-21,MTL,8474596,4.132,3,46
2021020646,2022-03-21,BOS,8480280,2.109,2,28
2021021001,2022-03-21,MIN,8475660,2.123,0,28
2021021001,2022-03-21,VGK,8480313,2.432,2,35
2021021002,2022-03-21,COL,8475311,2.013,2,25
2021021002,2022-03-21,EDM,8469608,3.115,3,31
2021021003,2022-03-21,ANA,8476434,3.341,5,30
2021021003,2022-03-21,NSH,8477424,2.679,3,28
2021021003,2022-03-21,NSH,8479496,0.126,0,1
2021021004,2022-03-22,DET,8477968,2.174,3,33
2021021004,2022-03-22,PHI,8479394,2.446,4,29
2021021005,2022-03-22,NJD,8482076,3.110,4,35
2021021005,2022-03-22,NYR,8478048,2.405,5,24
2021021005,2022-03-22,NYR,8480382,0.815,2,7
2021021007,2022-03-22,PIT,8477465,2.379,1,27
2021021007,2022-03-22,CBJ,8476914,3.874,5,37
2021021008,2022-03-22,WSH,8477970,3.164,4,37
2021021008,2022-03-22,STL,8478024,1.853,2,21
2021021009,2022-03-22,CAR,8475883,3.086,2,29
2021021009,2022-03-22,TBL,8476883,4.242,3,41
2021021010,2022-03-22,DAL,8479979,3.456,3,25
2021021010,2022-03-22,EDM,8475156,3.103,4,27
2021021011,2022-03-22,WPG,8476945,3.995,0,42
2021021011,2022-03-22,VGK,8480313,2.512,4,26
2021021012,2022-03-22,CGY,8474593,3.490,4,38
2021021012,2022-03-22,SJS,8473503,3.574,3,31
2021021013,2022-03-22,LAK,8471734,2.711,1,25
2021021013,2022-03-22,NSH,8479496,3.239,5,34
2021021017,2022-03-22,ARI,8478872,2.892,4,39
2021021017,2022-03-22,SEA,8475831,2.682,2,26
2021021021,2022-03-22,NYI,8473575,2.266,0,24
2021021021,2022-03-22,OTT,8476341,2.425,2,26
2021021014,2022-03-23,BUF,8467950,2.422,3,26
2021021014,2022-03-23,PIT,8479193,2.816,3,33
2021021015,2022-03-23,TOR,8475852,1.807,2,22
2021021015,2022-03-23,NJD,8482076,2.984,3,31
2021021016,2022-03-23,COL,8475311,2.520,2,26
2021021016,2022-03-23,VAN,8470860,3.210,1,33
2021021018,2022-03-23,ANA,8476434,3.066,3,27
2021021018,2022-03-23,CHI,8480947,2.549,2,29
2021020545,2022-03-24,NYI,8478009,3.220,2,39
2021020545,2022-03-24,DET,8471306,1.803,3,16
2021020545,2022-03-24,DET,8477968,0.650,2,10
2021020675,2022-03-24,WPG,8476945,3.004,4,32
2021020675,2022-03-24,OTT,8476341,1.740,2,24
2021021019,2022-03-24,BOS,8480280,2.197,2,24
2021021019,2022-03-24,TBL,8476883,2.807,3,39
2021021020,2022-03-24,MTL,8474596,3.510,4,42
2021021020,2022-03-24,FLA,8481519,3.119,3,31
2021021022,2022-03-24,CAR,8475883,1.584,3,15
2021021022,2022-03-24,DAL,8475809,4.793,3,47
2021021023,2022-03-24,STL,8476412,2.423,4,26
2021021023,2022-03-24,PHI,8474889,3.494,2,28
2021021024,2022-03-24,MIN,8475660,1.480,2,28
2021021024,2022-03-24,VAN,8477967,2.494,3,36
2021021025,2022-03-24,EDM,8469608,2.667,2,30
2021021025,2022-03-24,SJS,8478039,4.615,4,40
2021021026,2022-03-24,VGK,8480313,3.164,1,36
2021021026,2022-03-24,NSH,8477424,3.695,6,50
2021021027,2022-03-24,LAK,8471734,3.906,3,31
2021021027,2022-03-24,CHI,8480420,4.212,3,46
2021021028,2022-03-25,BUF,8474682,3.615,3,40
2021021028,2022-03-25,WSH,8478492,2.325,3,23
2021021029,2022-03-25,NYR,8478048,1.819,1,21
2021021029,2022-03-25,PIT,8477465,3.003,5,30
2021021029,2022-03-25,PIT,8479193,0.191,0,3
2021021030,2022-03-25,WPG,8477480,3.110,3,36
2021021030,2022-03-25,CBJ,8478007,3.527,4,33
2021021031,2022-03-25,COL,8480925,2.050,3,31
2021021031,2022-03-25,PHI,8479394,3.590,6,51
2021021032,2022-03-25,CGY,8474593,1.384,2,18
2021021032,2022-03-25,ARI,8478872,3.068,4,33
2021021034,2022-03-26,BOS,8476999,2.638,3,27
2021021034,2022-03-26,NYI,8473575,4.891,6,44
2021021035,2022-03-26,MTL,8474596,5.067,2,51
2021021035,2022-03-26,TOR,8478902,1.781,3,17
2021021036,2022-03-26,OTT,8476341,4.546,3,49
2021021036,2022-03-26,FLA,8475683,3.313,3,22
2021021037,2022-03-26,DET,8477968,4.582,2,36
2021021037,2022-03-26,TBL,8470880,3.172,1,27
2021021038,2022-03-26,WSH,8477970,3.834,3,38
2021021038,2022-03-26,NJD,8482076,2.293,4,22
2021021039,2022-03-26,STL,8478024,2.053,5,26
2021021039,2022-03-26,CAR,8477293,2.822,2,32
2021021040,2022-03-26,DAL,8479979,2.626,3,30
2021021040,2022-03-26,VAN,8477967,3.168,1,36
2021021041,2022-03-26,MIN,8470594,1.881,2,25
2021021041,2022-03-26,CBJ,8478007,4.246,3,38
2021021042,2022-03-26,CGY,8474593,3.617,5,31
2021021042,2022-03-26,EDM,8469608,3.311,4,26
2021021042,2022-03-26,EDM,8475156,1.435,5,12
2021021043,2022-03-26,VGK,8480313,3.233,4,34
2021021043,2022-03-26,CHI,8480947,3.242,5,34
2021021044,2022-03-26,LAK,8477361,2.533,2,25
2021021044,2022-03-26,SEA,8475831,3.361,4,27
2021021045,2022-03-26,SJS,8473503,1.831,1,28
2021021045,2022-03-26,ANA,8480843,1.849,4,24
2021021046,2022-03-27,TOR,8475852,2.416,2,36
2021021046,2022-03-27,FLA,8481519,1.974,4,24
2021021047,2022-03-27,NJD,8482076,4.475,2,33
2021021047,2022-03-27,MTL,8478470,4.219,2,32
2021021048,2022-03-27,NYI,8473575,1.757,2,14
2021021048,2022-03-27,NYI,8478009,1.802,2,20
2021021048,2022-03-27,TBL,8476883,3.284,1,24
2021021049,2022-03-27,NYR,8480382,1.705,4,17
2021021049,2022-03-27,BUF,8467950,4.002,5,31
2021021050,2022-03-27,PIT,8477465,3.396,2,35
2021021050,2022-03-27,DET,8475717,1.545,4,13
2021021050,2022-03-27,DET,8477968,2.325,7,22
2021021051,2022-03-27,NSH,8477424,1.913,4,23
2021021051,2022-03-27,PHI,8474889,3.657,5,35
2021021052,2022-03-27,MIN,8475660,2.821,2,42
2021021052,2022-03-27,COL,8475311,2.297,3,29
2021021053,2022-03-27,WPG,8476945,2.648,1,29
2021021053,2022-03-27,ARI,8478872,4.215,2,40
2021021054,2022-03-28,WSH,8477970,2.502,5,23
2021021054,2022-03-28,WSH,8478492,0.361,1,6
2021021054,2022-03-28,CAR,8475883,2.786,1,26
2021021055,2022-03-28,CHI,8480947,2.992,6,37
2021021055,2022-03-28,BUF,8474682,1.546,5,21
2021021056,2022-03-28,STL,8478024,3.687,1,36
2021021056,2022-03-28,VAN,8470860,2.771,3,28
2021021057,2022-03-28,EDM,8475156,2.588,1,32
2021021057,2022-03-28,ARI,8478872,4.220,5,35
2021021057,2022-03-28,ARI,8480373,0.594,1,7
2021021058,2022-03-28,LAK,8477361,3.432,6,38
2021021058,2022-03-28,SEA,8476904,3.083,1,37
2021021059,2022-03-29,BOS,8476999,0.306,0,7
2021021059,2022-03-29,BOS,8480280,2.275,6,25
2021021059,2022-03-29,TOR,8475852,0.271,1,4
2021021059,2022-03-29,TOR,8478902,1.934,3,26
2021021060,2022-03-29,TBL,8476883,2.036,3,19
2021021060,2022-03-29,CAR,8477293,3.481,4,32
2021021061,2022-03-29,FLA,8475683,2.947,4,24
2021021061,2022-03-29,MTL,8474596,5.954,6,45
2021021062,2022-03-29,PIT,8477465,2.022,3,26
2021021062,2022-03-29,NYR,8478048,2.597,2,24
2021021063,2022-03-29,CBJ,8478007,2.430,4,29
2021021063,2022-03-29,NYI,8473575,3.567,3,45
2021021064,2022-03-29,NSH,8477424,3.373,1,37
2021021064,2022-03-29,OTT,8476341,2.371,3,31
2021021065,2022-03-29,MIN,8470594,2.976,1,33
2021021065,2022-03-29,PHI,8474889,3.058,4,37
2021021066,2022-03-29,CGY,8474593,2.065,2,30
2021021066,2022-03-29,COL,8475311,3.085,1,45
2021021067,2022-03-29,ANA,8476434,4.177,3,32
2021021067,2022-03-29,DAL,8479979,2.761,2,28
2021021068,2022-03-30,BUF,8467950,2.901,2,27
2021021068,2022-03-30,WPG,8476945,4.144,2,37
2021021069,2022-03-30,DET,8477968,3.650,5,34
2021021069,2022-03-30,NYR,8480382,1.839,4,26
2021021070,2022-03-30,EDM,8475156,3.556,3,41
2021021070,2022-03-30,LAK,8471734,3.879,3,34
2021021071,2022-03-30,VAN,8477967,3.310,4,24
2021021071,2022-03-30,STL,8478024,2.436,3,25
2021021072,2022-03-30,ARI,8478872,3.742,2,41
2021021072,2022-03-30,SJS,8473503,2.528,4,23
2021021073,2022-03-30,SEA,8476904,3.745,2,29
2021021073,2022-03-30,VGK,8480313,1.915,0,22
2021021074,2022-03-31,BOS,8476999,2.387,1,26
2021021074,2022-03-31,NJD,8476903,1.469,3,20
2021021074,2022-03-31,NJD,8482076,1.724,5,20
2021021075,2022-03-31,TOR,8478902,2.225,3,23
2021021075,2022-03-31,WPG,8477480,4.388,6,37
2021021076,2022-03-31,FLA,8475683,3.830,0,37
2021021076,2022-03-31,CHI,8480420,4.051,4,44
2021021077,2022-03-31,NYI,8473575,2.503,2,32
2021021077,2022-03-31,CBJ,8478007,3.778,4,35
2021021078,2022-03-31,CAR,8475883,2.955,0,32
2021021078,2022-03-31,MTL,8474596,4.258,3,43
2021021079,2022-03-31,MIN,8475660,2.920,4,39
2021021079,2022-03-31,PIT,8479193,3.346,3,31
2021021080,2022-03-31,COL,8480925,1.718,2,27
2021021080,2022-03-31,SJS,8478039,4.004,4,46
2021021081,2022-03-31,CGY,8474593,3.469,2,32
2021021081,2022-03-31,LAK,8477361,2.701,2,28
2021021082,2022-03-31,ANA,8476434,2.859,3,35
2021021082,2022-03-31,DAL,8479979,2.069,2,23
2021021083,2022-04-01,BUF,8467950,2.131,3,25
2021021083,2022-04-01,NSH,8477424,2.501,4,35
2021021084,2022-04-01,DET,8477968,2.267,4,31
2021021084,2022-04-01,OTT,8481544,2.848,2,29
2021021085,2022-04-01,TBL,8476883,1.842,2,23
2021021085,2022-04-01,CHI,8480947,3.775,4,42
2021021086,2022-04-01,NYR,8478048,2.126,3,18
2021021086,2022-04-01,NYI,8473575,2.197,0,27
2021021087,2022-04-01,EDM,8469608,4.330,5,36
2021021087,2022-04-01,STL,8476412,1.648,4,13
2021021087,2022-04-01,STL,8478024,2.089,2,27
2021021088,2022-04-01,ARI,8478872,0.701,3,9
2021021088,2022-04-01,ARI,8480373,2.184,2,28
2021021088,2022-04-01,ANA,8476932,1.591,0,22
2021021089,2022-04-01,SEA,8475831,2.489,3,24
2021021089,2022-04-01,VGK,8480313,2.659,2,28
2021021090,2022-04-02,BOS,8480280,3.088,2,24
2021021090,2022-04-02,CBJ,8478007,3.799,3,40
2021021091,2022-04-02,TBL,8470880,2.778,4,31
2021021091,2022-04-02,MTL,8474596,4.554,4,41
2021021092,2022-04-02,NJD,8477202,3.181,7,41
2021021092,2022-04-02,FLA,8475683,1.785,6,25
2021021092,2022-04-02,FLA,8481519,0.372,0,6
2021021093,2022-04-02,PHI,8479394,2.676,6,28
2021021093,2022-04-02,TOR,8475789,2.630,3,32
2021021094,2022-04-02,CAR,8475883,2.395,3,19
2021021094,2022-04-02,MIN,8470594,2.690,1,38
2021021096,2022-04-02,WPG,8476945,2.974,3,38
2021021096,2022-04-02,LAK,8477361,3.009,2,27
2021021097,2022-04-02,COL,8475311,2.511,2,40
2021021097,2022-04-02,PIT,8477465,2.688,3,38
2021021098,2022-04-02,CGY,8474593,3.006,4,23
2021021098,2022-04-02,STL,8478024,4.195,4,43
2021021099,2022-04-02,SJS,8473503,1.680,1,15
2021021099,2022-04-02,SJS,8478039,1.145,4,14
2021021099,2022-04-02,DAL,8475809,2.595,4,28
2021021100,2022-04-03,BUF,8474682,3.181,5,40
2021021100,2022-04-03,FLA,8481519,2.303,3,29
2021021101,2022-04-03,OTT,8476341,2.327,2,32
2021021101,2022-04-03,DET,8471306,2.639,3,34
2021021102,2022-04-03,NJD,8482076,2.502,4,29
2021021102,2022-04-03,NYI,8471239,4.196,3,30
2021021103,2022-04-03,NYR,8478048,2.736,3,26
2021021103,2022-04-03,PHI,8474889,4.216,3,46
2021021104,2022-04-03,WSH,8477970,1.823,4,18
2021021104,2022-04-03,MIN,8475660,2.125,1,26
2021021105,2022-04-03,CHI,8480947,3.208,3,35
2021021105,2022-04-03,ARI,8478872,2.889,2,31
2021021106,2022-04-03,VAN,8477967,2.474,3,30
2021021106,2022-04-03,VGK,8475215,2.980,2,29
2021021107,2022-04-03,ANA,8476434,3.995,6,46
2021021107,2022-04-03,EDM,8469608,2.641,1,32
2021021108,2022-04-03,SEA,8476904,2.750,1,30
2021021108,2022-04-03,DAL,8479979,3.143,3,28
2021021109,2022-04-04,TBL,8476883,3.650,6,39
2021021109,2022-04-04,TOR,8475789,3.400,2,34
2021021110,2022-04-04,CBJ,8478007,3.037,3,37
2021021110,2022-04-04,BOS,8476999,2.329,2,22
2021021111,2022-04-04,STL,8478024,1.769,1,22
2021021111,2022-04-04,ARI,8481031,3.258,5,29
2021021112,2022-04-04,LAK,8477361,3.279,3,33
2021021112,2022-04-04,CGY,8474593,3.148,2,29
2021021113,2022-04-05,BUF,8467950,3.336,2,34
2021021113,2022-04-05,CAR,8475883,2.297,4,22
2021021114,2022-04-05,MTL,8474596,3.037,5,31
2021021114,2022-04-05,OTT,8476341,2.371,3,30
2021021115,2022-04-05,DET,8477968,4.393,3,50
2021021115,2022-04-05,BOS,8480280,2.495,4,28
2021021116,2022-04-05,FLA,8475683,1.870,4,14
2021021116,2022-04-05,FLA,8481519,2.401,2,21
2021021116,2022-04-05,TOR,8475789,2.421,4,26
2021021116,2022-04-05,TOR,8478902,2.761,3,23
2021021117,2022-04-05,NJD,8482076,2.189,3,17
2021021117,2022-04-05,NYR,8480382,1.887,1,21
2021021118,2022-04-05,PHI,8479394,2.114,3,29
2021021118,2022-04-05,CBJ,8478007,3.493,2,49
2021021119,2022-04-05,PIT,8477465,2.288,5,31
2021021119,2022-04-05,COL,8475311,3.577,4,46
2021021120,2022-04-05,NSH,8477424,4.388,2,49
2021021120,2022-04-05,MIN,8470594,2.501,5,32
2021021121,2022-04-05,DAL,8479979,2.056,2,21
2021021121,2022-04-05,NYI,8473575,3.401,3,40
2021021122,2022-04-05,SJS,8473503,1.859,2,24
2021021122,2022-04-05,EDM,8469608,2.409,1,32
2021021123,2022-04-06,WSH,8478492,2.463,3,28
2021021123,2022-04-06,TBL,8476883,3.447,4,28
2021021124,2022-04-06,STL,8478024,3.053,1,29
2021021124,2022-04-06,SEA,8476904,3.270,3,35
2021021125,2022-04-06,WPG,8476945,3.952,2,34
2021021125,2022-04-06,DET,8471306,3.501,1,33
2021021126,2022-04-06,VGK,8475215,2.566,5,31
2021021126,2022-04-06,VAN,8477967,3.657,1,34
2021021127,2022-04-06,ANA,8476932,2.882,3,27
2021021127,2022-04-06,CGY,8474593,2.774,2,28
2021020250,2022-04-07,OTT,8476341,3.158,3,34
2021020250,2022-04-07,NSH,8477424,3.500,2,29
2021020512,2022-04-07,NJD,8477202,1.389,6,19
2021020512,2022-04-07,NJD,8482076,0.872,1,7
2021020512,2022-04-07,MTL,8474596,3.540,4,37
2021021129,2022-04-07,NYR,8478048,3.053,0,30
2021021129,2022-04-07,PIT,8477465,1.315,2,23
2021021130,2022-04-07,CAR,8477293,2.403,3,21
2021021130,2022-04-07,BUF,8467950,3.144,4,31
2021021131,2022-04-07,CBJ,8478007,3.290,4,31
2021021131,2022-04-07,PHI,8474889,1.795,1,27
2021021132,2022-04-07,CHI,8480947,2.378,2,31
2021021132,2022-04-07,SEA,8475831,2.519,0,29
2021021133,2022-04-07,DAL,8475809,3.052,4,41
2021021133,2022-04-07,TOR,8475789,1.621,3,18
2021021134,2022-04-07,ARI,8474667,3.777,5,32
2021021134,2022-04-07,VAN,8470860,2.660,1,28
2021021135,2022-04-07,LAK,8471734,2.971,3,30
2021021135,2022-04-07,EDM,8469608,3.167,2,33
2021021136,2022-04-07,SJS,8473503,3.231,3,35
2021021136,2022-04-07,SJS,8478039,0.412,0,5
2021021136,2022-04-07,CGY,8478435,2.472,2,33
2021021137,2022-04-08,TBL,8476883,2.931,2,37
2021021137,2022-04-08,BOS,8476999,2.845,1,29
2021021138,2022-04-08,FLA,8475683,1.753,3,22
2021021138,2022-04-08,BUF,8474682,3.689,4,43
2021021139,2022-04-08,CAR,8475883,2.032,2,21
2021021139,2022-04-08,NYI,8478009,2.046,1,21
2021021140,2022-04-08,STL,8478024,2.771,3,38
2021021140,2022-04-08,MIN,8475660,1.985,4,28
2021021141,2022-04-08,WPG,8476945,3.872,5,37
2021021141,2022-04-08,COL,8480925,4.274,4,43
2021021142,2022-04-09,TOR,8478902,2.275,2,26
2021021142,2022-04-09,MTL,8474596,1.157,1,15
2021021142,2022-04-09,MTL,8478470,2.727,2,25
2021021143,2022-04-09,DET,8477968,3.106,5,33
2021021143,2022-04-09,CBJ,8478007,3.051,4,38
2021021144,2022-04-09,NYR,8478048,1.964,1,22
2021021144,2022-04-09,OTT,8476341,3.668,5,33
2021021145,2022-04-09,PHI,8474889,2.788,5,34
2021021145,2022-04-09,ANA,8476932,2.316,3,33
2021021146,2022-04-09,PIT,8477465,3.156,4,43
2021021146,2022-04-09,WSH,8478492,3.442,3,32
2021021147,2022-04-09,STL,8476412,2.829,1,31
2021021147,2022-04-09,NYI,8473575,3.769,6,31
2021021148,2022-04-09,NSH,8477424,2.499,2,23
2021021148,2022-04-09,FLA,8481519,2.425,1,25
2021021149,2022-04-09,DAL,8479979,2.104,3,23
2021021149,2022-04-09,NJD,8482076,2.641,1,28
2021021151,2022-04-09,EDM,8475156,2.999,1,34
2021021151,2022-04-09,COL,8475311,4.164,1,50
2021021152,2022-04-09,VAN,8477967,3.979,2,37
2021021152,2022-04-09,SJS,8478039,4.285,3,38
2021021153,2022-04-09,VGK,8475215,2.562,1,30
2021021153,2022-04-09,ARI,8478872,3.314,6,39
2021021154,2022-04-09,SEA,8475831,2.786,3,28
2021021154,2022-04-09,CGY,8474593,2.318,1,28
2021021150,2022-04-10,MIN,8470594,2.988,3,34
2021021150,2022-04-10,LAK,8477361,2.575,6,33
2021021155,2022-04-10,OTT,8481544,2.491,4,25
2021021155,2022-04-10,WPG,8476945,3.903,3,34
2021021156,2022-04-10,TBL,8470880,2.582,0,28
2021021156,2022-04-10,BUF,8467950,3.075,5,28
2021021157,2022-04-10,PIT,8479193,2.949,2,35
2021021157,2022-04-10,NSH,8479496,2.992,3,30
2021021158,2022-04-10,WSH,8477970,3.650,2,30
2021021158,2022-04-10,BOS,8476999,3.347,3,32
2021021159,2022-04-10,CAR,8475883,1.399,2,25
2021021159,2022-04-10,ANA,8476434,4.369,4,42
2021021160,2022-04-10,CHI,8480420,0.830,1,10
2021021160,2022-04-10,CHI,8480947,2.051,5,20
2021021160,2022-04-10,DAL,8479979,2.499,4,40
2021021162,2022-04-11,MTL,8478470,2.351,3,34
2021021162,2022-04-11,WPG,8476945,2.359,2,25
2021020922,2022-04-12,NYI,8478009,4.422,4,47
2021020922,2022-04-12,PIT,8479193,2.224,4,37
2021021163,2022-04-12,MIN,8475660,1.721,1,28
2021021163,2022-04-12,EDM,8475156,2.460,5,23
2021021164,2022-04-12,BOS,8480280,2.546,4,30
2021021164,2022-04-12,STL,8478024,2.453,2,41
2021021165,2022-04-12,TOR,8478902,2.049,4,27
2021021165,2022-04-12,BUF,8467950,2.798,2,26
2021021166,2022-04-12,DET,8471306,2.984,2,30
2021021166,2022-04-12,OTT,8476341,2.209,1,25
2021021167,2022-04-12,FLA,8475683,1.890,2,24
2021021167,2022-04-12,ANA,8476434,5.446,3,55
2021021168,2022-04-12,NYR,8478048,1.902,3,24
2021021168,2022-04-12,CAR,8475883,2.989,2,30
2021021170,2022-04-12,WSH,8478492,1.835,2,21
2021021170,2022-04-12,PHI,8474889,2.258,6,27
2021021170,2022-04-12,PHI,8479394,0.937,3,10
2021021173,2022-04-12,DAL,8475809,3.215,0,25
2021021173,2022-04-12,TBL,8476883,3.238,1,29
2021021174,2022-04-12,CGY,8474593,1.887,3,15
2021021174,2022-04-12,CGY,8478435,0.752,0,7
2021021174,2022-04-12,SEA,8476904,2.876,4,30
2021021175,2022-04-12,VAN,8477967,2.902,4,45
2021021175,2022-04-12,VGK,8475215,3.532,5,27
2021021176,2022-04-12,ARI,8478872,4.154,6,38
2021021176,2022-04-12,NJD,8482076,2.045,2,21
2021021187,2022-04-12,CHI,8480420,2.202,4,35
2021021187,2022-04-12,LAK,8471734,2.309,2,20
2021021188,2022-04-12,NSH,8477424,2.143,0,25
2021021188,2022-04-12,SJS,8478039,3.088,1,41
2021021177,2022-04-13,PHI,8478433,2.782,3,33
2021021177,2022-04-13,NYR,8480382,2.162,0,28
2021021178,2022-04-13,CBJ,8478007,2.172,1,21
2021021178,2022-04-13,MTL,8478470,2.740,5,31
2021021180,2022-04-13,COL,8475311,2.129,3,32
2021021180,2022-04-13,LAK,8471734,0.495,3,10
2021021180,2022-04-13,LAK,8477361,2.252,6,25
2021021171,2022-04-14,CHI,8480947,2.753,4,37
2021021171,2022-04-14,SJS,8473503,3.250,4,32
2021021172,2022-04-14,NSH,8477424,2.534,4,32
2021021172,2022-04-14,EDM,8469608,2.757,0,30
2021021181,2022-04-14,BOS,8476999,0.573,0,8
2021021181,2022-04-14,BOS,8480280,2.712,3,24
2021021181,2022-04-14,OTT,8476341,3.090,2,42
2021021182,2022-04-14,BUF,8467950,2.884,5,27
2021021182,2022-04-14,STL,8476412,4.237,2,37
2021021183,2022-04-14,TOR,8475789,2.328,3,25
2021021183,2022-04-14,WSH,8477970,1.203,3,13
2021021183,2022-04-14,WSH,8478492,2.350,4,19
2021021184,2022-04-14,TBL,8470880,1.731,0,13
2021021184,2022-04-14,TBL,8476883,1.359,3,13
2021021184,2022-04-14,ANA,8476932,3.475,4,31
2021021185,2022-04-14,PIT,8477465,2.723,3,39
2021021185,2022-04-14,NYI,8478009,2.474,4,26
2021021186,2022-04-14,CAR,8477293,2.178,3,22
2021021186,2022-04-14,DET,8477968,5.004,0,46
2021021189,2022-04-14,DAL,8475809,2.259,3,27
2021021189,2022-04-14,MIN,8470594,3.137,2,36
2021021190,2022-04-14,COL,8480925,2.160,1,27
2021021190,2022-04-14,NJD,8477202,2.356,3,30
2021021191,2022-04-14,CGY,8474593,2.493,4,17
2021021191,2022-04-14,CGY,8478435,0.765,2,8
2021021191,2022-04-14,VGK,8480313,3.680,1,36
2021021192,2022-04-14,VAN,8477967,2.532,1,22
2021021192,2022-04-14,ARI,8474667,0.887,1,5
2021021192,2022-04-14,ARI,8478872,2.549,6,22
2021021193,2022-04-15,MTL,8471679,1.639,2,19
2021021193,2022-04-15,NYI,8478009,3.304,0,44
2021021194,2022-04-15,FLA,8475683,3.151,1,31
2021021194,2022-04-15,WPG,8476945,2.780,4,26
2021021194,2022-04-15,WPG,8477480,1.515,2,17
2021021195,2022-04-16,EDM,8469608,2.770,0,39
2021021195,2022-04-16,VGK,8480313,3.288,4,36
2021021196,2022-04-16,BOS,8480280,1.439,1,24
2021021196,2022-04-16,PIT,8479193,1.870,2,29
2021021197,2022-04-16,BUF,8467950,1.833,3,21
2021021197,2022-04-16,PHI,8474889,2.543,4,29
2021021198,2022-04-16,MTL,8478470,4.917,8,41
2021021198,2022-04-16,WSH,8477970,3.070,4,32
2021021199,2022-04-16,OTT,8476341,3.880,5,41
2021021199,2022-04-16,TOR,8478902,2.203,4,29
2021021200,2022-04-16,TBL,8470880,1.702,4,18
2021021200,2022-04-16,WPG,8476945,2.981,7,32
2021021200,2022-04-16,WPG,8477480,0.382,0,5
2021021201,2022-04-16,NYR,8478048,1.294,0,20
2021021201,2022-04-16,DET,8471306,3.070,4,37
2021021202,2022-04-16,STL,8478024,3.291,5,36
2021021202,2022-04-16,MIN,8475660,3.095,6,30
2021021203,2022-04-16,NSH,8477424,2.098,3,31
2021021203,2022-04-16,CHI,8480947,2.938,4,34
2021021204,2022-04-16,DAL,8479979,1.873,1,24
2021021204,2022-04-16,SJS,8478039,2.723,2,26
2021021205,2022-04-16,COL,8475311,2.481,4,33
2021021205,2022-04-16,CAR,8475883,3.590,7,33
2021021205,2022-04-16,CAR,8477293,0.583,0,4
2021021206,2022-04-16,CGY,8474593,2.665,1,26
2021021206,2022-04-16,ARI,8474667,2.603,7,31
2021021206,2022-04-16,ARI,8478872,0.873,2,10
2021021208,2022-04-16,LAK,8471734,2.986,1,22
2021021208,2022-04-16,CBJ,8478007,4.453,2,38
2021021209,2022-04-16,SEA,8475831,2.759,3,26
2021021209,2022-04-16,NJD,8482076,2.435,3,26
2021020723,2022-04-17,TOR,8475789,2.085,2,29
2021020723,2022-04-17,NYI,8478009,3.409,3,36
2021021210,2022-04-17,DET,8477968,4.374,6,39
2021021210,2022-04-17,FLA,8481519,3.012,1,34
2021021212,2022-04-17,PHI,8478433,3.978,4,39
2021021212,2022-04-17,BUF,8474682,3.900,3,35
2021021213,2022-04-17,NSH,8477424,1.630,4,20
2021021213,2022-04-17,NSH,8479496,1.302,4,13
2021021213,2022-04-17,STL,8476412,3.090,3,36
2021021214,2022-04-17,MIN,8470594,1.983,4,30
2021021214,2022-04-17,SJS,8473503,2.537,5,28
2021021215,2022-04-17,ANA,8476434,2.979,4,35
2021021215,2022-04-17,CBJ,8475234,2.666,5,31
2021020436,2022-04-18,CHI,8480947,2.307,3,33
2021020436,2022-04-18,CGY,8474593,1.595,2,24
2021020611,2022-04-18,SEA,8476904,1.790,2,14
2021020611,2022-04-18,OTT,8476341,2.537,3,28
2021021216,2022-04-18,COL,8475311,1.950,3,27
2021021216,2022-04-18,WSH,8478492,2.761,2,26
2021021217,2022-04-18,VAN,8477967,2.091,2,30
2021021217,2022-04-18,DAL,8475809,0.822,1,11
2021021217,2022-04-18,DAL,8479979,1.866,4,19
2021021218,2022-04-18,ARI,8478872,4.117,5,51
2021021218,2022-04-18,CAR,8477293,2.206,3,26
2021021219,2022-04-18,VGK,8475215,2.051,3,28
2021021219,2022-04-18,NJD,8477202,4.707,2,44
2021020443,2022-04-19,NSH,8477424,1.990,2,21
2021020443,2022-04-19,CGY,8478435,2.758,2,28
2021020625,2022-04-19,VAN,8470860,1.804,0,14
2021020625,2022-04-19,VAN,8477967,1.986,3,17
2021020625,2022-04-19,OTT,8479406,5.681,3,37
2021021220,2022-04-19,TOR,8475789,2.402,2,39
2021021220,2022-04-19,PHI,8474889,2.289,4,28
2021021221,2022-04-19,MTL,8471679,3.604,2,30
2021021221,2022-04-19,MIN,8475660,2.318,0,26
2021021222,2022-04-19,TBL,8476883,3.370,4,31
2021021222,2022-04-19,DET,8471306,4.968,3,41
2021021223,2022-04-19,NYI,8478009,4.934,3,42
2021021223,2022-04-19,FLA,8475683,3.217,2,26
2021021224,2022-04-19,NYR,8478048,2.531,0,31
2021021224,2022-04-19,WPG,8477480,2.259,2,33
2021021225,2022-04-19,STL,8478024,2.911,3,35
2021021225,2022-04-19,BOS,8480280,2.061,2,22
2021021226,2022-04-19,ANA,8476434,2.423,2,28
2021021226,2022-04-19,LAK,8471734,3.171,1,30
2021021227,2022-04-19,SJS,8478039,2.307,2,24
2021021227,2022-04-19,CBJ,8478007,2.800,3,28
2021021229,2022-04-20,EDM,8469608,2.443,2,36
2021021229,2022-04-20,DAL,8475809,4.179,4,49
2021021230,2022-04-20,ARI,8478872,4.433,4,40
2021021230,2022-04-20,CHI,8480947,2.675,3,35
2021021231,2022-04-20,VGK,8475215,1.030,1,13
2021021231,2022-04-20,VGK,8480313,1.258,2,15
2021021231,2022-04-20,WSH,8478492,2.373,4,30
2021021232,2022-04-20,SEA,8475831,2.166,2,27
2021021232,2022-04-20,COL,8480925,2.177,3,29
2021021233,2022-04-21,MTL,8471679,2.762,6,34
2021021233,2022-04-21,PHI,8474889,3.677,3,34
2021021234,2022-04-21,TBL,8476883,3.275,1,37
2021021234,2022-04-21,TOR,8478902,4.738,8,36
2021021235,2022-04-21,FLA,8475683,2.486,2,30
2021021235,2022-04-21,DET,8477968,2.962,5,27
2021021236,2022-04-21,NJD,8477202,2.398,5,28
2021021236,2022-04-21,BUF,8467950,3.223,2,31
2021021237,2022-04-21,NYI,8473575,2.274,6,23
2021021237,2022-04-21,NYR,8480382,3.003,3,29
2021021238,2022-04-21,PIT,8479193,3.135,0,52
2021021238,2022-04-21,BOS,8480280,2.887,3,31
2021021239,2022-04-21,CAR,8477293,2.537,2,22
2021021239,2022-04-21,WPG,8477480,4.674,3,45
2021021240,2022-04-21,MIN,8475660,2.502,3,24
2021021240,2022-04-21,VAN,8477967,2.439,5,31
2021021241,2022-04-21,CGY,8474593,2.345,2,23
2021021241,2022-04-21,DAL,8479979,3.291,3,36
2021021242,2022-04-21,LAK,8471734,1.701,1,16
2021021242,2022-04-21,CHI,8480420,3.237,4,35
2021021242,2022-04-21,CHI,8480947,0.276,0,1
2021021243,2022-04-21,SJS,8473503,2.181,2,27
2021021243,2022-04-21,STL,8476412,1.135,1,21
2021021244,2022-04-22,CBJ,8478007,3.500,1,26
2021021244,2022-04-22,OTT,8479406,3.126,1,34
2021021245,2022-04-22,MIN,8470594,1.696,3,28
2021021245,2022-04-22,SEA,8475831,3.702,6,35
2021021246,2022-04-22,EDM,8469608,3.729,3,37
2021021246,2022-04-22,COL,8475311,2.374,5,26
2021021247,2022-04-22,ARI,8478872,2.589,1,28
2021021247,2022-04-22,WSH,8477970,1.800,0,19
2021021248,2022-04-23,BOS,8476999,2.776,1,31
2021021248,2022-04-23,NYR,8478048,3.149,3,35
2021021249,2022-04-23,BUF,8474682,1.547,3,22
2021021249,2022-04-23,NYI,8478009,3.340,5,35
2021021250,2022-04-23,OTT,8476341,4.554,4,48
2021021250,2022-04-23,MTL,8471679,2.989,6,26
2021021251,2022-04-23,DET,8471306,2.568,5,23
2021021251,2022-04-23,DET,8477968,1.106,2,15
2021021251,2022-04-23,PIT,8479193,1.872,2,25
2021021252,2022-04-23,TBL,8470880,2.605,2,21
2021021252,2022-04-23,NSH,8477424,2.704,6,30
2021021252,2022-04-23,NSH,8479496,1.049,0,9
2021021253,2022-04-23,FLA,8475683,4.235,2,36
2021021253,2022-04-23,TOR,8475789,2.909,3,35
2021021254,2022-04-23,NJD,8476903,3.045,3,29
2021021254,2022-04-23,CAR,8481611,1.832,2,19
2021021255,2022-04-23,DAL,8479979,2.478,2,32
2021021255,2022-04-23,SEA,8476904,2.781,3,31
2021021256,2022-04-23,CGY,8478435,2.292,3,31
2021021256,2022-04-23,VAN,8477967,2.733,5,30
2021021257,2022-04-23,ARI,8474667,3.887,5,33
2021021257,2022-04-23,STL,8476412,2.184,4,20
2021021258,2022-04-23,LAK,8471734,1.932,2,21
2021021258,2022-04-23,ANA,8476932,3.936,3,39
2021021259,2022-04-23,SJS,8478039,2.550,1,28
2021021259,2022-04-23,CHI,8480947,1.685,4,19
2021020471,2022-04-24,MTL,8478470,2.663,4,41
2021020471,2022-04-24,BOS,8480280,2.246,3,26
2021021260,2022-04-24,FLA,8475683,2.074,3,16
2021021260,2022-04-24,FLA,8481519,2.000,5,17
2021021260,2022-04-24,TBL,8476883,3.684,4,39
2021021261,2022-04-24,NJD,8477202,2.912,1,22
2021021261,2022-04-24,DET,8477968,2.848,0,17
2021021262,2022-04-24,NYI,8473575,2.389,3,32
2021021262,2022-04-24,CAR,8477293,1.434,1,18
2021021262,2022-04-24,CAR,8481611,0.598,1,8
2021021264,2022-04-24,PHI,8474889,2.990,1,38
2021021264,2022-04-24,PIT,8475839,2.863,3,42
2021021265,2022-04-24,WSH,8477970,2.583,3,30
2021021265,2022-04-24,TOR,8478902,3.188,3,37
2021021266,2022-04-24,CBJ,8478007,3.127,2,35
2021021266,2022-04-24,EDM,8475156,2.689,4,30
2021021267,2022-04-24,NSH,8479496,5.006,5,48
2021021267,2022-04-24,MIN,8470594,3.296,4,25
2021021268,2022-04-24,WPG,8476945,2.784,1,31
2021021268,2022-04-24,COL,8475311,4.405,4,44
2021021269,2022-04-24,VGK,8480313,2.129,4,29
2021021269,2022-04-24,SJS,8473503,4.577,4,46
2021021270,2022-04-24,ANA,8476434,3.999,6,37
2021021270,2022-04-24,STL,8478024,1.751,3,17
2021021271,2022-04-25,CHI,8480947,3.804,1,34
2021021271,2022-04-25,PHI,8478433,3.548,3,33
2021020829,2022-04-26,TOR,8475789,1.416,0,20
2021020829,2022-04-26,DET,8477968,3.484,3,36
2021021272,2022-04-26,BOS,8476999,1.974,2,21
2021021272,2022-04-26,FLA,8475683,3.566,3,37
2021021274,2022-04-26,OTT,8476341,2.881,4,41
2021021274,2022-04-26,NJD,8478406,3.979,5,34
2021021276,2022-04-26,TBL,8476883,2.694,1,21
2021021276,2022-04-26,CBJ,8478007,2.561,4,32
2021021277,2022-04-26,NYR,8478048,3.075,4,36
2021021277,2022-04-26,CAR,8481611,2.869,3,34
2021021278,2022-04-26,PIT,8479193,3.680,4,41
2021021278,2022-04-26,EDM,8469608,3.244,1,34
2021021279,2022-04-26,WSH,8478492,2.578,4,26
2021021279,2022-04-26,NYI,8478009,2.364,1,33
2021021280,2022-04-26,NSH,8477424,2.336,3,33
2021021280,2022-04-26,NSH,8479496,0.768,2,5
2021021280,2022-04-26,CGY,8478435,2.009,4,23
2021021281,2022-04-26,DAL,8479979,3.110,2,35
2021021281,2022-04-26,VGK,8480313,2.683,2,30
2021021282,2022-04-26,MIN,8470594,2.470,4,25
2021021282,2022-04-26,ARI,8478872,3.229,3,38
2021021283,2022-04-26,COL,8475311,3.347,3,32
2021021283,2022-04-26,STL,8476412,2.990,4,33
2021021284,2022-04-26,VAN,8477484,3.271,2,32
2021021284,2022-04-26,SEA,8478916,2.589,5,27
2021021285,2022-04-26,SJS,8478039,2.327,4,30
2021021285,2022-04-26,ANA,8476932,2.552,2,33
2021020505,2022-04-27,NYR,8480382,2.204,4,23
2021020505,2022-04-27,MTL,8478470,2.681,3,27
2021021286,2022-04-27,CHI,8480947,2.354,3,40
2021021286,2022-04-27,VGK,8480313,3.212,3,40
2021021287,2022-04-27,DAL,8475809,3.521,4,37
2021021287,2022-04-27,ARI,8474667,4.039,3,29
2021021288,2022-04-27,WPG,8477480,3.184,0,35
2021021288,2022-04-27,PHI,8478433,3.173,3,26
2021021289,2022-04-27,SEA,8475831,2.116,4,27
2021021289,2022-04-27,LAK,8471734,3.277,3,40
2021020513,2022-04-28,NYI,8473575,2.528,1,27
2021020513,2022-04-28,WSH,8477970,1.952,5,26
2021021290,2022-04-28,BOS,8476999,2.299,0,37
2021021290,2022-04-28,BUF,8474682,3.448,5,32
2021021291,2022-04-28,OTT,8479406,3.350,4,30
2021021291,2022-04-28,FLA,8481519,2.881,0,27
2021021294,2022-04-28,CAR,8477293,2.780,3,30
2021021294,2022-04-28,NJD,8476903,0.550,0,6
2021021294,2022-04-28,NJD,8477202,2.951,6,30
2021021295,2022-04-28,MIN,8475660,1.727,2,33
2021021295,2022-04-28,CGY,8474593,1.905,3,25
2021021296,2022-04-28,COL,8475311,3.358,4,37
2021021296,2022-04-28,NSH,8479496,3.627,4,46
2021021297,2022-04-28,EDM,8475156,4.564,4,44
2021021297,2022-04-28,SJS,8473503,4.752,5,31
2021021305,2022-04-28,CBJ,8478007,3.361,2,27
2021021305,2022-04-28,TBL,8470880,3.575,4,34
2021021310,2022-04-28,VAN,8477484,4.142,2,35
2021021310,2022-04-28,LAK,8477361,4.176,3,29
2021021169,2022-04-29,PIT,8479193,3.768,3,36
2021021169,2022-04-29,CBJ,8475234,0.929,3,8
2021021169,2022-04-29,CBJ,8478007,3.136,2,42
2021021207,2022-04-29,EDM,8475156,4.442,2,41
2021021207,2022-04-29,VAN,8477484,3.311,2,33
2021021292,2022-04-29,NYI,8478009,4.662,5,33
2021021292,2022-04-29,TBL,8476883,4.257,4,38
2021021298,2022-04-29,BUF,8474682,1.895,2,21
2021021298,2022-04-29,CHI,8480420,2.888,3,36
2021021299,2022-04-29,TOR,8478902,2.130,2,26
2021021299,2022-04-29,BOS,8480280,2.289,4,26
2021021300,2022-04-29,MTL,8471679,2.993,2,39
2021021300,2022-04-29,FLA,8477992,3.984,10,37
2021021301,2022-04-29,NJD,8478406,2.315,4,34
2021021301,2022-04-29,DET,8476433,2.481,3,23
2021021302,2022-04-29,NYR,8480382,3.397,2,36
2021021302,2022-04-29,WSH,8478492,2.331,3,33
2021021303,2022-04-29,PHI,8474889,3.699,3,35
2021021303,2022-04-29,OTT,8476341,4.122,2,34
2021021306,2022-04-29,STL,8478024,3.748,6,44
2021021306,2022-04-29,VGK,8480313,2.331,4,18
2021021307,2022-04-29,DAL,8479979,1.709,2,21
2021021307,2022-04-29,ANA,8476434,0.558,0,5
2021021307,2022-04-29,ANA,8476932,1.453,2,10
2021021307,2022-04-29,ANA,8480591,0.201,1,3
2021021308,2022-04-29,MIN,8470594,2.231,1,28
2021021308,2022-04-29,COL,8480925,2.214,3,21
2021021309,2022-04-29,WPG,8476945,2.756,1,33
2021021309,2022-04-29,CGY,8478435,4.356,2,42
2021021311,2022-04-29,ARI,8474667,3.036,0,27
2021021311,2022-04-29,ARI,8478872,0.588,4,6
2021021311,2022-04-29,NSH,8478971,2.392,5,27
2021021312,2022-04-29,SEA,8476904,1.703,0,24
2021021312,2022-04-29,SJS,8478039,2.625,2,30
2021021179,2022-05-01,WPG,8477480,3.105,3,30
2021021179,2022-05-01,SEA,8476904,3.171,4,27
2022020001,2022-10-07,NSH,8477424,2.833,1,31
2022020001,2022-10-07,SJS,8473503,3.441,3,31
2022020002,2022-10-08,SJS,8478039,1.469,3,18
2022020002,2022-10-08,NSH,8480947,3.142,2,33
2022020003,2022-10-11,NYR,8478048,2.811,1,26
2022020003,2022-10-11,TBL,8476883,4.839,3,39
2022020004,2022-10-11,LAK,8471734,4.353,4,51
2022020004,2022-10-11,VGK,8480313,3.005,3,30
2022020005,2022-10-12,WSH,8475311,2.528,4,29
2022020005,2022-10-12,BOS,8476999,3.453,2,35
2022020006,2022-10-12,CAR,8475883,2.508,1,32
2022020006,2022-10-12,CBJ,8480193,3.334,4,43
2022020007,2022-10-12,MTL,8474596,3.698,3,32
2022020007,2022-10-12,TOR,8476899,2.399,4,23
2022020008,2022-10-12,COL,8480382,1.662,2,17
2022020008,2022-10-12,CHI,8475852,2.516,5,35
2022020009,2022-10-12,ANA,8476434,4.480,4,48
2022020009,2022-10-12,SEA,8475831,2.606,5,27
2022020010,2022-10-12,EDM,8475789,3.053,3,36
2022020010,2022-10-12,VAN,8477967,2.609,4,24
2022020011,2022-10-13,PIT,8477465,2.642,2,28
2022020011,2022-10-13,ARI,8478872,5.347,6,53
2022020012,2022-10-13,PHI,8479394,3.562,2,37
2022020012,2022-10-13,NJD,8478406,2.279,4,24
2022020013,2022-10-13,BUF,8467950,2.537,1,36
2022020013,2022-10-13,OTT,8476341,2.684,2,34
2022020014,2022-10-13,NYI,8478009,3.892,2,28
2022020014,2022-10-13,FLA,8475683,4.068,1,33
2022020015,2022-10-13,TOR,8478492,2.268,2,26
2022020015,2022-10-13,WSH,8479292,4.022,3,39
2022020016,2022-10-13,NSH,8477424,3.504,4,29
2022020016,2022-10-13,DAL,8479979,2.270,1,32
2022020017,2022-10-13,MIN,8470594,3.143,7,35
2022020017,2022-10-13,NYR,8478048,3.699,3,36
2022020018,2022-10-13,CGY,8474593,2.679,3,25
2022020018,2022-10-13,COL,8480925,2.908,5,27
2022020019,2022-10-13,VGK,8480313,1.984,0,27
2022020019,2022-10-13,CHI,8471774,3.365,1,37
2022020020,2022-10-13,LAK,8471734,2.372,3,21
2022020020,2022-10-13,SEA,8474889,2.566,1,27
2022020021,2022-10-14,CBJ,8480193,3.629,5,39
2022020021,2022-10-14,TBL,8476883,2.940,2,28
2022020022,2022-10-14,DET,8478024,1.617,0,29
2022020022,2022-10-14,MTL,8474596,4.018,1,38
2022020023,2022-10-14,WPG,8476945,3.861,1,41
2022020023,2022-10-14,NYR,8470860,3.652,3,33
2022020024,2022-10-14,SJS,8473503,3.078,2,35
2022020024,2022-10-14,CAR,8477293,1.740,1,19
2022020025,2022-10-15,BUF,8477480,4.541,4,37
2022020025,2022-10-15,FLA,8481519,2.094,3,27
2022020026,2022-10-15,PHI,8479394,2.612,2,30
2022020026,2022-10-15,VAN,8477967,2.113,3,31
2022020027,2022-10-15,BOS,8480280,2.267,3,24
2022020027,2022-10-15,ARI,8478872,4.337,5,42
2022020028,2022-10-15,NJD,8477970,2.418,5,22
2022020028,2022-10-15,DET,8477968,4.368,2,39
2022020029,2022-10-15,WSH,8475311,2.200,1,22
2022020029,2022-10-15,MTL,8478470,3.552,3,29
2022020030,2022-10-15,TOR,8478492,2.832,2,28
2022020030,2022-10-15,OTT,8476341,3.242,3,32
2022020031,2022-10-15,PIT,8477465,2.350,2,36
2022020031,2022-10-15,TBL,8470880,5.030,5,44
2022020032,2022-10-15,NYI,8478009,2.529,1,23
2022020032,2022-10-15,ANA,8476434,2.317,5,27
2022020032,2022-10-15,ANA,8476932,1.349,2,11
2022020033,2022-10-15,STL,8476412,1.783,2,25
2022020033,2022-10-15,CBJ,8478007,2.741,5,25
2022020034,2022-10-15,MIN,8470594,1.732,4,14
2022020034,2022-10-15,MIN,8479406,1.341,3,20
2022020034,2022-10-15,LAK,8477361,3.176,6,35
2022020035,2022-10-15,DAL,8479979,3.076,1,30
2022020035,2022-10-15,NSH,8477424,2.866,4,21
2022020036,2022-10-15,EDM,8475789,1.189,4,11
2022020036,2022-10-15,EDM,8479973,3.719,0,31
2022020036,2022-10-15,CGY,8478435,3.297,3,29
2022020037,2022-10-15,SEA,8474889,2.247,5,24
2022020037,2022-10-15,SEA,8475831,0.634,0,6
2022020037,2022-10-15,VGK,8478499,2.366,2,33
2022020038,2022-10-15,SJS,8478039,1.985,5,25
2022020038,2022-10-15,CHI,8475852,2.323,2,26
2022020039,2022-10-17,NYR,8478048,1.950,4,22
2022020039,2022-10-17,ANA,8476434,3.019,5,34
2022020039,2022-10-17,ANA,8476932,1.446,1,9
2022020040,2022-10-17,TOR,8478902,2.070,3,18
2022020040,2022-10-17,ARI,8478872,3.579,2,28
2022020041,2022-10-17,BOS,8476999,3.811,3,41
2022020041,2022-10-17,FLA,8475683,2.962,4,33
2022020042,2022-10-17,MTL,8478470,2.535,2,28
2022020042,2022-10-17,PIT,8479193,3.379,3,39
2022020043,2022-10-17,WSH,8475311,2.499,4,30
2022020043,2022-10-17,VAN,8477967,2.905,6,30
2022020044,2022-10-17,DET,8478024,3.604,5,36
2022020044,2022-10-17,LAK,8471734,3.130,4,33
2022020045,2022-10-17,MIN,8479406,2.996,5,37
2022020045,2022-10-17,COL,8480382,2.755,3,39
2022020046,2022-10-17,DAL,8479979,3.073,1,25
2022020046,2022-10-17,WPG,8476945,3.371,4,29
2022020047,2022-10-17,SEA,8475831,3.064,5,34
2022020047,2022-10-17,CAR,8475883,2.112,1,23
2022020048,2022-10-18,NJD,8478406,2.273,2,20
2022020048,2022-10-18,ANA,8476932,4.210,4,41
2022020049,2022-10-18,OTT,8476341,3.559,5,34
2022020049,2022-10-18,BOS,8476999,0.815,1,6
2022020049,2022-10-18,BOS,8480280,2.638,6,25
2022020050,2022-10-18,CBJ,8478007,2.357,3,35
2022020050,2022-10-18,VAN,8477484,3.264,4,33
2022020051,2022-10-18,NYI,8473575,2.601,2,28
2022020051,2022-10-18,SJS,8473503,3.601,4,45
2022020052,2022-10-18,NSH,8477424,4.465,3,35
2022020052,2022-10-18,LAK,8477361,4.213,3,32
2022020053,2022-10-18,TBL,8476883,2.497,3,24
2022020053,2022-10-18,PHI,8479394,4.019,2,38
2022020054,2022-10-18,EDM,8479973,2.585,3,23
2022020054,2022-10-18,BUF,8477480,5.755,2,48
2022020055,2022-10-18,CGY,8474593,1.926,2,21
2022020055,2022-10-18,VGK,8480313,3.727,3,40
2022020056,2022-10-19,FLA,8475683,2.593,3,33
2022020056,2022-10-19,PHI,8478433,3.404,4,36
2022020057,2022-10-19,COL,8480382,2.522,4,28
2022020057,2022-10-19,WPG,8476945,2.460,3,33
2022020058,2022-10-19,SEA,8474889,2.763,4,28
2022020058,2022-10-19,STL,8476412,4.025,3,35
2022020059,2022-10-20,BOS,8476999,2.067,1,31
2022020059,2022-10-20,ANA,8476434,2.965,1,36
2022020060,2022-10-20,MTL,8474596,2.331,2,27
2022020060,2022-10-20,ARI,8478971,2.156,5,29
2022020061,2022-10-20,TOR,8478492,2.741,2,28
2022020061,2022-10-20,DAL,8475809,4.378,3,43
2022020062,2022-10-20,PIT,8477465,3.773,1,40
2022020062,2022-10-20,LAK,8471734,2.221,3,25
2022020062,2022-10-20,LAK,8477361,0.635,3,9
2022020063,2022-10-20,CBJ,8478007,2.650,3,26
2022020063,2022-10-20,NSH,8480947,3.903,4,41
2022020064,2022-10-20,NYR,8478048,2.766,3,27
2022020064,2022-10-20,SJS,8473503,3.004,2,23
2022020065,2022-10-20,OTT,8476341,2.017,2,24
2022020065,2022-10-20,WSH,8475311,3.392,3,42
2022020066,2022-10-20,NYI,8478009,3.600,3,42
2022020066,2022-10-20,NJD,8478406,1.734,1,17
2022020067,2022-10-20,MIN,8470594,3.031,3,26
2022020067,2022-10-20,VAN,8477967,3.478,4,37
2022020068,2022-10-20,CGY,8474593,1.504,3,12
2022020068,2022-10-20,CGY,8478435,2.271,2,19
2022020068,2022-10-20,BUF,8477480,3.185,3,43
2022020069,2022-10-20,EDM,8475789,3.478,4,40
2022020069,2022-10-20,CAR,8475883,3.021,5,32
2022020070,2022-10-20,VGK,8478499,1.627,2,28
2022020070,2022-10-20,WPG,8479496,2.402,4,31
2022020071,2022-10-21,FLA,8475683,4.218,3,32
2022020071,2022-10-21,TBL,8476883,3.052,2,38
2022020072,2022-10-21,CHI,8471774,1.230,0,10
2022020072,2022-10-21,CHI,8475852,1.351,3,18
2022020072,2022-10-21,DET,8477968,2.787,4,29
2022020073,2022-10-21,COL,8480925,2.884,3,38
2022020073,2022-10-21,SEA,8474889,0.256,0,1
2022020073,2022-10-21,SEA,8475831,1.559,2,19
2022020074,2022-10-22,BOS,8476999,1.654,3,27
2022020074,2022-10-22,MIN,8470594,4.593,4,43
2022020075,2022-10-22,NJD,8478406,2.003,1,22
2022020075,2022-10-22,SJS,8478039,3.618,2,36
2022020076,2022-10-22,OTT,8476341,1.562,2,22
2022020076,2022-10-22,ARI,8478872,2.983,6,32
2022020077,2022-10-22,EDM,8475789,2.083,1,21
2022020077,2022-10-22,STL,8476412,2.148,0,23
2022020078,2022-10-22,MTL,8474596,3.449,5,30
2022020078,2022-10-22,DAL,8479979,2.353,2,34
2022020079,2022-10-22,WSH,8475311,1.891,3,26
2022020079,2022-10-22,LAK,8471734,2.918,4,32
2022020080,2022-10-22,TBL,8470880,3.335,3,35
2022020080,2022-10-22,NYI,8478009,2.771,5,26
2022020081,2022-10-22,CBJ,8478007,3.505,6,39
2022020081,2022-10-22,PIT,8477465,2.417,3,32
2022020082,2022-10-22,WPG,8476945,2.837,3,27
2022020082,2022-10-22,TOR,8478492,3.166,1,31
2022020083,2022-10-22,NSH,8477424,1.878,3,25
2022020083,2022-10-22,PHI,8479394,3.011,1,32
2022020084,2022-10-22,VAN,8477967,3.185,4,26
2022020084,2022-10-22,BUF,8467950,2.769,1,30
2022020085,2022-10-22,CGY,8474593,3.131,2,27
2022020085,2022-10-22,CAR,8477293,2.774,3,32
2022020086,2022-10-22,VGK,8480313,1.765,3,25
2022020086,2022-10-22,COL,8480382,2.976,2,35
2022020087,2022-10-23,CHI,8471774,2.870,4,34
2022020087,2022-10-23,SEA,8474889,2.500,5,27
2022020088,2022-10-23,DET,8478024,2.677,1,33
2022020088,2022-10-23,ANA,8476434,3.691,5,41
2022020089,2022-10-23,NYR,8470860,2.006,5,21
2022020089,2022-10-23,CBJ,8480193,3.218,1,31
2022020090,2022-10-23,FLA,8481519,1.976,2,26
2022020090,2022-10-23,NYI,8473575,2.574,3,32
2022020091,2022-10-23,PHI,8478433,2.120,2,24
2022020091,2022-10-23,SJS,8473503,1.985,0,30
2022020092,2022-10-24,OTT,8476433,3.128,2,31
2022020092,2022-10-24,DAL,8475809,3.798,4,32
2022020093,2022-10-24,NJD,8477970,0.309,1,4
2022020093,2022-10-24,NJD,8478406,2.111,5,18
2022020093,2022-10-24,WSH,8479292,5.054,3,41
2022020094,2022-10-24,EDM,8475789,2.923,3,35
2022020094,2022-10-24,PIT,8477465,4.457,6,47
2022020095,2022-10-24,WPG,8476945,2.133,0,25
2022020095,2022-10-24,STL,8471306,3.894,3,42
2022020096,2022-10-24,VGK,8480313,3.017,1,23
2022020096,2022-10-24,TOR,8478492,4.430,3,33
2022020097,2022-10-24,VAN,8477967,2.954,3,39
2022020097,2022-10-24,CAR,8475883,1.614,2,16
2022020098,2022-10-25,CBJ,8478007,0.666,1,6
2022020098,2022-10-25,CBJ,8480193,1.443,4,12
2022020098,2022-10-25,ARI,8478971,3.574,3,33
2022020099,2022-10-25,NYR,8478048,3.763,2,44
2022020099,2022-10-25,COL,8480382,4.292,2,46
2022020100,2022-10-25,BOS,8476999,2.887,1,31
2022020100,2022-10-25,DAL,8479979,2.924,2,28
2022020101,2022-10-25,MTL,8474596,3.432,2,30
2022020101,2022-10-25,MIN,8470594,2.929,1,27
2022020102,2022-10-25,DET,8477968,2.481,6,41
2022020102,2022-10-25,NJD,8477970,1.949,2,22
2022020103,2022-10-25,CHI,8471774,2.871,2,31
2022020103,2022-10-25,FLA,8475683,1.266,3,21
2022020104,2022-10-25,CGY,8474593,3.055,1,33
2022020104,2022-10-25,PIT,8479193,3.417,4,36
2022020105,2022-10-25,SEA,8474889,1.706,1,16
2022020105,2022-10-25,BUF,8477480,3.057,5,24
2022020106,2022-10-25,LAK,8471734,2.620,2,25
2022020106,2022-10-25,TBL,8476883,3.242,4,33
2022020107,2022-10-25,SJS,8473503,2.938,4,31
2022020107,2022-10-25,VGK,8478499,2.827,2,31
2022020108,2022-10-26,NYI,8478009,4.307,0,41
2022020108,2022-10-26,NYR,8470860,3.236,3,29
2022020109,2022-10-26,STL,8476412,2.638,2,27
2022020109,2022-10-26,EDM,8479973,3.345,1,38
2022020110,2022-10-26,ANA,8476434,2.638,3,29
2022020110,2022-10-26,TBL,8470880,1.728,2,21
2022020111,2022-10-27,BOS,8480280,2.968,1,29
2022020111,2022-10-27,DET,8478024,3.389,5,33
2022020112,2022-10-27,PHI,8479394,4.661,3,51
2022020112,2022-10-27,FLA,8475683,1.719,4,22
2022020113,2022-10-27,OTT,8476341,3.053,3,39
2022020113,2022-10-27,MIN,8470594,2.950,2,29
2022020114,2022-10-27,BUF,8477480,2.549,3,34
2022020114,2022-10-27,MTL,8478470,3.795,2,45
2022020115,2022-10-27,NSH,8477424,2.994,2,35
2022020115,2022-10-27,STL,8471306,3.464,5,41
2022020116,2022-10-27,CHI,8471774,3.129,6,38
2022020116,2022-10-27,EDM,8475789,3.338,5,36
2022020117,2022-10-27,DAL,8479979,2.905,0,27
2022020117,2022-10-27,WSH,8475311,2.257,2,27
2022020118,2022-10-27,SEA,8474889,1.577,4,18
2022020118,2022-10-27,VAN,8477967,3.085,4,36
2022020119,2022-10-27,SJS,8478039,2.248,3,25
2022020119,2022-10-27,TOR,8478902,2.511,4,31
2022020120,2022-10-27,LAK,8471734,2.164,5,18
2022020120,2022-10-27,WPG,8476945,4.202,4,44
2022020121,2022-10-28,VGK,8480313,2.155,0,29
2022020121,2022-10-28,ANA,8476434,1.994,4,18
2022020121,2022-10-28,ANA,8476932,0.545,0,4
2022020122,2022-10-28,CBJ,8478007,2.388,4,29
2022020122,2022-10-28,CBJ,8480193,0.399,0,6
2022020122,2022-10-28,BOS,8476999,2.021,0,30
2022020123,2022-10-28,NJD,8477970,2.668,0,24
2022020123,2022-10-28,COL,8480925,2.498,1,23
2022020124,2022-10-28,CAR,8475883,2.475,5,31
2022020124,2022-10-28,NYI,8478009,3.385,2,35
2022020125,2022-10-28,VAN,8477484,3.269,1,35
2022020125,2022-10-28,PIT,8477465,2.922,4,28
2022020126,2022-10-28,ARI,8478872,3.367,3,35
2022020126,2022-10-28,WPG,8479496,1.973,2,21
2022020127,2022-10-29,DAL,8475809,1.678,4,17
2022020127,2022-10-29,DAL,8479979,1.243,2,10
2022020127,2022-10-29,NYR,8478048,3.120,3,33
2022020128,2022-10-29,FLA,8481519,2.803,3,26
2022020128,2022-10-29,OTT,8476341,4.639,4,57
2022020129,2022-10-29,SJS,8473503,3.864,4,26
2022020129,2022-10-29,TBL,8476883,2.778,3,27
2022020130,2022-10-29,PHI,8479394,3.887,4,38
2022020130,2022-10-29,CAR,8477293,2.959,3,29
2022020131,2022-10-29,BUF,8467950,2.807,3,26
2022020131,2022-10-29,CHI,8482821,4.649,4,45
2022020132,2022-10-29,DET,8478024,2.343,1,31
2022020132,2022-10-29,MIN,8479406,1.744,2,25
2022020133,2022-10-29,STL,8476412,2.802,6,24
2022020133,2022-10-29,MTL,8474596,3.160,4,30
2022020134,2022-10-29,LAK,8477361,3.170,2,28
2022020134,2022-10-29,TOR,8478492,2.740,4,29
2022020135,2022-10-29,NYI,8473575,3.508,4,37
2022020135,2022-10-29,COL,8480382,4.590,4,43
2022020136,2022-10-29,NSH,8477424,3.761,2,34
2022020136,2022-10-29,WSH,8475311,3.734,0,34
2022020137,2022-10-29,CGY,8474593,2.975,3,26
2022020137,2022-10-29,EDM,8479973,3.700,2,42
2022020138,2022-10-29,SEA,8474889,3.020,1,33
2022020138,2022-10-29,PIT,8479193,3.412,2,29
2022020139,2022-10-30,NJD,8477970,0.859,1,21
2022020139,2022-10-30,CBJ,8478007,5.384,7,53
2022020140,2022-10-30,CHI,8471774,3.076,3,35
2022020140,2022-10-30,MIN,8470594,1.778,3,26
2022020141,2022-10-30,ARI,8478971,3.504,3,39
2022020141,2022-10-30,NYR,8478048,2.164,2,20
2022020142,2022-10-30,ANA,8476434,4.933,3,36
2022020142,2022-10-30,TOR,8478902,3.460,4,39
2022020143,2022-10-30,VGK,8478499,2.132,1,24
2022020143,2022-10-30,WPG,8476945,6.323,2,48
2022020144,2022-10-31,BUF,8477480,1.736,3,18
2022020144,2022-10-31,DET,8477968,3.688,8,46
2022020145,2022-10-31,CAR,8475883,1.597,2,20
2022020145,2022-10-31,WSH,8475311,4.034,2,35
2022020146,2022-10-31,STL,8471306,1.026,0,11
2022020146,2022-10-31,STL,8476412,1.960,5,19
2022020146,2022-10-31,LAK,8471734,3.047,1,28
2022020147,2022-11-01,PIT,8477465,3.659,6,40
2022020147,2022-11-01,BOS,8476999,4.655,5,34
2022020147,2022-11-01,BOS,8480280,0.415,0,4
2022020148,2022-11-01,TBL,8476883,2.203,3,15
2022020148,2022-11-01,OTT,8476341,3.191,4,34
2022020149,2022-11-01,NYR,8478048,1.789,0,19
2022020149,2022-11-01,PHI,8479394,4.674,1,36
2022020150,2022-11-01,WSH,8479292,2.364,3,31
2022020150,2022-11-01,VGK,8480313,1.560,2,21
2022020151,2022-11-01,MIN,8470594,2.264,1,35
2022020151,2022-11-01,MTL,8474596,3.665,3,30
2022020152,2022-11-01,CHI,8471774,0.136,0,2
2022020152,2022-11-01,CHI,8482821,2.227,2,30
2022020152,2022-11-01,NYI,8478009,1.821,1,22
2022020153,2022-11-01,DAL,8475809,2.437,2,32
2022020153,2022-11-01,LAK,8477361,3.364,5,40
2022020154,2022-11-01,EDM,8475789,2.215,4,23
2022020154,2022-11-01,NSH,8477424,3.982,6,36
2022020155,2022-11-01,CGY,8478435,1.566,5,26
2022020155,2022-11-01,SEA,8478916,2.857,4,40
2022020156,2022-11-01,ARI,8478872,4.178,1,42
2022020156,2022-11-01,FLA,8481519,1.611,2,20
2022020157,2022-11-01,VAN,8477967,2.846,4,36
2022020157,2022-11-01,NJD,8478406,2.853,2,23
2022020158,2022-11-01,SJS,8478039,3.111,5,44
2022020158,2022-11-01,ANA,8476932,3.798,5,45
2022020159,2022-11-02,TOR,8478492,1.706,2,25
2022020159,2022-11-02,PHI,8478433,4.421,5,44
2022020160,2022-11-02,BUF,8477480,1.838,3,21
2022020160,2022-11-02,PIT,8479193,2.051,4,31
2022020161,2022-11-03,NYR,8478048,4.087,4,36
2022020161,2022-11-03,BOS,8476999,1.581,2,20
2022020162,2022-11-03,TBL,8476883,5.194,3,55
2022020162,2022-11-03,CAR,8475883,2.581,3,26
2022020163,2022-11-03,OTT,8475660,1.175,0,13
2022020163,2022-11-03,OTT,8476341,2.153,5,19
2022020163,2022-11-03,VGK,8480313,4.325,4,46
2022020164,2022-11-03,DET,8478024,2.686,1,34
2022020164,2022-11-03,WSH,8475311,2.055,2,25
2022020165,2022-11-03,WPG,8476945,2.840,2,22
2022020165,2022-11-03,MTL,8478470,3.961,3,36
2022020166,2022-11-03,STL,8476412,3.072,4,29
2022020166,2022-11-03,NYI,8478009,3.059,2,34
2022020167,2022-11-03,MIN,8470594,1.606,4,23
2022020167,2022-11-03,SEA,8474889,1.489,0,22
2022020168,2022-11-03,CHI,8482821,2.476,1,33
2022020168,2022-11-03,LAK,8471734,1.475,2,19
2022020169,2022-11-03,CGY,8474593,2.986,3,31
2022020169,2022-11-03,NSH,8480947,2.498,1,30
2022020170,2022-11-03,EDM,8479973,4.030,4,43
2022020170,2022-11-03,NJD,8477970,2.477,1,19
2022020170,2022-11-03,NJD,8478406,1.794,2,18
2022020171,2022-11-03,VAN,8477484,2.053,5,31
2022020171,2022-11-03,ANA,8476434,3.641,7,46
2022020172,2022-11-03,ARI,8478872,1.771,4,26
2022020172,2022-11-03,ARI,8478971,1.078,3,10
2022020172,2022-11-03,DAL,8475809,2.231,2,30
2022020173,2022-11-03,SJS,8473503,4.329,3,44
2022020173,2022-11-03,FLA,8475683,3.413,3,39
2022020174,2022-11-04,CAR,8477293,2.733,3,25
2022020174,2022-11-04,BUF,8467950,2.641,4,32
2022020175,2022-11-04,COL,8480382,4.914,3,39
2022020175,2022-11-04,CBJ,8478007,3.008,5,35
2022020176,2022-11-05,WPG,8476945,2.261,0,30
2022020176,2022-11-05,CHI,8479380,1.852,1,13
2022020176,2022-11-05,CHI,8482821,1.967,3,24
2022020177,2022-11-05,EDM,8475789,3.898,6,36
2022020177,2022-11-05,DAL,8475809,3.688,2,30
2022020178,2022-11-05,WSH,8475311,2.920,3,26
2022020178,2022-11-05,ARI,8478872,3.447,2,36
2022020179,2022-11-05,TOR,8478492,0.664,1,14
2022020179,2022-11-05,TOR,8478902,0.748,0,7
2022020179,2022-11-05,BOS,8476999,2.149,2,28
2022020180,2022-11-05,TBL,8470880,3.123,3,24
2022020180,2022-11-05,BUF,8477480,3.500,4,29
2022020181,2022-11-05,DET,8478024,2.357,0,24
2022020181,2022-11-05,NYI,8473575,1.484,2,24
2022020181,2022-11-05,NYI,8478009,0.257,1,2
2022020182,2022-11-05,OTT,8475660,2.251,2,28
2022020182,2022-11-05,PHI,8479394,3.966,1,34
2022020183,2022-11-05,PIT,8477465,2.161,3,28
2022020183,2022-11-05,SEA,8474889,3.672,2,37
2022020184,2022-11-05,MTL,8474596,4.077,6,42
2022020184,2022-11-05,VGK,8478499,2.232,4,31
2022020185,2022-11-05,CBJ,8476914,3.811,5,45
2022020185,2022-11-05,COL,8480382,1.986,1,32
2022020186,2022-11-05,VAN,8477967,2.837,3,30
2022020186,2022-11-05,NSH,8477424,4.257,3,45
2022020187,2022-11-05,CGY,8474593,4.005,4,35
2022020187,2022-11-05,NJD,8477970,2.536,3,30
2022020188,2022-11-05,SJS,8473503,2.868,4,25
2022020188,2022-11-05,ANA,8476932,5.143,4,52
2022020189,2022-11-05,LAK,8471734,3.516,4,38
2022020189,2022-11-05,FLA,8475683,3.925,5,39
2022020190,2022-11-06,NYR,8470860,3.253,3,36
2022020190,2022-11-06,DET,8477968,2.281,2,29
2022020191,2022-11-06,CAR,8475883,2.144,3,21
2022020191,2022-11-06,TOR,8478902,3.719,1,30
2022020192,2022-11-06,ANA,8476434,3.838,4,47
2022020192,2022-11-06,FLA,8481519,2.737,3,35
2022020193,2022-11-07,NYI,8478009,3.622,3,46
2022020193,2022-11-07,CGY,8474593,3.054,4,32
2022020194,2022-11-07,BOS,8476999,2.603,1,27
2022020194,2022-11-07,STL,8476412,3.006,3,37
2022020195,2022-11-07,WSH,8479292,3.180,4,29
2022020195,2022-11-07,EDM,8479973,3.061,5,31
2022020196,2022-11-08,BUF,8477480,1.664,3,23
2022020196,2022-11-08,ARI,8478872,3.300,1,33
2022020197,2022-11-08,NJD,8477970,3.541,2,35
2022020197,2022-11-08,CGY,8474593,2.055,3,20
2022020198,2022-11-08,NYR,8478048,2.469,4,26
2022020198,2022-11-08,NYI,8473575,3.766,3,40
2022020199,2022-11-08,PHI,8478433,3.123,1,28
2022020199,2022-11-08,STL,8471306,2.133,5,35
2022020200,2022-11-08,OTT,8475660,2.662,5,27
2022020200,2022-11-08,VAN,8477484,4.575,4,41
2022020201,2022-11-08,TOR,8478902,2.789,4,20
2022020201,2022-11-08,VGK,8480313,3.359,3,31
2022020202,2022-11-08,TBL,8476883,2.820,3,29
2022020202,2022-11-08,EDM,8475789,3.247,2,37
2022020203,2022-11-08,DET,8478024,1.931,2,33
2022020203,2022-11-08,MTL,8474596,3.913,2,43
2022020204,2022-11-08,WPG,8476945,1.750,1,22
2022020204,2022-11-08,DAL,8475809,2.806,4,32
2022020205,2022-11-08,SEA,8474889,2.610,1,25
2022020205,2022-11-08,NSH,8477424,0.498,4,6
2022020205,2022-11-08,NSH,8480947,1.400,0,13
2022020206,2022-11-08,LAK,8471734,1.392,0,21
2022020206,2022-11-08,MIN,8470594,2.772,1,30
2022020207,2022-11-09,FLA,8481519,3.813,0,40
2022020207,2022-11-09,CAR,8477293,3.133,2,36
2022020208,2022-11-09,WSH,8475311,2.990,3,27
2022020208,2022-11-09,PIT,8479193,2.360,1,25
2022020209,2022-11-09,MTL,8478470,2.654,2,33
2022020209,2022-11-09,VAN,8477967,2.550,5,29
2022020210,2022-11-09,ANA,8476434,3.647,4,39
2022020210,2022-11-09,MIN,8479406,2.761,1,32
2022020211,2022-11-10,BOS,8476999,2.421,1,32
2022020211,2022-11-10,CGY,8478435,2.793,2,27
2022020212,2022-11-10,CAR,8481611,3.227,2,22
2022020212,2022-11-10,EDM,8475789,3.682,7,32
2022020213,2022-11-10,NJD,8477970,2.042,3,21
2022020213,2022-11-10,NJD,8481033,1.582,0,7
2022020213,2022-11-10,OTT,8476341,4.453,4,41
2022020214,2022-11-10,CBJ,8476914,3.907,2,34
2022020214,2022-11-10,PHI,8479394,2.953,3,27
2022020215,2022-11-10,BUF,8477480,2.873,6,35
2022020215,2022-11-10,VGK,8480313,3.528,4,35
2022020216,2022-11-10,NYI,8478009,3.354,1,27
2022020216,2022-11-10,ARI,8478872,2.533,0,24
2022020217,2022-11-10,DET,8478024,3.303,8,33
2022020217,2022-11-10,NYR,8478048,1.379,2,20
2022020218,2022-11-10,STL,8476412,2.972,3,30
2022020218,2022-11-10,SJS,8478039,3.502,4,32
2022020219,2022-11-10,COL,8480382,2.320,3,35
2022020219,2022-11-10,NSH,8480947,2.937,5,35
2022020220,2022-11-10,LAK,8471734,3.546,1,32
2022020220,2022-11-10,CHI,8475852,4.403,2,35
2022020221,2022-11-11,TOR,8478902,1.591,3,22
2022020221,2022-11-11,PIT,8479193,2.723,2,30
2022020222,2022-11-11,WSH,8475311,3.625,1,29
2022020222,2022-11-11,TBL,8476883,2.794,5,24
2022020223,2022-11-11,DAL,8479979,1.872,5,18
2022020223,2022-11-11,SJS,8473503,3.437,4,29
2022020224,2022-11-11,SEA,8474889,1.886,1,21
2022020224,2022-11-11,MIN,8470594,2.634,0,28
2022020225,2022-11-12,PHI,8479394,1.857,3,26
2022020225,2022-11-12,OTT,8475660,2.549,1,38
2022020226,2022-11-12,FLA,8481519,2.501,3,31
2022020226,2022-11-12,EDM,8479973,3.392,2,42
2022020227,2022-11-12,NJD,8481033,1.765,2,18
2022020227,2022-11-12,ARI,8478872,2.944,4,26
2022020228,2022-11-12,BUF,8467950,3.036,3,30
2022020228,2022-11-12,BOS,8476234,3.104,1,31
2022020229,2022-11-12,MTL,8474596,2.463,4,24
2022020229,2022-11-12,PIT,8477465,3.008,5,42
2022020230,2022-11-12,TOR,8478902,2.147,2,29
2022020230,2022-11-12,VAN,8477484,3.106,3,34
2022020231,2022-11-12,NYI,8478009,2.798,3,29
2022020231,2022-11-12,CBJ,8476914,4.685,4,46
2022020232,2022-11-12,NSH,8477424,3.221,1,35
2022020232,2022-11-12,NYR,8470860,2.232,2,18
2022020233,2022-11-12,COL,8480925,2.067,1,25
2022020233,2022-11-12,CAR,8477293,2.779,3,27
2022020234,2022-11-12,ANA,8476932,1.983,3,22
2022020234,2022-11-12,CHI,8482821,3.432,2,41
2022020235,2022-11-12,VGK,8478499,2.442,3,28
2022020235,2022-11-12,STL,8476412,2.428,2,36
2022020236,2022-11-12,CGY,8474593,1.999,2,23
2022020236,2022-11-12,WPG,8476945,2.256,3,35
2022020237,2022-11-12,LAK,8477361,2.279,3,21
2022020237,2022-11-12,DET,8477968,1.830,4,21
2022020238,2022-11-13,PHI,8478433,3.212,5,31
2022020238,2022-11-13,DAL,8479979,3.226,1,38
2022020239,2022-11-13,NYR,8478048,2.314,1,32
2022020239,2022-11-13,ARI,8478971,2.857,4,27
2022020240,2022-11-13,MIN,8479406,3.364,2,37
2022020240,2022-11-13,SJS,8473503,2.708,2,30
2022020241,2022-11-13,BOS,8476999,2.794,2,31
2022020241,2022-11-13,VAN,8477967,2.610,4,32
2022020242,2022-11-13,TBL,8476883,2.056,3,22
2022020242,2022-11-13,WSH,8475311,0.997,4,9
2022020242,2022-11-13,WSH,8479292,2.257,1,25
2022020243,2022-11-13,SEA,8474889,4.174,3,30
2022020243,2022-11-13,WPG,8479496,2.816,2,21
2022020244,2022-11-14,OTT,8475660,1.902,3,34
2022020244,2022-11-14,NYI,8473575,4.081,2,38
2022020245,2022-11-14,CHI,8475852,1.949,3,32
2022020245,2022-11-14,CAR,8481611,2.723,0,27
2022020246,2022-11-14,CGY,8474593,2.234,5,29
2022020246,2022-11-14,LAK,8471734,3.333,6,30
2022020247,2022-11-14,COL,8480382,2.882,3,39
2022020247,2022-11-14,STL,8476412,3.403,2,47
2022020248,2022-11-15,TBL,8470880,3.395,4,32
2022020248,2022-11-15,DAL,8479979,4.763,5,38
2022020249,2022-11-15,MTL,8474596,3.078,4,38
2022020249,2022-11-15,NJD,8477970,2.511,1,26
2022020250,2022-11-15,CBJ,8476914,1.680,2,20
2022020250,2022-11-15,CBJ,8478007,1.021,2,17
2022020250,2022-11-15,PHI,8479394,3.339,5,33
2022020251,2022-11-15,PIT,8479193,3.327,4,32
2022020251,2022-11-15,TOR,8476899,3.347,2,37
2022020252,2022-11-15,BUF,8467950,3.295,5,32
2022020252,2022-11-15,VAN,8477484,3.145,4,32
2022020253,2022-11-15,FLA,8475683,3.247,2,43
2022020253,2022-11-15,WSH,8475311,2.885,4,42
2022020254,2022-11-15,NSH,8477424,3.196,1,33
2022020254,2022-11-15,MIN,8470594,2.296,2,25
2022020255,2022-11-15,ANA,8476434,3.082,2,33
2022020255,2022-11-15,DET,8478024,3.506,3,30
2022020256,2022-11-15,VGK,8480313,1.537,3,27
2022020256,2022-11-15,SJS,8473503,2.372,2,26
2022020257,2022-11-16,OTT,8476341,2.828,1,30
2022020257,2022-11-16,BUF,8467950,1.522,1,15
2022020257,2022-11-16,BUF,8477480,1.885,2,24
2022020258,2022-11-16,CHI,8482821,3.301,5,35
2022020258,2022-11-16,STL,8476412,2.471,2,27
2022020259,2022-11-16,EDM,8479973,2.232,2,31
2022020259,2022-11-16,LAK,8477361,1.935,1,23
2022020260,2022-11-17,TBL,8476883,2.625,1,40
2022020260,2022-11-17,CGY,8474593,3.149,3,23
2022020261,2022-11-17,CAR,8477293,1.703,3,15
2022020261,2022-11-17,COL,8480925,4.497,2,48
2022020262,2022-11-17,FLA,8475683,0.935,4,11
2022020262,2022-11-17,FLA,8481519,1.730,1,17
2022020262,2022-11-17,DAL,8475809,2.090,2,23
2022020262,2022-11-17,DAL,8479979,1.823,2,21
2022020263,2022-11-17,CBJ,8476914,3.606,4,42
2022020263,2022-11-17,MTL,8478470,2.693,5,28
2022020264,2022-11-17,TOR,8476899,3.190,3,33
2022020264,2022-11-17,NJD,8477970,1.878,2,27
2022020265,2022-11-17,BOS,8476999,2.056,1,23
2022020265,2022-11-17,PHI,8479394,4.253,4,32
2022020266,2022-11-17,WPG,8476945,2.533,2,31
2022020266,2022-11-17,ANA,8476434,4.034,3,32
2022020267,2022-11-17,NSH,8477424,3.452,4,33
2022020267,2022-11-17,NYI,8478009,2.983,5,31
2022020268,2022-11-17,MIN,8479406,3.093,5,31
2022020268,2022-11-17,PIT,8477465,2.520,4,23
2022020269,2022-11-17,STL,8471306,5.318,4,51
2022020269,2022-11-17,WSH,8479292,2.748,4,24
2022020270,2022-11-17,VGK,8480313,1.844,1,26
2022020270,2022-11-17,ARI,8478872,3.771,4,39
2022020271,2022-11-17,SEA,8474889,3.151,2,30
2022020271,2022-11-17,NYR,8478048,4.036,3,32
2022020272,2022-11-17,SJS,8473503,1.600,6,20
2022020272,2022-11-17,DET,8478024,2.618,4,25
2022020273,2022-11-18,VAN,8477967,3.872,1,38
2022020273,2022-11-18,LAK,8471734,2.166,4,25
2022020274,2022-11-19,OTT,8475660,1.794,1,17
2022020274,2022-11-19,OTT,8476341,1.647,3,18
2022020274,2022-11-19,NJD,8481033,2.268,1,26
2022020275,2022-11-19,FLA,8481519,3.199,4,35
2022020275,2022-11-19,CGY,8474593,2.812,4,35
2022020276,2022-11-19,TOR,8476899,2.867,2,34
2022020276,2022-11-19,BUF,8480045,2.879,5,24
2022020277,2022-11-19,BOS,8480280,1.139,1,18
2022020277,2022-11-19,CHI,8475852,4.541,6,43
2022020278,2022-11-19,WSH,8475311,3.448,4,29
2022020278,2022-11-19,COL,8480382,2.410,0,32
2022020279,2022-11-19,CBJ,8476914,3.536,6,37
2022020279,2022-11-19,DET,8478024,2.590,1,28
2022020280,2022-11-19,MTL,8474596,3.382,4,29
2022020280,2022-11-19,PHI,8479394,3.541,4,32
2022020281,2022-11-19,WPG,8476945,2.402,2,31
2022020281,2022-11-19,PIT,8477465,2.593,0,32
2022020282,2022-11-19,STL,8476412,2.476,2,32
2022020282,2022-11-19,ANA,8476434,2.154,5,29
2022020282,2022-11-19,ANA,8476932,0.619,1,5
2022020283,2022-11-19,MIN,8479406,1.610,1,21
2022020283,2022-11-19,CAR,8481611,1.923,2,21
2022020284,2022-11-19,DAL,8479979,2.293,2,29
2022020284,2022-11-19,NYI,8473575,3.779,4,34
2022020285,2022-11-19,NSH,8477424,4.025,3,39
2022020285,2022-11-19,TBL,8476883,2.424,2,32
2022020286,2022-11-19,SEA,8474889,1.935,2,29
2022020286,2022-11-19,LAK,8477361,2.482,3,29
2022020287,2022-11-19,EDM,8479973,3.771,3,34
2022020287,2022-11-19,VGK,8478499,3.679,4,23
2022020288,2022-11-19,SJS,8473503,3.619,1,42
2022020288,2022-11-19,NYR,8478048,2.413,1,23
2022020289,2022-11-20,CBJ,8480193,3.816,3,50
2022020289,2022-11-20,FLA,8475683,1.698,5,23
2022020290,2022-11-20,CHI,8482821,2.624,4,24
2022020290,2022-11-20,PIT,8479193,2.904,3,32
2022020291,2022-11-21,TBL,8476883,2.631,5,29
2022020291,2022-11-21,BOS,8476999,3.175,3,35
2022020292,2022-11-21,PHI,8479394,2.559,3,28
2022020292,2022-11-21,CGY,8474593,1.709,2,25
2022020293,2022-11-21,NJD,8477970,3.073,2,30
2022020293,2022-11-21,EDM,8479973,3.016,5,28
2022020294,2022-11-21,WPG,8479496,2.788,3,27
2022020294,2022-11-21,CAR,8481611,3.042,4,23
2022020295,2022-11-21,TOR,8478902,2.367,3,24
2022020295,2022-11-21,NYI,8478009,3.177,2,32
2022020296,2022-11-21,STL,8476412,3.167,1,28
2022020296,2022-11-21,ANA,8476434,2.735,2,26
2022020297,2022-11-21,NSH,8477424,2.711,3,27
2022020297,2022-11-21,ARI,8478971,5.274,3,45
2022020298,2022-11-21,DAL,8479979,4.839,2,35
2022020298,2022-11-21,COL,8480382,2.058,2,24
2022020299,2022-11-21,SJS,8478039,2.791,1,38
2022020299,2022-11-21,OTT,8475660,0.778,3,7
2022020299,2022-11-21,OTT,8476341,2.393,1,23
2022020300,2022-11-21,VAN,8477967,3.635,5,38
2022020300,2022-11-21,VGK,8480313,2.069,4,29
2022020301,2022-11-22,MTL,8474596,3.416,7,38
2022020301,2022-11-22,BUF,8467950,2.653,2,31
2022020302,2022-11-22,LAK,8477361,2.165,4,24
2022020302,2022-11-22,NYR,8478048,2.640,3,38
2022020303,2022-11-23,CAR,8481611,2.555,3,26
2022020303,2022-11-23,ARI,8478872,4.145,0,36
2022020304,2022-11-23,FLA,8481519,3.497,2,39
2022020304,2022-11-23,BOS,8480280,3.165,4,30
2022020305,2022-11-23,PIT,8477465,2.571,1,34
2022020305,2022-11-23,CGY,8478435,3.959,1,39
2022020306,2022-11-23,CBJ,8476914,1.818,2,28
2022020306,2022-11-23,MTL,8478470,3.471,1,31
2022020307,2022-11-23,BUF,8480045,3.575,2,36
2022020307,2022-11-23,STL,8476412,3.634,6,32
2022020308,2022-11-23,NJD,8477970,2.140,2,20
2022020308,2022-11-23,TOR,8476899,3.803,1,35
2022020309,2022-11-23,MIN,8479406,1.984,1,29
2022020309,2022-11-23,WPG,8476945,3.008,6,39
2022020310,2022-11-23,NYI,8478009,5.216,0,49
2022020310,2022-11-23,EDM,8475789,2.219,3,31
2022020311,2022-11-23,DET,8478024,3.484,0,26
2022020311,2022-11-23,NSH,8480947,2.538,2,28
2022020312,2022-11-23,WSH,8475311,1.939,2,23
2022020312,2022-11-23,PHI,8478433,3.637,3,32
2022020313,2022-11-23,DAL,8479979,2.632,4,31
2022020313,2022-11-23,CHI,8475852,3.139,5,38
2022020314,2022-11-23,ANA,8476434,4.385,2,43
2022020314,2022-11-23,NYR,8470860,2.740,3,22
2022020315,2022-11-23,VGK,8480313,3.938,1,40
2022020315,2022-11-23,OTT,8475660,2.931,3,35
2022020316,2022-11-23,SEA,8474889,2.327,5,26
2022020316,2022-11-23,SJS,8478039,2.272,7,26
2022020317,2022-11-23,COL,8480925,2.137,4,25
2022020317,2022-11-23,VAN,8477484,3.053,3,36
2022020318,2022-11-25,BOS,8476999,2.317,2,30
2022020318,2022-11-25,BOS,8480280,0.484,0,6
2022020318,2022-11-25,CAR,8481611,3.946,3,41
2022020319,2022-11-25,WSH,8475311,2.342,0,32
2022020319,2022-11-25,CGY,8474593,2.571,3,25
2022020321,2022-11-25,CHI,8482821,2.633,2,23
2022020321,2022-11-25,MTL,8478470,2.899,2,32
2022020322,2022-11-25,MIN,8470594,2.567,4,28
2022020322,2022-11-25,TOR,8476899,2.759,3,28
2022020323,2022-11-25,ANA,8476932,3.616,5,33
2022020323,2022-11-25,OTT,8475660,3.253,1,32
2022020324,2022-11-25,PHI,8478433,0.934,0,8
2022020324,2022-11-25,PHI,8479394,2.280,4,21
2022020324,2022-11-25,PIT,8477465,1.722,1,30
2022020325,2022-11-25,DET,8478024,2.623,3,24
2022020325,2022-11-25,ARI,8478872,4.140,3,36
2022020326,2022-11-25,CBJ,8476914,2.830,3,24
2022020326,2022-11-25,NYI,8478009,3.398,2,26
2022020327,2022-11-25,BUF,8467950,3.568,3,44
2022020327,2022-11-25,NJD,8481033,3.289,1,34
2022020328,2022-11-25,TBL,8476883,2.074,2,27
2022020328,2022-11-25,STL,8476412,3.086,4,26
2022020329,2022-11-25,VGK,8478499,2.473,4,28
2022020329,2022-11-25,SEA,8475831,2.150,2,22
2022020330,2022-11-25,DAL,8479979,2.801,5,28
2022020330,2022-11-25,WPG,8476945,4.793,4,41
2022020331,2022-11-25,SJS,8473503,2.289,4,28
2022020331,2022-11-25,LAK,8471734,3.118,2,31
2022020332,2022-11-26,NYR,8478048,3.451,4,32
2022020332,2022-11-26,EDM,8475789,1.695,3,23
2022020333,2022-11-26,CAR,8477293,2.118,2,20
2022020333,2022-11-26,CGY,8478435,3.295,3,33
2022020334,2022-11-26,FLA,8481519,2.408,5,37
2022020334,2022-11-26,STL,8471306,2.850,4,37
2022020335,2022-11-26,PIT,8479193,3.996,4,41
2022020335,2022-11-26,TOR,8478902,2.565,1,26
2022020336,2022-11-26,NJD,8477970,4.241,1,38
2022020336,2022-11-26,WSH,8479292,2.447,5,29
2022020337,2022-11-26,NYI,8473575,2.387,2,28
2022020337,2022-11-26,PHI,8478433,2.568,5,23
2022020339,2022-11-26,COL,8480382,3.030,1,42
2022020339,2022-11-26,DAL,8475809,2.550,4,36
2022020340,2022-11-26,VGK,8480313,3.249,5,36
2022020340,2022-11-26,VAN,8477484,2.537,1,27
2022020341,2022-11-27,MIN,8470594,1.710,3,23
2022020341,2022-11-27,ARI,8478971,2.401,4,29
2022020342,2022-11-27,CHI,8475852,2.653,7,44
2022020342,2022-11-27,WPG,8476945,3.073,2,25
2022020343,2022-11-27,ANA,8476434,2.002,5,19
2022020343,2022-11-27,ANA,8476932,0.460,0,6
2022020343,2022-11-27,SEA,8474889,3.556,4,29
2022020344,2022-11-27,SJS,8478039,2.802,4,20
2022020344,2022-11-27,VAN,8477967,2.550,3,35
2022020345,2022-11-27,LAK,8471734,3.715,3,39
2022020345,2022-11-27,OTT,8475660,2.756,2,27
2022020346,2022-11-28,NYR,8478048,2.790,4,37
2022020346,2022-11-28,NJD,8477970,3.873,3,38
2022020347,2022-11-28,BUF,8480045,4.077,6,25
2022020347,2022-11-28,TBL,8470880,4.757,5,37
2022020348,2022-11-28,DET,8477968,0.849,0,12
2022020348,2022-11-28,DET,8478024,1.308,4,13
2022020348,2022-11-28,TOR,8476899,2.976,2,44
2022020349,2022-11-28,CBJ,8480193,3.506,2,36
2022020349,2022-11-28,VGK,8480313,2.881,2,28
2022020350,2022-11-28,STL,8476412,2.254,3,23
2022020350,2022-11-28,DAL,8475809,2.296,1,24
2022020351,2022-11-28,EDM,8479973,3.039,3,28
2022020351,2022-11-28,FLA,8481519,4.200,4,40
2022020352,2022-11-29,PIT,8477465,3.069,3,39
2022020352,2022-11-29,CAR,8481611,2.499,2,32
2022020353,2022-11-29,PHI,8479394,2.034,1,24
2022020353,2022-11-29,NYI,8478009,2.580,2,32
2022020354,2022-11-29,MTL,8474596,2.735,3,23
2022020354,2022-11-29,SJS,8478039,2.342,0,28
2022020355,2022-11-29,BOS,8480280,1.694,1,28
2022020355,2022-11-29,TBL,8476883,2.029,2,25
2022020356,2022-11-29,NSH,8477424,2.464,1,35
2022020356,2022-11-29,ANA,8476434,3.781,2,41
2022020357,2022-11-29,WPG,8476945,3.087,0,40
2022020357,2022-11-29,COL,8480382,2.314,5,23
2022020358,2022-11-29,CGY,8478435,2.334,2,33
2022020358,2022-11-29,FLA,8475683,2.366,6,23
2022020359,2022-11-29,VAN,8477484,2.698,4,27
2022020359,2022-11-29,WSH,8475311,2.490,1,32
2022020360,2022-11-29,LAK,8471734,1.707,5,14
2022020360,2022-11-29,LAK,8477361,1.610,4,16
2022020360,2022-11-29,SEA,8474889,3.797,8,35
2022020361,2022-11-30,DET,8477968,3.618,4,34
2022020361,2022-11-30,BUF,8467950,3.982,4,45
2022020362,2022-11-30,OTT,8475660,3.980,3,36
2022020362,2022-11-30,NYR,8470860,3.626,1,35
2022020363,2022-11-30,TOR,8478492,2.940,1,24
2022020363,2022-11-30,SJS,8477180,2.889,2,31
2022020364,2022-11-30,CHI,8482821,3.920,5,41
2022020364,2022-11-30,EDM,8479973,2.666,4,25
2022020365,2022-12-01,BUF,8480045,3.640,5,33
2022020365,2022-12-01,COL,8480382,3.498,4,28
2022020366,2022-12-01,NJD,8477970,2.465,4,24
2022020366,2022-12-01,NSH,8477424,3.220,3,28
2022020367,2022-12-01,PHI,8479394,3.940,4,27
2022020367,2022-12-01,TBL,8476883,1.228,1,22
2022020368,2022-12-01,PIT,8477465,3.141,3,37
2022020368,2022-12-01,VGK,8480313,3.707,4,47
2022020369,2022-12-01,STL,8476412,3.091,4,34
2022020369,2022-12-01,CAR,8477293,1.258,3,15
2022020369,2022-12-01,CAR,8481611,0.743,1,11
2022020370,2022-12-01,MIN,8470594,1.875,3,21
2022020370,2022-12-01,EDM,8475789,3.161,5,30
2022020371,2022-12-01,DAL,8479979,2.614,0,31
2022020371,2022-12-01,ANA,8476932,4.090,5,41
2022020372,2022-12-01,CGY,8474593,1.892,2,19
2022020372,2022-12-01,MTL,8474596,4.551,1,46
2022020373,2022-12-01,VAN,8477484,2.090,2,14
2022020373,2022-12-01,VAN,8477967,1.664,3,18
2022020373,2022-12-01,FLA,8481519,2.134,1,33
2022020374,2022-12-01,SEA,8475831,2.489,2,23
2022020374,2022-12-01,WSH,8475311,2.299,3,25
2022020375,2022-12-01,LAK,8471734,2.106,3,21
2022020375,2022-12-01,ARI,8478872,3.012,4,31
2022020376,2022-12-02,NYR,8478048,3.583,3,37
2022020376,2022-12-02,OTT,8475660,2.994,2,27
2022020377,2022-12-02,NYI,8478009,1.766,2,21
2022020377,2022-12-02,NSH,8480947,3.487,1,49
2022020378,2022-12-02,WPG,8479496,2.408,4,26
2022020378,2022-12-02,CBJ,8476914,4.245,1,38
2022020379,2022-12-03,MIN,8479406,3.412,4,33
2022020379,2022-12-03,ANA,8476434,4.386,4,49
2022020380,2022-12-03,BOS,8476999,1.789,1,25
2022020380,2022-12-03,COL,8480925,3.653,5,40
2022020381,2022-12-03,EDM,8479973,3.006,3,33
2022020381,2022-12-03,MTL,8474596,3.121,5,22
2022020382,2022-12-03,PHI,8479394,1.466,3,18
2022020382,2022-12-03,NJD,8481033,2.273,2,33
2022020383,2022-12-03,OTT,8476341,3.381,2,37
2022020383,2022-12-03,SJS,8478039,3.618,5,39
2022020384,2022-12-03,PIT,8477465,3.389,2,28
2022020384,2022-12-03,STL,8471306,2.188,1,20
2022020384,2022-12-03,STL,8476412,1.576,4,17
2022020385,2022-12-03,TBL,8476883,4.378,3,39
2022020385,2022-12-03,TOR,8476899,3.790,4,33
2022020386,2022-12-03,DET,8478024,2.737,3,24
2022020386,2022-12-03,VGK,8478499,3.620,1,25
2022020387,2022-12-03,NYR,8470860,1.244,4,20
2022020387,2022-12-03,CHI,8475852,2.520,1,22
2022020387,2022-12-03,CHI,8482821,1.055,1,6
2022020388,2022-12-03,VAN,8477484,1.901,2,23
2022020388,2022-12-03,ARI,8478872,4.837,3,32
2022020389,2022-12-03,SEA,8475831,3.157,5,28
2022020389,2022-12-03,FLA,8481519,3.061,1,36
2022020390,2022-12-03,CGY,8478435,2.295,2,29
2022020390,2022-12-03,WSH,8475311,1.846,2,26
2022020390,2022-12-03,WSH,8479292,1.060,2,9
2022020391,2022-12-03,LAK,8471734,3.225,4,31
2022020391,2022-12-03,CAR,8481611,3.646,2,33
2022020392,2022-12-04,WPG,8476945,2.719,2,30
2022020392,2022-12-04,ANA,8476932,4.273,5,40
2022020393,2022-12-04,DAL,8475809,1.056,1,15
2022020393,2022-12-04,DAL,8479979,1.450,4,16
2022020393,2022-12-04,MIN,8470594,3.451,5,35
2022020394,2022-12-04,CBJ,8476914,3.450,4,35
2022020394,2022-12-04,DET,8478024,4.050,2,34
2022020395,2022-12-04,BUF,8480045,2.494,3,29
2022020395,2022-12-04,SJS,8477180,4.461,5,37
2022020396,2022-12-04,NYI,8473575,2.273,0,21
2022020396,2022-12-04,CHI,8482821,3.386,3,40
2022020397,2022-12-05,PHI,8479394,2.831,3,32
2022020397,2022-12-05,COL,8480382,1.650,4,33
2022020398,2022-12-05,NYR,8478048,3.223,4,29
2022020398,2022-12-05,STL,8476412,2.126,6,24
2022020399,2022-12-05,BOS,8480280,2.195,3,23
2022020399,2022-12-05,VGK,8480313,3.996,3,43
2022020400,2022-12-05,EDM,8479973,4.765,3,50
2022020400,2022-12-05,WSH,8479292,2.137,2,30
2022020401,2022-12-05,CGY,8478435,2.395,2,20
2022020401,2022-12-05,ARI,8478872,2.205,3,27
2022020402,2022-12-05,VAN,8477484,0.994,4,9
2022020402,2022-12-05,VAN,8480420,2.400,2,17
2022020402,2022-12-05,MTL,8478470,3.268,7,32
2022020403,2022-12-06,NJD,8477970,1.785,0,24
2022020403,2022-12-06,CHI,8482821,3.682,3,29
2022020404,2022-12-06,PIT,8477465,3.157,1,39
2022020404,2022-12-06,CBJ,8478007,3.456,4,34
2022020405,2022-12-06,TBL,8476883,2.946,2,24
2022020405,2022-12-06,DET,8478024,5.053,2,46
2022020406,2022-12-06,OTT,8475660,0.841,5,14
2022020406,2022-12-06,OTT,8476341,1.801,0,14
2022020406,2022-12-06,LAK,8477831,2.569,2,33
2022020407,2022-12-06,NYI,8478009,3.079,5,26
2022020407,2022-12-06,STL,8471306,4.022,4,40
2022020408,2022-12-06,WPG,8476945,3.463,2,41
2022020408,2022-12-06,FLA,8475683,1.688,1,15
2022020408,2022-12-06,FLA,8481519,2.154,3,15
2022020409,2022-12-06,DAL,8479979,3.612,3,28
2022020409,2022-12-06,TOR,8476899,5.676,0,44
2022020410,2022-12-06,ANA,8476434,3.835,3,37
2022020410,2022-12-06,CAR,8481611,2.067,4,30
2022020411,2022-12-06,SEA,8474889,1.452,4,16
2022020411,2022-12-06,MTL,8474596,3.408,2,33
2022020412,2022-12-07,CBJ,8476914,0.634,3,9
2022020412,2022-12-07,CBJ,8478007,1.330,6,21
2022020412,2022-12-07,BUF,8480045,3.022,4,24
2022020413,2022-12-07,PHI,8479394,2.917,2,25
2022020413,2022-12-07,WSH,8479292,2.499,1,30
2022020414,2022-12-07,CGY,8478435,3.028,3,28
2022020414,2022-12-07,MIN,8470594,2.806,4,26
2022020415,2022-12-07,COL,8480382,2.404,4,37
2022020415,2022-12-07,BOS,8476999,1.034,0,23
2022020416,2022-12-07,EDM,8479973,2.023,2,18
2022020416,2022-12-07,ARI,8478971,3.544,8,35
2022020417,2022-12-07,VGK,8480313,2.457,5,37
2022020417,2022-12-07,NYR,8478048,2.484,1,26
2022020418,2022-12-07,SJS,8478039,1.872,4,19
2022020418,2022-12-07,SJS,8480199,0.996,2,8
2022020418,2022-12-07,VAN,8477484,4.114,5,39
2022020419,2022-12-08,FLA,8475683,2.221,1,20
2022020419,2022-12-08,DET,8477968,3.378,5,41
2022020420,2022-12-08,TOR,8478492,1.691,0,29
2022020420,2022-12-08,LAK,8471734,3.864,5,41
2022020421,2022-12-08,TBL,8470880,2.663,2,36
2022020421,2022-12-08,NSH,8477424,2.614,5,33
2022020422,2022-12-08,STL,8471306,2.127,4,19
2022020422,2022-12-08,WPG,8476945,2.353,2,31
2022020423,2022-12-08,DAL,8479979,3.786,3,31
2022020423,2022-12-08,OTT,8476341,3.743,4,32
2022020424,2022-12-09,CBJ,8476914,1.062,0,12
2022020424,2022-12-09,CBJ,8478007,1.850,1,20
2022020424,2022-12-09,CGY,8474593,2.811,2,26
2022020425,2022-12-09,NJD,8477970,1.169,4,17
2022020425,2022-12-09,NJD,8481033,2.799,2,15
2022020425,2022-12-09,NYI,8473575,3.500,4,29
2022020426,2022-12-09,BUF,8467950,3.762,4,33
2022020426,2022-12-09,PIT,8477465,2.789,3,31
2022020427,2022-12-09,WSH,8479292,1.840,1,26
2022020427,2022-12-09,SEA,8475831,4.160,2,36
2022020428,2022-12-09,CHI,8482821,3.664,3,32
2022020428,2022-12-09,WPG,8479496,1.819,1,23
2022020429,2022-12-09,EDM,8479973,5.730,2,44
2022020429,2022-12-09,MIN,8470594,3.721,4,37
2022020430,2022-12-09,COL,8480382,1.529,1,29
2022020430,2022-12-09,NYR,8478048,3.128,1,42
2022020431,2022-12-09,ARI,8478872,4.878,3,46
2022020431,2022-12-09,BOS,8480280,1.916,4,16
2022020432,2022-12-09,VGK,8478499,2.554,1,28
2022020432,2022-12-09,PHI,8479394,2.007,2,34
2022020433,2022-12-09,ANA,8476434,2.229,4,19
2022020433,2022-12-09,ANA,8476932,1.090,1,8
2022020433,2022-12-09,SJS,8480199,2.003,1,24
2022020434,2022-12-10,NSH,8477424,3.680,3,33
2022020434,2022-12-10,OTT,8475660,3.430,2,29
2022020435,2022-12-10,DAL,8479979,2.524,2,26
2022020435,2022-12-10,DET,8478024,3.716,3,33
2022020436,2022-12-10,TBL,8476883,3.079,1,25
2022020436,2022-12-10,FLA,8475683,3.995,4,38
2022020437,2022-12-10,PIT,8479193,3.415,1,38
2022020437,2022-12-10,BUF,8480045,3.209,3,31
2022020438,2022-12-10,TOR,8476899,1.593,4,26
2022020438,2022-12-10,CGY,8478435,3.289,5,34
2022020439,2022-12-10,MTL,8474596,3.449,3,34
2022020439,2022-12-10,LAK,8477831,2.373,2,22
2022020440,2022-12-10,NYI,8478009,2.484,3,29
2022020440,2022-12-10,CAR,8481611,1.116,0,16
2022020441,2022-12-10,VAN,8477484,4.175,3,33
2022020441,2022-12-10,MIN,8479406,3.227,0,35
2022020442,2022-12-11,STL,8476412,2.361,3,31
2022020442,2022-12-11,COL,8480925,1.791,2,32
2022020443,2022-12-11,CBJ,8478007,3.526,5,38
2022020443,2022-12-11,LAK,8471734,2.982,6,26
2022020444,2022-12-11,FLA,8475683,4.148,4,31
2022020444,2022-12-11,SEA,8474889,2.965,2,25
2022020445,2022-12-11,ARI,8478872,4.457,4,41
2022020445,2022-12-11,PHI,8479394,2.283,5,29
2022020446,2022-12-11,WPG,8476945,3.361,4,35
2022020446,2022-12-11,WSH,8479292,3.281,2,31
2022020447,2022-12-11,VGK,8480313,2.398,3,27
2022020447,2022-12-11,BOS,8476999,3.381,1,31
2022020448,2022-12-12,MTL,8474596,2.727,1,35
2022020448,2022-12-12,CGY,8474593,6.043,1,38
2022020449,2022-12-12,PIT,8477465,1.816,1,27
2022020449,2022-12-12,DAL,8479979,1.700,2,25
2022020450,2022-12-12,NYR,8478048,3.437,3,29
2022020450,2022-12-12,NJD,8477970,1.904,4,23
2022020451,2022-12-12,OTT,8475660,2.921,0,32
2022020451,2022-12-12,ANA,8480843,3.811,3,38
2022020452,2022-12-12,MIN,8470594,1.998,1,21
2022020452,2022-12-12,EDM,8479973,3.109,2,30
2022020453,2022-12-12,STL,8476412,2.698,0,25
2022020453,2022-12-12,NSH,8477424,2.380,1,24
2022020454,2022-12-13,TOR,8478492,2.088,0,28
2022020454,2022-12-13,ANA,8476434,3.034,2,27
2022020454,2022-12-13,ANA,8480843,1.470,5,15
2022020455,2022-12-13,FLA,8475683,2.461,0,22
2022020455,2022-12-13,CBJ,8478007,3.081,3,25
2022020456,2022-12-13,NJD,8481033,2.574,2,30
2022020456,2022-12-13,DAL,8475809,3.320,1,36
2022020457,2022-12-13,BUF,8467950,2.592,0,40
2022020457,2022-12-13,LAK,8477831,2.432,6,31
2022020458,2022-12-13,BOS,8476999,2.366,3,26
2022020458,2022-12-13,NYI,8473575,3.412,3,33
2022020459,2022-12-13,TBL,8476883,2.497,2,38
2022020459,2022-12-13,SEA,8474889,0.970,2,10
2022020459,2022-12-13,SEA,8475831,1.831,4,20
2022020460,2022-12-13,DET,8478024,2.723,1,27
2022020460,2022-12-13,CAR,8481611,1.870,0,27
2022020461,2022-12-13,NSH,8480947,3.048,5,36
2022020461,2022-12-13,EDM,8475789,3.592,3,32
2022020462,2022-12-13,WPG,8476945,2.289,5,32
2022020462,2022-12-13,VGK,8478499,3.158,5,34
2022020463,2022-12-13,CHI,8475852,2.989,7,30
2022020463,2022-12-13,WSH,8479292,3.471,3,29
2022020464,2022-12-13,COL,8480925,1.772,2,28
2022020464,2022-12-13,PHI,8478433,1.849,3,25
2022020465,2022-12-13,SJS,8473503,1.669,2,22
2022020465,2022-12-13,ARI,8478872,3.262,3,33
2022020466,2022-12-14,OTT,8475660,3.084,2,25
2022020466,2022-12-14,MTL,8478470,3.387,3,31
2022020467,2022-12-14,MIN,8479406,1.824,1,17
2022020467,2022-12-14,DET,8476433,1.876,3,21
2022020468,2022-12-14,CGY,8474593,3.610,3,27
2022020468,2022-12-14,VAN,8477484,3.579,3,38
2022020469,2022-12-15,MTL,8474596,2.138,3,30
2022020469,2022-12-15,ANA,8480843,1.882,2,25
2022020470,2022-12-15,TBL,8470880,1.801,1,25
2022020470,2022-12-15,CBJ,8480193,3.047,3,28
2022020471,2022-12-15,WSH,8479292,2.095,2,26
2022020471,2022-12-15,DAL,8479979,3.402,1,46
2022020472,2022-12-15,BOS,8476999,2.475,2,30
2022020472,2022-12-15,LAK,8477831,3.160,2,35
2022020473,2022-12-15,NJD,8477970,2.134,2,24
2022020473,2022-12-15,PHI,8479394,4.259,1,49
2022020474,2022-12-15,FLA,8475683,3.952,3,38
2022020474,2022-12-15,PIT,8477465,3.142,2,34
2022020475,2022-12-15,CAR,8481611,1.233,2,17
2022020475,2022-12-15,SEA,8475831,4.162,3,39
2022020476,2022-12-15,NYR,8478048,2.978,1,23
2022020476,2022-12-15,TOR,8476899,1.811,2,19
2022020477,2022-12-15,WPG,8476945,2.189,1,26
2022020477,2022-12-15,NSH,8477424,4.526,2,41
2022020478,2022-12-15,CHI,8482821,2.631,3,24
2022020478,2022-12-15,VGK,8480313,1.911,1,25
2022020479,2022-12-15,COL,8480382,1.832,3,20
2022020479,2022-12-15,BUF,8480045,4.087,2,41
2022020480,2022-12-15,EDM,8479973,4.178,3,32
2022020480,2022-12-15,STL,8476412,4.253,3,27
2022020481,2022-12-16,MIN,8470594,2.013,1,30
2022020481,2022-12-16,CHI,8475852,2.402,3,21
2022020482,2022-12-16,CGY,8474593,2.571,5,24
2022020482,2022-12-16,STL,8471306,3.306,2,43
2022020483,2022-12-16,ARI,8478872,2.995,4,34
2022020483,2022-12-16,NYI,8478009,2.656,5,29
2022020484,2022-12-17,BOS,8480280,3.357,2,33
2022020484,2022-12-17,CBJ,8480193,3.521,4,39
2022020485,2022-12-17,DET,8478024,3.084,5,27
2022020485,2022-12-17,OTT,8475660,2.528,3,32
2022020486,2022-12-17,EDM,8479973,1.635,4,17
2022020486,2022-12-17,ANA,8480843,6.190,3,49
2022020487,2022-12-17,CAR,8477293,2.471,4,30
2022020487,2022-12-17,DAL,8475809,3.447,5,38
2022020488,2022-12-17,NJD,8481033,2.855,3,28
2022020488,2022-12-17,FLA,8475683,3.374,2,32
2022020489,2022-12-17,PHI,8479394,2.975,4,33
2022020489,2022-12-17,NYR,8470860,2.698,3,32
2022020490,2022-12-17,MTL,8474596,2.777,5,27
2022020490,2022-12-17,TBL,8476883,2.258,1,23
2022020491,2022-12-17,WSH,8479292,3.697,2,36
2022020491,2022-12-17,TOR,8478492,2.584,5,28
2022020492,2022-12-17,ARI,8478971,4.034,3,41
2022020492,2022-12-17,BUF,8467950,3.278,2,31
2022020493,2022-12-17,COL,8480382,2.033,1,26
2022020493,2022-12-17,NSH,8477424,2.868,2,29
2022020494,2022-12-17,VGK,8480313,1.215,3,24
2022020494,2022-12-17,NYI,8473575,2.437,2,37
2022020494,2022-12-17,NYI,8478009,0.081,0,1
2022020495,2022-12-17,VAN,8477484,1.986,5,27
2022020495,2022-12-17,WPG,8476945,1.802,1,23
2022020496,2022-12-17,LAK,8477831,3.159,2,25
2022020496,2022-12-17,SJS,8473503,4.104,2,41
2022020497,2022-12-18,MIN,8479406,2.840,2,28
2022020497,2022-12-18,OTT,8476341,2.260,3,22
2022020498,2022-12-18,CAR,8481611,2.610,2,25
2022020498,2022-12-18,PIT,8479193,2.252,3,29
2022020499,2022-12-18,CHI,8482821,2.825,7,26
2022020499,2022-12-18,NYR,8478048,2.565,1,30
2022020500,2022-12-18,SEA,8475831,2.092,2,17
2022020500,2022-12-18,WPG,8479496,2.696,3,34
2022020501,2022-12-18,SJS,8478039,2.912,5,25
2022020501,2022-12-18,CGY,8474593,2.454,2,26
2022020502,2022-12-19,CBJ,8480193,3.417,1,33
2022020502,2022-12-19,DAL,8479979,2.610,1,28
2022020503,2022-12-19,WSH,8479292,1.795,3,19
2022020503,2022-12-19,DET,8478024,3.438,4,42
2022020504,2022-12-19,BOS,8476999,2.897,3,39
2022020504,2022-12-19,FLA,8481519,2.742,7,26
2022020505,2022-12-19,NSH,8477424,3.894,3,33
2022020505,2022-12-19,EDM,8475789,3.157,4,35
2022020506,2022-12-19,COL,8480382,2.101,0,26
2022020506,2022-12-19,NYI,8478009,4.728,0,46
2022020507,2022-12-19,VGK,8478499,1.346,3,18
2022020507,2022-12-19,BUF,8480045,4.766,2,43
2022020508,2022-12-19,ARI,8478872,2.746,3,26
2022020508,2022-12-19,MTL,8478470,3.976,2,39
2022020509,2022-12-19,VAN,8477484,2.819,5,27
2022020509,2022-12-19,STL,8476412,3.407,1,34
2022020510,2022-12-20,PHI,8479394,3.034,3,33
2022020510,2022-12-20,CBJ,8480193,2.627,4,38
2022020511,2022-12-20,PIT,8477465,2.708,2,28
2022020511,2022-12-20,NYR,8478048,2.366,3,24
2022020512,2022-12-20,CAR,8481611,4.265,1,38
2022020512,2022-12-20,NJD,8477970,1.492,3,13
2022020512,2022-12-20,NJD,8478406,1.120,1,7
2022020513,2022-12-20,TOR,8476899,1.452,1,19
2022020513,2022-12-20,TBL,8476883,3.790,2,38
2022020514,2022-12-20,WPG,8479496,3.027,1,36
2022020514,2022-12-20,OTT,8475660,2.497,5,24
2022020515,2022-12-20,SEA,8474889,3.008,2,24
2022020515,2022-12-20,STL,8471306,3.338,4,32
2022020516,2022-12-20,LAK,8477831,2.228,1,25
2022020516,2022-12-20,ANA,8480843,4.412,4,41
2022020517,2022-12-20,SJS,8473503,3.235,6,38
2022020517,2022-12-20,CGY,8474593,2.763,3,27
2022020518,2022-12-21,FLA,8475683,2.927,3,32
2022020518,2022-12-21,NJD,8478406,4.296,2,36
2022020519,2022-12-21,DET,8478024,2.989,4,38
2022020519,2022-12-21,TBL,8470880,2.481,5,29
2022020520,2022-12-21,COL,8480382,1.626,1,20
2022020520,2022-12-21,MTL,8474596,2.986,2,36
2022020521,2022-12-21,CHI,8475852,3.389,4,37
2022020521,2022-12-21,NSH,8477424,3.207,2,39
2022020522,2022-12-21,DAL,8479979,2.730,5,33
2022020522,2022-12-21,EDM,8479973,3.032,3,27
2022020523,2022-12-21,VGK,8480313,2.697,2,23
2022020523,2022-12-21,ARI,8478872,3.755,5,34
2022020524,2022-12-21,ANA,8480843,4.243,3,41
2022020524,2022-12-21,MIN,8470594,2.186,1,22
2022020525,2022-12-22,TOR,8478492,1.982,3,19
2022020525,2022-12-22,PHI,8479394,3.735,4,34
2022020526,2022-12-22,PIT,8477465,3.840,4,36
2022020526,2022-12-22,CAR,8477293,2.766,3,27
2022020527,2022-12-22,NYR,8478048,1.516,3,18
2022020527,2022-12-22,NYI,8478009,2.894,4,33
2022020528,2022-12-22,OTT,8475660,3.714,3,40
2022020528,2022-12-22,WSH,8475311,2.088,2,25
2022020529,2022-12-22,BOS,8480280,3.207,2,27
2022020529,2022-12-22,WPG,8476945,3.485,3,39
2022020530,2022-12-22,VAN,8477484,2.923,5,36
2022020530,2022-12-22,SEA,8474889,4.040,5,37
2022020531,2022-12-22,LAK,8477831,3.209,3,30
2022020531,2022-12-22,CGY,8478435,3.393,4,32
2022020532,2022-12-22,SJS,8473503,2.473,2,26
2022020532,2022-12-22,MIN,8479406,2.387,4,24
2022020533,2022-12-23,NJD,8477970,0.212,0,5
2022020533,2022-12-23,NJD,8478406,1.762,4,18
2022020533,2022-12-23,BOS,8476999,3.187,3,40
2022020535,2022-12-23,CAR,8477293,3.130,5,31
2022020535,2022-12-23,PHI,8479394,0.276,1,7
2022020535,2022-12-23,PHI,8481035,3.219,5,30
2022020537,2022-12-23,WSH,8479292,2.853,1,26
2022020537,2022-12-23,WPG,8479496,2.579,3,26
2022020538,2022-12-23,NYI,8478009,2.142,1,23
2022020538,2022-12-23,FLA,8475683,4.827,4,42
2022020539,2022-12-23,NSH,8477424,4.003,3,46
2022020539,2022-12-23,COL,8480382,3.777,2,39
2022020540,2022-12-23,CHI,8471774,2.717,2,29
2022020540,2022-12-23,CBJ,8476914,1.912,1,18
2022020540,2022-12-23,CBJ,8480193,1.316,4,20
2022020541,2022-12-23,DAL,8479979,1.946,2,24
2022020541,2022-12-23,MTL,8474596,3.555,3,35
2022020542,2022-12-23,EDM,8479973,2.967,4,29
2022020542,2022-12-23,VAN,8480420,4.141,2,33
2022020543,2022-12-23,ARI,8478872,2.673,1,27
2022020543,2022-12-23,LAK,8471734,2.630,1,24
2022020544,2022-12-23,ANA,8480843,4.568,3,45
2022020544,2022-12-23,CGY,8474593,2.472,2,23
2022020545,2022-12-23,VGK,8480313,2.684,4,29
2022020545,2022-12-23,STL,8476412,3.696,4,32
2022020546,2022-12-27,OTT,8475660,4.111,2,51
2022020546,2022-12-27,BOS,8480280,3.913,2,32
2022020548,2022-12-27,CAR,8477293,1.988,0,24
2022020548,2022-12-27,CHI,8475852,4.021,3,49
2022020549,2022-12-27,NYR,8478048,2.399,3,29
2022020549,2022-12-27,WSH,8475311,3.799,0,32
2022020550,2022-12-27,NYI,8478009,1.406,1,21
2022020550,2022-12-27,PIT,8477465,4.109,5,42
2022020551,2022-12-27,NSH,8477424,4.068,3,33
2022020551,2022-12-27,DAL,8479979,2.802,2,28
2022020552,2022-12-27,WPG,8476945,2.432,3,27
2022020552,2022-12-27,MIN,8479406,2.301,1,32
2022020553,2022-12-27,STL,8476412,4.268,5,37
2022020553,2022-12-27,TOR,8478492,2.958,4,34
2022020554,2022-12-27,ARI,8478971,2.848,3,31
2022020554,2022-12-27,COL,8480382,3.482,5,32
2022020555,2022-12-27,CGY,8474593,2.072,2,22
2022020555,2022-12-27,EDM,8479973,4.849,1,47
2022020556,2022-12-27,VAN,8477484,2.333,2,26
2022020556,2022-12-27,SJS,8473503,2.701,6,25
2022020557,2022-12-27,LAK,8477831,2.694,2,25
2022020557,2022-12-27,VGK,8480313,2.219,3,24
2022020558,2022-12-28,NJD,8477970,3.192,2,26
2022020558,2022-12-28,BOS,8476999,3.577,1,31
2022020559,2022-12-28,TBL,8476883,1.810,1,26
2022020559,2022-12-28,MTL,8474596,4.378,4,38
2022020560,2022-12-28,PIT,8479193,4.653,5,46
2022020560,2022-12-28,DET,8476433,2.125,0,19
2022020560,2022-12-28,DET,8478024,1.390,4,12
2022020561,2022-12-28,SEA,8475831,4.713,3,44
2022020561,2022-12-28,CGY,8478435,3.315,2,31
2022020562,2022-12-28,ANA,8476434,4.467,2,51
2022020562,2022-12-28,VGK,8478499,0.416,2,5
2022020562,2022-12-28,VGK,8480313,2.000,0,22
2022020563,2022-12-29,BUF,8480045,3.101,3,31
2022020563,2022-12-29,DET,8476433,3.528,5,34
2022020564,2022-12-29,FLA,8475683,1.846,2,27
2022020564,2022-12-29,MTL,8478470,5.103,7,41
2022020565,2022-12-29,TBL,8476883,4.519,1,46
2022020565,2022-12-29,NYR,8478048,4.137,1,40
2022020566,2022-12-29,WSH,8475311,3.970,4,45
2022020566,2022-12-29,OTT,8475660,2.126,3,23
2022020567,2022-12-29,NYI,8478009,1.774,1,21
2022020567,2022-12-29,CBJ,8476914,3.394,2,36
2022020568,2022-12-29,STL,8476412,2.189,1,22
2022020568,2022-12-29,CHI,8471774,2.554,2,28
2022020569,2022-12-29,MIN,8470594,3.289,3,42
2022020569,2022-12-29,DAL,8479979,2.198,1,24
2022020570,2022-12-29,WPG,8476945,2.773,2,22
2022020570,2022-12-29,VAN,8480420,4.023,3,38
2022020571,2022-12-29,COL,8480382,1.941,4,27
2022020571,2022-12-29,LAK,8477831,2.168,4,27
2022020572,2022-12-29,ARI,8478872,3.171,3,32
2022020572,2022-12-29,TOR,8476899,2.176,4,21
2022020573,2022-12-29,SJS,8478039,1.955,4,26
2022020573,2022-12-29,PHI,8481035,2.877,3,28
2022020574,2022-12-30,ANA,8476434,3.756,6,43
2022020574,2022-12-30,NSH,8477424,3.214,1,27
2022020575,2022-12-30,CAR,8477293,2.278,0,19
2022020575,2022-12-30,FLA,8481519,2.974,4,34
2022020576,2022-12-30,PIT,8477465,2.448,3,27
2022020576,2022-12-30,NJD,8477970,3.550,2,27
2022020577,2022-12-30,SEA,8474889,2.045,4,27
2022020577,2022-12-30,SEA,8475831,0.564,3,5
2022020577,2022-12-30,EDM,8479973,2.673,2,38
2022020578,2022-12-31,BOS,8480280,2.078,4,25
2022020578,2022-12-31,BUF,8480045,4.551,3,40
2022020579,2022-12-31,VGK,8480313,3.201,4,37
2022020579,2022-12-31,NSH,8480947,3.119,5,32
2022020580,2022-12-31,WSH,8479292,3.033,2,33
2022020580,2022-12-31,MTL,8474596,5.072,9,40
2022020581,2022-12-31,LAK,8471734,2.157,3,22
2022020581,2022-12-31,PHI,8481035,2.466,2,29
2022020582,2022-12-31,TBL,8476883,2.331,3,31
2022020582,2022-12-31,ARI,8478872,3.693,5,35
2022020583,2022-12-31,CBJ,8476914,2.517,1,28
2022020583,2022-12-31,CHI,8471774,3.004,3,37
2022020584,2022-12-31,DET,8476433,2.279,2,23
2022020584,2022-12-31,OTT,8475660,2.260,4,25
2022020585,2022-12-31,COL,8477992,0.599,0,7
2022020585,2022-12-31,COL,8480382,1.602,5,24
2022020585,2022-12-31,TOR,8476899,2.332,2,28
2022020586,2022-12-31,DAL,8479979,3.410,2,31
2022020586,2022-12-31,SJS,8473503,2.839,4,30
2022020587,2022-12-31,CGY,8474593,2.010,2,24
2022020587,2022-12-31,VAN,8477484,2.594,3,30
2022020588,2022-12-31,EDM,8475789,1.755,2,17
2022020588,2022-12-31,WPG,8476945,3.258,1,32
2022020589,2022-12-31,STL,8476412,3.139,4,31
2022020589,2022-12-31,MIN,8470594,3.105,2,31
2022020590,2023-01-01,NJD,8478406,4.546,4,47
2022020590,2023-01-01,CAR,8477293,2.889,4,28
2022020591,2023-01-01,FLA,8475683,2.584,5,28
2022020591,2023-01-01,NYR,8470860,3.758,3,35
2022020592,2023-01-01,OTT,8476341,3.301,1,34
2022020592,2023-01-01,BUF,8467950,3.039,2,32
2022020593,2023-01-01,CHI,8475852,3.242,5,28
2022020593,2023-01-01,SJS,8478039,1.717,2,22
2022020594,2023-01-01,SEA,8474889,2.134,1,19
2022020594,2023-01-01,NYI,8478009,2.551,3,34
2022020595,2023-01-02,BOS,8476999,1.843,1,27
2022020595,2023-01-02,PIT,8477465,0.505,0,8
2022020595,2023-01-02,PIT,8479193,2.042,2,21
2022020596,2023-01-02,COL,8480382,2.980,3,28
2022020596,2023-01-02,VGK,8480313,2.830,2,29
2022020597,2023-01-02,ANA,8476434,2.466,4,33
2022020597,2023-01-02,PHI,8481035,3.702,1,29
2022020598,2023-01-03,FLA,8481519,3.029,3,36
2022020598,2023-01-03,ARI,8478872,2.877,5,37
2022020599,2023-01-03,WSH,8475311,2.606,5,29
2022020599,2023-01-03,BUF,8480045,3.412,4,32
2022020600,2023-01-03,NYR,8478048,2.259,3,23
2022020600,2023-01-03,CAR,8481611,2.641,4,30
2022020601,2023-01-03,OTT,8476341,2.193,0,22
2022020601,2023-01-03,CBJ,8476914,3.384,3,33
2022020602,2023-01-03,TOR,8478492,3.773,5,32
2022020602,2023-01-03,STL,8476412,2.864,5,25
2022020603,2023-01-03,WPG,8476945,2.576,2,35
2022020603,2023-01-03,CGY,8474593,1.942,3,25
2022020604,2023-01-03,NSH,8477424,2.063,3,27
2022020604,2023-01-03,MTL,8478470,3.762,6,34
2022020605,2023-01-03,CHI,8471774,3.693,3,28
2022020605,2023-01-03,TBL,8470880,1.891,1,26
2022020606,2023-01-03,EDM,8475789,0.455,0,3
2022020606,2023-01-03,EDM,8479973,2.198,4,20
2022020606,2023-01-03,SEA,8474889,2.383,2,32
2022020607,2023-01-03,VAN,8477484,3.049,5,28
2022020607,2023-01-03,NYI,8478009,2.572,2,26
2022020608,2023-01-03,LAK,8477831,3.319,2,30
2022020608,2023-01-03,DAL,8479979,3.300,3,35
2022020609,2023-01-04,DET,8478024,2.280,5,27
2022020609,2023-01-04,NJD,8477970,3.386,1,33
2022020610,2023-01-04,MIN,8479406,3.519,1,35
2022020610,2023-01-04,TBL,8470880,2.797,4,32
2022020611,2023-01-04,ANA,8476434,3.335,0,35
2022020611,2023-01-04,DAL,8475809,1.697,2,27
2022020612,2023-01-05,PHI,8479394,1.512,2,23
2022020612,2023-01-05,ARI,8478872,3.277,6,34
2022020613,2023-01-05,MTL,8474596,2.452,3,30
2022020613,2023-01-05,NYR,8470860,2.351,1,18
2022020614,2023-01-05,CAR,8481611,2.540,4,24
2022020614,2023-01-05,NSH,8477424,6.211,3,67
2022020615,2023-01-05,TOR,8476899,1.489,5,26
2022020615,2023-01-05,SEA,8474889,2.931,1,27
2022020616,2023-01-05,NJD,8481033,1.633,4,18
2022020616,2023-01-05,STL,8476412,3.905,3,39
2022020617,2023-01-05,CBJ,8478007,3.290,6,37
2022020617,2023-01-05,WSH,8475311,2.242,2,27
2022020618,2023-01-05,EDM,8475789,1.272,2,22
2022020618,2023-01-05,NYI,8478009,4.487,4,38
2022020619,2023-01-05,VAN,8480420,3.099,2,32
2022020619,2023-01-05,COL,8480382,4.644,3,42
2022020620,2023-01-05,VGK,8478499,3.056,2,40
2022020620,2023-01-05,PIT,8479193,2.137,5,31
2022020621,2023-01-05,LAK,8477831,1.859,4,21
2022020621,2023-01-05,BOS,8480280,2.584,2,29
2022020622,2023-01-06,WSH,8479292,2.489,3,21
2022020622,2023-01-06,NSH,8480947,2.027,2,32
2022020623,2023-01-06,DET,8478024,1.650,3,20
2022020623,2023-01-06,FLA,8475683,2.836,2,31
2022020624,2023-01-06,WPG,8476945,3.073,2,28
2022020624,2023-01-06,TBL,8476883,2.646,3,19
2022020625,2023-01-06,CHI,8471774,1.859,0,22
2022020625,2023-01-06,ARI,8478971,2.960,1,31
2022020626,2023-01-06,CGY,8474593,1.956,1,25
2022020626,2023-01-06,NYI,8473575,2.145,4,21
2022020627,2023-01-06,ANA,8476932,4.559,4,41
2022020627,2023-01-06,SJS,8478039,3.591,5,29
2022020628,2023-01-07,NJD,8477970,3.707,3,34
2022020628,2023-01-07,NYR,8478048,4.669,4,43
2022020629,2023-01-07,CBJ,8476914,3.798,3,42
2022020629,2023-01-07,CAR,8477293,1.614,3,18
2022020630,2023-01-07,TOR,8478492,2.188,1,23
2022020630,2023-01-07,DET,8476433,2.868,3,28
2022020631,2023-01-07,BUF,8480045,3.819,5,44
2022020631,2023-01-07,MIN,8470594,2.997,6,37
2022020632,2023-01-07,OTT,8475660,1.580,5,19
2022020632,2023-01-07,OTT,8476341,0.280,3,5
2022020632,2023-01-07,SEA,8474889,2.325,4,23
2022020633,2023-01-07,MTL,8474596,2.159,4,22
2022020633,2023-01-07,STL,8476412,3.220,5,27
2022020634,2023-01-07,EDM,8479973,4.761,3,46
2022020634,2023-01-07,COL,8480382,3.702,2,30
2022020635,2023-01-07,VGK,8478499,0.255,1,3
2022020635,2023-01-07,VGK,8480313,1.543,3,19
2022020635,2023-01-07,LAK,8477831,1.947,1,20
2022020636,2023-01-07,SJS,8473503,2.487,4,29
2022020636,2023-01-07,BOS,8476999,2.535,2,30
2022020637,2023-01-08,DAL,8479979,3.382,1,28
2022020637,2023-01-08,FLA,8481519,2.716,4,33
2022020638,2023-01-08,WPG,8479496,3.600,4,38
2022020638,2023-01-08,VAN,8477484,0.883,3,14
2022020638,2023-01-08,VAN,8480420,1.614,4,13
2022020639,2023-01-08,WSH,8475311,3.699,0,38
2022020639,2023-01-08,CBJ,8478007,1.406,1,19
2022020640,2023-01-08,CHI,8471774,3.649,3,47
2022020640,2023-01-08,CGY,8474593,0.847,3,11
2022020640,2023-01-08,CGY,8478435,1.452,1,14
2022020641,2023-01-08,ARI,8478872,2.685,3,27
2022020641,2023-01-08,PIT,8479193,2.871,1,24
2022020642,2023-01-08,MIN,8479406,1.912,2,23
2022020642,2023-01-08,STL,8471306,2.969,0,35
2022020643,2023-01-08,PHI,8479394,2.954,6,35
2022020643,2023-01-08,TOR,8476899,3.759,2,36
2022020644,2023-01-08,ANA,8476434,3.148,7,42
2022020644,2023-01-08,BOS,8480280,2.422,1,29
2022020645,2023-01-09,OTT,8475660,3.736,3,36
2022020645,2023-01-09,NSH,8477424,3.650,0,38
2022020646,2023-01-09,MTL,8478470,3.230,3,40
2022020646,2023-01-09,SEA,8474889,2.444,0,21
2022020647,2023-01-09,LAK,8477831,3.363,3,31
2022020647,2023-01-09,EDM,8475789,1.502,2,13
2022020647,2023-01-09,EDM,8479973,1.653,3,24
2022020990,2023-01-09,BUF,8467950,3.311,4,38
2022020990,2023-01-09,PHI,8481035,2.840,0,28
2022020648,2023-01-10,TBL,8476883,2.655,3,24
2022020648,2023-01-10,CBJ,8478007,3.555,6,46
2022020649,2023-01-10,NYR,8478048,2.784,3,32
2022020649,2023-01-10,MIN,8470594,4.980,3,43
2022020650,2023-01-10,CAR,8481611,2.848,4,22
2022020650,2023-01-10,NJD,8477970,3.928,3,28
2022020651,2023-01-10,BUF,8477480,2.920,4,22
2022020651,2023-01-10,SEA,8475831,3.992,3,35
2022020652,2023-01-10,PIT,8474682,2.240,1,19
2022020652,2023-01-10,PIT,8479193,0.445,3,5
2022020652,2023-01-10,VAN,8477484,4.775,5,36
2022020653,2023-01-10,NYI,8478009,3.109,1,26
2022020653,2023-01-10,DAL,8479979,3.688,1,28
2022020654,2023-01-10,DET,8478024,3.976,5,37
2022020654,2023-01-10,WPG,8476945,1.600,6,22
2022020655,2023-01-10,STL,8476412,2.829,3,31
2022020655,2023-01-10,CGY,8474593,2.277,4,27
2022020656,2023-01-10,COL,8480382,3.717,5,38
2022020656,2023-01-10,FLA,8475683,2.763,4,31
2022020657,2023-01-10,ARI,8478872,2.469,4,33
2022020657,2023-01-10,SJS,8478039,2.257,2,29
2022020658,2023-01-11,TOR,8476899,2.740,1,33
2022020658,2023-01-11,NSH,8477424,2.396,2,35
2022020659,2023-01-11,PHI,8479394,2.038,3,29
2022020659,2023-01-11,WSH,8475311,3.475,4,35
2022020660,2023-01-11,ANA,8476434,3.275,6,37
2022020660,2023-01-11,ANA,8476932,1.488,0,16
2022020660,2023-01-11,EDM,8475789,2.214,2,23
2022020661,2023-01-11,LAK,8477831,3.134,3,30
2022020661,2023-01-11,SJS,8473503,3.697,4,37
2022020662,2023-01-12,CBJ,8476914,4.253,6,41
2022020662,2023-01-12,CAR,8475883,2.116,2,23
2022020663,2023-01-12,NYR,8478048,1.796,1,25
2022020663,2023-01-12,DAL,8479979,2.547,2,31
2022020664,2023-01-12,MTL,8478470,3.932,3,42
2022020664,2023-01-12,NSH,8482137,3.472,4,35
2022020665,2023-01-12,BOS,8476999,2.365,2,30
2022020665,2023-01-12,SEA,8474889,3.100,0,27
2022020666,2023-01-12,DET,8478024,2.497,1,33
2022020666,2023-01-12,TOR,8478492,2.126,3,22
2022020667,2023-01-12,TBL,8476883,3.142,4,40
2022020667,2023-01-12,VAN,8480420,3.890,5,35
2022020668,2023-01-12,BUF,8480045,1.989,3,26
2022020668,2023-01-12,WPG,8476945,3.971,2,41
2022020669,2023-01-12,NYI,8478009,3.424,2,35
2022020669,2023-01-12,MIN,8479406,1.820,1,20
2022020670,2023-01-12,STL,8471306,3.169,3,39
2022020670,2023-01-12,CGY,8478435,2.535,1,26
2022020671,2023-01-12,CHI,8475852,3.595,2,33
2022020671,2023-01-12,COL,8480925,3.091,3,30
2022020672,2023-01-12,ARI,8478872,4.169,4,46
2022020672,2023-01-12,OTT,8476341,2.088,3,29
2022020673,2023-01-12,VGK,8478499,4.071,2,40
2022020673,2023-01-12,FLA,8475683,3.292,3,32
2022020674,2023-01-13,PIT,8474682,3.260,4,40
2022020674,2023-01-13,WPG,8479496,1.611,1,23
2022020675,2023-01-13,ANA,8476434,3.681,6,39
2022020675,2023-01-13,NJD,8477970,3.357,2,33
2022020676,2023-01-13,SJS,8478039,3.294,7,41
2022020676,2023-01-13,EDM,8475789,2.465,1,26
2022020677,2023-01-14,DAL,8475809,2.941,6,36
2022020677,2023-01-14,CGY,8478435,2.480,5,34
2022020678,2023-01-14,DET,8478024,2.246,4,25
2022020678,2023-01-14,CBJ,8478007,1.464,3,28
2022020679,2023-01-14,NYI,8478009,2.184,1,23
2022020679,2023-01-14,MTL,8478470,3.796,2,38
2022020680,2023-01-14,COL,8480925,2.650,0,29
2022020680,2023-01-14,OTT,8476341,3.391,7,33
2022020681,2023-01-14,WSH,8475311,2.134,3,25
2022020681,2023-01-14,PHI,8479394,4.563,1,40
2022020682,2023-01-14,CAR,8475883,3.053,1,35
2022020682,2023-01-14,PIT,8479193,4.657,2,36
2022020683,2023-01-14,BOS,8476999,2.598,3,21
2022020683,2023-01-14,TOR,8476899,3.266,4,34
2022020684,2023-01-14,FLA,8475683,3.316,3,38
2022020684,2023-01-14,VAN,8477484,3.040,4,35
2022020685,2023-01-14,MIN,8470594,2.452,1,28
2022020685,2023-01-14,ARI,8478971,3.137,2,27
2022020686,2023-01-14,NSH,8477424,3.681,5,33
2022020686,2023-01-14,BUF,8480045,3.524,3,41
2022020687,2023-01-14,CHI,8471774,2.007,4,25
2022020687,2023-01-14,CHI,8475852,0.912,4,5
2022020687,2023-01-14,SEA,8474889,1.787,5,27
2022020688,2023-01-14,STL,8476412,2.867,4,30
2022020688,2023-01-14,TBL,8476883,2.058,2,25
2022020689,2023-01-14,VGK,8480313,3.193,4,37
2022020689,2023-01-14,EDM,8475789,2.348,3,30
2022020690,2023-01-14,LAK,8471734,2.592,4,27
2022020690,2023-01-14,NJD,8478406,3.789,2,37
2022020691,2023-01-15,NYR,8478048,3.377,2,31
2022020691,2023-01-15,MTL,8478470,3.621,1,39
2022020692,2023-01-15,CAR,8481611,2.998,3,32
2022020692,2023-01-15,VAN,8480420,3.285,3,32
2022020693,2023-01-15,WPG,8476945,3.022,1,21
2022020693,2023-01-15,ARI,8478872,2.575,2,24
2022020694,2023-01-16,BUF,8480045,2.499,3,33
2022020694,2023-01-16,FLA,8475683,2.547,1,29
2022020695,2023-01-16,BOS,8480280,2.522,0,29
2022020695,2023-01-16,PHI,8479394,1.510,4,16
2022020695,2023-01-16,PHI,8481035,1.390,2,13
2022020696,2023-01-16,COL,8480925,2.592,3,29
2022020696,2023-01-16,DET,8476433,0.304,1,5
2022020696,2023-01-16,DET,8478024,2.270,5,22
2022020697,2023-01-16,SJS,8473503,3.089,3,41
2022020697,2023-01-16,NJD,8477970,3.423,3,32
2022020698,2023-01-16,SEA,8475831,2.506,2,29
2022020698,2023-01-16,TBL,8476883,1.773,1,23
2022020699,2023-01-16,VGK,8480313,2.987,3,35
2022020699,2023-01-16,DAL,8479979,2.653,0,27
2022020700,2023-01-16,PIT,8479193,2.897,3,29
2022020700,2023-01-16,ANA,8476434,5.047,4,45
2022020701,2023-01-16,CBJ,8478007,3.492,3,33
2022020701,2023-01-16,NYR,8470860,3.179,1,25
2022020702,2023-01-16,NYI,8478009,3.710,4,35
2022020702,2023-01-16,WSH,8475311,3.000,3,30
2022020703,2023-01-16,NSH,8477424,3.451,1,39
2022020703,2023-01-16,CGY,8474593,3.229,2,29
2022020704,2023-01-16,STL,8476412,2.524,1,33
2022020704,2023-01-16,OTT,8475660,1.651,2,20
2022020338,2023-01-17,NSH,8480947,4.732,1,40
2022020338,2023-01-17,CBJ,8480193,3.472,2,28
2022020705,2023-01-17,PHI,8481035,2.541,2,27
2022020705,2023-01-17,ANA,8476932,3.676,4,38
2022020706,2023-01-17,TOR,8476899,0.966,4,8
2022020706,2023-01-17,TOR,8478492,1.250,0,11
2022020706,2023-01-17,FLA,8475683,4.257,5,37
2022020707,2023-01-17,WSH,8479292,1.124,3,21
2022020707,2023-01-17,MIN,8479406,4.122,2,36
2022020708,2023-01-17,MTL,8478470,3.498,1,26
2022020708,2023-01-17,WPG,8476945,2.783,4,28
2022020709,2023-01-17,CHI,8475852,3.468,3,33
2022020709,2023-01-17,BUF,8467950,2.592,4,26
2022020710,2023-01-17,ARI,8478971,3.587,3,40
2022020710,2023-01-17,DET,8476433,2.893,3,23
2022020711,2023-01-17,EDM,8475789,2.133,2,31
2022020711,2023-01-17,SEA,8474889,4.033,5,34
2022020712,2023-01-18,OTT,8475660,2.782,4,19
2022020712,2023-01-18,PIT,8479193,5.081,5,40
2022020713,2023-01-18,NYI,8473575,2.017,4,24
2022020713,2023-01-18,BOS,8476999,3.087,1,26
2022020714,2023-01-18,CGY,8474593,2.332,3,30
2022020714,2023-01-18,COL,8480382,2.961,1,35
2022020715,2023-01-18,VAN,8477484,0.555,4,10
2022020715,2023-01-18,VAN,8480420,1.111,0,14
2022020715,2023-01-18,TBL,8470880,3.468,2,39
2022020716,2023-01-18,SJS,8473503,2.371,3,36
2022020716,2023-01-18,DAL,8479979,3.031,4,27
2022020717,2023-01-19,CBJ,8478007,3.637,5,33
2022020717,2023-01-19,ANA,8476434,2.093,0,18
2022020717,2023-01-19,ANA,8476932,1.180,3,15
2022020718,2023-01-19,NYR,8478048,2.790,3,27
2022020718,2023-01-19,BOS,8480280,3.093,1,32
2022020719,2023-01-19,PHI,8479394,2.069,3,28
2022020719,2023-01-19,CHI,8475852,4.144,1,38
2022020720,2023-01-19,MTL,8478470,4.685,5,33
2022020720,2023-01-19,MTL,8480051,1.220,1,7
2022020720,2023-01-19,FLA,8475683,0.089,0,0
2022020720,2023-01-19,FLA,8479312,2.540,2,25
2022020721,2023-01-19,CAR,8475883,4.069,2,31
2022020721,2023-01-19,MIN,8470594,3.195,5,29
2022020722,2023-01-19,BUF,8480045,2.776,2,26
2022020722,2023-01-19,NYI,8478009,4.455,3,45
2022020723,2023-01-19,TOR,8478492,4.229,1,38
2022020723,2023-01-19,WPG,8476945,2.184,3,26
2022020724,2023-01-19,STL,8476412,2.778,2,26
2022020724,2023-01-19,NSH,8477424,3.622,5,33
2022020725,2023-01-19,EDM,8475789,3.532,3,31
2022020725,2023-01-19,TBL,8476883,3.737,4,33
2022020726,2023-01-19,ARI,8478872,3.528,4,33
2022020726,2023-01-19,WSH,8475311,2.007,0,26
2022020727,2023-01-19,VGK,8478499,1.716,3,25
2022020727,2023-01-19,DET,8478024,1.915,2,35
2022020728,2023-01-19,SEA,8474889,3.538,3,30
2022020728,2023-01-19,NJD,8478406,3.804,4,40
2022020729,2023-01-19,LAK,8471734,0.925,0,7
2022020729,2023-01-19,LAK,8477831,1.633,4,17
2022020729,2023-01-19,DAL,8475809,3.613,0,34
2022020730,2023-01-20,PIT,8477465,4.616,1,45
2022020730,2023-01-20,OTT,8475660,3.813,4,44
2022020731,2023-01-20,VAN,8480420,2.695,4,29
2022020731,2023-01-20,COL,8480382,2.707,1,29
2022020732,2023-01-21,BUF,8480045,3.015,3,37
2022020732,2023-01-21,ANA,8476434,3.344,6,39
2022020733,2023-01-21,CGY,8478435,3.404,3,24
2022020733,2023-01-21,TBL,8476883,3.934,4,39
2022020734,2023-01-21,FLA,8479312,3.929,3,32
2022020734,2023-01-21,MIN,8479406,2.575,4,26
2022020735,2023-01-21,DET,8478024,1.424,2,25
2022020735,2023-01-21,PHI,8479394,2.462,1,31
2022020736,2023-01-21,CBJ,8476914,2.387,3,26
2022020736,2023-01-21,SJS,8478039,2.661,4,28
2022020737,2023-01-21,MTL,8478470,4.740,2,38
2022020737,2023-01-21,TOR,8478492,3.826,3,31
2022020738,2023-01-21,OTT,8476341,3.446,5,30
2022020738,2023-01-21,WPG,8476945,2.275,1,26
2022020739,2023-01-21,NYI,8478009,2.831,4,25
2022020739,2023-01-21,CAR,8475883,2.266,2,31
2022020740,2023-01-21,DAL,8479979,3.051,0,33
2022020740,2023-01-21,ARI,8478971,3.251,4,39
2022020741,2023-01-21,STL,8471306,0.841,1,11
2022020741,2023-01-21,STL,8476412,0.701,4,7
2022020741,2023-01-21,CHI,8483530,2.779,3,32
2022020742,2023-01-21,NSH,8477424,3.427,3,34
2022020742,2023-01-21,LAK,8471734,2.334,3,25
2022020742,2023-01-21,LAK,8477831,0.187,2,3
2022020743,2023-01-21,SEA,8475831,2.563,1,27
2022020743,2023-01-21,COL,8480925,2.321,1,27
2022020744,2023-01-21,VAN,8477484,3.438,3,28
2022020744,2023-01-21,EDM,8479973,2.475,2,29
2022020745,2023-01-21,VGK,8480313,1.655,2,22
2022020745,2023-01-21,WSH,8475311,1.889,4,18
2022020745,2023-01-21,WSH,8479292,0.562,2,9
2022020746,2023-01-22,NJD,8477970,2.988,1,26
2022020746,2023-01-22,PIT,8477465,2.732,2,25
2022020747,2023-01-22,CHI,8475852,2.746,2,27
2022020747,2023-01-22,LAK,8477831,1.674,1,19
2022020748,2023-01-22,BOS,8476999,1.476,0,17
2022020748,2023-01-22,BOS,8480280,0.065,0,1
2022020748,2023-01-22,SJS,8473503,2.794,4,22
2022020749,2023-01-22,PHI,8478433,3.106,4,29
2022020749,2023-01-22,WPG,8479496,2.504,3,31
2022020750,2023-01-22,ARI,8478872,3.769,1,36
2022020750,2023-01-22,VGK,8480313,2.055,3,22
2022020751,2023-01-23,NYR,8478048,3.305,2,35
2022020751,2023-01-23,FLA,8479312,2.636,5,25
2022020752,2023-01-23,TOR,8478492,4.087,2,33
2022020752,2023-01-23,NYI,8478009,5.239,5,39
2022020753,2023-01-23,DAL,8479979,2.305,3,25
2022020753,2023-01-23,BUF,8467950,3.747,2,31
2022020754,2023-01-23,CGY,8478435,2.460,3,25
2022020754,2023-01-23,CBJ,8476914,5.031,4,49
2022020755,2023-01-24,MTL,8478470,2.656,3,28
2022020755,2023-01-24,BOS,8480280,1.482,2,22
2022020756,2023-01-24,PIT,8479193,4.551,6,39
2022020756,2023-01-24,FLA,8479312,5.062,7,49
2022020757,2023-01-24,PHI,8479394,3.348,4,38
2022020757,2023-01-24,LAK,8477831,2.479,3,31
2022020758,2023-01-24,TBL,8476883,3.761,2,35
2022020758,2023-01-24,MIN,8470594,3.708,3,38
2022020759,2023-01-24,NJD,8477970,2.527,2,30
2022020759,2023-01-24,VGK,8480313,3.596,3,36
2022020760,2023-01-24,DET,8478024,2.477,2,30
2022020760,2023-01-24,SJS,8473503,3.756,3,35
2022020761,2023-01-24,STL,8476412,2.321,4,30
2022020761,2023-01-24,BUF,8480045,2.411,3,28
2022020762,2023-01-24,NSH,8477424,3.446,1,33
2022020762,2023-01-24,WPG,8476945,4.003,2,41
2022020763,2023-01-24,ARI,8478971,3.419,4,42
2022020763,2023-01-24,ANA,8476932,3.434,2,39
2022020764,2023-01-24,COL,8480382,3.923,2,39
2022020764,2023-01-24,WSH,8475311,1.914,3,26
2022020765,2023-01-24,VAN,8480420,1.686,2,14
2022020765,2023-01-24,CHI,8475852,5.112,4,47
2022020766,2023-01-25,OTT,8475660,1.115,0,14
2022020766,2023-01-25,OTT,8476341,1.684,1,22
2022020766,2023-01-25,NYI,8473575,3.708,2,38
2022020767,2023-01-25,TOR,8478492,2.087,2,29
2022020767,2023-01-25,NYR,8478048,4.298,3,35
2022020768,2023-01-25,DAL,8479979,2.581,3,24
2022020768,2023-01-25,CAR,8475883,0.463,2,6
2022020768,2023-01-25,CAR,8477293,0.890,0,15
2022020769,2023-01-25,EDM,8479973,3.129,3,27
2022020769,2023-01-25,CBJ,8476914,3.414,2,36
2022020770,2023-01-25,SEA,8474889,1.474,1,20
2022020770,2023-01-25,VAN,8477484,3.190,6,35
2022020771,2023-01-26,TBL,8476883,2.630,2,39
2022020771,2023-01-26,BOS,8476999,3.376,3,35
2022020772,2023-01-26,MTL,8474596,3.836,4,42
2022020772,2023-01-26,DET,8478024,2.609,3,23
2022020773,2023-01-26,WSH,8475311,2.392,2,37
2022020773,2023-01-26,PIT,8479193,4.392,2,45
2022020774,2023-01-26,WPG,8476945,3.198,3,36
2022020774,2023-01-26,BUF,8477480,2.443,2,21
2022020775,2023-01-26,NSH,8477424,3.830,4,39
2022020775,2023-01-26,NJD,8478406,4.072,5,40
2022020776,2023-01-26,COL,8480925,2.305,4,31
2022020776,2023-01-26,ANA,8476434,3.928,3,44
2022020777,2023-01-26,CGY,8474593,3.086,4,28
2022020777,2023-01-26,CHI,8483530,3.320,1,35
2022020778,2023-01-26,MIN,8470594,2.282,2,30
2022020778,2023-01-26,PHI,8479394,3.565,3,23
2022020779,2023-01-26,ARI,8478872,2.379,0,33
2022020779,2023-01-26,STL,8471306,2.553,5,26
2022020780,2023-01-27,NYI,8478009,2.018,0,23
2022020780,2023-01-27,DET,8476433,3.108,2,29
2022020781,2023-01-27,FLA,8479312,2.671,3,32
2022020781,2023-01-27,LAK,8477831,5.174,3,48
2022020782,2023-01-27,TOR,8478492,3.163,6,34
2022020782,2023-01-27,OTT,8476341,4.001,2,33
2022020783,2023-01-27,CAR,8477293,2.358,3,29
2022020783,2023-01-27,SJS,8473503,3.235,5,36
2022020784,2023-01-27,NYR,8470860,2.940,1,34
2022020784,2023-01-27,VGK,8478499,3.016,3,39
2022020785,2023-01-27,DAL,8479979,1.813,3,29
2022020785,2023-01-27,NJD,8477970,2.921,2,35
2022020786,2023-01-27,SEA,8474889,3.367,4,37
2022020786,2023-01-27,CGY,8478435,2.728,2,30
2022020787,2023-01-27,VAN,8480420,1.754,2,26
2022020787,2023-01-27,CBJ,8476914,3.006,5,34
2022020788,2023-01-28,COL,8480382,2.358,2,28
2022020788,2023-01-28,STL,8476412,2.809,3,30
2022020789,2023-01-28,FLA,8479312,4.467,3,41
2022020789,2023-01-28,BOS,8480280,3.401,4,37
2022020790,2023-01-28,TBL,8476883,2.493,2,28
2022020790,2023-01-28,LAK,8471734,1.906,5,25
2022020791,2023-01-28,OTT,8476341,3.447,0,28
2022020791,2023-01-28,MTL,8478470,3.340,4,35
2022020792,2023-01-28,WPG,8476945,2.931,4,30
2022020792,2023-01-28,WPG,8479496,0.223,0,3
2022020792,2023-01-28,PHI,8479394,3.479,0,40
2022020793,2023-01-28,PIT,8479193,3.157,5,31
2022020793,2023-01-28,SJS,8478039,4.128,4,41
2022020794,2023-01-28,NYI,8473575,4.163,1,46
2022020794,2023-01-28,VGK,8480313,2.626,2,38
2022020795,2023-01-28,MIN,8470594,2.055,2,31
2022020795,2023-01-28,BUF,8480045,3.565,2,35
2022020796,2023-01-28,ANA,8476434,3.704,1,34
2022020796,2023-01-28,ARI,8478971,4.413,2,45
2022020797,2023-01-28,EDM,8475789,2.679,3,28
2022020797,2023-01-28,EDM,8483158,0.021,0,1
2022020797,2023-01-28,CHI,8475852,4.733,7,43
2022020798,2023-01-28,SEA,8475831,2.370,1,25
2022020798,2023-01-28,CBJ,8478007,3.079,3,31
2022020799,2023-01-29,CAR,8475883,1.780,1,25
2022020799,2023-01-29,BOS,8476999,3.506,3,35
2022020800,2023-01-29,TOR,8478492,1.930,1,24
2022020800,2023-01-29,WSH,8475311,1.895,4,20
2022020800,2023-01-29,WSH,8479292,1.136,1,7
2022020801,2023-01-30,WPG,8476945,2.102,2,26
2022020801,2023-01-30,STL,8476412,3.222,3,38
2022020802,2023-01-31,CAR,8475883,1.841,4,21
2022020802,2023-01-31,LAK,8477831,3.531,5,30
2022020803,2023-01-31,MTL,8474596,3.066,5,29
2022020803,2023-01-31,OTT,8476341,3.921,4,32
2022020804,2023-01-31,CBJ,8476914,3.531,4,34
2022020804,2023-01-31,WSH,8479292,2.455,3,34
2022020805,2023-02-01,BUF,8480045,2.701,4,33
2022020805,2023-02-01,CAR,8477293,2.778,1,30
2022020806,2023-02-01,TOR,8478492,2.198,5,29
2022020806,2023-02-01,BOS,8476999,3.061,2,35
2022020807,2023-02-06,PHI,8479394,2.978,2,30
2022020807,2023-02-06,NYI,8473575,2.299,1,26
2022020808,2023-02-06,FLA,8475683,3.784,1,33
2022020808,2023-02-06,TBL,8476883,4.035,7,49
2022020809,2023-02-06,NYR,8470860,2.737,4,32
2022020809,2023-02-06,CGY,8474593,3.786,5,33
2022020810,2023-02-06,NJD,8477970,2.777,4,30
2022020810,2023-02-06,VAN,8480420,3.030,5,34
2022020811,2023-02-06,DAL,8479979,3.056,2,34
2022020811,2023-02-06,ANA,8476434,5.599,2,41
2022020812,2023-02-06,ARI,8478872,3.306,2,35
2022020812,2023-02-06,MIN,8470594,3.815,3,36
2022020813,2023-02-07,PIT,8479193,4.316,1,42
2022020813,2023-02-07,COL,8480925,3.725,2,38
2022020814,2023-02-07,TBL,8470880,2.588,4,22
2022020814,2023-02-07,SJS,8478039,3.941,3,37
2022020815,2023-02-07,DET,8478024,2.526,4,26
2022020815,2023-02-07,EDM,8475789,2.722,2,32
2022020816,2023-02-07,NYI,8478009,2.587,0,32
2022020816,2023-02-07,SEA,8474889,3.110,4,28
2022020817,2023-02-07,NSH,8477424,3.084,4,29
2022020817,2023-02-07,VGK,8478499,1.842,1,17
2022020818,2023-02-07,CHI,8475852,1.800,3,26
2022020818,2023-02-07,ANA,8476932,2.676,2,29
2022020819,2023-02-08,NYR,8478048,1.738,3,25
2022020819,2023-02-08,VAN,8477484,2.293,4,21
2022020820,2023-02-08,DAL,8479979,3.203,1,39
2022020820,2023-02-08,MIN,8479406,3.405,3,36
2022020821,2023-02-09,TBL,8476883,3.622,0,30
2022020821,2023-02-09,COL,8480382,3.760,5,32
2022020822,2023-02-09,PHI,8479394,3.273,1,35
2022020822,2023-02-09,EDM,8479973,3.505,1,36
2022020823,2023-02-09,FLA,8475683,3.853,1,34
2022020823,2023-02-09,SJS,8478039,3.091,2,40
2022020824,2023-02-09,NJD,8478406,3.029,1,34
2022020824,2023-02-09,SEA,8475831,1.943,2,26
2022020825,2023-02-09,DET,8478024,2.426,1,36
2022020825,2023-02-09,CGY,8478435,2.164,2,17
2022020826,2023-02-09,NYI,8478009,4.056,6,34
2022020826,2023-02-09,VAN,8480420,3.391,5,29
2022020827,2023-02-09,MIN,8470594,1.687,5,23
2022020827,2023-02-09,MIN,8479406,0.444,0,8
2022020827,2023-02-09,VGK,8478499,0.426,0,4
2022020827,2023-02-09,VGK,8480313,1.952,1,24
2022020828,2023-02-10,NYR,8478048,2.921,3,29
2022020828,2023-02-10,SEA,8474889,3.025,5,27
2022020829,2023-02-10,CBJ,8476914,3.765,3,41
2022020829,2023-02-10,TOR,8478492,2.151,0,30
2022020830,2023-02-10,CHI,8483530,2.318,3,26
2022020830,2023-02-10,ARI,8478971,2.909,4,44
2022020831,2023-02-10,ANA,8476434,4.997,6,59
2022020831,2023-02-10,PIT,8479193,2.433,3,31
2022020832,2023-02-11,DET,8478024,2.995,2,34
2022020832,2023-02-11,VAN,8477484,1.808,5,25
2022020833,2023-02-11,BUF,8480045,3.431,7,40
2022020833,2023-02-11,CGY,8474593,2.920,2,23
2022020834,2023-02-11,OTT,8476341,3.608,6,37
2022020834,2023-02-11,OTT,8481544,0.284,0,3
2022020834,2023-02-11,EDM,8475789,2.895,3,29
2022020835,2023-02-11,MTL,8478470,2.424,3,30
2022020835,2023-02-11,NYI,8473575,3.045,4,31
2022020836,2023-02-11,PHI,8479394,2.357,2,25
2022020836,2023-02-11,NSH,8477424,1.866,1,24
2022020837,2023-02-11,DAL,8475809,2.912,2,30
2022020837,2023-02-11,TBL,8476883,3.603,1,29
2022020838,2023-02-11,BOS,8480280,2.971,2,23
2022020838,2023-02-11,WSH,8475311,3.503,1,28
2022020839,2023-02-11,FLA,8475683,4.349,4,49
2022020839,2023-02-11,COL,8480382,4.379,3,45
2022020840,2023-02-11,TOR,8479361,2.941,4,40
2022020840,2023-02-11,CBJ,8478007,2.903,3,29
2022020841,2023-02-11,CAR,8475883,2.353,5,18
2022020841,2023-02-11,NYR,8470860,3.533,2,29
2022020842,2023-02-11,STL,8476412,2.980,5,28
2022020842,2023-02-11,ARI,8478872,3.969,6,37
2022020843,2023-02-11,MIN,8479406,2.645,2,29
2022020843,2023-02-11,NJD,8477970,2.776,2,24
2022020844,2023-02-11,WPG,8476945,3.168,1,32
2022020844,2023-02-11,CHI,8475852,2.881,3,27
2022020845,2023-02-11,LAK,8477831,3.482,0,25
2022020845,2023-02-11,PIT,8474682,2.490,3,16
2022020845,2023-02-11,PIT,8479193,1.660,3,15
2022020846,2023-02-12,MTL,8474596,3.865,2,31
2022020846,2023-02-12,EDM,8479973,2.456,6,30
2022020847,2023-02-12,WSH,8479292,4.036,3,32
2022020847,2023-02-12,SJS,8477180,0.753,0,8
2022020847,2023-02-12,SJS,8478039,1.882,1,13
2022020848,2023-02-12,PHI,8478433,2.251,4,21
2022020848,2023-02-12,SEA,8475831,2.059,3,18
2022020849,2023-02-12,VGK,8478499,1.872,2,25
2022020849,2023-02-12,ANA,8476434,3.733,7,39
2022020850,2023-02-13,OTT,8481544,3.432,3,37
2022020850,2023-02-13,CGY,8474593,2.863,4,25
2022020851,2023-02-13,NSH,8480947,1.679,3,18
2022020851,2023-02-13,ARI,8478872,3.618,2,31
2022020852,2023-02-13,MIN,8479406,3.421,1,34
2022020852,2023-02-13,FLA,8475683,3.293,1,28
2022020853,2023-02-13,VAN,8480420,2.143,6,23
2022020853,2023-02-13,DET,8478024,3.015,1,30
2022020854,2023-02-13,LAK,8477831,3.671,2,29
2022020854,2023-02-13,BUF,8467950,2.464,5,28
2022020855,2023-02-14,WSH,8475311,2.798,3,30
2022020855,2023-02-14,CAR,8475883,3.909,2,36
2022020856,2023-02-14,MTL,8474596,1.614,0,22
2022020856,2023-02-14,CHI,8483530,3.037,4,31
2022020857,2023-02-14,CBJ,8478007,2.949,3,32
2022020857,2023-02-14,NJD,8477970,2.458,2,33
2022020858,2023-02-14,NYI,8478009,3.339,2,34
2022020858,2023-02-14,OTT,8480867,4.307,2,48
2022020859,2023-02-14,STL,8476412,3.404,2,36
2022020859,2023-02-14,FLA,8481519,2.369,5,27
2022020860,2023-02-14,WPG,8479496,2.846,2,29
2022020860,2023-02-14,SEA,8475831,3.715,2,40
2022020861,2023-02-14,DAL,8479979,2.611,3,37
2022020861,2023-02-14,BOS,8476999,2.611,2,31
2022020862,2023-02-14,COL,8480382,3.469,3,35
2022020862,2023-02-14,TBL,8476883,3.300,3,46
2022020863,2023-02-14,SJS,8477180,3.094,2,27
2022020863,2023-02-14,PIT,8479193,3.236,1,39
2022020864,2023-02-15,TOR,8478492,1.346,2,29
2022020864,2023-02-15,CHI,8475852,4.900,5,42
2022020865,2023-02-15,ARI,8478971,5.091,0,47
2022020865,2023-02-15,TBL,8470880,2.646,0,26
2022020866,2023-02-15,MIN,8470594,1.551,3,19
2022020866,2023-02-15,COL,8480382,3.789,2,43
2022020867,2023-02-15,EDM,8475789,1.928,4,23
2022020867,2023-02-15,DET,8478024,4.444,4,45
2022020868,2023-02-15,ANA,8480843,3.833,7,44
2022020868,2023-02-15,BUF,8477480,2.438,3,22
2022020869,2023-02-15,VAN,8481668,2.405,5,27
2022020869,2023-02-15,NYR,8478048,2.373,4,29
2022020870,2023-02-16,WSH,8475311,2.440,4,34
2022020870,2023-02-16,FLA,8475683,3.274,3,32
2022020871,2023-02-16,CAR,8477293,2.440,2,22
2022020871,2023-02-16,MTL,8478470,4.254,6,41
2022020872,2023-02-16,CBJ,8476914,4.643,1,38
2022020872,2023-02-16,WPG,8479496,3.126,2,23
2022020873,2023-02-16,NSH,8477424,3.126,5,30
2022020873,2023-02-16,BOS,8480280,2.294,0,28
2022020874,2023-02-16,STL,8476412,3.470,2,36
2022020874,2023-02-16,NJD,8478406,3.131,4,35
2022020875,2023-02-16,CGY,8478435,2.290,5,24
2022020875,2023-02-16,DET,8476433,4.067,2,35
2022020876,2023-02-16,SEA,8475831,1.809,2,19
2022020876,2023-02-16,PHI,8479394,1.583,4,19
2022020876,2023-02-16,PHI,8481035,1.249,2,11
2022020877,2023-02-16,VGK,8478499,1.987,1,26
2022020877,2023-02-16,SJS,8478039,4.507,2,38
2022020878,2023-02-17,OTT,8481544,2.940,4,32
2022020878,2023-02-17,CHI,8475852,2.745,3,31
2022020879,2023-02-17,NYI,8478009,4.136,4,44
2022020879,2023-02-17,PIT,8479193,2.378,5,28
2022020880,2023-02-17,MIN,8479406,2.860,1,30
2022020880,2023-02-17,DAL,8479979,2.081,1,32
2022020881,2023-02-17,EDM,8475789,3.935,4,38
2022020881,2023-02-17,NYR,8478048,4.425,4,29
2022020882,2023-02-17,ANA,8476434,4.498,5,40
2022020882,2023-02-17,LAK,8471734,1.114,2,10
2022020882,2023-02-17,LAK,8477831,1.456,1,17
2022020883,2023-02-18,STL,8476412,3.471,4,33
2022020883,2023-02-18,COL,8481020,1.688,1,20
2022020884,2023-02-18,NSH,8480947,3.023,3,33
2022020884,2023-02-18,FLA,8475683,1.351,4,11
2022020884,2023-02-18,FLA,8481519,1.629,2,14
2022020885,2023-02-18,BOS,8476999,2.209,2,28
2022020885,2023-02-18,NYI,8473575,2.826,6,27
2022020886,2023-02-18,PIT,8474682,3.972,4,42
2022020886,2023-02-18,NJD,8477970,2.443,2,31
2022020887,2023-02-18,DAL,8475809,2.588,3,36
2022020887,2023-02-18,CBJ,8476914,2.474,1,29
2022020888,2023-02-18,TOR,8479361,2.124,1,30
2022020888,2023-02-18,MTL,8474596,4.847,5,41
2022020889,2023-02-18,CAR,8475883,1.288,1,25
2022020889,2023-02-18,WSH,8475311,3.437,4,35
2022020890,2023-02-18,CGY,8474593,2.475,2,20
2022020890,2023-02-18,NYR,8470860,3.277,3,32
2022020891,2023-02-18,VAN,8481668,3.387,2,37
2022020891,2023-02-18,PHI,8479394,2.104,4,21
2022020892,2023-02-18,LAK,8471734,4.021,5,32
2022020892,2023-02-18,ARI,8478872,1.505,5,14
2022020892,2023-02-18,ARI,8478971,3.792,0,23
2022020893,2023-02-18,SJS,8478039,2.808,3,30
2022020893,2023-02-18,BUF,8480045,3.027,2,35
2022020894,2023-02-18,SEA,8475831,3.289,2,23
2022020894,2023-02-18,DET,8478024,2.627,4,26
2022020895,2023-02-18,VGK,8478499,3.013,4,24
2022020895,2023-02-18,TBL,8476883,2.644,4,25
2022020896,2023-02-19,MIN,8479406,1.969,3,26
2022020896,2023-02-19,NSH,8477424,3.575,4,35
2022020897,2023-02-19,OTT,8481544,2.607,2,32
2022020897,2023-02-19,STL,8471306,3.469,7,34
2022020898,2023-02-19,COL,8480382,3.718,5,40
2022020898,2023-02-19,EDM,8475789,3.656,6,42
2022020899,2023-02-19,CHI,8483530,3.785,3,35
2022020899,2023-02-19,TOR,8478492,2.363,4,27
2022020900,2023-02-19,NJD,8478406,2.733,2,25
2022020900,2023-02-19,WPG,8476945,2.567,3,28
2022020901,2023-02-19,ARI,8478971,3.977,2,36
2022020901,2023-02-19,CBJ,8478007,2.326,3,25
2022020902,2023-02-20,FLA,8475683,2.960,3,32
2022020902,2023-02-20,ANA,8476434,5.465,4,55
2022020903,2023-02-20,BOS,8476999,1.716,1,31
2022020903,2023-02-20,OTT,8480867,3.160,3,32
2022020904,2023-02-20,CGY,8474593,2.288,4,22
2022020904,2023-02-20,PHI,8481035,4.616,3,35
2022020905,2023-02-20,SJS,8473503,2.360,0,26
2022020905,2023-02-20,SEA,8474889,3.010,4,24
2022020906,2023-02-20,PIT,8477465,2.997,3,31
2022020906,2023-02-20,NYI,8478009,4.575,2,46
2022020907,2023-02-20,NYR,8478048,2.327,4,21
2022020907,2023-02-20,WPG,8476945,5.049,1,51
2022020908,2023-02-21,TBL,8476883,3.087,1,25
2022020908,2023-02-21,ANA,8480843,5.150,6,44
2022020909,2023-02-21,WSH,8475311,2.613,3,25
2022020909,2023-02-21,DET,8478024,2.995,1,27
2022020910,2023-02-21,NJD,8477970,2.224,4,17
2022020910,2023-02-21,MTL,8478470,4.914,2,40
2022020911,2023-02-21,CAR,8475883,2.832,1,36
2022020911,2023-02-21,STL,8476412,4.596,4,36
2022020912,2023-02-21,BUF,8467950,1.890,1,18
2022020912,2023-02-21,BUF,8480045,1.392,4,10
2022020912,2023-02-21,TOR,8478492,2.741,3,32
2022020913,2023-02-21,MIN,8479406,3.480,1,34
2022020913,2023-02-21,LAK,8477831,1.746,2,20
2022020914,2023-02-21,NSH,8477424,4.452,4,39
2022020914,2023-02-21,VAN,8480420,3.936,4,26
2022020915,2023-02-21,CHI,8475852,2.878,2,36
2022020915,2023-02-21,VGK,8476316,3.734,2,39
2022020916,2023-02-21,EDM,8479973,1.999,2,26
2022020916,2023-02-21,PHI,8479394,3.390,3,26
2022020917,2023-02-22,NYI,8478009,2.990,1,26
2022020917,2023-02-22,WPG,8476945,1.946,2,22
2022020918,2023-02-22,DAL,8479979,2.413,4,23
2022020918,2023-02-22,CHI,8483530,3.164,3,32
2022020919,2023-02-22,ARI,8478872,4.167,6,51
2022020919,2023-02-22,CGY,8478435,2.040,3,15
2022020920,2023-02-23,WSH,8479292,2.084,3,20
2022020920,2023-02-23,ANA,8476434,4.081,2,43
2022020921,2023-02-23,TBL,8476883,2.428,6,23
2022020921,2023-02-23,BUF,8477480,5.399,5,41
2022020922,2023-02-23,PIT,8477465,2.549,6,29
2022020922,2023-02-23,PIT,8479193,1.257,1,15
2022020922,2023-02-23,EDM,8479973,2.075,2,24
2022020923,2023-02-23,NJD,8477970,1.992,3,22
2022020923,2023-02-23,LAK,8477831,4.252,4,32
2022020924,2023-02-23,CBJ,8476914,2.707,2,25
2022020924,2023-02-23,MIN,8470594,3.155,0,30
2022020925,2023-02-23,DET,8478024,2.583,1,31
2022020925,2023-02-23,NYR,8470860,2.387,4,23
2022020926,2023-02-23,STL,8476412,4.125,3,41
2022020926,2023-02-23,VAN,8481668,2.012,2,22
2022020927,2023-02-23,SEA,8475831,3.655,6,33
2022020927,2023-02-23,BOS,8480280,3.416,5,41
2022020928,2023-02-23,VGK,8476316,2.985,3,28
2022020928,2023-02-23,CGY,8478435,2.472,4,29
2022020929,2023-02-23,SJS,8473503,2.715,6,31
2022020929,2023-02-23,NSH,8477424,2.893,2,24
2022020930,2023-02-24,FLA,8475683,2.594,3,33
2022020930,2023-02-24,BUF,8467950,5.332,1,50
2022020931,2023-02-24,TOR,8478492,2.787,1,25
2022020931,2023-02-24,MIN,8479406,2.253,2,24
2022020932,2023-02-24,PHI,8479394,2.387,5,31
2022020932,2023-02-24,MTL,8474596,1.636,2,26
2022020933,2023-02-24,CAR,8477293,3.199,0,32
2022020933,2023-02-24,OTT,8475660,4.007,3,29
2022020934,2023-02-24,NYI,8478009,1.898,3,29
2022020934,2023-02-24,LAK,8471734,1.620,2,18
2022020935,2023-02-24,WPG,8476945,2.319,5,26
2022020935,2023-02-24,WPG,8479496,1.192,0,10
2022020935,2023-02-24,COL,8480382,2.936,1,27
2022020936,2023-02-25,CBJ,8476914,4.439,5,47
2022020936,2023-02-25,EDM,8475789,1.505,4,14
2022020936,2023-02-25,EDM,8479973,1.261,2,12
2022020937,2023-02-25,WSH,8475311,3.870,3,26
2022020937,2023-02-25,NYR,8470860,0.516,1,5
2022020937,2023-02-25,NYR,8478048,2.645,5,22
2022020938,2023-02-25,CAR,8475883,2.167,3,16
2022020938,2023-02-25,ANA,8476434,4.764,2,53
2022020939,2023-02-25,VAN,8481668,2.307,2,34
2022020939,2023-02-25,BOS,8476999,2.767,1,27
2022020940,2023-02-25,MTL,8478470,2.716,5,22
2022020940,2023-02-25,OTT,8481544,2.149,2,32
2022020941,2023-02-25,NJD,8481033,2.257,0,23
2022020941,2023-02-25,PHI,8481035,4.481,7,36
2022020942,2023-02-25,DET,8478024,1.503,2,17
2022020942,2023-02-25,TBL,8476883,3.377,0,45
2022020943,2023-02-25,STL,8476412,5.046,3,48
2022020943,2023-02-25,PIT,8477465,2.369,2,27
2022020944,2023-02-25,COL,8480382,3.086,1,29
2022020944,2023-02-25,CGY,8474593,2.719,4,22
2022020945,2023-02-25,VGK,8476316,4.572,2,43
2022020945,2023-02-25,DAL,8479979,4.816,2,43
2022020946,2023-02-25,SJS,8478039,4.055,3,35
2022020946,2023-02-25,CHI,8475852,4.440,3,48
2022020947,2023-02-26,BUF,8480045,2.635,4,30
2022020947,2023-02-26,WSH,8475311,2.170,5,19
2022020947,2023-02-26,WSH,8479292,2.344,2,18
2022020948,2023-02-26,MIN,8470594,1.815,2,24
2022020948,2023-02-26,CBJ,8478007,4.103,3,44
2022020949,2023-02-26,WPG,8479496,1.821,3,23
2022020949,2023-02-26,NYI,8473575,2.494,0,23
2022020950,2023-02-26,NYR,8478048,3.433,2,28
2022020950,2023-02-26,LAK,8471734,0.675,3,7
2022020950,2023-02-26,LAK,8477831,1.890,2,14
2022020951,2023-02-26,PIT,8479193,3.302,3,29
2022020951,2023-02-26,TBL,8470880,3.453,7,36
2022020952,2023-02-26,ARI,8478971,2.682,6,34
2022020952,2023-02-26,NSH,8477424,2.781,2,27
2022020953,2023-02-26,SEA,8474889,0.774,1,12
2022020953,2023-02-26,SEA,8475831,2.884,4,21
2022020953,2023-02-26,TOR,8478492,2.914,1,27
2022020534,2023-02-27,OTT,8475660,2.307,2,24
2022020534,2023-02-27,DET,8476433,4.236,6,42
2022020954,2023-02-27,EDM,8479973,3.249,3,28
2022020954,2023-02-27,BOS,8480280,3.056,2,24
2022020955,2023-02-27,DAL,8479979,2.465,5,21
2022020955,2023-02-27,VAN,8477967,4.973,4,38
2022020956,2023-02-27,COL,8480382,2.028,0,31
2022020956,2023-02-27,VGK,8478499,2.531,2,33
2022020957,2023-02-27,ANA,8480843,2.730,2,26
2022020957,2023-02-27,CHI,8475852,2.710,4,33
2022020958,2023-02-28,BUF,8467950,3.396,4,35
2022020958,2023-02-28,CBJ,8478007,3.981,3,41
2022020959,2023-02-28,OTT,8481544,1.625,1,17
2022020959,2023-02-28,DET,8478024,3.089,6,27
2022020960,2023-02-28,TBL,8476883,4.109,3,40
2022020960,2023-02-28,FLA,8475683,4.154,1,29
2022020961,2023-02-28,WPG,8476945,3.735,5,37
2022020961,2023-02-28,LAK,8477831,3.385,5,31
2022020962,2023-02-28,MIN,8479406,3.506,1,40
2022020962,2023-02-28,NYI,8478009,2.710,1,31
2022020963,2023-02-28,NSH,8477424,3.488,2,33
2022020963,2023-02-28,PIT,8477465,2.553,1,25
2022020964,2023-02-28,STL,8476412,2.043,4,25
2022020964,2023-02-28,SEA,8474889,2.192,3,25
2022020965,2023-02-28,CGY,8474593,2.150,2,15
2022020965,2023-02-28,CGY,8478435,0.569,2,5
2022020965,2023-02-28,BOS,8476999,6.082,3,57
2022020966,2023-02-28,ARI,8478872,1.826,1,24
2022020966,2023-02-28,CHI,8471774,2.747,4,33
2022020967,2023-02-28,SJS,8478039,2.358,2,31
2022020967,2023-02-28,MTL,8474596,3.348,1,39
2022020968,2023-03-01,PHI,8479394,2.414,3,25
2022020968,2023-03-01,NYR,8478048,2.474,2,28
2022020969,2023-03-01,EDM,8479973,1.732,2,28
2022020969,2023-03-01,TOR,8478492,3.201,5,32
2022020970,2023-03-01,DAL,8479979,2.282,2,20
2022020970,2023-03-01,ARI,8478971,3.949,4,41
2022020971,2023-03-01,COL,8481020,2.590,6,28
2022020971,2023-03-01,NJD,8477970,1.571,5,19
2022020971,2023-03-01,NJD,8481033,0.793,0,12
2022020972,2023-03-01,VGK,8478499,2.278,2,26
2022020972,2023-03-01,CAR,8475883,1.973,3,20
2022020973,2023-03-01,ANA,8476434,2.818,3,39
2022020973,2023-03-01,WSH,8475311,1.947,2,23
2022020974,2023-03-02,BOS,8480280,2.433,1,27
2022020974,2023-03-02,BUF,8480045,4.270,5,40
2022020975,2023-03-02,FLA,8475683,2.321,2,23
2022020975,2023-03-02,NSH,8480947,3.913,1,31
2022020976,2023-03-02,NYR,8470860,2.819,4,33
2022020976,2023-03-02,OTT,8475660,3.868,3,32
2022020977,2023-03-02,TBL,8476883,2.602,5,32
2022020977,2023-03-02,PIT,8477465,2.880,4,31
2022020978,2023-03-02,DET,8478024,3.147,5,37
2022020978,2023-03-02,SEA,8474889,0.810,3,12
2022020978,2023-03-02,SEA,8475831,1.392,1,17
2022020979,2023-03-02,CHI,8475852,3.362,3,34
2022020979,2023-03-02,DAL,8483575,2.242,2,21
2022020980,2023-03-02,CGY,8474593,3.711,2,34
2022020980,2023-03-02,TOR,8479361,3.660,1,26
2022020981,2023-03-02,VAN,8477967,3.344,2,36
2022020981,2023-03-02,MIN,8470594,3.011,1,22
2022020982,2023-03-02,LAK,8477831,2.440,2,21
2022020982,2023-03-02,MTL,8474596,3.909,3,33
2022020983,2023-03-02,SJS,8473503,2.803,5,22
2022020983,2023-03-02,STL,8471306,2.662,3,25
2022020984,2023-03-03,CBJ,8478007,4.083,3,34
2022020984,2023-03-03,SEA,8475831,2.999,2,23
2022020985,2023-03-03,EDM,8479973,2.408,3,28
2022020985,2023-03-03,WPG,8476945,3.118,4,24
2022020985,2023-03-03,WPG,8479496,1.037,2,9
2022020986,2023-03-03,ARI,8478872,3.922,6,42
2022020986,2023-03-03,CAR,8477293,1.934,1,18
2022020987,2023-03-03,ANA,8476434,2.573,2,28
2022020987,2023-03-03,MTL,8478470,2.601,3,33
2022020988,2023-03-03,VGK,8478499,6.204,3,50
2022020988,2023-03-03,NJD,8481033,2.911,3,27
2022020536,2023-03-04,BUF,8477480,3.391,3,36
2022020536,2023-03-04,TBL,8470880,3.373,5,34
2022020989,2023-03-04,NYI,8478009,1.224,1,23
2022020989,2023-03-04,DET,8476433,2.835,4,36
2022020991,2023-03-04,BOS,8476999,1.731,2,26
2022020991,2023-03-04,NYR,8478048,2.490,4,24
2022020992,2023-03-04,FLA,8475683,2.595,1,32
2022020992,2023-03-04,PIT,8479193,4.680,4,42
2022020993,2023-03-04,SJS,8478039,3.163,8,30
2022020993,2023-03-04,WSH,8475311,4.025,3,41
2022020994,2023-03-04,OTT,8475660,1.629,2,21
2022020994,2023-03-04,CBJ,8474636,1.540,1,16
2022020994,2023-03-04,CBJ,8478007,2.086,4,23
2022020995,2023-03-04,WPG,8476945,3.006,5,35
2022020995,2023-03-04,EDM,8475789,3.016,6,38
2022020996,2023-03-04,VAN,8477967,3.012,1,37
2022020996,2023-03-04,TOR,8476899,2.829,4,24
2022020997,2023-03-04,DAL,8479979,2.604,3,35
2022020997,2023-03-04,COL,8476234,1.013,1,9
2022020997,2023-03-04,COL,8480382,1.229,5,19
2022020998,2023-03-04,CHI,8475852,2.740,2,24
2022020998,2023-03-04,NSH,8477424,2.383,1,28
2022020999,2023-03-04,CGY,8474593,3.114,3,33
2022020999,2023-03-04,MIN,8479406,2.291,0,31
2022021000,2023-03-04,LAK,8476914,2.758,2,26
2022021000,2023-03-04,STL,8476412,3.977,3,37
2022021001,2023-03-05,CAR,8475883,1.534,0,14
2022021001,2023-03-05,TBL,8476883,3.487,6,38
2022021002,2023-03-05,PHI,8479394,2.137,1,26
2022021002,2023-03-05,DET,8478024,3.345,2,36
2022021003,2023-03-05,VGK,8471734,2.487,3,28
2022021003,2023-03-05,MTL,8474596,2.529,4,28
2022021004,2023-03-05,ARI,8478971,3.161,5,40
2022021004,2023-03-05,NJD,8477970,3.053,4,29
2022021005,2023-03-05,COL,8480382,2.941,3,35
2022021005,2023-03-05,SEA,8475831,2.611,2,23
2022021006,2023-03-06,BUF,8467950,3.951,3,37
2022021006,2023-03-06,EDM,8479973,4.046,2,39
2022021007,2023-03-06,WPG,8479496,2.766,3,24
2022021007,2023-03-06,SJS,8473503,3.773,2,38
2022021008,2023-03-06,DAL,8479979,3.491,5,38
2022021008,2023-03-06,CGY,8474593,2.992,4,33
2022021009,2023-03-06,CHI,8471774,2.575,0,35
2022021009,2023-03-06,OTT,8481544,2.650,5,21
2022021010,2023-03-06,VAN,8481668,2.775,3,32
2022021010,2023-03-06,NSH,8477424,3.070,3,29
2022021011,2023-03-06,LAK,8477831,2.665,2,22
2022021011,2023-03-06,WSH,8475311,4.209,3,40
2022021012,2023-03-07,MTL,8474596,3.763,3,39
2022021012,2023-03-07,CAR,8475883,1.265,1,14
2022021012,2023-03-07,CAR,8477293,1.154,2,10
2022021013,2023-03-07,PIT,8477465,1.233,4,12
2022021013,2023-03-07,PIT,8479193,1.495,0,15
2022021013,2023-03-07,CBJ,8474636,4.404,5,40
2022021013,2023-03-07,CBJ,8478007,0.873,0,7
2022021014,2023-03-07,TBL,8476883,2.428,2,35
2022021014,2023-03-07,PHI,8479394,3.079,5,39
2022021015,2023-03-07,NJD,8477970,3.034,4,25
2022021015,2023-03-07,TOR,8478492,3.989,3,33
2022021016,2023-03-07,FLA,8475683,1.860,1,23
2022021016,2023-03-07,VGK,8478499,2.897,2,34
2022021017,2023-03-07,NYI,8478009,1.763,2,24
2022021017,2023-03-07,BUF,8480045,4.054,3,39
2022021018,2023-03-07,MIN,8479406,2.731,0,26
2022021018,2023-03-07,CGY,8474593,4.220,0,40
2022021019,2023-03-07,COL,8480382,0.996,0,13
2022021019,2023-03-07,SJS,8473503,1.514,1,19
2022021019,2023-03-07,SJS,8478039,1.843,5,24
2022021020,2023-03-07,ARI,8478872,3.848,2,42
2022021020,2023-03-07,STL,8476412,2.094,6,27
2022021021,2023-03-07,SEA,8475831,2.009,2,22
2022021021,2023-03-07,ANA,8476434,2.603,4,30
2022021022,2023-03-08,DET,8478024,1.482,3,20
2022021022,2023-03-08,CHI,8471774,4.110,4,41
2022021023,2023-03-08,WPG,8476945,2.087,3,22
2022021023,2023-03-08,MIN,8470594,4.126,2,48
2022021024,2023-03-08,VAN,8477967,1.502,2,22
2022021024,2023-03-08,ANA,8480843,3.115,3,34
2022021025,2023-03-09,BUF,8477480,4.812,10,49
2022021025,2023-03-09,DAL,8479979,2.074,4,29
2022021026,2023-03-09,BOS,8480280,1.881,3,22
2022021026,2023-03-09,EDM,8479973,2.471,2,28
2022021027,2023-03-09,PIT,8477465,3.142,4,28
2022021027,2023-03-09,NYI,8478009,3.631,3,36
2022021028,2023-03-09,MTL,8478470,3.007,3,33
2022021028,2023-03-09,NYR,8478048,3.292,3,26
2022021029,2023-03-09,WSH,8475311,4.106,2,40
2022021029,2023-03-09,NJD,8481033,2.047,2,22
2022021030,2023-03-09,CAR,8481611,1.523,0,19
2022021030,2023-03-09,PHI,8478433,3.258,1,29
2022021031,2023-03-09,TBL,8476883,2.973,4,21
2022021031,2023-03-09,VGK,8471734,3.915,3,37
2022021032,2023-03-09,STL,8476412,3.502,2,34
2022021032,2023-03-09,SJS,8478039,3.290,4,30
2022021033,2023-03-09,COL,8480382,2.203,4,30
2022021033,2023-03-09,LAK,8476914,2.531,2,30
2022021034,2023-03-09,ARI,8481031,4.529,1,40
2022021034,2023-03-09,NSH,8477424,3.879,3,42
2022021035,2023-03-09,SEA,8475831,4.006,5,31
2022021035,2023-03-09,OTT,8481544,3.241,4,33
2022021036,2023-03-10,FLA,8475683,2.845,3,24
2022021036,2023-03-10,CHI,8475852,3.634,4,43
2022021037,2023-03-10,CGY,8474593,1.313,2,17
2022021037,2023-03-10,ANA,8476434,3.352,1,37
2022021038,2023-03-11,BOS,8476999,2.320,2,31
2022021038,2023-03-11,DET,8476433,3.570,3,38
2022021039,2023-03-11,PIT,8479193,2.007,1,32
2022021039,2023-03-11,PHI,8479394,2.758,4,31
2022021040,2023-03-11,BUF,8480045,2.793,2,26
2022021040,2023-03-11,NYR,8478048,3.251,1,33
2022021041,2023-03-11,COL,8480382,2.710,2,20
2022021041,2023-03-11,ARI,8478971,3.620,3,44
2022021042,2023-03-11,TBL,8470880,2.158,1,23
2022021042,2023-03-11,CHI,8475852,3.452,2,36
2022021043,2023-03-11,TOR,8476899,2.549,4,26
2022021043,2023-03-11,EDM,8479973,3.931,6,37
2022021044,2023-03-11,MTL,8474596,2.635,2,36
2022021044,2023-03-11,NJD,8481033,2.439,1,24
2022021045,2023-03-11,CBJ,8474636,2.579,4,23
2022021045,2023-03-11,STL,8471306,5.541,2,39
2022021046,2023-03-11,CAR,8475883,1.892,3,23
2022021046,2023-03-11,VGK,8471734,3.159,0,33
2022021047,2023-03-11,FLA,8475683,2.855,5,27
2022021047,2023-03-11,WPG,8476945,6.027,4,48
2022021048,2023-03-11,NYI,8473575,2.311,5,27
2022021048,2023-03-11,WSH,8475311,2.542,1,19
2022021049,2023-03-11,SEA,8475831,2.659,4,25
2022021049,2023-03-11,DAL,8479979,2.393,3,31
2022021050,2023-03-11,VAN,8477967,2.635,2,20
2022021050,2023-03-11,OTT,8481544,4.035,4,29
2022021051,2023-03-11,SJS,8473503,3.094,4,28
2022021051,2023-03-11,MIN,8470594,3.930,2,37
2022021052,2023-03-11,LAK,8477831,3.283,1,30
2022021052,2023-03-11,NSH,8480947,2.844,1,27
2022021053,2023-03-12,DET,8478024,3.836,3,33
2022021053,2023-03-12,BOS,8480280,2.810,4,25
2022021054,2023-03-12,PIT,8477465,2.963,2,29
2022021054,2023-03-12,NYR,8470860,3.595,3,35
2022021055,2023-03-12,NJD,8477970,3.112,0,32
2022021055,2023-03-12,CAR,8481611,3.311,3,23
2022021056,2023-03-12,STL,8476412,2.455,4,30
2022021056,2023-03-12,VGK,8480238,3.295,3,33
2022021057,2023-03-12,TBL,8476883,2.107,3,22
2022021057,2023-03-12,WPG,8476945,3.323,2,35
2022021058,2023-03-12,ARI,8478872,2.798,4,34
2022021058,2023-03-12,MIN,8479406,2.240,5,23
2022021059,2023-03-12,CGY,8474593,2.372,1,31
2022021059,2023-03-12,OTT,8480867,5.601,5,39
2022021060,2023-03-12,ANA,8476434,3.301,5,36
2022021060,2023-03-12,NSH,8477424,3.106,4,37
2022021061,2023-03-13,TOR,8476899,2.658,4,29
2022021061,2023-03-13,BUF,8467950,2.159,3,28
2022021062,2023-03-13,MTL,8474596,1.927,6,15
2022021062,2023-03-13,MTL,8478470,1.961,2,18
2022021062,2023-03-13,COL,8480382,1.878,4,19
2022021063,2023-03-13,SEA,8474889,2.250,5,32
2022021063,2023-03-13,DAL,8479979,2.338,2,28
2022021064,2023-03-14,PIT,8477465,0.608,4,7
2022021064,2023-03-14,PIT,8479193,1.164,1,14
2022021064,2023-03-14,MTL,8478470,5.217,4,43
2022021065,2023-03-14,NJD,8477970,2.082,4,30
2022021065,2023-03-14,TBL,8476883,2.355,1,23
2022021066,2023-03-14,PHI,8478433,3.134,4,32
2022021066,2023-03-14,VGK,8471734,3.812,3,30
2022021067,2023-03-14,NYR,8478048,2.039,3,31
2022021067,2023-03-14,WSH,8475311,3.405,4,35
2022021068,2023-03-14,CAR,8475883,1.978,3,24
2022021068,2023-03-14,WPG,8479496,1.889,4,24
2022021069,2023-03-14,NSH,8477424,2.946,1,29
2022021069,2023-03-14,DET,8478024,1.822,2,16
2022021070,2023-03-14,CHI,8471774,1.836,3,26
2022021070,2023-03-14,CHI,8475852,2.042,0,16
2022021070,2023-03-14,BOS,8476999,2.746,5,28
2022021071,2023-03-14,EDM,8479973,2.523,3,32
2022021071,2023-03-14,OTT,8481544,3.696,5,32
2022021072,2023-03-14,ARI,8478971,3.036,3,45
2022021072,2023-03-14,CGY,8474593,2.439,4,25
2022021073,2023-03-14,VAN,8477967,2.505,2,27
2022021073,2023-03-14,DAL,8483575,2.393,5,19
2022021074,2023-03-14,SJS,8478039,4.197,6,48
2022021074,2023-03-14,CBJ,8480193,3.705,5,32
2022021075,2023-03-14,LAK,8476914,2.930,2,28
2022021075,2023-03-14,NYI,8478009,4.384,4,36
2022021076,2023-03-15,WSH,8479292,3.231,4,27
2022021076,2023-03-15,BUF,8480045,3.884,4,39
2022021077,2023-03-15,TOR,8478492,2.877,1,29
2022021077,2023-03-15,COL,8480382,1.777,1,18
2022021078,2023-03-15,STL,8471306,1.088,3,11
2022021078,2023-03-15,STL,8476412,2.097,5,24
2022021078,2023-03-15,MIN,8470594,2.730,5,36
2022021079,2023-03-15,ANA,8476434,2.500,6,33
2022021079,2023-03-15,NYI,8478009,1.489,3,23
2022021080,2023-03-16,OTT,8481544,3.340,5,30
2022021080,2023-03-16,COL,8477992,3.974,4,36
2022021081,2023-03-16,FLA,8475683,2.195,5,30
2022021081,2023-03-16,MTL,8474596,1.685,6,18
2022021081,2023-03-16,MTL,8478470,2.393,3,24
2022021082,2023-03-16,NYR,8478048,2.685,2,32
2022021082,2023-03-16,PIT,8477465,3.323,3,34
2022021083,2023-03-16,NJD,8481033,2.437,3,24
2022021083,2023-03-16,TBL,8476883,4.669,3,35
2022021084,2023-03-16,WPG,8476945,2.853,2,23
2022021084,2023-03-16,BOS,8480280,2.951,0,36
2022021085,2023-03-16,NSH,8477424,2.409,2,21
2022021085,2023-03-16,CHI,8471774,3.079,1,36
2022021086,2023-03-16,EDM,8479973,2.786,1,26
2022021086,2023-03-16,DAL,8479979,3.826,3,29
2022021087,2023-03-16,VGK,8471734,3.187,6,29
2022021087,2023-03-16,CGY,8474593,1.896,2,19
2022021088,2023-03-16,ARI,8481031,4.024,2,31
2022021088,2023-03-16,VAN,8477967,1.949,3,27
2022021089,2023-03-16,LAK,8477831,2.274,1,30
2022021089,2023-03-16,CBJ,8474636,1.053,0,9
2022021089,2023-03-16,CBJ,8480193,1.926,4,27
2022021090,2023-03-16,SJS,8473503,3.376,2,32
2022021090,2023-03-16,SEA,8475831,2.797,1,32
2022021091,2023-03-17,PHI,8479394,3.753,2,38
2022021091,2023-03-17,BUF,8467950,2.141,5,22
2022021092,2023-03-17,TOR,8478492,3.374,2,34
2022021092,2023-03-17,CAR,8481611,2.132,5,24
2022021093,2023-03-17,WSH,8475311,1.959,4,21
2022021093,2023-03-17,STL,8480981,3.419,2,34
2022021094,2023-03-17,ANA,8480843,3.935,4,42
2022021094,2023-03-17,CBJ,8474636,3.331,5,36
2022021095,2023-03-18,DET,8476433,0.174,0,2
2022021095,2023-03-18,DET,8478024,1.848,5,21
2022021095,2023-03-18,COL,8480382,2.847,1,34
2022021096,2023-03-18,MIN,8479406,3.014,4,37
2022021096,2023-03-18,BOS,8476999,3.198,2,31
2022021097,2023-03-18,NSH,8477424,3.223,3,34
2022021097,2023-03-18,WPG,8476945,1.239,2,20
2022021098,2023-03-18,SEA,8474889,1.469,3,13
2022021098,2023-03-18,SEA,8475831,1.215,3,10
2022021098,2023-03-18,EDM,8479973,3.773,4,37
2022021099,2023-03-18,PHI,8478433,3.213,5,34
2022021099,2023-03-18,CAR,8475883,3.364,4,33
2022021100,2023-03-18,FLA,8475683,2.030,2,35
2022021100,2023-03-18,NJD,8481033,3.749,3,40
2022021101,2023-03-18,TBL,8470880,1.665,3,21
2022021101,2023-03-18,MTL,8478470,3.203,4,40
2022021102,2023-03-18,OTT,8481544,3.229,4,29
2022021102,2023-03-18,TOR,8476899,5.440,4,52
2022021103,2023-03-18,NYR,8478048,3.354,0,33
2022021103,2023-03-18,PIT,8477465,1.340,4,17
2022021103,2023-03-18,PIT,8479193,0.827,2,7
2022021104,2023-03-18,CGY,8474593,3.038,6,26
2022021104,2023-03-18,DAL,8479979,3.721,5,38
2022021105,2023-03-18,LAK,8476914,2.153,2,17
2022021105,2023-03-18,VAN,8477967,3.384,2,40
2022021106,2023-03-18,ARI,8481031,1.935,2,34
2022021106,2023-03-18,CHI,8471774,2.034,3,20
2022021107,2023-03-18,SJS,8478039,2.713,4,33
2022021107,2023-03-18,NYI,8478009,1.608,1,30
2022021108,2023-03-19,BUF,8480045,2.998,7,25
2022021108,2023-03-19,BOS,8480280,2.927,0,26
2022021109,2023-03-19,MIN,8470594,2.576,3,36
2022021109,2023-03-19,WSH,8479292,3.454,5,40
2022021110,2023-03-19,VGK,8480238,4.480,2,37
2022021110,2023-03-19,CBJ,8474636,1.191,2,12
2022021110,2023-03-19,CBJ,8480193,2.462,5,29
2022021111,2023-03-19,NYR,8470860,1.884,0,22
2022021111,2023-03-19,NSH,8477424,2.596,3,29
2022021111,2023-03-19,NSH,8480947,0.498,4,5
2022021112,2023-03-19,TBL,8476883,3.090,4,38
2022021112,2023-03-19,NJD,8477970,2.605,2,24
2022021113,2023-03-19,STL,8471306,0.294,0,1
2022021113,2023-03-19,STL,8480981,2.544,0,33
2022021113,2023-03-19,WPG,8476945,2.150,3,17
2022021114,2023-03-19,ANA,8476434,3.004,2,40
2022021114,2023-03-19,VAN,8480420,1.713,1,18
2022021115,2023-03-20,PIT,8477465,1.826,2,21
2022021115,2023-03-20,OTT,8480263,4.356,1,49
2022021116,2023-03-20,DET,8478024,2.547,5,25
2022021116,2023-03-20,FLA,8475683,2.483,2,22
2022021117,2023-03-20,COL,8480382,1.987,0,27
2022021117,2023-03-20,CHI,8471774,3.317,5,32
2022021118,2023-03-20,EDM,8475789,3.396,4,32
2022021118,2023-03-20,SJS,8473503,7.800,5,52
2022021119,2023-03-20,LAK,8477831,2.652,2,18
2022021119,2023-03-20,CGY,8474593,2.065,6,26
2022021119,2023-03-20,CGY,8478435,1.069,2,13
2022021120,2023-03-21,NYR,8478048,3.045,3,39
2022021120,2023-03-21,CAR,8475883,2.287,2,31
2022021121,2023-03-21,WSH,8479292,3.471,7,39
2022021121,2023-03-21,CBJ,8480193,3.543,6,37
2022021122,2023-03-21,PHI,8479394,4.617,3,44
2022021122,2023-03-21,FLA,8479312,2.781,5,23
2022021123,2023-03-21,NJD,8477970,3.690,2,29
2022021123,2023-03-21,MIN,8479406,4.532,1,48
2022021124,2023-03-21,BUF,8467950,2.180,6,20
2022021124,2023-03-21,BUF,8480045,0.999,0,6
2022021124,2023-03-21,NSH,8477424,3.652,3,31
2022021125,2023-03-21,BOS,8476999,2.630,1,41
2022021125,2023-03-21,OTT,8481544,3.916,2,35
2022021126,2023-03-21,MTL,8478470,3.114,2,33
2022021126,2023-03-21,TBL,8476883,2.097,3,20
2022021127,2023-03-21,NYI,8478009,3.094,2,27
2022021127,2023-03-21,TOR,8478492,2.361,6,28
2022021128,2023-03-21,WPG,8476945,2.062,1,30
2022021128,2023-03-21,ARI,8478872,3.512,2,25
2022021129,2023-03-21,STL,8480981,2.922,2,30
2022021129,2023-03-21,DET,8476433,2.530,2,22
2022021130,2023-03-21,DAL,8479979,2.991,5,27
2022021130,2023-03-21,SEA,8478916,3.317,4,29
2022021131,2023-03-21,ANA,8476434,4.335,5,43
2022021131,2023-03-21,CGY,8478435,2.291,1,20
2022021132,2023-03-21,VAN,8477967,2.361,4,27
2022021132,2023-03-21,VGK,8471734,2.788,3,34
2022021133,2023-03-22,COL,8480382,3.279,4,44
2022021133,2023-03-22,PIT,8477465,3.274,2,30
2022021134,2023-03-22,EDM,8479973,1.918,3,17
2022021134,2023-03-22,ARI,8478971,4.613,4,31
2022021135,2023-03-23,WSH,8475311,2.630,1,28
2022021135,2023-03-23,CHI,8471418,3.105,6,28
2022021136,2023-03-23,PHI,8479394,2.692,4,24
2022021136,2023-03-23,MIN,8470594,2.961,4,34
2022021137,2023-03-23,BOS,8480280,3.174,2,31
2022021137,2023-03-23,MTL,8474596,2.574,4,21
2022021138,2023-03-23,CAR,8475883,2.223,2,16
2022021138,2023-03-23,NYR,8478048,2.308,1,30
2022021139,2023-03-23,OTT,8481544,2.772,2,29
2022021139,2023-03-23,TBL,8470880,3.400,6,34
2022021140,2023-03-23,FLA,8475683,3.134,5,26
2022021140,2023-03-23,TOR,8476899,2.629,2,35
2022021141,2023-03-23,DET,8476433,0.681,3,13
2022021141,2023-03-23,DET,8477968,0.727,1,9
2022021141,2023-03-23,STL,8480981,2.407,3,28
2022021142,2023-03-23,NSH,8477424,2.551,1,28
2022021142,2023-03-23,SEA,8478916,2.412,1,24
2022021143,2023-03-23,DAL,8479979,4.192,2,42
2022021143,2023-03-23,PIT,8479193,3.155,3,33
2022021144,2023-03-23,CGY,8474593,3.405,3,32
2022021144,2023-03-23,VGK,8471734,0.524,0,5
2022021144,2023-03-23,VGK,8480313,3.118,2,39
2022021145,2023-03-23,VAN,8477967,2.008,2,19
2022021145,2023-03-23,SJS,8473503,2.287,7,21
2022021146,2023-03-23,ANA,8480843,3.372,3,33
2022021146,2023-03-23,WPG,8476945,1.828,2,20
2022021147,2023-03-24,CBJ,8474636,3.545,4,38
2022021147,2023-03-24,NYI,8478009,3.432,5,27
2022021148,2023-03-24,BUF,8480045,3.142,4,31
2022021148,2023-03-24,NJD,8477970,2.086,2,19
2022021148,2023-03-24,NJD,8481033,0.582,3,7
2022021149,2023-03-24,COL,8480382,1.113,1,18
2022021149,2023-03-24,ARI,8478872,3.748,3,30
2022021150,2023-03-25,PHI,8479394,3.184,0,29
2022021150,2023-03-25,DET,8477968,2.674,2,21
2022021151,2023-03-25,BOS,8476999,1.995,1,27
2022021151,2023-03-25,TBL,8476883,3.096,2,34
2022021152,2023-03-25,NSH,8477424,3.311,7,39
2022021152,2023-03-25,SEA,8475831,1.623,2,16
2022021153,2023-03-25,CGY,8474593,2.474,3,31
2022021153,2023-03-25,SJS,8478039,3.716,4,29
2022021154,2023-03-25,LAK,8476914,2.609,1,26
2022021154,2023-03-25,WPG,8476945,1.594,3,28
2022021155,2023-03-25,MIN,8479406,1.956,1,23
2022021155,2023-03-25,CHI,8471774,2.208,2,24
2022021156,2023-03-25,FLA,8475683,3.204,4,42
2022021156,2023-03-25,NYR,8470860,2.877,3,34
2022021157,2023-03-25,NYI,8473575,2.604,1,34
2022021157,2023-03-25,BUF,8477480,2.016,0,26
2022021158,2023-03-25,MTL,8478470,2.144,2,23
2022021158,2023-03-25,CBJ,8474636,0.882,2,8
2022021158,2023-03-25,CBJ,8478007,1.917,6,24
2022021159,2023-03-25,NJD,8478406,1.766,3,28
2022021159,2023-03-25,OTT,8480263,3.967,4,34
2022021160,2023-03-25,CAR,8481611,6.181,3,44
2022021160,2023-03-25,TOR,8476899,2.072,4,27
2022021161,2023-03-25,DAL,8483575,2.916,3,24
2022021161,2023-03-25,VAN,8477967,2.133,1,26
2022021162,2023-03-25,PIT,8479193,4.235,3,34
2022021162,2023-03-25,WSH,8475311,4.396,4,40
2022021163,2023-03-25,EDM,8479973,3.365,4,34
2022021163,2023-03-25,VGK,8476316,3.194,3,30
2022021164,2023-03-25,ANA,8476434,3.609,6,36
2022021164,2023-03-25,STL,8476412,2.632,3,25
2022021165,2023-03-26,ARI,8478971,2.967,3,32
2022021165,2023-03-26,COL,8480382,3.213,3,30
2022021166,2023-03-26,CAR,8475883,3.294,3,38
2022021166,2023-03-26,BOS,8480280,4.125,3,37
2022021167,2023-03-26,NSH,8480947,3.717,3,34
2022021167,2023-03-26,TOR,8479361,2.105,2,25
2022021168,2023-03-26,CHI,8475852,2.509,3,30
2022021168,2023-03-26,VAN,8480420,2.327,2,31
2022021169,2023-03-26,LAK,8477831,2.314,6,22
2022021169,2023-03-26,STL,8476412,2.241,2,14
2022021169,2023-03-26,STL,8480981,1.412,5,17
2022021170,2023-03-27,OTT,8481544,2.778,2,34
2022021170,2023-03-27,FLA,8475683,1.856,4,26
2022021171,2023-03-27,BUF,8477480,4.834,3,41
2022021171,2023-03-27,MTL,8474596,2.381,3,33
2022021172,2023-03-27,NYI,8478009,3.953,1,31
2022021172,2023-03-27,NJD,8477970,2.768,3,34
2022021173,2023-03-27,MIN,8470594,3.641,1,36
2022021173,2023-03-27,SEA,8474889,0.849,1,7
2022021173,2023-03-27,SEA,8475831,1.190,4,13
2022021174,2023-03-27,ANA,8476434,3.984,5,44
2022021174,2023-03-27,COL,8477992,2.560,1,30
2022021175,2023-03-27,ARI,8478872,2.841,5,29
2022021175,2023-03-27,EDM,8475789,3.269,4,33
2022021176,2023-03-28,NYR,8478048,2.834,2,30
2022021176,2023-03-28,CBJ,8474636,3.561,5,35
2022021177,2023-03-28,PHI,8478433,2.012,2,29
2022021177,2023-03-28,MTL,8480051,2.609,2,26
2022021178,2023-03-28,BOS,8476999,1.957,1,22
2022021178,2023-03-28,NSH,8477424,3.289,1,36
2022021179,2023-03-28,CAR,8481611,1.797,3,20
2022021179,2023-03-28,TBL,8476883,3.501,0,31
2022021180,2023-03-28,DET,8477968,3.748,4,39
2022021180,2023-03-28,PIT,8479193,2.756,6,24
2022021181,2023-03-28,STL,8476412,3.900,5,37
2022021181,2023-03-28,VAN,8477967,2.634,6,31
2022021182,2023-03-28,CHI,8471774,2.463,4,30
2022021182,2023-03-28,CHI,8475852,0.138,0,3
2022021182,2023-03-28,DAL,8479979,1.544,1,18
2022021183,2023-03-28,CGY,8474593,2.593,1,33
2022021183,2023-03-28,LAK,8476914,3.386,2,32
2022021184,2023-03-28,VGK,8471734,2.925,6,34
2022021184,2023-03-28,VGK,8476316,0.363,1,5
2022021184,2023-03-28,EDM,8479973,3.294,4,22
2022021185,2023-03-28,SJS,8473503,4.107,0,41
2022021185,2023-03-28,WPG,8476945,2.481,3,30
2022021186,2023-03-29,TOR,8478492,3.393,3,29
2022021186,2023-03-29,FLA,8479312,3.885,2,40
2022021187,2023-03-29,WSH,8475311,2.419,1,29
2022021187,2023-03-29,NYI,8478009,2.206,1,26
2022021188,2023-03-29,COL,8480382,2.126,3,28
2022021188,2023-03-29,MIN,8479406,3.668,2,44
2022021189,2023-03-30,BOS,8476999,1.942,1,26
2022021189,2023-03-30,CBJ,8474636,3.402,2,31
2022021190,2023-03-30,MTL,8478470,3.210,4,29
2022021190,2023-03-30,FLA,8479312,1.498,2,20
2022021191,2023-03-30,NJD,8477970,2.284,1,25
2022021191,2023-03-30,NYR,8478048,3.740,2,31
2022021192,2023-03-30,PIT,8477465,1.648,0,28
2022021192,2023-03-30,NSH,8477424,4.885,2,45
2022021193,2023-03-30,OTT,8475660,1.377,4,11
2022021193,2023-03-30,PHI,8478433,4.927,5,46
2022021194,2023-03-30,TBL,8476883,2.175,1,31
2022021194,2023-03-30,WSH,8475311,3.491,4,33
2022021195,2023-03-30,DET,8477968,3.325,2,33
2022021195,2023-03-30,CAR,8475883,1.510,3,22
2022021196,2023-03-30,CHI,8475852,2.546,4,28
2022021196,2023-03-30,STL,8476412,3.299,3,33
2022021197,2023-03-30,EDM,8479973,3.969,0,43
2022021197,2023-03-30,LAK,8476914,4.336,2,37
2022021198,2023-03-30,SEA,8474889,1.132,1,19
2022021198,2023-03-30,ANA,8480843,3.490,3,38
2022021199,2023-03-30,SJS,8473503,2.786,3,26
2022021199,2023-03-30,VGK,8476316,2.278,4,25
2022021200,2023-03-31,BUF,8482221,3.320,2,33
2022021200,2023-03-31,NYR,8470860,2.967,3,34
2022021201,2023-03-31,WPG,8476945,2.212,2,25
2022021201,2023-03-31,DET,8476433,3.574,6,29
2022021202,2023-03-31,VAN,8477967,4.326,5,41
2022021202,2023-03-31,CGY,8474593,2.363,4,20
2022021203,2023-03-31,ARI,8478872,3.529,4,30
2022021203,2023-03-31,DAL,8479979,2.178,2,18
2022021204,2023-04-01,NSH,8477424,2.412,1,22
2022021204,2023-04-01,STL,8471306,2.722,6,35
2022021205,2023-04-01,PIT,8477465,2.827,4,35
2022021205,2023-04-01,BOS,8480280,3.486,3,24
2022021206,2023-04-01,PHI,8478433,2.926,6,29
2022021206,2023-04-01,BUF,8480045,3.157,3,42
2022021207,2023-04-01,MTL,8478470,2.911,3,50
2022021207,2023-04-01,CAR,8477293,1.000,0,14
2022021208,2023-04-01,CBJ,8474636,5.327,7,49
2022021208,2023-04-01,FLA,8479312,2.199,0,21
2022021209,2023-04-01,TBL,8476883,2.576,0,38
2022021209,2023-04-01,NYI,8473575,1.230,1,11
2022021209,2023-04-01,NYI,8478009,2.001,4,21
2022021210,2023-04-01,OTT,8475660,0.476,0,4
2022021210,2023-04-01,OTT,8481544,1.180,3,16
2022021210,2023-04-01,TOR,8478492,2.556,0,31
2022021211,2023-04-01,CHI,8471774,3.074,5,39
2022021211,2023-04-01,NJD,8478406,1.256,3,17
2022021212,2023-04-01,COL,8480382,2.254,2,28
2022021212,2023-04-01,DAL,8479979,2.149,3,30
2022021213,2023-04-01,EDM,8475789,2.799,0,36
2022021213,2023-04-01,ANA,8476434,4.141,5,36
2022021213,2023-04-01,ANA,8480843,0.913,1,9
2022021214,2023-04-01,SEA,8474889,1.302,2,18
2022021214,2023-04-01,LAK,8477831,1.590,1,26
2022021215,2023-04-01,VGK,8476316,2.956,1,30
2022021215,2023-04-01,MIN,8470594,3.893,3,42
2022021216,2023-04-01,ARI,8481031,3.455,7,31
2022021216,2023-04-01,SJS,8478039,2.627,2,31
2022021217,2023-04-02,WSH,8475311,4.007,5,34
2022021217,2023-04-02,NYR,8478048,4.844,2,28
2022021218,2023-04-02,STL,8476412,2.825,3,31
2022021218,2023-04-02,BOS,8476999,3.557,3,38
2022021219,2023-04-02,CAR,8475883,1.691,1,22
2022021219,2023-04-02,NYI,8478009,3.764,2,35
2022021220,2023-04-02,CBJ,8476903,2.820,3,27
2022021220,2023-04-02,OTT,8475660,2.182,4,22
2022021221,2023-04-02,PIT,8479193,3.502,2,33
2022021221,2023-04-02,PHI,8481035,3.083,3,30
2022021222,2023-04-02,TOR,8476899,0.746,2,7
2022021222,2023-04-02,TOR,8478492,1.620,2,16
2022021222,2023-04-02,DET,8477968,4.356,2,45
2022021223,2023-04-02,WPG,8476945,3.432,1,32
2022021223,2023-04-02,NJD,8477970,2.067,4,21
2022021223,2023-04-02,NJD,8478406,0.529,2,6
2022021224,2023-04-02,CGY,8474593,0.826,2,9
2022021224,2023-04-02,CGY,8478435,1.079,2,13
2022021224,2023-04-02,ANA,8480843,3.923,5,41
2022021225,2023-04-02,VAN,8477967,1.763,3,24
2022021225,2023-04-02,LAK,8476914,2.833,1,25
2022021226,2023-04-03,MIN,8479406,2.372,3,26
2022021226,2023-04-03,VGK,8476316,2.842,3,33
2022021227,2023-04-03,DAL,8475809,1.807,1,27
2022021227,2023-04-03,NSH,8477424,3.466,5,26
2022021228,2023-04-03,SEA,8475831,1.394,1,21
2022021228,2023-04-03,ARI,8481031,3.075,8,32
2022021229,2023-04-04,FLA,8479312,4.048,1,40
2022021229,2023-04-04,BUF,8482221,4.041,2,36
2022021230,2023-04-04,TOR,8479361,2.283,2,26
2022021230,2023-04-04,CBJ,8482982,6.006,3,49
2022021231,2023-04-04,MTL,8480051,2.663,5,21
2022021231,2023-04-04,DET,8478024,1.977,0,24
2022021232,2023-04-04,CAR,8477293,3.306,2,28
2022021232,2023-04-04,OTT,8482447,4.496,3,37
2022021233,2023-04-04,NJD,8477970,2.308,1,23
2022021233,2023-04-04,PIT,8477465,4.023,5,37
2022021234,2023-04-04,STL,8476412,2.690,2,34
2022021234,2023-04-04,PHI,8481035,3.353,3,31
2022021235,2023-04-04,NSH,8480947,3.378,2,32
2022021235,2023-04-04,VGK,8471734,2.379,3,27
2022021236,2023-04-04,CGY,8474593,1.879,4,23
2022021236,2023-04-04,CHI,8475852,3.786,3,36
2022021237,2023-04-04,LAK,8477831,3.053,2,32
2022021237,2023-04-04,EDM,8479973,2.372,1,21
2022021238,2023-04-04,VAN,8480420,2.958,4,27
2022021238,2023-04-04,SEA,8474889,2.545,2,18
2022021239,2023-04-04,SJS,8478039,4.274,4,42
2022021239,2023-04-04,COL,8480382,3.569,3,31
2022021240,2023-04-05,WPG,8476945,2.663,3,35
2022021240,2023-04-05,CGY,8474593,3.085,1,35
2022021241,2023-04-05,NYR,8478048,3.405,3,31
2022021241,2023-04-05,TBL,8476883,3.969,6,37
2022021242,2023-04-05,ANA,8480843,3.362,2,32
2022021242,2023-04-05,EDM,8475789,2.264,1,28
2022021243,2023-04-06,NJD,8477970,2.079,1,17
2022021243,2023-04-06,CBJ,8474636,3.012,5,24
2022021243,2023-04-06,CBJ,8476903,1.557,3,12
2022021244,2023-04-06,PIT,8477465,2.082,1,28
2022021244,2023-04-06,MIN,8470594,2.422,4,31
2022021245,2023-04-06,FLA,8479312,6.180,2,58
2022021245,2023-04-06,OTT,8481544,1.272,4,18
2022021245,2023-04-06,OTT,8482447,0.498,3,12
2022021246,2023-04-06,BOS,8480280,2.496,1,32
2022021246,2023-04-06,TOR,8478492,2.591,2,33
2022021247,2023-04-06,MTL,8478470,2.923,2,26
2022021247,2023-04-06,WSH,8475311,3.115,5,31
2022021248,2023-04-06,DET,8478024,3.623,6,36
2022021248,2023-04-06,BUF,8482221,3.170,6,32
2022021249,2023-04-06,NYI,8478009,2.843,1,31
2022021249,2023-04-06,TBL,8470880,3.144,6,42
2022021250,2023-04-06,NSH,8477424,2.542,0,33
2022021250,2023-04-06,CAR,8475883,1.713,2,22
2022021251,2023-04-06,STL,8476412,2.149,2,24
2022021251,2023-04-06,NYR,8470860,2.435,3,22
2022021252,2023-04-06,DAL,8479979,2.139,1,25
2022021252,2023-04-06,PHI,8479394,2.595,4,30
2022021253,2023-04-06,SEA,8475831,2.383,2,29
2022021253,2023-04-06,ARI,8478872,3.054,4,34
2022021254,2023-04-06,VAN,8477967,3.089,0,33
2022021254,2023-04-06,CHI,8471774,2.581,2,28
2022021255,2023-04-06,VGK,8476316,2.142,2,32
2022021255,2023-04-06,LAK,8476914,1.482,5,15
2022021255,2023-04-06,LAK,8477831,1.855,0,22
2022021256,2023-04-06,SJS,8473503,1.538,2,12
2022021256,2023-04-06,SJS,8478039,1.626,4,19
2022021256,2023-04-06,COL,8480382,2.825,2,23
2022021257,2023-04-08,BUF,8482221,3.978,3,34
2022021257,2023-04-08,CAR,8477293,2.846,4,30
2022021258,2023-04-08,MIN,8479406,3.058,3,40
2022021258,2023-04-08,STL,8476412,3.463,4,29
2022021259,2023-04-08,SJS,8473503,3.769,6,35
2022021259,2023-04-08,EDM,8479973,2.347,1,23
2022021260,2023-04-08,ARI,8481031,2.979,4,29
2022021260,2023-04-08,ANA,8480042,3.405,5,39
2022021261,2023-04-08,WSH,8479292,4.050,3,36
2022021261,2023-04-08,FLA,8479312,2.139,2,24
2022021262,2023-04-08,TOR,8478492,1.266,1,21
2022021262,2023-04-08,MTL,8478470,5.103,7,46
2022021263,2023-04-08,CBJ,8474636,3.395,4,28
2022021263,2023-04-08,NYR,8478048,2.194,0,20
2022021264,2023-04-08,WPG,8476945,2.267,0,28
2022021264,2023-04-08,NSH,8477424,3.880,2,38
2022021265,2023-04-08,BOS,8476999,2.418,1,30
2022021265,2023-04-08,NJD,8478406,3.295,2,40
2022021266,2023-04-08,DET,8478024,2.215,5,28
2022021266,2023-04-08,PIT,8477465,1.584,1,20
2022021267,2023-04-08,OTT,8475660,2.780,4,24
2022021267,2023-04-08,TBL,8470880,4.648,6,39
2022021268,2023-04-08,NYI,8478009,2.383,0,27
2022021268,2023-04-08,PHI,8478433,0.394,1,3
2022021268,2023-04-08,PHI,8479394,1.798,3,18
2022021269,2023-04-08,DAL,8479979,2.012,1,20
2022021269,2023-04-08,VGK,8471734,2.180,1,25
2022021270,2023-04-08,VAN,8477967,4.580,2,43
2022021270,2023-04-08,CGY,8474593,3.499,2,33
2022021271,2023-04-08,SEA,8474889,1.857,3,18
2022021271,2023-04-08,SEA,8475831,0.806,0,11
2022021271,2023-04-08,CHI,8475852,2.984,7,31
2022021272,2023-04-08,LAK,8477831,2.192,4,23
2022021272,2023-04-08,COL,8480382,4.416,3,41
2022021273,2023-04-09,PHI,8478433,2.617,5,34
2022021273,2023-04-09,BOS,8480280,3.617,3,37
2022021274,2023-04-09,ANA,8480843,5.590,5,46
2022021274,2023-04-09,COL,8480925,1.535,4,23
2022021275,2023-04-10,NYR,8478048,4.535,2,39
2022021275,2023-04-10,BUF,8482221,2.815,2,28
2022021276,2023-04-10,OTT,8481544,2.818,2,29
2022021276,2023-04-10,CAR,8475883,3.380,3,32
2022021277,2023-04-10,WSH,8475311,4.006,2,40
2022021277,2023-04-10,NYI,8478009,2.109,3,23
2022021278,2023-04-10,WPG,8476945,2.735,2,21
2022021278,2023-04-10,SJS,8473503,3.971,6,33
2022021279,2023-04-10,FLA,8479312,2.755,2,25
2022021279,2023-04-10,TOR,8478492,3.997,1,46
2022021280,2023-04-10,DET,8476433,1.438,3,17
2022021280,2023-04-10,DET,8478024,0.466,3,5
2022021280,2023-04-10,DAL,8475809,0.810,0,7
2022021280,2023-04-10,DAL,8479979,0.846,1,13
2022021281,2023-04-10,CHI,8471774,1.626,3,21
2022021281,2023-04-10,MIN,8479406,3.003,2,42
2022021282,2023-04-10,CGY,8474593,3.981,2,29
2022021282,2023-04-10,NSH,8477424,4.304,2,44
2022021283,2023-04-10,ARI,8481031,3.429,4,37
2022021283,2023-04-10,SEA,8475831,2.116,1,23
2022021284,2023-04-10,LAK,8476914,1.755,0,20
2022021284,2023-04-10,VAN,8480420,2.051,2,27
2022021285,2023-04-11,NJD,8477970,3.962,2,38
2022021285,2023-04-11,BUF,8482221,2.447,4,28
2022021286,2023-04-11,PIT,8477465,2.190,3,25
2022021286,2023-04-11,CHI,8475852,4.133,2,40
2022021287,2023-04-11,PHI,8479394,2.294,3,31
2022021287,2023-04-11,CBJ,8474636,3.897,4,39
2022021288,2023-04-11,CAR,8477293,1.371,1,21
2022021288,2023-04-11,DET,8477968,1.760,3,27
2022021289,2023-04-11,TBL,8476883,2.555,4,24
2022021289,2023-04-11,TOR,8479361,4.287,3,48
2022021290,2023-04-11,BOS,8476999,1.527,2,21
2022021290,2023-04-11,BOS,8480280,0.602,0,6
2022021290,2023-04-11,WSH,8475311,0.630,1,7
2022021290,2023-04-11,WSH,8479292,2.821,3,36
2022021291,2023-04-11,MIN,8470594,2.238,3,20
2022021291,2023-04-11,WPG,8476945,3.759,1,34
2022021292,2023-04-11,COL,8480382,3.084,2,40
2022021292,2023-04-11,EDM,8479973,2.705,1,30
2022021293,2023-04-11,VGK,8476316,1.908,1,21
2022021293,2023-04-11,SEA,8478916,3.605,4,37
2022021294,2023-04-11,ANA,8480843,2.877,3,36
2022021294,2023-04-11,VAN,8477967,3.260,2,35
2022021295,2023-04-12,NYI,8478009,1.712,2,19
2022021295,2023-04-12,MTL,8478470,3.706,4,35
2022021296,2023-04-12,STL,8480981,3.719,5,37
2022021296,2023-04-12,DAL,8475809,1.813,2,18
2022021297,2023-04-12,CGY,8481692,2.369,1,24
2022021297,2023-04-12,SJS,8478039,3.297,2,48
2022021298,2023-04-13,MTL,8478470,4.472,5,21
2022021298,2023-04-13,BOS,8480280,3.652,4,34
2022021299,2023-04-13,FLA,8479312,3.677,4,34
2022021299,2023-04-13,CAR,8475883,4.168,4,34
2022021300,2023-04-13,TBL,8470880,2.314,0,32
2022021300,2023-04-13,DET,8478024,3.891,4,31
2022021301,2023-04-13,WSH,8475311,4.838,5,34
2022021301,2023-04-13,NJD,8478406,1.043,4,11
2022021301,2023-04-13,NJD,8481033,2.658,0,20
2022021302,2023-04-13,BUF,8467950,2.410,3,33
2022021302,2023-04-13,OTT,8481544,3.815,4,36
2022021303,2023-04-13,CBJ,8474636,3.458,2,36
2022021303,2023-04-13,PIT,8477465,3.757,3,34
2022021304,2023-04-13,NYR,8470860,2.544,3,21
2022021304,2023-04-13,TOR,8479361,3.160,2,24
2022021305,2023-04-13,NSH,8477424,2.310,3,24
2022021305,2023-04-13,MIN,8479406,3.370,4,31
2022021306,2023-04-13,CHI,8471774,3.314,5,36
2022021306,2023-04-13,PHI,8478433,3.016,4,38
2022021307,2023-04-13,DAL,8479979,1.105,0,25
2022021307,2023-04-13,STL,8476412,3.561,1,34
2022021308,2023-04-13,EDM,8479973,3.508,2,29
2022021308,2023-04-13,SJS,8473503,4.654,5,36
2022021309,2023-04-13,COL,8480382,1.805,2,20
2022021309,2023-04-13,WPG,8479496,2.098,3,24
2022021310,2023-04-13,ANA,8476434,3.426,4,35
2022021310,2023-04-13,LAK,8476914,1.275,3,24
2022021311,2023-04-13,ARI,8478872,2.730,5,24
2022021311,2023-04-13,VAN,8480420,3.598,4,28
2022021312,2023-04-13,SEA,8475831,1.214,2,18
2022021312,2023-04-13,VGK,8476316,3.479,1,31
2022020320,2023-04-14,NSH,8480947,3.021,4,34
2022020320,2023-04-14,COL,8480382,1.582,3,21
2022020547,2023-04-14,CBJ,8474636,1.387,2,9
2022020547,2023-04-14,CBJ,8476903,2.871,3,27
2022020547,2023-04-14,BUF,8482221,3.101,2,31
2023020001,2023-10-10,TBL,8477992,4.282,3,31
2023020001,2023-10-10,NSH,8477424,3.462,4,33
2023020002,2023-10-10,PIT,8477465,4.147,3,35
2023020002,2023-10-10,CHI,8475852,3.394,2,41
2023020003,2023-10-10,VGK,8478499,3.756,1,33
2023020003,2023-10-10,SEA,8475831,3.204,3,27
2023020004,2023-10-11,CAR,8475883,3.398,3,30
2023020004,2023-10-11,OTT,8476914,3.737,5,42
2023020005,2023-10-11,TOR,8478492,2.040,5,24
2023020005,2023-10-11,MTL,8474596,3.928,5,42
2023020006,2023-10-11,BOS,8476999,1.913,1,21
2023020006,2023-10-11,CHI,8482821,3.282,2,32
2023020007,2023-10-11,CGY,8474593,4.874,3,37
2023020007,2023-10-11,WPG,8476945,1.947,4,21
2023020008,2023-10-11,LAK,8475660,3.151,4,36
2023020008,2023-10-11,COL,8480382,3.309,2,36
2023020009,2023-10-11,VAN,8477967,2.309,1,22
2023020009,2023-10-11,VAN,8479193,0.315,0,5
2023020009,2023-10-11,EDM,8475789,2.030,4,16
2023020009,2023-10-11,EDM,8479973,1.199,4,16
2023020010,2023-10-12,BUF,8482221,3.078,4,30
2023020010,2023-10-12,NYR,8478048,2.033,1,25
2023020011,2023-10-12,CBJ,8478007,2.948,2,35
2023020011,2023-10-12,PHI,8479394,2.695,2,33
2023020012,2023-10-12,NJD,8477970,2.948,3,35
2023020012,2023-10-12,DET,8478024,3.635,3,26
2023020013,2023-10-12,DAL,8479979,2.382,1,24
2023020013,2023-10-12,STL,8476412,3.348,1,34
2023020014,2023-10-12,MIN,8479406,3.712,0,41
2023020014,2023-10-12,FLA,8475683,1.834,2,21
2023020015,2023-10-12,NSH,8477424,2.882,0,23
2023020015,2023-10-12,SEA,8475831,3.775,2,34
2023020016,2023-10-12,SJS,8478039,2.239,4,32
2023020016,2023-10-12,VGK,8480313,2.268,1,23
2023020017,2023-10-13,NJD,8481033,3.750,3,33
2023020017,2023-10-13,ARI,8478872,3.524,3,36
2023020018,2023-10-13,WSH,8479292,3.477,4,35
2023020018,2023-10-13,PIT,8477465,1.982,0,19
2023020019,2023-10-14,OTT,8476341,2.575,2,21
2023020019,2023-10-14,PHI,8479394,3.256,5,31
2023020020,2023-10-14,WPG,8476945,3.618,4,33
2023020020,2023-10-14,FLA,8475683,2.845,5,34
2023020021,2023-10-14,BOS,8480280,3.950,2,36
2023020021,2023-10-14,NSH,8477424,3.050,3,30
2023020022,2023-10-14,CBJ,8477484,1.774,2,17
2023020022,2023-10-14,CBJ,8478007,2.846,1,25
2023020022,2023-10-14,NYR,8478048,2.913,5,21
2023020023,2023-10-14,DET,8478024,2.567,4,25
2023020023,2023-10-14,TBL,8477992,4.210,5,41
2023020024,2023-10-14,MTL,8478470,4.774,2,30
2023020024,2023-10-14,CHI,8475852,2.865,3,36
2023020025,2023-10-14,PIT,8477968,2.815,2,36
2023020025,2023-10-14,CGY,8474593,2.911,4,28
2023020026,2023-10-14,TOR,8478492,3.148,4,32
2023020026,2023-10-14,MIN,8479406,3.677,7,33
2023020027,2023-10-14,NYI,8478009,1.874,2,28
2023020027,2023-10-14,BUF,8482221,2.147,3,29
2023020028,2023-10-14,STL,8476412,2.873,1,31
2023020028,2023-10-14,SEA,8478916,2.609,1,25
2023020029,2023-10-14,EDM,8479973,1.735,4,16
2023020029,2023-10-14,VAN,8479193,4.629,3,40
2023020030,2023-10-14,SJS,8478406,5.349,1,52
2023020030,2023-10-14,COL,8480382,2.919,1,21
2023020031,2023-10-14,VGK,8478499,2.437,1,23
2023020031,2023-10-14,ANA,8476434,3.115,3,37
2023020032,2023-10-14,LAK,8477831,2.604,5,19
2023020032,2023-10-14,CAR,8475883,3.344,5,30
2023020033,2023-10-15,OTT,8476914,1.874,2,24
2023020033,2023-10-15,TBL,8477035,2.207,4,37
2023020034,2023-10-15,ANA,8480843,3.239,3,35
2023020034,2023-10-15,CAR,8477293,2.494,4,23
2023020035,2023-10-16,CBJ,8477484,3.282,4,28
2023020035,2023-10-16,DET,8473503,1.912,0,23
2023020036,2023-10-16,NJD,8477970,2.499,4,30
2023020036,2023-10-16,FLA,8475683,3.605,3,34
2023020037,2023-10-16,NYR,8478048,3.254,1,27
2023020037,2023-10-16,ARI,8478971,2.783,2,28
2023020038,2023-10-16,TOR,8479361,2.535,3,30
2023020038,2023-10-16,CHI,8482821,5.297,1,36
2023020039,2023-10-16,WSH,8475311,3.577,2,40
2023020039,2023-10-16,CGY,8474593,3.508,2,23
2023020040,2023-10-17,BUF,8482221,3.260,2,25
2023020040,2023-10-17,TBL,8477992,2.674,3,31
2023020041,2023-10-17,MTL,8478470,3.435,5,35
2023020041,2023-10-17,MIN,8470594,2.674,2,28
2023020042,2023-10-17,PHI,8479394,1.930,0,26
2023020042,2023-10-17,VAN,8477967,4.440,2,42
2023020043,2023-10-17,NYI,8478009,1.636,0,14
2023020043,2023-10-17,ARI,8478872,2.371,1,34
2023020044,2023-10-17,NSH,8477424,1.298,4,11
2023020044,2023-10-17,NSH,8480947,1.645,2,19
2023020044,2023-10-17,EDM,8475789,3.041,1,44
2023020045,2023-10-17,WPG,8476945,3.350,5,29
2023020045,2023-10-17,LAK,8475660,2.392,1,27
2023020046,2023-10-17,SEA,8475831,2.182,3,27
2023020046,2023-10-17,COL,8480382,2.841,1,38
2023020047,2023-10-17,SJS,8478406,3.836,6,42
2023020047,2023-10-17,CAR,8475883,0.172,1,2
2023020047,2023-10-17,CAR,8477293,1.152,2,14
2023020048,2023-10-17,VGK,8478499,2.031,2,26
2023020048,2023-10-17,DAL,8479979,2.801,2,34
2023020049,2023-10-18,OTT,8476341,2.205,1,24
2023020049,2023-10-18,WSH,8475311,2.695,6,29
2023020050,2023-10-18,DET,8478024,3.372,3,33
2023020050,2023-10-18,PIT,8477465,2.386,4,27
2023020051,2023-10-19,BUF,8482221,3.447,4,36
2023020051,2023-10-19,CGY,8478435,2.358,3,27
2023020052,2023-10-19,FLA,8475683,2.979,1,30
2023020052,2023-10-19,TOR,8478492,2.491,2,23
2023020053,2023-10-19,NYR,8471734,1.094,0,9
2023020053,2023-10-19,NYR,8478048,2.041,4,18
2023020053,2023-10-19,NSH,8477424,2.006,1,24
2023020054,2023-10-19,PHI,8479394,2.403,1,23
2023020054,2023-10-19,EDM,8475789,3.249,4,32
2023020055,2023-10-19,TBL,8477992,2.120,3,29
2023020055,2023-10-19,VAN,8477967,3.818,4,36
2023020056,2023-10-19,MIN,8470594,1.878,5,25
2023020056,2023-10-19,LAK,8475660,2.532,3,32
2023020057,2023-10-19,STL,8480981,3.564,6,42
2023020057,2023-10-19,ARI,8478971,2.137,2,26
2023020058,2023-10-19,WPG,8476316,1.974,4,26
2023020058,2023-10-19,VGK,8480313,3.575,3,39
2023020059,2023-10-19,ANA,8476434,2.812,3,24
2023020059,2023-10-19,DAL,8479979,2.667,2,29
2023020060,2023-10-19,SEA,8478916,2.886,4,36
2023020060,2023-10-19,CAR,8477293,1.498,4,18
2023020060,2023-10-19,CAR,8481611,1.322,2,17
2023020061,2023-10-19,COL,8480382,1.943,0,18
2023020061,2023-10-19,CHI,8475852,3.841,4,41
2023020062,2023-10-19,SJS,8478039,4.040,3,36
2023020062,2023-10-19,BOS,8476999,1.909,1,27
2023020063,2023-10-20,CBJ,8477484,3.256,1,37
2023020063,2023-10-20,CGY,8474593,2.747,2,28
2023020064,2023-10-20,NYI,8478009,2.831,5,39
2023020064,2023-10-20,NJD,8481033,2.652,4,32
2023020065,2023-10-21,OTT,8476914,3.083,5,23
2023020065,2023-10-21,DET,8478024,3.189,2,37
2023020066,2023-10-21,ARI,8478872,3.166,1,33
2023020066,2023-10-21,ANA,8480843,3.259,2,27
2023020067,2023-10-21,BUF,8477480,2.548,1,25
2023020067,2023-10-21,NYI,8473575,3.646,3,42
2023020068,2023-10-21,FLA,8475683,2.674,4,30
2023020068,2023-10-21,VAN,8479193,3.247,3,37
2023020069,2023-10-21,MTL,8474596,4.357,2,33
2023020069,2023-10-21,WSH,8475311,3.631,3,28
2023020070,2023-10-21,TBL,8477992,5.344,4,52
2023020070,2023-10-21,TOR,8478492,0.448,3,4
2023020070,2023-10-21,TOR,8479361,3.161,0,27
2023020071,2023-10-21,CHI,8482821,2.501,5,24
2023020071,2023-10-21,VGK,8478499,1.779,3,24
2023020072,2023-10-21,DAL,8475809,2.538,4,40
2023020072,2023-10-21,PHI,8481035,2.501,5,25
2023020073,2023-10-21,MIN,8479406,4.982,5,54
2023020073,2023-10-21,CBJ,8478007,2.236,4,28
2023020074,2023-10-21,NSH,8477424,2.218,1,32
2023020074,2023-10-21,SJS,8478406,3.674,5,34
2023020075,2023-10-21,STL,8476412,3.281,2,33
2023020075,2023-10-21,PIT,8477465,2.738,4,21
2023020076,2023-10-21,COL,8480382,3.185,4,27
2023020076,2023-10-21,CAR,8481611,2.812,6,27
2023020077,2023-10-21,EDM,8479973,2.852,3,27
2023020077,2023-10-21,WPG,8476945,4.022,2,40
2023020078,2023-10-21,SEA,8475831,2.329,4,27
2023020078,2023-10-21,NYR,8471734,1.565,1,19
2023020079,2023-10-21,LAK,8475660,1.675,4,25
2023020079,2023-10-21,BOS,8480280,4.298,2,34
2023020080,2023-10-22,DET,8473503,2.648,2,31
2023020080,2023-10-22,CGY,8478435,2.716,6,30
2023020081,2023-10-22,ANA,8476434,2.638,2,25
2023020081,2023-10-22,BOS,8476999,3.318,1,31
2023020082,2023-10-23,BUF,8477480,3.635,3,27
2023020082,2023-10-23,MTL,8474596,3.601,1,37
2023020083,2023-10-24,WSH,8475311,1.721,4,17
2023020083,2023-10-24,TOR,8479361,3.453,1,38
2023020084,2023-10-24,CBJ,8478007,2.228,3,27
2023020084,2023-10-24,ANA,8480843,3.743,2,37
2023020085,2023-10-24,OTT,8476341,1.528,5,18
2023020085,2023-10-24,OTT,8476914,0.509,0,5
2023020085,2023-10-24,BUF,8480045,3.527,4,38
2023020086,2023-10-24,TBL,8477992,2.721,0,32
2023020086,2023-10-24,CAR,8481611,1.862,3,23
2023020087,2023-10-24,MTL,8480051,3.582,4,33
2023020087,2023-10-24,NJD,8477970,2.769,2,29
2023020088,2023-10-24,PIT,8477968,2.940,4,34
2023020088,2023-10-24,DAL,8479979,4.089,1,39
2023020089,2023-10-24,FLA,8476932,2.056,1,28
2023020089,2023-10-24,SJS,8478406,3.585,2,35
2023020090,2023-10-24,NYI,8478009,2.947,5,37
2023020090,2023-10-24,COL,8480382,3.185,4,32
2023020091,2023-10-24,DET,8478024,4.195,5,38
2023020091,2023-10-24,SEA,8478916,3.290,4,27
2023020092,2023-10-24,CHI,8475852,2.659,3,43
2023020092,2023-10-24,BOS,8480280,2.191,0,23
2023020093,2023-10-24,WPG,8476945,2.049,2,20
2023020093,2023-10-24,STL,8476412,2.165,3,29
2023020094,2023-10-24,MIN,8479406,2.878,4,28
2023020094,2023-10-24,EDM,8475789,4.192,6,31
2023020095,2023-10-24,NSH,8477424,2.109,3,24
2023020095,2023-10-24,VAN,8477967,1.603,2,18
2023020096,2023-10-24,CGY,8474593,2.170,3,20
2023020096,2023-10-24,NYR,8478048,2.658,1,26
2023020097,2023-10-24,LAK,8477831,3.159,3,27
2023020097,2023-10-24,ARI,8478872,1.688,2,18
2023020097,2023-10-24,ARI,8478971,1.127,3,9
2023020098,2023-10-24,VGK,8480313,2.441,2,28
2023020098,2023-10-24,PHI,8479394,2.336,3,29
2023020099,2023-10-25,NJD,8477970,1.650,2,16
2023020099,2023-10-25,NJD,8481033,0.781,3,8
2023020099,2023-10-25,WSH,8482411,2.341,4,22
2023020100,2023-10-26,BOS,8476999,3.281,4,32
2023020100,2023-10-26,ANA,8476434,2.897,3,30
2023020101,2023-10-26,CAR,8475883,2.461,2,26
2023020101,2023-10-26,SEA,8478916,3.502,3,45
2023020102,2023-10-26,DET,8473503,2.791,3,28
2023020102,2023-10-26,WPG,8476945,3.503,1,36
2023020103,2023-10-26,MTL,8478470,3.682,3,36
2023020103,2023-10-26,CBJ,8478007,4.417,4,29
2023020104,2023-10-26,PHI,8479394,2.345,2,28
2023020104,2023-10-26,MIN,8479406,2.592,6,35
2023020105,2023-10-26,PIT,8477465,3.046,0,31
2023020105,2023-10-26,COL,8480382,1.701,4,24
2023020105,2023-10-26,COL,8481031,0.382,0,5
2023020106,2023-10-26,TBL,8477992,1.523,0,23
2023020106,2023-10-26,SJS,8478039,1.546,1,10
2023020106,2023-10-26,SJS,8478406,2.775,5,21
2023020107,2023-10-26,NYI,8478009,3.514,2,47
2023020107,2023-10-26,OTT,8476914,2.803,3,38
2023020108,2023-10-26,DAL,8475809,2.383,3,23
2023020108,2023-10-26,TOR,8479361,3.599,1,32
2023020109,2023-10-26,CGY,8474593,3.172,2,34
2023020109,2023-10-26,STL,8480981,2.942,0,27
2023020110,2023-10-26,EDM,8479973,2.995,3,32
2023020110,2023-10-26,NYR,8471734,3.422,0,29
2023020111,2023-10-27,VGK,8478499,2.143,4,24
2023020111,2023-10-27,CHI,8475852,2.320,3,21
2023020112,2023-10-27,CAR,8477293,2.002,0,20
2023020112,2023-10-27,SJS,8478039,5.318,3,40
2023020113,2023-10-27,NJD,8477970,2.780,4,27
2023020113,2023-10-27,BUF,8477480,1.856,2,18
2023020113,2023-10-27,BUF,8480045,1.465,3,21
2023020114,2023-10-27,WSH,8475311,4.401,2,41
2023020114,2023-10-27,MIN,8470594,2.640,2,33
2023020115,2023-10-27,ARI,8478872,3.402,5,41
2023020115,2023-10-27,LAK,8475660,1.913,1,18
2023020115,2023-10-27,LAK,8477831,0.418,3,6
2023020116,2023-10-27,VAN,8477967,1.564,0,22
2023020116,2023-10-27,STL,8476412,3.086,5,35
2023020117,2023-10-28,PHI,8481035,2.324,7,25
2023020117,2023-10-28,ANA,8480843,2.930,4,30
2023020118,2023-10-28,FLA,8475683,2.771,2,33
2023020118,2023-10-28,SEA,8478916,2.723,3,37
2023020119,2023-10-28,BOS,8480280,2.046,1,24
2023020119,2023-10-28,DET,8478024,3.854,3,30
2023020120,2023-10-28,CBJ,8477484,3.911,2,34
2023020120,2023-10-28,NYI,8473575,3.697,0,34
2023020121,2023-10-28,MTL,8474596,3.592,3,45
2023020121,2023-10-28,WPG,8476316,2.672,3,29
2023020122,2023-10-28,NSH,8477424,2.862,2,35
2023020122,2023-10-28,TOR,8478492,2.591,3,24
2023020123,2023-10-28,PIT,8476433,1.750,2,17
2023020123,2023-10-28,PIT,8477465,1.145,3,9
2023020123,2023-10-28,OTT,8476914,3.761,2,43
2023020124,2023-10-28,VAN,8479193,2.537,4,24
2023020124,2023-10-28,NYR,8478048,3.383,3,33
2023020125,2023-10-28,LAK,8475660,3.871,3,30
2023020125,2023-10-28,VGK,8480313,4.909,3,40
2023020126,2023-10-29,BUF,8480045,2.381,0,23
2023020126,2023-10-29,COL,8480382,2.055,3,28
2023020127,2023-10-29,NJD,8477970,3.456,3,34
2023020127,2023-10-29,MIN,8470594,2.151,4,30
2023020128,2023-10-29,WSH,8475311,2.007,1,31
2023020128,2023-10-29,SJS,8478406,3.800,2,41
2023020129,2023-10-29,EDM,8479973,2.894,2,26
2023020129,2023-10-29,CGY,8474593,3.900,4,32
2023020130,2023-10-30,BOS,8476999,3.319,2,37
2023020130,2023-10-30,FLA,8475683,2.600,3,26
2023020131,2023-10-30,PHI,8479394,2.208,3,32
2023020131,2023-10-30,CAR,8475883,4.186,2,28
2023020132,2023-10-30,PIT,8477465,2.155,4,27
2023020132,2023-10-30,ANA,8476434,0.854,1,7
2023020132,2023-10-30,ANA,8480843,4.865,2,35
2023020133,2023-10-30,TBL,8477992,4.184,4,43
2023020133,2023-10-30,SEA,8475831,3.148,3,37
2023020134,2023-10-30,NYI,8478009,3.787,4,36
2023020134,2023-10-30,DET,8478024,4.236,3,40
2023020135,2023-10-30,WPG,8476945,2.568,3,26
2023020135,2023-10-30,NYR,8478048,2.488,2,29
2023020136,2023-10-30,DAL,8479979,2.254,3,25
2023020136,2023-10-30,CBJ,8478007,3.958,4,32
2023020137,2023-10-30,ARI,8478971,1.998,1,30
2023020137,2023-10-30,CHI,8475852,1.467,1,11
2023020137,2023-10-30,CHI,8482821,2.989,7,22
2023020138,2023-10-30,VGK,8478499,3.196,2,39
2023020138,2023-10-30,MTL,8478470,2.834,2,25
2023020139,2023-10-31,TOR,8479361,2.917,4,27
2023020139,2023-10-31,LAK,8475660,2.484,1,30
2023020140,2023-10-31,VAN,8477967,3.562,2,29
2023020140,2023-10-31,NSH,8480947,2.129,4,26
2023020141,2023-11-01,PHI,8479394,0.510,2,5
2023020141,2023-11-01,PHI,8481035,0.774,2,9
2023020141,2023-11-01,BUF,8480045,3.353,2,40
2023020142,2023-11-01,CGY,8474593,3.915,4,30
2023020142,2023-11-01,DAL,8479979,4.133,3,47
2023020143,2023-11-01,COL,8481031,2.878,1,28
2023020143,2023-11-01,STL,8476412,2.847,4,28
2023020144,2023-11-01,ANA,8480843,3.429,3,35
2023020144,2023-11-01,ARI,8478872,2.292,4,29
2023020145,2023-11-02,BOS,8480280,2.779,2,35
2023020145,2023-11-02,TOR,8478492,4.237,2,40
2023020146,2023-11-02,CBJ,8478007,2.981,2,29
2023020146,2023-11-02,TBL,8477035,2.709,3,27
2023020147,2023-11-02,DET,8473503,2.917,1,26
2023020147,2023-11-02,FLA,8475683,2.028,0,22
2023020148,2023-11-02,NYR,8478048,2.773,1,27
2023020148,2023-11-02,CAR,8475883,2.626,2,26
2023020149,2023-11-02,OTT,8476914,3.847,3,38
2023020149,2023-11-02,LAK,8475660,2.116,2,26
2023020150,2023-11-02,WSH,8475311,2.074,3,21
2023020150,2023-11-02,NYI,8473575,4.456,0,32
2023020151,2023-11-02,MIN,8479406,3.335,5,38
2023020151,2023-11-02,NJD,8477970,2.132,3,25
2023020152,2023-11-02,EDM,8479973,2.318,4,27
2023020152,2023-11-02,DAL,8475809,5.713,3,49
2023020153,2023-11-02,ARI,8478971,2.606,2,30
2023020153,2023-11-02,MTL,8474596,3.846,3,35
2023020154,2023-11-02,SEA,8475831,3.551,2,34
2023020154,2023-11-02,NSH,8477424,2.102,4,31
2023020155,2023-11-02,VGK,8480313,2.997,2,31
2023020155,2023-11-02,WPG,8476945,2.126,4,25
2023020156,2023-11-02,SJS,8478039,2.034,6,19
2023020156,2023-11-02,SJS,8478406,1.185,4,14
2023020156,2023-11-02,VAN,8477967,2.927,1,31
2023020157,2023-11-03,BUF,8480045,2.383,5,19
2023020157,2023-11-03,PHI,8481035,2.723,1,22
2023020158,2023-11-03,STL,8476412,3.263,1,34
2023020158,2023-11-03,NJD,8481033,2.485,2,33
2023020159,2023-11-04,EDM,8475789,3.569,5,34
2023020159,2023-11-04,NSH,8480947,3.415,2,35
2023020160,2023-11-04,ARI,8478872,2.788,5,27
2023020160,2023-11-04,WPG,8476945,2.562,3,25
2023020161,2023-11-04,DET,8478024,2.323,4,30
2023020161,2023-11-04,BOS,8476999,3.104,5,40
2023020162,2023-11-04,OTT,8476341,1.566,3,17
2023020162,2023-11-04,OTT,8476914,1.708,3,21
2023020162,2023-11-04,TBL,8477992,2.703,4,28
2023020163,2023-11-04,PHI,8477361,2.174,5,30
2023020163,2023-11-04,LAK,8475660,2.292,0,24
2023020164,2023-11-04,STL,8480981,3.275,3,33
2023020164,2023-11-04,MTL,8478470,3.044,5,34
2023020165,2023-11-04,TOR,8479361,3.305,5,40
2023020165,2023-11-04,BUF,8482221,3.386,4,28
2023020166,2023-11-04,WSH,8479292,2.843,1,35
2023020166,2023-11-04,CBJ,8478007,2.940,2,27
2023020167,2023-11-04,NYI,8478009,3.646,4,46
2023020167,2023-11-04,CAR,8477293,2.327,3,25
2023020168,2023-11-04,CHI,8475852,3.298,2,40
2023020168,2023-11-04,FLA,8476932,2.136,4,24
2023020169,2023-11-04,MIN,8470594,0.916,1,14
2023020169,2023-11-04,MIN,8479406,0.432,3,4
2023020169,2023-11-04,NYR,8471734,4.871,4,39
2023020170,2023-11-04,SEA,8475831,2.300,4,29
2023020170,2023-11-04,CGY,8478435,1.923,3,20
2023020171,2023-11-04,SJS,8478406,1.449,6,18
2023020171,2023-11-04,SJS,8480992,1.923,4,17
2023020171,2023-11-04,PIT,8477465,2.895,2,26
2023020172,2023-11-04,VAN,8477967,3.122,0,27
2023020172,2023-11-04,DAL,8479979,3.010,2,28
2023020173,2023-11-04,VGK,8478499,3.075,0,41
2023020173,2023-11-04,COL,8480382,2.580,7,34
2023020174,2023-11-05,CHI,8482821,3.386,3,40
2023020174,2023-11-05,NJD,8477970,2.355,2,34
2023020175,2023-11-05,ANA,8476434,2.858,2,32
2023020175,2023-11-05,VGK,8480313,2.607,3,22
2023020176,2023-11-06,FLA,8475683,2.162,4,23
2023020176,2023-11-06,CBJ,8477484,2.788,2,36
2023020176,2023-11-06,CBJ,8478007,0.946,3,10
2023020177,2023-11-06,TOR,8478492,0.894,4,12
2023020177,2023-11-06,TOR,8479361,1.962,1,19
2023020177,2023-11-06,TBL,8477992,3.299,6,34
2023020178,2023-11-06,DAL,8479979,2.157,3,29
2023020178,2023-11-06,BOS,8480280,3.477,2,37
2023020179,2023-11-06,VAN,8477967,3.285,2,43
2023020179,2023-11-06,EDM,8479973,3.712,6,36
2023020180,2023-11-07,CAR,8477293,2.147,2,21
2023020180,2023-11-07,BUF,8480045,3.387,3,27
2023020181,2023-11-07,MTL,8474596,0.881,4,9
2023020181,2023-11-07,MTL,8478470,2.238,1,23
2023020181,2023-11-07,TBL,8477035,3.043,3,26
2023020182,2023-11-07,NYI,8473575,2.436,4,31
2023020182,2023-11-07,MIN,8470594,3.040,2,29
2023020183,2023-11-07,NYR,8471734,2.897,3,28
2023020183,2023-11-07,DET,8478024,3.592,5,32
2023020184,2023-11-07,STL,8476412,3.128,4,36
2023020184,2023-11-07,WPG,8476945,2.075,2,22
2023020185,2023-11-07,ARI,8478971,3.710,3,38
2023020185,2023-11-07,SEA,8478916,2.669,3,27
2023020186,2023-11-07,CGY,8474593,1.805,2,18
2023020186,2023-11-07,NSH,8477424,3.492,3,38
2023020187,2023-11-07,ANA,8476434,2.421,1,35
2023020187,2023-11-07,PIT,8476433,0.714,0,11
2023020187,2023-11-07,PIT,8477465,1.470,0,20
2023020188,2023-11-07,COL,8480382,1.784,3,23
2023020188,2023-11-07,NJD,8477970,3.310,5,31
2023020189,2023-11-07,SJS,8478406,2.691,1,39
2023020189,2023-11-07,PHI,8481035,1.992,2,19
2023020190,2023-11-08,TOR,8479361,2.816,6,31
2023020190,2023-11-08,OTT,8476914,2.546,3,30
2023020191,2023-11-08,WSH,8475311,3.057,4,25
2023020191,2023-11-08,FLA,8475683,2.364,3,28
2023020192,2023-11-08,VGK,8478499,2.961,3,32
2023020192,2023-11-08,LAK,8475660,2.407,1,38
2023020193,2023-11-09,BOS,8476999,2.579,2,29
2023020193,2023-11-09,NYI,8478009,2.680,4,34
2023020194,2023-11-09,CBJ,8477484,3.629,4,30
2023020194,2023-11-09,DAL,8479979,2.653,2,29
2023020195,2023-11-09,DET,8473503,2.490,3,27
2023020195,2023-11-09,MTL,8480051,2.515,2,29
2023020196,2023-11-09,NYR,8475839,2.707,1,26
2023020196,2023-11-09,MIN,8470594,2.670,3,27
2023020197,2023-11-09,OTT,8476341,1.578,5,16
2023020197,2023-11-09,VAN,8479193,2.089,2,30
2023020198,2023-11-09,TBL,8477992,2.729,5,29
2023020198,2023-11-09,CHI,8475852,3.904,3,33
2023020199,2023-11-09,STL,8480981,1.930,1,20
2023020199,2023-11-09,ARI,8478872,3.169,2,33
2023020200,2023-11-09,WPG,8476316,2.599,3,23
2023020200,2023-11-09,NSH,8477424,2.635,5,36
2023020201,2023-11-09,COL,8481031,2.451,4,22
2023020201,2023-11-09,SEA,8475831,1.917,3,26
2023020202,2023-11-09,LAK,8477831,2.444,4,20
2023020202,2023-11-09,PIT,8476433,3.319,3,36
2023020203,2023-11-09,SJS,8478406,3.773,2,41
2023020203,2023-11-09,EDM,8479973,1.811,3,18
2023020204,2023-11-10,BUF,8482221,4.801,2,35
2023020204,2023-11-10,MIN,8479406,2.234,3,25
2023020205,2023-11-10,FLA,8475683,2.021,2,30
2023020205,2023-11-10,CAR,8477293,2.757,4,34
2023020206,2023-11-10,NJD,8477970,0.289,2,5
2023020206,2023-11-10,NJD,8481033,2.545,1,21
2023020206,2023-11-10,WSH,8479292,2.561,2,26
2023020207,2023-11-10,TOR,8479361,2.201,4,28
2023020207,2023-11-10,CGY,8478435,4.372,4,36
2023020208,2023-11-10,ANA,8480843,2.998,5,35
2023020208,2023-11-10,PHI,8481035,4.139,3,38
2023020209,2023-11-10,VGK,8478499,1.285,0,20
2023020209,2023-11-10,SJS,8478039,2.816,5,39
2023020210,2023-11-11,DET,8478024,2.357,4,22
2023020210,2023-11-11,CBJ,8477484,3.077,5,28
2023020211,2023-11-11,WPG,8476945,2.720,3,29
2023020211,2023-11-11,DAL,8475809,1.525,2,33
2023020212,2023-11-11,MTL,8478470,2.672,2,28
2023020212,2023-11-11,BOS,8480280,3.401,3,27
2023020213,2023-11-11,OTT,8476914,2.831,1,25
2023020213,2023-11-11,CGY,8481692,2.835,4,38
2023020214,2023-11-11,TBL,8477992,2.982,4,32
2023020214,2023-11-11,CAR,8481611,2.304,0,22
2023020215,2023-11-11,TOR,8478492,3.697,2,33
2023020215,2023-11-11,VAN,8477967,3.275,5,22
2023020216,2023-11-11,NYI,8473575,2.199,3,27
2023020216,2023-11-11,WSH,8482411,2.985,1,37
2023020217,2023-11-11,PIT,8477465,2.491,0,35
2023020217,2023-11-11,BUF,8480045,3.011,3,38
2023020218,2023-11-11,NSH,8477424,2.712,6,24
2023020218,2023-11-11,ARI,8478971,4.706,5,42
2023020219,2023-11-11,COL,8480382,2.088,6,28
2023020219,2023-11-11,COL,8481031,1.729,2,14
2023020219,2023-11-11,STL,8476412,3.541,2,38
2023020220,2023-11-11,SEA,8475831,1.631,4,17
2023020220,2023-11-11,SEA,8478916,0.776,0,9
2023020220,2023-11-11,EDM,8479973,1.361,1,18
2023020221,2023-11-11,LAK,8475660,2.369,4,26
2023020221,2023-11-11,PHI,8477361,3.020,2,37
2023020222,2023-11-12,FLA,8475683,1.639,3,26
2023020222,2023-11-12,CHI,8482821,3.224,4,31
2023020223,2023-11-12,MIN,8470594,4.120,8,37
2023020223,2023-11-12,DAL,8479979,2.574,3,26
2023020224,2023-11-12,MTL,8474596,3.291,3,35
2023020224,2023-11-12,VAN,8479193,3.330,2,32
2023020225,2023-11-12,NYR,8471734,3.124,3,28
2023020225,2023-11-12,CBJ,8478007,4.090,3,40
2023020226,2023-11-12,ANA,8476434,2.312,1,26
2023020226,2023-11-12,SJS,8478406,4.367,4,44
2023020227,2023-11-13,EDM,8479973,2.676,1,33
2023020227,2023-11-13,NYI,8478009,2.899,3,31
2023020228,2023-11-13,SEA,8478916,2.843,5,31
2023020228,2023-11-13,COL,8480382,1.913,1,19
2023020229,2023-11-14,BUF,8480045,1.294,0,14
2023020229,2023-11-14,BUF,8482221,2.530,5,18
2023020229,2023-11-14,BOS,8476999,3.053,2,34
2023020230,2023-11-14,CBJ,8478007,3.441,4,40
2023020230,2023-11-14,PIT,8477465,3.601,3,30
2023020231,2023-11-14,MTL,8478470,2.630,2,29
2023020231,2023-11-14,CGY,8474593,4.029,1,35
2023020232,2023-11-14,WSH,8479292,3.380,0,35
2023020232,2023-11-14,VGK,8480313,2.852,2,30
2023020233,2023-11-14,DAL,8479979,2.463,3,26
2023020233,2023-11-14,ARI,8478872,3.302,4,36
2023020234,2023-11-14,NSH,8477424,1.798,3,20
2023020234,2023-11-14,ANA,8476434,2.865,2,30
2023020235,2023-11-14,STL,8476412,2.844,0,30
2023020235,2023-11-14,TBL,8477992,2.187,4,28
2023020236,2023-11-14,WPG,8476945,2.880,3,34
2023020236,2023-11-14,NJD,8481033,2.461,5,30
2023020237,2023-11-14,SJS,8478406,2.570,4,30
2023020237,2023-11-14,FLA,8476932,2.239,3,22
2023020238,2023-11-15,CAR,8481611,1.691,3,24
2023020238,2023-11-15,PHI,8479394,3.020,1,32
2023020239,2023-11-15,EDM,8479973,4.421,3,35
2023020239,2023-11-15,SEA,8478916,3.669,4,31
2023020240,2023-11-15,COL,8480382,1.888,2,17
2023020240,2023-11-15,ANA,8480843,3.567,8,38
2023020241,2023-11-15,VAN,8477967,2.366,3,33
2023020241,2023-11-15,NYI,8478009,4.668,4,43
2023020242,2023-11-16,OTT,8476914,3.897,4,41
2023020242,2023-11-16,DET,8473503,3.682,5,34
2023020243,2023-11-16,CBJ,8478007,3.198,3,32
2023020243,2023-11-16,ARI,8478971,3.920,2,41
2023020244,2023-11-16,MTL,8480051,5.606,6,42
2023020244,2023-11-16,VGK,8478499,2.781,5,28
2023020245,2023-11-16,PIT,8477465,2.800,5,31
2023020245,2023-11-16,NJD,8477970,2.668,2,23
2023020246,2023-11-16,CHI,8475852,3.606,3,31
2023020246,2023-11-16,TBL,8477992,2.044,2,14
2023020247,2023-11-16,CGY,8474593,1.911,2,22
2023020247,2023-11-16,VAN,8479193,2.903,4,38
2023020248,2023-11-16,SEA,8475831,2.694,3,23
2023020248,2023-11-16,NYI,8473575,3.016,3,32
2023020249,2023-11-16,LAK,8475660,2.464,1,31
2023020249,2023-11-16,FLA,8475683,2.050,2,27
2023020250,2023-11-16,SJS,8478039,3.652,1,45
2023020250,2023-11-16,STL,8476412,1.136,1,14
2023020250,2023-11-16,STL,8480981,1.433,4,21
2023020251,2023-11-17,DET,8479312,3.009,3,29
2023020251,2023-11-17,TOR,8478492,2.414,2,29
2023020252,2023-11-17,WPG,8476945,3.737,2,28
2023020252,2023-11-17,BUF,8477480,2.481,3,18
2023020253,2023-11-17,ANA,8476434,3.236,2,35
2023020253,2023-11-17,FLA,8476932,2.673,1,35
2023020254,2023-11-18,OTT,8476341,2.098,1,25
2023020254,2023-11-18,MIN,8479406,2.077,1,31
2023020255,2023-11-18,PHI,8479394,2.639,3,31
2023020255,2023-11-18,VGK,8480313,2.431,4,38
2023020256,2023-11-18,NSH,8480947,2.358,2,31
2023020256,2023-11-18,CHI,8482821,3.234,3,30
2023020257,2023-11-18,TBL,8477992,4.678,4,42
2023020257,2023-11-18,EDM,8479973,2.392,5,23
2023020258,2023-11-18,BOS,8480280,1.996,2,22
2023020258,2023-11-18,MTL,8474596,4.243,5,44
2023020259,2023-11-18,CAR,8477293,3.481,2,28
2023020259,2023-11-18,PIT,8477465,3.625,3,33
2023020260,2023-11-18,CGY,8474593,4.088,4,33
2023020260,2023-11-18,NYI,8478009,3.751,4,39
2023020261,2023-11-18,NJD,8477970,2.917,4,34
2023020261,2023-11-18,NYR,8478048,2.952,3,33
2023020262,2023-11-18,WPG,8476316,1.200,2,18
2023020262,2023-11-18,ARI,8478872,1.820,4,25
2023020263,2023-11-18,WSH,8479292,3.583,3,36
2023020263,2023-11-18,CBJ,8478007,1.939,4,26
2023020264,2023-11-18,DAL,8479979,3.590,5,37
2023020264,2023-11-18,COL,8480382,3.263,3,28
2023020265,2023-11-18,VAN,8477967,2.698,4,26
2023020265,2023-11-18,SEA,8475831,1.875,3,24
2023020266,2023-11-18,LAK,8475660,3.009,1,30
2023020266,2023-11-18,STL,8476412,3.917,5,31
2023020267,2023-11-19,MIN,8470594,2.320,4,25
2023020267,2023-11-19,TOR,8479361,3.075,3,36
2023020268,2023-11-19,PHI,8481035,2.077,2,22
2023020268,2023-11-19,CBJ,8477484,2.294,4,26
2023020269,2023-11-19,PIT,8477968,3.429,0,38
2023020269,2023-11-19,VGK,8478499,3.159,2,31
2023020270,2023-11-19,CHI,8475852,1.696,3,20
2023020270,2023-11-19,BUF,8480045,2.290,2,26
2023020271,2023-11-19,ANA,8476434,3.828,3,32
2023020271,2023-11-19,STL,8480981,2.229,1,31
2023020272,2023-11-20,FLA,8475683,2.886,3,29
2023020272,2023-11-20,EDM,8475717,2.717,4,32
2023020273,2023-11-20,TBL,8477992,2.048,4,27
2023020273,2023-11-20,BOS,8480280,3.367,5,47
2023020274,2023-11-20,DAL,8475809,3.098,3,33
2023020274,2023-11-20,NYR,8478048,3.590,4,34
2023020275,2023-11-20,NSH,8477424,2.191,3,29
2023020275,2023-11-20,COL,8480382,3.283,4,30
2023020276,2023-11-20,ARI,8478971,2.344,4,25
2023020276,2023-11-20,LAK,8477831,4.138,1,31
2023020277,2023-11-20,SEA,8475831,0.671,2,7
2023020277,2023-11-20,SEA,8478916,1.889,2,24
2023020277,2023-11-20,CGY,8478435,2.826,3,31
2023020278,2023-11-20,VAN,8477967,2.656,1,28
2023020278,2023-11-20,SJS,8478406,4.341,3,37
2023020279,2023-11-22,CAR,8477293,0.824,1,8
2023020279,2023-11-22,CAR,8481611,2.624,2,15
2023020279,2023-11-22,EDM,8475717,1.348,1,14
2023020279,2023-11-22,EDM,8479973,1.392,4,12
2023020280,2023-11-22,CBJ,8478007,2.972,3,36
2023020280,2023-11-22,CHI,8475852,1.649,5,18
2023020280,2023-11-22,CHI,8482821,0.898,2,8
2023020281,2023-11-22,DET,8479312,1.577,0,16
2023020281,2023-11-22,NJD,8477970,2.104,4,28
2023020282,2023-11-22,FLA,8475683,2.569,3,25
2023020282,2023-11-22,BOS,8476999,3.203,1,28
2023020283,2023-11-22,PIT,8477465,2.865,1,36
2023020283,2023-11-22,NYR,8471734,3.081,0,32
2023020284,2023-11-22,TBL,8477992,2.410,3,32
2023020284,2023-11-22,WPG,8476945,3.072,2,33
2023020285,2023-11-22,WSH,8475311,2.835,3,27
2023020285,2023-11-22,BUF,8482221,2.506,4,30
2023020286,2023-11-22,NYI,8478009,3.110,2,36
2023020286,2023-11-22,PHI,8479394,2.069,3,25
2023020287,2023-11-22,ARI,8478872,0.961,4,11
2023020287,2023-11-22,ARI,8478971,1.668,2,20
2023020287,2023-11-22,STL,8476412,1.531,5,13
2023020287,2023-11-22,STL,8480981,1.537,0,12
2023020288,2023-11-22,NSH,8477424,2.854,2,26
2023020288,2023-11-22,CGY,8474593,4.123,4,45
2023020289,2023-11-22,DAL,8479979,2.441,2,26
2023020289,2023-11-22,VGK,8478499,3.195,1,32
2023020290,2023-11-22,ANA,8476434,2.700,4,28
2023020290,2023-11-22,MTL,8478470,2.677,3,33
2023020291,2023-11-22,COL,8480382,2.540,2,29
2023020291,2023-11-22,VAN,8477967,1.817,4,24
2023020292,2023-11-22,SEA,8478916,0.883,1,14
2023020292,2023-11-22,SJS,8478039,1.681,4,17
2023020292,2023-11-22,SJS,8478406,1.361,3,13
2023020293,2023-11-24,BOS,8480280,2.627,4,27
2023020293,2023-11-24,DET,8478024,3.253,2,27
2023020294,2023-11-24,PHI,8479394,1.692,3,19
2023020294,2023-11-24,NYR,8478048,2.531,1,37
2023020295,2023-11-24,CHI,8482821,4.038,3,37
2023020295,2023-11-24,TOR,8478492,2.658,4,34
2023020296,2023-11-24,NJD,8481033,2.275,2,28
2023020296,2023-11-24,CBJ,8478007,2.667,1,38
2023020297,2023-11-24,STL,8476412,1.814,4,20
2023020297,2023-11-24,STL,8480981,1.539,4,15
2023020297,2023-11-24,NSH,8480947,3.335,3,39
2023020298,2023-11-24,WSH,8479292,3.654,5,35
2023020298,2023-11-24,EDM,8479973,2.109,0,25
2023020299,2023-11-24,ANA,8476434,2.896,5,31
2023020299,2023-11-24,LAK,8475660,2.096,2,31
2023020300,2023-11-24,SJS,8478406,2.338,2,24
2023020300,2023-11-24,MTL,8480051,3.074,2,33
2023020301,2023-11-24,BUF,8480045,2.288,2,33
2023020301,2023-11-24,PIT,8477968,3.780,3,34
2023020302,2023-11-24,OTT,8476341,2.539,5,26
2023020302,2023-11-24,NYI,8473575,2.999,3,31
2023020303,2023-11-24,CAR,8477293,1.613,8,14
2023020303,2023-11-24,TBL,8476883,2.661,2,24
2023020304,2023-11-24,FLA,8475683,2.367,2,30
2023020304,2023-11-24,WPG,8476945,2.325,0,33
2023020305,2023-11-24,DAL,8479979,2.958,6,26
2023020305,2023-11-24,CGY,8474593,2.911,4,28
2023020306,2023-11-24,MIN,8479406,3.325,3,25
2023020306,2023-11-24,COL,8480382,3.094,2,21
2023020307,2023-11-24,SEA,8478916,3.063,5,27
2023020307,2023-11-24,VAN,8477967,2.392,1,24
2023020308,2023-11-25,NYR,8471734,3.174,4,31
2023020308,2023-11-25,BOS,8476999,4.534,7,40
2023020309,2023-11-25,LAK,8477831,1.779,0,18
2023020309,2023-11-25,MTL,8474596,3.187,4,30
2023020310,2023-11-25,NJD,8477970,1.205,2,12
2023020310,2023-11-25,BUF,8477480,1.421,4,17
2023020310,2023-11-25,BUF,8482221,2.398,3,20
2023020311,2023-11-25,PIT,8477465,4.052,2,33
2023020311,2023-11-25,TOR,8479361,3.048,3,35
2023020312,2023-11-25,NYI,8478009,3.373,0,40
2023020312,2023-11-25,PHI,8481035,2.330,0,25
2023020313,2023-11-25,COL,8481031,2.379,1,30
2023020313,2023-11-25,CGY,8478435,2.498,3,24
2023020314,2023-11-25,SJS,8478039,4.662,3,33
2023020314,2023-11-25,VAN,8479193,1.943,4,22
2023020315,2023-11-25,VGK,8480313,0.938,1,17
2023020315,2023-11-25,ARI,8478971,3.055,0,34
2023020316,2023-11-26,DET,8479312,2.452,1,38
2023020316,2023-11-26,MIN,8479406,1.963,3,22
2023020317,2023-11-26,CHI,8482821,3.394,4,28
2023020317,2023-11-26,STL,8476412,2.473,2,33
2023020318,2023-11-26,CAR,8481611,1.542,2,23
2023020318,2023-11-26,CBJ,8478007,3.776,3,43
2023020319,2023-11-26,NSH,8477424,2.394,2,34
2023020319,2023-11-26,WPG,8476316,2.413,3,26
2023020320,2023-11-26,EDM,8479973,1.494,2,23
2023020320,2023-11-26,ANA,8476434,1.321,2,10
2023020320,2023-11-26,ANA,8480843,1.345,6,16
2023020321,2023-11-27,CBJ,8477484,3.494,2,33
2023020321,2023-11-27,BOS,8476999,1.325,2,20
2023020321,2023-11-27,BOS,8480280,1.111,2,19
2023020322,2023-11-27,NYR,8478048,2.981,4,38
2023020322,2023-11-27,BUF,8480045,2.669,1,26
2023020323,2023-11-27,OTT,8476914,2.928,5,37
2023020323,2023-11-27,FLA,8475683,1.779,0,20
2023020324,2023-11-27,COL,8480382,4.119,1,39
2023020324,2023-11-27,TBL,8476883,2.604,3,22
2023020325,2023-11-27,CGY,8478435,2.483,1,28
2023020325,2023-11-27,VGK,8478499,3.525,2,34
2023020326,2023-11-27,SJS,8478406,3.207,1,34
2023020326,2023-11-27,WSH,8475311,1.823,2,23
2023020327,2023-11-28,NJD,8477970,2.780,4,18
2023020327,2023-11-28,NJD,8481033,0.613,0,8
2023020327,2023-11-28,NYI,8478009,3.149,5,33
2023020328,2023-11-28,PHI,8479394,2.508,3,35
2023020328,2023-11-28,CAR,8481611,1.802,1,29
2023020329,2023-11-28,TOR,8479361,3.214,1,39
2023020329,2023-11-28,FLA,8476932,3.342,1,32
2023020330,2023-11-28,MIN,8479406,2.557,1,24
2023020330,2023-11-28,STL,8476412,3.139,3,37
2023020331,2023-11-28,NSH,8477424,3.294,2,31
2023020331,2023-11-28,PIT,8477465,2.394,3,25
2023020332,2023-11-28,WPG,8476945,2.007,2,21
2023020332,2023-11-28,DAL,8479979,2.100,0,27
2023020333,2023-11-28,CHI,8475852,2.505,3,36
2023020333,2023-11-28,SEA,8475831,1.795,4,23
2023020334,2023-11-28,ARI,8478971,3.432,1,31
2023020334,2023-11-28,TBL,8477992,2.075,3,27
2023020335,2023-11-28,EDM,8479973,2.650,4,27
2023020335,2023-11-28,VGK,8480313,4.153,4,34
2023020336,2023-11-28,VAN,8477967,2.988,1,31
2023020336,2023-11-28,ANA,8476434,2.793,2,26
2023020337,2023-11-29,CBJ,8478007,2.617,3,30
2023020337,2023-11-29,MTL,8478470,2.429,2,28
2023020338,2023-11-29,NYR,8478048,2.580,2,27
2023020338,2023-11-29,DET,8478024,4.139,3,41
2023020339,2023-11-29,LAK,8475660,2.067,2,15
2023020339,2023-11-29,WSH,8479292,4.014,1,39
2023020340,2023-11-30,BOS,8480280,1.966,0,26
2023020340,2023-11-30,SJS,8478406,2.868,3,37
2023020341,2023-11-30,CAR,8481611,1.976,5,16
2023020341,2023-11-30,NYI,8473575,4.725,4,43
2023020342,2023-11-30,DET,8479312,3.073,1,35
2023020342,2023-11-30,CHI,8475852,2.829,5,29
2023020343,2023-11-30,MTL,8480051,2.295,5,29
2023020343,2023-11-30,FLA,8475683,3.253,1,22
2023020344,2023-11-30,PHI,8479394,3.881,4,35
2023020344,2023-11-30,NJD,8481033,3.604,3,47
2023020345,2023-11-30,TBL,8476883,2.327,3,28
2023020345,2023-11-30,PIT,8477465,3.424,2,41
2023020346,2023-11-30,TOR,8479361,4.336,3,40
2023020346,2023-11-30,SEA,8475831,2.442,3,28
2023020347,2023-11-30,NSH,8477424,1.522,4,15
2023020347,2023-11-30,NSH,8480947,1.899,2,16
2023020347,2023-11-30,MIN,8479406,2.333,1,27
2023020348,2023-11-30,STL,8476412,4.460,4,46
2023020348,2023-11-30,BUF,8480045,2.457,6,20
2023020349,2023-11-30,WPG,8476945,3.300,2,38
2023020349,2023-11-30,EDM,8479973,2.774,1,26
2023020350,2023-11-30,ARI,8478971,2.327,3,31
2023020350,2023-11-30,COL,8480382,4.264,4,33
2023020351,2023-11-30,CGY,8474593,2.036,3,16
2023020351,2023-11-30,DAL,8475809,2.978,4,36
2023020352,2023-11-30,ANA,8476434,2.964,5,26
2023020352,2023-11-30,WSH,8475311,3.610,4,32
2023020353,2023-11-30,VAN,8477967,2.565,4,44
2023020353,2023-11-30,VGK,8478499,1.851,0,16
2023020353,2023-11-30,VGK,8480313,0.680,1,6
2023020354,2023-12-01,CBJ,8478007,4.412,2,43
2023020354,2023-12-01,OTT,8476914,1.505,4,23
2023020355,2023-12-01,NJD,8481033,1.649,5,17
2023020355,2023-12-01,SJS,8478039,5.454,3,47
2023020356,2023-12-02,DAL,8479979,3.761,1,33
2023020356,2023-12-02,TBL,8476883,2.341,6,25
2023020356,2023-12-02,TBL,8477992,0.971,2,9
2023020357,2023-12-02,WPG,8476945,2.150,1,21
2023020357,2023-12-02,CHI,8482821,2.649,3,28
2023020358,2023-12-02,NSH,8480947,2.192,4,25
2023020358,2023-12-02,NYR,8478048,4.159,3,40
2023020359,2023-12-02,FLA,8476932,2.178,4,27
2023020359,2023-12-02,NYI,8478009,3.952,3,45
2023020360,2023-12-02,CAR,8481611,1.652,2,22
2023020360,2023-12-02,BUF,8477480,4.606,6,37
2023020361,2023-12-02,MTL,8474596,3.761,5,33
2023020361,2023-12-02,DET,8478024,2.415,4,30
2023020362,2023-12-02,OTT,8476341,2.603,0,39
2023020362,2023-12-02,SEA,8478916,2.456,2,28
2023020363,2023-12-02,PIT,8477465,2.799,3,33
2023020363,2023-12-02,PHI,8481035,3.666,3,32
2023020364,2023-12-02,TOR,8479361,4.255,4,37
2023020364,2023-12-02,BOS,8476999,4.111,3,40
2023020365,2023-12-02,ARI,8478971,2.791,1,32
2023020365,2023-12-02,STL,8480981,2.512,3,21
2023020366,2023-12-02,ANA,8476434,3.753,3,37
2023020366,2023-12-02,COL,8481031,3.687,3,37
2023020367,2023-12-02,CGY,8474593,2.697,3,21
2023020367,2023-12-02,VAN,8477967,2.724,3,24
2023020368,2023-12-02,VGK,8480313,2.432,1,22
2023020368,2023-12-02,WSH,8475311,3.586,3,35
2023020369,2023-12-03,MIN,8470594,2.372,1,29
2023020369,2023-12-03,CHI,8475852,2.873,4,34
2023020370,2023-12-03,NYR,8471734,3.223,5,28
2023020370,2023-12-03,SJS,8478406,4.077,6,36
2023020371,2023-12-03,BOS,8480280,2.285,1,25
2023020371,2023-12-03,CBJ,8477484,2.973,3,28
2023020372,2023-12-03,BUF,8480045,3.358,2,29
2023020372,2023-12-03,NSH,8477424,3.253,1,35
2023020373,2023-12-03,LAK,8475660,1.499,1,21
2023020373,2023-12-03,COL,8480382,3.112,3,37
2023020374,2023-12-04,PHI,8479394,2.686,1,32
2023020374,2023-12-04,PIT,8477968,3.044,2,33
2023020375,2023-12-04,TBL,8476883,2.165,0,25
2023020375,2023-12-04,DAL,8479979,2.786,4,23
2023020376,2023-12-04,MTL,8478470,2.518,2,33
2023020376,2023-12-04,SEA,8475831,2.924,3,29
2023020377,2023-12-04,WPG,8476316,4.073,1,43
2023020377,2023-12-04,CAR,8477293,2.012,2,22
2023020378,2023-12-04,ARI,8478971,2.756,0,26
2023020378,2023-12-04,WSH,8475311,0.370,3,5
2023020378,2023-12-04,WSH,8479292,2.301,3,22
2023020379,2023-12-04,VGK,8480313,2.351,2,27
2023020379,2023-12-04,STL,8476412,3.925,1,34
2023020380,2023-12-05,BUF,8477480,2.691,4,26
2023020380,2023-12-05,DET,8479312,2.372,3,32
2023020381,2023-12-05,CBJ,8478007,4.621,4,39
2023020381,2023-12-05,LAK,8477831,2.560,3,29
2023020382,2023-12-05,OTT,8476341,2.677,2,35
2023020382,2023-12-05,NYR,8478048,2.932,5,35
2023020383,2023-12-05,NYI,8478009,3.130,5,37
2023020383,2023-12-05,SJS,8478039,3.896,4,39
2023020384,2023-12-05,CHI,8482821,2.738,3,30
2023020384,2023-12-05,NSH,8477424,2.701,3,28
2023020385,2023-12-05,CGY,8478435,1.302,3,16
2023020385,2023-12-05,CGY,8481692,1.817,2,13
2023020385,2023-12-05,MIN,8479406,2.512,2,30
2023020386,2023-12-05,COL,8480382,2.236,2,33
2023020386,2023-12-05,ANA,8476434,2.960,3,30
2023020387,2023-12-05,VAN,8477967,2.952,6,32
2023020387,2023-12-05,NJD,8477970,3.828,5,33
2023020388,2023-12-06,FLA,8475683,3.501,4,33
2023020388,2023-12-06,DAL,8479979,3.421,5,31
2023020389,2023-12-06,TBL,8476883,2.420,1,25
2023020389,2023-12-06,PIT,8477465,2.764,3,27
2023020390,2023-12-06,STL,8476412,4.785,5,48
2023020390,2023-12-06,VGK,8480313,2.252,3,29
2023020391,2023-12-06,EDM,8479973,3.335,1,39
2023020391,2023-12-06,CAR,8477293,3.700,3,28
2023020391,2023-12-06,CAR,8481611,0.807,3,6
2023020392,2023-12-07,BOS,8476999,2.391,3,35
2023020392,2023-12-07,BUF,8482221,2.970,1,32
2023020393,2023-12-07,DET,8478024,4.087,6,36
2023020393,2023-12-07,SJS,8478039,1.163,1,11
2023020393,2023-12-07,SJS,8478406,1.797,4,20
2023020394,2023-12-07,MTL,8478470,3.269,4,42
2023020394,2023-12-07,LAK,8475660,2.588,0,24
2023020395,2023-12-07,OTT,8476341,1.935,4,22
2023020395,2023-12-07,TOR,8474889,1.193,1,10
2023020395,2023-12-07,TOR,8479361,2.170,2,31
2023020396,2023-12-07,WSH,8479292,2.786,4,38
2023020396,2023-12-07,DAL,8475809,2.844,4,27
2023020397,2023-12-07,NYI,8473575,2.815,3,35
2023020397,2023-12-07,CBJ,8477484,2.745,7,36
2023020398,2023-12-07,NSH,8477424,2.993,1,33
2023020398,2023-12-07,TBL,8477992,2.431,4,29
2023020399,2023-12-07,CHI,8475852,2.307,0,37
2023020399,2023-12-07,ANA,8480843,2.007,1,25
2023020400,2023-12-07,ARI,8478971,2.068,4,26
2023020400,2023-12-07,PHI,8479394,2.281,1,26
2023020401,2023-12-07,CGY,8481692,1.504,2,30
2023020401,2023-12-07,CAR,8481611,3.561,3,27
2023020402,2023-12-07,COL,8480382,1.804,3,27
2023020402,2023-12-07,WPG,8476945,2.959,2,34
2023020403,2023-12-07,SEA,8475831,1.795,2,17
2023020403,2023-12-07,NJD,8481033,3.602,1,38
2023020404,2023-12-07,VAN,8479193,2.906,0,26
2023020404,2023-12-07,MIN,8479406,2.211,2,17
2023020405,2023-12-08,CBJ,8482982,3.976,2,43
2023020405,2023-12-08,STL,8480981,1.940,4,21
2023020406,2023-12-08,FLA,8475683,2.708,1,26
2023020406,2023-12-08,PIT,8477465,3.877,2,32
2023020407,2023-12-08,EDM,8479973,2.470,3,20
2023020407,2023-12-08,MIN,8470594,3.781,4,40
2023020408,2023-12-09,BOS,8476999,3.563,3,33
2023020408,2023-12-09,ARI,8478971,3.482,5,29
2023020409,2023-12-09,CGY,8481692,2.586,3,29
2023020409,2023-12-09,NJD,8477970,2.045,2,25
2023020410,2023-12-09,DAL,8479979,2.489,6,27
2023020410,2023-12-09,VGK,8480313,2.026,1,20
2023020411,2023-12-09,BUF,8482221,3.054,2,31
2023020411,2023-12-09,MTL,8480051,4.999,2,48
2023020412,2023-12-09,DET,8473503,0.716,0,11
2023020412,2023-12-09,DET,8479312,2.786,4,25
2023020412,2023-12-09,OTT,8476914,2.797,1,31
2023020413,2023-12-09,TOR,8478492,1.804,0,18
2023020413,2023-12-09,NSH,8480947,4.396,3,36
2023020414,2023-12-09,WSH,8479292,2.351,0,31
2023020414,2023-12-09,NYR,8478048,2.507,4,29
2023020415,2023-12-09,NYI,8478009,3.082,2,35
2023020415,2023-12-09,LAK,8475660,3.128,3,30
2023020416,2023-12-09,CHI,8475852,4.106,1,39
2023020416,2023-12-09,STL,8476412,2.921,3,24
2023020417,2023-12-09,COL,8481031,3.470,5,34
2023020417,2023-12-09,PHI,8479394,3.270,2,38
2023020418,2023-12-09,SEA,8475831,2.269,2,23
2023020418,2023-12-09,SEA,8478916,0.697,2,7
2023020418,2023-12-09,TBL,8476883,2.322,3,29
2023020419,2023-12-09,VAN,8477967,2.920,3,24
2023020419,2023-12-09,CAR,8477293,2.436,4,24
2023020420,2023-12-10,CBJ,8482982,3.480,3,33
2023020420,2023-12-10,FLA,8476932,2.532,2,19
2023020421,2023-12-10,EDM,8475717,3.020,1,26
2023020421,2023-12-10,NJD,8481033,3.370,3,29
2023020422,2023-12-10,CHI,8482821,2.373,4,27
2023020422,2023-12-10,WSH,8475311,2.368,2,34
2023020423,2023-12-10,MTL,8474596,3.100,2,32
2023020423,2023-12-10,NSH,8477424,3.457,1,37
2023020424,2023-12-10,NYR,8471734,1.597,1,26
2023020424,2023-12-10,LAK,8477831,2.941,4,27
2023020425,2023-12-10,ANA,8476434,2.822,3,30
2023020425,2023-12-10,WPG,8476945,1.935,2,26
2023020426,2023-12-10,SEA,8478916,2.105,2,25
2023020426,2023-12-10,MIN,8479406,2.801,0,24
2023020427,2023-12-10,VGK,8480238,2.381,4,38
2023020427,2023-12-10,SJS,8478039,2.947,4,27
2023020428,2023-12-11,BUF,8482221,1.765,2,23
2023020428,2023-12-11,ARI,8478872,3.360,4,37
2023020429,2023-12-11,NYI,8478009,4.075,3,40
2023020429,2023-12-11,TOR,8478492,3.012,4,29
2023020430,2023-12-11,DAL,8479979,3.282,3,30
2023020430,2023-12-11,DET,8473503,3.180,5,34
2023020431,2023-12-11,COL,8480382,2.045,5,21
2023020431,2023-12-11,COL,8481031,1.029,0,11
2023020431,2023-12-11,CGY,8478435,3.132,6,38
2023020432,2023-12-12,NYR,8478048,3.225,6,29
2023020432,2023-12-12,TOR,8474889,3.583,3,31
2023020433,2023-12-12,OTT,8476914,2.837,4,28
2023020433,2023-12-12,CAR,8481611,3.044,1,32
2023020434,2023-12-12,PIT,8477465,2.590,2,21
2023020434,2023-12-12,ARI,8478971,3.629,3,42
2023020435,2023-12-12,NSH,8477424,3.089,2,39
2023020435,2023-12-12,PHI,8481035,2.547,3,22
2023020436,2023-12-12,STL,8476412,3.372,5,31
2023020436,2023-12-12,DET,8478024,3.135,4,37
2023020437,2023-12-12,EDM,8479973,1.528,1,23
2023020437,2023-12-12,CHI,8475852,3.402,4,29
2023020438,2023-12-12,SEA,8478916,2.117,0,24
2023020438,2023-12-12,FLA,8475683,2.065,3,22
2023020439,2023-12-12,VAN,8477967,3.420,1,29
2023020439,2023-12-12,TBL,8476883,1.999,3,21
2023020440,2023-12-12,VGK,8480313,2.488,4,31
2023020440,2023-12-12,CGY,8481692,2.954,5,39
2023020441,2023-12-12,SJS,8478406,4.044,1,37
2023020441,2023-12-12,WPG,8476316,3.124,2,32
2023020442,2023-12-13,MTL,8478470,2.851,3,30
2023020442,2023-12-13,PIT,8477968,5.224,3,42
2023020443,2023-12-13,NJD,8477970,2.585,1,24
2023020443,2023-12-13,BOS,8480280,4.016,2,35
2023020444,2023-12-13,NYI,8473575,2.100,3,24
2023020444,2023-12-13,ANA,8476434,3.066,4,35
2023020445,2023-12-13,COL,8481031,2.745,1,30
2023020445,2023-12-13,BUF,8480045,2.600,5,29
2023020446,2023-12-13,LAK,8475660,2.320,4,28
2023020446,2023-12-13,WPG,8476945,3.566,2,34
2023020447,2023-12-14,DET,8478024,3.742,2,39
2023020447,2023-12-14,CAR,8481611,1.827,1,26
2023020448,2023-12-14,PHI,8481035,3.151,3,30
2023020448,2023-12-14,WSH,8479292,3.454,3,32
2023020449,2023-12-14,TOR,8478492,3.862,6,35
2023020449,2023-12-14,CBJ,8478007,5.311,5,48
2023020450,2023-12-14,MIN,8479406,3.169,2,37
2023020450,2023-12-14,CGY,8478435,3.217,2,32
2023020451,2023-12-14,STL,8476412,3.024,2,34
2023020451,2023-12-14,OTT,8476914,3.186,4,30
2023020452,2023-12-14,EDM,8479973,2.211,5,22
2023020452,2023-12-14,TBL,8476883,6.902,4,57
2023020453,2023-12-14,SEA,8478916,1.311,1,22
2023020453,2023-12-14,CHI,8475852,0.249,0,5
2023020453,2023-12-14,CHI,8482821,2.611,7,24
2023020454,2023-12-14,VAN,8477967,3.333,0,36
2023020454,2023-12-14,FLA,8475683,2.691,4,17
2023020454,2023-12-14,FLA,8476932,0.206,0,1
2023020455,2023-12-15,CAR,8477293,3.412,6,30
2023020455,2023-12-15,NSH,8480947,2.390,5,31
2023020456,2023-12-15,NYR,8471734,2.820,1,30
2023020456,2023-12-15,ANA,8480843,3.573,5,39
2023020457,2023-12-15,NYI,8478009,2.699,4,34
2023020457,2023-12-15,BOS,8476999,4.601,4,37
2023020458,2023-12-15,DAL,8475809,1.946,2,27
2023020458,2023-12-15,DAL,8479979,0.200,2,2
2023020458,2023-12-15,OTT,8476341,2.526,5,24
2023020459,2023-12-15,ARI,8478971,2.024,0,21
2023020459,2023-12-15,SJS,8478039,2.876,1,24
2023020460,2023-12-15,VGK,8480313,2.182,4,26
2023020460,2023-12-15,BUF,8482221,5.189,2,35
2023020461,2023-12-16,MIN,8479406,2.864,1,36
2023020461,2023-12-16,VAN,8479193,2.995,1,31
2023020462,2023-12-16,BOS,8480280,3.217,2,34
2023020462,2023-12-16,NYR,8478048,2.143,1,22
2023020463,2023-12-16,CBJ,8480193,2.295,5,29
2023020463,2023-12-16,NJD,8481033,3.056,3,26
2023020464,2023-12-16,MTL,8478470,3.205,3,33
2023020464,2023-12-16,NYI,8473575,3.888,4,40
2023020465,2023-12-16,PHI,8481035,2.213,0,32
2023020465,2023-12-16,DET,8478024,1.402,0,18
2023020465,2023-12-16,DET,8479312,1.131,1,16
2023020466,2023-12-16,TOR,8474889,2.964,0,38
2023020466,2023-12-16,PIT,8477465,1.740,4,14
2023020466,2023-12-16,PIT,8477968,2.662,3,21
2023020467,2023-12-16,WPG,8476945,2.550,2,32
2023020467,2023-12-16,COL,8481031,2.273,5,24
2023020468,2023-12-16,NSH,8477424,2.795,1,22
2023020468,2023-12-16,WSH,8479292,1.957,3,23
2023020469,2023-12-16,STL,8476412,2.283,3,23
2023020469,2023-12-16,DAL,8475809,2.745,4,34
2023020470,2023-12-16,ARI,8478872,2.640,0,28
2023020470,2023-12-16,BUF,8480045,2.707,2,22
2023020471,2023-12-16,CGY,8478435,2.479,2,33
2023020471,2023-12-16,TBL,8476883,2.008,4,26
2023020472,2023-12-16,EDM,8475717,2.825,5,39
2023020472,2023-12-16,FLA,8475683,2.891,1,39
2023020473,2023-12-16,SEA,8478916,3.300,2,38
2023020473,2023-12-16,LAK,8475660,2.245,2,19
2023020474,2023-12-17,CHI,8475852,2.506,4,27
2023020474,2023-12-17,VAN,8477967,2.295,3,28
2023020475,2023-12-17,CAR,8481611,2.261,1,21
2023020475,2023-12-17,WSH,8475311,2.921,1,29
2023020476,2023-12-17,NJD,8481033,2.425,4,27
2023020476,2023-12-17,ANA,8476434,2.511,1,19
2023020476,2023-12-17,ANA,8480843,1.150,0,10
2023020477,2023-12-17,COL,8480382,2.483,2,27
2023020477,2023-12-17,SJS,8478406,3.730,5,28
2023020478,2023-12-17,VGK,8478499,0.363,1,3
2023020478,2023-12-17,VGK,8480313,2.093,2,22
2023020478,2023-12-17,OTT,8476914,2.937,6,31
2023020479,2023-12-18,DET,8473503,2.228,2,14
2023020479,2023-12-18,DET,8478024,0.642,2,8
2023020479,2023-12-18,ANA,8480843,2.878,3,32
2023020480,2023-12-18,PIT,8477968,2.231,3,27
2023020480,2023-12-18,MIN,8479406,3.786,4,30
2023020481,2023-12-18,WPG,8476945,2.197,3,26
2023020481,2023-12-18,MTL,8474596,2.268,2,32
2023020482,2023-12-18,DAL,8475809,3.243,3,38
2023020482,2023-12-18,SEA,8478916,2.217,4,28
2023020483,2023-12-18,CGY,8474593,3.772,1,34
2023020483,2023-12-18,FLA,8476932,1.975,2,24
2023020484,2023-12-19,BOS,8476999,3.185,4,30
2023020484,2023-12-19,MIN,8470594,4.067,3,43
2023020485,2023-12-19,BUF,8480045,1.636,5,16
2023020485,2023-12-19,BUF,8482221,1.501,4,18
2023020485,2023-12-19,CBJ,8480193,2.754,4,29
2023020486,2023-12-19,CAR,8481611,3.003,3,33
2023020486,2023-12-19,VGK,8480238,0.687,0,10
2023020486,2023-12-19,VGK,8480313,3.085,6,29
2023020487,2023-12-19,NJD,8477970,2.273,3,26
2023020487,2023-12-19,PHI,8481035,3.844,2,26
2023020488,2023-12-19,TBL,8476883,2.875,1,29
2023020488,2023-12-19,STL,8476412,1.607,5,23
2023020488,2023-12-19,STL,8480981,0.864,1,10
2023020489,2023-12-19,TOR,8474889,2.125,4,35
2023020489,2023-12-19,NYR,8478048,2.380,2,33
2023020490,2023-12-19,NYI,8478009,3.810,1,31
2023020490,2023-12-19,EDM,8479973,2.049,3,21
2023020491,2023-12-19,NSH,8477424,2.632,5,24
2023020491,2023-12-19,NSH,8480947,0.682,0,11
2023020491,2023-12-19,VAN,8479193,2.043,2,28
2023020492,2023-12-19,CHI,8475852,4.002,2,37
2023020492,2023-12-19,COL,8480382,2.120,3,22
2023020493,2023-12-19,ARI,8478872,1.439,0,16
2023020493,2023-12-19,ARI,8478971,0.403,3,6
2023020493,2023-12-19,OTT,8476914,3.187,4,38
2023020494,2023-12-19,SJS,8478039,3.433,3,38
2023020494,2023-12-19,LAK,8479496,1.922,1,16
2023020495,2023-12-20,WPG,8476316,2.961,2,28
2023020495,2023-12-20,DET,8473503,2.534,5,41
2023020496,2023-12-20,WSH,8475311,2.291,2,32
2023020496,2023-12-20,NYI,8473575,3.295,3,36
2023020497,2023-12-20,LAK,8475660,2.709,2,30
2023020497,2023-12-20,SEA,8478916,2.994,1,43
2023020498,2023-12-21,BUF,8482221,2.203,3,27
2023020498,2023-12-21,TOR,8474889,2.007,4,15
2023020498,2023-12-21,TOR,8478492,1.517,5,19
2023020499,2023-12-21,CBJ,8478007,3.586,3,32
2023020499,2023-12-21,WSH,8479292,2.757,2,36
2023020500,2023-12-21,FLA,8475683,1.826,3,23
2023020500,2023-12-21,STL,8480981,4.542,1,38
2023020501,2023-12-21,NJD,8477970,2.796,4,32
2023020501,2023-12-21,NJD,8481033,0.601,2,6
2023020501,2023-12-21,EDM,8475717,2.225,3,26
2023020502,2023-12-21,PHI,8481035,3.144,3,30
2023020502,2023-12-21,NSH,8477424,2.741,2,31
2023020503,2023-12-21,PIT,8477968,1.677,1,24
2023020503,2023-12-21,CAR,8481611,2.341,1,25
2023020504,2023-12-21,TBL,8476883,2.976,4,34
2023020504,2023-12-21,VGK,8480238,3.560,5,36
2023020505,2023-12-21,DAL,8475809,2.009,3,20
2023020505,2023-12-21,VAN,8477967,3.629,4,36
2023020506,2023-12-21,MIN,8479406,1.744,3,25
2023020506,2023-12-21,MTL,8478470,2.789,4,24
2023020507,2023-12-21,COL,8480382,4.343,4,45
2023020507,2023-12-21,OTT,8476914,3.254,5,38
2023020508,2023-12-21,ANA,8480843,3.958,2,43
2023020508,2023-12-21,CGY,8474593,1.820,0,25
2023020509,2023-12-21,SJS,8478406,3.069,5,30
2023020509,2023-12-21,ARI,8478872,3.665,2,31
2023020510,2023-12-22,DET,8473503,4.068,6,43
2023020510,2023-12-22,PHI,8479394,4.059,6,37
2023020511,2023-12-22,NYR,8471734,3.409,4,28
2023020511,2023-12-22,EDM,8479973,3.126,3,34
2023020512,2023-12-22,WPG,8476945,2.841,1,25
2023020512,2023-12-22,BOS,8480280,3.057,5,33
2023020513,2023-12-22,CHI,8475852,2.403,4,27
2023020513,2023-12-22,MTL,8480051,2.159,2,21
2023020514,2023-12-23,FLA,8475683,2.212,2,25
2023020514,2023-12-23,VGK,8480238,3.455,4,42
2023020515,2023-12-23,NSH,8477424,2.943,3,34
2023020515,2023-12-23,DAL,8475809,1.704,2,21
2023020516,2023-12-23,CAR,8481611,2.379,5,28
2023020516,2023-12-23,NYI,8478009,4.556,4,40
2023020517,2023-12-23,CBJ,8480193,3.171,4,30
2023020517,2023-12-23,TOR,8474889,3.648,1,28
2023020518,2023-12-23,MIN,8470594,1.485,2,21
2023020518,2023-12-23,BOS,8476999,3.982,3,36
2023020519,2023-12-23,NJD,8477970,1.990,2,24
2023020519,2023-12-23,DET,8474636,2.872,3,36
2023020520,2023-12-23,OTT,8476341,3.291,4,34
2023020520,2023-12-23,PIT,8477968,2.274,5,26
2023020521,2023-12-23,WSH,8479292,2.697,1,20
2023020521,2023-12-23,TBL,8476883,2.639,1,34
2023020522,2023-12-23,NYR,8478048,3.034,3,30
2023020522,2023-12-23,BUF,8480045,3.525,4,33
2023020523,2023-12-23,ANA,8480843,1.704,3,22
2023020523,2023-12-23,SEA,8478916,3.404,2,34
2023020524,2023-12-23,STL,8476412,1.989,5,20
2023020524,2023-12-23,CHI,8482821,3.586,6,41
2023020525,2023-12-23,COL,8480382,2.108,1,25
2023020525,2023-12-23,ARI,8478971,1.951,4,26
2023020526,2023-12-23,LAK,8475660,3.029,3,32
2023020526,2023-12-23,CGY,8474593,3.918,4,33
2023020527,2023-12-23,VAN,8477967,2.358,4,25
2023020527,2023-12-23,SJS,8478406,2.673,6,25
2023020528,2023-12-27,NJD,8477970,2.989,3,29
2023020528,2023-12-27,CBJ,8478007,3.948,4,35
2023020529,2023-12-27,NYR,8478048,2.090,1,27
2023020529,2023-12-27,WSH,8475311,2.812,5,31
2023020530,2023-12-27,TBL,8476883,2.869,3,31
2023020530,2023-12-27,FLA,8475683,2.914,2,29
2023020531,2023-12-27,TOR,8474889,2.649,3,29
2023020531,2023-12-27,OTT,8476914,4.363,2,36
2023020532,2023-12-27,BUF,8482221,2.264,4,25
2023020532,2023-12-27,BOS,8480280,2.247,1,26
2023020533,2023-12-27,NYI,8473575,0.922,1,7
2023020533,2023-12-27,NYI,8478009,3.161,6,25
2023020533,2023-12-27,PIT,8477465,1.816,0,22
2023020534,2023-12-27,MIN,8479406,2.505,3,28
2023020534,2023-12-27,DET,8473503,3.081,6,31
2023020535,2023-12-27,NSH,8477424,1.900,5,19
2023020535,2023-12-27,NSH,8482137,0.955,0,6
2023020535,2023-12-27,CAR,8481611,3.267,2,37
2023020536,2023-12-27,STL,8480981,3.001,1,40
2023020536,2023-12-27,DAL,8475809,2.276,2,30
2023020537,2023-12-27,ARI,8478872,3.059,4,24
2023020537,2023-12-27,COL,8480382,3.046,5,27
2023020538,2023-12-27,CHI,8475852,4.065,1,38
2023020538,2023-12-27,WPG,8476945,1.837,2,25
2023020539,2023-12-27,CGY,8474593,2.157,2,21
2023020539,2023-12-27,SEA,8476904,3.657,1,38
2023020540,2023-12-27,ANA,8476434,3.802,2,32
2023020540,2023-12-27,VGK,8480313,1.915,5,26
2023020541,2023-12-27,LAK,8479496,2.060,1,25
2023020541,2023-12-27,SJS,8478039,4.551,5,43
2023020542,2023-12-28,CAR,8477293,2.300,3,21
2023020542,2023-12-28,MTL,8480051,2.714,4,30
2023020543,2023-12-28,VAN,8479193,2.388,4,25
2023020543,2023-12-28,PHI,8479394,0.707,0,8
2023020543,2023-12-28,PHI,8481035,2.231,1,19
2023020544,2023-12-28,VGK,8480313,2.499,2,34
2023020544,2023-12-28,LAK,8475660,1.983,3,32
2023020545,2023-12-28,SJS,8478039,1.545,1,18
2023020545,2023-12-28,SJS,8480992,1.049,4,12
2023020545,2023-12-28,EDM,8479973,2.605,0,25
2023020546,2023-12-29,CBJ,8477484,1.856,3,19
2023020546,2023-12-29,CBJ,8478007,1.079,2,14
2023020546,2023-12-29,TOR,8478492,2.017,6,21
2023020547,2023-12-29,DET,8479312,3.910,4,37
2023020547,2023-12-29,NSH,8477424,3.233,5,23
2023020548,2023-12-29,FLA,8475683,2.960,3,34
2023020548,2023-12-29,NYR,8471734,3.289,4,33
2023020549,2023-12-29,OTT,8476914,2.666,6,30
2023020549,2023-12-29,NJD,8482076,2.704,2,27
2023020550,2023-12-29,NYI,8478009,2.226,1,27
2023020550,2023-12-29,WSH,8475311,2.972,5,29
2023020550,2023-12-29,WSH,8479292,0.212,0,3
2023020551,2023-12-29,DAL,8475809,2.547,4,29
2023020551,2023-12-29,CHI,8475852,4.274,5,35
2023020552,2023-12-29,STL,8476412,1.134,2,23
2023020552,2023-12-29,COL,8480382,2.965,1,29
2023020553,2023-12-29,ANA,8476434,3.679,2,32
2023020553,2023-12-29,ARI,8478971,2.362,0,28
2023020554,2023-12-29,SEA,8478916,2.638,1,28
2023020554,2023-12-29,PHI,8479394,2.707,2,29
2023020555,2023-12-30,WPG,8476945,3.988,2,36
2023020555,2023-12-30,MIN,8470594,0.946,1,10
2023020555,2023-12-30,MIN,8479406,2.521,3,22
2023020556,2023-12-30,BUF,8480045,1.875,2,20
2023020556,2023-12-30,CBJ,8480193,3.549,3,42
2023020557,2023-12-30,BOS,8476999,2.540,2,33
2023020557,2023-12-30,NJD,8477970,2.813,5,31
2023020558,2023-12-30,FLA,8476932,1.585,1,19
2023020558,2023-12-30,MTL,8474596,2.824,3,25
2023020559,2023-12-30,PIT,8477465,2.087,2,27
2023020559,2023-12-30,STL,8480981,3.005,3,29
2023020560,2023-12-30,TBL,8476883,2.097,5,21
2023020560,2023-12-30,NYR,8478048,2.882,1,35
2023020561,2023-12-30,TOR,8474889,2.112,2,27
2023020561,2023-12-30,CAR,8481611,2.447,2,27
2023020562,2023-12-30,WSH,8482411,4.245,2,36
2023020562,2023-12-30,NSH,8482137,2.552,2,29
2023020563,2023-12-30,LAK,8475660,3.445,2,26
2023020563,2023-12-30,EDM,8479973,2.658,2,28
2023020564,2023-12-31,MIN,8470594,2.419,3,29
2023020564,2023-12-31,WPG,8476316,1.467,2,26
2023020565,2023-12-31,DET,8479312,1.353,3,22
2023020565,2023-12-31,BOS,8480280,3.384,3,30
2023020566,2023-12-31,OTT,8476341,3.160,1,46
2023020566,2023-12-31,BUF,8482221,2.868,4,30
2023020567,2023-12-31,PIT,8477968,3.640,1,38
2023020567,2023-12-31,NYI,8478009,3.499,2,37
2023020568,2023-12-31,TBL,8477992,2.698,3,29
2023020568,2023-12-31,MTL,8478470,2.035,4,20
2023020569,2023-12-31,ANA,8476434,4.039,7,39
2023020569,2023-12-31,EDM,8475717,2.962,2,30
2023020570,2023-12-31,CGY,8474593,3.031,3,31
2023020570,2023-12-31,PHI,8481035,2.935,3,32
2023020571,2023-12-31,COL,8480382,0.905,1,11
2023020571,2023-12-31,SJS,8478039,3.111,2,32
2023020572,2023-12-31,DAL,8475809,1.859,1,24
2023020572,2023-12-31,CHI,8475852,3.000,6,31
2023020572,2023-12-31,CHI,8482821,0.790,2,10
2023020573,2024-01-01,SEA,8478916,2.161,0,35
2023020573,2024-01-01,VGK,8480313,2.389,3,27
2023020574,2024-01-02,CBJ,8477484,2.287,4,27
2023020574,2024-01-02,BOS,8476999,2.181,1,27
2023020575,2024-01-02,NYR,8478048,2.749,6,27
2023020575,2024-01-02,CAR,8481611,1.597,1,29
2023020576,2024-01-02,PIT,8477465,0.318,3,7
2023020576,2024-01-02,PIT,8477968,1.245,1,15
2023020576,2024-01-02,WSH,8475311,4.009,3,35
2023020577,2024-01-02,DAL,8475809,1.534,4,18
2023020577,2024-01-02,MTL,8478470,4.259,3,33
2023020578,2024-01-02,MIN,8470594,2.489,2,32
2023020578,2024-01-02,CGY,8474593,3.124,1,29
2023020579,2024-01-02,NSH,8477424,1.482,0,21
2023020579,2024-01-02,CHI,8482821,2.864,2,35
2023020580,2024-01-02,WPG,8476945,2.975,2,34
2023020580,2024-01-02,TBL,8476883,3.187,3,27
2023020581,2024-01-02,ARI,8478872,4.348,3,38
2023020581,2024-01-02,FLA,8475683,2.225,1,22
2023020582,2024-01-02,COL,8480382,1.186,4,22
2023020582,2024-01-02,NYI,8473575,0.990,1,12
2023020582,2024-01-02,NYI,8478009,2.535,4,27
2023020583,2024-01-02,EDM,8479973,3.410,2,37
2023020583,2024-01-02,PHI,8479394,3.781,5,36
2023020584,2024-01-02,VAN,8477967,2.456,3,38
2023020584,2024-01-02,OTT,8476341,1.180,4,13
2023020584,2024-01-02,OTT,8476914,1.706,2,13
2023020585,2024-01-02,LAK,8475660,2.418,2,28
2023020585,2024-01-02,TOR,8474889,2.894,0,31
2023020586,2024-01-02,SJS,8478039,2.019,4,30
2023020586,2024-01-02,DET,8479312,2.280,3,27
2023020587,2024-01-03,WSH,8482411,2.571,6,28
2023020587,2024-01-03,NJD,8482076,2.072,3,26
2023020588,2024-01-03,ANA,8480843,5.788,2,57
2023020588,2024-01-03,TOR,8474889,2.375,1,28
2023020589,2024-01-04,BOS,8480280,4.103,6,35
2023020589,2024-01-04,PIT,8477968,2.207,5,29
2023020590,2024-01-04,MTL,8474596,3.491,5,37
2023020590,2024-01-04,BUF,8482221,3.949,1,33
2023020591,2024-01-04,NYR,8478048,1.926,1,23
2023020591,2024-01-04,CHI,8475852,3.328,4,32
2023020592,2024-01-04,PHI,8481035,2.304,2,28
2023020592,2024-01-04,CBJ,8480193,3.058,2,41
2023020593,2024-01-04,DAL,8475809,3.846,5,34
2023020593,2024-01-04,COL,8480382,4.266,4,32
2023020594,2024-01-04,MIN,8470594,2.989,3,29
2023020594,2024-01-04,TBL,8476883,1.386,1,23
2023020595,2024-01-04,NSH,8477424,3.012,5,25
2023020595,2024-01-04,NSH,8480947,1.135,1,14
2023020595,2024-01-04,CGY,8478435,2.710,3,32
2023020596,2024-01-04,STL,8476412,2.674,1,26
2023020596,2024-01-04,VAN,8477967,2.572,2,32
2023020597,2024-01-04,ARI,8478971,2.482,5,31
2023020597,2024-01-04,NYI,8478009,2.142,1,27
2023020598,2024-01-04,SEA,8478916,3.679,1,33
2023020598,2024-01-04,OTT,8476914,2.928,3,27
2023020599,2024-01-04,VGK,8480313,2.670,4,36
2023020599,2024-01-04,FLA,8475683,2.504,1,27
2023020600,2024-01-04,LAK,8479496,3.615,3,27
2023020600,2024-01-04,DET,8479312,3.810,3,43
2023020601,2024-01-04,SJS,8478406,2.841,2,30
2023020601,2024-01-04,WPG,8476945,1.751,1,28
2023020602,2024-01-05,NJD,8477970,1.773,2,25
2023020602,2024-01-05,CHI,8482821,3.007,3,31
2023020603,2024-01-05,WSH,8475311,3.357,5,33
2023020603,2024-01-05,CAR,8481611,1.300,2,17
2023020604,2024-01-05,ANA,8476434,2.050,3,27
2023020604,2024-01-05,WPG,8476316,3.420,1,38
2023020605,2024-01-06,PHI,8479394,2.125,2,24
2023020605,2024-01-06,CGY,8474593,3.843,3,42
2023020606,2024-01-06,COL,8480382,1.216,3,15
2023020606,2024-01-06,COL,8481031,1.052,4,13
2023020606,2024-01-06,FLA,8475683,1.903,4,26
2023020607,2024-01-06,BOS,8476999,3.166,3,26
2023020607,2024-01-06,TBL,8476883,2.740,6,25
2023020608,2024-01-06,CAR,8477293,2.106,1,22
2023020608,2024-01-06,STL,8476412,3.989,1,30
2023020609,2024-01-06,CBJ,8480193,2.377,4,36
2023020609,2024-01-06,MIN,8470594,2.360,3,29
2023020610,2024-01-06,MTL,8478470,4.483,3,48
2023020610,2024-01-06,NYR,8471734,2.561,3,30
2023020611,2024-01-06,NJD,8482076,3.928,5,42
2023020611,2024-01-06,VAN,8477967,2.062,4,25
2023020612,2024-01-06,PIT,8477465,2.482,3,32
2023020612,2024-01-06,BUF,8480045,3.712,1,41
2023020613,2024-01-06,SJS,8478406,3.265,4,32
2023020613,2024-01-06,TOR,8474889,2.231,1,24
2023020614,2024-01-06,DAL,8475809,2.137,4,22
2023020614,2024-01-06,NSH,8480947,3.538,3,29
2023020615,2024-01-06,EDM,8479973,2.799,1,30
2023020615,2024-01-06,OTT,8476341,4.965,3,46
2023020616,2024-01-06,VGK,8480313,2.262,2,29
2023020616,2024-01-06,NYI,8478009,2.028,5,30
2023020617,2024-01-07,CHI,8475852,2.479,3,30
2023020617,2024-01-07,CGY,8478435,1.634,4,20
2023020618,2024-01-07,WSH,8475311,4.173,3,41
2023020618,2024-01-07,LAK,8475660,2.259,4,34
2023020619,2024-01-07,ARI,8478872,3.398,5,36
2023020619,2024-01-07,WPG,8476945,1.298,2,17
2023020620,2024-01-07,ANA,8480843,3.012,3,28
2023020620,2024-01-07,DET,8479312,3.017,2,31
2023020621,2024-01-08,NYR,8478048,2.341,5,25
2023020621,2024-01-08,VAN,8477967,3.600,3,42
2023020622,2024-01-08,PHI,8479394,4.748,4,39
2023020622,2024-01-08,PIT,8477968,2.374,1,37
2023020623,2024-01-08,MIN,8470594,2.052,4,20
2023020623,2024-01-08,DAL,8483575,1.909,0,23
2023020624,2024-01-08,COL,8480382,3.223,3,26
2023020624,2024-01-08,BOS,8480280,3.374,3,36
2023020625,2024-01-09,BUF,8482221,2.271,5,26
2023020625,2024-01-09,SEA,8478916,3.053,2,38
2023020626,2024-01-09,TBL,8476883,1.600,2,22
2023020626,2024-01-09,LAK,8475660,3.277,3,29
2023020627,2024-01-09,TOR,8474889,1.635,1,23
2023020627,2024-01-09,SJS,8478039,1.463,4,20
2023020627,2024-01-09,SJS,8478406,2.290,3,26
2023020628,2024-01-09,NYI,8478009,2.954,4,33
2023020628,2024-01-09,VAN,8479193,1.317,2,20
2023020629,2024-01-09,NSH,8477424,2.360,5,33
2023020629,2024-01-09,ANA,8480843,3.319,3,42
2023020630,2024-01-09,STL,8480981,2.725,4,30
2023020630,2024-01-09,FLA,8476932,3.075,1,30
2023020631,2024-01-09,WPG,8476945,2.024,0,29
2023020631,2024-01-09,CBJ,8480193,2.083,5,23
2023020632,2024-01-09,CHI,8475852,1.857,2,15
2023020632,2024-01-09,EDM,8479973,2.712,1,26
2023020633,2024-01-09,ARI,8478971,3.354,3,33
2023020633,2024-01-09,BOS,8476999,3.954,3,35
2023020633,2024-01-09,BOS,8480280,0.102,1,1
2023020634,2024-01-09,CGY,8474593,3.149,3,33
2023020634,2024-01-09,OTT,8476914,2.946,5,35
2023020635,2024-01-10,PHI,8481035,1.967,2,19
2023020635,2024-01-10,MTL,8480051,3.078,2,39
2023020636,2024-01-10,DAL,8475809,1.710,2,23
2023020636,2024-01-10,MIN,8482661,3.013,7,34
2023020637,2024-01-10,COL,8480382,2.603,0,25
2023020637,2024-01-10,VGK,8480238,2.840,3,35
2023020638,2024-01-11,BUF,8480045,1.636,3,28
2023020638,2024-01-11,OTT,8476341,0.683,1,7
2023020638,2024-01-11,OTT,8476914,1.411,3,24
2023020639,2024-01-11,CAR,8477293,0.810,0,3
2023020639,2024-01-11,CAR,8481611,1.372,3,13
2023020639,2024-01-11,ANA,8476434,2.806,5,25
2023020639,2024-01-11,ANA,8480843,0.493,1,9
2023020640,2024-01-11,DET,8479312,4.676,3,47
2023020640,2024-01-11,EDM,8475717,1.699,2,18
2023020641,2024-01-11,FLA,8475683,1.754,2,33
2023020641,2024-01-11,LAK,8475660,4.531,3,41
2023020642,2024-01-11,MTL,8478470,3.380,3,35
2023020642,2024-01-11,SJS,8478406,3.378,2,35
2023020643,2024-01-11,PIT,8477465,1.996,1,20
2023020643,2024-01-11,PIT,8477968,0.678,3,9
2023020643,2024-01-11,VAN,8477967,3.201,3,35
2023020644,2024-01-11,TBL,8476883,2.678,3,30
2023020644,2024-01-11,NJD,8477970,2.366,4,20
2023020645,2024-01-11,WSH,8475311,2.818,4,23
2023020645,2024-01-11,SEA,8478916,3.220,1,26
2023020646,2024-01-11,NYI,8478009,2.525,3,35
2023020646,2024-01-11,TOR,8474889,2.543,4,30
2023020647,2024-01-11,STL,8476412,4.939,2,43
2023020647,2024-01-11,NYR,8478048,1.667,4,19
2023020648,2024-01-11,WPG,8476316,1.307,1,21
2023020648,2024-01-11,CHI,8475852,2.329,2,28
2023020649,2024-01-11,ARI,8478872,0.979,4,12
2023020649,2024-01-11,ARI,8478971,1.830,2,18
2023020649,2024-01-11,CGY,8474593,3.019,2,34
2023020650,2024-01-11,VGK,8480313,2.530,1,33
2023020650,2024-01-11,BOS,8480280,2.294,2,25
2023020651,2024-01-12,DAL,8479979,3.839,4,36
2023020651,2024-01-12,NSH,8480947,2.146,3,22
2023020652,2024-01-12,MIN,8470594,2.844,4,35
2023020652,2024-01-12,PHI,8479394,2.108,3,29
2023020653,2024-01-13,WSH,8479292,2.517,2,27
2023020653,2024-01-13,NYR,8471734,2.518,3,21
2023020654,2024-01-13,BUF,8480045,2.267,1,23
2023020654,2024-01-13,VAN,8477967,2.247,0,26
2023020655,2024-01-13,OTT,8476914,2.093,4,18
2023020655,2024-01-13,SJS,8478406,3.169,5,41
2023020656,2024-01-13,FLA,8475683,1.480,3,21
2023020656,2024-01-13,NJD,8482076,3.505,1,36
2023020657,2024-01-13,CAR,8477293,2.967,2,40
2023020657,2024-01-13,PIT,8477465,4.005,3,35
2023020658,2024-01-13,CBJ,8480193,2.659,6,35
2023020658,2024-01-13,SEA,8478916,2.900,4,34
2023020659,2024-01-13,DET,8479312,3.165,3,36
2023020659,2024-01-13,LAK,8475660,2.458,5,27
2023020659,2024-01-13,LAK,8479496,0.194,0,3
2023020660,2024-01-13,MTL,8478470,4.627,2,41
2023020660,2024-01-13,EDM,8479973,2.139,1,24
2023020661,2024-01-13,TBL,8476883,1.819,1,20
2023020661,2024-01-13,ANA,8480843,3.633,5,41
2023020662,2024-01-13,TOR,8474889,3.937,4,32
2023020662,2024-01-13,COL,8480382,2.080,3,29
2023020663,2024-01-13,WPG,8476945,2.560,2,36
2023020663,2024-01-13,PHI,8481035,3.006,0,35
2023020664,2024-01-13,CHI,8475852,1.893,2,29
2023020664,2024-01-13,DAL,8475809,0.834,0,14
2023020664,2024-01-13,DAL,8479979,1.605,1,21
2023020665,2024-01-13,MIN,8470594,1.017,1,15
2023020665,2024-01-13,MIN,8479406,1.521,5,18
2023020665,2024-01-13,ARI,8478971,3.572,0,38
2023020666,2024-01-13,NSH,8477424,1.998,1,25
2023020666,2024-01-13,NYI,8478009,1.813,2,27
2023020667,2024-01-13,STL,8476412,3.794,4,35
2023020667,2024-01-13,BOS,8480280,2.209,3,23
2023020668,2024-01-13,VGK,8480313,2.414,3,26
2023020668,2024-01-13,CGY,8474593,3.334,1,32
2023020669,2024-01-14,NYR,8478048,2.317,1,25
2023020669,2024-01-14,WSH,8479292,3.171,2,31
2023020670,2024-01-14,TOR,8478492,1.871,3,23
2023020670,2024-01-14,DET,8473503,2.803,2,30
2023020671,2024-01-15,BOS,8480280,2.342,0,31
2023020671,2024-01-15,NJD,8482076,3.848,2,35
2023020672,2024-01-15,BUF,8480045,2.899,0,28
2023020672,2024-01-15,SJS,8478039,2.904,2,34
2023020673,2024-01-15,CBJ,8478007,2.933,3,30
2023020673,2024-01-15,VAN,8479193,4.845,3,43
2023020674,2024-01-15,FLA,8476932,2.117,5,26
2023020674,2024-01-15,ANA,8476434,4.128,4,33
2023020675,2024-01-15,CAR,8477293,2.148,4,24
2023020675,2024-01-15,CAR,8484293,0.060,0,1
2023020675,2024-01-15,LAK,8479496,3.298,2,32
2023020676,2024-01-15,MIN,8470594,2.046,0,21
2023020676,2024-01-15,NYI,8478009,2.478,3,32
2023020676,2024-01-15,NYI,8478965,0.759,2,8
2023020677,2024-01-15,PIT,8477465,1.815,0,22
2023020677,2024-01-15,SEA,8478916,2.428,2,32
2023020678,2024-01-15,MTL,8474596,3.327,3,35
2023020678,2024-01-15,COL,8480382,2.527,4,34
2023020679,2024-01-15,STL,8480981,3.472,3,41
2023020679,2024-01-15,PHI,8479394,2.290,2,30
2023020680,2024-01-15,VGK,8480313,3.078,1,35
2023020680,2024-01-15,NSH,8477424,2.275,3,28
2023020681,2024-01-16,NYR,8478048,3.136,2,31
2023020681,2024-01-16,SEA,8476904,2.467,4,22
2023020682,2024-01-16,OTT,8481544,2.750,6,33
2023020682,2024-01-16,COL,8481020,3.888,4,40
2023020683,2024-01-16,WSH,8475311,1.849,0,24
2023020683,2024-01-16,ANA,8476434,2.469,1,27
2023020684,2024-01-16,DAL,8479979,3.583,1,32
2023020684,2024-01-16,LAK,8475660,3.060,5,28
2023020685,2024-01-16,WPG,8476945,2.747,2,37
2023020685,2024-01-16,NYI,8478009,3.709,3,43
2023020686,2024-01-16,CHI,8475852,4.394,1,38
2023020686,2024-01-16,SJS,8478406,2.770,1,25
2023020687,2024-01-16,CGY,8478435,3.137,2,25
2023020687,2024-01-16,ARI,8478971,3.168,3,30
2023020688,2024-01-16,EDM,8479973,2.949,2,27
2023020688,2024-01-16,TOR,8474889,3.821,3,31
2023020689,2024-01-17,FLA,8475683,1.358,3,29
2023020689,2024-01-17,DET,8479312,3.626,2,34
2023020690,2024-01-17,NJD,8482076,2.916,3,25
2023020690,2024-01-17,MTL,8478470,3.825,2,30
2023020691,2024-01-18,BUF,8480045,2.207,0,19
2023020691,2024-01-18,CHI,8482821,2.593,3,31
2023020692,2024-01-18,BOS,8480280,2.775,2,32
2023020692,2024-01-18,COL,8480382,2.472,4,30
2023020693,2024-01-18,OTT,8476914,2.256,2,23
2023020693,2024-01-18,MTL,8480051,3.560,5,36
2023020694,2024-01-18,PHI,8481035,1.715,1,15
2023020694,2024-01-18,DAL,8479979,3.372,5,43
2023020695,2024-01-18,TBL,8476883,2.675,3,33
2023020695,2024-01-18,MIN,8479406,3.800,7,38
2023020696,2024-01-18,WSH,8479292,2.370,2,20
2023020696,2024-01-18,STL,8476412,2.538,4,25
2023020697,2024-01-18,CGY,8478435,3.035,4,32
2023020697,2024-01-18,TOR,8474889,3.017,3,26
2023020698,2024-01-18,EDM,8479973,2.514,2,27
2023020698,2024-01-18,SEA,8478916,3.705,4,36
2023020699,2024-01-18,LAK,8479496,2.981,2,33
2023020699,2024-01-18,NSH,8477424,3.649,1,34
2023020700,2024-01-18,VAN,8477967,1.416,1,21
2023020700,2024-01-18,ARI,8478971,2.879,2,26
2023020701,2024-01-18,VGK,8480313,2.404,1,30
2023020701,2024-01-18,NYR,8478048,1.977,4,25
2023020702,2024-01-19,CAR,8477293,0.810,2,12
2023020702,2024-01-19,DET,8479312,2.157,3,29
2023020703,2024-01-19,CBJ,8478007,2.961,4,33
2023020703,2024-01-19,NJD,8477970,2.616,1,30
2023020704,2024-01-19,FLA,8475683,1.161,4,15
2023020704,2024-01-19,FLA,8476932,0.938,1,10
2023020704,2024-01-19,MIN,8470594,1.016,1,11
2023020704,2024-01-19,MIN,8479406,2.625,3,24
2023020705,2024-01-19,CHI,8475852,2.976,3,30
2023020705,2024-01-19,NYI,8478009,2.153,4,24
2023020706,2024-01-20,BUF,8480045,2.052,2,15
2023020706,2024-01-20,TBL,8477992,1.856,1,27
2023020707,2024-01-20,PHI,8479394,1.108,5,15
2023020707,2024-01-20,PHI,8481035,1.134,1,9
2023020707,2024-01-20,COL,8480382,3.340,4,40
2023020708,2024-01-20,ARI,8478971,4.108,2,32
2023020708,2024-01-20,NSH,8477424,2.858,3,24
2023020709,2024-01-20,OTT,8476914,2.672,2,29
2023020709,2024-01-20,WPG,8476945,2.825,1,35
2023020710,2024-01-20,BOS,8476999,1.813,4,21
2023020710,2024-01-20,MTL,8478470,3.263,8,30
2023020710,2024-01-20,MTL,8480051,0.505,1,6
2023020711,2024-01-20,NJD,8482076,3.694,6,36
2023020711,2024-01-20,DAL,8475809,2.855,2,31
2023020712,2024-01-20,VAN,8477967,3.333,4,46
2023020712,2024-01-20,TOR,8474889,1.990,6,21
2023020713,2024-01-20,STL,8476412,2.011,0,18
2023020713,2024-01-20,WSH,8479292,2.368,3,29
2023020714,2024-01-20,CGY,8478435,3.409,2,31
2023020714,2024-01-20,EDM,8479973,2.074,1,27
2023020715,2024-01-20,SJS,8478406,3.568,3,34
2023020715,2024-01-20,ANA,8476434,1.890,4,18
2023020716,2024-01-20,VGK,8480313,2.268,2,25
2023020716,2024-01-20,PIT,8477465,2.934,3,29
2023020717,2024-01-20,LAK,8479496,2.377,1,23
2023020717,2024-01-20,NYR,8471734,1.598,2,26
2023020718,2024-01-21,PHI,8481035,3.623,4,33
2023020718,2024-01-21,OTT,8481544,1.529,3,25
2023020719,2024-01-21,CAR,8477293,2.322,3,17
2023020719,2024-01-21,MIN,8479406,4.633,2,42
2023020720,2024-01-21,DET,8479312,3.037,1,28
2023020720,2024-01-21,TBL,8476883,3.640,2,35
2023020721,2024-01-21,NYI,8478009,3.157,2,43
2023020721,2024-01-21,DAL,8475809,2.701,3,28
2023020722,2024-01-21,ANA,8480843,3.140,4,32
2023020722,2024-01-21,NYR,8478048,1.186,2,18
2023020723,2024-01-21,SEA,8478916,2.615,2,25
2023020723,2024-01-21,TOR,8478492,1.816,1,17
2023020724,2024-01-22,BOS,8480280,1.250,1,21
2023020724,2024-01-22,WPG,8476945,2.227,3,20
2023020725,2024-01-22,NJD,8477970,2.804,5,32
2023020725,2024-01-22,VGK,8480313,4.028,6,38
2023020726,2024-01-22,NSH,8477424,2.999,2,36
2023020726,2024-01-22,FLA,8476932,2.066,1,27
2023020727,2024-01-22,ARI,8478971,2.610,2,27
2023020727,2024-01-22,PIT,8477465,2.822,4,26
2023020728,2024-01-22,VAN,8477967,3.157,0,31
2023020728,2024-01-22,CHI,8475852,3.151,2,29
2023020729,2024-01-22,LAK,8479496,2.693,3,27
2023020729,2024-01-22,SJS,8478039,4.717,3,47
2023020730,2024-01-23,DET,8473503,0.618,0,6
2023020730,2024-01-23,DET,8479312,1.895,5,32
2023020730,2024-01-23,DAL,8479979,2.817,4,34
2023020731,2024-01-23,MTL,8474596,2.356,3,27
2023020731,2024-01-23,OTT,8476914,1.890,1,25
2023020732,2024-01-23,PHI,8481035,1.954,4,19
2023020732,2024-01-23,TBL,8476883,2.437,3,32
2023020733,2024-01-23,NYI,8478009,1.501,3,27
2023020733,2024-01-23,VGK,8478499,4.134,2,42
2023020734,2024-01-23,MIN,8479406,2.537,3,33
2023020734,2024-01-23,WSH,8475311,2.431,5,30
2023020735,2024-01-23,CGY,8474593,2.557,4,26
2023020735,2024-01-23,STL,8476412,2.875,3,35
2023020736,2024-01-23,EDM,8479973,2.695,1,27
2023020736,2024-01-23,CBJ,8478007,3.074,4,24
2023020737,2024-01-23,ANA,8476434,3.536,2,30
2023020737,2024-01-23,BUF,8480045,2.933,3,35
2023020738,2024-01-23,SJS,8478406,2.577,2,31
2023020738,2024-01-23,NYR,8478048,2.320,3,22
2023020739,2024-01-24,FLA,8475683,3.657,2,33
2023020739,2024-01-24,ARI,8478872,3.400,6,42
2023020740,2024-01-24,TOR,8478492,2.810,0,32
2023020740,2024-01-24,WPG,8476316,2.922,1,30
2023020741,2024-01-24,BOS,8476999,3.060,3,33
2023020741,2024-01-24,CAR,8477484,3.255,2,28
2023020742,2024-01-24,COL,8480382,2.910,2,25
2023020742,2024-01-24,WSH,8479292,3.192,6,31
2023020743,2024-01-24,SEA,8478916,3.720,2,34
2023020743,2024-01-24,CHI,8482821,2.713,6,29
2023020744,2024-01-24,VAN,8479193,2.402,4,18
2023020744,2024-01-24,STL,8480981,4.051,3,32
2023020745,2024-01-24,LAK,8475660,2.601,5,37
2023020745,2024-01-24,BUF,8482221,3.528,3,40
2023020746,2024-01-25,CAR,8477293,3.508,2,25
2023020746,2024-01-25,NJD,8477970,0.895,0,11
2023020746,2024-01-25,NJD,8482076,0.855,3,12
2023020747,2024-01-25,DET,8479312,3.100,0,30
2023020747,2024-01-25,PHI,8481035,1.464,3,17
2023020748,2024-01-25,MTL,8478470,5.547,3,46
2023020748,2024-01-25,NYI,8473575,3.117,4,26
2023020749,2024-01-25,OTT,8476914,1.484,3,23
2023020749,2024-01-25,BOS,8480280,2.174,2,37
2023020750,2024-01-25,TBL,8476883,1.892,3,20
2023020750,2024-01-25,ARI,8478971,2.947,6,37
2023020751,2024-01-25,DAL,8479979,1.849,3,21
2023020751,2024-01-25,ANA,8476434,3.586,4,44
2023020752,2024-01-25,MIN,8479406,2.155,3,29
2023020752,2024-01-25,NSH,8477424,1.920,2,24
2023020753,2024-01-25,CGY,8474593,2.723,4,31
2023020753,2024-01-25,CBJ,8480193,2.837,2,30
2023020754,2024-01-25,EDM,8475717,2.313,0,27
2023020754,2024-01-25,CHI,8475852,3.721,2,33
2023020755,2024-01-26,NYR,8478048,1.453,4,19
2023020755,2024-01-26,VGK,8478499,3.211,2,38
2023020756,2024-01-26,PIT,8477968,2.703,2,31
2023020756,2024-01-26,FLA,8475683,2.895,2,37
2023020757,2024-01-26,COL,8480382,1.847,1,27
2023020757,2024-01-26,LAK,8475660,0.652,3,12
2023020757,2024-01-26,LAK,8479496,1.310,2,19
2023020758,2024-01-26,SEA,8478916,2.034,4,18
2023020758,2024-01-26,STL,8476412,3.644,3,36
2023020759,2024-01-27,PHI,8477361,1.802,2,14
2023020759,2024-01-27,PHI,8481035,1.547,4,14
2023020759,2024-01-27,BOS,8476999,3.312,2,37
2023020760,2024-01-27,DAL,8479979,2.500,4,28
2023020760,2024-01-27,WSH,8479292,3.395,5,35
2023020761,2024-01-27,EDM,8479973,4.296,1,29
2023020761,2024-01-27,NSH,8480947,2.268,3,20
2023020762,2024-01-27,SJS,8478039,3.369,4,35
2023020762,2024-01-27,BUF,8480045,2.187,2,26
2023020763,2024-01-27,CAR,8477293,1.048,1,11
2023020763,2024-01-27,ARI,8478971,3.941,3,39
2023020764,2024-01-27,DET,8479312,3.089,2,30
2023020764,2024-01-27,VGK,8480313,2.583,4,28
2023020765,2024-01-27,OTT,8476914,1.503,4,17
2023020765,2024-01-27,OTT,8481544,0.951,2,11
2023020765,2024-01-27,NYR,8471734,2.368,2,31
2023020766,2024-01-27,PIT,8477465,2.750,2,27
2023020766,2024-01-27,MTL,8474596,3.721,3,33
2023020767,2024-01-27,TBL,8476883,2.225,3,24
2023020767,2024-01-27,NJD,8477970,3.197,4,40
2023020768,2024-01-27,WPG,8476945,2.764,3,29
2023020768,2024-01-27,TOR,8478492,2.688,2,26
2023020769,2024-01-27,NYI,8473575,2.799,3,37
2023020769,2024-01-27,FLA,8476932,1.817,2,23
2023020770,2024-01-27,MIN,8479406,2.104,3,25
2023020770,2024-01-27,ANA,8480843,2.352,2,37
2023020771,2024-01-27,CGY,8474593,2.794,0,32
2023020771,2024-01-27,CHI,8475852,2.801,1,31
2023020772,2024-01-27,VAN,8477967,2.106,4,29
2023020772,2024-01-27,CBJ,8478007,4.616,5,34
2023020773,2024-01-28,STL,8480981,2.663,3,33
2023020773,2024-01-28,LAK,8479496,2.894,4,32
2023020774,2024-01-28,SEA,8478916,1.847,2,32
2023020774,2024-01-28,CBJ,8480193,2.384,3,25
2023020775,2024-01-29,OTT,8476914,1.221,0,17
2023020775,2024-01-29,OTT,8481544,0.895,3,11
2023020775,2024-01-29,NSH,8477424,3.908,4,35
2023020776,2024-01-30,STL,8476412,2.409,1,22
2023020776,2024-01-30,CBJ,8478007,1.998,0,21
2023020777,2024-01-30,SJS,8478406,3.389,0,32
2023020777,2024-01-30,SEA,8478916,1.819,1,21
2023020778,2024-01-31,DET,8479312,3.592,3,25
2023020778,2024-01-31,OTT,8476914,2.503,2,25
2023020779,2024-01-31,NSH,8477424,1.663,3,23
2023020779,2024-01-31,LAK,8479496,4.678,2,42
2023020780,2024-01-31,ANA,8476434,2.201,2,28
2023020780,2024-01-31,SJS,8478039,3.698,3,34
2023020781,2024-02-05,NYR,8471734,3.295,1,33
2023020781,2024-02-05,COL,8480382,2.675,2,29
2023020782,2024-02-05,TOR,8478492,2.428,3,29
2023020782,2024-02-05,NYI,8478009,3.967,2,36
2023020783,2024-02-06,BOS,8480280,2.361,4,29
2023020783,2024-02-06,CGY,8474593,1.677,1,22
2023020784,2024-02-06,BUF,8480045,3.741,2,30
2023020784,2024-02-06,DAL,8479979,3.733,1,48
2023020785,2024-02-06,CAR,8481611,1.801,3,19
2023020785,2024-02-06,VAN,8477967,2.888,2,24
2023020786,2024-02-06,FLA,8476932,2.883,2,25
2023020786,2024-02-06,PHI,8481035,2.508,1,21
2023020787,2024-02-06,NJD,8477970,3.177,3,38
2023020787,2024-02-06,COL,8481020,3.325,4,30
2023020788,2024-02-06,PIT,8477465,2.666,0,23
2023020788,2024-02-06,WPG,8476945,2.812,3,27
2023020789,2024-02-06,WSH,8475311,1.204,2,17
2023020789,2024-02-06,WSH,8479292,0.553,3,9
2023020789,2024-02-06,MTL,8478470,3.089,2,39
2023020790,2024-02-06,VGK,8478499,3.730,1,31
2023020790,2024-02-06,EDM,8479973,1.654,2,25
2023020791,2024-02-07,NYR,8471734,1.958,1,18
2023020791,2024-02-07,TBL,8476883,2.218,2,23
2023020792,2024-02-07,TOR,8478492,2.775,4,31
2023020792,2024-02-07,DAL,8475809,2.924,5,31
2023020793,2024-02-07,CHI,8475852,2.927,2,25
2023020793,2024-02-07,MIN,8479406,1.929,1,21
2023020794,2024-02-08,BOS,8476999,1.755,0,17
2023020794,2024-02-08,VAN,8477967,2.301,4,24
2023020795,2024-02-08,FLA,8475683,2.126,2,23
2023020795,2024-02-08,WSH,8475311,4.788,3,40
2023020796,2024-02-08,NJD,8477970,2.683,4,29
2023020796,2024-02-08,CGY,8474593,3.181,3,40
2023020797,2024-02-08,PHI,8481035,3.690,1,29
2023020797,2024-02-08,WPG,8476316,2.102,4,21
2023020798,2024-02-08,NYI,8478009,2.255,2,20
2023020798,2024-02-08,TBL,8477992,2.270,6,24
2023020799,2024-02-08,CAR,8477293,0.870,0,9
2023020799,2024-02-08,CAR,8481611,1.726,2,18
2023020799,2024-02-08,COL,8480382,3.820,4,27
2023020800,2024-02-08,ARI,8478872,1.828,0,28
2023020800,2024-02-08,ARI,8478971,0.376,3,6
2023020800,2024-02-08,VGK,8478499,2.415,2,22
2023020801,2024-02-09,MIN,8470594,3.019,2,36
2023020801,2024-02-09,PIT,8477968,3.302,3,30
2023020802,2024-02-09,CHI,8475852,3.102,4,35
2023020802,2024-02-09,NYR,8478048,3.043,3,31
2023020803,2024-02-09,ANA,8476434,2.308,2,21
2023020803,2024-02-09,ANA,8480843,1.147,2,10
2023020803,2024-02-09,EDM,8475717,1.862,3,27
2023020804,2024-02-10,BUF,8480045,2.739,3,26
2023020804,2024-02-10,STL,8480981,2.786,1,35
2023020805,2024-02-10,DET,8479312,3.050,3,31
2023020805,2024-02-10,VAN,8479193,2.471,4,28
2023020806,2024-02-10,MTL,8478470,3.492,3,38
2023020806,2024-02-10,DAL,8479979,2.326,2,20
2023020807,2024-02-10,NYI,8473575,1.527,3,22
2023020807,2024-02-10,CGY,8474593,3.342,2,36
2023020808,2024-02-10,BOS,8480280,2.683,2,28
2023020808,2024-02-10,WSH,8479292,1.856,0,18
2023020809,2024-02-10,FLA,8475683,2.498,0,34
2023020809,2024-02-10,COL,8480382,4.673,4,41
2023020810,2024-02-10,CAR,8481611,2.719,0,34
2023020810,2024-02-10,NJD,8477970,3.134,1,32
2023020811,2024-02-10,CBJ,8478007,3.045,3,36
2023020811,2024-02-10,TBL,8476883,4.647,2,35
2023020812,2024-02-10,OTT,8476914,3.973,3,35
2023020812,2024-02-10,TOR,8474889,3.342,4,31
2023020813,2024-02-10,PHI,8477361,1.406,2,19
2023020813,2024-02-10,SEA,8478916,3.221,3,38
2023020814,2024-02-10,WPG,8476945,3.099,1,36
2023020814,2024-02-10,PIT,8477465,2.750,2,31
2023020815,2024-02-10,NSH,8477424,2.086,4,31
2023020815,2024-02-10,ARI,8478971,3.632,5,37
2023020816,2024-02-10,LAK,8479496,2.983,0,26
2023020816,2024-02-10,EDM,8479973,2.845,3,25
2023020817,2024-02-11,MTL,8474596,3.159,7,36
2023020817,2024-02-11,STL,8476412,3.490,2,32
2023020818,2024-02-11,WSH,8475311,3.165,3,29
2023020818,2024-02-11,VAN,8477967,3.604,2,33
2023020819,2024-02-12,NJD,8482076,2.481,1,28
2023020819,2024-02-12,SEA,8478916,3.679,3,37
2023020820,2024-02-12,NYR,8478048,2.658,0,29
2023020820,2024-02-12,CGY,8474593,3.217,1,30
2023020821,2024-02-12,PHI,8481035,2.348,3,23
2023020821,2024-02-12,ARI,8478872,2.841,4,33
2023020822,2024-02-12,VGK,8478499,2.895,4,28
2023020822,2024-02-12,MIN,8479406,2.289,3,30
2023020823,2024-02-13,BOS,8476999,2.832,2,25
2023020823,2024-02-13,TBL,8476883,3.711,2,38
2023020824,2024-02-13,BUF,8480045,3.317,0,33
2023020824,2024-02-13,LAK,8475660,0.642,2,7
2023020824,2024-02-13,LAK,8479496,2.184,5,17
2023020825,2024-02-13,MTL,8480051,1.845,0,13
2023020825,2024-02-13,ANA,8480843,4.113,5,38
2023020826,2024-02-13,OTT,8476341,4.681,3,40
2023020826,2024-02-13,CBJ,8480193,3.407,5,29
2023020827,2024-02-13,TOR,8478492,1.572,1,15
2023020827,2024-02-13,STL,8476412,3.654,3,31
2023020828,2024-02-13,WSH,8479292,2.222,4,35
2023020828,2024-02-13,COL,8480382,2.927,3,27
2023020829,2024-02-13,NYI,8478009,2.381,1,30
2023020829,2024-02-13,SEA,8475831,2.037,1,27
2023020830,2024-02-13,DAL,8479979,3.522,2,34
2023020830,2024-02-13,CAR,8481611,1.889,3,22
2023020831,2024-02-13,NSH,8477424,4.766,3,46
2023020831,2024-02-13,NJD,8482076,3.067,2,32
2023020832,2024-02-13,CHI,8475852,4.160,4,38
2023020832,2024-02-13,VAN,8477967,2.447,2,24
2023020833,2024-02-13,EDM,8479973,3.990,4,38
2023020833,2024-02-13,DET,8478024,0.534,1,7
2023020833,2024-02-13,DET,8479312,2.224,7,29
2023020834,2024-02-14,PIT,8477465,2.495,5,23
2023020834,2024-02-14,FLA,8475683,2.780,2,27
2023020835,2024-02-14,WPG,8476945,1.200,0,17
2023020835,2024-02-14,SJS,8478039,3.707,1,39
2023020836,2024-02-14,ARI,8478872,0.851,1,13
2023020836,2024-02-14,ARI,8478971,2.763,2,30
2023020836,2024-02-14,MIN,8470594,3.631,1,26
2023020837,2024-02-15,BOS,8480280,1.567,3,25
2023020837,2024-02-15,SEA,8478916,4.008,1,37
2023020838,2024-02-15,BUF,8477480,3.172,3,29
2023020838,2024-02-15,FLA,8476932,3.051,0,45
2023020839,2024-02-15,NJD,8482076,3.245,2,29
2023020839,2024-02-15,LAK,8479496,2.757,1,27
2023020840,2024-02-15,NYR,8471734,3.553,4,36
2023020840,2024-02-15,MTL,8478470,2.488,7,31
2023020841,2024-02-15,OTT,8476914,1.565,5,20
2023020841,2024-02-15,ANA,8476434,1.559,0,15
2023020841,2024-02-15,ANA,8480843,1.536,1,19
2023020842,2024-02-15,TBL,8476883,2.770,3,31
2023020842,2024-02-15,COL,8481020,3.369,4,37
2023020843,2024-02-15,TOR,8478492,3.291,3,32
2023020843,2024-02-15,PHI,8481035,2.874,4,28
2023020844,2024-02-15,STL,8476412,3.920,3,38
2023020844,2024-02-15,EDM,8479973,3.680,5,29
2023020845,2024-02-15,CHI,8482821,2.149,3,26
2023020845,2024-02-15,PIT,8477968,1.786,1,28
2023020846,2024-02-15,CGY,8481692,2.146,6,31
2023020846,2024-02-15,SJS,8478406,3.894,3,34
2023020847,2024-02-15,NSH,8477424,1.828,4,18
2023020847,2024-02-15,NSH,8480947,2.332,5,23
2023020847,2024-02-15,DAL,8475809,0.200,0,7
2023020847,2024-02-15,DAL,8479979,1.445,2,22
2023020848,2024-02-15,VAN,8477967,3.301,1,28
2023020848,2024-02-15,DET,8479312,2.049,4,21
2023020849,2024-02-16,ARI,8478872,2.411,5,26
2023020849,2024-02-16,ARI,8480191,0.567,0,4
2023020849,2024-02-16,CAR,8481611,2.283,1,31
2023020850,2024-02-17,DAL,8479979,2.519,4,24
2023020850,2024-02-17,EDM,8475717,2.087,3,27
2023020851,2024-02-17,CHI,8475852,3.617,2,42
2023020851,2024-02-17,OTT,8476914,1.805,3,22
2023020852,2024-02-17,CGY,8474593,1.182,4,12
2023020852,2024-02-17,CGY,8478435,0.695,1,9
2023020852,2024-02-17,DET,8473503,3.974,0,38
2023020853,2024-02-17,BOS,8476999,3.029,5,35
2023020853,2024-02-17,LAK,8479496,3.453,4,32
2023020854,2024-02-17,MIN,8479406,3.022,3,28
2023020854,2024-02-17,BUF,8480045,2.736,2,32
2023020855,2024-02-17,STL,8476412,2.559,4,32
2023020855,2024-02-17,NSH,8477424,3.230,2,37
2023020856,2024-02-17,TBL,8476883,1.543,6,22
2023020856,2024-02-17,TBL,8477992,0.952,3,8
2023020856,2024-02-17,FLA,8475683,2.794,2,30
2023020857,2024-02-17,MTL,8474596,4.478,4,34
2023020857,2024-02-17,WSH,8475311,3.297,3,31
2023020858,2024-02-17,TOR,8474889,2.191,2,21
2023020858,2024-02-17,ANA,8476434,1.431,5,14
2023020858,2024-02-17,ANA,8480843,1.671,4,18
2023020859,2024-02-17,NJD,8482076,3.559,3,48
2023020859,2024-02-17,PHI,8481035,4.844,5,39
2023020860,2024-02-17,VAN,8477967,2.362,4,28
2023020860,2024-02-17,WPG,8476945,4.266,2,37
2023020861,2024-02-17,SJS,8478039,3.835,4,41
2023020861,2024-02-17,CBJ,8478007,2.960,3,31
2023020862,2024-02-17,VGK,8478499,2.547,3,28
2023020862,2024-02-17,CAR,8477484,3.344,1,30
2023020863,2024-02-18,NYI,8478009,3.621,6,38
2023020863,2024-02-18,NYR,8478048,2.975,5,41
2023020864,2024-02-18,COL,8480382,2.706,3,30
2023020864,2024-02-18,ARI,8478872,3.769,4,37
2023020865,2024-02-18,PIT,8477465,3.078,2,34
2023020865,2024-02-18,LAK,8475660,2.364,1,30
2023020866,2024-02-19,BUF,8480045,1.454,4,14
2023020866,2024-02-19,ANA,8476434,3.840,3,37
2023020867,2024-02-19,BOS,8480280,3.561,3,46
2023020867,2024-02-19,DAL,8479979,3.636,3,30
2023020868,2024-02-19,STL,8480981,2.032,3,28
2023020868,2024-02-19,TOR,8478492,2.239,2,21
2023020869,2024-02-19,MIN,8470594,1.075,2,8
2023020869,2024-02-19,MIN,8479406,1.702,5,16
2023020869,2024-02-19,VAN,8479193,3.000,8,25
2023020870,2024-02-19,SEA,8478916,2.204,4,32
2023020870,2024-02-19,DET,8479312,3.795,3,41
2023020871,2024-02-19,ARI,8480191,2.371,5,25
2023020871,2024-02-19,EDM,8479973,2.464,3,25
2023020872,2024-02-19,CGY,8474593,3.125,3,31
2023020872,2024-02-19,WPG,8476945,2.588,5,33
2023020873,2024-02-19,SJS,8478406,3.432,4,26
2023020873,2024-02-19,VGK,8480313,2.475,0,29
2023020874,2024-02-19,CAR,8477484,1.880,3,17
2023020874,2024-02-19,CHI,8475852,4.344,5,41
2023020875,2024-02-19,TBL,8476883,2.158,4,28
2023020875,2024-02-19,OTT,8476341,2.663,2,25
2023020876,2024-02-20,FLA,8475683,3.020,2,30
2023020876,2024-02-20,OTT,8476914,3.544,3,34
2023020877,2024-02-20,NYR,8478048,3.589,1,42
2023020877,2024-02-20,DAL,8475809,2.367,2,25
2023020878,2024-02-20,PIT,8477968,2.515,5,33
2023020878,2024-02-20,NYI,8478009,3.634,4,41
2023020879,2024-02-20,WSH,8479292,3.975,2,39
2023020879,2024-02-20,NJD,8482076,3.022,6,26
2023020880,2024-02-20,WPG,8476316,4.512,3,39
2023020880,2024-02-20,MIN,8470594,3.042,5,29
2023020881,2024-02-20,COL,8480382,1.821,1,25
2023020881,2024-02-20,VAN,8477967,2.593,2,26
2023020882,2024-02-20,VGK,8478499,3.119,4,39
2023020882,2024-02-20,NSH,8480947,2.162,3,26
2023020883,2024-02-20,LAK,8475660,2.950,1,33
2023020883,2024-02-20,CBJ,8478007,3.108,5,35
2023020884,2024-02-21,MTL,8478470,2.148,3,23
2023020884,2024-02-21,BUF,8480045,2.784,2,31
2023020885,2024-02-21,CHI,8482821,2.473,3,33
2023020885,2024-02-21,PHI,8481035,2.407,1,22
2023020886,2024-02-21,ANA,8476434,1.968,6,26
2023020886,2024-02-21,CBJ,8478007,0.465,2,2
2023020886,2024-02-21,CBJ,8480193,2.157,2,29
2023020887,2024-02-21,ARI,8478872,3.934,6,36
2023020887,2024-02-21,TOR,8478492,2.603,3,26
2023020888,2024-02-21,EDM,8479973,4.337,6,36
2023020888,2024-02-21,BOS,8480280,4.873,5,42
2023020889,2024-02-22,CAR,8481611,4.023,0,45
2023020889,2024-02-22,FLA,8475683,2.662,1,29
2023020890,2024-02-22,DET,8479312,2.944,1,31
2023020890,2024-02-22,COL,8481020,3.682,2,30
2023020891,2024-02-22,NJD,8482076,2.252,5,18
2023020891,2024-02-22,NYR,8478048,3.606,1,40
2023020892,2024-02-22,OTT,8476341,1.517,1,15
2023020892,2024-02-22,DAL,8475809,1.870,1,19
2023020892,2024-02-22,DAL,8479979,1.474,3,11
2023020893,2024-02-22,PIT,8477465,2.879,1,31
2023020893,2024-02-22,MTL,8480051,2.386,3,26
2023020894,2024-02-22,TBL,8476883,2.179,4,23
2023020894,2024-02-22,WSH,8479292,2.656,3,32
2023020895,2024-02-22,STL,8476412,3.496,0,38
2023020895,2024-02-22,NYI,8473575,1.669,3,24
2023020896,2024-02-22,CGY,8474593,3.839,2,34
2023020896,2024-02-22,BOS,8476999,3.200,3,30
2023020897,2024-02-22,SEA,8475831,1.331,2,21
2023020897,2024-02-22,VAN,8477967,2.381,4,30
2023020898,2024-02-22,VGK,8478499,1.707,3,20
2023020898,2024-02-22,VGK,8480313,1.975,4,22
2023020898,2024-02-22,TOR,8474889,1.982,3,26
2023020899,2024-02-22,LAK,8479496,1.848,2,19
2023020899,2024-02-22,NSH,8477424,2.473,1,28
2023020900,2024-02-23,CBJ,8480193,2.915,2,37
2023020900,2024-02-23,BUF,8480045,2.732,1,26
2023020901,2024-02-23,CHI,8475852,2.392,3,31
2023020901,2024-02-23,WPG,8476945,3.404,2,35
2023020902,2024-02-23,EDM,8475717,2.985,3,19
2023020902,2024-02-23,MIN,8479406,4.481,2,43
2023020903,2024-02-24,NJD,8482076,2.792,3,26
2023020903,2024-02-24,MTL,8474596,2.593,4,24
2023020904,2024-02-24,NYI,8478009,1.999,3,20
2023020904,2024-02-24,TBL,8476883,3.268,2,34
2023020905,2024-02-24,PHI,8481035,1.859,2,24
2023020905,2024-02-24,NYR,8478048,3.463,1,40
2023020906,2024-02-24,FLA,8476932,2.910,2,24
2023020906,2024-02-24,WSH,8479292,2.909,3,29
2023020907,2024-02-24,CAR,8481611,1.183,2,16
2023020907,2024-02-24,DAL,8479979,2.060,1,21
2023020908,2024-02-24,COL,8480382,2.552,4,30
2023020908,2024-02-24,TOR,8478492,2.792,3,29
2023020909,2024-02-24,DET,8479312,2.153,1,23
2023020909,2024-02-24,STL,8476412,1.448,4,14
2023020909,2024-02-24,STL,8480981,2.693,2,20
2023020910,2024-02-24,OTT,8476341,2.630,3,29
2023020910,2024-02-24,VGK,8480313,3.078,3,33
2023020911,2024-02-24,VAN,8477967,2.463,2,25
2023020911,2024-02-24,BOS,8480280,3.525,3,39
2023020912,2024-02-24,EDM,8479973,2.689,5,30
2023020912,2024-02-24,CGY,8478435,4.217,3,35
2023020913,2024-02-24,SEA,8475831,1.827,1,18
2023020913,2024-02-24,SEA,8478916,1.393,4,13
2023020913,2024-02-24,MIN,8470594,3.447,2,32
2023020914,2024-02-24,SJS,8478039,3.374,3,34
2023020914,2024-02-24,NSH,8477424,1.976,2,25
2023020915,2024-02-24,LAK,8479496,2.363,2,24
2023020915,2024-02-24,ANA,8476434,4.384,2,50
2023020916,2024-02-25,NJD,8481033,2.755,3,26
2023020916,2024-02-25,TBL,8477992,2.362,1,19
2023020917,2024-02-25,PIT,8477465,1.928,6,21
2023020917,2024-02-25,PHI,8477361,2.911,7,32
2023020918,2024-02-25,BUF,8480045,3.085,2,32
2023020918,2024-02-25,CAR,8477484,3.019,2,32
2023020919,2024-02-25,CBJ,8478007,3.646,2,40
2023020919,2024-02-25,NYR,8471734,4.258,4,41
2023020920,2024-02-25,CHI,8475852,2.004,3,31
2023020920,2024-02-25,DET,8473503,3.708,2,36
2023020921,2024-02-25,WPG,8476945,3.051,3,32
2023020921,2024-02-25,ARI,8478971,2.295,4,32
2023020922,2024-02-25,ANA,8480843,1.699,3,28
2023020922,2024-02-25,NSH,8480947,2.820,2,31
2023020923,2024-02-26,WSH,8475311,1.617,3,21
2023020923,2024-02-26,OTT,8476341,0.965,4,10
2023020923,2024-02-26,OTT,8476914,1.625,2,10
2023020924,2024-02-26,DAL,8475809,2.794,3,28
2023020924,2024-02-26,NYI,8478009,3.185,2,32
2023020925,2024-02-26,EDM,8479973,3.183,2,40
2023020925,2024-02-26,LAK,8479496,3.005,4,31
2023020926,2024-02-26,SEA,8475831,3.233,3,32
2023020926,2024-02-26,BOS,8476999,2.253,3,27
2023020927,2024-02-27,DET,8479312,3.360,3,21
2023020927,2024-02-27,WSH,8479292,3.477,8,31
2023020928,2024-02-27,FLA,8475683,2.012,2,30
2023020928,2024-02-27,BUF,8480045,3.087,3,37
2023020929,2024-02-27,MTL,8478470,3.646,2,38
2023020929,2024-02-27,ARI,8478971,2.069,3,20
2023020930,2024-02-27,PHI,8481035,2.663,2,22
2023020930,2024-02-27,TBL,8476883,1.340,4,29
2023020931,2024-02-27,TOR,8478492,3.366,5,31
2023020931,2024-02-27,VGK,8478499,2.551,2,30
2023020932,2024-02-27,MIN,8479406,2.636,3,28
2023020932,2024-02-27,CAR,8481611,2.638,2,30
2023020933,2024-02-27,NSH,8477424,2.086,1,25
2023020933,2024-02-27,OTT,8476914,3.222,4,36
2023020934,2024-02-27,WPG,8476316,3.853,2,38
2023020934,2024-02-27,STL,8480981,2.908,4,32
2023020935,2024-02-27,CGY,8474593,2.116,2,23
2023020935,2024-02-27,LAK,8475660,2.918,3,36
2023020936,2024-02-27,COL,8480382,2.607,1,34
2023020936,2024-02-27,DAL,8479979,2.093,5,27
2023020937,2024-02-27,VAN,8477967,3.549,4,40
2023020937,2024-02-27,PIT,8477465,3.543,3,35
2023020938,2024-02-27,SJS,8478039,3.431,7,31
2023020938,2024-02-27,SJS,8478406,1.763,0,13
2023020938,2024-02-27,NJD,8482076,2.829,2,31
2023020939,2024-02-28,NYR,8478048,3.225,1,31
2023020939,2024-02-28,CBJ,8478007,2.389,2,28
2023020940,2024-02-28,EDM,8479973,2.386,2,34
2023020940,2024-02-28,STL,8476412,3.228,3,36
2023020941,2024-02-29,BOS,8480280,3.278,4,36
2023020941,2024-02-29,VGK,8478499,2.490,5,32
2023020942,2024-02-29,CBJ,8480193,2.794,3,32
2023020942,2024-02-29,CAR,8477484,2.142,2,22
2023020943,2024-02-29,DET,8479312,2.572,4,26
2023020943,2024-02-29,NYI,8478009,2.391,3,25
2023020944,2024-02-29,FLA,8476932,3.372,3,31
2023020944,2024-02-29,MTL,8478470,3.651,3,35
2023020945,2024-02-29,TBL,8476883,2.121,3,23
2023020945,2024-02-29,BUF,8480045,2.041,2,23
2023020946,2024-02-29,TOR,8479361,3.681,2,32
2023020946,2024-02-29,ARI,8478971,2.451,3,25
2023020947,2024-02-29,DAL,8479979,1.960,1,26
2023020947,2024-02-29,WPG,8476945,5.113,3,35
2023020948,2024-02-29,NSH,8477424,2.356,1,34
2023020948,2024-02-29,MIN,8479406,2.342,6,31
2023020949,2024-02-29,CHI,8475852,3.184,5,33
2023020949,2024-02-29,COL,8481020,1.405,0,24
2023020950,2024-02-29,SEA,8475831,2.889,0,33
2023020950,2024-02-29,PIT,8477465,2.063,2,28
2023020951,2024-02-29,VAN,8477967,2.031,5,20
2023020951,2024-02-29,LAK,8475660,2.018,1,24
2023020952,2024-02-29,SJS,8478039,2.545,5,29
2023020952,2024-02-29,ANA,8476434,3.270,4,28
2023020953,2024-03-01,OTT,8476341,2.946,4,29
2023020953,2024-03-01,ARI,8478872,3.743,3,37
2023020954,2024-03-01,WSH,8479292,1.810,2,23
2023020954,2024-03-01,PHI,8481035,2.442,5,21
2023020955,2024-03-01,ANA,8480843,4.738,3,55
2023020955,2024-03-01,NJD,8481033,0.620,0,9
2023020955,2024-03-01,NJD,8482076,0.950,4,14
2023020956,2024-03-02,CAR,8481611,2.727,4,31
2023020956,2024-03-02,WPG,8476945,3.304,3,35
2023020957,2024-03-02,NYI,8478009,1.714,1,23
2023020957,2024-03-02,BOS,8476999,2.695,5,26
2023020958,2024-03-02,SEA,8475831,2.202,2,24
2023020958,2024-03-02,EDM,8479973,2.802,1,25
2023020959,2024-03-02,NSH,8477424,1.650,1,26
2023020959,2024-03-02,COL,8480382,2.825,4,34
2023020960,2024-03-02,BUF,8480045,2.031,2,24
2023020960,2024-03-02,VGK,8480313,2.773,7,35
2023020961,2024-03-02,DET,8479312,4.536,4,37
2023020961,2024-03-02,FLA,8475683,1.980,0,21
2023020962,2024-03-02,PHI,8478433,2.543,2,26
2023020962,2024-03-02,OTT,8481544,3.337,3,39
2023020963,2024-03-02,TBL,8476883,2.869,3,31
2023020963,2024-03-02,MTL,8480051,2.989,3,29
2023020964,2024-03-02,TOR,8478492,3.579,3,35
2023020964,2024-03-02,NYR,8478048,3.417,3,34
2023020965,2024-03-02,CHI,8482821,2.399,4,30
2023020965,2024-03-02,CBJ,8478007,2.994,2,28
2023020966,2024-03-02,DAL,8479979,2.042,2,23
2023020966,2024-03-02,SJS,8480992,5.014,2,38
2023020967,2024-03-02,STL,8476412,2.076,1,22
2023020967,2024-03-02,MIN,8470594,2.238,2,26
2023020968,2024-03-02,CGY,8474593,2.862,3,30
2023020968,2024-03-02,PIT,8477465,2.274,4,20
2023020969,2024-03-03,WSH,8479292,3.204,4,27
2023020969,2024-03-03,ARI,8478872,2.988,2,26
2023020970,2024-03-03,LAK,8475660,2.444,1,31
2023020970,2024-03-03,NJD,8481033,1.209,0,9
2023020970,2024-03-03,NJD,8482076,1.008,4,13
2023020971,2024-03-03,BUF,8480045,2.048,3,33
2023020971,2024-03-03,WPG,8476316,2.155,2,19
2023020972,2024-03-03,MIN,8479406,1.173,3,15
2023020972,2024-03-03,SJS,8478039,2.379,4,32
2023020973,2024-03-03,ANA,8480843,2.199,2,31
2023020973,2024-03-03,VAN,8479193,1.304,1,18
2023020974,2024-03-03,EDM,8475717,2.511,1,23
2023020974,2024-03-03,PIT,8477968,3.634,6,37
2023020975,2024-03-04,CBJ,8480193,3.049,3,39
2023020975,2024-03-04,VGK,8478499,2.957,5,32
2023020976,2024-03-04,NYR,8478048,2.798,3,29
2023020976,2024-03-04,FLA,8475683,2.633,2,28
2023020977,2024-03-04,PHI,8481035,2.346,1,25
2023020977,2024-03-04,STL,8476412,3.697,1,42
2023020978,2024-03-04,TOR,8479361,2.740,4,27
2023020978,2024-03-04,BOS,8480280,3.469,1,33
2023020979,2024-03-04,COL,8481020,2.941,0,37
2023020979,2024-03-04,CHI,8475852,2.830,5,37
2023020980,2024-03-04,CGY,8474593,3.033,4,30
2023020980,2024-03-04,SEA,8475831,3.397,2,37
2023020981,2024-03-05,BOS,8476999,2.457,2,26
2023020981,2024-03-05,EDM,8479973,1.783,1,25
2023020982,2024-03-05,NJD,8481033,2.521,4,30
2023020982,2024-03-05,FLA,8476932,2.866,3,24
2023020983,2024-03-05,PIT,8477465,2.770,3,35
2023020983,2024-03-05,CBJ,8482982,3.015,5,31
2023020984,2024-03-05,NYI,8478009,1.252,2,21
2023020984,2024-03-05,STL,8480981,3.169,3,32
2023020985,2024-03-05,NSH,8477424,2.326,4,30
2023020985,2024-03-05,MTL,8474596,3.453,3,28
2023020986,2024-03-05,WPG,8476945,1.557,4,24
2023020986,2024-03-05,SEA,8478916,2.487,3,33
2023020987,2024-03-05,ARI,8478971,3.098,4,31
2023020987,2024-03-05,CHI,8482821,2.810,2,39
2023020988,2024-03-05,LAK,8475660,2.969,2,31
2023020988,2024-03-05,VAN,8477967,1.504,1,24
2023020989,2024-03-05,SJS,8478039,3.290,7,40
2023020989,2024-03-05,DAL,8479979,2.554,6,20
2023020990,2024-03-06,TOR,8478492,2.975,1,25
2023020990,2024-03-06,BUF,8480045,3.126,2,27
2023020991,2024-03-06,COL,8480382,2.322,2,29
2023020991,2024-03-06,DET,8473503,1.448,2,14
2023020991,2024-03-06,DET,8479312,3.484,5,40
2023020992,2024-03-06,ANA,8480843,3.288,1,30
2023020992,2024-03-06,OTT,8481544,1.212,2,16
2023020993,2024-03-07,BOS,8480280,2.352,1,29
2023020993,2024-03-07,TOR,8479361,2.917,4,25
2023020994,2024-03-07,CAR,8475883,2.373,1,25
2023020994,2024-03-07,MTL,8478470,4.587,3,38
2023020995,2024-03-07,CBJ,8480193,3.125,2,31
2023020995,2024-03-07,EDM,8475717,1.886,3,33
2023020996,2024-03-07,FLA,8475683,2.244,2,26
2023020996,2024-03-07,PHI,8481035,1.897,1,30
2023020997,2024-03-07,NJD,8482076,3.450,1,24
2023020997,2024-03-07,STL,8476412,2.206,3,32
2023020998,2024-03-07,PIT,8477465,2.071,4,22
2023020998,2024-03-07,PIT,8477968,0.986,2,7
2023020998,2024-03-07,WSH,8479292,4.118,0,39
2023020999,2024-03-07,TBL,8476883,2.323,5,23
2023020999,2024-03-07,CGY,8474593,2.305,3,22
2023021000,2024-03-07,NSH,8477424,1.988,2,28
2023021000,2024-03-07,BUF,8477480,2.837,4,24
2023021001,2024-03-07,ARI,8478872,2.761,3,26
2023021001,2024-03-07,MIN,8470594,2.827,2,25
2023021002,2024-03-07,VGK,8478499,2.952,3,35
2023021002,2024-03-07,VAN,8477967,1.903,1,28
2023021003,2024-03-07,LAK,8475660,2.544,3,31
2023021003,2024-03-07,OTT,8476914,2.865,4,35
2023021004,2024-03-07,SJS,8480992,2.276,7,33
2023021004,2024-03-07,NYI,8478009,2.248,2,25
2023021005,2024-03-08,ARI,8478971,2.801,0,28
2023021005,2024-03-08,DET,8479312,2.071,4,24
2023021006,2024-03-08,COL,8480382,3.933,1,30
2023021006,2024-03-08,MIN,8479406,3.849,2,40
2023021007,2024-03-08,ANA,8476434,2.801,6,36
2023021007,2024-03-08,DAL,8479979,2.754,2,27
2023021008,2024-03-08,SEA,8478916,2.235,2,31
2023021008,2024-03-08,WPG,8476316,1.706,0,17
2023021009,2024-03-09,BUF,8480045,3.035,2,32
2023021009,2024-03-09,EDM,8479973,3.525,2,27
2023021010,2024-03-09,CBJ,8480193,3.640,2,49
2023021010,2024-03-09,NSH,8480947,3.764,1,34
2023021011,2024-03-09,NJD,8482076,2.331,2,24
2023021011,2024-03-09,CAR,8481611,2.306,2,25
2023021012,2024-03-09,BOS,8476999,2.716,1,39
2023021012,2024-03-09,PIT,8477968,3.025,5,23
2023021013,2024-03-09,FLA,8476932,4.352,1,35
2023021013,2024-03-09,CGY,8474593,3.620,5,31
2023021014,2024-03-09,MTL,8478470,2.043,3,27
2023021014,2024-03-09,TOR,8478492,2.030,2,31
2023021015,2024-03-09,SJS,8480992,2.895,1,32
2023021015,2024-03-09,OTT,8476914,2.550,2,21
2023021016,2024-03-09,TBL,8476883,1.997,0,25
2023021016,2024-03-09,PHI,8478433,1.465,3,11
2023021016,2024-03-09,PHI,8481035,1.435,4,15
2023021017,2024-03-09,WSH,8479292,3.276,1,32
2023021017,2024-03-09,CHI,8475852,2.386,4,26
2023021018,2024-03-09,NYR,8478048,1.992,0,26
2023021018,2024-03-09,STL,8476412,3.864,4,39
2023021019,2024-03-09,VAN,8477967,1.485,0,12
2023021019,2024-03-09,VAN,8479193,0.586,0,10
2023021019,2024-03-09,WPG,8476945,3.753,5,37
2023021020,2024-03-09,VGK,8478499,2.491,3,26
2023021020,2024-03-09,DET,8473503,4.261,4,35
2023021021,2024-03-09,LAK,8475660,2.630,3,34
2023021021,2024-03-09,DAL,8475809,1.837,1,25
2023021022,2024-03-10,PIT,8477465,3.634,4,42
2023021022,2024-03-10,EDM,8475717,3.808,0,41
2023021023,2024-03-10,MIN,8470594,2.610,3,30
2023021023,2024-03-10,NSH,8477424,2.648,4,33
2023021024,2024-03-10,CAR,8475883,2.268,2,20
2023021024,2024-03-10,CGY,8478435,3.414,7,40
2023021025,2024-03-10,CHI,8482821,2.831,4,36
2023021025,2024-03-10,ARI,8478971,4.105,6,40
2023021026,2024-03-10,ANA,8480843,2.409,6,19
2023021026,2024-03-10,NYI,8473575,1.857,1,23
2023021027,2024-03-11,BOS,8480280,2.116,4,21
2023021027,2024-03-11,STL,8480981,4.193,1,37
2023021028,2024-03-11,NYR,8471734,2.068,1,20
2023021028,2024-03-11,NJD,8478039,2.756,2,25
2023021029,2024-03-11,WPG,8476945,1.463,0,23
2023021029,2024-03-11,WSH,8479292,3.006,3,29
2023021030,2024-03-11,LAK,8479496,1.691,0,26
2023021030,2024-03-11,NYI,8478009,1.957,2,24
2023021031,2024-03-12,BUF,8480045,2.706,3,24
2023021031,2024-03-12,DET,8473503,2.117,3,26
2023021031,2024-03-12,DET,8479312,1.147,4,13
2023021032,2024-03-12,CAR,8481611,2.139,1,24
2023021032,2024-03-12,NYR,8478048,3.104,0,28
2023021033,2024-03-12,MTL,8480051,4.240,0,41
2023021033,2024-03-12,CBJ,8478007,0.517,3,4
2023021033,2024-03-12,CBJ,8480193,1.825,0,19
2023021034,2024-03-12,OTT,8476914,3.375,1,35
2023021034,2024-03-12,PIT,8477465,3.959,2,39
2023021035,2024-03-12,PHI,8481035,2.693,2,29
2023021035,2024-03-12,SJS,8480992,3.566,3,41
2023021036,2024-03-12,DAL,8479979,2.373,4,30
2023021036,2024-03-12,FLA,8475683,3.532,3,30
2023021037,2024-03-12,MIN,8470594,1.488,1,23
2023021037,2024-03-12,ARI,8478872,4.229,2,29
2023021038,2024-03-12,CHI,8475852,2.098,2,29
2023021038,2024-03-12,ANA,8476434,3.201,6,26
2023021038,2024-03-12,ANA,8480843,0.711,1,5
2023021039,2024-03-12,CGY,8478435,2.539,6,35
2023021039,2024-03-12,CGY,8481692,0.143,0,3
2023021039,2024-03-12,COL,8481020,1.721,2,27
2023021040,2024-03-12,SEA,8475831,3.250,5,34
2023021040,2024-03-12,VGK,8478499,2.837,4,30
2023021041,2024-03-13,STL,8476412,3.229,1,41
2023021041,2024-03-13,LAK,8475660,2.252,3,30
2023021042,2024-03-13,WPG,8476945,3.037,4,38
2023021042,2024-03-13,NSH,8477424,1.922,2,29
2023021043,2024-03-13,EDM,8479973,3.062,2,25
2023021043,2024-03-13,WSH,8475311,3.376,7,37
2023021044,2024-03-13,VAN,8479193,3.830,4,34
2023021044,2024-03-13,COL,8480382,2.070,3,21
2023021045,2024-03-14,BUF,8480045,1.675,0,21
2023021045,2024-03-14,NYI,8478009,2.213,3,36
2023021046,2024-03-14,CAR,8475883,1.667,0,21
2023021046,2024-03-14,FLA,8475683,3.332,3,34
2023021047,2024-03-14,CBJ,8478007,4.728,2,37
2023021047,2024-03-14,OTT,8476341,3.961,2,37
2023021048,2024-03-14,DET,8479312,2.284,3,26
2023021048,2024-03-14,ARI,8478971,2.104,1,29
2023021049,2024-03-14,MTL,8478470,3.345,2,24
2023021049,2024-03-14,BOS,8476999,1.779,1,19
2023021050,2024-03-14,PHI,8478433,1.605,3,15
2023021050,2024-03-14,PHI,8481035,1.744,3,12
2023021050,2024-03-14,TOR,8478492,2.673,2,28
2023021051,2024-03-14,PIT,8477465,2.670,3,32
2023021051,2024-03-14,SJS,8480992,2.404,5,30
2023021052,2024-03-14,TBL,8476883,2.173,3,28
2023021052,2024-03-14,NYR,8478048,2.198,5,27
2023021053,2024-03-14,DAL,8475809,1.349,2,10
2023021053,2024-03-14,DAL,8479979,0.994,4,10
2023021053,2024-03-14,NJD,8474596,4.202,2,37
2023021054,2024-03-14,MIN,8470594,1.083,0,16
2023021054,2024-03-14,ANA,8480843,2.549,2,31
2023021055,2024-03-14,CGY,8481692,2.262,1,29
2023021055,2024-03-14,VGK,8478499,3.551,3,36
2023021056,2024-03-14,SEA,8478916,2.334,2,23
2023021056,2024-03-14,WSH,8479292,2.018,1,24
2023021057,2024-03-15,WPG,8476316,2.131,0,21
2023021057,2024-03-15,ANA,8476434,3.757,6,38
2023021058,2024-03-15,CHI,8475852,2.495,1,23
2023021058,2024-03-15,CHI,8482821,0.831,4,14
2023021058,2024-03-15,LAK,8475660,2.366,0,28
2023021059,2024-03-16,DET,8473503,2.651,1,26
2023021059,2024-03-16,BUF,8480045,2.328,3,25
2023021060,2024-03-16,NYI,8473575,2.425,4,30
2023021060,2024-03-16,OTT,8476914,1.816,3,33
2023021061,2024-03-16,PIT,8477465,2.886,6,23
2023021061,2024-03-16,PIT,8477968,0.357,0,4
2023021061,2024-03-16,NYR,8471734,4.387,4,37
2023021062,2024-03-16,ARI,8478872,3.221,1,38
2023021062,2024-03-16,NJD,8478039,1.106,3,15
2023021062,2024-03-16,NJD,8482076,1.157,0,16
2023021063,2024-03-16,FLA,8475683,1.591,4,15
2023021063,2024-03-16,TBL,8476883,4.477,3,50
2023021064,2024-03-16,BOS,8480280,2.142,5,29
2023021064,2024-03-16,PHI,8478433,3.243,6,30
2023021065,2024-03-16,CBJ,8480193,3.692,2,41
2023021065,2024-03-16,SJS,8480992,1.532,3,19
2023021066,2024-03-16,CGY,8481692,2.968,2,38
2023021066,2024-03-16,MTL,8480051,2.334,5,28
2023021067,2024-03-16,TOR,8478492,4.182,4,40
2023021067,2024-03-16,CAR,8481611,5.516,4,40
2023021068,2024-03-16,DAL,8475809,1.842,1,28
2023021068,2024-03-16,LAK,8479496,2.019,4,29
2023021069,2024-03-16,STL,8476412,1.696,2,24
2023021069,2024-03-16,MIN,8470594,2.703,2,37
2023021070,2024-03-16,EDM,8479973,4.229,3,43
2023021070,2024-03-16,COL,8480382,3.192,2,34
2023021071,2024-03-16,SEA,8475831,2.549,3,29
2023021071,2024-03-16,NSH,8477424,2.040,1,24
2023021072,2024-03-16,VAN,8479193,2.388,2,24
2023021072,2024-03-16,WSH,8479292,1.885,1,22
2023021073,2024-03-17,NYR,8478048,2.052,2,27
2023021073,2024-03-17,NYI,8478009,2.550,5,31
2023021074,2024-03-17,VGK,8480313,1.995,1,21
2023021074,2024-03-17,NJD,8474596,2.777,2,36
2023021075,2024-03-17,CBJ,8478007,2.515,6,27
2023021075,2024-03-17,WPG,8476945,2.437,1,31
2023021076,2024-03-17,CHI,8475852,3.534,2,27
2023021076,2024-03-17,SJS,8482445,3.156,4,30
2023021077,2024-03-17,OTT,8476341,3.091,7,38
2023021077,2024-03-17,CAR,8475883,3.229,2,32
2023021078,2024-03-17,PIT,8477968,2.670,3,28
2023021078,2024-03-17,DET,8479312,3.199,5,37
2023021079,2024-03-17,STL,8480981,2.741,2,28
2023021079,2024-03-17,ANA,8480843,2.376,4,27
2023021080,2024-03-18,CGY,8481692,1.759,4,32
2023021080,2024-03-18,WSH,8479292,3.439,2,36
2023021081,2024-03-18,SEA,8475831,2.370,3,26
2023021081,2024-03-18,SEA,8478916,0.297,3,4
2023021081,2024-03-18,BUF,8480045,3.506,2,34
2023021082,2024-03-19,BOS,8476999,3.321,2,31
2023021082,2024-03-19,OTT,8476914,2.826,6,26
2023021083,2024-03-19,DET,8473503,2.467,3,35
2023021083,2024-03-19,CBJ,8480193,3.068,4,26
2023021084,2024-03-19,NJD,8474596,2.959,2,38
2023021084,2024-03-19,PIT,8477465,4.425,5,38
2023021085,2024-03-19,NYR,8478048,1.810,3,26
2023021085,2024-03-19,WPG,8476945,3.502,2,41
2023021086,2024-03-19,PHI,8481035,2.932,3,30
2023021086,2024-03-19,TOR,8478492,2.341,4,30
2023021087,2024-03-19,NYI,8478009,2.479,3,33
2023021087,2024-03-19,CAR,8481611,2.319,1,31
2023021088,2024-03-19,NSH,8477424,1.055,2,20
2023021088,2024-03-19,SJS,8480992,4.573,8,40
2023021089,2024-03-19,STL,8476412,2.475,4,35
2023021089,2024-03-19,COL,8481020,3.204,3,33
2023021090,2024-03-19,EDM,8475717,2.724,2,25
2023021090,2024-03-19,MTL,8478470,4.200,3,32
2023021091,2024-03-19,ANA,8476434,2.823,4,32
2023021091,2024-03-19,MIN,8479406,2.276,0,27
2023021092,2024-03-19,LAK,8475660,1.758,2,24
2023021092,2024-03-19,CHI,8475852,2.471,6,24
2023021093,2024-03-19,VAN,8479193,1.632,2,17
2023021093,2024-03-19,BUF,8482221,5.152,2,33
2023021094,2024-03-19,VGK,8478499,1.461,4,20
2023021094,2024-03-19,TBL,8476883,2.102,3,27
2023021095,2024-03-20,WSH,8479292,2.566,7,29
2023021095,2024-03-20,TOR,8479361,2.507,3,21
2023021096,2024-03-20,DAL,8479979,1.978,2,25
2023021096,2024-03-20,ARI,8478971,3.072,5,33
2023021097,2024-03-20,LAK,8479496,3.457,0,31
2023021097,2024-03-20,MIN,8470594,1.452,5,16
2023021097,2024-03-20,MIN,8479406,0.747,1,11
2023021098,2024-03-21,BOS,8480280,2.358,3,29
2023021098,2024-03-21,NYR,8471734,2.544,2,26
2023021099,2024-03-21,CAR,8475883,3.691,2,32
2023021099,2024-03-21,PHI,8481035,2.352,3,33
2023021100,2024-03-21,DET,8473503,3.422,3,36
2023021100,2024-03-21,NYI,8478009,2.146,5,23
2023021101,2024-03-21,FLA,8475683,2.407,3,37
2023021101,2024-03-21,NSH,8480947,2.358,0,33
2023021102,2024-03-21,NJD,8474596,2.007,1,19
2023021102,2024-03-21,WPG,8476316,3.521,3,40
2023021103,2024-03-21,OTT,8476341,2.610,4,26
2023021103,2024-03-21,STL,8480981,3.975,2,39
2023021104,2024-03-21,EDM,8479973,2.579,3,29
2023021104,2024-03-21,BUF,8480045,5.088,8,39
2023021105,2024-03-21,ANA,8480843,1.428,0,29
2023021105,2024-03-21,CHI,8482821,2.756,4,25
2023021106,2024-03-21,VAN,8479193,1.296,1,17
2023021106,2024-03-21,MTL,8478470,2.917,4,25
2023021107,2024-03-21,VGK,8480313,1.903,1,22
2023021107,2024-03-21,SEA,8475831,3.521,2,36
2023021108,2024-03-21,SJS,8478406,2.380,4,21
2023021108,2024-03-21,TBL,8476883,2.037,1,22
2023021109,2024-03-22,WSH,8475311,1.829,4,22
2023021109,2024-03-22,WSH,8479292,1.134,2,9
2023021109,2024-03-22,CAR,8481611,3.441,6,25
2023021110,2024-03-22,DAL,8479979,2.401,2,22
2023021110,2024-03-22,PIT,8477465,1.835,4,20
2023021110,2024-03-22,PIT,8477968,0.284,0,3
2023021111,2024-03-22,COL,8480382,1.810,1,24
2023021111,2024-03-22,CBJ,8478007,4.692,6,50
2023021112,2024-03-22,ARI,8478872,2.753,1,28
2023021112,2024-03-22,SEA,8478916,2.836,2,26
2023021113,2024-03-23,NYI,8473575,4.074,3,35
2023021113,2024-03-23,WPG,8476316,0.726,1,13
2023021113,2024-03-23,WPG,8476945,2.129,5,26
2023021114,2024-03-23,PHI,8481035,2.126,2,20
2023021114,2024-03-23,BOS,8476999,2.804,3,29
2023021115,2024-03-23,MIN,8470594,2.556,5,27
2023021115,2024-03-23,STL,8476412,3.223,4,34
2023021116,2024-03-23,NSH,8477424,2.155,0,22
2023021116,2024-03-23,DET,8479312,2.371,1,32
2023021117,2024-03-23,NJD,8474596,2.541,5,25
2023021117,2024-03-23,OTT,8476914,2.592,2,20
2023021118,2024-03-23,TOR,8474889,0.862,0,5
2023021118,2024-03-23,TOR,8478492,2.939,3,34
2023021118,2024-03-23,EDM,8475717,0.604,0,5
2023021118,2024-03-23,EDM,8479973,1.894,5,23
2023021119,2024-03-23,NYR,8478048,2.431,3,30
2023021119,2024-03-23,FLA,8475683,2.434,3,37
2023021120,2024-03-23,VAN,8479193,2.433,2,24
2023021120,2024-03-23,CGY,8474593,2.306,3,25
2023021121,2024-03-23,LAK,8475660,2.817,3,25
2023021121,2024-03-23,TBL,8476883,2.154,4,23
2023021122,2024-03-23,SJS,8482445,3.312,5,31
2023021122,2024-03-23,CHI,8475852,2.323,4,30
2023021123,2024-03-23,VGK,8478499,0.932,1,13
2023021123,2024-03-23,VGK,8480313,0.892,1,9
2023021123,2024-03-23,CBJ,8480193,3.420,4,47
2023021124,2024-03-24,WSH,8479292,3.040,0,27
2023021124,2024-03-24,WPG,8476945,2.080,3,19
2023021125,2024-03-24,COL,8480382,2.504,4,34
2023021125,2024-03-24,PIT,8477465,0.700,1,5
2023021125,2024-03-24,PIT,8477968,2.361,4,25
2023021126,2024-03-24,NYI,8478009,2.113,3,29
2023021126,2024-03-24,NJD,8478039,3.413,0,36
2023021127,2024-03-24,CAR,8475883,3.880,1,33
2023021127,2024-03-24,TOR,8479361,4.194,2,43
2023021128,2024-03-24,OTT,8476914,3.873,3,36
2023021128,2024-03-24,EDM,8475717,1.465,4,15
2023021129,2024-03-24,PHI,8478433,1.675,3,14
2023021129,2024-03-24,FLA,8476932,3.669,1,33
2023021130,2024-03-24,ARI,8478971,3.496,3,34
2023021130,2024-03-24,DAL,8479979,2.582,2,28
2023021131,2024-03-24,ANA,8480843,2.528,3,27
2023021131,2024-03-24,TBL,8477992,2.598,2,32
2023021132,2024-03-24,CGY,8481692,2.391,2,27
2023021132,2024-03-24,BUF,8480045,2.552,1,33
2023021133,2024-03-24,SEA,8475831,0.365,4,6
2023021133,2024-03-24,SEA,8478916,0.933,1,11
2023021133,2024-03-24,MTL,8480051,3.578,1,37
2023021134,2024-03-25,STL,8476412,3.140,2,34
2023021134,2024-03-25,VGK,8480313,2.495,1,32
2023021135,2024-03-25,VAN,8479193,1.386,3,19
2023021135,2024-03-25,LAK,8475660,2.879,2,23
2023021136,2024-03-26,FLA,8475683,1.789,4,21
2023021136,2024-03-26,BOS,8480280,2.165,3,21
2023021137,2024-03-26,NYR,8478048,3.359,5,42
2023021137,2024-03-26,PHI,8481035,1.867,6,27
2023021138,2024-03-26,PIT,8477968,2.814,1,39
2023021138,2024-03-26,CAR,8481611,1.588,2,20
2023021139,2024-03-26,TOR,8479361,2.428,5,24
2023021139,2024-03-26,NJD,8474596,3.849,3,45
2023021140,2024-03-26,WSH,8479292,3.973,3,33
2023021140,2024-03-26,DET,8479312,3.252,4,30
2023021141,2024-03-26,NSH,8477424,3.195,4,35
2023021141,2024-03-26,VGK,8480238,3.837,5,35
2023021142,2024-03-26,WPG,8476945,3.377,4,42
2023021142,2024-03-26,EDM,8479973,2.603,3,25
2023021143,2024-03-26,CHI,8475852,2.966,1,39
2023021143,2024-03-26,CGY,8474593,2.772,3,27
2023021144,2024-03-26,COL,8481020,2.273,2,27
2023021144,2024-03-26,MTL,8478470,3.120,1,28
2023021145,2024-03-26,ARI,8478872,2.579,2,27
2023021145,2024-03-26,CBJ,8478007,4.187,6,35
2023021146,2024-03-26,SEA,8478916,1.508,0,12
2023021146,2024-03-26,ANA,8476434,3.438,4,36
2023021147,2024-03-26,SJS,8478406,3.645,6,41
2023021147,2024-03-26,DAL,8475809,2.246,3,20
2023021148,2024-03-27,BUF,8480045,0.695,4,9
2023021148,2024-03-27,BUF,8482221,3.045,1,32
2023021148,2024-03-27,OTT,8476914,2.934,2,36
2023021149,2024-03-27,TBL,8476883,1.580,1,24
2023021149,2024-03-27,BOS,8476999,2.805,2,30
2023021150,2024-03-28,CAR,8475883,2.487,0,24
2023021150,2024-03-28,DET,8473503,3.601,4,33
2023021151,2024-03-28,FLA,8476932,1.595,3,24
2023021151,2024-03-28,NYI,8473575,2.509,2,28
2023021152,2024-03-28,MTL,8480051,2.868,1,30
2023021152,2024-03-28,PHI,8481035,1.911,2,15
2023021153,2024-03-28,OTT,8476341,1.794,0,19
2023021153,2024-03-28,CHI,8475852,2.369,2,34
2023021154,2024-03-28,PIT,8477968,2.128,2,19
2023021154,2024-03-28,CBJ,8480193,3.204,3,36
2023021155,2024-03-28,TOR,8479361,1.402,1,24
2023021155,2024-03-28,WSH,8479292,3.545,5,48
2023021156,2024-03-28,MIN,8479406,1.688,1,27
2023021156,2024-03-28,SJS,8478406,3.062,2,31
2023021157,2024-03-28,STL,8476412,2.818,3,28
2023021157,2024-03-28,CGY,8481692,1.715,4,18
2023021158,2024-03-28,WPG,8476945,2.255,2,25
2023021158,2024-03-28,VGK,8480313,3.334,1,40
2023021159,2024-03-28,COL,8480382,2.471,2,25
2023021159,2024-03-28,NYR,8478048,3.254,2,41
2023021160,2024-03-28,EDM,8479973,2.534,1,32
2023021160,2024-03-28,LAK,8475660,2.286,3,19
2023021161,2024-03-28,ARI,8478971,3.741,4,37
2023021161,2024-03-28,NSH,8477424,2.475,6,27
2023021161,2024-03-28,NSH,8480947,0.823,0,11
2023021162,2024-03-28,SEA,8475831,2.252,2,23
2023021162,2024-03-28,ANA,8480843,3.579,4,28
2023021163,2024-03-28,VAN,8479193,3.937,2,33
2023021163,2024-03-28,DAL,8479979,2.958,1,28
2023021164,2024-03-29,BUF,8482221,2.979,2,30
2023021164,2024-03-29,NJD,8474596,2.639,3,34
2023021165,2024-03-30,FLA,8475683,2.354,2,22
2023021165,2024-03-30,DET,8479312,3.360,2,38
2023021166,2024-03-30,MIN,8479406,2.458,1,30
2023021166,2024-03-30,VGK,8480313,3.139,1,33
2023021167,2024-03-30,EDM,8475717,1.709,1,22
2023021167,2024-03-30,ANA,8476434,4.184,6,37
2023021168,2024-03-30,ARI,8478872,2.173,6,30
2023021168,2024-03-30,NYR,8471734,2.803,5,32
2023021169,2024-03-30,COL,8480382,1.132,4,13
2023021169,2024-03-30,COL,8481020,1.823,0,22
2023021169,2024-03-30,NSH,8480947,4.008,6,41
2023021170,2024-03-30,BUF,8480045,1.833,3,22
2023021170,2024-03-30,TOR,8478492,3.252,0,34
2023021171,2024-03-30,CBJ,8478007,2.880,3,33
2023021171,2024-03-30,PIT,8477968,3.916,3,37
2023021172,2024-03-30,MTL,8478470,2.919,2,29
2023021172,2024-03-30,CAR,8481611,2.733,0,26
2023021173,2024-03-30,PHI,8481035,1.762,5,24
2023021173,2024-03-30,CHI,8482821,2.934,1,31
2023021174,2024-03-30,TBL,8476883,2.027,1,28
2023021174,2024-03-30,NYI,8473575,2.764,3,39
2023021175,2024-03-30,WPG,8476945,2.654,3,27
2023021175,2024-03-30,OTT,8476914,3.084,2,30
2023021176,2024-03-30,WSH,8479292,2.170,2,29
2023021176,2024-03-30,BOS,8480280,2.324,2,20
2023021177,2024-03-30,STL,8480981,2.186,3,19
2023021177,2024-03-30,SJS,8478406,3.052,0,35
2023021178,2024-03-30,CGY,8474593,2.050,2,18
2023021178,2024-03-30,LAK,8479496,2.819,4,35
2023021179,2024-03-30,SEA,8478916,2.785,2,29
2023021179,2024-03-30,DAL,8479979,0.942,0,17
2023021180,2024-03-31,VAN,8481668,2.493,2,22
2023021180,2024-03-31,ANA,8480843,3.231,3,30
2023021181,2024-04-01,CBJ,8480193,4.444,1,46
2023021181,2024-04-01,COL,8481020,1.757,3,24
2023021182,2024-04-01,NYR,8478048,2.273,3,18
2023021182,2024-04-01,PIT,8477968,2.229,2,30
2023021183,2024-04-01,PHI,8478905,1.766,2,21
2023021183,2024-04-01,PHI,8481035,0.335,2,6
2023021183,2024-04-01,NYI,8473575,2.095,3,34
2023021184,2024-04-01,TBL,8476883,2.236,3,31
2023021184,2024-04-01,DET,8479312,3.558,2,36
2023021185,2024-04-01,TOR,8478492,3.290,4,30
2023021185,2024-04-01,FLA,8475683,1.944,5,16
2023021185,2024-04-01,FLA,8476932,0.345,0,6
2023021186,2024-04-01,STL,8476412,3.101,2,38
2023021186,2024-04-01,EDM,8479973,3.128,3,29
2023021187,2024-04-01,WPG,8476316,1.756,3,28
2023021187,2024-04-01,LAK,8475660,2.734,4,32
2023021188,2024-04-01,SJS,8478406,3.418,3,31
2023021188,2024-04-01,SEA,8475831,2.244,2,26
2023021189,2024-04-02,BUF,8480045,2.871,2,26
2023021189,2024-04-02,WSH,8475311,0.331,0,4
2023021189,2024-04-02,WSH,8479292,2.940,6,31
2023021190,2024-04-02,MTL,8478470,4.485,3,40
2023021190,2024-04-02,FLA,8476932,4.463,5,38
2023021191,2024-04-02,NJD,8474596,1.648,5,20
2023021191,2024-04-02,PIT,8477968,2.869,3,26
2023021192,2024-04-02,NYI,8478009,2.140,1,19
2023021192,2024-04-02,CHI,8475852,2.365,2,29
2023021193,2024-04-02,MIN,8470594,2.493,2,32
2023021193,2024-04-02,OTT,8476914,1.832,3,19
2023021194,2024-04-02,NSH,8477424,2.816,2,31
2023021194,2024-04-02,BOS,8476999,2.611,0,31
2023021195,2024-04-02,CGY,8474593,2.309,5,29
2023021195,2024-04-02,ANA,8480843,1.744,3,24
2023021196,2024-04-02,VGK,8480313,2.239,3,30
2023021196,2024-04-02,VAN,8479193,2.989,6,30
2023021197,2024-04-03,TOR,8479361,2.668,4,25
2023021197,2024-04-03,TBL,8476883,3.041,1,29
2023021198,2024-04-03,NYR,8478048,1.636,3,20
2023021198,2024-04-03,NJD,8478039,3.484,4,41
2023021199,2024-04-03,DAL,8479979,3.002,0,35
2023021199,2024-04-03,EDM,8475717,3.545,5,32
2023021200,2024-04-03,ARI,8478971,3.091,2,33
2023021200,2024-04-03,VAN,8481668,2.621,1,21
2023021201,2024-04-03,LAK,8475660,2.858,2,23
2023021201,2024-04-03,SEA,8475831,2.687,5,27
2023021202,2024-04-04,CAR,8475883,2.209,3,27
2023021202,2024-04-04,BOS,8480280,4.172,1,29
2023021203,2024-04-04,CBJ,8480193,1.647,2,15
2023021203,2024-04-04,CBJ,8482982,3.013,1,25
2023021203,2024-04-04,NYI,8478009,2.362,2,27
2023021204,2024-04-04,MTL,8480051,3.173,6,34
2023021204,2024-04-04,TBL,8477035,3.025,4,30
2023021205,2024-04-04,OTT,8476341,1.580,2,14
2023021205,2024-04-04,OTT,8476914,1.042,4,17
2023021205,2024-04-04,FLA,8475683,2.857,0,30
2023021206,2024-04-04,WSH,8479292,2.492,3,23
2023021206,2024-04-04,PIT,8477968,3.199,1,31
2023021207,2024-04-04,MIN,8479406,2.699,4,35
2023021207,2024-04-04,COL,8481020,4.019,2,46
2023021208,2024-04-04,NSH,8477424,4.643,3,47
2023021208,2024-04-04,STL,8476412,3.518,4,29
2023021209,2024-04-04,WPG,8476945,2.016,2,33
2023021209,2024-04-04,CGY,8481692,3.710,4,44
2023021210,2024-04-04,SJS,8478406,2.541,2,27
2023021210,2024-04-04,LAK,8479496,1.652,1,16
2023021211,2024-04-05,BUF,8480045,3.133,2,34
2023021211,2024-04-05,PHI,8478905,1.661,4,19
2023021212,2024-04-05,CAR,8481611,1.795,2,16
2023021212,2024-04-05,WSH,8475311,3.654,3,44
2023021213,2024-04-05,DET,8479312,3.516,4,38
2023021213,2024-04-05,NYR,8471734,2.811,3,34
2023021214,2024-04-05,EDM,8479973,1.828,2,24
2023021214,2024-04-05,COL,8480382,4.316,6,47
2023021215,2024-04-05,ANA,8480843,2.886,3,27
2023021215,2024-04-05,SEA,8475831,1.391,1,17
2023021216,2024-04-05,ARI,8478872,2.100,4,24
2023021216,2024-04-05,VGK,8480313,2.191,6,31
2023021217,2024-04-06,PIT,8477968,2.670,4,34
2023021217,2024-04-06,TBL,8476883,2.938,5,28
2023021218,2024-04-06,BOS,8476999,3.230,2,30
2023021218,2024-04-06,FLA,8475683,2.002,3,29
2023021219,2024-04-06,MIN,8470594,2.147,4,25
2023021219,2024-04-06,WPG,8476945,2.371,2,27
2023021220,2024-04-06,CHI,8475852,3.745,2,44
2023021220,2024-04-06,DAL,8475809,1.051,3,17
2023021221,2024-04-06,SJS,8482445,3.783,2,36
2023021221,2024-04-06,STL,8480981,2.286,3,25
2023021222,2024-04-06,CBJ,8482982,3.405,2,39
2023021222,2024-04-06,PHI,8481035,3.158,6,33
2023021223,2024-04-06,MTL,8478470,1.312,4,12
2023021223,2024-04-06,MTL,8480051,1.746,0,18
2023021223,2024-04-06,TOR,8478492,2.571,2,26
2023021224,2024-04-06,OTT,8476341,1.063,3,9
2023021224,2024-04-06,OTT,8476914,1.968,1,18
2023021224,2024-04-06,NJD,8474596,2.599,3,28
2023021225,2024-04-06,NYI,8473575,4.337,0,42
2023021225,2024-04-06,NSH,8480947,2.119,1,29
2023021226,2024-04-06,CGY,8474593,3.064,3,26
2023021226,2024-04-06,EDM,8475717,3.127,2,35
2023021227,2024-04-06,LAK,8475660,4.042,3,42
2023021227,2024-04-06,VAN,8479193,2.530,6,29
2023021228,2024-04-07,DET,8479312,2.922,1,38
2023021228,2024-04-07,BUF,8480045,2.155,3,24
2023021229,2024-04-07,CHI,8482821,3.024,4,37
2023021229,2024-04-07,MIN,8482661,1.564,0,24
2023021230,2024-04-07,CAR,8475883,1.551,0,23
2023021230,2024-04-07,CBJ,8476876,4.162,3,35
2023021231,2024-04-07,SJS,8478406,2.369,4,27
2023021231,2024-04-07,ARI,8478971,2.079,2,27
2023021232,2024-04-07,WSH,8479292,3.109,3,21
2023021232,2024-04-07,OTT,8476914,2.954,2,22
2023021233,2024-04-07,NJD,8474596,3.076,1,30
2023021233,2024-04-07,NJD,8478039,0.597,1,5
2023021233,2024-04-07,NSH,8477424,2.620,2,25
2023021234,2024-04-07,NYR,8478048,2.580,2,28
2023021234,2024-04-07,MTL,8480051,3.935,4,45
2023021235,2024-04-07,ANA,8480843,3.356,5,31
2023021235,2024-04-07,STL,8476412,3.291,5,38
2023021236,2024-04-07,COL,8480382,4.180,6,36
2023021236,2024-04-07,DAL,8479979,3.317,4,38
2023021237,2024-04-08,TOR,8478492,4.513,2,33
2023021237,2024-04-08,PIT,8477968,2.278,3,23
2023021238,2024-04-08,VAN,8481668,2.214,3,23
2023021238,2024-04-08,VGK,8480313,2.966,4,30
2023021239,2024-04-09,BOS,8480280,3.363,4,26
2023021239,2024-04-09,CAR,8481611,1.703,1,23
2023021240,2024-04-09,DET,8479312,1.878,2,23
2023021240,2024-04-09,WSH,8479292,3.664,1,43
2023021241,2024-04-09,FLA,8476932,2.701,0,26
2023021241,2024-04-09,OTT,8476914,2.996,2,30
2023021242,2024-04-09,MTL,8478470,4.019,3,36
2023021242,2024-04-09,PHI,8478905,1.170,4,13
2023021242,2024-04-09,PHI,8481035,1.892,5,17
2023021243,2024-04-09,NJD,8474596,3.640,4,38
2023021243,2024-04-09,TOR,8479361,1.771,2,20
2023021244,2024-04-09,NYI,8473575,3.104,2,33
2023021244,2024-04-09,NYR,8478048,2.422,3,27
2023021245,2024-04-09,TBL,8476883,2.417,2,32
2023021245,2024-04-09,CBJ,8482982,2.254,4,32
2023021246,2024-04-09,DAL,8479979,1.675,2,21
2023021246,2024-04-09,BUF,8480045,2.202,3,24
2023021247,2024-04-09,NSH,8477424,2.235,4,22
2023021247,2024-04-09,WPG,8476945,4.263,3,48
2023021248,2024-04-09,COL,8480382,2.122,2,22
2023021248,2024-04-09,MIN,8479406,2.726,5,32
2023021249,2024-04-09,ANA,8480843,2.665,1,37
2023021249,2024-04-09,LAK,8475660,2.266,3,27
2023021250,2024-04-09,SEA,8475831,3.995,0,39
2023021250,2024-04-09,ARI,8478872,1.810,5,25
2023021251,2024-04-09,SJS,8478406,4.442,3,41
2023021251,2024-04-09,CGY,8481692,2.069,2,22
2023021252,2024-04-10,STL,8480981,2.421,2,20
2023021252,2024-04-10,CHI,8475852,0.191,3,3
2023021252,2024-04-10,CHI,8482821,2.360,2,23
2023021253,2024-04-10,EDM,8479973,2.282,1,18
2023021253,2024-04-10,VGK,8478499,3.766,5,25
2023021254,2024-04-10,VAN,8481668,2.346,4,18
2023021254,2024-04-10,ARI,8478971,4.063,3,26
2023021255,2024-04-11,BUF,8480045,2.530,2,24
2023021255,2024-04-11,WSH,8479292,1.319,3,16
2023021256,2024-04-11,FLA,8475683,1.478,0,25
2023021256,2024-04-11,CBJ,8482982,4.103,4,46
2023021257,2024-04-11,NYR,8471734,2.305,4,26
2023021257,2024-04-11,PHI,8481035,3.213,1,25
2023021258,2024-04-11,PIT,8477968,3.344,5,30
2023021258,2024-04-11,DET,8479312,2.542,6,27
2023021259,2024-04-11,TBL,8477035,3.391,2,27
2023021259,2024-04-11,OTT,8476341,2.817,2,26
2023021260,2024-04-11,TOR,8478492,1.824,6,20
2023021260,2024-04-11,NJD,8474596,3.551,5,32
2023021261,2024-04-11,NYI,8473575,1.299,2,14
2023021261,2024-04-11,MTL,8478470,3.583,3,31
2023021262,2024-04-11,DAL,8479979,1.733,2,23
2023021262,2024-04-11,WPG,8476316,2.414,0,24
2023021263,2024-04-11,SEA,8478916,1.522,3,23
2023021263,2024-04-11,SJS,8482445,5.179,1,50
2023021264,2024-04-11,LAK,8475660,1.344,1,23
2023021264,2024-04-11,CGY,8474593,2.856,3,29
2023021265,2024-04-12,STL,8476412,2.686,3,40
2023021265,2024-04-12,CAR,8475883,2.188,2,31
2023021266,2024-04-12,CHI,8482821,3.187,5,40
2023021266,2024-04-12,NSH,8480947,2.638,1,26
2023021267,2024-04-12,EDM,8475717,2.733,3,28
2023021267,2024-04-12,ARI,8478872,3.924,2,41
2023021268,2024-04-12,ANA,8476434,3.965,6,27
2023021268,2024-04-12,CGY,8481692,2.064,3,22
2023021269,2024-04-12,VGK,8480313,2.795,2,27
2023021269,2024-04-12,MIN,8470594,2.912,7,30
2023021270,2024-04-13,NYR,8478048,3.392,2,36
2023021270,2024-04-13,NYI,8478009,4.431,2,43
2023021271,2024-04-13,DAL,8479979,2.124,1,27
2023021271,2024-04-13,SEA,8475831,2.381,3,30
2023021272,2024-04-13,COL,8480382,1.183,4,15
2023021272,2024-04-13,COL,8481020,1.415,3,11
2023021272,2024-04-13,WPG,8476945,2.836,0,30
2023021273,2024-04-13,FLA,8475683,1.703,2,29
2023021273,2024-04-13,BUF,8480045,4.280,3,42
2023021274,2024-04-13,PHI,8481035,1.730,0,20
2023021274,2024-04-13,NJD,8478039,2.978,1,21
2023021275,2024-04-13,WSH,8479292,3.137,2,34
2023021275,2024-04-13,TBL,8476883,3.134,4,34
2023021276,2024-04-13,OTT,8476914,2.851,4,25
2023021276,2024-04-13,MTL,8480051,4.603,4,44
2023021277,2024-04-13,TOR,8478492,2.220,5,32
2023021277,2024-04-13,DET,8473503,3.575,4,36
2023021278,2024-04-13,NSH,8477424,2.457,4,35
2023021278,2024-04-13,NSH,8480947,0.164,0,2
2023021278,2024-04-13,CBJ,8482982,3.378,6,37
2023021279,2024-04-13,PIT,8477465,2.128,2,14
2023021279,2024-04-13,PIT,8477968,2.591,3,16
2023021279,2024-04-13,BOS,8476999,3.014,4,32
2023021280,2024-04-13,EDM,8479973,2.168,2,26
2023021280,2024-04-13,VAN,8479193,3.645,1,33
2023021281,2024-04-13,LAK,8479496,2.389,1,29
2023021281,2024-04-13,ANA,8480843,2.492,3,28
2023021282,2024-04-13,SJS,8478406,3.013,6,38
2023021282,2024-04-13,MIN,8482661,1.578,2,29
2023021283,2024-04-14,STL,8480981,2.075,1,20
2023021283,2024-04-14,SEA,8478916,1.935,3,27
2023021284,2024-04-14,VGK,8478499,1.860,3,24
2023021284,2024-04-14,COL,8480382,2.588,4,30
2023021285,2024-04-14,CHI,8475852,3.614,3,34
2023021285,2024-04-14,CAR,8481611,1.852,2,16
2023021286,2024-04-14,CGY,8481692,2.816,5,35
2023021286,2024-04-14,ARI,8478971,2.543,6,31
2023021287,2024-04-15,DET,8479312,2.398,4,21
2023021287,2024-04-15,MTL,8478470,4.023,5,35
2023021288,2024-04-15,NJD,8474596,2.393,4,19
2023021288,2024-04-15,NYI,8473575,1.975,1,24
2023021289,2024-04-15,PIT,8477968,2.278,2,30
2023021289,2024-04-15,NSH,8477424,3.612,4,38
2023021290,2024-04-15,TBL,8476883,3.176,4,34
2023021290,2024-04-15,BUF,8477480,3.026,2,33
2023021291,2024-04-15,WSH,8479292,1.086,0,16
2023021291,2024-04-15,BOS,8480280,2.759,1,24
2023021292,2024-04-15,NYR,8478048,2.089,0,25
2023021292,2024-04-15,OTT,8476914,3.471,4,34
2023021293,2024-04-15,EDM,8479973,1.962,2,21
2023021293,2024-04-15,SJS,8482445,2.453,8,22
2023021293,2024-04-15,SJS,8484312,1.560,1,16
2023021294,2024-04-15,LAK,8475660,2.612,3,28
2023021294,2024-04-15,MIN,8479406,2.453,1,24
2023021295,2024-04-16,BOS,8476999,1.032,2,19
2023021295,2024-04-16,OTT,8476341,3.096,1,35
2023021296,2024-04-16,CBJ,8482982,4.376,3,41
2023021296,2024-04-16,CAR,8477484,2.197,6,25
2023021297,2024-04-16,FLA,8476932,2.753,2,26
2023021297,2024-04-16,TOR,8479361,3.807,4,41
2023021298,2024-04-16,MTL,8480051,3.264,4,40
2023021298,2024-04-16,DET,8473503,4.265,4,33
2023021299,2024-04-16,PHI,8481035,1.250,1,17
2023021299,2024-04-16,WSH,8479292,2.137,1,28
2023021300,2024-04-16,WPG,8476945,1.693,3,23
2023021300,2024-04-16,SEA,8475831,2.541,4,24
2023021301,2024-04-16,VGK,8480313,1.580,1,23
2023021301,2024-04-16,CHI,8475852,2.761,2,36
2023021302,2024-04-16,VAN,8477967,2.666,1,40
2023021302,2024-04-16,CGY,8474593,3.540,4,31
2023021303,2024-04-17,NYI,8478009,3.836,4,44
2023021303,2024-04-17,PIT,8477968,3.300,5,32
2023021304,2024-04-17,TBL,8477035,3.608,4,38
2023021304,2024-04-17,TOR,8474889,3.489,6,32
2023021305,2024-04-17,DAL,8479979,2.233,1,26
2023021305,2024-04-17,STL,8476412,5.534,1,37
2023021306,2024-04-17,ARI,8478971,2.879,2,30
2023021306,2024-04-17,EDM,8475717,1.670,4,23
2023021307,2024-04-18,MIN,8470594,2.375,3,26
2023021307,2024-04-18,SEA,8478916,1.765,3,24
2023021308,2024-04-18,WPG,8476316,2.042,2,20
2023021308,2024-04-18,VAN,8477967,2.502,3,25
2023021309,2024-04-18,CGY,8481692,1.929,1,17
2023021309,2024-04-18,SJS,8482445,1.434,5,23
2023021309,2024-04-18,SJS,8484312,1.734,0,14
2023021310,2024-04-18,COL,8481020,3.048,1,26
2023021310,2024-04-18,EDM,8475717,1.216,1,14
2023021310,2024-04-18,EDM,8479973,1.688,4,13
2023021311,2024-04-18,VGK,8478499,1.515,3,22
2023021311,2024-04-18,ANA,8480843,3.221,1,33
2023021312,2024-04-18,LAK,8475660,1.386,4,13
2023021312,2024-04-18,CHI,8482821,4.495,5,35
2024020001,2024-10-04,BUF,8480045,2.284,3,22
2024020001,2024-10-04,NJD,8474593,3.112,1,31
2024020002,2024-10-05,NJD,8474596,1.660,1,18
2024020002,2024-10-05,BUF,8482221,3.466,3,37
2024020003,2024-10-08,SEA,8475831,2.044,3,25
2024020003,2024-10-08,STL,8476412,3.296,2,32
2024020004,2024-10-08,FLA,8475683,3.440,4,28
2024020004,2024-10-08,BOS,8476914,4.446,6,35
2024020005,2024-10-08,UTA,8478971,3.233,2,26
2024020005,2024-10-08,CHI,8475852,2.607,4,26
2024020006,2024-10-09,MTL,8478470,5.623,0,48
2024020006,2024-10-09,TOR,8476932,3.156,1,27
2024020007,2024-10-09,PIT,8477465,4.751,6,40
2024020007,2024-10-09,NYR,8478048,3.489,0,31
2024020008,2024-10-09,EDM,8475717,0.641,1,7
2024020008,2024-10-09,EDM,8479973,1.289,5,13
2024020008,2024-10-09,WPG,8476945,2.487,0,30
2024020009,2024-10-09,VAN,8481668,2.626,6,26
2024020009,2024-10-09,CGY,8478435,2.513,5,24
2024020010,2024-10-09,VGK,8478499,2.717,4,32
2024020010,2024-10-09,COL,8480382,1.338,5,16
2024020010,2024-10-09,COL,8481020,0.309,2,4
2024020011,2024-10-10,BOS,8480280,2.446,4,24
2024020011,2024-10-10,MTL,8480051,3.032,6,29
2024020012,2024-10-10,BUF,8480045,1.935,2,22
2024020012,2024-10-10,LAK,8475311,4.677,1,33
2024020013,2024-10-10,OTT,8476999,2.658,1,32
2024020013,2024-10-10,FLA,8475683,1.930,2,30
2024020014,2024-10-10,DET,8475660,1.718,2,14
2024020014,2024-10-10,DET,8478024,1.112,4,14
2024020014,2024-10-10,PIT,8482446,3.148,3,32
2024020015,2024-10-10,NJD,8474593,1.667,4,22
2024020015,2024-10-10,TOR,8483710,2.593,2,23
2024020016,2024-10-10,NYI,8473575,3.216,5,26
2024020016,2024-10-10,UTA,8478971,3.081,4,27
2024020017,2024-10-10,NSH,8475809,1.881,4,20
2024020017,2024-10-10,DAL,8479979,3.605,3,36
2024020018,2024-10-10,MIN,8479406,2.792,2,33
2024020018,2024-10-10,CBJ,8478007,2.250,3,26
2024020019,2024-10-10,SJS,8478406,3.732,5,40
2024020019,2024-10-10,STL,8480981,2.376,4,29
2024020020,2024-10-11,CAR,8475883,2.403,2,21
2024020020,2024-10-11,TBL,8476883,3.537,1,21
2024020021,2024-10-11,WPG,8476945,2.892,1,26
2024020021,2024-10-11,CHI,8482821,2.900,2,35
2024020022,2024-10-11,VAN,8480947,3.086,2,31
2024020022,2024-10-11,PHI,8481035,2.812,2,26
2024020023,2024-10-11,VGK,8478499,1.763,3,22
2024020023,2024-10-11,STL,8476412,3.091,4,28
2024020024,2024-10-12,BOS,8480280,3.479,1,34
2024020024,2024-10-12,LAK,8475311,1.846,2,26
2024020025,2024-10-12,BUF,8482221,1.531,2,25
2024020025,2024-10-12,FLA,8481519,3.181,4,26
2024020026,2024-10-12,TOR,8476932,2.042,2,23
2024020026,2024-10-12,PIT,8482446,2.265,3,32
2024020027,2024-10-12,MTL,8478470,2.612,1,25
2024020027,2024-10-12,OTT,8476999,2.819,4,26
2024020028,2024-10-12,DET,8475660,4.358,0,42
2024020028,2024-10-12,NSH,8477424,2.511,2,21
2024020030,2024-10-12,NYR,8478048,3.062,6,26
2024020030,2024-10-12,UTA,8478971,3.315,5,34
2024020031,2024-10-12,WSH,8479292,2.980,4,32
2024020031,2024-10-12,NJD,8474593,2.390,3,32
2024020032,2024-10-12,DAL,8479979,3.771,0,34
2024020032,2024-10-12,NYI,8473575,2.148,2,26
2024020033,2024-10-12,MIN,8470594,2.774,4,34
2024020033,2024-10-12,SEA,8478916,2.804,4,38
2024020034,2024-10-12,COL,8480382,0.833,3,9
2024020034,2024-10-12,COL,8481020,1.177,2,13
2024020034,2024-10-12,CBJ,8480193,3.357,4,30
2024020035,2024-10-12,CGY,8481692,3.182,3,40
2024020035,2024-10-12,PHI,8478905,3.407,5,31
2024020036,2024-10-12,EDM,8475717,1.281,5,20
2024020036,2024-10-12,CHI,8475852,3.873,2,38
2024020037,2024-10-12,SJS,8477970,2.382,1,29
2024020037,2024-10-12,ANA,8480843,3.171,0,30
2024020038,2024-10-13,WPG,8476945,1.915,1,27
2024020038,2024-10-13,MIN,8479406,2.575,2,35
2024020039,2024-10-13,DAL,8479193,2.381,0,25
2024020039,2024-10-13,SEA,8475831,2.777,2,23
2024020040,2024-10-13,EDM,8479973,2.769,3,28
2024020040,2024-10-13,CGY,8478435,2.141,1,26
2024020041,2024-10-13,VGK,8478492,2.459,1,23
2024020041,2024-10-13,ANA,8473503,4.595,3,32
2024020042,2024-10-14,BOS,8480280,2.103,4,26
2024020042,2024-10-14,FLA,8475683,2.046,3,27
2024020043,2024-10-14,OTT,8476341,0.853,3,9
2024020043,2024-10-14,OTT,8481544,1.240,4,17
2024020043,2024-10-14,LAK,8475311,3.933,8,41
2024020044,2024-10-14,NJD,8474596,2.149,0,20
2024020044,2024-10-14,UTA,8478872,4.136,3,32
2024020045,2024-10-14,NYR,8478048,4.072,1,32
2024020045,2024-10-14,DET,8479312,2.853,3,27
2024020046,2024-10-14,MTL,8478470,4.611,5,29
2024020046,2024-10-14,PIT,8477465,3.331,3,28
2024020047,2024-10-14,COL,8480382,3.175,5,36
2024020047,2024-10-14,NYI,8478009,3.508,2,34
2024020048,2024-10-15,TBL,8476883,3.091,1,27
2024020048,2024-10-15,VAN,8481668,3.156,3,26
2024020049,2024-10-15,WSH,8480313,2.541,2,26
2024020049,2024-10-15,VGK,8478499,3.689,4,22
2024020050,2024-10-15,CAR,8481611,2.644,2,26
2024020050,2024-10-15,NJD,8474593,3.312,3,30
2024020051,2024-10-15,CBJ,8478007,1.901,4,22
2024020051,2024-10-15,FLA,8481519,3.066,3,38
2024020052,2024-10-15,STL,8476412,2.572,3,26
2024020052,2024-10-15,MIN,8479406,2.525,1,28
2024020053,2024-10-15,NSH,8477424,2.264,6,34
2024020053,2024-10-15,SEA,8478916,2.456,3,33
2024020054,2024-10-15,DAL,8479979,3.073,2,27
2024020054,2024-10-15,SJS,8478406,4.112,2,38
2024020055,2024-10-15,CGY,8481692,2.357,1,32
2024020055,2024-10-15,CHI,8475852,2.363,2,26
2024020056,2024-10-15,EDM,8479973,3.113,3,30
2024020056,2024-10-15,PHI,8481035,3.292,4,31
2024020057,2024-10-16,PIT,8477465,0.437,3,5
2024020057,2024-10-16,PIT,8482446,1.991,2,28
2024020057,2024-10-16,BUF,8480045,4.151,6,43
2024020058,2024-10-16,TOR,8476932,3.475,2,34
2024020058,2024-10-16,LAK,8477831,1.006,2,12
2024020058,2024-10-16,LAK,8479496,1.046,4,14
2024020059,2024-10-16,COL,8480382,2.867,4,25
2024020059,2024-10-16,BOS,8476914,2.568,3,25
2024020060,2024-10-16,ANA,8480843,3.282,4,30
2024020060,2024-10-16,UTA,8478971,3.307,5,34
2024020061,2024-10-17,MTL,8478470,2.713,3,31
2024020061,2024-10-17,LAK,8479496,2.311,1,27
2024020062,2024-10-17,OTT,8476341,3.133,3,35
2024020062,2024-10-17,NJD,8474593,2.235,1,31
2024020063,2024-10-17,DET,8475660,1.644,5,19
2024020063,2024-10-17,DET,8479312,1.428,0,15
2024020063,2024-10-17,NYR,8471734,3.551,2,31
2024020064,2024-10-17,TBL,8476883,2.087,3,25
2024020064,2024-10-17,VGK,8478499,3.239,4,25
2024020065,2024-10-17,FLA,8475683,2.596,3,33
2024020065,2024-10-17,VAN,8480947,2.521,2,28
2024020066,2024-10-17,WSH,8479292,2.595,2,24
2024020066,2024-10-17,DAL,8479193,3.039,3,26
2024020067,2024-10-17,CBJ,8480193,2.509,4,24
2024020067,2024-10-17,BUF,8482221,1.781,6,25
2024020068,2024-10-17,STL,8480981,2.654,0,34
2024020068,2024-10-17,NYI,8478009,2.357,1,30
2024020069,2024-10-17,NSH,8477424,3.661,3,35
2024020069,2024-10-17,EDM,8475717,2.082,2,27
2024020070,2024-10-17,CHI,8475852,2.399,2,22
2024020070,2024-10-17,SJS,8477970,3.430,4,27
2024020071,2024-10-17,SEA,8475831,2.395,4,25
2024020071,2024-10-17,PHI,8478905,2.021,5,24
2024020071,2024-10-17,PHI,8481035,0.387,1,5
2024020072,2024-10-18,PIT,8482446,4.102,4,38
2024020072,2024-10-18,CAR,8475883,2.902,1,26
2024020073,2024-10-18,WPG,8476945,1.424,3,22
2024020073,2024-10-18,SJS,8477970,2.130,3,18
2024020073,2024-10-18,SJS,8478406,1.516,5,18
2024020074,2024-10-18,COL,8480382,2.966,3,19
2024020074,2024-10-18,ANA,8480843,5.916,4,49
2024020075,2024-10-19,OTT,8476341,1.973,4,29
2024020075,2024-10-19,TBL,8476883,2.111,5,28
2024020076,2024-10-19,NSH,8477424,2.243,3,22
2024020076,2024-10-19,DET,8479312,3.284,2,39
2024020077,2024-10-19,DAL,8479979,3.093,1,31
2024020077,2024-10-19,EDM,8479973,2.394,3,23
2024020078,2024-10-19,FLA,8475683,2.516,3,26
2024020078,2024-10-19,VGK,8478492,3.933,4,49
2024020079,2024-10-19,TOR,8476932,2.843,2,27
2024020079,2024-10-19,NYR,8478048,4.090,1,35
2024020080,2024-10-19,NJD,8474593,3.072,6,37
2024020080,2024-10-19,WSH,8480313,3.532,5,31
2024020081,2024-10-19,NYI,8473575,2.773,3,24
2024020081,2024-10-19,MTL,8480051,4.081,3,36
2024020082,2024-10-19,PHI,8481035,1.689,3,32
2024020082,2024-10-19,VAN,8480947,3.271,0,26
2024020083,2024-10-19,CBJ,8480193,3.734,3,34
2024020083,2024-10-19,MIN,8479406,2.084,1,24
2024020084,2024-10-19,STL,8480981,3.192,3,40
2024020084,2024-10-19,CAR,8481611,1.805,4,19
2024020085,2024-10-19,CHI,8482821,1.603,3,21
2024020085,2024-10-19,BUF,8480045,2.726,2,37
2024020086,2024-10-19,UTA,8478971,2.552,1,22
2024020086,2024-10-19,BOS,8480280,2.814,2,32
2024020087,2024-10-19,SEA,8478916,2.843,1,22
2024020087,2024-10-19,CGY,8478435,2.350,2,23
2024020088,2024-10-20,WPG,8477480,3.930,3,42
2024020088,2024-10-20,PIT,8477968,3.419,5,36
2024020089,2024-10-20,SJS,8477970,2.485,3,21
2024020089,2024-10-20,COL,8481020,2.066,1,26
2024020090,2024-10-20,ANA,8480843,3.015,2,34
2024020090,2024-10-20,LAK,8479496,1.490,1,14
2024020091,2024-10-21,TOR,8476932,3.605,2,34
2024020091,2024-10-21,TBL,8476883,1.921,4,14
2024020091,2024-10-21,TBL,8477992,1.516,1,15
2024020092,2024-10-22,PHI,8481035,1.961,4,29
2024020092,2024-10-22,WSH,8479292,1.731,1,18
2024020093,2024-10-22,FLA,8475683,1.448,5,16
2024020093,2024-10-22,FLA,8481519,0.717,0,6
2024020093,2024-10-22,MIN,8479406,2.218,1,25
2024020094,2024-10-22,NJD,8474596,4.021,8,37
2024020094,2024-10-22,TBL,8477992,3.002,5,35
2024020095,2024-10-22,BUF,8480045,2.684,2,30
2024020095,2024-10-22,DAL,8479979,2.399,3,24
2024020096,2024-10-22,MTL,8478470,0.791,4,10
2024020096,2024-10-22,MTL,8480051,5.345,3,35
2024020096,2024-10-22,NYR,8478048,2.422,2,23
2024020097,2024-10-22,CBJ,8480193,3.009,2,28
2024020097,2024-10-22,TOR,8483710,3.227,6,38
2024020098,2024-10-22,NYI,8478009,0.973,1,11
2024020098,2024-10-22,DET,8479312,2.927,0,30
2024020099,2024-10-22,STL,8476412,2.233,3,24
2024020099,2024-10-22,WPG,8476945,2.926,2,29
2024020100,2024-10-22,CHI,8475852,2.472,6,30
2024020100,2024-10-22,VAN,8480947,2.918,3,34
2024020101,2024-10-22,NSH,8477424,2.772,0,33
2024020101,2024-10-22,BOS,8480280,3.527,3,41
2024020102,2024-10-22,CGY,8481692,3.019,3,38
2024020102,2024-10-22,PIT,8477968,3.058,3,25
2024020103,2024-10-22,EDM,8479973,4.245,3,33
2024020103,2024-10-22,CAR,8475883,4.497,2,35
2024020104,2024-10-22,UTA,8478872,1.478,0,14
2024020104,2024-10-22,UTA,8478971,1.222,4,8
2024020104,2024-10-22,OTT,8476341,4.260,0,31
2024020105,2024-10-22,ANA,8480843,2.829,1,28
2024020105,2024-10-22,SJS,8478406,3.721,2,39
2024020106,2024-10-22,SEA,8475831,2.528,3,28
2024020106,2024-10-22,COL,8481020,3.096,2,27
2024020107,2024-10-22,VGK,8478492,3.832,1,35
2024020107,2024-10-22,LAK,8479496,3.306,6,30
2024020108,2024-10-23,WSH,8480313,2.847,3,29
2024020108,2024-10-23,PHI,8478905,2.757,4,23
2024020109,2024-10-24,BOS,8480280,2.537,4,31
2024020109,2024-10-24,DAL,8479193,3.079,2,27
2024020110,2024-10-24,TOR,8479361,1.783,4,26
2024020110,2024-10-24,STL,8476412,4.268,1,41
2024020111,2024-10-24,DET,8475660,4.102,3,40
2024020111,2024-10-24,NJD,8474593,1.678,4,19
2024020112,2024-10-24,TBL,8476883,1.511,3,17
2024020112,2024-10-24,MIN,8470594,1.739,2,26
2024020113,2024-10-24,NYR,8478048,3.148,3,29
2024020113,2024-10-24,FLA,8475683,3.068,1,25
2024020114,2024-10-24,CGY,8478435,3.536,3,42
2024020114,2024-10-24,CAR,8481611,2.953,2,32
2024020115,2024-10-24,UTA,8478872,1.998,5,26
2024020115,2024-10-24,COL,8481020,2.328,1,26
2024020116,2024-10-24,SEA,8478916,1.956,4,36
2024020116,2024-10-24,WPG,8476945,2.208,3,32
2024020117,2024-10-24,LAK,8479496,2.389,2,26
2024020117,2024-10-24,SJS,8478406,3.334,3,30
2024020118,2024-10-25,VGK,8478499,2.640,4,39
2024020118,2024-10-25,OTT,8476999,2.193,5,27
2024020119,2024-10-25,NJD,8474596,3.103,4,30
2024020119,2024-10-25,NYI,8478009,3.894,3,36
2024020120,2024-10-25,CHI,8475852,3.044,3,34
2024020120,2024-10-25,NSH,8477424,3.543,2,29
2024020121,2024-10-25,EDM,8479973,2.840,0,27
2024020121,2024-10-25,PIT,8482446,5.717,4,50
2024020122,2024-10-26,BUF,8480045,1.905,3,25
2024020122,2024-10-26,DET,8479312,2.750,4,38
2024020123,2024-10-26,PHI,8481035,2.715,5,26
2024020123,2024-10-26,MIN,8479406,2.692,6,22
2024020124,2024-10-26,LAK,8475311,1.973,2,26
2024020124,2024-10-26,UTA,8478971,1.704,3,23
2024020125,2024-10-26,BOS,8480280,3.036,3,23
2024020125,2024-10-26,TOR,8476932,3.608,4,34
2024020126,2024-10-26,MTL,8478470,3.601,2,31
2024020126,2024-10-26,STL,8476412,2.656,4,25
2024020127,2024-10-26,TBL,8476883,2.648,0,32
2024020127,2024-10-26,WSH,8479292,1.959,3,21
2024020128,2024-10-26,NYR,8471734,2.295,1,33
2024020128,2024-10-26,ANA,8480843,3.467,2,32
2024020129,2024-10-26,CGY,8481692,2.145,4,34
2024020129,2024-10-26,WPG,8477480,2.515,3,29
2024020130,2024-10-26,NYI,8473575,3.068,5,28
2024020130,2024-10-26,FLA,8481519,2.720,3,28
2024020131,2024-10-26,NSH,8475809,2.353,3,28
2024020131,2024-10-26,CBJ,8480193,2.866,4,33
2024020132,2024-10-26,DAL,8479979,3.823,2,24
2024020132,2024-10-26,CHI,8475852,3.609,3,29
2024020133,2024-10-26,VAN,8480947,1.778,3,24
2024020133,2024-10-26,PIT,8477968,3.346,4,34
2024020134,2024-10-26,VGK,8478492,2.631,3,26
2024020134,2024-10-26,SJS,8477970,3.361,7,42
2024020135,2024-10-26,SEA,8478916,4.226,3,38
2024020135,2024-10-26,CAR,8475883,2.237,1,19
2024020136,2024-10-27,DET,8475660,2.745,3,34
2024020136,2024-10-27,EDM,8475717,2.706,2,26
2024020137,2024-10-27,NJD,8474593,1.723,2,26
2024020137,2024-10-27,ANA,8473503,3.432,6,34
2024020138,2024-10-27,PHI,8482783,2.553,4,24
2024020138,2024-10-27,MTL,8480051,2.857,3,26
2024020139,2024-10-27,COL,8481020,2.676,4,30
2024020139,2024-10-27,OTT,8476341,3.836,4,29
2024020139,2024-10-27,OTT,8476999,0.436,0,2
2024020140,2024-10-28,BUF,8480045,2.377,5,31
2024020140,2024-10-28,FLA,8475683,1.913,2,28
2024020141,2024-10-28,TBL,8476883,3.092,2,37
2024020141,2024-10-28,NSH,8477424,4.139,3,27
2024020142,2024-10-28,CBJ,8478007,2.793,1,32
2024020142,2024-10-28,EDM,8479973,2.558,6,25
2024020143,2024-10-28,WPG,8476945,2.947,5,35
2024020143,2024-10-28,TOR,8476932,1.786,4,23
2024020144,2024-10-28,COL,8480382,2.636,3,24
2024020144,2024-10-28,CHI,8475852,2.427,2,26
2024020145,2024-10-28,UTA,8478971,5.321,5,46
2024020145,2024-10-28,SJS,8478406,2.301,4,23
2024020146,2024-10-28,VAN,8480947,2.835,4,32
2024020146,2024-10-28,CAR,8481611,2.594,3,27
2024020147,2024-10-28,VGK,8478499,1.525,0,16
2024020147,2024-10-28,CGY,8478435,2.872,5,38
2024020148,2024-10-29,BOS,8476914,2.028,1,18
2024020148,2024-10-29,PHI,8481035,2.891,0,25
2024020149,2024-10-29,MTL,8478470,1.038,5,10
2024020149,2024-10-29,MTL,8480051,1.953,3,13
2024020149,2024-10-29,SEA,8478916,4.500,2,30
2024020150,2024-10-29,OTT,8476999,2.079,1,27
2024020150,2024-10-29,STL,8476412,1.487,3,14
2024020150,2024-10-29,STL,8480981,1.327,5,21
2024020151,2024-10-29,WSH,8480313,2.436,3,19
2024020151,2024-10-29,NYR,8478048,6.518,4,45
2024020152,2024-10-29,NYI,8478009,1.618,2,21
2024020152,2024-10-29,ANA,8480843,3.920,1,41
2024020153,2024-10-29,PIT,8482446,2.680,4,39
2024020153,2024-10-29,MIN,8470594,2.183,3,29
2024020154,2024-10-29,SJS,8477970,2.894,2,28
2024020154,2024-10-29,LAK,8479496,1.973,3,20
2024020155,2024-10-30,CBJ,8478007,2.850,0,26
2024020155,2024-10-30,NYI,8473575,2.070,1,25
2024020156,2024-10-30,DET,8479312,2.735,6,29
2024020156,2024-10-30,WPG,8476945,1.539,2,21
2024020157,2024-10-30,COL,8478039,2.247,4,20
2024020157,2024-10-30,TBL,8476883,3.459,2,35
2024020158,2024-10-30,UTA,8478971,2.039,1,31
2024020158,2024-10-30,CGY,8481692,3.586,5,28
2024020159,2024-10-30,VAN,8481668,3.066,6,22
2024020159,2024-10-30,NJD,8474593,1.992,0,20
2024020160,2024-10-30,LAK,8475311,2.339,3,26
2024020160,2024-10-30,VGK,8478492,2.234,6,27
2024020161,2024-10-31,TOR,8479361,1.678,1,25
2024020161,2024-10-31,SEA,8478916,2.443,3,29
2024020162,2024-10-31,PHI,8481035,1.739,1,21
2024020162,2024-10-31,STL,8476412,1.578,2,21
2024020163,2024-10-31,PIT,8477968,1.674,1,23
2024020163,2024-10-31,ANA,8480843,4.186,2,45
2024020164,2024-10-31,WSH,8479292,1.741,3,15
2024020164,2024-10-31,MTL,8480051,5.077,6,34
2024020165,2024-10-31,CAR,8481611,1.587,2,15
2024020165,2024-10-31,BOS,8476914,1.149,2,15
2024020165,2024-10-31,BOS,8480280,2.225,6,22
2024020166,2024-10-31,NSH,8477424,2.009,5,29
2024020166,2024-10-31,EDM,8475717,2.169,1,27
2024020167,2024-10-31,SJS,8478406,2.950,2,29
2024020167,2024-10-31,CHI,8475852,2.145,3,29
2024020168,2024-11-01,DAL,8479979,2.036,6,28
2024020168,2024-11-01,FLA,8475683,3.753,4,36
2024020169,2024-11-01,BUF,8482221,2.990,4,36
2024020169,2024-11-01,NYI,8478009,3.499,3,35
2024020170,2024-11-01,NYR,8478048,3.961,1,41
2024020170,2024-11-01,OTT,8476999,1.426,2,18
2024020171,2024-11-01,CBJ,8478007,3.818,6,44
2024020171,2024-11-01,WPG,8477480,1.601,2,22
2024020172,2024-11-01,MIN,8479406,1.987,3,30
2024020172,2024-11-01,TBL,8476883,2.764,3,20
2024020173,2024-11-01,CGY,8478435,2.153,0,22
2024020173,2024-11-01,NJD,8474593,1.821,2,31
2024020174,2024-11-02,FLA,8481519,2.427,2,25
2024020174,2024-11-02,DAL,8479193,2.221,3,24
2024020175,2024-11-02,PHI,8481035,0.711,0,8
2024020175,2024-11-02,PHI,8482783,1.948,2,22
2024020175,2024-11-02,BOS,8476914,1.724,0,20
2024020176,2024-11-02,LAK,8475311,1.876,3,21
2024020176,2024-11-02,CHI,8475852,3.325,3,40
2024020177,2024-11-02,WSH,8480313,4.357,2,36
2024020177,2024-11-02,CBJ,8480193,2.838,7,22
2024020178,2024-11-02,OTT,8476341,2.084,0,22
2024020178,2024-11-02,SEA,8475831,2.304,2,22
2024020179,2024-11-02,DET,8475660,2.897,1,32
2024020179,2024-11-02,BUF,8480045,2.502,2,23
2024020180,2024-11-02,PIT,8477968,1.857,1,26
2024020180,2024-11-02,MTL,8478470,1.955,2,23
2024020181,2024-11-02,STL,8476412,3.169,2,37
2024020181,2024-11-02,TOR,8479361,1.558,3,23
2024020182,2024-11-02,NSH,8477424,2.572,2,31
2024020182,2024-11-02,COL,8481020,2.481,3,24
2024020183,2024-11-02,VGK,8478499,2.370,3,19
2024020183,2024-11-02,UTA,8478971,3.325,4,35
2024020184,2024-11-02,SJS,8478406,3.078,3,28
2024020184,2024-11-02,VAN,8480947,1.752,2,23
2024020185,2024-11-03,NYR,8478048,3.981,2,37
2024020185,2024-11-03,NYI,8478009,3.207,4,39
2024020186,2024-11-03,WPG,8476945,2.386,4,30
2024020186,2024-11-03,TBL,8477992,2.655,5,32
2024020187,2024-11-03,BOS,8480280,2.270,0,23
2024020187,2024-11-03,SEA,8478916,3.740,2,33
2024020188,2024-11-03,CAR,8481611,2.458,2,21
2024020188,2024-11-03,WSH,8479292,3.750,3,44
2024020189,2024-11-03,MIN,8479406,1.809,1,28
2024020189,2024-11-03,TOR,8476932,2.649,2,33
2024020190,2024-11-03,CGY,8478435,2.190,3,30
2024020190,2024-11-03,EDM,8479973,2.732,2,31
2024020191,2024-11-03,ANA,8480843,2.639,4,29
2024020191,2024-11-03,CHI,8482821,4.831,2,40
2024020192,2024-11-04,NSH,8477424,2.410,2,26
2024020192,2024-11-04,LAK,8475311,1.157,0,16
2024020193,2024-11-04,EDM,8475717,1.702,3,16
2024020193,2024-11-04,NJD,8474596,3.445,0,31
2024020194,2024-11-05,BUF,8480045,3.293,1,38
2024020194,2024-11-05,OTT,8476999,3.196,5,34
2024020195,2024-11-05,TOR,8476932,2.498,0,29
2024020195,2024-11-05,BOS,8480280,2.599,3,26
2024020196,2024-11-05,MTL,8478470,3.447,3,35
2024020196,2024-11-05,CGY,8481692,3.974,2,24
2024020197,2024-11-05,CAR,8481611,1.872,4,16
2024020197,2024-11-05,PHI,8482783,4.372,5,34
2024020198,2024-11-05,NYI,8478009,3.523,3,35
2024020198,2024-11-05,PIT,8477968,2.524,3,26
2024020199,2024-11-05,STL,8476412,2.707,2,23
2024020199,2024-11-05,TBL,8476883,1.511,3,23
2024020200,2024-11-05,MIN,8479406,3.069,4,27
2024020200,2024-11-05,LAK,8479496,1.379,1,24
2024020201,2024-11-05,WPG,8476945,1.770,0,21
2024020201,2024-11-05,UTA,8478872,2.147,2,27
2024020202,2024-11-05,COL,8481020,1.659,3,20
2024020202,2024-11-05,SEA,8475831,3.412,5,31
2024020203,2024-11-05,ANA,8480843,3.791,5,37
2024020203,2024-11-05,VAN,8480947,1.207,1,22
2024020204,2024-11-05,SJS,8477970,4.863,1,50
2024020204,2024-11-05,CBJ,8478007,1.936,2,27
2024020205,2024-11-06,WSH,8480313,3.161,2,35
2024020205,2024-11-06,NSH,8477424,5.149,3,36
2024020206,2024-11-06,CHI,8475852,2.866,3,24
2024020206,2024-11-06,DET,8475660,1.830,1,29
2024020207,2024-11-06,EDM,8479973,2.834,3,34
2024020207,2024-11-06,VGK,8478499,2.303,2,29
2024020208,2024-11-07,BOS,8476914,2.510,3,37
2024020208,2024-11-07,CGY,8481692,3.880,4,38
2024020209,2024-11-07,OTT,8476341,1.768,3,24
2024020209,2024-11-07,NYI,8473575,2.651,2,30
2024020210,2024-11-07,TBL,8476883,2.669,1,31
2024020210,2024-11-07,PHI,8478905,2.643,1,23
2024020211,2024-11-07,FLA,8475683,2.656,2,18
2024020211,2024-11-07,NSH,8475809,2.988,6,34
2024020212,2024-11-07,NJD,8474593,2.340,3,24
2024020212,2024-11-07,MTL,8478470,2.885,4,26
2024020213,2024-11-07,NYR,8471734,1.159,1,10
2024020213,2024-11-07,NYR,8478048,0.959,5,12
2024020213,2024-11-07,BUF,8480045,3.296,1,26
2024020214,2024-11-07,CAR,8481611,4.241,1,36
2024020214,2024-11-07,PIT,8477968,1.920,5,18
2024020215,2024-11-07,STL,8480981,2.473,3,30
2024020215,2024-11-07,UTA,8478971,1.472,2,15
2024020216,2024-11-07,DAL,8479979,2.443,1,26
2024020216,2024-11-07,CHI,8482821,3.678,2,39
2024020217,2024-11-07,WPG,8476945,3.269,0,35
2024020217,2024-11-07,COL,8480382,2.201,1,28
2024020218,2024-11-07,LAK,8475311,3.138,3,23
2024020218,2024-11-07,VAN,8480947,2.373,2,28
2024020219,2024-11-07,SJS,8477970,2.582,4,30
2024020219,2024-11-07,MIN,8470594,2.215,2,26
2024020220,2024-11-08,TOR,8476932,2.083,1,22
2024020220,2024-11-08,DET,8475660,1.999,2,19
2024020221,2024-11-08,WSH,8479292,2.770,3,31
2024020221,2024-11-08,PIT,8482446,4.570,2,34
2024020222,2024-11-08,ANA,8480843,3.263,5,31
2024020222,2024-11-08,MIN,8479406,4.610,2,35
2024020223,2024-11-08,SEA,8478916,2.328,3,24
2024020223,2024-11-08,VGK,8478499,2.815,4,32
2024020224,2024-11-09,BUF,8480045,2.072,2,26
2024020224,2024-11-09,CGY,8478435,2.320,2,19
2024020225,2024-11-09,FLA,8475683,3.669,3,37
2024020225,2024-11-09,PHI,8481035,3.145,3,31
2024020226,2024-11-09,BOS,8480280,2.902,3,34
2024020226,2024-11-09,OTT,8476999,1.514,2,16
2024020227,2024-11-09,TOR,8479361,1.926,1,21
2024020227,2024-11-09,MTL,8478470,2.246,4,27
2024020228,2024-11-09,DET,8478024,1.968,3,23
2024020228,2024-11-09,NYR,8471734,3.804,0,37
2024020229,2024-11-09,STL,8476412,2.899,8,27
2024020229,2024-11-09,WSH,8480313,2.600,1,25
2024020230,2024-11-09,WPG,8476945,3.951,1,33
2024020230,2024-11-09,DAL,8479193,1.703,0,10
2024020230,2024-11-09,DAL,8479979,2.289,4,15
2024020231,2024-11-09,NYI,8478009,4.007,4,33
2024020231,2024-11-09,NJD,8474593,2.658,3,22
2024020232,2024-11-09,NSH,8477424,2.424,0,27
2024020232,2024-11-09,UTA,8478971,2.130,3,20
2024020233,2024-11-09,COL,8480382,3.189,4,31
2024020233,2024-11-09,CAR,8477484,3.622,5,28
2024020234,2024-11-09,LAK,8479496,2.520,2,26
2024020234,2024-11-09,CBJ,8478007,1.993,4,22
2024020235,2024-11-09,VAN,8480947,3.085,7,27
2024020235,2024-11-09,VAN,8481668,0.177,0,4
2024020235,2024-11-09,EDM,8479973,1.294,3,20
2024020236,2024-11-10,NJD,8474596,2.334,1,27
2024020236,2024-11-10,SJS,8478406,4.114,0,44
2024020237,2024-11-10,CHI,8475852,2.285,1,33
2024020237,2024-11-10,MIN,8479406,1.701,2,22
2024020238,2024-11-10,ANA,8476434,3.565,2,40
2024020238,2024-11-10,CBJ,8480193,3.048,3,29
2024020239,2024-11-11,BUF,8480045,1.446,4,18
2024020239,2024-11-11,BUF,8482221,0.631,2,4
2024020239,2024-11-11,MTL,8478470,0.313,0,4
2024020239,2024-11-11,MTL,8480051,1.384,5,14
2024020240,2024-11-11,PHI,8481035,2.819,3,31
2024020240,2024-11-11,SJS,8477970,3.754,3,43
2024020241,2024-11-11,PIT,8477968,3.096,4,32
2024020241,2024-11-11,PIT,8482446,0.607,3,8
2024020241,2024-11-11,DAL,8479979,1.886,1,21
2024020242,2024-11-11,CGY,8481692,2.226,1,29
2024020242,2024-11-11,LAK,8475311,2.201,2,27
2024020243,2024-11-11,COL,8480382,3.228,2,30
2024020243,2024-11-11,NSH,8477424,2.954,3,32
2024020244,2024-11-11,VGK,8478499,2.049,4,21
2024020244,2024-11-11,VGK,8481033,1.733,0,12
2024020244,2024-11-11,CAR,8481611,2.643,2,32
2024020245,2024-11-12,TOR,8476932,2.271,3,41
2024020245,2024-11-12,OTT,8476999,3.073,0,27
2024020246,2024-11-12,FLA,8481519,2.414,3,23
2024020246,2024-11-12,NJD,8474593,3.404,1,35
2024020247,2024-11-12,NYR,8478048,2.679,5,32
2024020247,2024-11-12,WPG,8476945,4.061,3,36
2024020248,2024-11-12,STL,8476412,3.677,3,30
2024020248,2024-11-12,BOS,8480280,1.802,2,22
2024020249,2024-11-12,EDM,8479973,1.973,3,22
2024020249,2024-11-12,NYI,8478009,4.626,4,42
2024020250,2024-11-12,VAN,8480947,2.459,1,29
2024020250,2024-11-12,CGY,8478435,3.016,3,32
2024020251,2024-11-12,SEA,8478916,3.462,2,40
2024020251,2024-11-12,CBJ,8478007,2.438,4,32
2024020252,2024-11-13,PIT,8477968,1.871,3,31
2024020252,2024-11-13,DET,8475660,3.794,2,33
2024020253,2024-11-13,WSH,8480313,4.320,4,34
2024020253,2024-11-13,TOR,8479361,3.036,3,27
2024020254,2024-11-13,UTA,8478872,6.243,1,50
2024020254,2024-11-13,CAR,8477484,0.478,1,3
2024020254,2024-11-13,CAR,8481611,1.853,3,18
2024020255,2024-11-13,COL,8480382,1.447,2,15
2024020255,2024-11-13,LAK,8475311,2.083,2,20
2024020255,2024-11-13,LAK,8479496,0.605,1,5
2024020256,2024-11-13,ANA,8480843,4.069,3,39
2024020256,2024-11-13,VGK,8478499,3.141,2,24
2024020257,2024-11-14,BUF,8482221,1.963,3,27
2024020257,2024-11-14,STL,8476412,2.174,4,33
2024020258,2024-11-14,OTT,8476999,1.531,5,19
2024020258,2024-11-14,PHI,8478905,3.306,4,37
2024020259,2024-11-14,TBL,8476883,2.243,1,24
2024020259,2024-11-14,WPG,8477480,2.955,3,28
2024020260,2024-11-14,FLA,8475683,2.304,5,28
2024020260,2024-11-14,NJD,8474596,2.446,2,27
2024020261,2024-11-14,NYR,8478048,1.879,2,27
2024020261,2024-11-14,SJS,8478406,2.880,3,35
2024020262,2024-11-14,DAL,8479979,2.878,2,25
2024020262,2024-11-14,BOS,8480280,3.263,7,38
2024020263,2024-11-14,MIN,8479406,1.574,0,19
2024020263,2024-11-14,MTL,8478470,1.760,2,27
2024020264,2024-11-14,EDM,8475717,1.670,2,22
2024020264,2024-11-14,NSH,8475809,3.696,3,34
2024020265,2024-11-14,VAN,8480947,2.827,4,31
2024020265,2024-11-14,NYI,8473575,1.957,2,26
2024020266,2024-11-14,SEA,8478916,1.355,1,19
2024020266,2024-11-14,CHI,8475852,2.376,2,25
2024020267,2024-11-15,CBJ,8478007,3.330,2,23
2024020267,2024-11-15,PIT,8477465,2.889,5,38
2024020268,2024-11-15,COL,8481020,0.639,3,6
2024020268,2024-11-15,COL,8481529,0.627,1,13
2024020268,2024-11-15,WSH,8479292,1.790,2,19
2024020269,2024-11-15,CGY,8481692,3.136,0,29
2024020269,2024-11-15,NSH,8477424,2.736,1,32
2024020270,2024-11-15,UTA,8478872,2.956,3,28
2024020270,2024-11-15,VGK,8478499,3.425,2,32
2024020271,2024-11-15,ANA,8476434,2.645,4,25
2024020271,2024-11-15,DET,8479312,2.569,5,28
2024020272,2024-11-16,BOS,8476914,2.446,3,31
2024020272,2024-11-16,STL,8476412,2.022,2,18
2024020273,2024-11-16,SEA,8478916,2.885,2,24
2024020273,2024-11-16,NYI,8478009,2.225,3,27
2024020274,2024-11-16,TOR,8476932,2.494,3,30
2024020274,2024-11-16,EDM,8479973,2.644,4,22
2024020275,2024-11-16,MTL,8478470,1.831,1,26
2024020275,2024-11-16,CBJ,8480193,2.279,5,30
2024020276,2024-11-16,TBL,8476883,2.549,0,29
2024020276,2024-11-16,NJD,8474593,2.681,3,26
2024020277,2024-11-16,FLA,8475683,1.287,0,27
2024020277,2024-11-16,WPG,8476945,2.879,5,31
2024020278,2024-11-16,PHI,8478905,2.019,2,25
2024020278,2024-11-16,BUF,8482221,2.908,4,31
2024020279,2024-11-16,PIT,8477968,1.939,3,29
2024020279,2024-11-16,SJS,8477970,0.768,2,10
2024020279,2024-11-16,SJS,8478406,2.647,1,26
2024020280,2024-11-16,CAR,8477484,2.587,0,24
2024020280,2024-11-16,OTT,8476341,3.424,3,27
2024020281,2024-11-16,MIN,8479406,2.457,2,40
2024020281,2024-11-16,DAL,8479979,1.919,1,23
2024020282,2024-11-16,LAK,8479496,1.297,1,18
2024020282,2024-11-16,DET,8475660,3.437,3,40
2024020283,2024-11-16,VAN,8481668,2.237,1,29
2024020283,2024-11-16,CHI,8482821,2.566,2,31
2024020284,2024-11-17,CAR,8481611,2.512,1,30
2024020284,2024-11-17,STL,8480981,3.377,4,24
2024020285,2024-11-17,VAN,8480947,1.617,4,21
2024020285,2024-11-17,NSH,8477424,2.231,3,27
2024020286,2024-11-17,VGK,8478492,1.804,4,24
2024020286,2024-11-17,WSH,8480313,4.120,2,42
2024020287,2024-11-17,SEA,8475831,1.915,2,23
2024020287,2024-11-17,NYR,8471734,1.921,0,24
2024020288,2024-11-18,BOS,8480280,2.087,5,28
2024020288,2024-11-18,CBJ,8478007,2.922,1,29
2024020289,2024-11-18,PHI,8482783,2.478,3,29
2024020289,2024-11-18,COL,8481020,2.391,2,26
2024020290,2024-11-18,MTL,8478470,3.042,0,30
2024020290,2024-11-18,EDM,8475717,2.933,2,24
2024020291,2024-11-18,DAL,8479193,1.991,4,27
2024020291,2024-11-18,ANA,8480843,4.534,2,36
2024020292,2024-11-18,UTA,8478872,0.958,2,11
2024020292,2024-11-18,UTA,8478971,1.087,4,13
2024020292,2024-11-18,WSH,8479292,4.103,2,26
2024020293,2024-11-18,SJS,8478406,2.366,4,21
2024020293,2024-11-18,DET,8475660,3.344,5,34
2024020294,2024-11-19,OTT,8476999,2.164,5,31
2024020294,2024-11-19,EDM,8479973,2.544,2,29
2024020295,2024-11-19,PIT,8477465,3.916,3,35
2024020295,2024-11-19,TBL,8476883,1.502,2,19
2024020296,2024-11-19,STL,8476412,2.375,3,27
2024020296,2024-11-19,MIN,8479406,2.064,2,24
2024020297,2024-11-19,WPG,8476945,2.955,3,23
2024020297,2024-11-19,FLA,8475683,2.823,4,25
2024020298,2024-11-19,CHI,8482821,2.339,3,24
2024020298,2024-11-19,ANA,8476434,1.509,2,20
2024020299,2024-11-19,CGY,8481692,2.629,1,29
2024020299,2024-11-19,NYI,8473575,3.084,1,31
2024020300,2024-11-19,VAN,8481668,2.345,4,33
2024020300,2024-11-19,NYR,8478048,1.731,3,24
2024020301,2024-11-20,TOR,8479361,2.079,0,31
2024020301,2024-11-20,VGK,8478499,3.011,2,25
2024020302,2024-11-20,PHI,8478905,3.800,4,37
2024020302,2024-11-20,CAR,8481611,1.838,1,19
2024020303,2024-11-20,DAL,8479979,2.605,2,23
2024020303,2024-11-20,SJS,8478406,3.364,3,29
2024020304,2024-11-20,SEA,8478916,3.392,0,24
2024020304,2024-11-20,NSH,8477424,2.747,2,36
2024020305,2024-11-20,LAK,8479496,1.821,1,19
2024020305,2024-11-20,BUF,8480045,3.966,0,23
2024020306,2024-11-21,BOS,8476914,1.868,0,22
2024020306,2024-11-21,UTA,8478872,2.896,1,31
2024020307,2024-11-21,OTT,8476999,3.572,3,32
2024020307,2024-11-21,VGK,8478492,2.925,2,40
2024020308,2024-11-21,DET,8479312,1.612,1,23
2024020308,2024-11-21,NYI,8478009,2.543,2,31
2024020309,2024-11-21,NJD,8474593,2.012,2,22
2024020309,2024-11-21,CAR,8477484,2.929,4,21
2024020310,2024-11-21,WSH,8480313,2.937,2,27
2024020310,2024-11-21,COL,8480382,3.646,1,29
2024020311,2024-11-21,CBJ,8478007,2.640,6,30
2024020311,2024-11-21,TBL,8477992,3.809,7,43
2024020312,2024-11-21,STL,8476412,2.013,2,24
2024020312,2024-11-21,SJS,8482137,2.251,2,31
2024020313,2024-11-21,CHI,8475852,2.915,1,33
2024020313,2024-11-21,FLA,8481519,1.613,2,19
2024020314,2024-11-21,CGY,8481692,2.050,2,29
2024020314,2024-11-21,NYR,8478048,3.214,3,49
2024020315,2024-11-21,EDM,8479973,2.937,5,26
2024020315,2024-11-21,MIN,8470594,2.461,3,31
2024020316,2024-11-22,PIT,8477465,2.957,3,29
2024020316,2024-11-22,WPG,8476945,2.194,1,18
2024020317,2024-11-22,ANA,8476434,3.834,3,33
2024020317,2024-11-22,BUF,8480045,3.034,2,24
2024020318,2024-11-23,PHI,8482783,2.076,2,21
2024020318,2024-11-23,CHI,8475852,3.401,3,37
2024020319,2024-11-23,CGY,8478435,2.841,3,23
2024020319,2024-11-23,MIN,8479406,3.084,3,31
2024020320,2024-11-23,LAK,8479496,1.834,1,20
2024020320,2024-11-23,SEA,8478916,2.097,2,21
2024020321,2024-11-23,FLA,8475683,2.015,6,24
2024020321,2024-11-23,COL,8480382,2.859,4,31
2024020322,2024-11-23,MTL,8478470,2.565,5,25
2024020322,2024-11-23,MTL,8480051,0.221,1,3
2024020322,2024-11-23,VGK,8478499,2.421,2,17
2024020323,2024-11-23,OTT,8476999,1.787,4,21
2024020323,2024-11-23,VAN,8480947,2.985,3,29
2024020324,2024-11-23,DET,8475660,2.193,2,29
2024020324,2024-11-23,BOS,8480280,1.621,1,20
2024020325,2024-11-23,TBL,8476883,2.453,4,28
2024020325,2024-11-23,DAL,8479979,2.224,2,29
2024020326,2024-11-23,PIT,8477968,3.416,6,30
2024020326,2024-11-23,UTA,8478872,2.297,1,28
2024020327,2024-11-23,WSH,8479292,3.274,3,33
2024020327,2024-11-23,NJD,8474596,2.451,2,26
2024020328,2024-11-23,CBJ,8478007,2.993,4,36
2024020328,2024-11-23,CAR,8477484,0.110,0,1
2024020328,2024-11-23,CAR,8481611,2.781,4,31
2024020329,2024-11-23,NSH,8477424,2.554,1,24
2024020329,2024-11-23,WPG,8477480,2.378,3,35
2024020330,2024-11-23,NYI,8478009,1.713,1,25
2024020330,2024-11-23,STL,8476412,2.797,2,30
2024020331,2024-11-23,SJS,8478406,1.919,3,30
2024020331,2024-11-23,BUF,8473503,3.339,2,33
2024020332,2024-11-23,EDM,8479973,2.436,2,34
2024020332,2024-11-23,NYR,8471734,3.051,6,40
2024020333,2024-11-24,TOR,8479361,2.101,2,26
2024020333,2024-11-24,UTA,8478872,4.406,3,35
2024020334,2024-11-25,TBL,8476883,2.672,2,25
2024020334,2024-11-25,COL,8480382,2.085,3,17
2024020334,2024-11-25,COL,8481020,1.707,5,16
2024020335,2024-11-25,FLA,8481519,3.251,2,29
2024020335,2024-11-25,WSH,8480313,2.569,1,21
2024020336,2024-11-25,NJD,8474593,2.183,2,22
2024020336,2024-11-25,NSH,8475809,1.298,0,15
2024020336,2024-11-25,NSH,8477424,3.053,4,30
2024020337,2024-11-25,NYR,8478048,4.692,4,43
2024020337,2024-11-25,STL,8480981,2.401,2,29
2024020338,2024-11-25,PHI,8478905,2.252,4,30
2024020338,2024-11-25,VGK,8478492,5.354,4,36
2024020339,2024-11-25,CAR,8477484,3.471,4,19
2024020339,2024-11-25,DAL,8479979,3.027,5,33
2024020340,2024-11-25,OTT,8476341,1.752,3,27
2024020340,2024-11-25,CGY,8481692,2.886,4,30
2024020341,2024-11-25,NYI,8473575,2.316,3,20
2024020341,2024-11-25,DET,8479312,2.623,2,29
2024020342,2024-11-25,MIN,8479406,2.566,3,31
2024020342,2024-11-25,WPG,8476945,3.515,1,44
2024020343,2024-11-25,ANA,8480843,2.128,3,28
2024020343,2024-11-25,SEA,8478916,1.903,2,23
2024020344,2024-11-25,SJS,8482137,2.222,2,24
2024020344,2024-11-25,LAK,8479496,1.751,7,21
2024020345,2024-11-26,BOS,8480280,0.764,1,14
2024020345,2024-11-26,VAN,8480947,3.227,0,33
2024020346,2024-11-26,MTL,8478470,3.894,3,29
2024020346,2024-11-26,UTA,8478872,3.029,2,13
2024020347,2024-11-27,BUF,8480045,1.765,1,30
2024020347,2024-11-27,MIN,8479406,3.536,0,39
2024020348,2024-11-27,NJD,8474593,1.875,3,20
2024020348,2024-11-27,STL,8476412,4.222,0,32
2024020349,2024-11-27,CAR,8477484,2.086,3,22
2024020349,2024-11-27,NYR,8478048,2.536,4,31
2024020350,2024-11-27,DET,8475660,1.963,1,25
2024020350,2024-11-27,CGY,8478435,2.378,2,27
2024020351,2024-11-27,TBL,8476883,2.154,5,32
2024020351,2024-11-27,WSH,8479292,2.225,4,29
2024020352,2024-11-27,FLA,8475683,2.117,1,24
2024020352,2024-11-27,TOR,8476932,2.369,4,23
2024020353,2024-11-27,NYI,8478009,1.393,5,20
2024020353,2024-11-27,BOS,8476914,2.260,3,24
2024020354,2024-11-27,PIT,8477465,1.774,4,29
2024020354,2024-11-27,VAN,8481668,2.774,5,23
2024020355,2024-11-27,CBJ,8478007,2.864,4,23
2024020355,2024-11-27,MTL,8480051,2.567,3,24
2024020356,2024-11-27,NSH,8477424,2.498,3,23
2024020356,2024-11-27,PHI,8482783,2.907,2,27
2024020357,2024-11-27,CHI,8475852,3.073,2,27
2024020357,2024-11-27,DAL,8479193,2.196,6,26
2024020358,2024-11-27,COL,8480382,1.730,1,19
2024020358,2024-11-27,VGK,8478499,4.390,1,34
2024020359,2024-11-27,LAK,8479496,1.406,1,14
2024020359,2024-11-27,WPG,8476945,2.938,3,32
2024020360,2024-11-27,SEA,8478916,3.179,5,33
2024020360,2024-11-27,ANA,8476434,5.126,2,44
2024020361,2024-11-27,SJS,8478406,1.373,4,11
2024020361,2024-11-27,OTT,8476999,3.851,3,39
2024020362,2024-11-29,PHI,8478905,1.869,1,23
2024020362,2024-11-29,NYR,8478048,3.365,2,34
2024020363,2024-11-29,MIN,8470594,1.932,2,23
2024020363,2024-11-29,CHI,8475852,2.212,3,29
2024020364,2024-11-29,BUF,8480045,2.037,4,22
2024020364,2024-11-29,VAN,8480947,3.309,3,34
2024020365,2024-11-29,DET,8475660,4.205,5,29
2024020365,2024-11-29,NJD,8474593,3.022,4,28
2024020366,2024-11-29,WSH,8480313,2.362,4,24
2024020366,2024-11-29,NYI,8473575,3.052,5,26
2024020367,2024-11-29,CAR,8477484,2.261,5,29
2024020367,2024-11-29,FLA,8475683,2.611,3,31
2024020368,2024-11-29,CBJ,8478007,2.536,2,29
2024020368,2024-11-29,CGY,8481692,2.605,4,33
2024020369,2024-11-29,NSH,8477424,2.718,3,28
2024020369,2024-11-29,TBL,8477992,2.147,2,31
2024020370,2024-11-29,ANA,8476434,2.079,2,18
2024020370,2024-11-29,LAK,8479496,0.194,0,2
2024020370,2024-11-29,LAK,8481707,3.112,1,29
2024020371,2024-11-29,SJS,8477970,2.814,5,31
2024020371,2024-11-29,SEA,8475831,2.073,7,26
2024020372,2024-11-29,BOS,8480280,3.202,2,36
2024020372,2024-11-29,PIT,8477465,2.191,1,31
2024020373,2024-11-29,DAL,8479979,4.386,3,32
2024020373,2024-11-29,COL,8480382,2.645,4,23
2024020374,2024-11-29,VGK,8478499,2.258,3,25
2024020374,2024-11-29,WPG,8477480,2.420,4,30
2024020375,2024-11-29,UTA,8478872,2.915,4,32
2024020375,2024-11-29,EDM,8475717,3.181,3,31
2024020376,2024-11-30,NYR,8471734,3.235,3,28
2024020376,2024-11-30,MTL,8478470,2.509,4,28
2024020377,2024-11-30,FLA,8481519,2.143,0,20
2024020377,2024-11-30,CAR,8477484,2.284,5,28
2024020377,2024-11-30,CAR,8484293,0.735,1,7
2024020378,2024-11-30,TBL,8476883,1.862,4,28
2024020378,2024-11-30,TOR,8479361,4.433,3,41
2024020379,2024-11-30,NJD,8474596,3.767,6,32
2024020379,2024-11-30,WSH,8479292,2.961,5,27
2024020380,2024-11-30,PIT,8477968,2.512,2,32
2024020380,2024-11-30,CGY,8478435,3.789,6,43
2024020381,2024-11-30,STL,8476412,3.325,3,31
2024020381,2024-11-30,PHI,8482783,2.741,2,27
2024020382,2024-11-30,LAK,8479496,1.834,2,22
2024020382,2024-11-30,OTT,8476341,2.237,4,26
2024020383,2024-11-30,NYI,8478009,1.903,0,29
2024020383,2024-11-30,BUF,8473503,2.053,2,19
2024020384,2024-11-30,MIN,8479406,2.360,2,27
2024020384,2024-11-30,NSH,8477424,2.501,3,28
2024020385,2024-11-30,COL,8480382,3.208,3,31
2024020385,2024-11-30,EDM,8479973,2.547,1,28
2024020386,2024-11-30,VGK,8478492,2.466,6,28
2024020386,2024-11-30,UTA,8483530,2.853,0,29
2024020387,2024-11-30,SEA,8478916,1.739,4,23
2024020387,2024-11-30,SJS,8478406,2.836,2,38
2024020388,2024-12-01,DET,8475660,1.297,2,14
2024020388,2024-12-01,DET,8478024,2.135,3,18
2024020388,2024-12-01,VAN,8480947,3.442,4,31
2024020389,2024-12-01,BOS,8480280,1.932,3,28
2024020389,2024-12-01,MTL,8480051,3.034,5,29
2024020390,2024-12-01,CHI,8475852,2.195,5,35
2024020390,2024-12-01,CBJ,8478007,2.454,3,31
2024020391,2024-12-01,DAL,8479979,2.084,1,27
2024020391,2024-12-01,WPG,8476945,2.798,2,30
2024020392,2024-12-01,ANA,8480843,4.613,3,31
2024020392,2024-12-01,OTT,8476999,3.553,3,34
2024020393,2024-12-02,NYR,8478048,3.043,5,28
2024020393,2024-12-02,NJD,8474593,3.706,1,39
2024020394,2024-12-02,TOR,8476932,2.837,1,28
2024020394,2024-12-02,CHI,8482821,1.997,3,21
2024020395,2024-12-02,UTA,8478872,2.323,2,21
2024020395,2024-12-02,DAL,8479193,3.494,1,37
2024020396,2024-12-03,BOS,8476914,2.388,2,25
2024020396,2024-12-03,DET,8478024,1.757,3,35
2024020397,2024-12-03,BUF,8480045,3.192,5,41
2024020397,2024-12-03,COL,8475809,2.696,0,22
2024020397,2024-12-03,COL,8480382,0.969,4,8
2024020398,2024-12-03,MTL,8478470,3.896,1,31
2024020398,2024-12-03,NYI,8478009,2.760,2,27
2024020399,2024-12-03,PIT,8477465,3.117,4,41
2024020399,2024-12-03,FLA,8481519,1.736,5,16
2024020400,2024-12-03,WSH,8480313,3.298,2,31
2024020400,2024-12-03,SJS,8478406,3.000,1,28
2024020401,2024-12-03,CAR,8481611,2.616,4,28
2024020401,2024-12-03,SEA,8478916,2.410,2,19
2024020402,2024-12-03,MIN,8479406,3.387,2,32
2024020402,2024-12-03,VAN,8480947,2.059,3,29
2024020403,2024-12-03,WPG,8476945,4.021,3,31
2024020403,2024-12-03,STL,8480981,1.696,1,23
2024020404,2024-12-03,CGY,8478435,1.653,0,16
2024020404,2024-12-03,CBJ,8478007,2.733,2,21
2024020405,2024-12-03,VGK,8478499,2.833,0,28
2024020405,2024-12-03,EDM,8479973,1.198,1,16
2024020406,2024-12-04,TOR,8479361,2.946,2,24
2024020406,2024-12-04,NSH,8477424,2.136,3,28
2024020407,2024-12-04,CHI,8475852,3.085,4,27
2024020407,2024-12-04,BOS,8480280,1.431,2,22
2024020408,2024-12-04,ANA,8476434,3.089,3,32
2024020408,2024-12-04,VGK,8478492,1.819,1,20
2024020409,2024-12-04,LAK,8479496,2.746,2,28
2024020409,2024-12-04,DAL,8479979,1.633,3,17
2024020410,2024-12-05,BUF,8480045,3.245,3,31
2024020410,2024-12-05,WPG,8476945,3.360,2,30
2024020411,2024-12-05,MTL,8478470,4.252,0,29
2024020411,2024-12-05,NSH,8481020,3.010,2,29
2024020412,2024-12-05,OTT,8476999,2.336,1,20
2024020412,2024-12-05,DET,8478024,1.880,2,32
2024020413,2024-12-05,TBL,8476883,2.159,1,21
2024020413,2024-12-05,SJS,8477970,1.041,5,12
2024020413,2024-12-05,SJS,8478406,1.804,3,23
2024020414,2024-12-05,PHI,8478905,0.634,2,7
2024020414,2024-12-05,PHI,8482783,1.737,4,20
2024020414,2024-12-05,FLA,8481519,2.483,5,34
2024020415,2024-12-05,CAR,8481611,2.435,3,19
2024020415,2024-12-05,COL,8475809,3.448,4,34
2024020416,2024-12-05,NYI,8477405,0.826,0,11
2024020416,2024-12-05,NYI,8478009,1.644,4,13
2024020416,2024-12-05,SEA,8478916,2.693,2,29
2024020417,2024-12-05,CGY,8478435,2.798,4,24
2024020417,2024-12-05,STL,8476412,3.654,3,39
2024020418,2024-12-05,EDM,8475717,1.856,3,22
2024020418,2024-12-05,CBJ,8480193,3.845,6,36
2024020419,2024-12-06,TOR,8476932,2.570,2,25
2024020419,2024-12-06,WSH,8479292,2.175,1,21
2024020420,2024-12-06,NJD,8474593,2.242,2,19
2024020420,2024-12-06,SEA,8475831,4.021,3,36
2024020421,2024-12-06,NYR,8478048,3.252,2,22
2024020421,2024-12-06,PIT,8477968,2.330,4,32
2024020422,2024-12-06,VAN,8480947,2.684,2,32
2024020422,2024-12-06,CBJ,8478007,1.819,4,16
2024020423,2024-12-06,VGK,8478499,3.929,2,40
2024020423,2024-12-06,DAL,8479979,2.634,3,28
2024020424,2024-12-06,ANA,8476434,3.523,4,32
2024020424,2024-12-06,MIN,8479406,2.619,1,27
2024020425,2024-12-07,BOS,8480280,2.191,3,26
2024020425,2024-12-07,PHI,8482783,3.553,4,31
2024020426,2024-12-07,BUF,8480045,2.703,5,28
2024020426,2024-12-07,UTA,8478872,2.808,2,25
2024020427,2024-12-07,CHI,8475852,0.361,0,4
2024020427,2024-12-07,CHI,8482821,2.913,3,24
2024020427,2024-12-07,WPG,8476945,0.957,2,14
2024020428,2024-12-07,NYI,8478009,2.369,3,31
2024020428,2024-12-07,CAR,8481611,2.645,4,25
2024020429,2024-12-07,FLA,8475683,3.385,1,29
2024020429,2024-12-07,SJS,8478406,4.733,3,54
2024020430,2024-12-07,MTL,8478470,4.060,4,35
2024020430,2024-12-07,WSH,8480313,2.592,2,24
2024020431,2024-12-07,OTT,8476999,3.069,1,37
2024020431,2024-12-07,NSH,8477424,2.883,3,30
2024020432,2024-12-07,DET,8478024,2.209,2,25
2024020432,2024-12-07,COL,8480382,3.344,1,30
2024020433,2024-12-07,PIT,8477465,2.917,2,27
2024020433,2024-12-07,TOR,8479361,2.776,3,27
2024020434,2024-12-07,LAK,8475311,2.340,1,23
2024020434,2024-12-07,MIN,8470594,1.914,2,32
2024020435,2024-12-07,EDM,8479973,3.223,2,31
2024020435,2024-12-07,STL,8476412,2.873,4,21
2024020436,2024-12-08,NYR,8471734,1.800,6,21
2024020436,2024-12-08,SEA,8475831,3.286,5,37
2024020437,2024-12-08,VAN,8480947,3.070,3,32
2024020437,2024-12-08,TBL,8476883,2.450,2,25
2024020438,2024-12-08,OTT,8476341,1.179,3,12
2024020438,2024-12-08,NYI,8478009,2.916,2,31
2024020439,2024-12-08,WPG,8477480,2.251,3,27
2024020439,2024-12-08,CBJ,8478007,2.740,1,25
2024020440,2024-12-08,NJD,8474596,1.661,3,23
2024020440,2024-12-08,COL,8475809,3.358,0,25
2024020441,2024-12-08,PHI,8481035,2.456,4,25
2024020441,2024-12-08,UTA,8483530,3.149,2,24
2024020442,2024-12-08,DAL,8479979,1.935,2,31
2024020442,2024-12-08,CGY,8481692,2.925,6,28
2024020443,2024-12-09,BUF,8473503,3.512,5,31
2024020443,2024-12-09,DET,8478024,0.629,3,7
2024020443,2024-12-09,DET,8482657,1.544,2,14
2024020444,2024-12-09,NYR,8478048,3.247,2,32
2024020444,2024-12-09,CHI,8482821,2.577,1,30
2024020445,2024-12-09,MTL,8478470,4.024,2,29
2024020445,2024-12-09,ANA,8480843,2.318,2,21
2024020446,2024-12-10,NJD,8474593,3.077,2,17
2024020446,2024-12-10,TOR,8476932,4.534,1,39
2024020447,2024-12-10,PIT,8477465,1.968,5,26
2024020447,2024-12-10,COL,8475809,2.487,2,27
2024020448,2024-12-10,CAR,8481611,2.572,2,23
2024020448,2024-12-10,SJS,8477970,3.826,3,28
2024020449,2024-12-10,CBJ,8478007,2.770,5,25
2024020449,2024-12-10,PHI,8481035,1.848,3,18
2024020450,2024-12-10,NYI,8478009,3.213,2,29
2024020450,2024-12-10,LAK,8475311,2.630,1,20
2024020451,2024-12-10,NSH,8477424,2.977,4,28
2024020451,2024-12-10,CGY,8478435,1.865,3,20
2024020452,2024-12-10,WPG,8476945,3.094,1,24
2024020452,2024-12-10,BOS,8480280,3.360,8,35
2024020453,2024-12-10,EDM,8479973,1.887,1,22
2024020453,2024-12-10,TBL,8476883,2.566,2,26
2024020454,2024-12-10,UTA,8478872,4.319,4,38
2024020454,2024-12-10,MIN,8479406,3.557,4,25
2024020455,2024-12-10,VAN,8477967,2.684,4,25
2024020455,2024-12-10,STL,8480981,3.109,3,25
2024020456,2024-12-10,SEA,8478916,3.486,1,33
2024020456,2024-12-10,FLA,8475683,1.671,1,18
2024020457,2024-12-11,BUF,8480045,2.600,2,27
2024020457,2024-12-11,NYR,8478048,3.389,2,31
2024020458,2024-12-11,OTT,8476999,2.184,1,32
2024020458,2024-12-11,ANA,8476434,3.238,5,34
2024020459,2024-12-12,TOR,8476932,0.594,1,8
2024020459,2024-12-12,TOR,8479361,1.418,1,20
2024020459,2024-12-12,ANA,8480843,3.557,3,33
2024020460,2024-12-12,MTL,8478470,3.009,6,26
2024020460,2024-12-12,MTL,8480051,0.992,3,7
2024020460,2024-12-12,PIT,8477465,2.565,2,23
2024020461,2024-12-12,NJD,8474593,2.142,1,14
2024020461,2024-12-12,LAK,8479496,2.450,3,26
2024020462,2024-12-12,PHI,8482783,1.962,1,26
2024020462,2024-12-12,DET,8475660,2.190,2,34
2024020463,2024-12-12,CBJ,8482982,3.626,2,37
2024020463,2024-12-12,WSH,8479292,3.690,1,33
2024020464,2024-12-12,NYI,8478009,2.242,4,30
2024020464,2024-12-12,CHI,8482123,0.202,0,2
2024020464,2024-12-12,CHI,8482821,1.253,5,19
2024020465,2024-12-12,STL,8476412,2.615,4,31
2024020465,2024-12-12,SJS,8480382,2.395,3,20
2024020466,2024-12-12,DAL,8479979,2.676,3,25
2024020466,2024-12-12,NSH,8481020,3.547,1,36
2024020467,2024-12-12,MIN,8470594,0.700,2,9
2024020467,2024-12-12,MIN,8479406,2.239,5,26
2024020467,2024-12-12,EDM,8475717,2.155,1,30
2024020468,2024-12-12,WPG,8476945,3.395,3,36
2024020468,2024-12-12,VGK,8478499,1.363,2,20
2024020469,2024-12-12,COL,8475809,1.451,3,22
2024020469,2024-12-12,UTA,8478872,2.294,1,24
2024020470,2024-12-12,CGY,8478435,3.198,8,26
2024020470,2024-12-12,TBL,8476883,1.237,3,22
2024020471,2024-12-12,VAN,8480947,2.303,0,27
2024020471,2024-12-12,FLA,8475683,1.516,4,19
2024020472,2024-12-12,SEA,8475831,3.477,1,34
2024020472,2024-12-12,BOS,8476914,2.846,4,20
2024020473,2024-12-13,CAR,8481611,1.486,2,21
2024020473,2024-12-13,OTT,8476999,2.872,0,32
2024020474,2024-12-14,NJD,8474593,2.156,1,17
2024020474,2024-12-14,CHI,8482123,3.326,4,24
2024020475,2024-12-14,NYR,8471734,0.946,0,11
2024020475,2024-12-14,NYR,8478048,1.916,5,21
2024020475,2024-12-14,LAK,8475311,2.816,1,32
2024020476,2024-12-14,MIN,8470594,1.578,1,22
2024020476,2024-12-14,PHI,8481035,1.389,3,21
2024020477,2024-12-14,EDM,8479973,5.099,3,42
2024020477,2024-12-14,VGK,8478499,3.062,6,34
2024020478,2024-12-14,OTT,8476999,2.079,2,27
2024020478,2024-12-14,PIT,8477465,2.812,3,31
2024020479,2024-12-14,DET,8478024,2.796,2,25
2024020479,2024-12-14,TOR,8479361,2.900,3,25
2024020480,2024-12-14,WSH,8480313,2.754,2,21
2024020480,2024-12-14,BUF,8480045,3.283,3,30
2024020481,2024-12-14,CBJ,8482982,2.742,4,27
2024020481,2024-12-14,ANA,8476434,3.834,3,42
2024020482,2024-12-14,WPG,8476945,2.541,2,28
2024020482,2024-12-14,MTL,8478470,2.753,3,26
2024020483,2024-12-14,DAL,8479979,2.331,1,16
2024020483,2024-12-14,STL,8476412,4.640,2,37
2024020484,2024-12-14,COL,8478406,2.641,2,39
2024020484,2024-12-14,NSH,8477424,2.174,3,31
2024020485,2024-12-14,CGY,8481692,2.613,0,32
2024020485,2024-12-14,FLA,8481519,2.004,3,27
2024020486,2024-12-14,VAN,8477967,2.939,5,28
2024020486,2024-12-14,BOS,8480280,1.745,1,20
2024020487,2024-12-14,SJS,8477970,3.368,4,40
2024020487,2024-12-14,UTA,8478872,1.917,3,22
2024020488,2024-12-14,SEA,8475831,2.960,4,30
2024020488,2024-12-14,TBL,8477992,2.598,1,22
2024020489,2024-12-15,CHI,8482821,3.202,3,33
2024020489,2024-12-15,NYI,8478009,2.266,4,22
2024020490,2024-12-15,TOR,8483710,2.369,3,27
2024020490,2024-12-15,BUF,8482221,4.716,4,40
2024020491,2024-12-15,CAR,8474682,1.657,1,28
2024020491,2024-12-15,CBJ,8478007,2.935,4,28
2024020492,2024-12-15,STL,8480981,1.515,2,28
2024020492,2024-12-15,NYR,8471734,1.855,3,24
2024020493,2024-12-15,MIN,8482661,1.452,3,27
2024020493,2024-12-15,VGK,8478492,2.020,2,22
2024020494,2024-12-16,DAL,8479979,2.825,1,26
2024020494,2024-12-16,WSH,8479292,2.263,3,24
2024020495,2024-12-16,EDM,8479973,2.569,6,28
2024020495,2024-12-16,FLA,8475683,2.740,5,30
2024020496,2024-12-16,VAN,8477967,3.085,1,31
2024020496,2024-12-16,COL,8478406,2.333,2,24
2024020497,2024-12-17,MTL,8478470,2.953,1,21
2024020497,2024-12-17,BUF,8473503,0.497,0,6
2024020497,2024-12-17,BUF,8480045,2.120,6,21
2024020498,2024-12-17,TBL,8476883,3.204,3,32
2024020498,2024-12-17,CBJ,8482982,3.019,4,32
2024020499,2024-12-17,PIT,8477968,2.892,2,31
2024020499,2024-12-17,LAK,8475311,2.701,3,31
2024020500,2024-12-17,CAR,8481611,2.942,0,32
2024020500,2024-12-17,NYI,8477405,0.634,0,6
2024020500,2024-12-17,NYI,8478009,2.398,4,23
2024020501,2024-12-17,STL,8476412,2.455,3,27
2024020501,2024-12-17,NJD,8474593,1.953,1,20
2024020502,2024-12-17,NSH,8477424,2.411,0,25
2024020502,2024-12-17,NYR,8478048,2.888,2,32
2024020503,2024-12-17,CHI,8482821,2.003,2,22
2024020503,2024-12-17,WSH,8480313,1.958,3,23
2024020504,2024-12-17,CGY,8481692,3.700,4,35
2024020504,2024-12-17,BOS,8480280,2.054,3,23
2024020505,2024-12-17,SEA,8478916,2.383,3,27
2024020505,2024-12-17,OTT,8476999,2.510,0,30
2024020506,2024-12-17,SJS,8480382,3.029,4,33
2024020506,2024-12-17,WPG,8476945,2.845,3,35
2024020507,2024-12-18,DET,8479312,2.304,4,19
2024020507,2024-12-18,PHI,8481035,2.786,5,23
2024020508,2024-12-18,DAL,8479193,0.487,0,6
2024020508,2024-12-18,DAL,8479979,1.181,4,12
2024020508,2024-12-18,TOR,8479361,3.370,3,39
2024020509,2024-12-18,MIN,8470594,3.129,6,33
2024020509,2024-12-18,FLA,8475683,2.076,1,27
2024020510,2024-12-18,UTA,8478872,3.171,2,26
2024020510,2024-12-18,VAN,8477967,3.794,3,31
2024020511,2024-12-18,ANA,8480843,2.598,2,23
2024020511,2024-12-18,WPG,8477480,3.278,3,31
2024020512,2024-12-19,TBL,8476883,2.393,1,32
2024020512,2024-12-19,STL,8476412,1.476,3,11
2024020512,2024-12-19,STL,8480981,0.651,0,7
2024020513,2024-12-19,PHI,8482783,2.856,6,26
2024020513,2024-12-19,LAK,8475311,2.195,3,26
2024020514,2024-12-19,CBJ,8478007,5.353,2,42
2024020514,2024-12-19,NJD,8474596,2.108,3,19
2024020515,2024-12-19,NSH,8477424,1.387,5,20
2024020515,2024-12-19,PIT,8477465,3.339,4,26
2024020516,2024-12-19,CHI,8482821,2.367,1,27
2024020516,2024-12-19,SEA,8478916,2.520,3,24
2024020517,2024-12-19,CGY,8478435,2.829,3,29
2024020517,2024-12-19,OTT,8476999,3.347,2,32
2024020518,2024-12-19,EDM,8479973,3.325,2,26
2024020518,2024-12-19,BOS,8480280,2.393,3,26
2024020519,2024-12-19,VGK,8478499,2.356,1,20
2024020519,2024-12-19,VAN,8480947,2.004,2,20
2024020520,2024-12-19,SJS,8480382,2.822,4,31
2024020520,2024-12-19,COL,8478406,2.624,2,34
2024020521,2024-12-20,BUF,8473503,1.957,1,15
2024020521,2024-12-20,BUF,8480045,0.936,4,13
2024020521,2024-12-20,TOR,8476899,2.117,3,27
2024020522,2024-12-20,DET,8475660,3.079,4,33
2024020522,2024-12-20,MTL,8478470,2.809,3,28
2024020523,2024-12-20,FLA,8475683,2.409,1,27
2024020523,2024-12-20,STL,8480981,1.822,2,27
2024020524,2024-12-20,WSH,8479292,3.457,1,25
2024020524,2024-12-20,CAR,8481611,2.356,3,22
2024020525,2024-12-20,DAL,8479979,2.769,2,29
2024020525,2024-12-20,NYR,8478048,5.867,1,42
2024020526,2024-12-20,MIN,8470594,1.225,2,18
2024020526,2024-12-20,UTA,8478872,2.688,1,29
2024020527,2024-12-20,ANA,8476434,2.845,3,22
2024020527,2024-12-20,COL,8475809,2.732,2,32
2024020528,2024-12-21,NSH,8481020,1.726,2,24
2024020528,2024-12-21,LAK,8475311,2.022,3,26
2024020529,2024-12-21,CGY,8481692,2.932,4,28
2024020529,2024-12-21,CHI,8475852,2.227,5,29
2024020530,2024-12-21,EDM,8475717,1.889,2,22
2024020530,2024-12-21,SJS,8482137,4.280,3,42
2024020531,2024-12-21,BOS,8476914,1.984,1,20
2024020531,2024-12-21,BUF,8473503,2.142,2,18
2024020532,2024-12-21,TOR,8479361,3.138,5,33
2024020532,2024-12-21,NYI,8478009,2.745,3,29
2024020533,2024-12-21,MTL,8478470,2.361,1,21
2024020533,2024-12-21,DET,8479312,2.436,5,24
2024020534,2024-12-21,NJD,8474593,1.801,0,12
2024020534,2024-12-21,PIT,8477465,3.082,2,26
2024020535,2024-12-21,PHI,8481035,2.090,4,25
2024020535,2024-12-21,CBJ,8478007,3.276,5,30
2024020536,2024-12-21,WPG,8476945,2.334,0,19
2024020536,2024-12-21,MIN,8482661,3.155,5,24
2024020537,2024-12-21,VAN,8480947,3.074,5,22
2024020537,2024-12-21,OTT,8482447,2.749,4,25
2024020538,2024-12-21,VGK,8478492,2.529,2,23
2024020538,2024-12-21,SEA,8475831,2.977,5,33
2024020539,2024-12-22,NYR,8478048,4.357,2,32
2024020539,2024-12-22,CAR,8481611,2.578,1,23
2024020540,2024-12-22,TBL,8476883,1.968,3,25
2024020540,2024-12-22,FLA,8481519,1.867,2,21
2024020541,2024-12-22,WSH,8480313,2.140,1,26
2024020541,2024-12-22,LAK,8479496,1.791,2,20
2024020542,2024-12-22,UTA,8483530,2.385,4,30
2024020542,2024-12-22,ANA,8480843,3.516,4,25
2024020543,2024-12-22,COL,8478406,2.030,2,19
2024020543,2024-12-22,SEA,8478916,2.249,3,27
2024020544,2024-12-22,EDM,8479973,2.049,1,21
2024020544,2024-12-22,OTT,8476999,0.653,1,7
2024020544,2024-12-22,OTT,8482447,2.661,2,14
2024020545,2024-12-23,NJD,8474593,2.309,0,12
2024020545,2024-12-23,NYR,8471734,4.258,5,30
2024020546,2024-12-23,TOR,8479361,2.601,4,26
2024020546,2024-12-23,WPG,8476945,2.634,2,25
2024020547,2024-12-23,BOS,8480280,1.254,1,11
2024020547,2024-12-23,WSH,8479292,2.558,3,21
2024020548,2024-12-23,DET,8475660,2.648,3,20
2024020548,2024-12-23,STL,8476412,1.415,0,19
2024020549,2024-12-23,FLA,8475683,2.640,3,28
2024020549,2024-12-23,TBL,8477992,3.899,0,36
2024020550,2024-12-23,PIT,8477465,1.890,3,27
2024020550,2024-12-23,PHI,8481035,1.838,5,14
2024020550,2024-12-23,PHI,8482783,0.476,1,7
2024020551,2024-12-23,CBJ,8482982,3.030,4,31
2024020551,2024-12-23,MTL,8478470,3.241,5,32
2024020552,2024-12-23,NYI,8478009,2.075,6,24
2024020552,2024-12-23,BUF,8480045,2.185,1,28
2024020553,2024-12-23,NSH,8477424,2.066,2,27
2024020553,2024-12-23,CAR,8474682,2.627,4,24
2024020554,2024-12-23,MIN,8479406,2.178,3,31
2024020554,2024-12-23,CHI,8482821,2.693,3,26
2024020555,2024-12-23,VAN,8477967,2.972,3,29
2024020555,2024-12-23,SJS,8482137,2.745,4,24
2024020556,2024-12-23,UTA,8478872,3.625,3,29
2024020556,2024-12-23,DAL,8479193,2.815,2,26
2024020557,2024-12-23,VGK,8478499,2.923,1,32
2024020557,2024-12-23,ANA,8476434,1.145,0,11
2024020557,2024-12-23,ANA,8480843,3.132,3,22
2024020558,2024-12-27,BUF,8480045,1.842,2,17
2024020558,2024-12-27,CHI,8475852,1.110,4,11
2024020558,2024-12-27,CHI,8482821,2.538,2,24
2024020559,2024-12-27,DET,8475660,2.032,5,21
2024020559,2024-12-27,DET,8479312,0.291,0,2
2024020559,2024-12-27,TOR,8479361,3.228,2,25
2024020560,2024-12-27,NJD,8474593,3.092,2,31
2024020560,2024-12-27,CAR,8481611,1.983,4,23
2024020561,2024-12-27,CBJ,8478007,2.761,2,26
2024020561,2024-12-27,BOS,8476914,4.116,6,33
2024020562,2024-12-27,STL,8480981,2.358,4,30
2024020562,2024-12-27,NSH,8477424,0.928,5,16
2024020562,2024-12-27,NSH,8481020,1.166,1,13
2024020563,2024-12-27,DAL,8479979,1.826,3,18
2024020563,2024-12-27,MIN,8479406,3.124,2,29
2024020564,2024-12-27,UTA,8478872,3.649,2,35
2024020564,2024-12-27,COL,8478406,3.655,1,35
2024020565,2024-12-27,SJS,8480382,3.631,5,35
2024020565,2024-12-27,VGK,8478499,2.602,3,25
2024020566,2024-12-28,FLA,8481519,1.975,4,25
2024020566,2024-12-28,MTL,8482487,2.492,0,34
2024020567,2024-12-28,VAN,8477967,3.121,5,29
2024020567,2024-12-28,SEA,8475831,2.209,4,22
2024020568,2024-12-28,ANA,8480843,2.697,2,24
2024020568,2024-12-28,PHI,8481035,2.641,1,33
2024020569,2024-12-28,LAK,8475311,2.664,3,27
2024020569,2024-12-28,EDM,8479973,3.293,4,29
2024020570,2024-12-28,BOS,8480280,2.381,0,18
2024020570,2024-12-28,CBJ,8480193,2.216,4,28
2024020571,2024-12-28,TOR,8476899,2.355,4,31
2024020571,2024-12-28,WSH,8480313,3.460,2,37
2024020572,2024-12-28,TBL,8476883,4.588,2,44
2024020572,2024-12-28,NYR,8471734,0.911,1,12
2024020572,2024-12-28,NYR,8478048,1.878,5,13
2024020573,2024-12-28,CAR,8474682,2.504,2,23
2024020573,2024-12-28,NJD,8474596,3.068,4,40
2024020574,2024-12-28,WPG,8476945,3.430,2,35
2024020574,2024-12-28,OTT,8481544,4.001,4,23
2024020575,2024-12-28,NYI,8478009,2.546,3,25
2024020575,2024-12-28,PIT,8477465,3.310,5,34
2024020576,2024-12-28,SJS,8482137,3.637,2,32
2024020576,2024-12-28,CGY,8481692,2.283,1,22
2024020577,2024-12-29,CHI,8482821,3.276,5,35
2024020577,2024-12-29,DAL,8479979,1.865,1,25
2024020578,2024-12-29,ANA,8480843,2.353,3,23
2024020578,2024-12-29,EDM,8475717,3.105,4,31
2024020579,2024-12-29,DET,8479312,2.402,2,27
2024020579,2024-12-29,WSH,8479292,2.893,4,27
2024020580,2024-12-29,TBL,8477992,2.726,4,36
2024020580,2024-12-29,MTL,8478470,2.404,2,23
2024020581,2024-12-29,PIT,8477968,2.405,2,31
2024020581,2024-12-29,NYI,8477405,4.213,3,41
2024020582,2024-12-29,STL,8476412,1.462,4,16
2024020582,2024-12-29,BUF,8480045,3.983,2,37
2024020583,2024-12-29,MIN,8479406,3.000,2,36
2024020583,2024-12-29,OTT,8482447,2.103,1,31
2024020584,2024-12-29,VGK,8478492,2.853,0,31
2024020584,2024-12-29,CGY,8478435,3.771,2,36
2024020585,2024-12-29,LAK,8479496,2.920,4,21
2024020585,2024-12-29,PHI,8482783,2.370,5,20
2024020586,2024-12-30,FLA,8475683,3.854,3,35
2024020586,2024-12-30,NYR,8478048,2.556,4,25
2024020587,2024-12-30,WPG,8476945,1.971,0,22
2024020587,2024-12-30,NSH,8477424,3.585,3,28
2024020588,2024-12-30,SEA,8475831,3.151,2,30
2024020588,2024-12-30,UTA,8478872,2.769,4,32
2024020589,2024-12-31,WSH,8480313,3.768,1,27
2024020589,2024-12-31,BOS,8480280,3.815,2,26
2024020590,2024-12-31,TOR,8479361,2.807,1,31
2024020590,2024-12-31,NYI,8478009,2.197,2,24
2024020591,2024-12-31,VGK,8478499,2.018,3,22
2024020591,2024-12-31,MTL,8478470,2.536,2,29
2024020592,2024-12-31,CHI,8475852,3.062,6,28
2024020592,2024-12-31,STL,8476412,2.659,2,30
2024020593,2024-12-31,DET,8479312,2.674,2,25
2024020593,2024-12-31,PIT,8477968,3.285,3,24
2024020594,2024-12-31,CBJ,8478007,3.723,3,35
2024020594,2024-12-31,CAR,8481611,2.399,3,28
2024020595,2024-12-31,DAL,8479193,2.401,2,23
2024020595,2024-12-31,BUF,8480045,4.313,3,32
2024020596,2024-12-31,MIN,8479406,4.212,3,46
2024020596,2024-12-31,NSH,8481020,3.305,5,38
2024020597,2024-12-31,COL,8478406,2.629,2,22
2024020597,2024-12-31,WPG,8477480,2.138,3,36
2024020598,2024-12-31,ANA,8480843,3.240,2,34
2024020598,2024-12-31,NJD,8474593,2.491,3,26
2024020599,2024-12-31,SJS,8480382,2.943,4,34
2024020599,2024-12-31,PHI,8481035,0.970,0,15
2024020599,2024-12-31,PHI,8482783,0.675,0,7
2024020600,2024-12-31,CGY,8481692,1.901,1,24
2024020600,2024-12-31,VAN,8480947,2.275,2,28
2024020601,2024-12-31,EDM,8479973,2.662,1,27
2024020601,2024-12-31,UTA,8483530,3.235,3,37
2024020602,2025-01-01,LAK,8475311,3.268,0,33
2024020602,2025-01-01,NJD,8474596,2.986,2,23
2024020603,2025-01-02,FLA,8475683,2.358,2,39
2024020603,2025-01-02,CAR,8481611,3.086,1,26
2024020604,2025-01-02,NYR,8471734,2.448,1,33
2024020604,2025-01-02,BOS,8480280,2.123,2,27
2024020605,2025-01-02,WSH,8479292,3.790,3,33
2024020605,2025-01-02,MIN,8470594,2.623,3,31
2024020606,2025-01-02,CBJ,8478007,2.419,5,26
2024020606,2025-01-02,DET,8475660,1.963,4,25
2024020607,2025-01-02,NYI,8478009,2.841,2,31
2024020607,2025-01-02,TOR,8479361,3.531,1,33
2024020608,2025-01-02,DAL,8479979,1.722,2,13
2024020608,2025-01-02,OTT,8482447,3.213,4,25
2024020609,2025-01-02,WPG,8476945,1.513,4,24
2024020609,2025-01-02,ANA,8476434,3.604,3,30
2024020610,2025-01-02,COL,8475809,1.558,4,18
2024020610,2025-01-02,COL,8478406,0.487,1,3
2024020610,2025-01-02,BUF,8480045,2.936,6,29
2024020611,2025-01-02,CGY,8478435,1.908,4,25
2024020611,2025-01-02,UTA,8478872,1.676,3,26
2024020612,2025-01-02,VGK,8478492,3.281,2,25
2024020612,2025-01-02,PHI,8482783,2.306,4,26
2024020613,2025-01-02,SEA,8475831,2.536,3,22
2024020613,2025-01-02,VAN,8477967,1.157,1,12
2024020613,2025-01-02,VAN,8480947,1.653,2,15
2024020614,2025-01-02,SJS,8482137,2.306,1,25
2024020614,2025-01-02,TBL,8476883,1.836,2,25
2024020615,2025-01-03,FLA,8481519,4.657,2,31
2024020615,2025-01-03,PIT,8477465,3.996,2,33
2024020616,2025-01-03,CHI,8482821,4.168,2,40
2024020616,2025-01-03,MTL,8478470,4.083,4,26
2024020617,2025-01-03,STL,8476412,1.558,0,20
2024020617,2025-01-03,OTT,8476341,2.719,4,25
2024020618,2025-01-03,EDM,8479973,2.242,2,29
2024020618,2025-01-03,ANA,8480843,3.032,3,26
2024020619,2025-01-03,VAN,8480947,1.989,1,17
2024020619,2025-01-03,NSH,8477424,2.222,0,27
2024020620,2025-01-04,WSH,8480313,3.623,4,33
2024020620,2025-01-04,NYR,8471734,3.650,6,27
2024020621,2025-01-04,WPG,8476945,2.093,3,28
2024020621,2025-01-04,DET,8479312,2.891,2,23
2024020622,2025-01-04,SJS,8482137,3.039,2,30
2024020622,2025-01-04,NJD,8474593,2.754,3,24
2024020623,2025-01-04,TOR,8479361,2.436,4,31
2024020623,2025-01-04,BOS,8480280,2.040,4,27
2024020624,2025-01-04,CAR,8481611,1.978,3,26
2024020624,2025-01-04,MIN,8479406,2.625,0,21
2024020625,2025-01-04,CBJ,8478007,3.846,4,33
2024020625,2025-01-04,STL,8480981,3.162,5,38
2024020626,2025-01-04,COL,8478406,2.321,1,23
2024020626,2025-01-04,MTL,8482487,2.797,1,23
2024020627,2025-01-04,CGY,8481692,2.528,3,27
2024020627,2025-01-04,NSH,8481020,2.798,1,32
2024020628,2025-01-04,DAL,8479979,3.733,2,35
2024020628,2025-01-04,UTA,8478872,3.369,3,29
2024020629,2025-01-04,LAK,8475311,2.432,1,34
2024020629,2025-01-04,TBL,8476883,1.359,2,21
2024020630,2025-01-04,VGK,8478499,2.538,1,24
2024020630,2025-01-04,BUF,8473503,2.790,3,33
2024020631,2025-01-04,SEA,8475831,3.376,3,31
2024020631,2025-01-04,EDM,8475717,1.259,2,18
2024020632,2025-01-05,CHI,8482821,2.512,6,34
2024020632,2025-01-05,NYR,8475839,2.013,2,27
2024020633,2025-01-05,BOS,8476914,2.987,5,37
2024020633,2025-01-05,NYI,8478009,2.259,4,30
2024020634,2025-01-05,CAR,8474682,1.618,3,19
2024020634,2025-01-05,PIT,8477968,3.132,4,31
2024020635,2025-01-05,TOR,8483710,2.925,2,32
2024020635,2025-01-05,PHI,8478905,2.714,3,25
2024020636,2025-01-05,ANA,8476434,3.104,1,37
2024020636,2025-01-05,TBL,8477992,2.207,3,25
2024020637,2025-01-06,BUF,8480045,2.389,3,28
2024020637,2025-01-06,WSH,8479292,3.324,3,27
2024020638,2025-01-06,MTL,8478470,2.164,4,20
2024020638,2025-01-06,VAN,8480947,3.462,5,24
2024020639,2025-01-06,COL,8478406,3.498,1,27
2024020639,2025-01-06,FLA,8475683,3.284,2,33
2024020640,2025-01-06,SEA,8475831,2.712,3,29
2024020640,2025-01-06,NJD,8474593,2.335,2,24
2024020029,2025-01-07,TBL,8476883,2.157,2,31
2024020029,2025-01-07,CAR,8481611,3.235,3,33
2024020641,2025-01-07,BOS,8480280,4.595,3,38
2024020641,2025-01-07,EDM,8479973,2.734,0,26
2024020642,2025-01-07,DET,8475660,1.742,2,23
2024020642,2025-01-07,DET,8479312,0.618,0,10
2024020642,2025-01-07,OTT,8476341,3.049,3,33
2024020643,2025-01-07,NYR,8471734,3.109,5,39
2024020643,2025-01-07,DAL,8479979,2.888,4,26
2024020644,2025-01-07,PHI,8478905,2.307,3,17
2024020644,2025-01-07,TOR,8479361,3.951,2,32
2024020645,2025-01-07,PIT,8477465,1.865,3,29
2024020645,2025-01-07,CBJ,8478007,2.137,3,23
2024020646,2025-01-07,MIN,8470594,0.902,0,15
2024020646,2025-01-07,MIN,8479406,1.086,4,18
2024020646,2025-01-07,STL,8476412,1.599,5,25
2024020647,2025-01-07,WPG,8476945,4.026,2,28
2024020647,2025-01-07,NSH,8477424,2.417,4,30
2024020648,2025-01-07,ANA,8476434,4.162,3,33
2024020648,2025-01-07,CGY,8481692,2.465,2,28
2024020649,2025-01-07,SJS,8480382,4.178,3,41
2024020649,2025-01-07,VGK,8478492,1.654,2,21
2024020650,2025-01-08,WSH,8480313,4.312,1,31
2024020650,2025-01-08,VAN,8480947,3.319,2,18
2024020651,2025-01-08,CHI,8475852,2.933,1,36
2024020651,2025-01-08,COL,8481529,1.842,3,20
2024020652,2025-01-08,UTA,8478872,2.999,2,31
2024020652,2025-01-08,FLA,8475683,3.303,1,26
2024020654,2025-01-09,OTT,8476341,2.148,4,21
2024020654,2025-01-09,BUF,8480045,2.657,0,35
2024020655,2025-01-09,TBL,8476883,2.536,1,28
2024020655,2025-01-09,BOS,8480280,3.384,3,30
2024020656,2025-01-09,NYR,8478048,3.690,2,23
2024020656,2025-01-09,NJD,8474593,3.195,3,32
2024020657,2025-01-09,PHI,8481035,2.374,3,22
2024020657,2025-01-09,DAL,8479193,2.515,1,28
2024020658,2025-01-09,PIT,8477968,3.561,3,43
2024020658,2025-01-09,EDM,8479973,2.547,5,26
2024020659,2025-01-09,CAR,8481611,2.756,3,33
2024020659,2025-01-09,TOR,8479361,3.940,5,33
2024020660,2025-01-09,CBJ,8478007,2.517,2,31
2024020660,2025-01-09,SEA,8475831,1.476,5,19
2024020660,2025-01-09,SEA,8478916,0.288,0,4
2024020661,2025-01-09,STL,8480981,2.063,2,23
2024020661,2025-01-09,ANA,8476434,0.908,0,12
2024020661,2025-01-09,ANA,8480843,1.808,6,22
2024020662,2025-01-09,MIN,8479406,2.792,6,27
2024020662,2025-01-09,COL,8478406,2.714,1,25
2024020663,2025-01-09,VGK,8478499,1.765,3,20
2024020663,2025-01-09,NYI,8478009,2.647,0,30
2024020664,2025-01-10,DET,8475660,0.976,3,15
2024020664,2025-01-10,CHI,8475852,2.730,4,27
2024020665,2025-01-10,WSH,8479292,1.413,0,9
2024020665,2025-01-10,WSH,8480313,3.380,3,21
2024020665,2025-01-10,MTL,8482487,2.683,2,17
2024020666,2025-01-10,CAR,8474682,1.588,0,14
2024020666,2025-01-10,VAN,8477967,2.508,2,20
2024020667,2025-01-10,WPG,8477480,2.113,2,23
2024020667,2025-01-10,LAK,8475311,1.859,1,19
2024020668,2025-01-10,UTA,8478872,2.140,1,19
2024020668,2025-01-10,SJS,8480382,3.346,2,26
2024020669,2025-01-11,FLA,8475683,2.051,4,18
2024020669,2025-01-11,BOS,8480280,6.063,3,43
2024020670,2025-01-11,BUF,8480045,3.046,5,28
2024020670,2025-01-11,SEA,8478916,2.453,2,35
2024020671,2025-01-11,PIT,8477465,0.288,0,5
2024020671,2025-01-11,PIT,8477968,2.370,5,17
2024020671,2025-01-11,OTT,8482447,2.417,0,29
2024020672,2025-01-11,TOR,8483710,1.512,3,19
2024020672,2025-01-11,VAN,8480947,1.441,0,20
2024020673,2025-01-11,MTL,8478470,3.737,1,36
2024020673,2025-01-11,DAL,8479979,2.529,1,31
2024020674,2025-01-11,NJD,8474593,2.248,2,25
2024020674,2025-01-11,TBL,8476883,3.583,3,26
2024020675,2025-01-11,PHI,8481035,1.234,0,22
2024020675,2025-01-11,ANA,8476434,3.057,6,30
2024020676,2025-01-11,CHI,8482821,4.090,4,34
2024020676,2025-01-11,EDM,8475717,1.622,3,22
2024020677,2025-01-11,STL,8476412,2.160,2,30
2024020677,2025-01-11,CBJ,8482982,2.884,1,32
2024020678,2025-01-11,WPG,8476945,1.667,0,22
2024020678,2025-01-11,COL,8478406,1.993,2,28
2024020679,2025-01-11,NSH,8477424,1.521,3,15
2024020679,2025-01-11,WSH,8480313,2.893,1,33
2024020680,2025-01-11,UTA,8478971,3.368,2,32
2024020680,2025-01-11,NYI,8477405,2.116,1,22
2024020681,2025-01-11,CGY,8481692,3.032,1,32
2024020681,2025-01-11,LAK,8479496,2.419,2,18
2024020682,2025-01-11,VGK,8478492,2.638,2,26
2024020682,2025-01-11,NYR,8478048,3.122,1,30
2024020683,2025-01-11,SJS,8482137,1.889,3,22
2024020683,2025-01-11,MIN,8470594,2.867,1,37
2024020684,2025-01-12,DET,8475660,1.861,2,33
2024020684,2025-01-12,SEA,8475831,0.399,3,4
2024020684,2025-01-12,SEA,8478916,1.821,3,19
2024020685,2025-01-12,OTT,8482447,2.279,2,26
2024020685,2025-01-12,DAL,8479193,2.662,3,27
2024020686,2025-01-12,PIT,8477465,1.778,3,17
2024020686,2025-01-12,TBL,8477992,3.426,2,33
2024020687,2025-01-12,CAR,8481611,1.786,3,20
2024020687,2025-01-12,ANA,8480843,3.364,2,37
2024020688,2025-01-12,VGK,8478499,1.783,1,16
2024020688,2025-01-12,MIN,8479406,4.365,4,37
2024020689,2025-01-13,PHI,8481035,1.864,3,23
2024020689,2025-01-13,FLA,8475683,3.503,4,29
2024020690,2025-01-13,CHI,8475852,3.168,5,36
2024020690,2025-01-13,CGY,8481692,2.158,2,25
2024020691,2025-01-13,EDM,8479973,2.553,0,30
2024020691,2025-01-13,LAK,8475311,3.408,1,30
2024020692,2025-01-14,BOS,8480280,3.308,2,45
2024020692,2025-01-14,TBL,8476883,2.108,4,22
2024020693,2025-01-14,TOR,8479361,2.140,4,23
2024020693,2025-01-14,DAL,8479979,2.400,1,28
2024020694,2025-01-14,DET,8478024,1.841,5,23
2024020694,2025-01-14,SJS,8480382,3.513,3,28
2024020695,2025-01-14,NJD,8474593,2.297,1,28
2024020695,2025-01-14,FLA,8481519,2.849,1,27
2024020696,2025-01-14,PIT,8477465,1.468,3,17
2024020696,2025-01-14,SEA,8478916,3.261,2,33
2024020697,2025-01-14,WSH,8480313,1.721,0,19
2024020697,2025-01-14,ANA,8476434,3.257,3,25
2024020698,2025-01-14,CBJ,8480193,2.454,2,25
2024020698,2025-01-14,PHI,8478905,2.581,2,28
2024020699,2025-01-14,NYI,8477405,2.681,1,26
2024020699,2025-01-14,OTT,8482447,1.203,0,24
2024020700,2025-01-14,STL,8476412,1.774,1,28
2024020700,2025-01-14,CGY,8478435,2.026,2,25
2024020701,2025-01-14,NSH,8481020,2.033,3,22
2024020701,2025-01-14,VGK,8478492,2.150,4,22
2024020702,2025-01-14,WPG,8476945,1.754,1,24
2024020702,2025-01-14,VAN,8480947,4.058,6,33
2024020703,2025-01-14,COL,8478406,4.227,2,29
2024020703,2025-01-14,NYR,8478048,2.743,3,26
2024020704,2025-01-14,UTA,8478872,3.586,5,27
2024020704,2025-01-14,MTL,8478470,4.205,3,25
2024020705,2025-01-15,BUF,8480045,3.184,2,37
2024020705,2025-01-15,CAR,8474682,2.067,3,24
2024020706,2025-01-15,MIN,8479406,2.718,5,36
2024020706,2025-01-15,EDM,8475717,2.604,3,34
2024020707,2025-01-16,TOR,8479361,2.698,3,24
2024020707,2025-01-16,NJD,8474593,2.288,4,41
2024020708,2025-01-16,OTT,8482447,2.286,1,26
2024020708,2025-01-16,WSH,8480313,2.013,0,24
2024020709,2025-01-16,TBL,8476883,2.707,3,37
2024020709,2025-01-16,ANA,8480843,4.425,3,35
2024020710,2025-01-16,FLA,8475683,1.080,4,15
2024020710,2025-01-16,FLA,8481519,0.293,0,4
2024020710,2025-01-16,DET,8475660,4.218,2,43
2024020711,2025-01-16,CBJ,8478007,2.175,1,19
2024020711,2025-01-16,SJS,8480382,3.833,3,33
2024020712,2025-01-16,NYI,8478009,3.323,4,23
2024020712,2025-01-16,PHI,8481035,2.404,3,29
2024020713,2025-01-16,STL,8480981,2.369,1,29
2024020713,2025-01-16,CGY,8481692,3.416,4,29
2024020714,2025-01-16,NSH,8477424,2.281,2,26
2024020714,2025-01-16,CHI,8482821,3.983,2,41
2024020715,2025-01-16,DAL,8479979,3.143,2,23
2024020715,2025-01-16,MTL,8482487,3.487,1,33
2024020716,2025-01-16,WPG,8476945,1.338,1,18
2024020716,2025-01-16,SEA,8478916,2.367,2,36
2024020717,2025-01-16,UTA,8478872,2.846,4,24
2024020717,2025-01-16,NYR,8478048,3.233,3,31
2024020718,2025-01-16,COL,8478406,3.709,4,28
2024020718,2025-01-16,EDM,8479973,2.475,3,25
2024020719,2025-01-16,VAN,8477967,2.194,5,21
2024020719,2025-01-16,LAK,8475311,1.906,1,21
2024020720,2025-01-17,BUF,8480045,1.805,4,18
2024020720,2025-01-17,PIT,8477968,4.285,2,42
2024020721,2025-01-17,CAR,8481611,3.753,2,31
2024020721,2025-01-17,VGK,8478499,3.091,3,28
2024020722,2025-01-18,NJD,8474596,2.616,2,17
2024020722,2025-01-18,PHI,8481035,2.131,1,13
2024020723,2025-01-18,OTT,8482447,2.574,5,28
2024020723,2025-01-18,BOS,8480280,4.308,5,44
2024020724,2025-01-18,COL,8475809,2.833,3,29
2024020724,2025-01-18,DAL,8479193,3.492,6,36
2024020725,2025-01-18,FLA,8481519,3.094,0,34
2024020725,2025-01-18,ANA,8476434,3.900,2,44
2024020726,2025-01-18,MTL,8478470,3.459,6,33
2024020726,2025-01-18,TOR,8479361,4.213,3,35
2024020727,2025-01-18,TBL,8476883,3.306,1,39
2024020727,2025-01-18,DET,8475660,1.971,5,16
2024020727,2025-01-18,DET,8479312,0.557,0,6
2024020728,2025-01-18,NYR,8478048,2.592,0,27
2024020728,2025-01-18,CBJ,8480193,2.651,0,26
2024020729,2025-01-18,WSH,8480313,2.805,1,19
2024020729,2025-01-18,PIT,8482446,3.592,3,31
2024020730,2025-01-18,WPG,8477480,1.461,2,21
2024020730,2025-01-18,CGY,8481692,4.110,1,39
2024020731,2025-01-18,NYI,8477405,1.636,1,19
2024020731,2025-01-18,SJS,8480382,3.329,4,31
2024020732,2025-01-18,CHI,8475852,2.940,3,35
2024020732,2025-01-18,VGK,8478492,2.907,5,23
2024020733,2025-01-18,NSH,8477424,2.231,2,29
2024020733,2025-01-18,MIN,8470594,4.131,5,37
2024020734,2025-01-18,UTA,8478971,2.542,2,24
2024020734,2025-01-18,STL,8476412,2.712,4,33
2024020735,2025-01-18,VAN,8477967,1.462,2,15
2024020735,2025-01-18,EDM,8479973,2.208,3,27
2024020736,2025-01-18,SEA,8478916,2.396,2,30
2024020736,2025-01-18,LAK,8475311,2.624,3,21
2024020737,2025-01-19,NJD,8474593,2.089,2,20
2024020737,2025-01-19,OTT,8476341,2.134,1,26
2024020738,2025-01-19,MTL,8482487,3.635,4,28
2024020738,2025-01-19,NYR,8471734,4.931,5,37
2024020739,2025-01-19,DAL,8479979,3.165,1,34
2024020739,2025-01-19,DET,8479312,3.095,4,25
2024020740,2025-01-20,BOS,8476914,3.047,3,28
2024020740,2025-01-20,SJS,8482137,3.894,4,31
2024020741,2025-01-20,COL,8478406,2.413,3,26
2024020741,2025-01-20,MIN,8470594,2.704,1,27
2024020742,2025-01-20,SEA,8478916,3.423,4,29
2024020742,2025-01-20,BUF,8482221,2.635,5,33
2024020743,2025-01-20,VGK,8478499,2.055,4,28
2024020743,2025-01-20,STL,8476412,3.782,4,32
2024020744,2025-01-20,TOR,8479361,2.954,3,30
2024020744,2025-01-20,TBL,8477992,2.221,4,27
2024020745,2025-01-20,NYI,8478009,2.151,1,26
2024020745,2025-01-20,CBJ,8478007,2.562,3,25
2024020746,2025-01-20,CHI,8475852,3.894,4,48
2024020746,2025-01-20,CAR,8475883,2.167,3,25
2024020747,2025-01-20,UTA,8478971,2.116,2,25
2024020747,2025-01-20,WPG,8476945,2.225,4,27
2024020748,2025-01-20,LAK,8479496,2.423,5,33
2024020748,2025-01-20,PIT,8477968,2.317,1,26
2024020749,2025-01-21,MTL,8478470,5.230,2,35
2024020749,2025-01-21,TBL,8476883,2.288,3,22
2024020750,2025-01-21,NYR,8478048,1.449,0,20
2024020750,2025-01-21,OTT,8476341,1.246,3,13
2024020750,2025-01-21,OTT,8482447,0.813,2,16
2024020751,2025-01-21,PHI,8481035,2.263,1,28
2024020751,2025-01-21,DET,8479312,3.417,2,26
2024020752,2025-01-21,NSH,8477424,0.541,4,8
2024020752,2025-01-21,NSH,8481020,1.369,1,16
2024020752,2025-01-21,SJS,8480382,3.103,6,40
2024020753,2025-01-21,DAL,8479979,1.922,2,19
2024020753,2025-01-21,CAR,8481611,4.254,1,23
2024020754,2025-01-21,EDM,8479973,2.297,3,14
2024020754,2025-01-21,WSH,8480313,4.119,2,32
2024020755,2025-01-21,VAN,8477967,2.449,3,26
2024020755,2025-01-21,BUF,8480045,3.084,2,34
2024020756,2025-01-21,ANA,8480843,2.636,5,29
2024020756,2025-01-21,FLA,8475683,2.082,2,30
2024020757,2025-01-22,TOR,8483710,2.788,4,18
2024020757,2025-01-22,CBJ,8478007,3.727,1,29
2024020758,2025-01-22,NJD,8474593,0.547,1,7
2024020758,2025-01-22,NJD,8474596,1.907,0,16
2024020758,2025-01-22,BOS,8476914,0.600,1,6
2024020758,2025-01-22,BOS,8480280,3.154,4,28
2024020759,2025-01-22,COL,8478406,1.983,3,25
2024020759,2025-01-22,WPG,8476945,3.303,2,27
2024020760,2025-01-22,LAK,8475311,2.709,1,28
2024020760,2025-01-22,FLA,8481519,2.202,2,28
2024020761,2025-01-23,BOS,8476914,3.369,0,29
2024020761,2025-01-23,OTT,8476341,3.629,1,25
2024020762,2025-01-23,DET,8475660,2.388,2,29
2024020762,2025-01-23,MTL,8478470,4.427,4,45
2024020763,2025-01-23,NYR,8478048,4.166,1,34
2024020763,2025-01-23,PHI,8481035,3.086,5,36
2024020764,2025-01-23,CAR,8475883,1.375,4,22
2024020764,2025-01-23,CBJ,8480193,5.425,6,42
2024020765,2025-01-23,STL,8480981,2.722,3,30
2024020765,2025-01-23,VGK,8478492,2.326,2,17
2024020766,2025-01-23,MIN,8479406,2.258,4,29
2024020766,2025-01-23,UTA,8478872,2.626,0,26
2024020767,2025-01-23,CGY,8481692,3.613,2,34
2024020767,2025-01-23,BUF,8480045,2.856,3,24
2024020768,2025-01-23,EDM,8475717,1.640,2,26
2024020768,2025-01-23,VAN,8477967,4.939,6,34
2024020769,2025-01-23,ANA,8476434,2.599,1,32
2024020769,2025-01-23,PIT,8477968,3.141,4,33
2024020770,2025-01-23,SEA,8478916,3.352,2,32
2024020770,2025-01-23,WSH,8479292,1.675,0,22
2024020771,2025-01-23,SJS,8482137,3.696,6,38
2024020771,2025-01-23,NSH,8481020,2.722,5,35
2024020772,2025-01-24,NYI,8478009,2.567,1,30
2024020772,2025-01-24,PHI,8478905,2.041,3,27
2024020773,2025-01-24,CHI,8482821,3.901,4,40
2024020773,2025-01-24,TBL,8477992,1.782,3,14
2024020774,2025-01-24,DAL,8479979,2.907,3,21
2024020774,2025-01-24,VGK,8478499,3.201,4,27
2024020775,2025-01-24,WPG,8476945,1.875,2,19
2024020775,2025-01-24,UTA,8478971,2.792,4,28
2024020776,2025-01-25,BOS,8480280,2.146,1,28
2024020776,2025-01-25,COL,8475809,1.113,2,14
2024020777,2025-01-25,EDM,8479973,4.961,2,41
2024020777,2025-01-25,BUF,8473503,3.625,3,34
2024020778,2025-01-25,SEA,8478916,3.634,1,29
2024020778,2025-01-25,PIT,8482446,1.561,4,25
2024020779,2025-01-25,MTL,8482487,4.575,4,44
2024020779,2025-01-25,NJD,8474596,3.623,3,32
2024020780,2025-01-25,OTT,8476341,2.503,1,29
2024020780,2025-01-25,TOR,8479361,2.214,2,23
2024020781,2025-01-25,DET,8475660,3.497,0,28
2024020781,2025-01-25,TBL,8476883,3.317,1,31
2024020782,2025-01-25,CBJ,8478007,4.049,2,33
2024020782,2025-01-25,LAK,8475311,2.997,3,24
2024020783,2025-01-25,STL,8476412,2.024,2,19
2024020783,2025-01-25,DAL,8479193,2.923,0,33
2024020784,2025-01-25,MIN,8470594,1.935,5,29
2024020784,2025-01-25,CGY,8481692,2.291,4,25
2024020785,2025-01-25,NYI,8477405,3.121,2,26
2024020785,2025-01-25,NYI,8478009,0.235,0,1
2024020785,2025-01-25,CAR,8481611,1.710,3,27
2024020786,2025-01-25,VAN,8480947,2.970,1,33
2024020786,2025-01-25,WSH,8479292,1.935,2,25
2024020787,2025-01-25,ANA,8476434,0.708,1,10
2024020787,2025-01-25,ANA,8480843,4.437,1,33
2024020787,2025-01-25,NSH,8477424,3.232,5,35
2024020788,2025-01-25,SJS,8480382,1.585,4,15
2024020788,2025-01-25,SJS,8482137,2.022,3,17
2024020788,2025-01-25,FLA,8475683,2.316,2,23
2024020789,2025-01-26,NYR,8478048,2.677,5,22
2024020789,2025-01-26,COL,8478406,3.201,4,37
2024020790,2025-01-26,OTT,8482447,2.174,1,35
2024020790,2025-01-26,UTA,8478872,2.308,3,27
2024020791,2025-01-26,WPG,8477480,2.054,2,22
2024020791,2025-01-26,CGY,8478435,2.308,5,27
2024020792,2025-01-26,CHI,8475852,2.163,3,27
2024020792,2025-01-26,MIN,8479406,1.615,2,20
2024020793,2025-01-26,VGK,8478499,3.569,1,34
2024020793,2025-01-26,FLA,8481519,2.846,3,25
2024020794,2025-01-27,DET,8475660,3.602,2,26
2024020794,2025-01-27,LAK,8475311,3.042,4,27
2024020795,2025-01-27,PHI,8481035,2.681,2,33
2024020795,2025-01-27,NJD,8474596,1.542,3,25
2024020796,2025-01-27,STL,8476412,1.843,3,18
2024020796,2025-01-27,STL,8480981,0.502,1,11
2024020796,2025-01-27,VAN,8480947,2.211,2,26
2024020797,2025-01-27,EDM,8475717,2.807,2,28
2024020797,2025-01-27,SEA,8478916,3.230,3,30
2024020798,2025-01-27,SJS,8482137,4.142,1,30
2024020798,2025-01-27,PIT,8477968,2.262,2,28
2024020799,2025-01-28,BUF,8480045,2.917,2,27
2024020799,2025-01-28,BOS,8480280,2.502,6,32
2024020800,2025-01-28,MTL,8478470,2.913,3,23
2024020800,2025-01-28,WPG,8476945,2.720,1,25
2024020801,2025-01-28,TBL,8477992,2.229,3,20
2024020801,2025-01-28,CHI,8482821,3.884,1,35
2024020802,2025-01-28,NYR,8478048,2.261,4,26
2024020802,2025-01-28,CAR,8475883,2.648,0,22
2024020803,2025-01-28,NYI,8478009,4.020,2,32
2024020803,2025-01-28,COL,8478406,2.178,4,27
2024020804,2025-01-28,CGY,8481692,2.875,3,23
2024020804,2025-01-28,WSH,8480313,2.608,1,33
2024020805,2025-01-28,VGK,8478499,3.417,4,28
2024020805,2025-01-28,DAL,8479979,2.464,3,28
2024020806,2025-01-28,SEA,8475831,1.693,5,22
2024020806,2025-01-28,ANA,8480843,2.473,4,30
2024020807,2025-01-29,TOR,8479361,1.699,2,24
2024020807,2025-01-29,MIN,8479406,2.456,1,33
2024020808,2025-01-29,FLA,8475683,1.971,0,29
2024020808,2025-01-29,LAK,8475311,3.643,2,38
2024020809,2025-01-29,NJD,8474596,3.199,0,24
2024020809,2025-01-29,PHI,8478905,0.773,1,10
2024020809,2025-01-29,PHI,8481035,2.454,4,16
2024020810,2025-01-29,NSH,8477424,1.874,2,21
2024020810,2025-01-29,VAN,8477967,3.003,1,32
2024020811,2025-01-29,UTA,8478971,2.858,3,29
2024020811,2025-01-29,PIT,8477968,3.104,2,29
2024020812,2025-01-30,BOS,8476914,2.997,5,27
2024020812,2025-01-30,WPG,8476945,3.131,2,28
2024020813,2025-01-30,MTL,8482487,2.250,3,26
2024020813,2025-01-30,MIN,8470594,2.764,0,19
2024020814,2025-01-30,OTT,8476341,2.883,4,35
2024020814,2025-01-30,WSH,8479292,2.889,5,34
2024020815,2025-01-30,TBL,8476883,2.064,0,28
2024020815,2025-01-30,LAK,8479496,3.410,2,32
2024020816,2025-01-30,PHI,8478905,1.895,3,28
2024020816,2025-01-30,NYI,8478009,2.547,0,23
2024020817,2025-01-30,CAR,8481611,1.771,2,20
2024020817,2025-01-30,CHI,8482821,2.891,3,27
2024020818,2025-01-30,CGY,8481692,2.484,1,31
2024020818,2025-01-30,ANA,8476434,2.341,3,29
2024020819,2025-01-30,EDM,8479973,4.551,2,35
2024020819,2025-01-30,DET,8479312,5.939,2,47
2024020820,2025-01-30,VGK,8478492,2.461,2,24
2024020820,2025-01-30,CBJ,8478007,2.493,1,26
2024020821,2025-01-30,SEA,8478916,2.547,2,28
2024020821,2025-01-30,SJS,8480382,1.647,2,22
2024020821,2025-01-30,SJS,8482137,0.907,4,11
2024020822,2025-01-31,BUF,8480045,2.729,3,31
2024020822,2025-01-31,NSH,8481020,2.169,4,27
2024020823,2025-01-31,DAL,8479979,2.502,3,29
2024020823,2025-01-31,VAN,8477967,2.527,3,14
2024020824,2025-01-31,COL,8478406,1.859,0,19
2024020824,2025-01-31,STL,8480981,2.911,5,36
2024020825,2025-01-31,UTA,8478872,2.295,3,23
2024020825,2025-01-31,CBJ,8480193,3.625,2,34
2024020826,2025-02-01,FLA,8475683,2.090,1,25
2024020826,2025-02-01,CHI,8475852,5.727,5,44
2024020827,2025-02-01,BOS,8480280,3.602,3,25
2024020827,2025-02-01,NYR,8478048,3.121,5,24
2024020828,2025-02-01,OTT,8482447,1.215,0,16
2024020828,2025-02-01,MIN,8479406,3.968,6,52
2024020829,2025-02-01,TBL,8476883,2.768,3,36
2024020829,2025-02-01,NYI,8478009,4.265,2,31
2024020830,2025-02-01,PIT,8477968,2.603,0,25
2024020830,2025-02-01,NSH,8477424,3.642,2,35
2024020831,2025-02-01,WSH,8480313,3.514,5,30
2024020831,2025-02-01,WPG,8476945,2.406,4,29
2024020832,2025-02-01,CAR,8475883,2.672,4,26
2024020832,2025-02-01,LAK,8475311,3.407,2,28
2024020833,2025-02-01,EDM,8479973,2.327,4,28
2024020833,2025-02-01,TOR,8479361,4.963,3,48
2024020834,2025-02-01,CGY,8481692,1.717,2,24
2024020834,2025-02-01,DET,8475660,2.857,1,34
2024020835,2025-02-02,BUF,8480045,3.405,3,24
2024020835,2025-02-02,NJD,8474596,3.323,4,27
2024020835,2025-02-02,NJD,8482076,0.245,0,7
2024020836,2025-02-02,COL,8478406,1.876,0,24
2024020836,2025-02-02,PHI,8481035,2.723,2,32
2024020837,2025-02-02,ANA,8480843,2.511,2,23
2024020837,2025-02-02,MTL,8478470,1.861,3,22
2024020838,2025-02-02,FLA,8481519,4.355,3,34
2024020838,2025-02-02,NYI,8480819,2.668,5,32
2024020839,2025-02-02,NYR,8471734,2.991,2,36
2024020839,2025-02-02,VGK,8478499,2.210,4,28
2024020840,2025-02-02,DAL,8479193,3.875,3,30
2024020840,2025-02-02,CBJ,8478007,3.984,5,39
2024020841,2025-02-02,UTA,8478971,4.568,2,29
2024020841,2025-02-02,STL,8476412,2.591,1,25
2024020842,2025-02-02,VAN,8480947,1.300,3,18
2024020842,2025-02-02,DET,8479312,3.075,2,27
2024020843,2025-02-02,SEA,8478916,2.875,3,35
2024020843,2025-02-02,CGY,8478435,2.739,2,31
2024020844,2025-02-03,NSH,8477424,3.587,4,38
2024020844,2025-02-03,OTT,8476341,2.078,2,27
2024020845,2025-02-04,BOS,8480280,3.092,0,36
2024020845,2025-02-04,MIN,8470594,2.822,2,34
2024020846,2025-02-04,BUF,8473503,2.212,2,29
2024020846,2025-02-04,CBJ,8478007,2.002,3,21
2024020847,2025-02-04,TBL,8476883,2.636,3,28
2024020847,2025-02-04,OTT,8476999,3.510,3,37
2024020848,2025-02-04,PIT,8477968,2.267,2,21
2024020848,2025-02-04,NJD,8482076,2.745,2,27
2024020849,2025-02-04,WSH,8480313,3.569,3,33
2024020849,2025-02-04,FLA,8475683,1.749,4,24
2024020850,2025-02-04,NYI,8478009,2.770,1,34
2024020850,2025-02-04,VGK,8478492,1.179,2,14
2024020851,2025-02-04,STL,8476412,4.581,3,39
2024020851,2025-02-04,EDM,8479973,2.296,2,22
2024020852,2025-02-04,WPG,8477480,2.836,0,29
2024020852,2025-02-04,CAR,8481611,3.290,3,30
2024020853,2025-02-04,CGY,8481692,3.741,5,29
2024020853,2025-02-04,TOR,8479361,2.465,3,26
2024020854,2025-02-04,UTA,8478872,1.773,2,20
2024020854,2025-02-04,PHI,8481035,4.507,3,42
2024020855,2025-02-04,VAN,8477967,2.520,0,25
2024020855,2025-02-04,COL,8478406,3.317,2,30
2024020856,2025-02-04,ANA,8476434,2.863,1,27
2024020856,2025-02-04,DAL,8479979,2.861,2,28
2024020857,2025-02-04,SEA,8478916,3.995,4,40
2024020857,2025-02-04,DET,8475660,2.910,4,27
2024020858,2025-02-04,SJS,8480382,2.885,4,20
2024020858,2025-02-04,MTL,8478470,3.471,3,30
2024020859,2025-02-05,NYR,8478048,1.675,2,17
2024020859,2025-02-05,BOS,8476914,2.000,3,22
2024020860,2025-02-05,CHI,8482821,3.212,4,38
2024020860,2025-02-05,EDM,8475717,2.932,3,32
2024020861,2025-02-05,LAK,8475311,1.527,3,21
2024020861,2025-02-05,MTL,8482487,3.811,5,36
2024020862,2025-02-06,TBL,8476883,2.057,1,28
2024020862,2025-02-06,OTT,8476341,2.666,4,30
2024020863,2025-02-06,NJD,8474596,4.443,3,40
2024020863,2025-02-06,VGK,8478499,1.505,1,15
2024020864,2025-02-06,PHI,8478905,1.493,4,18
2024020864,2025-02-06,WSH,8479292,3.070,3,22
2024020865,2025-02-06,CBJ,8478007,4.637,3,33
2024020865,2025-02-06,UTA,8478971,2.844,2,22
2024020866,2025-02-06,STL,8480981,2.991,3,34
2024020866,2025-02-06,FLA,8481519,2.145,2,22
2024020867,2025-02-06,MIN,8479406,3.363,1,38
2024020867,2025-02-06,CAR,8475883,2.294,2,24
2024020868,2025-02-06,CGY,8481692,3.375,4,34
2024020868,2025-02-06,COL,8478406,2.317,2,29
2024020869,2025-02-06,SEA,8478916,2.761,3,30
2024020869,2025-02-06,TOR,8476932,2.880,1,27
2024020870,2025-02-06,SJS,8477970,2.319,2,24
2024020870,2025-02-06,VAN,8477967,3.198,1,34
2024020871,2025-02-07,NYR,8478048,2.703,3,26
2024020871,2025-02-07,PIT,8477968,1.927,2,24
2024020872,2025-02-07,WPG,8476945,3.260,3,35
2024020872,2025-02-07,NYI,8478009,2.528,4,27
2024020873,2025-02-07,CHI,8475852,3.772,2,33
2024020873,2025-02-07,NSH,8477424,3.078,6,30
2024020874,2025-02-07,EDM,8475717,2.091,2,19
2024020874,2025-02-07,EDM,8479973,1.213,3,12
2024020874,2025-02-07,COL,8478406,3.591,4,27
2024020875,2025-02-07,LAK,8479496,2.816,4,30
2024020875,2025-02-07,DAL,8479979,3.471,4,37
2024020876,2025-02-08,MTL,8478470,2.185,4,22
2024020876,2025-02-08,NJD,8474596,3.851,0,34
2024020877,2025-02-08,DET,8475660,1.738,3,14
2024020877,2025-02-08,DET,8479312,0.202,2,3
2024020877,2025-02-08,TBL,8476883,4.185,3,37
2024020878,2025-02-08,CAR,8481611,4.494,3,39
2024020878,2025-02-08,UTA,8478872,3.875,6,37
2024020879,2025-02-08,BOS,8480280,3.774,4,38
2024020879,2025-02-08,VGK,8478492,2.761,3,24
2024020880,2025-02-08,FLA,8475683,2.766,1,27
2024020880,2025-02-08,OTT,8476999,4.839,4,47
2024020881,2025-02-08,PHI,8481035,3.839,2,33
2024020881,2025-02-08,PIT,8482446,1.784,3,20
2024020882,2025-02-08,CBJ,8478007,2.520,4,40
2024020882,2025-02-08,NYR,8471734,2.546,3,25
2024020883,2025-02-08,STL,8476412,1.886,5,21
2024020883,2025-02-08,CHI,8482821,3.625,5,40
2024020884,2025-02-08,VAN,8477967,0.365,0,6
2024020884,2025-02-08,VAN,8480947,1.741,1,22
2024020884,2025-02-08,TOR,8479361,3.060,2,25
2024020885,2025-02-08,NSH,8481020,3.350,4,29
2024020885,2025-02-08,BUF,8480045,2.261,5,22
2024020886,2025-02-08,MIN,8479406,3.555,3,35
2024020886,2025-02-08,NYI,8478009,2.512,5,33
2024020887,2025-02-08,CGY,8481692,2.428,3,28
2024020887,2025-02-08,SEA,8478916,1.969,2,29
2024020888,2025-02-08,LAK,8479496,3.027,1,26
2024020888,2025-02-08,ANA,8480843,4.379,1,45
2024020889,2025-02-08,SJS,8477970,3.146,8,34
2024020889,2025-02-08,DAL,8479193,2.768,3,27
2024020890,2025-02-09,WSH,8480313,3.013,4,27
2024020890,2025-02-09,UTA,8478872,2.995,2,32
2024020890,2025-02-09,UTA,8478971,1.270,2,10
2024020891,2025-02-09,MTL,8478470,1.645,1,12
2024020891,2025-02-09,MTL,8482487,0.961,3,8
2024020891,2025-02-09,TBL,8476883,4.839,3,35
2024020892,2025-02-22,PHI,8481035,2.696,3,18
2024020892,2025-02-22,EDM,8479973,3.161,5,31
2024020893,2025-02-22,PIT,8477968,1.044,5,13
2024020893,2025-02-22,PIT,8482446,1.729,3,17
2024020893,2025-02-22,WSH,8480313,3.635,3,32
2024020894,2025-02-22,DET,8475660,4.033,4,39
2024020894,2025-02-22,MIN,8470594,4.306,3,30
2024020895,2025-02-22,BUF,8480045,2.699,2,28
2024020895,2025-02-22,NYR,8471734,1.666,3,17
2024020895,2025-02-22,NYR,8478048,0.802,5,16
2024020896,2025-02-22,FLA,8475683,2.041,2,22
2024020896,2025-02-22,SEA,8478916,3.326,1,27
2024020897,2025-02-22,NJD,8474596,2.646,3,25
2024020897,2025-02-22,DAL,8479193,3.593,2,33
2024020898,2025-02-22,NSH,8477424,2.886,1,32
2024020898,2025-02-22,COL,8475809,1.454,2,17
2024020899,2025-02-22,BOS,8480280,2.877,3,29
2024020899,2025-02-22,ANA,8476434,1.868,1,20
2024020899,2025-02-22,ANA,8480843,0.723,1,10
2024020900,2025-02-22,TOR,8476932,3.294,3,35
2024020900,2025-02-22,CAR,8481611,2.620,4,22
2024020901,2025-02-22,OTT,8476341,0.904,0,10
2024020901,2025-02-22,OTT,8476999,1.268,5,15
2024020901,2025-02-22,MTL,8478470,2.746,2,27
2024020902,2025-02-22,CBJ,8478007,2.874,1,28
2024020902,2025-02-22,CHI,8475852,1.919,5,21
2024020903,2025-02-22,STL,8480981,2.173,3,28
2024020903,2025-02-22,WPG,8477480,3.423,3,24
2024020904,2025-02-22,LAK,8475311,2.872,3,28
2024020904,2025-02-22,UTA,8478971,2.183,4,25
2024020905,2025-02-22,VGK,8478499,2.674,1,34
2024020905,2025-02-22,VAN,8480947,3.684,2,34
2024020906,2025-02-23,WSH,8479292,2.314,3,25
2024020906,2025-02-23,EDM,8475717,3.927,6,34
2024020907,2025-02-23,PIT,8482446,1.540,4,15
2024020907,2025-02-23,NYR,8478048,4.759,3,40
2024020908,2025-02-23,DET,8479312,3.078,4,28
2024020908,2025-02-23,ANA,8480843,4.483,5,36
2024020909,2025-02-23,TBL,8476883,2.822,1,37
2024020909,2025-02-23,SEA,8478848,2.546,3,23
2024020910,2025-02-23,STL,8476412,2.151,1,29
2024020910,2025-02-23,COL,8478406,2.294,3,25
2024020911,2025-02-23,NSH,8481020,3.030,5,36
2024020911,2025-02-23,NJD,8482076,3.394,0,29
2024020912,2025-02-23,CHI,8482821,2.943,4,29
2024020912,2025-02-23,TOR,8479361,1.446,2,27
2024020913,2025-02-23,NYI,8478009,4.583,4,29
2024020913,2025-02-23,DAL,8479979,3.791,3,37
2024020914,2025-02-23,CGY,8481692,2.876,2,29
2024020914,2025-02-23,SJS,8480382,3.085,3,36
2024020915,2025-02-23,UTA,8478872,2.852,1,16
2024020915,2025-02-23,VAN,8481668,2.959,2,32
2024020916,2025-02-24,WPG,8476945,1.969,1,18
2024020916,2025-02-24,SJS,8477970,3.161,2,35
2024020917,2025-02-24,LAK,8475311,2.304,2,23
2024020917,2025-02-24,VGK,8478492,2.100,5,19
2024020918,2025-02-25,BOS,8480280,3.527,5,29
2024020918,2025-02-25,TOR,8476932,4.676,4,36
2024020919,2025-02-25,BUF,8480045,2.763,2,18
2024020919,2025-02-25,ANA,8480843,4.087,3,37
2024020920,2025-02-25,MTL,8478470,2.861,0,20
2024020920,2025-02-25,CAR,8475883,2.150,4,18
2024020921,2025-02-25,TBL,8476883,1.585,1,24
2024020921,2025-02-25,EDM,8479973,3.024,4,36
2024020922,2025-02-25,PHI,8481035,2.703,1,24
2024020922,2025-02-25,PIT,8477968,2.929,6,38
2024020923,2025-02-25,WSH,8480313,2.690,3,25
2024020923,2025-02-25,CGY,8478435,2.871,1,27
2024020924,2025-02-25,CBJ,8478007,3.949,4,22
2024020924,2025-02-25,DAL,8479979,2.583,5,28
2024020925,2025-02-25,NYI,8478009,1.318,5,11
2024020925,2025-02-25,NYI,8480819,0.585,0,7
2024020925,2025-02-25,NYR,8478048,3.616,1,37
2024020926,2025-02-25,STL,8476412,1.530,2,27
2024020926,2025-02-25,SEA,8478916,1.771,5,21
2024020926,2025-02-25,SEA,8483668,0.578,2,6
2024020927,2025-02-25,NSH,8477424,3.792,4,25
2024020927,2025-02-25,FLA,8481519,1.688,1,18
2024020928,2025-02-25,MIN,8479406,1.456,3,16
2024020928,2025-02-25,DET,8475660,2.650,2,24
2024020929,2025-02-25,UTA,8478872,2.367,1,22
2024020929,2025-02-25,CHI,8482821,4.447,2,37
2024020930,2025-02-26,OTT,8476999,3.379,3,39
2024020930,2025-02-26,WPG,8476945,2.111,1,24
2024020931,2025-02-26,COL,8478406,2.291,1,23
2024020931,2025-02-26,NJD,8474596,3.761,5,37
2024020932,2025-02-26,LAK,8479496,1.660,3,17
2024020932,2025-02-26,VAN,8480947,3.373,2,26
2024020933,2025-02-27,BOS,8480280,2.225,2,20
2024020933,2025-02-27,NYI,8478009,4.525,1,39
2024020934,2025-02-27,MTL,8478470,3.537,3,26
2024020934,2025-02-27,SJS,8480382,3.244,4,33
2024020935,2025-02-27,DET,8475660,5.016,4,29
2024020935,2025-02-27,CBJ,8480193,2.628,2,31
2024020936,2025-02-27,TBL,8476883,2.428,0,28
2024020936,2025-02-27,CGY,8481692,1.720,2,21
2024020937,2025-02-27,FLA,8475683,2.519,3,27
2024020937,2025-02-27,EDM,8479973,3.533,4,36
2024020938,2025-02-27,PIT,8477968,1.720,3,14
2024020938,2025-02-27,PIT,8482446,2.193,1,23
2024020938,2025-02-27,PHI,8481035,2.352,5,25
2024020939,2025-02-27,WSH,8479292,2.262,4,18
2024020939,2025-02-27,STL,8480981,2.057,2,18
2024020940,2025-02-27,CAR,8481611,2.057,2,15
2024020940,2025-02-27,BUF,8473503,3.467,2,29
2024020940,2025-02-27,BUF,8480045,0.872,2,7
2024020941,2025-02-27,NSH,8477424,2.974,1,23
2024020941,2025-02-27,WPG,8477480,2.517,2,31
2024020942,2025-02-27,UTA,8478872,2.339,1,16
2024020942,2025-02-27,MIN,8470594,3.621,6,31
2024020943,2025-02-27,VGK,8478492,2.012,5,22
2024020943,2025-02-27,CHI,8475852,1.323,5,15
2024020943,2025-02-27,CHI,8482821,2.055,2,18
2024020944,2025-02-27,ANA,8480843,2.055,2,24
2024020944,2025-02-27,VAN,8481668,1.968,4,24
2024020945,2025-02-28,NYR,8478048,2.080,3,16
2024020945,2025-02-28,TOR,8476932,3.727,2,35
2024020946,2025-02-28,DAL,8479979,3.671,2,31
2024020946,2025-02-28,LAK,8475311,4.163,6,31
2024020947,2025-02-28,COL,8478406,2.648,2,20
2024020947,2025-02-28,MIN,8479406,2.443,4,29
2024020948,2025-03-01,CBJ,8478007,3.713,3,46
2024020948,2025-03-01,DET,8475660,2.352,4,20
2024020949,2025-03-01,NYI,8478009,3.923,4,29
2024020949,2025-03-01,NSH,8477424,3.643,6,35
2024020950,2025-03-01,WSH,8480313,1.821,2,18
2024020950,2025-03-01,TBL,8476883,2.180,1,21
2024020951,2025-03-01,FLA,8475683,1.927,0,23
2024020951,2025-03-01,CGY,8478435,3.788,3,42
2024020952,2025-03-01,PIT,8477968,2.116,2,25
2024020952,2025-03-01,BOS,8476914,3.257,2,33
2024020953,2025-03-01,BUF,8480045,2.814,3,28
2024020953,2025-03-01,MTL,8482487,2.162,2,25
2024020954,2025-03-01,OTT,8476999,2.999,3,37
2024020954,2025-03-01,SJS,8477970,3.140,4,31
2024020955,2025-03-01,CAR,8475883,3.150,2,30
2024020955,2025-03-01,EDM,8475717,4.351,1,36
2024020956,2025-03-01,WPG,8476945,2.848,1,32
2024020956,2025-03-01,PHI,8478905,3.074,1,30
2024020957,2025-03-01,STL,8476412,1.784,1,26
2024020957,2025-03-01,LAK,8479496,2.790,4,34
2024020958,2025-03-01,UTA,8478872,2.789,3,29
2024020958,2025-03-01,NJD,8482076,2.608,1,25
2024020959,2025-03-01,ANA,8476434,3.098,6,24
2024020959,2025-03-01,CHI,8482821,3.263,3,31
2024020960,2025-03-01,SEA,8478916,3.958,3,31
2024020960,2025-03-01,VAN,8480947,1.747,5,23
2024020961,2025-03-02,PIT,8482446,2.839,6,33
2024020961,2025-03-02,TOR,8479361,2.896,5,34
2024020962,2025-03-02,MIN,8479406,2.273,0,28
2024020962,2025-03-02,BOS,8480280,1.736,1,22
2024020963,2025-03-02,CAR,8481611,1.882,1,16
2024020963,2025-03-02,CGY,8481692,4.432,2,33
2024020964,2025-03-02,DAL,8479979,3.834,3,42
2024020964,2025-03-02,STL,8476412,1.698,3,12
2024020964,2025-03-02,STL,8480981,0.997,3,9
2024020965,2025-03-02,NYR,8471734,3.862,0,34
2024020965,2025-03-02,NSH,8481020,2.775,4,34
2024020966,2025-03-02,VGK,8478499,2.389,0,25
2024020966,2025-03-02,NJD,8474593,3.012,2,24
2024020967,2025-03-03,WSH,8480313,5.455,4,37
2024020967,2025-03-03,OTT,8476999,4.067,4,41
2024020968,2025-03-03,MTL,8478470,5.712,3,36
2024020968,2025-03-03,BUF,8473503,3.035,4,20
2024020969,2025-03-03,FLA,8475683,3.445,1,29
2024020969,2025-03-03,TBL,8476883,2.708,2,29
2024020970,2025-03-03,NYR,8478048,2.020,0,21
2024020970,2025-03-03,NYI,8478009,2.527,3,26
2024020971,2025-03-03,TOR,8476932,2.847,2,22
2024020971,2025-03-03,SJS,8480382,3.947,2,27
2024020972,2025-03-03,CHI,8481519,3.421,1,42
2024020972,2025-03-03,LAK,8475311,2.135,4,18
2024020973,2025-03-04,BOS,8480280,3.295,5,29
2024020973,2025-03-04,NSH,8477424,2.085,3,21
2024020974,2025-03-04,BUF,8480045,2.905,5,27
2024020974,2025-03-04,SJS,8480382,1.864,2,22
2024020975,2025-03-04,DET,8479312,3.450,2,30
2024020975,2025-03-04,CAR,8475883,3.195,1,25
2024020976,2025-03-04,TBL,8477992,3.760,2,33
2024020976,2025-03-04,CBJ,8478007,2.906,5,39
2024020977,2025-03-04,PHI,8478905,1.733,2,28
2024020977,2025-03-04,PHI,8481035,0.450,3,5
2024020977,2025-03-04,CGY,8481692,2.606,3,29
2024020978,2025-03-04,NYI,8478009,2.982,2,28
2024020978,2025-03-04,WPG,8476945,1.894,3,29
2024020979,2025-03-04,DAL,8479193,2.819,3,28
2024020979,2025-03-04,NJD,8474593,2.996,4,21
2024020980,2025-03-04,COL,8475809,2.896,1,33
2024020980,2025-03-04,PIT,8477968,2.447,2,23
2024020981,2025-03-04,EDM,8475717,0.981,4,11
2024020981,2025-03-04,EDM,8479973,1.611,2,16
2024020981,2025-03-04,ANA,8480843,3.891,2,35
2024020982,2025-03-04,SEA,8478916,2.002,4,20
2024020982,2025-03-04,MIN,8479406,3.716,3,36
2024020983,2025-03-05,NYR,8478048,2.981,3,26
2024020983,2025-03-05,WSH,8479292,2.665,2,17
2024020984,2025-03-05,CHI,8482821,2.750,4,26
2024020984,2025-03-05,OTT,8476999,1.721,3,20
2024020985,2025-03-05,VGK,8478499,2.899,2,31
2024020985,2025-03-05,TOR,8476932,2.651,2,18
2024020985,2025-03-05,TOR,8479361,0.847,3,7
2024020986,2025-03-05,VAN,8480947,1.556,2,16
2024020986,2025-03-05,ANA,8476434,1.487,2,21
2024020986,2025-03-05,ANA,8480843,1.202,1,15
2024020987,2025-03-05,LAK,8475311,3.228,2,30
2024020987,2025-03-05,STL,8476412,2.418,2,23
2024020988,2025-03-06,DET,8479312,2.569,4,19
2024020988,2025-03-06,UTA,8478872,4.162,2,40
2024020989,2025-03-06,TBL,8476883,2.310,5,33
2024020989,2025-03-06,BUF,8480045,2.325,6,26
2024020990,2025-03-06,FLA,8475683,1.659,0,16
2024020990,2025-03-06,CBJ,8478007,3.988,2,35
2024020991,2025-03-06,PHI,8481035,3.134,4,27
2024020991,2025-03-06,WPG,8477480,2.038,1,22
2024020992,2025-03-06,CAR,8481611,2.790,2,34
2024020992,2025-03-06,BOS,8476914,2.600,3,23
2024020993,2025-03-06,NSH,8477424,1.950,3,25
2024020993,2025-03-06,SEA,8478916,2.706,4,33
2024020994,2025-03-06,DAL,8479979,2.366,2,28
2024020994,2025-03-06,CGY,8478435,3.222,3,27
2024020995,2025-03-06,EDM,8479973,2.913,2,27
2024020995,2025-03-06,MTL,8478470,3.506,3,32
2024020996,2025-03-06,COL,8478406,3.654,3,34
2024020996,2025-03-06,SJS,8480382,4.392,7,32
2024020997,2025-03-07,NJD,8474593,3.124,6,35
2024020997,2025-03-07,WPG,8476945,2.481,1,23
2024020998,2025-03-07,WSH,8480313,1.901,2,19
2024020998,2025-03-07,DET,8475660,2.546,5,28
2024020999,2025-03-07,CHI,8481519,4.354,3,39
2024020999,2025-03-07,UTA,8478872,2.307,4,25
2024021000,2025-03-07,VAN,8480947,3.592,1,38
2024021000,2025-03-07,MIN,8479406,2.026,2,19
2024021001,2025-03-07,VGK,8478492,2.080,0,22
2024021001,2025-03-07,PIT,8477968,3.615,4,27
2024021002,2025-03-07,ANA,8480843,1.900,3,21
2024021002,2025-03-07,STL,8476412,2.522,3,24
2024021003,2025-03-08,OTT,8476999,2.319,3,23
2024021003,2025-03-08,NYR,8478048,4.092,4,37
2024021004,2025-03-08,PHI,8481035,2.957,4,32
2024021004,2025-03-08,SEA,8475831,2.012,1,24
2024021005,2025-03-08,TBL,8476883,2.059,3,24
2024021005,2025-03-08,BOS,8480280,2.198,0,25
2024021006,2025-03-08,FLA,8477970,2.066,0,21
2024021006,2025-03-08,BUF,8480045,4.000,3,35
2024021007,2025-03-08,COL,8478406,1.699,4,21
2024021007,2025-03-08,TOR,8476932,2.811,5,32
2024021008,2025-03-08,CGY,8481692,2.670,0,26
2024021008,2025-03-08,MTL,8482487,1.549,1,24
2024021009,2025-03-08,NSH,8481020,1.651,2,19
2024021009,2025-03-08,CHI,8482821,3.704,3,41
2024021010,2025-03-08,LAK,8475311,1.721,1,20
2024021010,2025-03-08,STL,8480981,2.685,2,23
2024021011,2025-03-08,EDM,8479973,2.776,4,25
2024021011,2025-03-08,DAL,8479979,2.961,5,27
2024021012,2025-03-08,SJS,8480382,2.996,4,28
2024021012,2025-03-08,NYI,8478009,3.634,2,40
2024021013,2025-03-09,PHI,8478905,2.074,2,22
2024021013,2025-03-09,NJD,8474596,1.594,1,24
2024021014,2025-03-09,WSH,8479292,3.404,2,32
2024021014,2025-03-09,SEA,8478916,2.412,3,23
2024021015,2025-03-09,MIN,8470594,1.217,2,21
2024021015,2025-03-09,PIT,8477465,3.309,1,30
2024021016,2025-03-09,CAR,8475883,2.503,2,22
2024021016,2025-03-09,WPG,8476945,2.806,3,26
2024021017,2025-03-09,NYR,8471734,2.518,7,28
2024021017,2025-03-09,CBJ,8480193,3.981,3,35
2024021018,2025-03-09,VGK,8478499,3.095,6,35
2024021018,2025-03-09,LAK,8479496,2.634,5,32
2024021019,2025-03-09,VAN,8480947,1.404,3,18
2024021019,2025-03-09,DAL,8479193,3.317,1,23
2024021020,2025-03-09,ANA,8480843,2.763,1,32
2024021020,2025-03-09,NYI,8477405,3.407,3,27
2024021021,2025-03-10,BUF,8480045,3.151,2,34
2024021021,2025-03-10,EDM,8479973,2.378,3,23
2024021022,2025-03-10,OTT,8476999,4.508,1,49
2024021022,2025-03-10,DET,8475660,2.319,2,23
2024021023,2025-03-10,COL,8475809,1.678,0,20
2024021023,2025-03-10,CHI,8481519,2.127,2,20
2024021024,2025-03-10,UTA,8478872,2.682,3,26
2024021024,2025-03-10,TOR,8479361,4.021,3,33
2024021025,2025-03-11,BOS,8480280,3.322,2,28
2024021025,2025-03-11,FLA,8475683,2.476,3,24
2024021026,2025-03-11,NJD,8474593,1.688,3,20
2024021026,2025-03-11,CBJ,8478007,2.836,5,28
2024021027,2025-03-11,PHI,8478905,2.209,4,23
2024021027,2025-03-11,OTT,8476341,2.022,2,22
2024021028,2025-03-11,PIT,8477465,2.635,2,37
2024021028,2025-03-11,VGK,8478492,2.468,3,17
2024021029,2025-03-11,CAR,8481611,2.785,1,24
2024021029,2025-03-11,TBL,8476883,3.484,4,31
2024021030,2025-03-11,MIN,8479406,2.822,1,28
2024021030,2025-03-11,COL,8478406,1.531,1,23
2024021031,2025-03-11,WPG,8476945,3.037,1,22
2024021031,2025-03-11,NYR,8478048,2.980,2,24
2024021032,2025-03-11,VAN,8480947,2.482,3,26
2024021032,2025-03-11,MTL,8478470,3.725,2,31
2024021033,2025-03-11,ANA,8480843,3.966,6,42
2024021033,2025-03-11,WSH,8480313,3.905,4,29
2024021034,2025-03-11,LAK,8475311,4.316,1,34
2024021034,2025-03-11,NYI,8478009,2.753,3,31
2024021035,2025-03-11,SJS,8480382,2.393,3,19
2024021035,2025-03-11,NSH,8477424,2.467,2,27
2024021036,2025-03-12,DET,8475852,2.293,3,26
2024021036,2025-03-12,BUF,8480045,4.362,7,29
2024021037,2025-03-12,CGY,8481692,4.419,3,31
2024021037,2025-03-12,VAN,8480947,1.987,3,23
2024021038,2025-03-12,UTA,8478872,2.638,2,21
2024021038,2025-03-12,ANA,8478024,4.455,3,39
2024021039,2025-03-12,SEA,8478916,2.030,4,25
2024021039,2025-03-12,MTL,8482487,3.740,5,35
2024021040,2025-03-13,TOR,8476932,2.158,3,25
2024021040,2025-03-13,FLA,8475683,2.556,2,25
2024021041,2025-03-13,OTT,8476999,2.461,3,25
2024021041,2025-03-13,BOS,8476914,1.068,1,16
2024021041,2025-03-13,BOS,8480280,1.270,4,15
2024021042,2025-03-13,NJD,8474596,3.143,2,33
2024021042,2025-03-13,EDM,8479973,2.671,3,22
2024021043,2025-03-13,PHI,8481035,2.267,3,20
2024021043,2025-03-13,TBL,8477992,2.952,3,29
2024021044,2025-03-13,PIT,8477465,2.656,3,35
2024021044,2025-03-13,STL,8476412,1.145,4,19
2024021044,2025-03-13,STL,8480981,0.126,0,2
2024021045,2025-03-13,CBJ,8478007,2.958,3,28
2024021045,2025-03-13,VGK,8478499,2.557,0,27
2024021046,2025-03-13,MIN,8479406,3.038,3,31
2024021046,2025-03-13,NYR,8478048,2.765,2,28
2024021047,2025-03-13,LAK,8475311,2.162,0,21
2024021047,2025-03-13,WSH,8479292,2.216,3,27
2024021048,2025-03-13,SJS,8480382,2.340,2,26
2024021048,2025-03-13,CHI,8481519,2.328,3,24
2024021049,2025-03-14,CAR,8475883,2.836,2,26
2024021049,2025-03-14,DET,8475852,3.066,3,31
2024021050,2025-03-14,NYI,8478009,3.958,2,35
2024021050,2025-03-14,EDM,8475717,1.857,1,25
2024021051,2025-03-14,WPG,8476945,1.854,1,25
2024021051,2025-03-14,DAL,8479979,2.351,4,22
2024021052,2025-03-14,CGY,8481692,2.590,3,27
2024021052,2025-03-14,COL,8475809,2.116,2,24
2024021053,2025-03-14,ANA,8480843,2.494,1,29
2024021053,2025-03-14,NSH,8477424,1.903,2,15
2024021054,2025-03-14,SEA,8475831,2.588,2,25
2024021054,2025-03-14,UTA,8478872,2.196,3,22
2024021055,2025-03-15,BUF,8480045,1.810,3,19
2024021055,2025-03-15,VGK,8478499,2.474,3,37
2024021056,2025-03-15,PIT,8477465,2.789,3,27
2024021056,2025-03-15,NJD,8474593,2.971,6,23
2024021057,2025-03-15,SJS,8480382,1.942,3,17
2024021057,2025-03-15,SJS,8484312,0.818,2,11
2024021057,2025-03-15,WSH,8480313,1.805,1,20
2024021058,2025-03-15,BOS,8480280,5.219,4,38
2024021058,2025-03-15,TBL,8476883,1.047,2,12
2024021059,2025-03-15,TOR,8476932,1.815,3,24
2024021059,2025-03-15,OTT,8476999,2.637,2,23
2024021060,2025-03-15,MTL,8478470,3.306,1,22
2024021060,2025-03-15,FLA,8475683,2.195,3,15
2024021061,2025-03-15,PHI,8481035,3.339,5,30
2024021061,2025-03-15,CAR,8481611,2.016,0,26
2024021062,2025-03-15,CBJ,8480193,2.626,3,20
2024021062,2025-03-15,NYR,8478048,3.105,0,21
2024021063,2025-03-15,MIN,8479406,2.586,4,27
2024021063,2025-03-15,STL,8480981,1.954,1,18
2024021064,2025-03-15,LAK,8475311,2.072,0,24
2024021064,2025-03-15,NSH,8481020,2.704,1,21
2024021065,2025-03-15,VAN,8481668,1.721,2,19
2024021065,2025-03-15,CHI,8482821,1.420,6,15
2024021066,2025-03-16,DET,8475852,1.664,0,18
2024021066,2025-03-16,VGK,8478492,3.589,3,27
2024021067,2025-03-16,COL,8475809,2.489,3,22
2024021067,2025-03-16,DAL,8479979,3.349,4,35
2024021068,2025-03-16,STL,8476412,2.521,2,25
2024021068,2025-03-16,ANA,8478024,1.401,2,12
2024021068,2025-03-16,ANA,8480843,1.767,5,14
2024021069,2025-03-16,NYR,8478048,2.039,3,23
2024021069,2025-03-16,EDM,8479973,3.458,1,22
2024021070,2025-03-16,NYI,8478009,3.901,2,24
2024021070,2025-03-16,FLA,8477970,2.794,3,33
2024021071,2025-03-16,VAN,8480947,2.194,2,22
2024021071,2025-03-16,UTA,8478872,1.431,1,19
2024021072,2025-03-16,SEA,8478916,3.012,3,26
2024021072,2025-03-16,WPG,8476945,1.074,1,6
2024021072,2025-03-16,WPG,8477480,1.984,1,15
2024021073,2025-03-17,BOS,8476914,2.569,3,30
2024021073,2025-03-17,BUF,8480045,2.683,2,20
2024021074,2025-03-17,TBL,8476883,1.938,0,21
2024021074,2025-03-17,PHI,8478905,2.665,1,22
2024021075,2025-03-17,CBJ,8482982,1.830,2,20
2024021075,2025-03-17,NJD,8474596,4.436,1,46
2024021076,2025-03-17,TOR,8479361,2.552,2,26
2024021076,2025-03-17,CGY,8478435,0.192,1,3
2024021076,2025-03-17,CGY,8481692,2.833,5,26
2024021077,2025-03-17,MIN,8479406,2.421,1,29
2024021077,2025-03-17,LAK,8475311,1.600,2,21
2024021078,2025-03-18,MTL,8478470,2.802,3,25
2024021078,2025-03-18,OTT,8476999,3.766,4,31
2024021079,2025-03-18,NYR,8478048,2.912,2,35
2024021079,2025-03-18,CGY,8478435,1.798,1,13
2024021080,2025-03-18,PIT,8477465,2.886,3,37
2024021080,2025-03-18,NYI,8478009,1.838,2,21
2024021081,2025-03-18,WSH,8480313,3.122,1,24
2024021081,2025-03-18,DET,8475852,3.676,4,26
2024021082,2025-03-18,NSH,8477424,2.163,4,21
2024021082,2025-03-18,STL,8480981,1.841,1,23
2024021083,2025-03-18,DAL,8479979,3.169,3,25
2024021083,2025-03-18,ANA,8480843,3.547,4,31
2024021084,2025-03-18,CHI,8481519,2.642,6,30
2024021084,2025-03-18,SEA,8478916,3.054,2,29
2024021085,2025-03-18,EDM,8475717,2.300,1,30
2024021085,2025-03-18,UTA,8478872,1.462,3,15
2024021085,2025-03-18,UTA,8483530,3.603,4,28
2024021086,2025-03-18,VAN,8480947,3.235,2,22
2024021086,2025-03-18,WPG,8476945,2.601,5,21
2024021087,2025-03-19,TOR,8479361,3.452,1,39
2024021087,2025-03-19,COL,8478406,3.276,2,26
2024021088,2025-03-19,MIN,8479406,2.438,0,34
2024021088,2025-03-19,SEA,8475831,2.362,3,27
2024021089,2025-03-20,OTT,8476341,1.459,1,20
2024021089,2025-03-20,OTT,8476999,1.233,4,13
2024021089,2025-03-20,COL,8475809,1.912,1,16
2024021090,2025-03-20,NJD,8474593,3.102,4,27
2024021090,2025-03-20,CGY,8481692,2.898,3,29
2024021091,2025-03-20,NYR,8478048,2.390,4,28
2024021091,2025-03-20,TOR,8476932,2.381,3,30
2024021092,2025-03-20,WSH,8479292,3.734,2,29
2024021092,2025-03-20,PHI,8481035,1.463,3,16
2024021093,2025-03-20,CBJ,8478007,2.984,1,29
2024021093,2025-03-20,FLA,8475683,3.073,0,25
2024021094,2025-03-20,NYI,8478009,3.719,3,41
2024021094,2025-03-20,MTL,8478470,2.907,4,25
2024021095,2025-03-20,STL,8476412,1.319,3,18
2024021095,2025-03-20,VAN,8480947,2.360,4,29
2024021096,2025-03-20,NSH,8481020,2.919,3,34
2024021096,2025-03-20,ANA,8476434,1.916,1,34
2024021097,2025-03-20,DAL,8479193,4.046,2,38
2024021097,2025-03-20,TBL,8476883,2.166,2,24
2024021098,2025-03-20,CHI,8481519,2.765,2,32
2024021098,2025-03-20,LAK,8475311,1.564,1,17
2024021099,2025-03-20,EDM,8475717,0.202,1,4
2024021099,2025-03-20,EDM,8479973,2.826,3,16
2024021099,2025-03-20,WPG,8476945,3.136,3,24
2024021100,2025-03-20,UTA,8478872,3.931,2,27
2024021100,2025-03-20,BUF,8473503,4.072,3,30
2024021101,2025-03-20,VGK,8478499,1.459,1,19
2024021101,2025-03-20,BOS,8480280,3.175,5,32
2024021102,2025-03-20,SJS,8484312,2.770,3,29
2024021102,2025-03-20,CAR,8475883,2.471,1,25
2024021103,2025-03-21,PIT,8477968,4.844,3,47
2024021103,2025-03-21,CBJ,8478007,2.967,5,33
2024021104,2025-03-22,NYR,8478048,4.043,3,39
2024021104,2025-03-22,VAN,8480947,1.232,4,11
2024021105,2025-03-22,DAL,8479979,2.606,2,24
2024021105,2025-03-22,PHI,8478905,0.251,2,3
2024021105,2025-03-22,PHI,8481035,1.522,1,16
2024021106,2025-03-22,MIN,8479406,1.993,1,21
2024021106,2025-03-22,BUF,8480045,1.825,3,20
2024021107,2025-03-22,STL,8480981,2.739,1,27
2024021107,2025-03-22,CHI,8482821,2.599,4,25
2024021108,2025-03-22,NYI,8477405,2.164,4,35
2024021108,2025-03-22,CGY,8478435,3.188,3,29
2024021109,2025-03-22,LAK,8479496,2.922,2,36
2024021109,2025-03-22,CAR,8481611,2.261,7,25
2024021110,2025-03-22,WSH,8480313,3.266,3,36
2024021110,2025-03-22,FLA,8477970,2.937,6,33
2024021111,2025-03-22,UTA,8478872,3.579,4,27
2024021111,2025-03-22,TBL,8477990,2.947,5,24
2024021112,2025-03-22,MTL,8478470,5.105,4,37
2024021112,2025-03-22,COL,8478406,3.776,4,29
2024021113,2025-03-22,NJD,8474596,2.719,3,19
2024021113,2025-03-22,OTT,8476999,3.054,2,27
2024021114,2025-03-22,NSH,8477424,2.058,2,26
2024021114,2025-03-22,TOR,8479361,2.965,4,31
2024021115,2025-03-22,VGK,8478499,2.438,3,31
2024021115,2025-03-22,DET,8475660,3.851,5,35
2024021116,2025-03-22,EDM,8479973,3.783,4,32
2024021116,2025-03-22,SEA,8478916,3.398,4,28
2024021117,2025-03-22,SJS,8480382,1.856,1,23
2024021117,2025-03-22,BOS,8476914,2.129,2,20
2024021118,2025-03-23,CHI,8481519,3.250,4,29
2024021118,2025-03-23,PHI,8478905,2.489,7,29
2024021119,2025-03-23,WPG,8477480,1.092,4,16
2024021119,2025-03-23,BUF,8473503,3.784,3,36
2024021120,2025-03-23,FLA,8475683,2.290,3,27
2024021120,2025-03-23,PIT,8477465,3.154,3,31
2024021121,2025-03-23,STL,8476412,4.022,1,32
2024021121,2025-03-23,NSH,8481020,1.553,3,17
2024021122,2025-03-23,VGK,8478492,3.540,2,37
2024021122,2025-03-23,TBL,8476883,3.400,3,29
2024021123,2025-03-23,ANA,8480843,4.622,4,36
2024021123,2025-03-23,CAR,8475883,4.144,2,37
2024021124,2025-03-23,LAK,8475311,1.460,2,13
2024021124,2025-03-23,BOS,8480280,2.507,7,23
2024021125,2025-03-24,NJD,8474593,4.025,3,28
2024021125,2025-03-24,VAN,8477967,3.572,3,25
2024021126,2025-03-24,NYI,8478009,2.830,3,30
2024021126,2025-03-24,CBJ,8478007,3.120,3,33
2024021127,2025-03-24,DAL,8479979,3.704,0,32
2024021127,2025-03-24,MIN,8479406,3.973,2,28
2024021128,2025-03-24,UTA,8478872,1.742,4,13
2024021128,2025-03-24,DET,8475852,0.092,0,1
2024021128,2025-03-24,DET,8479312,2.508,1,18
2024021129,2025-03-25,BUF,8473503,3.179,2,32
2024021129,2025-03-25,OTT,8476341,1.349,3,24
2024021130,2025-03-25,TOR,8476932,2.029,2,19
2024021130,2025-03-25,PHI,8481035,1.778,7,30
2024021131,2025-03-25,TBL,8476883,1.099,1,15
2024021131,2025-03-25,PIT,8477465,0.757,4,7
2024021131,2025-03-25,PIT,8477968,1.917,2,20
2024021132,2025-03-25,CAR,8481611,1.634,3,16
2024021132,2025-03-25,NSH,8477424,4.043,1,35
2024021133,2025-03-25,STL,8476412,2.588,1,25
2024021133,2025-03-25,MTL,8478470,2.649,5,32
2024021133,2025-03-25,MTL,8482487,0.690,1,5
2024021134,2025-03-25,MIN,8470594,2.193,4,37
2024021134,2025-03-25,VGK,8478499,1.746,1,24
2024021135,2025-03-25,WPG,8476945,2.383,2,29
2024021135,2025-03-25,WSH,8480313,2.103,3,25
2024021136,2025-03-25,COL,8478406,3.573,2,23
2024021136,2025-03-25,DET,8479312,2.609,4,27
2024021137,2025-03-25,CGY,8481692,3.706,3,29
2024021137,2025-03-25,SEA,8478916,3.428,4,37
2024021138,2025-03-25,LAK,8475311,2.363,1,23
2024021138,2025-03-25,NYR,8478048,3.675,2,32
2024021139,2025-03-26,NYI,8477405,0.547,0,5
2024021139,2025-03-26,NYI,8478009,2.189,4,19
2024021139,2025-03-26,VAN,8477967,3.304,2,28
2024021140,2025-03-26,CHI,8481519,2.354,4,20
2024021140,2025-03-26,NJD,8474593,1.794,3,24
2024021141,2025-03-26,EDM,8475717,0.282,0,3
2024021141,2025-03-26,EDM,8479973,2.258,4,21
2024021141,2025-03-26,DAL,8479979,5.014,3,44
2024021142,2025-03-26,ANA,8476434,2.219,2,25
2024021142,2025-03-26,BOS,8476914,4.168,6,37
2024021143,2025-03-27,BUF,8473503,1.984,3,26
2024021143,2025-03-27,PIT,8477465,1.422,4,12
2024021143,2025-03-27,PIT,8477968,1.240,3,18
2024021144,2025-03-27,DET,8475660,2.220,1,22
2024021144,2025-03-27,DET,8479312,0.928,3,10
2024021144,2025-03-27,OTT,8476999,3.363,3,34
2024021145,2025-03-27,TBL,8476883,1.900,0,25
2024021145,2025-03-27,UTA,8478872,1.280,4,12
2024021145,2025-03-27,UTA,8483530,1.197,4,10
2024021146,2025-03-27,PHI,8481035,3.425,4,30
2024021146,2025-03-27,MTL,8482487,3.907,6,30
2024021147,2025-03-27,NSH,8477424,1.671,3,21
2024021147,2025-03-27,STL,8480981,1.797,2,18
2024021148,2025-03-27,MIN,8479406,2.084,2,30
2024021148,2025-03-27,WSH,8479292,1.289,3,20
2024021149,2025-03-27,COL,8478406,2.069,0,22
2024021149,2025-03-27,LAK,8479496,2.187,4,26
2024021150,2025-03-27,CGY,8481692,2.238,4,18
2024021150,2025-03-27,DAL,8479193,4.560,2,48
2024021151,2025-03-27,SEA,8478916,2.816,1,37
2024021151,2025-03-27,EDM,8475717,2.437,5,29
2024021151,2025-03-27,EDM,8480885,1.578,1,8
2024021152,2025-03-27,SJS,8480382,3.870,5,35
2024021152,2025-03-27,TOR,8479361,2.637,5,35
2024021153,2025-03-28,FLA,8475683,2.334,1,15
2024021153,2025-03-28,UTA,8478872,3.544,2,32
2024021154,2025-03-28,CAR,8475883,1.806,1,15
2024021154,2025-03-28,MTL,8478470,2.306,3,24
2024021155,2025-03-28,CBJ,8478007,2.909,6,37
2024021155,2025-03-28,VAN,8480947,3.219,6,38
2024021156,2025-03-28,WPG,8476945,2.637,0,24
2024021156,2025-03-28,NJD,8474596,2.468,4,19
2024021157,2025-03-28,CHI,8481519,1.791,4,21
2024021157,2025-03-28,VGK,8478499,2.280,3,21
2024021158,2025-03-28,ANA,8480843,3.547,4,30
2024021158,2025-03-28,NYR,8478048,3.455,5,33
2024021159,2025-03-29,PHI,8481035,2.964,4,21
2024021159,2025-03-29,BUF,8480045,2.574,7,32
2024021160,2025-03-29,TBL,8477992,5.045,3,38
2024021160,2025-03-29,NYI,8478009,2.224,4,23
2024021161,2025-03-29,COL,8478406,3.281,2,27
2024021161,2025-03-29,STL,8476412,2.682,1,29
2024021162,2025-03-29,MIN,8479406,2.201,5,33
2024021162,2025-03-29,NJD,8474593,2.144,2,24
2024021163,2025-03-29,NSH,8481020,2.418,2,28
2024021163,2025-03-29,VGK,8478499,1.618,1,24
2024021164,2025-03-29,OTT,8476999,2.356,2,30
2024021164,2025-03-29,CBJ,8480193,3.394,3,27
2024021165,2025-03-29,LAK,8475311,3.177,2,25
2024021165,2025-03-29,TOR,8476932,2.831,1,36
2024021166,2025-03-29,DET,8475660,2.122,1,21
2024021166,2025-03-29,BOS,8480280,2.195,2,22
2024021167,2025-03-29,EDM,8475717,2.484,2,28
2024021167,2025-03-29,CGY,8481692,2.499,3,29
2024021168,2025-03-29,SJS,8480382,2.742,6,33
2024021168,2025-03-29,NYR,8471734,1.862,1,22
2024021169,2025-03-29,SEA,8478916,2.705,4,20
2024021169,2025-03-29,DAL,8479979,2.819,1,36
2024021170,2025-03-30,FLA,8475683,2.372,3,22
2024021170,2025-03-30,MTL,8478470,2.926,2,26
2024021171,2025-03-30,WSH,8480313,2.605,7,22
2024021171,2025-03-30,BUF,8473503,3.701,5,29
2024021172,2025-03-30,WPG,8476945,2.015,1,24
2024021172,2025-03-30,VAN,8477967,3.861,3,27
2024021173,2025-03-30,CHI,8482821,3.841,5,31
2024021173,2025-03-30,UTA,8478872,2.553,2,29
2024021174,2025-03-30,PIT,8477465,2.770,0,31
2024021174,2025-03-30,OTT,8476341,3.874,1,35
2024021175,2025-03-30,CAR,8481611,3.193,4,31
2024021175,2025-03-30,NYI,8477405,3.977,6,30
2024021176,2025-03-30,ANA,8480843,2.789,3,23
2024021176,2025-03-30,TOR,8479361,3.109,2,31
2024021177,2025-03-30,LAK,8479496,2.133,1,23
2024021177,2025-03-30,SJS,8484312,4.208,8,36
2024021178,2025-03-31,NJD,8474593,2.694,2,30
2024021178,2025-03-31,MIN,8479406,1.932,2,28
2024021179,2025-03-31,PHI,8478905,2.449,1,29
2024021179,2025-03-31,NSH,8481020,2.840,2,18
2024021180,2025-03-31,COL,8475809,2.541,2,27
2024021180,2025-03-31,CGY,8478435,2.813,2,30
2024021181,2025-03-31,SEA,8475831,3.248,2,30
2024021181,2025-03-31,DAL,8479193,3.029,1,36
2024021182,2025-04-01,BOS,8480280,2.524,4,32
2024021182,2025-04-01,WSH,8479292,2.346,3,24
2024021183,2025-04-01,MTL,8478470,3.227,2,27
2024021183,2025-04-01,FLA,8477970,2.517,3,21
2024021184,2025-04-01,OTT,8476999,2.118,4,21
2024021184,2025-04-01,BUF,8473503,3.754,2,35
2024021185,2025-04-01,CBJ,8478007,2.962,4,28
2024021185,2025-04-01,NSH,8477424,2.728,7,26
2024021185,2025-04-01,NSH,8481020,1.168,1,11
2024021186,2025-04-01,NYI,8478009,3.046,3,23
2024021186,2025-04-01,TBL,8476883,3.136,1,29
2024021187,2025-04-01,STL,8476412,2.534,1,21
2024021187,2025-04-01,DET,8475660,3.660,2,37
2024021188,2025-04-01,UTA,8478872,2.861,1,34
2024021188,2025-04-01,CGY,8481692,3.451,2,27
2024021189,2025-04-01,VGK,8478499,1.972,3,20
2024021189,2025-04-01,EDM,8475717,1.867,2,22
2024021190,2025-04-01,ANA,8480843,3.188,3,31
2024021190,2025-04-01,SJS,8480382,4.349,3,37
2024021191,2025-04-01,LAK,8475311,1.545,1,20
2024021191,2025-04-01,WPG,8476945,1.404,3,19
2024021192,2025-04-02,NYR,8478048,2.456,4,24
2024021192,2025-04-02,MIN,8479406,3.637,5,39
2024021193,2025-04-02,CAR,8475883,2.650,1,21
2024021193,2025-04-02,WSH,8479292,2.516,2,19
2024021193,2025-04-02,WSH,8480313,1.261,3,12
2024021194,2025-04-02,TOR,8476932,3.688,2,31
2024021194,2025-04-02,FLA,8475683,2.505,3,26
2024021195,2025-04-02,CHI,8481519,4.412,2,31
2024021195,2025-04-02,COL,8475809,2.425,2,23
2024021196,2025-04-02,VAN,8477967,2.011,4,18
2024021196,2025-04-02,SEA,8478916,3.651,0,24
2024021197,2025-04-03,MTL,8478470,2.445,1,19
2024021197,2025-04-03,BOS,8480280,3.268,3,31
2024021198,2025-04-03,OTT,8476999,3.388,1,32
2024021198,2025-04-03,TBL,8476883,1.894,2,19
2024021199,2025-04-03,CBJ,8478007,2.538,7,28
2024021199,2025-04-03,CBJ,8480193,0.431,0,4
2024021199,2025-04-03,COL,8478406,2.932,3,30
2024021200,2025-04-03,STL,8480981,2.889,4,28
2024021200,2025-04-03,PIT,8477465,2.574,5,19
2024021201,2025-04-03,DAL,8479979,2.777,1,29
2024021201,2025-04-03,NSH,8481020,3.008,5,27
2024021202,2025-04-03,UTA,8478872,1.990,3,19
2024021202,2025-04-03,LAK,8475311,3.161,2,30
2024021203,2025-04-03,CGY,8481692,1.953,1,27
2024021203,2025-04-03,ANA,8476434,2.691,3,26
2024021203,2025-04-03,ANA,8480843,0.822,1,8
2024021204,2025-04-03,VGK,8478499,1.415,3,19
2024021204,2025-04-03,VGK,8481033,0.246,0,2
2024021204,2025-04-03,WPG,8477480,2.574,0,26
2024021205,2025-04-03,SJS,8484312,2.599,3,38
2024021205,2025-04-03,EDM,8475717,1.597,2,29
2024021206,2025-04-04,DET,8475660,2.909,3,33
2024021206,2025-04-04,CAR,8481611,2.753,4,20
2024021207,2025-04-04,WSH,8479292,2.365,3,22
2024021207,2025-04-04,CHI,8481519,3.027,4,29
2024021208,2025-04-04,NYI,8478009,2.658,1,28
2024021208,2025-04-04,MIN,8479406,2.540,3,27
2024021209,2025-04-05,NJD,8474593,2.693,0,26
2024021209,2025-04-05,NYR,8478048,2.158,3,15
2024021210,2025-04-05,OTT,8476341,3.787,0,39
2024021210,2025-04-05,FLA,8475683,1.678,2,21
2024021211,2025-04-05,DAL,8479193,3.915,4,39
2024021211,2025-04-05,PIT,8477465,2.959,3,24
2024021212,2025-04-05,VAN,8477967,2.584,2,32
2024021212,2025-04-05,ANA,8480843,2.184,6,26
2024021213,2025-04-05,LAK,8475311,2.168,0,27
2024021213,2025-04-05,EDM,8475717,2.972,2,28
2024021214,2025-04-05,BOS,8480280,3.616,1,40
2024021214,2025-04-05,CAR,8475883,3.432,5,27
2024021215,2025-04-05,BUF,8473503,2.668,2,24
2024021215,2025-04-05,TBL,8477992,3.924,2,38
2024021216,2025-04-05,TOR,8476932,1.512,0,27
2024021216,2025-04-05,CBJ,8478007,2.399,5,27
2024021217,2025-04-05,MTL,8478470,2.803,2,24
2024021217,2025-04-05,PHI,8481035,3.242,3,26
2024021218,2025-04-05,STL,8476412,3.945,4,39
2024021218,2025-04-05,COL,8478406,1.968,4,21
2024021219,2025-04-05,UTA,8478872,3.712,1,33
2024021219,2025-04-05,WPG,8476945,2.856,3,27
2024021220,2025-04-05,CGY,8481692,3.475,3,34
2024021220,2025-04-05,VGK,8481033,1.567,2,23
2024021221,2025-04-05,SJS,8480382,1.519,4,11
2024021221,2025-04-05,SJS,8484312,1.467,1,11
2024021221,2025-04-05,SEA,8478916,2.050,1,24
2024021222,2025-04-06,NYI,8478009,2.678,1,29
2024021222,2025-04-06,WSH,8479292,3.310,4,22
2024021223,2025-04-06,MIN,8479406,2.290,2,25
2024021223,2025-04-06,DAL,8479979,3.425,3,41
2024021224,2025-04-06,OTT,8476999,2.824,0,29
2024021224,2025-04-06,CBJ,8478007,1.833,1,23
2024021224,2025-04-06,CBJ,8480193,0.411,2,6
2024021225,2025-04-06,DET,8475660,2.490,1,33
2024021225,2025-04-06,FLA,8477970,2.517,2,24
2024021226,2025-04-06,BUF,8480045,2.006,3,20
2024021226,2025-04-06,BOS,8476914,3.452,5,36
2024021227,2025-04-06,CHI,8481519,3.568,1,29
2024021227,2025-04-06,PIT,8477968,2.793,2,30
2024021228,2025-04-06,NSH,8477424,1.213,2,17
2024021228,2025-04-06,MTL,8482487,4.084,1,37
2024021229,2025-04-06,VAN,8480947,2.881,3,35
2024021229,2025-04-06,VGK,8478499,2.357,2,21
2024021230,2025-04-07,NYR,8478048,1.994,4,22
2024021230,2025-04-07,TBL,8476883,3.965,1,39
2024021231,2025-04-07,WPG,8476945,1.304,1,15
2024021231,2025-04-07,STL,8480981,2.577,2,25
2024021232,2025-04-07,ANA,8480843,4.703,2,47
2024021232,2025-04-07,EDM,8480885,1.910,3,21
2024021233,2025-04-07,LAK,8475311,2.580,2,28
2024021233,2025-04-07,SEA,8478916,2.432,1,29
2024021234,2025-04-07,SJS,8484312,2.630,3,32
2024021234,2025-04-07,CGY,8481692,2.759,2,31
2024021235,2025-04-08,BUF,8473503,2.313,0,33
2024021235,2025-04-08,CAR,8481611,1.705,3,18
2024021236,2025-04-08,MTL,8478470,4.138,1,36
2024021236,2025-04-08,DET,8475660,2.094,2,19
2024021237,2025-04-08,FLA,8475683,1.197,1,18
2024021237,2025-04-08,TOR,8479361,2.947,2,36
2024021238,2025-04-08,NJD,8474593,1.934,7,23
2024021238,2025-04-08,NJD,8474596,0.237,0,2
2024021238,2025-04-08,BOS,8480280,2.142,2,21
2024021239,2025-04-08,CBJ,8478007,3.250,2,35
2024021239,2025-04-08,OTT,8476341,2.723,5,35
2024021240,2025-04-08,PIT,8477465,2.843,0,26
2024021240,2025-04-08,CHI,8481519,3.312,5,27
2024021241,2025-04-08,NSH,8481020,3.601,6,22
2024021241,2025-04-08,NYI,8477405,0.922,3,9
2024021241,2025-04-08,NYI,8478009,2.068,4,23
2024021242,2025-04-08,DAL,8479193,4.481,6,32
2024021242,2025-04-08,VAN,8477967,3.565,4,27
2024021243,2025-04-08,UTA,8478872,2.114,1,19
2024021243,2025-04-08,SEA,8478916,3.518,7,29
2024021243,2025-04-08,SEA,8484910,1.185,0,12
2024021244,2025-04-08,COL,8475809,2.186,2,21
2024021244,2025-04-08,VGK,8481033,3.610,2,36
2024021245,2025-04-09,TBL,8476883,3.898,4,31
2024021245,2025-04-09,TOR,8476932,4.408,3,28
2024021246,2025-04-09,NYR,8471734,2.244,6,28
2024021246,2025-04-09,PHI,8482783,2.651,5,29
2024021247,2025-04-09,MIN,8470594,2.553,7,31
2024021247,2025-04-09,SJS,8480382,4.160,8,44
2024021248,2025-04-09,EDM,8475717,2.641,3,26
2024021248,2025-04-09,STL,8476412,2.825,4,23
2024021249,2025-04-09,ANA,8478024,3.272,3,39
2024021249,2025-04-09,CGY,8481692,2.299,4,23
2024021250,2025-04-10,BOS,8480280,1.645,4,20
2024021250,2025-04-10,CHI,8482821,3.095,2,33
2024021251,2025-04-10,FLA,8475683,2.130,1,23
2024021251,2025-04-10,DET,8475660,3.300,4,31
2024021252,2025-04-10,WSH,8479292,4.416,4,34
2024021252,2025-04-10,CAR,8475883,4.219,4,28
2024021253,2025-04-10,CBJ,8482982,4.518,2,41
2024021253,2025-04-10,BUF,8473503,3.095,3,30
2024021254,2025-04-10,NYI,8477405,2.461,8,30
2024021254,2025-04-10,NYI,8482668,0.052,1,2
2024021254,2025-04-10,NYR,8478048,3.589,2,46
2024021255,2025-04-10,DAL,8479979,3.168,4,35
2024021255,2025-04-10,WPG,8476945,2.804,0,25
2024021256,2025-04-10,COL,8478406,2.061,3,29
2024021256,2025-04-10,VAN,8480947,3.186,1,32
2024021257,2025-04-10,UTA,8478872,2.433,3,31
2024021257,2025-04-10,NSH,8477424,5.299,3,42
2024021258,2025-04-10,VGK,8478499,3.143,1,25
2024021258,2025-04-10,SEA,8478916,2.968,2,25
2024021259,2025-04-10,LAK,8475311,1.713,1,25
2024021259,2025-04-10,ANA,8480843,2.627,6,29
2024021260,2025-04-11,OTT,8476999,2.138,2,22
2024021260,2025-04-11,MTL,8478470,3.636,4,33
2024021261,2025-04-11,TBL,8476883,3.038,4,26
2024021261,2025-04-11,DET,8479312,2.169,3,21
2024021262,2025-04-11,NJD,8474596,2.428,3,24
2024021262,2025-04-11,PIT,8477465,2.982,2,28
2024021263,2025-04-11,EDM,8475717,2.351,2,24
2024021263,2025-04-11,SJS,8484312,4.131,3,33
2024021264,2025-04-11,CGY,8481692,1.705,2,18
2024021264,2025-04-11,MIN,8470594,0.273,0,3
2024021264,2025-04-11,MIN,8479406,2.040,4,29
2024021265,2025-04-12,PHI,8481035,3.057,3,40
2024021265,2025-04-12,NYI,8477405,2.605,3,22
2024021266,2025-04-12,CAR,8481611,3.053,3,31
2024021266,2025-04-12,NYR,8478048,2.848,5,26
2024021267,2025-04-12,LAK,8475311,2.522,4,26
2024021267,2025-04-12,COL,8478406,3.078,5,33
2024021268,2025-04-12,FLA,8477970,2.320,2,28
2024021268,2025-04-12,BUF,8480045,3.128,2,34
2024021269,2025-04-12,TOR,8476932,2.578,0,15
2024021269,2025-04-12,MTL,8482487,3.524,1,35
2024021270,2025-04-12,CBJ,8482982,3.154,0,22
2024021270,2025-04-12,WSH,8482411,3.003,7,26
2024021271,2025-04-12,CHI,8481519,4.578,4,42
2024021271,2025-04-12,WPG,8476945,3.399,4,32
2024021272,2025-04-12,DAL,8479193,3.644,5,34
2024021272,2025-04-12,UTA,8478872,2.829,3,24
2024021273,2025-04-12,VAN,8480947,3.480,3,33
2024021273,2025-04-12,MIN,8479406,1.159,2,14
2024021274,2025-04-12,VGK,8478499,1.711,3,17
2024021274,2025-04-12,NSH,8481020,3.650,4,28
2024021275,2025-04-12,SEA,8475831,2.221,3,23
2024021275,2025-04-12,STL,8476412,1.790,3,18
2024021276,2025-04-13,OTT,8476341,2.670,3,32
2024021276,2025-04-13,PHI,8478905,2.416,4,25
2024021277,2025-04-13,NJD,8474593,2.277,1,23
2024021277,2025-04-13,NYI,8478009,2.336,0,25
2024021278,2025-04-13,PIT,8477465,3.757,3,31
2024021278,2025-04-13,BOS,8476914,2.150,1,24
2024021279,2025-04-13,CAR,8475883,2.447,4,20
2024021279,2025-04-13,TOR,8479361,3.589,1,26
2024021280,2025-04-13,TBL,8477992,2.384,4,25
2024021280,2025-04-13,BUF,8473503,4.792,7,31
2024021281,2025-04-13,WSH,8479292,1.695,4,23
2024021281,2025-04-13,CBJ,8482982,3.510,1,31
2024021282,2025-04-13,WPG,8477480,3.767,3,38
2024021282,2025-04-13,EDM,8479973,2.164,1,18
2024021283,2025-04-13,CGY,8481692,2.363,2,30
2024021283,2025-04-13,SJS,8484312,2.966,4,29
2024021284,2025-04-13,ANA,8480843,2.789,3,24
2024021284,2025-04-13,COL,8475809,1.692,2,21
2024021285,2025-04-14,MTL,8478470,4.093,3,25
2024021285,2025-04-14,CHI,8482821,4.033,3,21
2024021286,2025-04-14,DET,8475660,4.093,4,28
2024021286,2025-04-14,DAL,8479979,2.284,5,36
2024021287,2025-04-14,FLA,8475683,1.941,5,25
2024021287,2025-04-14,NYR,8471734,2.414,3,30
2024021288,2025-04-14,NSH,8477424,3.003,6,35
2024021288,2025-04-14,UTA,8480191,2.936,3,31
2024021289,2025-04-14,EDM,8475717,4.076,5,36
2024021289,2025-04-14,LAK,8475311,1.502,0,16
2024021289,2025-04-14,LAK,8479496,0.228,0,5
2024021290,2025-04-14,VAN,8484268,1.581,1,16
2024021290,2025-04-14,SJS,8480382,6.114,2,37
2024021291,2025-04-15,BOS,8480280,3.196,5,26
2024021291,2025-04-15,NJD,8474596,2.663,4,24
2024021292,2025-04-15,BUF,8480045,3.196,3,31
2024021292,2025-04-15,TOR,8476932,3.641,0,35
2024021293,2025-04-15,OTT,8476341,1.418,4,16
2024021293,2025-04-15,CHI,8481519,2.805,3,37
2024021294,2025-04-15,TBL,8476883,1.951,1,24
2024021294,2025-04-15,FLA,8477970,3.748,5,31
2024021295,2025-04-15,PHI,8481035,2.793,3,34
2024021295,2025-04-15,CBJ,8482982,2.882,0,29
2024021296,2025-04-15,NYI,8478009,4.633,2,35
2024021296,2025-04-15,WSH,8479292,2.747,1,33
2024021297,2025-04-15,STL,8476412,2.140,1,23
2024021297,2025-04-15,UTA,8478872,3.053,6,29
2024021298,2025-04-15,MIN,8470594,0.764,0,5
2024021298,2025-04-15,MIN,8479406,1.726,2,24
2024021298,2025-04-15,ANA,8480843,3.467,3,40
2024021299,2025-04-15,CGY,8481692,4.086,4,42
2024021299,2025-04-15,VGK,8478492,2.720,4,28
2024021300,2025-04-15,SEA,8478916,2.321,6,24
2024021300,2025-04-15,LAK,8479496,3.205,5,34
2024021301,2025-04-16,MTL,8478470,2.866,2,29
2024021301,2025-04-16,CAR,8481611,2.558,3,21
2024021302,2025-04-16,WPG,8476945,2.446,1,31
2024021302,2025-04-16,ANA,8478024,3.605,2,44
2024021303,2025-04-16,NJD,8482076,2.490,4,26
2024021303,2025-04-16,DET,8479312,2.886,2,30
2024021304,2025-04-16,NSH,8477424,2.645,1,30
2024021304,2025-04-16,DAL,8479193,1.319,0,12
2024021304,2025-04-16,DAL,8479979,2.064,5,22
2024021305,2025-04-16,VAN,8480947,2.249,1,20
2024021305,2025-04-16,VAN,8484268,1.253,2,10
2024021305,2025-04-16,VGK,8481033,1.794,1,17
2024021306,2025-04-16,SJS,8480382,2.438,2,27
2024021306,2025-04-16,EDM,8479973,1.335,0,18
2024020653,2025-04-17,LAK,8479496,2.448,5,29
2024020653,2025-04-17,CGY,8478435,3.046,1,31
2024021307,2025-04-17,BUF,8473503,2.296,4,24
2024021307,2025-04-17,PHI,8482783,2.902,4,30
2024021308,2025-04-17,TOR,8479361,2.506,3,34
2024021308,2025-04-17,DET,8475660,2.687,4,20
2024021309,2025-04-17,OTT,8476999,3.177,5,33
2024021309,2025-04-17,CAR,8475883,4.049,7,32
2024021310,2025-04-17,NYR,8478048,2.182,0,27
2024021310,2025-04-17,TBL,8477992,2.320,4,22
2024021311,2025-04-17,PIT,8477968,1.857,2,20
2024021311,2025-04-17,WSH,8483532,3.130,5,38
2024021312,2025-04-17,CBJ,8482982,3.066,1,37
2024021312,2025-04-17,NYI,8477405,3.334,6,26
2025020001,2025-10-07,FLA,8475683,2.092,2,19
2025020001,2025-10-07,CHI,8481519,3.916,3,37
2025020002,2025-10-07,NYR,8478048,2.799,1,29
2025020002,2025-10-07,PIT,8481668,2.335,0,25
2025020003,2025-10-07,LAK,8475311,1.981,4,23
2025020003,2025-10-07,COL,8475809,2.453,1,25
2025020004,2025-10-08,TOR,8476932,3.515,2,31
2025020004,2025-10-08,MTL,8478470,2.031,3,25
2025020005,2025-10-08,WSH,8480313,1.845,2,21
2025020005,2025-10-08,BOS,8480280,4.295,1,36
2025020006,2025-10-08,EDM,8479973,2.259,3,22
2025020006,2025-10-08,CGY,8481692,3.276,3,35
2025020007,2025-10-08,VGK,8478499,1.959,5,26
2025020007,2025-10-08,LAK,8476341,3.101,5,35
2025020008,2025-10-09,BOS,8476914,2.431,3,24
2025020008,2025-10-09,CHI,8482821,3.963,4,33
2025020009,2025-10-09,BUF,8479312,2.204,3,32
2025020009,2025-10-09,NYR,8478048,2.427,0,37
2025020010,2025-10-09,DET,8475660,0.453,0,4
2025020010,2025-10-09,DET,8476434,1.152,5,13
2025020010,2025-10-09,MTL,8482487,2.972,1,31
2025020011,2025-10-09,TBL,8476883,3.114,4,33
2025020011,2025-10-09,OTT,8476999,2.252,4,25
2025020012,2025-10-09,FLA,8475683,1.849,1,20
2025020012,2025-10-09,PHI,8478435,2.834,2,34
2025020013,2025-10-09,PIT,8477465,3.180,3,37
2025020013,2025-10-09,NYI,8478009,3.295,4,28
2025020014,2025-10-09,CAR,8475883,1.898,3,22
2025020014,2025-10-09,NJD,8474593,4.159,5,32
2025020015,2025-10-09,STL,8476412,1.784,5,21
2025020015,2025-10-09,MIN,8479406,2.986,0,26
2025020016,2025-10-09,NSH,8477424,2.719,1,39
2025020016,2025-10-09,CBJ,8482982,2.886,2,32
2025020017,2025-10-09,WPG,8476945,3.842,5,37
2025020017,2025-10-09,DAL,8479979,2.916,4,25
2025020018,2025-10-09,COL,8475809,2.639,1,33
2025020018,2025-10-09,UTA,8478872,2.040,2,27
2025020019,2025-10-09,VAN,8477967,2.311,1,18
2025020019,2025-10-09,CGY,8481692,2.472,5,26
2025020020,2025-10-09,SJS,8477968,2.893,4,31
2025020020,2025-10-09,VGK,8481033,2.067,3,23
2025020021,2025-10-09,SEA,8478916,2.645,1,36
2025020021,2025-10-09,ANA,8480843,2.476,3,31
2025020022,2025-10-11,WPG,8476945,3.418,2,32
2025020022,2025-10-11,LAK,8475311,3.014,3,27
2025020023,2025-10-11,CGY,8481692,2.913,4,28
2025020023,2025-10-11,STL,8480981,3.340,2,29
2025020024,2025-10-11,BOS,8480280,1.985,1,22
2025020024,2025-10-11,BUF,8479312,2.824,2,30
2025020025,2025-10-11,DET,8475660,2.213,3,23
2025020025,2025-10-11,TOR,8476932,3.299,4,33
2025020026,2025-10-11,TBL,8476883,3.165,5,31
2025020026,2025-10-11,NJD,8474593,2.059,3,17
2025020027,2025-10-11,FLA,8475683,2.100,2,28
2025020027,2025-10-11,OTT,8476999,3.458,6,27
2025020028,2025-10-11,NYI,8478009,4.084,4,29
2025020028,2025-10-11,WSH,8480313,2.960,2,36
2025020029,2025-10-11,PIT,8481668,3.014,6,30
2025020029,2025-10-11,NYR,8478048,2.589,1,19
2025020030,2025-10-11,CAR,8475883,3.139,3,23
2025020030,2025-10-11,PHI,8481035,5.544,4,39
2025020031,2025-10-11,CHI,8481519,4.144,3,28
2025020031,2025-10-11,MTL,8478470,2.161,2,22
2025020032,2025-10-11,NSH,8477424,2.781,3,23
2025020032,2025-10-11,UTA,8478872,3.113,2,23
2025020033,2025-10-11,MIN,8479406,2.824,6,31
2025020033,2025-10-11,CBJ,8478007,4.099,4,52
2025020034,2025-10-11,COL,8475809,2.255,4,22
2025020034,2025-10-11,DAL,8479979,4.120,4,39
2025020035,2025-10-11,EDM,8475717,1.947,1,15
2025020035,2025-10-11,VAN,8477967,5.134,2,36
2025020036,2025-10-11,SJS,8482137,4.841,7,44
2025020036,2025-10-11,ANA,8475852,2.265,6,23
2025020037,2025-10-11,SEA,8478916,2.690,1,27
2025020037,2025-10-11,VGK,8478499,3.784,2,22
2025020038,2025-10-12,NYR,8471734,1.798,1,21
2025020038,2025-10-12,WSH,8479292,2.781,0,35
2025020039,2025-10-13,BUF,8479312,2.912,3,37
2025020039,2025-10-13,COL,8475809,2.293,1,28
2025020040,2025-10-13,BOS,8476914,3.036,4,23
2025020040,2025-10-13,TBL,8477992,2.490,3,33
2025020041,2025-10-13,OTT,8476999,2.064,2,24
2025020041,2025-10-13,NSH,8477424,2.877,1,32
2025020042,2025-10-13,NYI,8478009,2.552,4,25
2025020042,2025-10-13,WPG,8477480,3.349,2,35
2025020043,2025-10-13,TOR,8476932,2.141,3,15
2025020043,2025-10-13,DET,8475660,3.288,2,40
2025020044,2025-10-13,PHI,8478435,2.718,2,26
2025020044,2025-10-13,FLA,8480193,2.859,3,20
2025020045,2025-10-13,CBJ,8482982,2.431,2,27
2025020045,2025-10-13,NJD,8474593,1.179,1,9
2025020045,2025-10-13,NJD,8474596,2.517,1,24
2025020046,2025-10-13,VAN,8480947,2.929,4,35
2025020046,2025-10-13,STL,8476412,3.251,2,29
2025020047,2025-10-13,MIN,8482661,3.619,3,34
2025020047,2025-10-13,LAK,8475311,2.254,3,26
2025020048,2025-10-13,CHI,8481519,2.360,1,22
2025020048,2025-10-13,UTA,8477970,1.598,2,13
2025020049,2025-10-14,TOR,8480051,2.449,4,30
2025020049,2025-10-14,NSH,8481020,3.162,5,26
2025020050,2025-10-14,MTL,8478470,2.238,4,22
2025020050,2025-10-14,SEA,8478916,2.369,5,22
2025020051,2025-10-14,NYR,8478048,1.603,1,21
2025020051,2025-10-14,EDM,8479973,3.338,0,30
2025020052,2025-10-14,WSH,8480313,2.103,2,19
2025020052,2025-10-14,TBL,8476883,3.410,3,28
2025020053,2025-10-14,CGY,8481692,2.222,3,29
2025020053,2025-10-14,VGK,8478499,0.767,2,10
2025020053,2025-10-14,VGK,8481033,1.517,0,19
2025020054,2025-10-14,DAL,8479979,2.777,2,41
2025020054,2025-10-14,MIN,8479406,2.161,3,23
2025020055,2025-10-14,SJS,8477968,3.414,5,43
2025020055,2025-10-14,CAR,8483548,2.145,1,17
2025020056,2025-10-14,ANA,8480843,2.530,3,25
2025020056,2025-10-14,PIT,8477465,2.824,4,22
2025020057,2025-10-15,BUF,8479312,3.749,4,37
2025020057,2025-10-15,OTT,8482447,2.612,7,26
2025020058,2025-10-15,DET,8475660,2.577,1,21
2025020058,2025-10-15,FLA,8475683,3.168,2,23
2025020059,2025-10-15,STL,8476412,0.746,1,7
2025020059,2025-10-15,STL,8480981,2.358,7,22
2025020059,2025-10-15,CHI,8482821,2.836,3,26
2025020060,2025-10-15,UTA,8478872,3.502,1,20
2025020060,2025-10-15,CGY,8482445,3.739,2,31
2025020061,2025-10-16,TOR,8476932,3.134,1,29
2025020061,2025-10-16,NYR,8478048,2.436,2,24
2025020062,2025-10-16,MTL,8482487,2.889,2,19
2025020062,2025-10-16,NSH,8477424,3.981,3,30
2025020063,2025-10-16,OTT,8476999,3.973,3,33
2025020063,2025-10-16,SEA,8475831,2.343,3,23
2025020064,2025-10-16,NJD,8474596,2.372,1,22
2025020064,2025-10-16,FLA,8480193,2.959,3,33
2025020065,2025-10-16,NYI,8479496,4.070,2,33
2025020065,2025-10-16,EDM,8479973,3.020,3,24
2025020066,2025-10-16,PHI,8481035,1.312,4,14
2025020066,2025-10-16,WPG,8476945,2.113,2,17
2025020067,2025-10-16,CBJ,8478007,3.467,3,35
2025020067,2025-10-16,COL,8475809,2.231,1,23
2025020068,2025-10-16,DAL,8479193,2.837,5,26
2025020068,2025-10-16,VAN,8477967,4.284,3,31
2025020069,2025-10-16,VGK,8481033,2.543,5,24
2025020069,2025-10-16,BOS,8480280,4.663,6,37
2025020070,2025-10-16,ANA,8480843,3.696,4,32
2025020070,2025-10-16,CAR,8475883,2.343,1,24
2025020071,2025-10-16,LAK,8476341,3.231,3,25
2025020071,2025-10-16,PIT,8481668,2.866,2,32
2025020072,2025-10-17,DET,8476434,3.127,1,32
2025020072,2025-10-17,TBL,8476883,3.254,2,31
2025020073,2025-10-17,WSH,8480313,1.721,1,14
2025020073,2025-10-17,MIN,8479406,4.461,5,45
2025020074,2025-10-17,CHI,8481519,5.086,2,32
2025020074,2025-10-17,VAN,8480947,2.592,2,33
2025020075,2025-10-17,UTA,8478872,2.077,3,21
2025020075,2025-10-17,SJS,8482137,3.854,6,34
2025020076,2025-10-18,BUF,8479312,3.629,0,32
2025020076,2025-10-18,FLA,8475683,2.538,3,31
2025020077,2025-10-18,OTT,8476999,2.834,5,23
2025020077,2025-10-18,NYI,8478009,3.155,4,32
2025020078,2025-10-18,NJD,8474596,2.674,3,30
2025020078,2025-10-18,EDM,8475717,2.967,4,22
2025020079,2025-10-18,TOR,8476932,2.207,4,28
2025020079,2025-10-18,SEA,8478916,2.346,3,30
2025020080,2025-10-18,MTL,8478470,2.647,4,22
2025020080,2025-10-18,NYR,8471734,2.295,3,24
2025020081,2025-10-18,PHI,8478435,2.326,1,16
2025020081,2025-10-18,MIN,8482661,2.320,2,21
2025020082,2025-10-18,CBJ,8482982,3.753,2,24
2025020082,2025-10-18,TBL,8477992,2.687,3,31
2025020083,2025-10-18,STL,8476412,1.873,1,19
2025020083,2025-10-18,DAL,8479979,2.294,2,21
2025020084,2025-10-18,WPG,8476945,4.056,1,31
2025020084,2025-10-18,NSH,8477424,3.178,4,24
2025020085,2025-10-18,COL,8475809,1.186,1,14
2025020085,2025-10-18,BOS,8480280,3.263,3,37
2025020086,2025-10-18,LAK,8476341,3.411,4,40
2025020086,2025-10-18,CAR,8483548,2.337,3,28
2025020087,2025-10-18,VGK,8478499,2.581,1,27
2025020087,2025-10-18,CGY,8481692,2.013,5,19
2025020087,2025-10-18,CGY,8482445,1.115,1,9
2025020088,2025-10-18,SJS,8477968,2.727,2,26
2025020088,2025-10-18,PIT,8477465,2.534,0,31
2025020089,2025-10-19,WSH,8479292,2.986,4,24
2025020089,2025-10-19,VAN,8477967,4.563,3,31
2025020090,2025-10-19,DET,8476434,1.885,2,18
2025020090,2025-10-19,EDM,8479973,2.144,3,24
2025020091,2025-10-19,CHI,8481519,3.631,1,39
2025020091,2025-10-19,ANA,8480843,3.263,2,30
2025020092,2025-10-19,UTA,8477970,2.013,2,26
2025020092,2025-10-19,BOS,8476914,3.561,3,27
2025020093,2025-10-20,NYR,8478048,3.240,2,31
2025020093,2025-10-20,MIN,8479406,2.690,1,24
2025020094,2025-10-20,PHI,8478435,2.297,2,23
2025020094,2025-10-20,SEA,8475831,0.526,0,6
2025020094,2025-10-20,SEA,8478916,2.105,5,21
2025020095,2025-10-20,MTL,8482487,4.643,2,32
2025020095,2025-10-20,BUF,8479312,3.259,3,31
2025020096,2025-10-20,CGY,8481692,3.707,2,27
2025020096,2025-10-20,WPG,8476945,2.867,1,33
2025020097,2025-10-20,VGK,8478499,0.179,0,4
2025020097,2025-10-20,VGK,8481033,1.909,1,23
2025020097,2025-10-20,CAR,8475883,2.248,3,25
2025020098,2025-10-21,TOR,8476932,3.360,4,34
2025020098,2025-10-21,NJD,8474596,2.786,2,25
2025020099,2025-10-21,OTT,8476999,2.362,3,25
2025020099,2025-10-21,EDM,8479973,1.678,2,21
2025020100,2025-10-21,NYI,8478009,3.872,3,36
2025020100,2025-10-21,SJS,8482137,3.551,4,27
2025020101,2025-10-21,PIT,8481668,3.403,1,24
2025020101,2025-10-21,VAN,8480947,4.341,5,26
2025020102,2025-10-21,WSH,8480313,1.982,1,19
2025020102,2025-10-21,SEA,8476899,3.218,3,33
2025020103,2025-10-21,BOS,8480280,3.249,4,23
2025020103,2025-10-21,FLA,8475683,2.811,3,31
2025020104,2025-10-21,STL,8476412,1.817,2,28
2025020104,2025-10-21,LAK,8475311,2.120,1,18
2025020105,2025-10-21,NSH,8477424,4.216,5,32
2025020105,2025-10-21,ANA,8480843,2.238,2,28
2025020106,2025-10-21,DAL,8479979,2.356,4,28
2025020106,2025-10-21,CBJ,8478007,3.394,1,23
2025020107,2025-10-21,UTA,8478872,2.840,3,33
2025020107,2025-10-21,COL,8475809,3.032,4,33
2025020108,2025-10-22,NJD,8482076,3.746,1,31
2025020108,2025-10-22,MIN,8479406,3.200,3,34
2025020109,2025-10-22,BUF,8481551,3.828,2,31
2025020109,2025-10-22,DET,8476434,3.471,4,31
2025020110,2025-10-22,CGY,8481692,2.639,2,28
2025020110,2025-10-22,MTL,8482487,2.671,1,37
2025020111,2025-10-23,BOS,8476914,3.374,6,29
2025020111,2025-10-23,ANA,8475852,4.131,5,42
2025020112,2025-10-23,OTT,8476999,2.483,1,23
2025020112,2025-10-23,PHI,8478435,2.210,2,33
2025020113,2025-10-23,TBL,8476883,2.904,3,25
2025020113,2025-10-23,CHI,8481519,3.214,2,31
2025020114,2025-10-23,FLA,8475683,1.539,5,17
2025020114,2025-10-23,PIT,8477465,4.832,3,37
2025020115,2025-10-23,NYI,8479496,4.279,2,34
2025020115,2025-10-23,DET,8475660,3.170,7,30
2025020116,2025-10-23,NYR,8478048,2.760,6,24
2025020116,2025-10-23,SJS,8477968,2.700,5,28
2025020117,2025-10-23,STL,8476412,1.628,3,18
2025020117,2025-10-23,STL,8480981,0.466,3,6
2025020117,2025-10-23,UTA,8478872,2.512,4,20
2025020118,2025-10-23,NSH,8477424,2.799,1,22
2025020118,2025-10-23,VAN,8477967,2.256,2,35
2025020119,2025-10-23,DAL,8479979,2.509,3,25
2025020119,2025-10-23,LAK,8475311,3.406,2,31
2025020120,2025-10-23,WPG,8476945,1.678,1,26
2025020120,2025-10-23,SEA,8478916,1.856,0,32
2025020121,2025-10-23,COL,8475809,1.475,4,11
2025020121,2025-10-23,COL,8481529,1.525,0,20
2025020121,2025-10-23,CAR,8475883,5.346,4,48
2025020122,2025-10-23,EDM,8475717,4.057,5,27
2025020122,2025-10-23,MTL,8478470,3.949,6,29
2025020123,2025-10-24,BUF,8479312,2.844,3,34
2025020123,2025-10-24,TOR,8476932,2.665,5,30
2025020124,2025-10-24,NJD,8474596,2.248,1,17
2025020124,2025-10-24,SJS,8482137,3.594,2,28
2025020125,2025-10-24,CBJ,8482982,4.438,5,30
2025020125,2025-10-24,WSH,8480313,4.749,1,35
2025020126,2025-10-24,WPG,8477480,3.920,3,33
2025020126,2025-10-24,CGY,8481692,3.296,4,31
2025020127,2025-10-25,PHI,8481035,3.431,3,26
2025020127,2025-10-25,NYI,8478009,3.173,3,26
2025020128,2025-10-25,BOS,8480280,4.098,2,33
2025020128,2025-10-25,COL,8475809,1.935,3,19
2025020129,2025-10-25,TBL,8477992,2.673,3,40
2025020129,2025-10-25,ANA,8480843,4.807,4,33
2025020130,2025-10-25,FLA,8475683,1.671,0,17
2025020130,2025-10-25,VGK,8481033,3.424,3,26
2025020131,2025-10-25,MIN,8479406,3.899,5,40
2025020131,2025-10-25,UTA,8478872,3.521,2,35
2025020132,2025-10-25,TOR,8480051,2.445,3,26
2025020132,2025-10-25,BUF,8480045,2.304,4,23
2025020133,2025-10-25,DET,8476434,4.044,4,29
2025020133,2025-10-25,STL,8476412,2.389,5,27
2025020134,2025-10-25,PIT,8481668,4.015,4,41
2025020134,2025-10-25,CBJ,8478007,3.226,4,31
2025020135,2025-10-25,WSH,8479292,4.143,7,34
2025020135,2025-10-25,OTT,8476999,1.947,1,13
2025020136,2025-10-25,VAN,8480947,3.172,4,24
2025020136,2025-10-25,MTL,8482487,3.346,3,31
2025020137,2025-10-25,NSH,8477424,3.802,4,40
2025020137,2025-10-25,LAK,8475311,3.204,4,25
2025020138,2025-10-25,DAL,8479979,3.483,2,28
2025020138,2025-10-25,CAR,8483548,4.382,3,34
2025020139,2025-10-25,SEA,8478916,2.729,2,33
2025020139,2025-10-25,EDM,8479973,2.170,3,23
2025020140,2025-10-26,NJD,8474596,2.882,3,24
2025020140,2025-10-26,COL,8481529,2.505,4,24
2025020141,2025-10-26,TBL,8476883,1.666,1,19
2025020141,2025-10-26,VGK,8482761,3.081,2,28
2025020142,2025-10-26,MIN,8482661,2.778,6,25
2025020142,2025-10-26,SJS,8482137,4.023,5,33
2025020143,2025-10-26,WPG,8476945,2.939,3,32
2025020143,2025-10-26,UTA,8477970,3.863,2,30
2025020144,2025-10-26,CHI,8482821,1.879,2,21
2025020144,2025-10-26,LAK,8476341,1.996,1,23
2025020145,2025-10-26,NSH,8481020,3.609,3,28
2025020145,2025-10-26,DAL,8479193,3.120,2,25
2025020146,2025-10-26,CGY,8481692,2.815,1,31
2025020146,2025-10-26,NYR,8478048,2.914,5,30
2025020147,2025-10-26,VAN,8477967,2.938,3,29
2025020147,2025-10-26,EDM,8475717,2.535,4,27
2025020148,2025-10-27,PIT,8477465,3.292,3,28
2025020148,2025-10-27,STL,8480981,2.523,5,25
2025020149,2025-10-27,OTT,8482447,2.119,2,28
2025020149,2025-10-27,BOS,8480280,2.751,7,23
2025020150,2025-10-28,PHI,8481035,2.516,2,26
2025020150,2025-10-28,PIT,8481668,3.813,2,34
2025020151,2025-10-28,TOR,8476932,3.375,3,29
2025020151,2025-10-28,CGY,8481692,3.119,4,37
2025020152,2025-10-28,BUF,8479312,3.894,4,39
2025020152,2025-10-28,CBJ,8482982,3.223,3,38
2025020153,2025-10-28,FLA,8480193,2.593,2,17
2025020153,2025-10-28,ANA,8480843,5.368,2,33
2025020154,2025-10-28,BOS,8476914,3.565,2,35
2025020154,2025-10-28,NYI,8478009,1.901,4,21
2025020155,2025-10-28,CAR,8475883,4.268,5,34
2025020155,2025-10-28,VGK,8481033,2.099,3,24
2025020156,2025-10-28,NSH,8477424,3.355,4,31
2025020156,2025-10-28,TBL,8476883,1.945,2,20
2025020157,2025-10-28,MIN,8479406,2.314,4,21
2025020157,2025-10-28,WPG,8476945,3.726,3,35
2025020158,2025-10-28,STL,8476412,2.659,4,19
2025020158,2025-10-28,DET,8476434,1.752,2,22
2025020159,2025-10-28,DAL,8479979,2.933,0,24
2025020159,2025-10-28,WSH,8480313,2.222,1,19
2025020160,2025-10-28,CHI,8481519,2.206,3,24
2025020160,2025-10-28,OTT,8476999,1.666,6,25
2025020161,2025-10-28,COL,8475809,3.180,4,30
2025020161,2025-10-28,NJD,8474593,3.661,8,42
2025020162,2025-10-28,EDM,8479973,3.219,3,23
2025020162,2025-10-28,UTA,8478872,2.594,5,23
2025020163,2025-10-28,VAN,8477967,2.981,1,24
2025020163,2025-10-28,NYR,8471734,2.472,0,23
2025020164,2025-10-28,SEA,8478916,1.865,4,21
2025020164,2025-10-28,MTL,8482487,1.918,3,21
2025020165,2025-10-28,SJS,8482137,1.269,4,14
2025020165,2025-10-28,LAK,8475311,5.012,3,40
2025020166,2025-10-29,CBJ,8478007,3.901,3,36
2025020166,2025-10-29,TOR,8480051,2.182,6,24
2025020167,2025-10-30,BOS,8476914,5.389,3,40
2025020167,2025-10-30,BUF,8479312,2.455,4,22
2025020168,2025-10-30,OTT,8476999,2.322,3,29
2025020168,2025-10-30,CGY,8482445,4.017,3,38
2025020169,2025-10-30,TBL,8476883,2.535,1,21
2025020169,2025-10-30,DAL,8479979,4.860,2,33
2025020170,2025-10-30,PHI,8478435,3.818,1,33
2025020170,2025-10-30,NSH,8477424,1.588,3,17
2025020171,2025-10-30,CAR,8483548,2.724,2,28
2025020171,2025-10-30,NYI,8479496,5.257,6,34
2025020172,2025-10-30,STL,8476412,1.901,3,18
2025020172,2025-10-30,VAN,8480947,3.744,3,39
2025020173,2025-10-30,MIN,8479406,2.821,3,33
2025020173,2025-10-30,PIT,8477465,2.545,1,27
2025020174,2025-10-30,WPG,8476945,2.748,3,24
2025020174,2025-10-30,CHI,8481519,3.652,6,32
2025020175,2025-10-30,EDM,8479973,3.399,4,35
2025020175,2025-10-30,NYR,8478048,3.210,3,36
2025020176,2025-10-30,SJS,8477968,2.112,2,31
2025020176,2025-10-30,NJD,8474596,2.567,5,28
2025020177,2025-10-30,LAK,8475311,3.083,3,27
2025020177,2025-10-30,DET,8475660,5.375,3,39
2025020178,2025-10-31,VGK,8482761,2.761,3,25
2025020178,2025-10-31,COL,8475809,2.385,2,23
2025020179,2025-10-31,WSH,8480313,3.316,2,22
2025020179,2025-10-31,NYI,8478009,2.791,1,23
2025020180,2025-10-31,ANA,8480843,3.922,2,30
2025020180,2025-10-31,DET,8476434,3.069,4,31
2025020181,2025-11-01,BOS,8480280,2.328,1,29
2025020181,2025-11-01,CAR,8475883,3.031,2,22
2025020182,2025-11-01,WPG,8477480,3.253,2,30
2025020182,2025-11-01,PIT,8481668,3.502,4,33
2025020183,2025-11-01,NSH,8477424,2.565,2,35
2025020183,2025-11-01,CGY,8481692,0.975,3,11
2025020183,2025-11-01,CGY,8482445,1.334,0,12
2025020184,2025-11-01,SJS,8482137,3.479,2,39
2025020184,2025-11-01,COL,8478406,1.788,3,23
2025020185,2025-11-01,FLA,8475683,2.144,3,22
2025020185,2025-11-01,DAL,8479193,3.236,3,28
2025020186,2025-11-01,BUF,8480045,3.413,3,34
2025020186,2025-11-01,WSH,8479292,2.894,3,24
2025020187,2025-11-01,MTL,8478470,2.190,3,17
2025020187,2025-11-01,OTT,8476999,3.887,4,27
2025020188,2025-11-01,PHI,8478435,1.719,4,19
2025020188,2025-11-01,PHI,8482783,0.722,0,7
2025020188,2025-11-01,TOR,8476932,3.229,2,33
2025020189,2025-11-01,CBJ,8482982,3.908,2,39
2025020189,2025-11-01,STL,8480981,3.109,3,35
2025020190,2025-11-01,MIN,8479406,2.483,2,28
2025020190,2025-11-01,VAN,8477967,2.601,4,27
2025020191,2025-11-01,LAK,8475311,1.245,3,21
2025020191,2025-11-01,NJD,8474593,3.111,1,44
2025020192,2025-11-01,EDM,8479973,2.947,2,29
2025020192,2025-11-01,CHI,8481519,3.676,3,30
2025020193,2025-11-01,SEA,8478916,3.666,3,27
2025020193,2025-11-01,NYR,8478048,1.696,2,13
2025020194,2025-11-02,UTA,8478872,2.297,3,25
2025020194,2025-11-02,TBL,8477992,2.679,2,27
2025020195,2025-11-02,NYI,8479496,2.783,2,22
2025020195,2025-11-02,CBJ,8478007,4.145,3,39
2025020196,2025-11-02,PHI,8482783,1.462,2,21
2025020196,2025-11-02,CGY,8481692,1.592,1,18
2025020197,2025-11-02,ANA,8480843,3.200,1,33
2025020197,2025-11-02,NJD,8474596,3.352,3,28
2025020198,2025-11-02,SJS,8477968,3.045,2,32
2025020198,2025-11-02,DET,8475660,1.220,2,18
2025020199,2025-11-03,TOR,8476932,3.357,3,37
2025020199,2025-11-03,PIT,8477465,1.887,4,20
2025020200,2025-11-03,STL,8476412,2.297,2,26
2025020200,2025-11-03,EDM,8475717,2.284,3,22
2025020201,2025-11-03,NSH,8477424,3.191,5,36
2025020201,2025-11-03,VAN,8477967,3.288,4,29
2025020202,2025-11-03,SEA,8478916,3.567,1,30
2025020202,2025-11-03,CHI,8482821,1.993,3,24
2025020203,2025-11-04,BUF,8479312,4.095,2,35
2025020203,2025-11-04,UTA,8478872,1.705,1,18
2025020204,2025-11-04,MTL,8478470,5.318,4,42
2025020204,2025-11-04,PHI,8478435,2.993,4,20
2025020205,2025-11-04,NYI,8478009,3.443,3,27
2025020205,2025-11-04,BOS,8480280,4.549,3,33
2025020206,2025-11-04,NYR,8478048,2.584,2,31
2025020206,2025-11-04,CAR,8481611,2.326,0,26
2025020207,2025-11-04,DAL,8479193,2.790,3,26
2025020207,2025-11-04,EDM,8479973,4.622,3,27
2025020208,2025-11-04,MIN,8479406,3.325,2,34
2025020208,2025-11-04,NSH,8481020,3.334,3,25
2025020209,2025-11-04,COL,8475809,2.049,2,24
2025020209,2025-11-04,TBL,8476883,3.653,3,33
2025020210,2025-11-04,VGK,8481033,2.195,0,24
2025020210,2025-11-04,DET,8476434,3.796,1,34
2025020211,2025-11-04,ANA,8480843,2.725,3,21
2025020211,2025-11-04,FLA,8475683,3.644,7,32
2025020212,2025-11-04,LAK,8475311,2.362,0,23
2025020212,2025-11-04,WPG,8476945,2.726,2,25
2025020213,2025-11-05,TOR,8476932,2.011,3,24
2025020213,2025-11-05,UTA,8477970,2.163,4,18
2025020214,2025-11-05,WSH,8480313,2.788,1,24
2025020214,2025-11-05,STL,8476412,1.953,4,15
2025020214,2025-11-05,STL,8480981,2.188,2,17
2025020215,2025-11-05,CGY,8481692,3.637,1,43
2025020215,2025-11-05,CBJ,8482982,1.953,4,25
2025020216,2025-11-05,VAN,8480947,2.681,4,27
2025020216,2025-11-05,CHI,8481519,4.710,2,45
2025020217,2025-11-05,SEA,8476899,0.530,1,3
2025020217,2025-11-05,SEA,8478916,1.612,5,20
2025020217,2025-11-05,SJS,8482137,4.203,1,30
2025020218,2025-11-06,BOS,8476914,2.451,2,22
2025020218,2025-11-06,OTT,8476999,3.028,3,25
2025020219,2025-11-06,BUF,8480045,1.469,2,16
2025020219,2025-11-06,STL,8480981,2.920,0,28
2025020220,2025-11-06,NJD,8474593,2.089,3,19
2025020220,2025-11-06,MTL,8482487,2.493,4,28
2025020221,2025-11-06,PIT,8481668,2.687,3,30
2025020221,2025-11-06,WSH,8479292,3.243,4,30
2025020222,2025-11-06,CAR,8475883,2.831,3,24
2025020222,2025-11-06,MIN,8479406,4.584,4,27
2025020223,2025-11-06,NSH,8477424,2.304,2,25
2025020223,2025-11-06,PHI,8478435,3.659,1,24
2025020224,2025-11-06,DAL,8479979,3.008,6,24
2025020224,2025-11-06,ANA,8480843,3.153,5,26
2025020225,2025-11-06,VGK,8482761,4.459,5,26
2025020225,2025-11-06,TBL,8476883,3.625,3,32
2025020226,2025-11-06,LAK,8476341,1.994,5,24
2025020226,2025-11-06,FLA,8475683,2.214,2,26
2025020227,2025-11-07,DET,8475660,3.547,4,26
2025020227,2025-11-07,NYR,8471734,2.508,1,33
2025020228,2025-11-07,NYI,8479496,2.979,5,26
2025020228,2025-11-07,MIN,8482661,2.385,2,27
2025020229,2025-11-07,CGY,8481692,1.760,4,27
2025020229,2025-11-07,CHI,8481519,2.396,0,33
2025020230,2025-11-07,SJS,8477968,3.417,1,33
2025020230,2025-11-07,WPG,8476945,3.359,2,28
2025020231,2025-11-08,NJD,8474596,2.776,1,34
2025020231,2025-11-08,PIT,8481668,2.502,1,24
2025020232,2025-11-08,PHI,8481035,2.476,3,14
2025020232,2025-11-08,OTT,8476999,2.353,2,22
2025020233,2025-11-08,NSH,8481020,2.683,5,22
2025020233,2025-11-08,DAL,8479979,1.706,4,21
2025020234,2025-11-08,TOR,8476932,2.458,4,19
2025020234,2025-11-08,TOR,8483710,1.209,1,20
2025020234,2025-11-08,BOS,8480280,3.941,3,33
2025020235,2025-11-08,MTL,8478470,3.263,2,27
2025020235,2025-11-08,UTA,8478872,2.851,6,23
2025020236,2025-11-08,TBL,8476883,2.499,2,31
2025020236,2025-11-08,WSH,8480313,1.731,3,20
2025020237,2025-11-08,NYR,8478048,2.344,4,25
2025020237,2025-11-08,NYI,8478009,3.345,0,33
2025020238,2025-11-08,CAR,8481611,2.568,3,22
2025020238,2025-11-08,BUF,8479312,3.231,4,33
2025020239,2025-11-08,STL,8480981,2.139,4,30
2025020239,2025-11-08,SEA,8475831,1.978,3,19
2025020240,2025-11-08,EDM,8475717,2.909,5,21
2025020240,2025-11-08,EDM,8479973,1.183,4,13
2025020240,2025-11-08,COL,8475809,2.615,1,24
2025020241,2025-11-08,VAN,8480947,4.317,3,32
2025020241,2025-11-08,CBJ,8478007,2.930,4,24
2025020242,2025-11-08,VGK,8481033,2.730,4,29
2025020242,2025-11-08,ANA,8475852,4.219,3,39
2025020243,2025-11-08,SJS,8482137,3.848,1,39
2025020243,2025-11-08,FLA,8480193,1.765,2,22
2025020244,2025-11-09,DET,8476434,1.688,4,19
2025020244,2025-11-09,CHI,8482821,5.165,1,46
2025020245,2025-11-09,PIT,8483703,2.479,3,27
2025020245,2025-11-09,LAK,8475311,3.519,2,33
2025020246,2025-11-09,TOR,8483710,4.582,5,47
2025020246,2025-11-09,CAR,8483548,2.256,4,20
2025020247,2025-11-09,OTT,8482447,3.684,2,31
2025020247,2025-11-09,UTA,8477970,2.561,4,25
2025020248,2025-11-09,DAL,8479193,3.127,1,31
2025020248,2025-11-09,SEA,8476899,3.352,2,25
2025020249,2025-11-09,MIN,8482661,2.574,0,36
2025020249,2025-11-09,CGY,8482445,1.917,1,18
2025020250,2025-11-09,VAN,8480947,3.435,5,32
2025020250,2025-11-09,COL,8478406,4.264,4,33
2025020251,2025-11-09,ANA,8480843,2.419,1,24
2025020251,2025-11-09,WPG,8477480,2.686,4,21
2025020252,2025-11-10,NJD,8474593,1.787,3,24
2025020252,2025-11-10,NYI,8478009,4.674,2,35
2025020253,2025-11-10,NYR,8478048,3.060,3,30
2025020253,2025-11-10,NSH,8477424,1.239,5,12
2025020253,2025-11-10,NSH,8481020,0.853,1,6
2025020254,2025-11-10,EDM,8479973,3.101,4,22
2025020254,2025-11-10,CBJ,8482982,2.950,5,24
2025020255,2025-11-10,VGK,8482761,1.873,3,20
2025020255,2025-11-10,FLA,8475683,2.649,2,32
2025020256,2025-11-11,BOS,8480280,4.547,3,33
2025020256,2025-11-11,TOR,8476932,1.452,3,11
2025020256,2025-11-11,TOR,8483710,2.583,2,21
2025020257,2025-11-11,MTL,8478470,3.720,4,25
2025020257,2025-11-11,LAK,8475311,2.392,1,22
2025020258,2025-11-11,OTT,8476999,2.470,3,33
2025020258,2025-11-11,DAL,8479979,2.490,2,29
2025020259,2025-11-11,CAR,8475883,2.653,3,27
2025020259,2025-11-11,WSH,8480313,4.216,1,31
2025020260,2025-11-11,STL,8476412,2.935,2,40
2025020260,2025-11-11,CGY,8481692,2.754,3,31
2025020261,2025-11-11,MIN,8479406,2.253,2,18
2025020261,2025-11-11,SJS,8482137,2.959,1,29
2025020262,2025-11-11,COL,8475809,2.974,1,36
2025020262,2025-11-11,ANA,8480843,3.368,3,35
2025020263,2025-11-11,VAN,8477967,0.843,3,8
2025020263,2025-11-11,VAN,8480947,1.618,1,21
2025020263,2025-11-11,WPG,8476945,3.532,3,33
2025020264,2025-11-11,SEA,8476899,3.159,1,34
2025020264,2025-11-11,CBJ,8482982,2.598,1,23
2025020265,2025-11-12,TBL,8476883,1.356,5,13
2025020265,2025-11-12,TBL,8477992,1.112,1,7
2025020265,2025-11-12,NYR,8478048,4.913,3,36
2025020266,2025-11-12,PHI,8478435,2.654,2,31
2025020266,2025-11-12,EDM,8479973,2.777,1,21
2025020267,2025-11-12,UTA,8478872,2.362,2,19
2025020267,2025-11-12,BUF,8481551,3.223,4,36
2025020268,2025-11-12,CHI,8481519,3.193,4,37
2025020268,2025-11-12,NJD,8474593,2.378,3,20
2025020269,2025-11-13,TOR,8483710,4.390,4,37
2025020269,2025-11-13,LAK,8475311,1.852,3,15
2025020270,2025-11-13,MTL,8478470,0.622,2,6
2025020270,2025-11-13,MTL,8482487,1.652,5,13
2025020270,2025-11-13,DAL,8479193,2.896,0,24
2025020271,2025-11-13,OTT,8482447,2.065,3,21
2025020271,2025-11-13,BOS,8476914,1.317,4,21
2025020272,2025-11-13,DET,8475660,1.100,1,11
2025020272,2025-11-13,DET,8476434,2.198,2,17
2025020272,2025-11-13,ANA,8480843,3.209,5,32
2025020273,2025-11-13,FLA,8480193,3.303,3,40
2025020273,2025-11-13,WSH,8480313,3.199,5,27
2025020274,2025-11-13,CBJ,8482982,3.538,4,29
2025020274,2025-11-13,EDM,8475717,3.857,5,25
2025020275,2025-11-13,COL,8478406,2.815,3,21
2025020275,2025-11-13,BUF,8479312,0.522,2,3
2025020275,2025-11-13,BUF,8480045,3.234,3,30
2025020276,2025-11-13,CGY,8481692,1.676,0,17
2025020276,2025-11-13,SJS,8482137,3.406,1,35
2025020277,2025-11-13,VGK,8481033,3.523,4,24
2025020277,2025-11-13,NYI,8478009,5.649,3,29
2025020278,2025-11-13,SEA,8475831,2.002,3,26
2025020278,2025-11-13,WPG,8476945,2.292,4,17
2025020279,2025-11-14,CAR,8481611,1.315,3,17
2025020279,2025-11-14,VAN,8480947,4.159,4,38
2025020280,2025-11-14,STL,8476412,2.546,5,31
2025020280,2025-11-14,PHI,8481035,2.256,5,17
2025020281,2025-11-14,NSH,8477424,1.869,1,17
2025020281,2025-11-14,PIT,8481668,3.504,2,30
2025020282,2025-11-14,UTA,8478872,3.470,3,22
2025020282,2025-11-14,NYI,8479496,3.552,2,30
2025020283,2025-11-15,FLA,8475683,2.751,2,19
2025020283,2025-11-15,TBL,8476883,2.426,1,23
2025020284,2025-11-15,MIN,8482661,2.591,0,28
2025020284,2025-11-15,ANA,8475852,2.726,1,29
2025020285,2025-11-15,MTL,8478470,3.679,3,23
2025020285,2025-11-15,BOS,8480280,4.116,2,28
2025020286,2025-11-15,OTT,8476999,1.196,1,18
2025020286,2025-11-15,LAK,8476341,2.262,0,17
2025020287,2025-11-15,DET,8476434,2.776,5,27
2025020287,2025-11-15,BUF,8481551,2.838,4,28
2025020288,2025-11-15,WSH,8480313,4.394,2,31
2025020288,2025-11-15,NJD,8474596,3.189,2,31
2025020289,2025-11-15,CAR,8475883,3.320,4,23
2025020289,2025-11-15,EDM,8479973,3.365,3,36
2025020290,2025-11-15,CBJ,8482982,3.254,1,33
2025020290,2025-11-15,NYR,8478048,3.017,1,27
2025020291,2025-11-15,CHI,8481519,3.396,2,33
2025020291,2025-11-15,TOR,8479361,3.140,3,32
2025020292,2025-11-15,STL,8480981,3.416,4,34
2025020292,2025-11-15,VGK,8481033,1.672,1,23
2025020293,2025-11-15,DAL,8479979,2.011,1,21
2025020293,2025-11-15,PHI,8478435,3.830,5,28
2025020294,2025-11-15,CGY,8481692,2.945,3,23
2025020294,2025-11-15,WPG,8476945,3.276,3,34
2025020295,2025-11-15,SEA,8475831,2.037,0,19
2025020295,2025-11-15,SEA,8476899,0.742,1,7
2025020295,2025-11-15,SJS,8477968,1.954,3,22
2025020296,2025-11-16,PIT,8483703,1.723,0,21
2025020296,2025-11-16,NSH,8477424,2.327,3,21
2025020297,2025-11-16,TBL,8477992,1.757,5,17
2025020297,2025-11-16,VAN,8480947,5.086,2,30
2025020298,2025-11-16,MIN,8479406,1.916,2,25
2025020298,2025-11-16,VGK,8482761,1.617,3,28
2025020299,2025-11-16,NYR,8471734,4.686,2,42
2025020299,2025-11-16,DET,8475660,2.285,1,19
2025020300,2025-11-16,COL,8475809,2.909,1,29
2025020300,2025-11-16,NYI,8478009,2.601,3,27
2025020301,2025-11-17,BOS,8480280,3.756,3,32
2025020301,2025-11-17,CAR,8481611,1.913,1,30
2025020302,2025-11-17,BUF,8481551,2.201,1,33
2025020302,2025-11-17,EDM,8479973,3.577,4,27
2025020303,2025-11-17,FLA,8475683,2.497,5,15
2025020303,2025-11-17,VAN,8480238,3.865,7,40
2025020304,2025-11-17,WSH,8479292,3.502,1,31
2025020304,2025-11-17,LAK,8475311,2.897,2,25
2025020305,2025-11-17,CBJ,8482982,3.508,3,32
2025020305,2025-11-17,MTL,8482487,2.108,3,23
2025020306,2025-11-17,ANA,8480843,1.737,2,18
2025020306,2025-11-17,UTA,8478872,2.448,3,26
2025020307,2025-11-18,TOR,8479361,2.565,2,30
2025020307,2025-11-18,STL,8476412,1.985,3,29
2025020308,2025-11-18,DET,8475660,1.914,2,22
2025020308,2025-11-18,SEA,8478916,2.983,3,26
2025020309,2025-11-18,TBL,8476883,3.291,1,32
2025020309,2025-11-18,NJD,8474593,3.338,5,29
2025020310,2025-11-18,DAL,8479979,2.323,3,22
2025020310,2025-11-18,NYI,8479496,3.084,2,24
2025020311,2025-11-18,WPG,8477480,2.404,2,22
2025020311,2025-11-18,CBJ,8478007,2.691,5,30
2025020312,2025-11-18,CHI,8482821,1.843,2,21
2025020312,2025-11-18,CGY,8481692,1.972,4,22
2025020313,2025-11-18,VGK,8481033,2.376,2,19
2025020313,2025-11-18,NYR,8478048,2.309,3,26
2025020314,2025-11-18,SJS,8482137,2.421,2,26
2025020314,2025-11-18,UTA,8477970,1.616,3,22
2025020315,2025-11-19,WSH,8480313,3.863,4,30
2025020315,2025-11-19,EDM,8479973,2.626,5,20
2025020316,2025-11-19,BUF,8481551,2.799,6,35
2025020316,2025-11-19,CGY,8482445,2.157,2,30
2025020317,2025-11-19,MIN,8482661,3.681,3,45
2025020317,2025-11-19,CAR,8475883,1.645,3,19
2025020318,2025-11-19,ANA,8480843,3.520,3,39
2025020318,2025-11-19,BOS,8476914,2.995,4,33
2025020319,2025-11-20,TOR,8479361,2.925,3,30
2025020319,2025-11-20,CBJ,8482982,2.660,2,29
2025020320,2025-11-20,MTL,8478470,0.978,3,10
2025020320,2025-11-20,MTL,8482487,2.864,4,25
2025020320,2025-11-20,WSH,8479292,3.186,4,28
2025020321,2025-11-20,DET,8476434,3.207,5,26
2025020321,2025-11-20,NYI,8478009,3.004,0,29
2025020322,2025-11-20,TBL,8476883,2.798,1,25
2025020322,2025-11-20,EDM,8475717,3.740,2,35
2025020323,2025-11-20,FLA,8475683,2.607,0,32
2025020323,2025-11-20,NJD,8474596,2.789,1,24
2025020324,2025-11-20,PHI,8478435,2.514,2,29
2025020324,2025-11-20,STL,8480981,3.071,3,28
2025020325,2025-11-20,CHI,8481519,2.537,3,27
2025020325,2025-11-20,SEA,8478916,2.443,2,24
2025020326,2025-11-20,COL,8475809,1.462,3,19
2025020326,2025-11-20,NYR,8478048,3.097,4,33
2025020327,2025-11-20,UTA,8478872,2.963,4,33
2025020327,2025-11-20,VGK,8481033,2.992,1,26
2025020328,2025-11-20,VAN,8480947,2.503,4,24
2025020328,2025-11-20,DAL,8479979,4.922,2,36
2025020329,2025-11-20,ANA,8475852,3.663,3,25
2025020329,2025-11-20,OTT,8476999,2.527,2,25
2025020330,2025-11-20,SJS,8482137,3.594,3,34
2025020330,2025-11-20,LAK,8476341,3.135,3,24
2025020331,2025-11-21,BUF,8480045,1.954,3,23
2025020331,2025-11-21,CHI,8482821,2.835,9,31
2025020332,2025-11-21,PIT,8481668,1.150,4,10
2025020332,2025-11-21,PIT,8483703,1.904,1,11
2025020332,2025-11-21,MIN,8479406,1.863,0,19
2025020333,2025-11-21,WPG,8477480,2.072,4,28
2025020333,2025-11-21,CAR,8483548,2.420,3,28
2025020334,2025-11-21,LAK,8475311,2.561,2,26
2025020334,2025-11-21,BOS,8480280,2.705,1,32
2025020335,2025-11-22,DET,8475660,3.743,3,35
2025020335,2025-11-22,CBJ,8482982,3.241,4,33
2025020336,2025-11-22,NYI,8478009,2.372,2,22
2025020336,2025-11-22,STL,8476412,3.548,1,30
2025020337,2025-11-22,MTL,8482487,1.625,2,26
2025020337,2025-11-22,TOR,8479361,3.154,4,25
2025020337,2025-11-22,TOR,8483710,0.502,0,3
2025020338,2025-11-22,FLA,8475683,1.815,4,17
2025020338,2025-11-22,FLA,8480193,1.591,0,12
2025020338,2025-11-22,EDM,8479973,4.667,3,38
2025020339,2025-11-22,PHI,8478435,3.698,3,35
2025020339,2025-11-22,NJD,8474596,3.817,6,29
2025020340,2025-11-22,PIT,8483703,1.879,3,21
2025020340,2025-11-22,SEA,8475831,4.101,2,32
2025020341,2025-11-22,WSH,8479292,1.098,1,10
2025020341,2025-11-22,WSH,8480313,1.036,4,6
2025020341,2025-11-22,TBL,8477992,4.410,3,32
2025020342,2025-11-22,SJS,8477968,3.013,3,27
2025020342,2025-11-22,OTT,8476999,2.000,2,19
2025020343,2025-11-22,NSH,8477424,2.624,1,24
2025020343,2025-11-22,COL,8478406,3.188,0,35
2025020344,2025-11-22,UTA,8478872,2.867,2,22
2025020344,2025-11-22,NYR,8471734,3.443,3,34
2025020345,2025-11-22,CGY,8482445,3.411,2,30
2025020345,2025-11-22,DAL,8479193,3.711,2,33
2025020346,2025-11-22,ANA,8480843,3.078,3,32
2025020346,2025-11-22,VGK,8481033,3.453,4,33
2025020347,2025-11-23,BUF,8480045,4.112,1,30
2025020347,2025-11-23,CAR,8475883,2.949,3,20
2025020348,2025-11-23,WPG,8477480,1.970,3,30
2025020348,2025-11-23,MIN,8482661,2.693,0,32
2025020349,2025-11-23,NYI,8479496,2.226,0,19
2025020349,2025-11-23,SEA,8478916,4.180,0,34
2025020350,2025-11-23,CHI,8481519,2.266,1,26
2025020350,2025-11-23,COL,8475809,2.327,0,22
2025020351,2025-11-23,SJS,8482137,3.337,1,35
2025020351,2025-11-23,BOS,8480280,2.649,2,30
2025020352,2025-11-23,VAN,8480947,2.135,5,21
2025020352,2025-11-23,CGY,8481692,3.007,2,31
2025020353,2025-11-24,TBL,8476883,1.801,0,20
2025020353,2025-11-24,PHI,8481035,2.754,2,17
2025020354,2025-11-24,NJD,8474593,4.850,3,35
2025020354,2025-11-24,DET,8475660,1.970,4,20
2025020355,2025-11-24,NYR,8478048,2.332,2,21
2025020355,2025-11-24,STL,8480981,1.736,3,21
2025020356,2025-11-24,WSH,8480313,2.698,1,23
2025020356,2025-11-24,CBJ,8478007,3.063,5,31
2025020357,2025-11-24,NSH,8477424,1.293,5,16
2025020357,2025-11-24,NSH,8481020,1.361,3,10
2025020357,2025-11-24,FLA,8480193,2.646,3,39
2025020358,2025-11-24,UTA,8478872,4.141,1,34
2025020358,2025-11-24,VGK,8482761,2.647,3,21
2025020359,2025-11-24,LAK,8475311,2.722,1,28
2025020359,2025-11-24,OTT,8482447,1.560,2,22
2025020360,2025-11-25,EDM,8475717,2.404,4,22
2025020360,2025-11-25,EDM,8479973,1.459,4,8
2025020360,2025-11-25,DAL,8479979,2.130,3,25
2025020361,2025-11-26,DET,8475660,3.322,5,28
2025020361,2025-11-26,NSH,8481020,2.965,3,31
2025020362,2025-11-26,TBL,8476883,4.837,1,32
2025020362,2025-11-26,CGY,8481692,0.140,3,4
2025020362,2025-11-26,CGY,8482445,3.226,2,19
2025020363,2025-11-26,FLA,8475683,1.776,4,18
2025020363,2025-11-26,PHI,8478435,2.710,2,27
2025020364,2025-11-26,NJD,8474593,2.375,2,23
2025020364,2025-11-26,STL,8476412,2.721,3,29
2025020365,2025-11-26,NYI,8478009,1.297,3,14
2025020365,2025-11-26,BOS,8480280,5.321,1,44
2025020366,2025-11-26,PIT,8477465,3.288,2,31
2025020366,2025-11-26,BUF,8480045,1.584,3,18
2025020367,2025-11-26,WSH,8479292,3.735,3,21
2025020367,2025-11-26,WPG,8477480,2.677,4,35
2025020368,2025-11-26,CAR,8475883,2.238,3,17
2025020368,2025-11-26,NYR,8478048,4.395,2,38
2025020369,2025-11-26,CBJ,8482982,2.856,2,24
2025020369,2025-11-26,TOR,8479361,3.977,1,36
2025020370,2025-11-26,CHI,8481519,2.856,4,24
2025020370,2025-11-26,MIN,8479406,4.230,3,37
2025020371,2025-11-26,COL,8478406,2.525,0,26
2025020371,2025-11-26,SJS,8477968,2.151,2,23
2025020371,2025-11-26,SJS,8482137,2.380,4,19
2025020372,2025-11-26,UTA,8478872,2.173,4,17
2025020372,2025-11-26,MTL,8482487,4.487,3,34
2025020373,2025-11-26,VGK,8481033,2.230,3,22
2025020373,2025-11-26,OTT,8476999,4.088,3,35
2025020374,2025-11-26,ANA,8475852,3.853,4,27
2025020374,2025-11-26,VAN,8484268,5.085,4,41
2025020375,2025-11-26,SEA,8478916,2.472,3,21
2025020375,2025-11-26,DAL,8479193,2.425,2,28
2025020376,2025-11-28,BOS,8476914,4.030,5,36
2025020376,2025-11-28,NYR,8478048,2.418,2,21
2025020377,2025-11-28,DET,8476434,3.496,5,26
2025020377,2025-11-28,TBL,8476883,4.052,3,37
2025020378,2025-11-28,MIN,8482661,3.653,2,41
2025020378,2025-11-28,COL,8475809,3.858,2,39
2025020379,2025-11-28,BUF,8479312,2.167,5,23
2025020379,2025-11-28,NJD,8474596,3.917,0,42
2025020380,2025-11-28,FLA,8480193,2.703,4,33
2025020380,2025-11-28,CGY,8482445,5.870,3,41
2025020381,2025-11-28,NYI,8479496,2.196,3,21
2025020381,2025-11-28,PHI,8481035,3.955,3,31
2025020382,2025-11-28,STL,8476412,2.945,3,28
2025020382,2025-11-28,OTT,8482447,2.760,4,31
2025020383,2025-11-28,VGK,8481033,2.498,3,18
2025020383,2025-11-28,MTL,8478470,3.648,1,31
2025020384,2025-11-28,ANA,8478024,2.974,4,27
2025020384,2025-11-28,LAK,8475311,3.505,4,31
2025020385,2025-11-28,SJS,8482137,3.986,2,34
2025020385,2025-11-28,VAN,8484268,2.560,3,24
2025020386,2025-11-28,WSH,8480313,2.899,2,22
2025020386,2025-11-28,TOR,8479361,3.230,3,33
2025020387,2025-11-28,CAR,8483548,1.555,1,13
2025020387,2025-11-28,WPG,8483114,2.893,4,34
2025020388,2025-11-28,CBJ,8482982,3.053,4,24
2025020388,2025-11-28,PIT,8477465,3.612,3,29
2025020389,2025-11-28,CHI,8482821,2.706,4,29
2025020389,2025-11-28,NSH,8477424,3.136,3,27
2025020390,2025-11-28,DAL,8479979,3.272,3,30
2025020390,2025-11-28,UTA,8477970,3.675,4,28
2025020391,2025-11-29,NYR,8478048,3.836,3,34
2025020391,2025-11-29,TBL,8477992,1.861,1,13
2025020392,2025-11-29,COL,8478406,2.136,2,23
2025020392,2025-11-29,MTL,8482487,3.808,7,36
2025020393,2025-11-29,SEA,8478916,2.369,4,25
2025020393,2025-11-29,EDM,8479973,2.794,0,26
2025020394,2025-11-29,BOS,8480280,4.140,2,26
2025020394,2025-11-29,DET,8475660,2.422,2,20
2025020395,2025-11-29,NJD,8474593,2.729,4,31
2025020395,2025-11-29,PHI,8478435,3.686,3,32
2025020396,2025-11-29,PIT,8477465,1.389,3,13
2025020396,2025-11-29,PIT,8481668,1.015,4,10
2025020396,2025-11-29,TOR,8483710,3.443,2,35
2025020397,2025-11-29,NSH,8481020,3.060,4,26
2025020397,2025-11-29,WPG,8477480,2.261,2,23
2025020398,2025-11-29,STL,8480981,2.429,0,18
2025020398,2025-11-29,UTA,8478872,2.670,1,19
2025020399,2025-11-29,MIN,8479406,3.078,2,33
2025020399,2025-11-29,BUF,8481551,2.116,2,24
2025020400,2025-11-29,VGK,8482761,2.236,3,21
2025020400,2025-11-29,SJS,8477968,2.843,4,24
2025020401,2025-11-29,LAK,8476341,2.045,1,20
2025020401,2025-11-29,VAN,8480947,2.861,2,23
2025020402,2025-11-30,NYI,8478009,2.008,2,17
2025020402,2025-11-30,WSH,8480313,4.289,1,31
2025020403,2025-11-30,CHI,8481519,2.683,3,26
2025020403,2025-11-30,ANA,8475852,2.476,3,16
2025020403,2025-11-30,ANA,8478024,0.296,1,1
2025020404,2025-11-30,CAR,8483548,2.708,0,16
2025020404,2025-11-30,CGY,8482445,3.477,1,17
2025020405,2025-11-30,DAL,8479193,2.808,1,16
2025020405,2025-11-30,OTT,8476999,2.784,6,26
2025020406,2025-12-01,NJD,8474596,1.998,5,25
2025020406,2025-12-01,CBJ,8478007,3.673,3,33
2025020407,2025-12-01,PHI,8478435,3.056,5,27
2025020407,2025-12-01,PIT,8477465,2.514,1,29
2025020408,2025-12-01,BUF,8480045,2.337,1,24
2025020408,2025-12-01,WPG,8477480,1.091,3,14
2025020408,2025-12-01,WPG,8483114,1.377,2,17
2025020409,2025-12-01,STL,8476412,0.287,2,5
2025020409,2025-12-01,STL,8480981,1.652,1,20
2025020409,2025-12-01,ANA,8478024,3.041,1,22
2025020410,2025-12-01,SJS,8482137,3.103,3,34
2025020410,2025-12-01,UTA,8477970,2.228,3,21
2025020410,2025-12-01,UTA,8478872,0.818,3,9
2025020411,2025-12-02,MTL,8478470,4.305,5,29
2025020411,2025-12-02,OTT,8476999,2.112,2,22
2025020412,2025-12-02,DET,8476434,3.211,4,38
2025020412,2025-12-02,BOS,8476914,0.941,0,9
2025020412,2025-12-02,BOS,8480280,2.768,5,23
2025020413,2025-12-02,FLA,8475683,3.518,3,30
2025020413,2025-12-02,TOR,8479361,2.311,1,26
2025020414,2025-12-02,NYI,8478009,4.273,1,31
2025020414,2025-12-02,TBL,8476883,1.920,2,24
2025020415,2025-12-02,NYR,8478048,2.229,2,26
2025020415,2025-12-02,DAL,8479193,3.569,3,41
2025020416,2025-12-02,NSH,8477424,2.152,1,28
2025020416,2025-12-02,CGY,8481692,1.113,1,12
2025020416,2025-12-02,CGY,8482445,1.408,4,16
2025020417,2025-12-02,COL,8475809,1.255,1,11
2025020417,2025-12-02,COL,8478406,1.356,0,10
2025020417,2025-12-02,VAN,8480947,2.665,3,31
2025020418,2025-12-02,EDM,8479973,2.922,1,24
2025020418,2025-12-02,MIN,8482661,2.918,0,33
2025020419,2025-12-02,VGK,8479394,3.451,3,30
2025020419,2025-12-02,CHI,8481519,3.026,3,28
2025020420,2025-12-02,LAK,8475311,2.460,2,24
2025020420,2025-12-02,WSH,8480313,2.622,1,25
2025020421,2025-12-03,NJD,8474593,2.233,3,28
2025020421,2025-12-03,DAL,8479979,2.680,0,30
2025020422,2025-12-03,MTL,8482487,3.274,2,32
2025020422,2025-12-03,WPG,8477480,4.367,2,31
2025020423,2025-12-03,PHI,8481035,4.254,2,29
2025020423,2025-12-03,BUF,8481551,5.411,5,35
2025020424,2025-12-03,ANA,8478024,2.018,4,21
2025020424,2025-12-03,ANA,8483746,1.425,3,13
2025020424,2025-12-03,UTA,8478872,2.623,0,27
2025020425,2025-12-03,SJS,8477968,1.528,3,19
2025020425,2025-12-03,SJS,8482137,0.831,4,12
2025020425,2025-12-03,WSH,8479292,2.497,1,24
2025020426,2025-12-04,BOS,8476914,3.431,2,39
2025020426,2025-12-04,STL,8476412,2.493,5,27
2025020427,2025-12-04,OTT,8482447,2.470,3,27
2025020427,2025-12-04,NYR,8478048,2.807,2,27
2025020428,2025-12-04,TBL,8477992,3.127,4,31
2025020428,2025-12-04,PIT,8477465,4.955,3,40
2025020429,2025-12-04,FLA,8475683,4.326,2,29
2025020429,2025-12-04,NSH,8477424,4.260,1,31
2025020430,2025-12-04,NYI,8478009,3.766,3,38
2025020430,2025-12-04,COL,8478406,3.903,5,41
2025020431,2025-12-04,CAR,8475883,2.912,4,23
2025020431,2025-12-04,TOR,8479361,2.514,1,24
2025020431,2025-12-04,TOR,8483710,1.684,0,9
2025020432,2025-12-04,CBJ,8478007,4.768,5,33
2025020432,2025-12-04,DET,8475660,3.507,5,32
2025020433,2025-12-04,CGY,8481692,2.855,1,27
2025020433,2025-12-04,MIN,8479406,3.047,3,30
2025020434,2025-12-04,EDM,8475717,3.581,4,32
2025020434,2025-12-04,SEA,8475831,2.294,4,18
2025020434,2025-12-04,SEA,8478916,1.387,5,14
2025020435,2025-12-04,LAK,8475311,3.105,2,36
2025020435,2025-12-04,CHI,8481519,2.471,1,27
2025020436,2025-12-05,NJD,8474593,2.555,3,25
2025020436,2025-12-05,VGK,8481033,1.958,0,24
2025020437,2025-12-05,WPG,8477480,4.580,1,35
2025020437,2025-12-05,BUF,8480045,2.001,3,22
2025020438,2025-12-05,DAL,8479979,1.843,1,17
2025020438,2025-12-05,SJS,8482137,2.567,3,23
2025020439,2025-12-05,VAN,8480947,2.269,3,17
2025020439,2025-12-05,UTA,8478872,3.475,1,33
2025020440,2025-12-05,ANA,8478024,2.796,3,21
2025020440,2025-12-05,WSH,8480313,4.303,3,38
2025020441,2025-12-06,NYR,8478048,3.203,3,42
2025020441,2025-12-06,COL,8478406,1.974,2,27
2025020442,2025-12-06,FLA,8475683,2.988,6,31
2025020442,2025-12-06,CBJ,8478007,3.863,7,40
2025020443,2025-12-06,BOS,8480280,2.499,1,30
2025020443,2025-12-06,NJD,8474596,2.487,3,21
2025020444,2025-12-06,TOR,8483710,3.151,1,34
2025020444,2025-12-06,MTL,8482487,1.904,1,23
2025020445,2025-12-06,OTT,8476999,1.607,2,20
2025020445,2025-12-06,STL,8480981,3.954,1,42
2025020446,2025-12-06,TBL,8477992,1.620,1,18
2025020446,2025-12-06,NYI,8478009,4.042,0,32
2025020447,2025-12-06,CAR,8483548,2.345,3,22
2025020447,2025-12-06,NSH,8477424,4.576,6,38
2025020447,2025-12-06,NSH,8481020,0.135,0,2
2025020448,2025-12-06,CGY,8481692,2.747,0,28
2025020448,2025-12-06,UTA,8477970,2.688,1,22
2025020449,2025-12-06,LAK,8475311,1.068,0,23
2025020449,2025-12-06,CHI,8481519,3.341,6,32
2025020450,2025-12-06,EDM,8479973,2.082,2,21
2025020450,2025-12-06,WPG,8477480,1.789,4,16
2025020450,2025-12-06,WPG,8483114,1.749,2,11
2025020451,2025-12-06,VAN,8484268,3.484,2,30
2025020451,2025-12-06,MIN,8482661,1.935,4,21
2025020452,2025-12-06,SEA,8478916,3.003,4,25
2025020452,2025-12-06,DET,8476434,2.870,3,27
2025020453,2025-12-07,PHI,8481035,2.659,3,28
2025020453,2025-12-07,COL,8478406,2.283,2,25
2025020454,2025-12-07,FLA,8480193,2.341,1,21
2025020454,2025-12-07,NYI,8479496,2.527,3,29
2025020455,2025-12-07,CAR,8481611,1.854,3,22
2025020455,2025-12-07,SJS,8477968,3.532,1,29
2025020456,2025-12-07,DAL,8479979,3.445,2,29
2025020456,2025-12-07,PIT,8477465,3.637,2,23
2025020457,2025-12-07,MTL,8482487,2.602,4,18
2025020457,2025-12-07,STL,8476412,2.949,3,26
2025020458,2025-12-07,NYR,8471734,2.923,3,28
2025020458,2025-12-07,VGK,8479394,2.375,2,24
2025020459,2025-12-07,WSH,8480313,3.483,0,39
2025020459,2025-12-07,CBJ,8482982,4.555,1,37
2025020460,2025-12-07,ANA,8478024,1.064,1,20
2025020460,2025-12-07,CHI,8482821,6.025,7,53
2025020461,2025-12-08,TOR,8483710,2.090,0,29
2025020461,2025-12-08,TBL,8477992,2.045,1,24
2025020462,2025-12-08,UTA,8478872,2.489,3,26
2025020462,2025-12-08,LAK,8475311,2.272,2,21
2025020463,2025-12-08,CGY,8481692,3.558,4,29
2025020463,2025-12-08,BUF,8479312,0.411,0,4
2025020463,2025-12-08,BUF,8480045,2.478,5,22
2025020464,2025-12-08,VAN,8480947,1.294,3,14
2025020464,2025-12-08,VAN,8484268,1.107,0,6
2025020464,2025-12-08,DET,8476434,4.640,0,39
2025020465,2025-12-08,SEA,8475831,3.426,2,27
2025020465,2025-12-08,MIN,8479406,2.088,1,24
2025020466,2025-12-09,MTL,8478470,1.719,3,13
2025020466,2025-12-09,MTL,8482487,1.470,3,14
2025020466,2025-12-09,TBL,8477992,3.628,1,27
2025020467,2025-12-09,OTT,8476999,2.612,4,32
2025020467,2025-12-09,NJD,8474593,3.645,3,38
2025020468,2025-12-09,NYI,8478009,4.376,4,37
2025020468,2025-12-09,VGK,8479394,2.817,4,27
2025020469,2025-12-09,PHI,8478435,1.733,1,18
2025020469,2025-12-09,SJS,8477968,2.559,3,29
2025020470,2025-12-09,PIT,8481668,1.949,3,29
2025020470,2025-12-09,ANA,8478024,5.741,3,47
2025020471,2025-12-09,CAR,8483548,2.922,1,24
2025020471,2025-12-09,CBJ,8482982,5.013,3,31
2025020472,2025-12-09,STL,8480981,3.587,4,30
2025020472,2025-12-09,BOS,8480280,2.426,2,26
2025020473,2025-12-09,WPG,8477480,2.846,4,19
2025020473,2025-12-09,DAL,8479193,3.305,3,33
2025020474,2025-12-09,EDM,8479973,2.531,4,28
2025020474,2025-12-09,BUF,8479312,2.622,3,24
2025020474,2025-12-09,BUF,8481551,0.480,0,6
2025020475,2025-12-09,NSH,8477424,3.816,3,42
2025020475,2025-12-09,COL,8475809,3.541,3,31
2025020476,2025-12-10,CHI,8481519,2.381,0,21
2025020476,2025-12-10,NYR,8478048,2.606,3,25
2025020477,2025-12-10,CGY,8482445,3.228,4,29
2025020477,2025-12-10,DET,8476434,3.213,3,37
2025020478,2025-12-10,UTA,8478872,4.648,4,36
2025020478,2025-12-10,FLA,8475683,3.938,3,30
2025020479,2025-12-10,SEA,8478916,3.265,2,26
2025020479,2025-12-10,LAK,8476341,3.179,3,33
2025020480,2025-12-11,TOR,8483710,4.148,3,32
2025020480,2025-12-11,SJS,8477968,2.527,2,30
2025020481,2025-12-11,NJD,8474593,0.404,3,7
2025020481,2025-12-11,NJD,8474596,2.549,5,28
2025020481,2025-12-11,TBL,8477992,4.020,4,37
2025020482,2025-12-11,NYI,8479496,3.506,2,33
2025020482,2025-12-11,ANA,8478024,3.058,5,37
2025020483,2025-12-11,PHI,8478435,2.690,3,22
2025020483,2025-12-11,VGK,8481033,2.055,2,19
2025020484,2025-12-11,PIT,8477465,2.927,4,29
2025020484,2025-12-11,MTL,8484170,4.167,2,38
2025020485,2025-12-11,WSH,8480313,4.232,2,39
2025020485,2025-12-11,CAR,8483548,3.157,2,25
2025020486,2025-12-11,CBJ,8478007,0.433,3,5
2025020486,2025-12-11,CBJ,8482982,1.460,2,23
2025020486,2025-12-11,OTT,8476999,1.819,3,27
2025020487,2025-12-11,NSH,8477424,1.934,2,26
2025020487,2025-12-11,STL,8476412,2.991,6,25
2025020487,2025-12-11,STL,8480981,0.705,1,7
2025020488,2025-12-11,MIN,8479406,1.292,2,18
2025020488,2025-12-11,DAL,8479979,4.112,3,30
2025020489,2025-12-11,WPG,8477480,2.207,5,23
2025020489,2025-12-11,BOS,8476914,3.060,3,29
2025020490,2025-12-11,COL,8478406,2.470,2,25
2025020490,2025-12-11,FLA,8480193,3.929,6,42
2025020491,2025-12-11,EDM,8479973,3.932,1,28
2025020491,2025-12-11,DET,8475660,2.340,3,28
2025020492,2025-12-11,VAN,8477967,1.807,3,15
2025020492,2025-12-11,BUF,8479312,3.504,2,32
2025020493,2025-12-12,STL,8480981,1.741,2,29
2025020493,2025-12-12,CHI,8481519,2.389,3,26
2025020494,2025-12-12,UTA,8478872,4.048,3,37
2025020494,2025-12-12,SEA,8475831,3.298,3,31
2025020495,2025-12-13,NJD,8474596,3.300,1,31
2025020495,2025-12-13,ANA,8480843,3.447,3,21
2025020496,2025-12-13,MIN,8482661,4.596,2,36
2025020496,2025-12-13,OTT,8482447,2.431,3,25
2025020497,2025-12-13,PIT,8481668,4.229,6,31
2025020497,2025-12-13,SJS,8482137,4.173,5,43
2025020498,2025-12-13,NYI,8478009,4.682,2,34
2025020498,2025-12-13,TBL,8477992,2.238,2,17
2025020499,2025-12-13,TOR,8482515,0.340,0,5
2025020499,2025-12-13,TOR,8483710,3.107,6,33
2025020499,2025-12-13,EDM,8477465,3.271,3,28
2025020500,2025-12-13,NYR,8478048,2.576,4,18
2025020500,2025-12-13,MTL,8484170,4.836,5,29
2025020501,2025-12-13,PHI,8481035,3.145,3,21
2025020501,2025-12-13,CAR,8481611,2.081,3,18
2025020502,2025-12-13,CBJ,8482982,1.943,3,26
2025020502,2025-12-13,VGK,8479394,2.149,2,30
2025020503,2025-12-13,WPG,8476945,2.106,1,25
2025020503,2025-12-13,WSH,8480313,3.503,5,35
2025020504,2025-12-13,CHI,8482821,2.578,3,23
2025020504,2025-12-13,DET,8476434,2.440,0,26
2025020505,2025-12-13,DAL,8479979,2.671,3,22
2025020505,2025-12-13,FLA,8475683,2.314,0,15
2025020506,2025-12-13,COL,8475809,2.719,2,29
2025020506,2025-12-13,NSH,8481020,4.195,3,40
2025020507,2025-12-13,LAK,8475311,3.399,2,38
2025020507,2025-12-13,CGY,8481692,2.706,1,22
2025020508,2025-12-14,NJD,8474593,1.659,2,15
2025020508,2025-12-14,VAN,8477967,2.933,1,26
2025020509,2025-12-14,PIT,8483703,3.323,5,36
2025020509,2025-12-14,UTA,8478872,1.335,4,16
2025020510,2025-12-14,CAR,8483548,3.738,2,26
2025020510,2025-12-14,PHI,8478435,3.774,2,32
2025020511,2025-12-14,MIN,8479406,2.244,2,31
2025020511,2025-12-14,BOS,8480280,2.867,6,31
2025020512,2025-12-14,MTL,8482487,4.036,1,28
2025020512,2025-12-14,EDM,8475717,3.241,4,27
2025020513,2025-12-14,SEA,8478916,2.650,2,22
2025020513,2025-12-14,BUF,8479312,2.982,1,24
2025020514,2025-12-15,TBL,8477992,2.155,5,24
2025020514,2025-12-15,FLA,8475683,2.221,2,28
2025020515,2025-12-15,NYR,8478048,2.948,3,25
2025020515,2025-12-15,ANA,8480843,2.794,1,27
2025020516,2025-12-15,WPG,8476945,4.082,3,31
2025020516,2025-12-15,OTT,8476999,3.401,2,25
2025020517,2025-12-15,STL,8480981,2.564,4,25
2025020517,2025-12-15,NSH,8477424,2.097,2,22
2025020518,2025-12-15,DAL,8479193,3.604,1,28
2025020518,2025-12-15,LAK,8475311,0.670,0,5
2025020518,2025-12-15,LAK,8476341,2.529,3,20
2025020519,2025-12-16,BOS,8480280,2.562,1,21
2025020519,2025-12-16,UTA,8477970,2.214,4,23
2025020520,2025-12-16,TOR,8479361,1.655,2,25
2025020520,2025-12-16,CHI,8481519,2.287,3,27
2025020521,2025-12-16,MTL,8484170,2.217,3,20
2025020521,2025-12-16,PHI,8478435,2.998,1,22
2025020522,2025-12-16,DET,8476434,1.570,2,18
2025020522,2025-12-16,NYI,8478009,3.006,3,21
2025020523,2025-12-16,NYR,8471734,1.678,2,16
2025020523,2025-12-16,VAN,8477967,2.732,0,23
2025020524,2025-12-16,PIT,8479973,3.268,5,22
2025020524,2025-12-16,EDM,8477465,3.486,4,30
2025020525,2025-12-16,CBJ,8482982,2.515,3,27
2025020525,2025-12-16,ANA,8478024,2.661,4,28
2025020526,2025-12-16,MIN,8479406,2.523,0,25
2025020526,2025-12-16,WSH,8479292,2.883,5,32
2025020527,2025-12-16,SJS,8482137,2.387,3,30
2025020527,2025-12-16,CGY,8481692,3.651,5,25
2025020528,2025-12-16,SEA,8475831,3.969,4,38
2025020528,2025-12-16,COL,8478406,5.184,3,38
2025020529,2025-12-17,FLA,8480193,3.468,2,29
2025020529,2025-12-17,LAK,8476341,2.130,3,29
2025020530,2025-12-17,DET,8475660,2.420,4,28
2025020530,2025-12-17,UTA,8478872,2.566,1,28
2025020531,2025-12-17,STL,8480981,1.860,0,24
2025020531,2025-12-17,WPG,8476945,3.741,1,26
2025020532,2025-12-17,NSH,8477424,3.812,3,36
2025020532,2025-12-17,CAR,8481611,2.097,1,26
2025020533,2025-12-17,VGK,8479394,3.848,1,33
2025020533,2025-12-17,NJD,8474596,4.629,1,37
2025020534,2025-12-18,BOS,8480280,2.507,3,25
2025020534,2025-12-18,EDM,8475717,1.228,0,13
2025020534,2025-12-18,EDM,8477465,1.004,1,13
2025020535,2025-12-18,BUF,8479312,2.727,3,27
2025020535,2025-12-18,PHI,8481035,2.745,4,27
2025020536,2025-12-18,MTL,8482487,2.222,1,15
2025020536,2025-12-18,CHI,8481519,3.926,3,34
2025020537,2025-12-18,OTT,8476999,2.558,0,25
2025020537,2025-12-18,PIT,8481668,2.685,4,26
2025020538,2025-12-18,TBL,8476883,1.630,2,20
2025020538,2025-12-18,LAK,8476341,3.583,1,32
2025020539,2025-12-18,WSH,8480313,2.521,0,22
2025020539,2025-12-18,TOR,8483710,3.813,4,29
2025020540,2025-12-18,CBJ,8482982,2.687,3,26
2025020540,2025-12-18,MIN,8482661,2.496,2,29
2025020541,2025-12-18,STL,8476412,3.059,2,31
2025020541,2025-12-18,NYR,8478048,2.638,1,27
2025020542,2025-12-18,CGY,8481692,2.108,2,23
2025020542,2025-12-18,SEA,8478916,3.203,3,45
2025020543,2025-12-18,SJS,8477968,2.215,4,29
2025020543,2025-12-18,DAL,8479979,4.234,3,37
2025020544,2025-12-19,FLA,8475683,3.009,3,29
2025020544,2025-12-19,CAR,8483548,4.499,3,41
2025020545,2025-12-19,NYI,8478009,2.616,3,30
2025020545,2025-12-19,VAN,8477967,3.212,1,24
2025020546,2025-12-19,COL,8475809,1.509,2,22
2025020546,2025-12-19,WPG,8476945,3.261,3,26
2025020547,2025-12-19,UTA,8478872,2.209,2,22
2025020547,2025-12-19,NJD,8474593,3.282,1,33
2025020548,2025-12-19,ANA,8475852,2.203,4,18
2025020548,2025-12-19,ANA,8480843,1.141,4,7
2025020548,2025-12-19,DAL,8479193,3.027,3,25
2025020549,2025-12-20,NYR,8478048,3.237,4,32
2025020549,2025-12-20,PHI,8481035,2.412,4,27
2025020550,2025-12-20,WSH,8480313,5.240,4,40
2025020550,2025-12-20,DET,8476434,2.509,2,26
2025020551,2025-12-20,OTT,8482447,1.993,4,24
2025020551,2025-12-20,CHI,8482821,4.700,6,40
2025020552,2025-12-20,MIN,8479406,3.586,2,30
2025020552,2025-12-20,EDM,8475717,3.529,4,36
2025020553,2025-12-20,BUF,8479312,3.605,2,34
2025020553,2025-12-20,NYI,8479496,3.942,2,32
2025020554,2025-12-20,FLA,8480193,2.694,5,31
2025020554,2025-12-20,STL,8480981,2.330,2,29
2025020555,2025-12-20,BOS,8480280,2.065,4,23
2025020555,2025-12-20,VAN,8480947,4.243,4,43
2025020556,2025-12-20,MTL,8484170,4.788,0,31
2025020556,2025-12-20,PIT,8479973,2.465,3,20
2025020557,2025-12-20,TBL,8476883,1.949,4,22
2025020557,2025-12-20,CAR,8481611,3.711,5,28
2025020558,2025-12-20,NSH,8477424,2.827,3,22
2025020558,2025-12-20,TOR,8479361,3.262,3,32
2025020559,2025-12-20,CGY,8482445,3.893,3,37
2025020559,2025-12-20,VGK,8481033,2.355,5,25
2025020560,2025-12-20,ANA,8480843,3.119,3,26
2025020560,2025-12-20,CBJ,8478007,3.592,4,28
2025020561,2025-12-20,SJS,8482137,1.849,3,31
2025020561,2025-12-20,SEA,8478916,4.766,2,37
2025020562,2025-12-21,DET,8475660,4.595,2,33
2025020562,2025-12-21,WSH,8479292,2.652,3,27
2025020563,2025-12-21,MIN,8482661,3.625,4,41
2025020563,2025-12-21,COL,8478406,3.212,1,29
2025020564,2025-12-21,BOS,8476914,2.561,5,17
2025020564,2025-12-21,BOS,8480280,1.033,1,11
2025020564,2025-12-21,OTT,8476999,3.105,2,20
2025020565,2025-12-21,NJD,8474596,1.341,2,24
2025020565,2025-12-21,BUF,8480045,3.275,1,27
2025020566,2025-12-21,PIT,8481668,3.178,3,25
2025020566,2025-12-21,MTL,8482487,3.775,3,31
2025020567,2025-12-21,NSH,8481020,1.746,1,17
2025020567,2025-12-21,NYR,8471734,2.548,1,31
2025020568,2025-12-21,DAL,8479979,3.388,1,28
2025020568,2025-12-21,TOR,8483710,2.619,4,21
2025020569,2025-12-21,UTA,8478872,1.939,3,26
2025020569,2025-12-21,WPG,8476945,3.223,4,22
2025020570,2025-12-21,EDM,8478971,4.069,3,31
2025020570,2025-12-21,VGK,8479394,2.828,4,21
2025020571,2025-12-22,TBL,8476883,2.520,1,24
2025020571,2025-12-22,STL,8476412,2.621,4,17
2025020572,2025-12-22,PHI,8478435,2.441,2,25
2025020572,2025-12-22,VAN,8477967,5.217,4,38
2025020573,2025-12-22,ANA,8480843,2.169,2,20
2025020573,2025-12-22,SEA,8475831,4.325,1,41
2025020574,2025-12-22,LAK,8476341,2.996,3,30
2025020574,2025-12-22,CBJ,8482982,2.496,1,24
2025020575,2025-12-23,TOR,8479361,2.422,3,32
2025020575,2025-12-23,PIT,8479973,3.213,4,29
2025020576,2025-12-23,WSH,8480313,2.731,6,20
2025020576,2025-12-23,NYR,8478048,3.947,3,32
2025020577,2025-12-23,BOS,8480280,3.079,6,29
2025020577,2025-12-23,MTL,8484170,3.096,2,28
2025020578,2025-12-23,OTT,8476999,1.593,3,25
2025020578,2025-12-23,BUF,8479312,3.221,2,26
2025020579,2025-12-23,DET,8476434,3.187,3,22
2025020579,2025-12-23,DAL,8479193,2.967,4,25
2025020580,2025-12-23,NYI,8479496,4.605,1,32
2025020580,2025-12-23,NJD,8474593,3.331,2,25
2025020581,2025-12-23,CAR,8475883,2.735,5,22
2025020581,2025-12-23,FLA,8475683,2.529,2,19
2025020582,2025-12-23,MIN,8479406,2.826,3,29
2025020582,2025-12-23,NSH,8477424,2.536,2,32
2025020583,2025-12-23,CHI,8481519,2.931,2,25
2025020583,2025-12-23,PHI,8481035,2.142,1,21
2025020584,2025-12-23,COL,8475809,2.393,0,32
2025020584,2025-12-23,UTA,8477970,2.848,1,26
2025020585,2025-12-23,EDM,8478971,1.995,1,19
2025020585,2025-12-23,CGY,8481692,4.729,5,39
2025020586,2025-12-23,VGK,8479394,2.299,2,23
2025020586,2025-12-23,SJS,8477968,1.583,3,10
2025020586,2025-12-23,SJS,8482137,1.986,4,16
2025020587,2025-12-23,LAK,8477831,2.163,3,28
2025020587,2025-12-23,SEA,8478916,3.465,2,37
2025020588,2025-12-27,NYI,8479496,3.265,0,27
2025020588,2025-12-27,NYR,8478048,3.428,1,25
2025020589,2025-12-27,BUF,8480045,2.777,1,23
2025020589,2025-12-27,BOS,8476914,2.341,3,33
2025020590,2025-12-27,TOR,8479361,3.546,5,31
2025020590,2025-12-27,OTT,8476999,1.341,4,14
2025020590,2025-12-27,OTT,8482447,1.382,2,18
2025020591,2025-12-27,FLA,8475683,2.512,3,24
2025020591,2025-12-27,TBL,8476883,4.141,2,26
2025020592,2025-12-27,NJD,8474596,4.293,4,33
2025020592,2025-12-27,WSH,8480313,3.174,3,38
2025020593,2025-12-27,CAR,8483548,2.162,2,20
2025020593,2025-12-27,DET,8476434,4.818,4,37
2025020594,2025-12-27,WPG,8476945,2.827,4,19
2025020594,2025-12-27,MIN,8482661,2.661,3,26
2025020595,2025-12-27,STL,8480981,3.595,2,32
2025020595,2025-12-27,NSH,8477424,2.891,3,20
2025020596,2025-12-27,DAL,8479979,2.945,3,33
2025020596,2025-12-27,CHI,8482821,5.377,3,31
2025020597,2025-12-27,LAK,8476341,2.653,1,26
2025020597,2025-12-27,ANA,8480843,3.286,6,30
2025020598,2025-12-27,CGY,8481692,3.337,2,31
2025020598,2025-12-27,EDM,8478971,3.417,3,32
2025020599,2025-12-27,VAN,8477967,4.952,5,37
2025020599,2025-12-27,SJS,8482137,2.716,3,27
2025020600,2025-12-27,VGK,8479394,4.431,5,39
2025020600,2025-12-27,COL,8475809,3.116,5,25
2025020601,2025-12-28,DET,8475660,2.683,2,27
2025020601,2025-12-28,TOR,8483710,3.198,3,36
2025020602,2025-12-28,TBL,8477992,5.214,4,35
2025020602,2025-12-28,MTL,8484170,3.314,4,21
2025020603,2025-12-28,CBJ,8482982,1.672,2,26
2025020603,2025-12-28,NYI,8479496,4.829,3,34
2025020604,2025-12-28,CHI,8481519,0.742,4,9
2025020604,2025-12-28,CHI,8482821,2.021,3,15
2025020604,2025-12-28,PIT,8481668,3.170,3,24
2025020605,2025-12-28,SEA,8475831,3.210,1,33
2025020605,2025-12-28,PHI,8478435,0.966,2,18
2025020606,2025-12-29,OTT,8482447,1.991,4,22
2025020606,2025-12-29,CBJ,8482982,2.095,1,28
2025020607,2025-12-29,FLA,8475683,3.465,3,27
2025020607,2025-12-29,WSH,8480313,3.735,4,28
2025020608,2025-12-29,CAR,8483548,2.660,2,20
2025020608,2025-12-29,NYR,8478048,4.868,3,35
2025020609,2025-12-29,WPG,8476945,2.376,2,20
2025020609,2025-12-29,EDM,8475717,4.445,1,42
2025020610,2025-12-29,STL,8480981,3.417,3,33
2025020610,2025-12-29,BUF,8479312,1.503,2,18
2025020611,2025-12-29,COL,8478406,1.985,2,25
2025020611,2025-12-29,LAK,8476341,2.675,4,25
2025020612,2025-12-29,UTA,8477970,2.363,4,26
2025020612,2025-12-29,NSH,8477424,3.965,3,31
2025020613,2025-12-29,CGY,8481692,2.265,1,26
2025020613,2025-12-29,BOS,8480280,2.305,2,21
2025020614,2025-12-29,VGK,8479394,1.102,5,12
2025020614,2025-12-29,VGK,8481033,1.393,0,15
2025020614,2025-12-29,MIN,8479406,2.339,2,16
2025020615,2025-12-29,ANA,8475852,0.473,1,4
2025020615,2025-12-29,ANA,8480843,1.195,4,9
2025020615,2025-12-29,SJS,8482137,5.121,4,42
2025020616,2025-12-29,SEA,8478916,2.444,2,24
2025020616,2025-12-29,VAN,8480947,3.601,2,39
2025020617,2025-12-30,TOR,8479361,3.454,0,33
2025020617,2025-12-30,NJD,8474593,2.772,3,29
2025020618,2025-12-30,FLA,8480193,3.917,3,29
2025020618,2025-12-30,MTL,8478470,3.132,2,30
2025020619,2025-12-30,PIT,8479973,2.364,1,28
2025020619,2025-12-30,CAR,8475883,3.016,5,28
2025020620,2025-12-30,CHI,8481519,2.234,2,21
2025020620,2025-12-30,NYI,8479496,2.283,2,19
2025020621,2025-12-30,VAN,8477967,2.927,4,31
2025020621,2025-12-30,PHI,8478435,3.018,3,35
2025020622,2025-12-31,WSH,8479292,3.545,3,25
2025020622,2025-12-31,NYR,8471734,3.409,5,26
2025020623,2025-12-31,VGK,8481033,2.252,4,19
2025020623,2025-12-31,NSH,8481020,3.588,2,31
2025020624,2025-12-31,ANA,8480843,3.425,4,29
2025020624,2025-12-31,TBL,8476883,2.826,3,28
2025020625,2025-12-31,SJS,8482137,2.742,3,23
2025020625,2025-12-31,MIN,8482661,2.354,3,28
2025020626,2025-12-31,DET,8476434,2.681,1,24
2025020626,2025-12-31,WPG,8476945,1.195,2,19
2025020627,2025-12-31,CBJ,8482982,2.735,3,33
2025020627,2025-12-31,NJD,8474596,4.160,2,35
2025020628,2025-12-31,DAL,8479193,3.729,4,31
2025020628,2025-12-31,BUF,8480045,3.673,1,29
2025020629,2025-12-31,COL,8478406,1.535,1,13
2025020629,2025-12-31,STL,8476412,3.098,6,43
2025020630,2025-12-31,CGY,8481692,2.726,1,27
2025020630,2025-12-31,PHI,8481035,2.854,5,26
2025020631,2025-12-31,EDM,8478971,2.461,6,29
2025020631,2025-12-31,BOS,8480280,4.625,2,36
2025020632,2026-01-01,OTT,8482447,2.189,3,29
2025020632,2026-01-01,WSH,8480313,2.962,4,32
2025020633,2026-01-01,NYI,8477405,0.724,2,7
2025020633,2026-01-01,NYI,8479496,1.933,5,14
2025020633,2026-01-01,UTA,8478872,2.662,2,22
2025020634,2026-01-01,TOR,8479361,1.346,4,17
2025020634,2026-01-01,TOR,8483710,1.821,1,23
2025020634,2026-01-01,WPG,8477480,2.571,6,30
2025020635,2026-01-01,PIT,8481668,2.920,3,27
2025020635,2026-01-01,DET,8475660,2.470,4,31
2025020636,2026-01-01,CAR,8483548,2.303,6,22
2025020636,2026-01-01,MTL,8482487,3.337,5,25
2025020637,2026-01-01,CHI,8481519,2.935,3,25
2025020637,2026-01-01,DAL,8479979,2.851,4,21
2025020638,2026-01-01,SEA,8475831,3.328,1,25
2025020638,2026-01-01,NSH,8477424,2.182,3,22
2025020639,2026-01-01,LAK,8475311,2.562,4,23
2025020639,2026-01-01,TBL,8477992,2.485,3,20
2025020640,2026-01-02,STL,8480981,2.207,3,25
2025020640,2026-01-02,VGK,8479394,2.046,4,19
2025020641,2026-01-02,FLA,8475683,2.043,4,19
2025020641,2026-01-02,NYR,8478048,3.562,1,37
2025020642,2026-01-02,VAN,8477967,2.554,3,28
2025020642,2026-01-02,SEA,8478916,4.236,3,24
2025020643,2026-01-02,ANA,8480843,4.280,5,34
2025020643,2026-01-02,MIN,8479406,3.170,2,28
2025020644,2026-01-03,DET,8476434,2.508,2,29
2025020644,2026-01-03,PIT,8479973,1.530,1,12
2025020645,2026-01-03,NJD,8474593,3.468,1,31
2025020645,2026-01-03,UTA,8478872,3.535,4,30
2025020646,2026-01-03,CBJ,8482982,5.224,1,33
2025020646,2026-01-03,BUF,8480045,2.794,4,34
2025020647,2026-01-03,EDM,8475717,2.904,4,28
2025020647,2026-01-03,PHI,8478435,3.094,2,25
2025020648,2026-01-03,STL,8476412,3.536,0,26
2025020648,2026-01-03,MTL,8484170,2.150,2,19
2025020649,2026-01-03,SJS,8477968,2.726,4,16
2025020649,2026-01-03,SJS,8482137,1.111,3,10
2025020649,2026-01-03,TBL,8476883,2.939,3,22
2025020650,2026-01-03,OTT,8482447,2.728,2,23
2025020650,2026-01-03,WPG,8476945,2.380,4,27
2025020651,2026-01-03,NYI,8479496,2.843,3,21
2025020651,2026-01-03,TOR,8479361,2.610,4,25
2025020652,2026-01-03,WSH,8480313,3.214,2,33
2025020652,2026-01-03,CHI,8481519,3.824,2,34
2025020653,2026-01-03,CAR,8475883,5.092,4,34
2025020653,2026-01-03,COL,8475809,4.134,3,28
2025020654,2026-01-03,CGY,8481692,2.454,4,36
2025020654,2026-01-03,NSH,8477424,2.152,3,23
2025020655,2026-01-03,LAK,8475311,3.416,4,28
2025020655,2026-01-03,MIN,8482661,4.105,4,39
2025020656,2026-01-03,VAN,8480947,3.236,3,22
2025020656,2026-01-03,BOS,8480280,3.706,2,34
2025020657,2026-01-04,DAL,8479979,3.821,4,28
2025020657,2026-01-04,MTL,8478470,3.563,3,27
2025020658,2026-01-04,CBJ,8482982,4.205,5,43
2025020658,2026-01-04,PIT,8481668,3.047,4,25
2025020659,2026-01-04,FLA,8480193,2.831,1,28
2025020659,2026-01-04,COL,8475809,2.555,2,25
2025020660,2026-01-04,NJD,8474596,2.921,3,30
2025020660,2026-01-04,CAR,8483548,3.024,1,29
2025020661,2026-01-04,CHI,8482821,2.574,2,15
2025020661,2026-01-04,VGK,8481033,2.796,3,20
2025020662,2026-01-05,NYR,8471734,2.627,3,18
2025020662,2026-01-05,NYR,8478048,0.724,0,9
2025020662,2026-01-05,UTA,8478872,3.285,2,24
2025020663,2026-01-05,WSH,8479292,3.595,4,45
2025020663,2026-01-05,ANA,8475852,2.543,5,24
2025020663,2026-01-05,ANA,8480843,0.177,0,3
2025020664,2026-01-05,OTT,8482411,1.060,2,12
2025020664,2026-01-05,OTT,8482447,0.697,3,9
2025020664,2026-01-05,DET,8476434,4.396,3,37
2025020665,2026-01-05,CGY,8481692,3.128,4,27
2025020665,2026-01-05,SEA,8475831,3.428,1,42
2025020666,2026-01-05,LAK,8475311,3.821,2,35
2025020666,2026-01-05,MIN,8479406,3.122,3,32
2025020667,2026-01-06,BUF,8480045,4.477,3,37
2025020667,2026-01-06,VAN,8477967,2.077,4,19
2025020668,2026-01-06,TBL,8476883,3.448,2,33
2025020668,2026-01-06,COL,8475809,2.391,3,27
2025020669,2026-01-06,NYI,8478009,3.746,0,44
2025020669,2026-01-06,NJD,8474593,1.699,9,24
2025020670,2026-01-06,PHI,8478435,2.032,2,18
2025020670,2026-01-06,ANA,8480843,3.910,4,38
2025020671,2026-01-06,CAR,8483548,3.016,3,24
2025020671,2026-01-06,DAL,8479193,2.031,1,18
2025020671,2026-01-06,DAL,8479979,2.087,5,15
2025020672,2026-01-06,TOR,8479361,2.981,1,32
2025020672,2026-01-06,FLA,8475683,2.852,3,22
2025020673,2026-01-06,WPG,8476945,3.017,4,31
2025020673,2026-01-06,VGK,8479394,2.053,3,20
2025020674,2026-01-06,EDM,8478971,2.163,2,26
2025020674,2026-01-06,NSH,8477424,6.035,6,43
2025020675,2026-01-06,SJS,8477968,3.538,2,36
2025020675,2026-01-06,CBJ,8482982,4.000,3,34
2025020676,2026-01-06,SEA,8478916,4.295,4,36
2025020676,2026-01-06,BOS,8480280,2.630,6,26
2025020677,2026-01-07,WSH,8480313,4.289,3,35
2025020677,2026-01-07,DAL,8479193,2.035,1,24
2025020678,2026-01-07,MTL,8484170,2.197,1,29
2025020678,2026-01-07,CGY,8481692,4.388,4,36
2025020679,2026-01-07,CHI,8481519,3.289,3,30
2025020679,2026-01-07,STL,8476412,3.727,7,35
2025020680,2026-01-07,UTA,8478872,3.565,1,33
2025020680,2026-01-07,OTT,8482447,3.007,3,21
2025020681,2026-01-07,LAK,8475311,4.489,4,28
2025020681,2026-01-07,SJS,8482137,3.100,3,26
2025020682,2026-01-08,BOS,8476914,3.168,1,29
2025020682,2026-01-08,CGY,8481692,3.203,4,30
2025020683,2026-01-08,MTL,8478470,3.882,2,27
2025020683,2026-01-08,FLA,8475683,2.343,5,19
2025020684,2026-01-08,DET,8476434,2.255,1,24
2025020684,2026-01-08,VAN,8480947,2.687,4,24
2025020685,2026-01-08,NYR,8471734,3.280,4,20
2025020685,2026-01-08,BUF,8481551,3.030,2,32
2025020686,2026-01-08,PHI,8478435,2.708,2,23
2025020686,2026-01-08,TOR,8483710,3.737,1,23
2025020687,2026-01-08,PIT,8479973,2.974,1,29
2025020687,2026-01-08,NJD,8474596,3.454,4,29
2025020688,2026-01-08,CAR,8475883,2.815,2,13
2025020688,2026-01-08,ANA,8478024,3.810,4,34
2025020689,2026-01-08,NSH,8477424,3.014,1,31
2025020689,2026-01-08,NYI,8479496,2.909,1,27
2025020690,2026-01-08,WPG,8476945,3.311,4,30
2025020690,2026-01-08,EDM,8475717,1.976,3,16
2025020691,2026-01-08,COL,8475809,2.337,2,31
2025020691,2026-01-08,OTT,8481544,1.371,5,16
2025020691,2026-01-08,OTT,8482447,1.678,3,18
2025020692,2026-01-08,VGK,8479394,0.550,1,1
2025020692,2026-01-08,VGK,8481033,2.639,2,24
2025020692,2026-01-08,CBJ,8482982,3.199,5,26
2025020693,2026-01-08,SEA,8475831,2.911,3,34
2025020693,2026-01-08,MIN,8482661,3.206,2,28
2025020694,2026-01-09,CHI,8482123,2.307,5,24
2025020694,2026-01-09,WSH,8480313,3.110,1,24
2025020695,2026-01-09,WPG,8477480,3.880,1,24
2025020695,2026-01-09,LAK,8475311,2.226,5,16
2025020695,2026-01-09,LAK,8476341,0.127,0,4
2025020696,2026-01-09,UTA,8478872,3.752,2,28
2025020696,2026-01-09,STL,8480981,3.219,4,23
2025020697,2026-01-10,BOS,8480280,3.090,2,29
2025020697,2026-01-10,NYR,8471734,2.494,6,20
2025020697,2026-01-10,NYR,8477484,1.324,4,14
2025020698,2026-01-10,PIT,8481668,1.535,2,25
2025020698,2026-01-10,CGY,8482445,2.936,1,28
2025020699,2026-01-10,COL,8481529,3.563,0,29
2025020699,2026-01-10,CBJ,8478007,2.735,4,31
2025020700,2026-01-10,SJS,8477968,2.851,4,20
2025020700,2026-01-10,DAL,8479193,3.756,5,31
2025020701,2026-01-10,BUF,8480045,2.788,3,36
2025020701,2026-01-10,ANA,8480843,3.066,4,31
2025020702,2026-01-10,TOR,8479361,3.460,0,29
2025020702,2026-01-10,VAN,8477967,0.751,3,6
2025020702,2026-01-10,VAN,8480947,1.900,2,18
2025020703,2026-01-10,MTL,8484170,3.082,3,23
2025020703,2026-01-10,DET,8476434,3.019,0,27
2025020704,2026-01-10,OTT,8482447,1.726,3,21
2025020704,2026-01-10,FLA,8475683,3.191,2,19
2025020705,2026-01-10,PHI,8481035,3.219,7,23
2025020705,2026-01-10,TBL,8476883,2.468,2,20
2025020706,2026-01-10,CAR,8483548,1.742,2,12
2025020706,2026-01-10,SEA,8478916,3.654,3,36
2025020707,2026-01-10,NSH,8477424,2.231,2,20
2025020707,2026-01-10,CHI,8482123,4.214,0,36
2025020708,2026-01-10,MIN,8479406,2.785,4,28
2025020708,2026-01-10,NYI,8478009,4.244,3,36
2025020709,2026-01-10,EDM,8478971,2.435,3,30
2025020709,2026-01-10,LAK,8476341,3.121,3,26
2025020710,2026-01-10,VGK,8481033,2.400,2,19
2025020710,2026-01-10,STL,8476412,2.071,3,24
2025020711,2026-01-11,WPG,8476945,3.659,3,27
2025020711,2026-01-11,NJD,8474596,3.228,4,22
2025020712,2026-01-11,BOS,8476914,2.657,0,27
2025020712,2026-01-11,PIT,8479973,2.393,1,19
2025020713,2026-01-11,NSH,8481020,3.221,2,32
2025020713,2026-01-11,WSH,8479292,2.011,3,21
2025020714,2026-01-11,UTA,8477970,4.511,3,36
2025020714,2026-01-11,CBJ,8482982,2.439,2,27
2025020715,2026-01-11,SJS,8482137,3.474,6,31
2025020715,2026-01-11,VGK,8482761,2.125,2,20
2025020716,2026-01-12,BUF,8481551,3.005,3,31
2025020716,2026-01-12,FLA,8475683,2.649,3,23
2025020717,2026-01-12,DET,8476434,4.334,3,34
2025020717,2026-01-12,CAR,8475883,3.179,4,18
2025020718,2026-01-12,NYR,8471734,3.065,3,28
2025020718,2026-01-12,SEA,8475831,2.096,2,22
2025020719,2026-01-12,PHI,8478435,3.858,4,25
2025020719,2026-01-12,TBL,8477992,2.871,1,21
2025020720,2026-01-12,MTL,8482487,3.028,3,23
2025020720,2026-01-12,VAN,8484268,4.599,6,41
2025020721,2026-01-12,MIN,8482661,3.026,5,29
2025020721,2026-01-12,NJD,8474593,2.725,2,23
2025020722,2026-01-12,CHI,8481519,4.199,3,36
2025020722,2026-01-12,EDM,8478971,3.636,1,30
2025020723,2026-01-12,COL,8481529,2.351,4,32
2025020723,2026-01-12,TOR,8479361,3.315,3,34
2025020724,2026-01-12,LAK,8475311,1.333,2,17
2025020724,2026-01-12,DAL,8479979,1.598,1,25
2025020725,2026-01-13,OTT,8482447,3.103,1,20
2025020725,2026-01-13,VAN,8480947,3.413,2,40
2025020726,2026-01-13,PIT,8481668,2.700,1,31
2025020726,2026-01-13,TBL,8476883,3.743,1,27
2025020727,2026-01-13,WSH,8480313,2.777,2,25
2025020727,2026-01-13,MTL,8478470,5.544,3,42
2025020728,2026-01-13,CBJ,8482982,4.350,3,32
2025020728,2026-01-13,CGY,8481692,4.518,4,42
2025020729,2026-01-13,BOS,8480280,2.971,0,24
2025020729,2026-01-13,DET,8475660,3.621,2,40
2025020730,2026-01-13,STL,8480981,2.530,0,33
2025020730,2026-01-13,CAR,8483548,2.232,3,31
2025020731,2026-01-13,NSH,8477424,3.073,3,31
2025020731,2026-01-13,EDM,8477465,2.744,4,27
2025020732,2026-01-13,WPG,8476945,3.041,4,27
2025020732,2026-01-13,NYI,8478009,2.957,5,22
2025020733,2026-01-13,UTA,8478872,2.679,1,20
2025020733,2026-01-13,TOR,8483710,5.238,6,41
2025020734,2026-01-13,ANA,8480843,3.244,1,25
2025020734,2026-01-13,DAL,8479193,3.455,2,24
2025020735,2026-01-14,NJD,8474593,2.572,2,17
2025020735,2026-01-14,SEA,8475831,2.654,3,26
2025020736,2026-01-14,BUF,8480045,2.918,2,22
2025020736,2026-01-14,PHI,8478435,1.081,2,6
2025020736,2026-01-14,PHI,8481035,1.553,2,8
2025020737,2026-01-14,NYR,8471734,2.184,6,17
2025020737,2026-01-14,NYR,8477484,0.954,1,12
2025020737,2026-01-14,OTT,8482447,1.542,4,22
2025020738,2026-01-14,LAK,8475311,1.923,3,27
2025020738,2026-01-14,VGK,8481033,3.027,2,24
2025020739,2026-01-15,BOS,8480280,3.650,2,28
2025020739,2026-01-15,SEA,8478916,1.790,3,23
2025020740,2026-01-15,BUF,8481551,3.013,3,23
2025020740,2026-01-15,MTL,8484170,2.360,4,26
2025020741,2026-01-15,PIT,8479973,4.541,3,34
2025020741,2026-01-15,PHI,8481035,1.622,3,14
2025020741,2026-01-15,PHI,8482783,1.999,3,16
2025020742,2026-01-15,WSH,8480313,2.966,3,26
2025020742,2026-01-15,SJS,8477968,2.546,2,23
2025020743,2026-01-15,CBJ,8478007,2.673,1,31
2025020743,2026-01-15,VAN,8480947,4.178,4,36
2025020744,2026-01-15,MIN,8479406,0.615,0,9
2025020744,2026-01-15,MIN,8482661,2.179,6,20
2025020744,2026-01-15,WPG,8476945,2.782,2,34
2025020745,2026-01-15,CHI,8481519,2.098,2,22
2025020745,2026-01-15,CGY,8482445,2.144,1,23
2025020746,2026-01-15,UTA,8478872,2.172,1,27
2025020746,2026-01-15,DAL,8479979,2.853,2,27
2025020747,2026-01-15,EDM,8478971,1.863,1,18
2025020747,2026-01-15,NYI,8478009,5.634,0,35
2025020748,2026-01-15,VGK,8478499,2.325,5,28
2025020748,2026-01-15,TOR,8479361,3.008,6,33
2025020749,2026-01-16,DET,8476434,2.799,2,22
2025020749,2026-01-16,SJS,8482137,3.980,3,24
2025020750,2026-01-16,CAR,8483548,1.927,1,16
2025020750,2026-01-16,FLA,8475683,4.746,9,36
2025020751,2026-01-16,STL,8480981,3.948,2,36
2025020751,2026-01-16,TBL,8476883,1.765,2,21
2025020752,2026-01-16,COL,8478406,2.110,5,28
2025020752,2026-01-16,NSH,8477424,2.738,3,43
2025020753,2026-01-16,LAK,8475311,2.655,2,28
2025020753,2026-01-16,ANA,8480843,3.390,2,28
2025020754,2026-01-17,BUF,8480045,4.749,5,36
2025020754,2026-01-17,MIN,8479406,2.955,4,24
2025020755,2026-01-17,PHI,8481035,3.138,3,25
2025020755,2026-01-17,PHI,8482783,0.562,3,3
2025020755,2026-01-17,NYR,8477484,2.848,3,28
2025020756,2026-01-17,CGY,8481692,3.844,2,30
2025020756,2026-01-17,NYI,8479496,1.979,4,19
2025020757,2026-01-17,UTA,8478872,3.431,3,21
2025020757,2026-01-17,SEA,8475831,3.931,5,30
2025020758,2026-01-17,OTT,8482447,2.558,6,19
2025020758,2026-01-17,MTL,8478470,3.997,5,34
2025020759,2026-01-17,NJD,8474593,4.586,4,35
2025020759,2026-01-17,CAR,8475883,3.281,1,30
2025020760,2026-01-17,PIT,8481668,2.623,3,26
2025020760,2026-01-17,CBJ,8478007,5.486,3,33
2025020761,2026-01-17,WSH,8480313,3.962,3,29
2025020761,2026-01-17,FLA,8480193,2.943,2,24
2025020762,2026-01-17,WPG,8476945,3.921,4,37
2025020762,2026-01-17,TOR,8483710,4.442,3,30
2025020763,2026-01-17,CHI,8482821,2.855,5,23
2025020763,2026-01-17,BOS,8476914,2.686,2,24
2025020764,2026-01-17,VAN,8484268,5.168,6,35
2025020764,2026-01-17,EDM,8477465,2.870,0,31
2025020765,2026-01-17,VGK,8481033,2.475,2,29
2025020765,2026-01-17,NSH,8481020,3.121,7,36
2025020766,2026-01-17,ANA,8478024,2.375,1,18
2025020766,2026-01-17,LAK,8476341,3.883,2,33
2025020767,2026-01-18,DAL,8479979,3.195,3,25
2025020767,2026-01-18,TBL,8476883,2.597,1,20
2025020768,2026-01-18,DET,8476434,2.748,3,22
2025020768,2026-01-18,OTT,8473503,4.284,4,34
2025020769,2026-01-18,EDM,8478971,3.320,0,27
2025020769,2026-01-18,STL,8476412,3.051,5,28
2025020770,2026-01-19,CAR,8483548,2.396,1,18
2025020770,2026-01-19,BUF,8480045,2.621,2,29
2025020771,2026-01-19,COL,8475809,3.157,2,24
2025020771,2026-01-19,WSH,8479292,4.476,5,44
2025020772,2026-01-19,SEA,8478916,3.270,5,31
2025020772,2026-01-19,PIT,8479973,2.814,3,23
2025020773,2026-01-19,FLA,8475683,3.272,3,27
2025020773,2026-01-19,SJS,8477968,3.372,1,36
2025020774,2026-01-19,TOR,8479361,3.508,5,29
2025020774,2026-01-19,TOR,8483710,0.614,0,9
2025020774,2026-01-19,MIN,8479406,2.765,3,30
2025020775,2026-01-19,VGK,8478499,1.979,2,17
2025020775,2026-01-19,PHI,8481035,3.260,1,25
2025020776,2026-01-19,CHI,8481519,3.843,0,32
2025020776,2026-01-19,WPG,8476945,2.054,1,23
2025020777,2026-01-19,CGY,8482445,2.449,2,32
2025020777,2026-01-19,NJD,8474593,1.589,1,22
2025020778,2026-01-19,VAN,8480947,3.659,4,33
2025020778,2026-01-19,NYI,8478009,3.506,3,32
2025020779,2026-01-19,ANA,8480843,2.993,3,22
2025020779,2026-01-19,NYR,8477484,3.077,4,25
2025020780,2026-01-20,MTL,8482487,2.483,3,20
2025020780,2026-01-20,MIN,8482661,2.715,4,33
2025020781,2026-01-20,TBL,8476883,1.041,1,23
2025020781,2026-01-20,SJS,8482137,2.806,3,19
2025020782,2026-01-20,CBJ,8478007,0.974,2,7
2025020782,2026-01-20,CBJ,8482982,0.922,1,13
2025020782,2026-01-20,OTT,8473503,2.717,1,22
2025020783,2026-01-20,DAL,8479979,2.232,2,18
2025020783,2026-01-20,BOS,8476914,0.242,0,3
2025020783,2026-01-20,BOS,8480280,3.159,6,34
2025020784,2026-01-20,NSH,8477424,1.382,4,19
2025020784,2026-01-20,NSH,8481020,1.117,0,13
2025020784,2026-01-20,BUF,8479312,4.149,3,34
2025020785,2026-01-20,WPG,8477480,2.587,1,23
2025020785,2026-01-20,STL,8480981,1.759,2,15
2025020786,2026-01-20,EDM,8477465,2.396,2,17
2025020786,2026-01-20,NJD,8474596,2.915,1,23
2025020787,2026-01-20,LAK,8475311,0.556,2,8
2025020787,2026-01-20,LAK,8476341,3.593,1,28
2025020787,2026-01-20,NYR,8471734,3.079,4,27
2025020788,2026-01-21,TOR,8479361,3.352,2,41
2025020788,2026-01-21,DET,8476434,3.788,1,31
2025020789,2026-01-21,COL,8475809,1.832,1,16
2025020789,2026-01-21,ANA,8480843,4.818,1,41
2025020790,2026-01-21,UTA,8478872,4.246,4,29
2025020790,2026-01-21,PHI,8481035,2.940,5,27
2025020791,2026-01-21,CGY,8481692,2.614,4,25
2025020791,2026-01-21,PIT,8479973,2.196,1,19
2025020792,2026-01-21,VAN,8480947,3.779,3,32
2025020792,2026-01-21,WSH,8480313,2.626,4,25
2025020793,2026-01-21,SEA,8475831,2.992,1,25
2025020793,2026-01-21,NYI,8478009,2.879,3,24
2025020794,2026-01-22,BOS,8476914,5.259,3,33
2025020794,2026-01-22,VGK,8481033,2.802,4,29
2025020795,2026-01-22,MTL,8478470,2.447,3,16
2025020795,2026-01-22,BUF,8480045,3.143,2,34
2025020796,2026-01-22,CAR,8475883,2.795,3,22
2025020796,2026-01-22,CHI,8481519,4.441,3,31
2025020797,2026-01-22,CBJ,8482982,2.967,0,28
2025020797,2026-01-22,DAL,8479193,1.449,1,22
2025020798,2026-01-22,NSH,8477424,3.149,3,26
2025020798,2026-01-22,OTT,8473503,2.975,4,26
2025020799,2026-01-22,WPG,8476945,2.076,1,20
2025020799,2026-01-22,FLA,8480193,2.514,1,18
2025020800,2026-01-22,EDM,8477465,2.844,6,23
2025020800,2026-01-22,PIT,8481668,2.990,2,32
2025020801,2026-01-22,MIN,8479406,2.543,3,34
2025020801,2026-01-22,DET,8475660,3.358,4,39
2025020802,2026-01-23,TOR,8476932,2.678,5,30
2025020802,2026-01-23,VGK,8478499,2.119,3,21
2025020803,2026-01-23,CHI,8482821,4.014,1,31
2025020803,2026-01-23,TBL,8476883,2.272,1,19
2025020804,2026-01-23,DAL,8479979,2.238,2,22
2025020804,2026-01-23,STL,8476412,1.845,3,19
2025020805,2026-01-23,COL,8478406,3.161,6,19
2025020805,2026-01-23,PHI,8481035,2.812,3,35
2025020806,2026-01-23,CGY,8482445,4.780,2,37
2025020806,2026-01-23,WSH,8480313,2.425,1,26
2025020807,2026-01-23,VAN,8480947,2.684,5,24
2025020807,2026-01-23,NJD,8474593,2.852,4,25
2025020808,2026-01-23,SJS,8477968,3.087,1,29
2025020808,2026-01-23,NYR,8477484,4.385,3,32
2025020809,2026-01-23,SEA,8475831,2.480,3,30
2025020809,2026-01-23,ANA,8480843,2.055,2,22
2025020810,2026-01-24,NYI,8479496,2.293,4,20
2025020810,2026-01-24,BUF,8479312,3.051,0,26
2025020811,2026-01-24,NSH,8477424,2.951,4,30
2025020811,2026-01-24,UTA,8478872,3.511,2,29
2025020812,2026-01-24,BOS,8480280,3.383,3,25
2025020812,2026-01-24,MTL,8478470,3.259,4,20
2025020813,2026-01-24,OTT,8473503,2.022,4,19
2025020813,2026-01-24,CAR,8483548,2.899,1,37
2025020814,2026-01-24,CBJ,8482982,2.230,5,30
2025020814,2026-01-24,TBL,8477992,2.110,6,29
2025020815,2026-01-24,WPG,8476945,2.837,4,30
2025020815,2026-01-24,DET,8476434,2.163,1,27
2025020816,2026-01-24,STL,8480981,3.210,4,28
2025020816,2026-01-24,LAK,8475311,3.361,4,29
2025020817,2026-01-24,MIN,8479406,3.427,4,34
2025020817,2026-01-24,FLA,8475683,2.699,3,21
2025020818,2026-01-24,EDM,8477465,1.786,2,15
2025020818,2026-01-24,EDM,8478971,1.373,3,12
2025020818,2026-01-24,WSH,8479292,6.634,6,40
2025020819,2026-01-25,TOR,8479361,3.201,3,36
2025020819,2026-01-25,COL,8478406,3.658,1,33
2025020820,2026-01-25,SEA,8478916,3.226,2,29
2025020820,2026-01-25,NJD,8474593,1.739,3,18
2025020821,2026-01-25,OTT,8481544,2.547,1,20
2025020821,2026-01-25,VGK,8478499,3.171,7,32
2025020822,2026-01-25,VAN,8480947,3.192,3,25
2025020822,2026-01-25,PIT,8479973,4.543,2,32
2025020823,2026-01-25,CHI,8481519,2.119,4,24
2025020823,2026-01-25,FLA,8480193,1.910,1,22
2025020824,2026-01-25,CGY,8481692,2.417,4,21
2025020824,2026-01-25,ANA,8480843,3.254,3,35
2025020825,2026-01-26,TBL,8476883,4.150,0,28
2025020825,2026-01-26,UTA,8478872,3.543,2,29
2025020826,2026-01-26,NYR,8471734,3.031,3,24
2025020826,2026-01-26,BOS,8476914,3.105,4,28
2025020827,2026-01-26,PHI,8481035,1.714,4,23
2025020827,2026-01-26,NYI,8478009,2.322,0,21
2025020829,2026-01-26,EDM,8477465,4.019,4,41
2025020829,2026-01-26,ANA,8478024,3.733,5,30
2025020830,2026-01-27,BOS,8480280,3.543,2,30
2025020830,2026-01-27,NSH,8477424,2.446,3,28
2025020831,2026-01-27,TOR,8479361,2.617,6,30
2025020831,2026-01-27,BUF,8480045,0.476,2,5
2025020831,2026-01-27,BUF,8481551,2.063,2,18
2025020832,2026-01-27,MTL,8482487,4.830,2,34
2025020832,2026-01-27,VGK,8481033,3.519,3,26
2025020833,2026-01-27,DET,8476434,2.734,2,21
2025020833,2026-01-27,LAK,8476341,3.838,1,28
2025020834,2026-01-27,FLA,8475683,2.153,3,19
2025020834,2026-01-27,UTA,8477970,2.911,3,30
2025020835,2026-01-27,NJD,8474596,2.216,4,26
2025020835,2026-01-27,WPG,8476945,2.999,3,29
2025020836,2026-01-27,STL,8476412,3.018,4,24
2025020836,2026-01-27,DAL,8479979,1.755,3,26
2025020837,2026-01-27,MIN,8482661,4.386,3,32
2025020837,2026-01-27,CHI,8481519,2.831,3,23
2025020838,2026-01-27,VAN,8480947,0.536,3,6
2025020838,2026-01-27,VAN,8484268,2.517,2,27
2025020838,2026-01-27,SJS,8482137,2.729,2,25
2025020839,2026-01-27,SEA,8475831,2.181,1,20
2025020839,2026-01-27,WSH,8480313,3.192,5,32
2025020840,2026-01-28,CBJ,8478007,3.935,3,27
2025020840,2026-01-28,PHI,8478435,2.542,4,30
2025020841,2026-01-28,OTT,8473503,2.214,2,18
2025020841,2026-01-28,COL,8478406,2.378,3,21
2025020842,2026-01-28,NYI,8479496,1.943,2,16
2025020842,2026-01-28,NYR,8477484,3.408,5,36
2025020843,2026-01-29,BOS,8480280,4.453,3,36
2025020843,2026-01-29,PHI,8478435,0.384,0,6
2025020843,2026-01-29,PHI,8481035,2.307,5,20
2025020844,2026-01-29,BUF,8479312,3.198,1,38
2025020844,2026-01-29,LAK,8475311,2.742,3,31
2025020845,2026-01-29,MTL,8482487,3.849,3,29
2025020845,2026-01-29,COL,8475809,3.015,7,28
2025020846,2026-01-29,DET,8476434,1.868,3,23
2025020846,2026-01-29,WSH,8479292,2.729,3,21
2025020847,2026-01-29,TBL,8476883,1.962,1,24
2025020847,2026-01-29,WPG,8476945,3.078,3,36
2025020848,2026-01-29,NJD,8474593,3.130,2,29
2025020848,2026-01-29,NSH,8481020,3.521,3,35
2025020849,2026-01-29,NYR,8471734,1.374,2,21
2025020849,2026-01-29,NYI,8478009,2.053,1,21
2025020850,2026-01-29,PIT,8481668,2.903,2,20
2025020850,2026-01-29,CHI,8482821,5.206,6,45
2025020851,2026-01-29,CAR,8483548,2.783,4,25
2025020851,2026-01-29,UTA,8478872,3.633,5,33
2025020852,2026-01-29,STL,8480981,3.110,4,20
2025020852,2026-01-29,FLA,8480193,2.245,5,31
2025020853,2026-01-29,MIN,8479406,2.785,1,30
2025020853,2026-01-29,CGY,8482445,2.321,3,23
2025020854,2026-01-29,EDM,8478971,1.783,3,21
2025020854,2026-01-29,SJS,8482137,3.215,4,32
2025020855,2026-01-29,VAN,8480947,0.028,0,1
2025020855,2026-01-29,VAN,8484268,3.412,0,32
2025020855,2026-01-29,ANA,8480843,3.134,1,25
2025020856,2026-01-29,VGK,8478499,3.234,4,27
2025020856,2026-01-29,DAL,8479979,2.317,4,21
2025020857,2026-01-29,SEA,8478916,3.293,2,31
2025020857,2026-01-29,TOR,8476932,1.310,4,21
2025020858,2026-01-30,CHI,8481519,2.522,3,25
2025020858,2026-01-30,CBJ,8478007,2.390,2,24
2025020859,2026-01-31,PHI,8478435,2.385,3,21
2025020859,2026-01-31,LAK,8475311,2.540,2,21
2025020860,2026-01-31,DET,8475660,0.750,1,4
2025020860,2026-01-31,DET,8476434,2.685,4,17
2025020860,2026-01-31,COL,8478406,2.601,0,28
2025020861,2026-01-31,PIT,8479973,2.090,5,20
2025020861,2026-01-31,NYR,8471734,3.940,5,33
2025020862,2026-01-31,FLA,8475683,2.105,2,21
2025020862,2026-01-31,WPG,8477480,1.969,1,28
2025020863,2026-01-31,CGY,8481692,2.849,2,25
2025020863,2026-01-31,SJS,8477968,4.656,3,42
2025020864,2026-01-31,WSH,8483532,2.775,3,22
2025020864,2026-01-31,CAR,8475883,5.402,4,42
2025020865,2026-01-31,BUF,8479312,2.694,3,30
2025020865,2026-01-31,MTL,8482487,5.142,2,38
2025020866,2026-01-31,OTT,8476999,1.797,1,27
2025020866,2026-01-31,NJD,8474596,3.003,3,33
2025020867,2026-01-31,NYI,8478009,5.310,4,42
2025020867,2026-01-31,NSH,8477424,3.300,3,30
2025020868,2026-01-31,STL,8476412,2.018,4,22
2025020868,2026-01-31,CBJ,8482982,2.677,3,33
2025020869,2026-01-31,VAN,8484268,5.069,2,41
2025020869,2026-01-31,TOR,8479361,2.639,2,30
2025020870,2026-01-31,UTA,8478872,3.398,3,32
2025020870,2026-01-31,DAL,8479193,1.963,2,14
2025020871,2026-01-31,EDM,8477465,2.847,5,20
2025020871,2026-01-31,EDM,8478971,1.132,2,9
2025020871,2026-01-31,MIN,8482661,4.798,3,42
2025020872,2026-01-31,VGK,8481033,2.104,3,22
2025020872,2026-01-31,SEA,8478916,2.914,2,29
2025020873,2026-02-01,TBL,8476883,3.605,5,34
2025020873,2026-02-01,BOS,8480280,5.622,5,46
2025020874,2026-02-01,CAR,8483548,1.660,2,13
2025020874,2026-02-01,LAK,8476341,4.267,3,34
2025020875,2026-02-01,ANA,8480843,3.342,3,31
2025020875,2026-02-01,VGK,8478499,1.777,3,22
2025020876,2026-02-02,FLA,8475683,2.619,5,20
2025020876,2026-02-02,BUF,8479312,4.509,3,42
2025020877,2026-02-02,PIT,8481668,4.197,3,31
2025020877,2026-02-02,OTT,8476999,2.329,2,16
2025020878,2026-02-02,WSH,8483532,3.618,1,30
2025020878,2026-02-02,NYI,8479496,2.558,3,24
2025020879,2026-02-02,MIN,8479406,1.778,3,20
2025020879,2026-02-02,MTL,8482487,2.939,4,24
2025020880,2026-02-02,NSH,8477424,1.502,5,21
2025020880,2026-02-02,NSH,8481020,1.605,0,13
2025020880,2026-02-02,STL,8480981,3.195,6,28
2025020881,2026-02-02,CHI,8481519,2.825,3,27
2025020881,2026-02-02,SJS,8477968,1.052,2,7
2025020881,2026-02-02,SJS,8482137,1.035,4,10
2025020882,2026-02-02,DAL,8479979,2.629,3,27
2025020882,2026-02-02,WPG,8476945,4.655,4,28
2025020883,2026-02-02,COL,8478406,2.838,1,24
2025020883,2026-02-02,DET,8476434,2.136,0,21
2025020884,2026-02-02,UTA,8478872,2.262,2,24
2025020884,2026-02-02,VAN,8480947,2.328,6,19
2025020885,2026-02-02,CGY,8481692,1.887,3,21
2025020885,2026-02-02,TOR,8479361,2.248,2,30
2025020886,2026-02-03,TBL,8476883,2.800,3,26
2025020886,2026-02-03,BUF,8481551,3.653,4,35
2025020887,2026-02-03,NJD,8474593,2.071,2,25
2025020887,2026-02-03,CBJ,8478007,2.308,0,24
2025020888,2026-02-03,NYI,8478009,3.752,4,35
2025020888,2026-02-03,PIT,8479973,2.273,5,23
2025020889,2026-02-03,PHI,8478435,2.737,2,28
2025020889,2026-02-03,WSH,8483532,2.654,3,21
2025020890,2026-02-03,CAR,8483548,3.936,3,27
2025020890,2026-02-03,OTT,8473503,2.283,4,19
2025020891,2026-02-03,EDM,8478971,2.616,4,26
2025020891,2026-02-03,TOR,8476932,3.410,2,36
2025020892,2026-02-03,ANA,8480843,2.738,2,28
2025020892,2026-02-03,SEA,8475831,3.275,4,31
2025020893,2026-02-04,FLA,8475683,4.121,4,29
2025020893,2026-02-04,BOS,8476914,4.408,4,26
2025020894,2026-02-04,CBJ,8482982,2.487,0,21
2025020894,2026-02-04,CHI,8481519,2.270,3,19
2025020895,2026-02-04,WPG,8476945,3.003,4,26
2025020895,2026-02-04,MTL,8478470,5.677,1,37
2025020896,2026-02-04,NSH,8477424,3.941,6,43
2025020896,2026-02-04,MIN,8479406,3.130,5,35
2025020897,2026-02-04,COL,8478406,2.653,2,25
2025020897,2026-02-04,SJS,8482137,4.262,3,41
2025020898,2026-02-04,UTA,8478872,4.076,1,30
2025020898,2026-02-04,DET,8476434,3.368,3,24
2025020899,2026-02-04,DAL,8479979,2.192,4,18
2025020899,2026-02-04,STL,8476412,4.086,5,28
2025020900,2026-02-04,CGY,8482445,3.167,3,39
2025020900,2026-02-04,EDM,8477465,3.157,4,25
2025020901,2026-02-04,VGK,8481033,1.594,2,23
2025020901,2026-02-04,VAN,8480947,2.910,5,31
2025020902,2026-02-04,LAK,8475311,2.370,4,23
2025020902,2026-02-04,SEA,8478916,2.494,2,27
2025020903,2026-02-05,BUF,8479312,3.035,4,31
2025020903,2026-02-05,PIT,8481668,3.255,2,27
2025020904,2026-02-05,TBL,8476883,3.013,1,34
2025020904,2026-02-05,FLA,8475683,0.124,1,3
2025020904,2026-02-05,FLA,8480193,2.110,5,25
2025020905,2026-02-05,NJD,8474596,2.057,2,13
2025020905,2026-02-05,NYI,8478009,2.550,1,24
2025020906,2026-02-05,NYR,8471734,3.225,1,42
2025020906,2026-02-05,CAR,8483548,1.684,0,16
2025020907,2026-02-05,PHI,8478435,2.661,2,27
2025020907,2026-02-05,OTT,8473503,1.852,1,16
2025020908,2026-02-05,WSH,8480313,4.263,2,29
2025020908,2026-02-05,NSH,8481020,2.792,4,30
2025020909,2026-02-05,VGK,8478499,3.709,1,33
2025020909,2026-02-05,LAK,8476341,2.786,4,22
2025020910,2026-02-25,NJD,8474596,2.879,2,30
2025020910,2026-02-25,BUF,8480045,3.987,1,28
2025020911,2026-02-25,WSH,8480313,2.866,1,24
2025020911,2026-02-25,PHI,8478435,3.407,2,28
2025020912,2026-02-25,TBL,8476883,4.403,2,34
2025020912,2026-02-25,TOR,8476932,5.117,4,36
2025020913,2026-02-25,DAL,8479193,3.189,1,19
2025020913,2026-02-25,SEA,8478916,3.905,4,32
2025020914,2026-02-25,UTA,8478872,2.950,4,26
2025020914,2026-02-25,COL,8475809,3.688,2,30
2025020915,2026-02-25,VAN,8484268,3.938,3,28
2025020915,2026-02-25,WPG,8477480,2.044,2,23
2025020916,2026-02-25,LAK,8476341,2.552,5,24
2025020916,2026-02-25,VGK,8478499,2.052,4,19
2025020917,2026-02-25,ANA,8480843,4.107,5,27
2025020917,2026-02-25,EDM,8477465,2.670,5,25
2025020917,2026-02-25,EDM,8478971,0.416,1,4
2025020918,2026-02-26,BOS,8476914,3.926,2,38
2025020918,2026-02-26,BOS,8480022,0.169,0,2
2025020918,2026-02-26,CBJ,8478007,2.691,3,22
2025020919,2026-02-26,MTL,8478470,3.521,4,26
2025020919,2026-02-26,NYI,8478009,2.936,3,25
2025020920,2026-02-26,OTT,8476999,1.794,2,20
2025020920,2026-02-26,DET,8476434,3.069,1,27
2025020921,2026-02-26,FLA,8475683,2.948,1,30
2025020921,2026-02-26,TOR,8479361,3.715,3,35
2025020922,2026-02-26,PIT,8481668,3.600,1,30
2025020922,2026-02-26,NJD,8474593,4.137,3,36
2025020923,2026-02-26,CAR,8483548,3.489,4,28
2025020923,2026-02-26,TBL,8477992,2.341,5,33
2025020924,2026-02-26,NYR,8478048,3.045,3,24
2025020924,2026-02-26,PHI,8481035,2.530,2,24
2025020925,2026-02-26,STL,8480981,2.719,1,24
2025020925,2026-02-26,SEA,8475831,2.773,4,31
2025020926,2026-02-26,NSH,8481020,3.026,2,23
2025020926,2026-02-26,CHI,8481519,2.112,3,25
2025020927,2026-02-26,COL,8478406,3.929,3,34
2025020927,2026-02-26,MIN,8479406,3.399,1,45
2025020927,2026-02-26,MIN,8482661,0.211,1,2
2025020928,2026-02-26,SJS,8482137,2.636,3,28
2025020928,2026-02-26,CGY,8481692,2.956,1,35
2025020929,2026-02-26,LAK,8475311,1.148,4,15
2025020929,2026-02-26,LAK,8476341,2.126,4,22
2025020929,2026-02-26,EDM,8478971,1.957,1,22
2025020930,2026-02-27,FLA,8480193,3.750,2,38
2025020930,2026-02-27,BUF,8479312,4.285,2,30
2025020931,2026-02-27,WSH,8480313,4.344,2,26
2025020931,2026-02-27,VGK,8481033,2.970,3,30
2025020932,2026-02-27,UTA,8478872,2.870,2,23
2025020932,2026-02-27,MIN,8482661,3.882,5,37
2025020933,2026-02-27,ANA,8480843,4.706,4,33
2025020933,2026-02-27,WPG,8476945,5.695,5,40
2025020934,2026-02-28,NYR,8478048,3.390,2,34
2025020934,2026-02-28,PIT,8479973,3.320,2,25
2025020935,2026-02-28,PHI,8478435,2.502,1,27
2025020935,2026-02-28,BOS,8480280,2.394,2,16
2025020936,2026-02-28,SJS,8482137,3.371,4,24
2025020936,2026-02-28,EDM,8478971,3.932,5,33
2025020937,2026-02-28,CBJ,8482982,2.986,4,27
2025020937,2026-02-28,NYI,8478009,2.619,3,30
2025020938,2026-02-28,COL,8478406,2.227,1,15
2025020938,2026-02-28,CHI,8481519,3.255,2,34
2025020939,2026-02-28,TOR,8476932,1.050,0,12
2025020939,2026-02-28,TOR,8479361,2.564,5,28
2025020939,2026-02-28,OTT,8476999,2.039,2,23
2025020940,2026-02-28,MTL,8482487,4.473,2,29
2025020940,2026-02-28,WSH,8479292,3.128,4,23
2025020941,2026-02-28,TBL,8476883,1.591,5,14
2025020941,2026-02-28,TBL,8477992,2.311,1,21
2025020941,2026-02-28,BUF,8480045,3.475,2,38
2025020942,2026-02-28,CAR,8475883,2.388,2,29
2025020942,2026-02-28,DET,8475660,3.253,5,36
2025020943,2026-02-28,STL,8476412,2.711,2,32
2025020943,2026-02-28,NJD,8474593,1.775,1,26
2025020944,2026-02-28,LAK,8476341,2.823,0,29
2025020944,2026-02-28,CGY,8481692,3.202,1,36
2025020945,2026-02-28,DAL,8479979,2.685,2,27
2025020945,2026-02-28,NSH,8477424,3.590,3,25
2025020946,2026-02-28,SEA,8478916,3.406,1,28
2025020946,2026-02-28,VAN,8480947,2.772,4,24
2025020947,2026-03-01,PIT,8481668,2.122,0,22
2025020947,2026-03-01,VGK,8478499,2.102,5,22
2025020948,2026-03-01,NYI,8479496,3.956,4,33
2025020948,2026-03-01,FLA,8475683,2.235,5,26
2025020949,2026-03-01,UTA,8478872,2.424,4,28
2025020949,2026-03-01,CHI,8482821,2.454,0,22
2025020950,2026-03-01,SJS,8477968,2.317,1,28
2025020950,2026-03-01,WPG,8476945,2.975,2,33
2025020951,2026-03-01,MIN,8479406,1.900,2,23
2025020951,2026-03-01,STL,8480981,2.329,1,23
2025020952,2026-03-01,ANA,8480843,4.548,2,34
2025020952,2026-03-01,CGY,8482445,4.645,2,36
2025020953,2026-03-02,NYR,8478048,2.639,5,29
2025020953,2026-03-02,CBJ,8478007,3.372,4,33
2025020954,2026-03-02,TOR,8476932,2.580,2,25
2025020954,2026-03-02,PHI,8478435,3.045,2,31
2025020955,2026-03-02,NSH,8477424,3.181,3,30
2025020955,2026-03-02,DET,8475660,2.195,1,19
2025020955,2026-03-02,DET,8476434,1.181,1,11
2025020956,2026-03-02,VAN,8484268,4.585,6,37
2025020956,2026-03-02,DAL,8479979,1.166,1,14
2025020957,2026-03-02,SEA,8478916,2.625,1,36
2025020957,2026-03-02,CAR,8475883,1.547,2,15
2025020958,2026-03-02,LAK,8476341,3.340,3,38
2025020958,2026-03-02,COL,8478406,1.515,2,21
2025020959,2026-03-03,BOS,8480280,3.997,1,35
2025020959,2026-03-03,PIT,8479973,2.936,2,28
2025020960,2026-03-03,BUF,8479312,4.607,2,29
2025020960,2026-03-03,VGK,8481033,3.587,3,28
2025020961,2026-03-03,NJD,8474593,2.443,1,21
2025020961,2026-03-03,FLA,8475683,2.780,3,31
2025020962,2026-03-03,WSH,8480313,2.864,3,23
2025020962,2026-03-03,UTA,8478872,3.179,2,25
2025020963,2026-03-03,CBJ,8478007,0.448,0,2
2025020963,2026-03-03,CBJ,8482982,3.037,2,23
2025020963,2026-03-03,NSH,8481020,3.172,3,27
2025020964,2026-03-03,WPG,8476945,1.866,2,19
2025020964,2026-03-03,CHI,8481519,3.153,3,32
2025020965,2026-03-03,CGY,8481692,1.054,4,17
2025020965,2026-03-03,CGY,8482445,2.177,2,18
2025020965,2026-03-03,DAL,8479193,1.747,1,21
2025020966,2026-03-03,EDM,8478971,2.155,4,21
2025020966,2026-03-03,OTT,8476999,4.385,5,37
2025020967,2026-03-03,MIN,8479406,2.314,1,25
2025020967,2026-03-03,TBL,8476883,2.187,4,21
2025020968,2026-03-03,ANA,8480843,3.169,5,26
2025020968,2026-03-03,COL,8475809,3.508,1,28
2025020969,2026-03-03,SJS,8482137,4.086,5,36
2025020969,2026-03-03,MTL,8482487,2.288,6,27
2025020970,2026-03-04,DET,8475660,3.752,4,25
2025020970,2026-03-04,VGK,8478499,3.445,3,26
2025020971,2026-03-04,NJD,8474593,2.859,3,27
2025020971,2026-03-04,TOR,8476932,4.825,3,47
2025020972,2026-03-04,VAN,8480947,2.322,4,22
2025020972,2026-03-04,VAN,8484268,0.673,1,10
2025020972,2026-03-04,CAR,8483548,1.903,4,22
2025020973,2026-03-04,ANA,8478024,4.128,1,43
2025020973,2026-03-04,NYI,8479496,2.818,4,25
2025020974,2026-03-04,SEA,8475831,2.506,3,27
2025020974,2026-03-04,STL,8480981,3.128,2,36
2025020975,2026-03-05,NYR,8478048,3.267,2,32
2025020975,2026-03-05,TOR,8479361,2.646,5,23
2025020976,2026-03-05,PHI,8478435,1.938,2,22
2025020976,2026-03-05,UTA,8477970,1.787,0,16
2025020977,2026-03-05,PIT,8481668,3.194,4,25
2025020977,2026-03-05,BUF,8480045,2.925,1,28
2025020978,2026-03-05,CBJ,8482982,4.211,2,28
2025020978,2026-03-05,FLA,8480193,2.639,3,27
2025020979,2026-03-05,NSH,8477424,2.632,3,23
2025020979,2026-03-05,BOS,8476914,2.887,5,28
2025020980,2026-03-05,WPG,8476945,3.443,1,27
2025020980,2026-03-05,TBL,8476883,3.321,3,29
2025020981,2026-03-05,CGY,8482445,3.709,2,35
2025020981,2026-03-05,OTT,8476999,1.433,1,20
2025020982,2026-03-05,LAK,8475311,3.808,3,35
2025020982,2026-03-05,NYI,8478009,3.410,5,35
2025020983,2026-03-06,DET,8476434,2.163,2,22
2025020983,2026-03-06,FLA,8475683,4.104,1,29
2025020984,2026-03-06,DAL,8479979,3.373,4,29
2025020984,2026-03-06,COL,8475809,2.060,0,10
2025020984,2026-03-06,COL,8478406,1.674,4,11
2025020985,2026-03-06,CHI,8482821,1.795,4,20
2025020985,2026-03-06,VAN,8484268,3.544,3,23
2025020986,2026-03-06,EDM,8477465,3.631,5,31
2025020986,2026-03-06,CAR,8475883,2.318,3,16
2025020987,2026-03-06,ANA,8480843,4.061,5,28
2025020987,2026-03-06,MTL,8478470,3.619,5,33
2025020988,2026-03-06,VGK,8481033,2.576,4,24
2025020988,2026-03-06,MIN,8479406,3.236,2,31
2025020989,2026-03-06,SJS,8477968,2.253,3,14
2025020989,2026-03-06,STL,8476412,2.605,2,25
2025020990,2026-03-07,BOS,8480280,2.772,1,23
2025020990,2026-03-07,WSH,8480313,3.863,2,29
2025020991,2026-03-07,NJD,8474593,2.795,3,20
2025020991,2026-03-07,NYR,8471734,3.294,5,34
2025020992,2026-03-07,BUF,8479312,3.108,2,25
2025020992,2026-03-07,NSH,8477424,2.625,3,24
2025020993,2026-03-07,PIT,8479973,2.238,3,16
2025020993,2026-03-07,PHI,8478435,3.230,3,23
2025020994,2026-03-07,TOR,8476932,3.050,4,32
2025020994,2026-03-07,TBL,8476883,2.632,2,29
2025020995,2026-03-07,CBJ,8478007,2.514,5,25
2025020995,2026-03-07,UTA,8478872,3.321,4,31
2025020996,2026-03-07,WPG,8476945,1.896,2,23
2025020996,2026-03-07,VAN,8480947,3.393,3,36
2025020997,2026-03-07,LAK,8475311,2.389,4,23
2025020997,2026-03-07,MTL,8482487,4.733,3,39
2025020998,2026-03-07,CGY,8481692,3.063,4,29
2025020998,2026-03-07,CAR,8483548,2.411,5,25
2025020999,2026-03-07,SJS,8482137,2.749,2,34
2025020999,2026-03-07,NYI,8478009,3.494,1,31
2025021000,2026-03-07,SEA,8478916,3.405,7,37
2025021000,2026-03-07,OTT,8476999,1.789,4,21
2025021001,2026-03-08,COL,8475809,3.097,2,34
2025021001,2026-03-08,MIN,8482661,5.124,2,36
2025021002,2026-03-08,PIT,8481668,2.245,4,28
2025021002,2026-03-08,BOS,8476914,4.091,5,40
2025021003,2026-03-08,BUF,8480045,3.884,7,29
2025021003,2026-03-08,TBL,8477992,3.967,8,42
2025021004,2026-03-08,DAL,8479193,2.099,3,19
2025021004,2026-03-08,CHI,8482821,3.618,4,31
2025021005,2026-03-08,NJD,8474593,2.813,3,30
2025021005,2026-03-08,DET,8475660,0.519,0,10
2025021005,2026-03-08,DET,8476434,1.890,0,21
2025021006,2026-03-08,ANA,8478024,4.415,3,34
2025021006,2026-03-08,STL,8480981,2.551,0,22
2025021007,2026-03-08,VGK,8478499,2.693,3,18
2025021007,2026-03-08,EDM,8478971,2.703,2,26
2025020828,2026-03-09,CBJ,8482982,3.328,5,31
2025020828,2026-03-09,LAK,8476341,2.081,4,32
2025021008,2026-03-09,PHI,8478435,2.565,6,24
2025021008,2026-03-09,PHI,8481035,0.171,0,3
2025021008,2026-03-09,NYR,8478048,2.769,2,34
2025021009,2026-03-09,WSH,8480313,3.520,3,26
2025021009,2026-03-09,CGY,8482445,3.714,6,28
2025021010,2026-03-09,CHI,8482123,2.380,2,25
2025021010,2026-03-09,UTA,8477970,2.841,3,26
2025021011,2026-03-09,VAN,8480947,3.242,1,23
2025021011,2026-03-09,OTT,8473503,1.417,0,16
2025021012,2026-03-10,BOS,8480280,2.177,1,16
2025021012,2026-03-10,LAK,8475311,3.238,2,23
2025021013,2026-03-10,BUF,8479312,2.457,3,20
2025021013,2026-03-10,SJS,8482137,2.856,5,25
2025021014,2026-03-10,MTL,8482487,2.147,1,18
2025021014,2026-03-10,TOR,8479361,4.767,2,32
2025021015,2026-03-10,TBL,8476883,4.424,4,31
2025021015,2026-03-10,CBJ,8478007,1.754,2,18
2025021016,2026-03-10,FLA,8480193,3.336,3,28
2025021016,2026-03-10,DET,8476434,3.218,4,28
2025021017,2026-03-10,NYR,8471734,2.291,0,21
2025021017,2026-03-10,CGY,8481692,3.210,4,29
2025021018,2026-03-10,CAR,8475883,4.792,4,28
2025021018,2026-03-10,PIT,8479973,6.324,4,44
2025021019,2026-03-10,STL,8480981,4.894,4,50
2025021019,2026-03-10,NYI,8478009,2.457,3,23
2025021020,2026-03-10,DAL,8479979,2.328,1,27
2025021020,2026-03-10,VGK,8478499,2.803,2,16
2025021021,2026-03-10,MIN,8479406,2.742,0,25
2025021021,2026-03-10,UTA,8478872,3.225,5,30
2025021022,2026-03-10,WPG,8476945,2.997,3,34
2025021022,2026-03-10,ANA,8480843,2.090,1,13
2025021023,2026-03-10,COL,8478406,3.010,4,24
2025021023,2026-03-10,EDM,8477465,1.569,1,12
2025021023,2026-03-10,EDM,8478971,1.777,2,18
2025021024,2026-03-10,SEA,8478916,2.262,3,26
2025021024,2026-03-10,NSH,8477424,4.391,2,45
2025021025,2026-03-11,OTT,8476999,2.742,3,23
2025021025,2026-03-11,MTL,8484170,3.096,2,34
2025021026,2026-03-11,PHI,8481035,3.558,1,23
2025021026,2026-03-11,WSH,8480313,2.325,3,21
2025021027,2026-03-12,BOS,8480280,3.118,4,28
2025021027,2026-03-12,SJS,8477968,3.994,2,41
2025021028,2026-03-12,BUF,8480045,2.822,2,22
2025021028,2026-03-12,WSH,8479292,3.330,1,30
2025021029,2026-03-12,TOR,8479361,4.557,4,40
2025021029,2026-03-12,ANA,8480843,3.094,5,27
2025021030,2026-03-12,TBL,8476883,2.560,1,25
2025021030,2026-03-12,DET,8476434,3.311,3,28
2025021031,2026-03-12,FLA,8475683,3.936,1,31
2025021031,2026-03-12,CBJ,8478007,3.225,2,21
2025021032,2026-03-12,NJD,8474593,2.256,5,29
2025021032,2026-03-12,CGY,8481692,4.526,4,32
2025021033,2026-03-12,CAR,8483548,1.510,2,16
2025021033,2026-03-12,STL,8476412,4.010,1,32
2025021034,2026-03-12,DAL,8479979,3.574,2,32
2025021034,2026-03-12,EDM,8477465,3.068,7,27
2025021035,2026-03-12,MIN,8482661,2.305,2,27
2025021035,2026-03-12,PHI,8478435,2.775,2,23
2025021036,2026-03-12,WPG,8476945,1.601,5,16
2025021036,2026-03-12,NYR,8478048,2.706,3,26
2025021037,2026-03-12,UTA,8478872,2.400,3,23
2025021037,2026-03-12,CHI,8481519,5.170,2,31
2025021038,2026-03-12,VAN,8484268,2.059,3,19
2025021038,2026-03-12,NSH,8477424,4.499,3,27
2025021039,2026-03-12,VGK,8478499,2.513,2,26
2025021039,2026-03-12,PIT,8481668,1.668,5,16
2025021040,2026-03-12,SEA,8475831,1.373,2,11
2025021040,2026-03-12,SEA,8478916,1.500,3,15
2025021040,2026-03-12,COL,8475809,2.431,1,29
2025021041,2026-03-13,NYI,8478009,3.347,3,27
2025021041,2026-03-13,LAK,8475311,2.770,2,23
2025021042,2026-03-13,STL,8480981,3.588,2,38
2025021042,2026-03-13,EDM,8478971,2.879,3,25
2025021043,2026-03-14,OTT,8476999,4.015,0,24
2025021043,2026-03-14,ANA,8478024,3.664,2,28
2025021044,2026-03-14,WSH,8480313,3.743,2,34
2025021044,2026-03-14,BOS,8480280,3.005,2,28
2025021045,2026-03-14,WPG,8476945,3.459,1,29
2025021045,2026-03-14,COL,8478406,1.111,2,18
2025021046,2026-03-14,MIN,8479406,1.985,4,18
2025021046,2026-03-14,NYR,8478048,4.929,2,48
2025021047,2026-03-14,BUF,8479312,1.997,2,18
2025021047,2026-03-14,TOR,8479361,4.142,2,33
2025021048,2026-03-14,MTL,8482487,3.433,3,21
2025021048,2026-03-14,SJS,8477968,3.826,2,27
2025021049,2026-03-14,TBL,8476883,3.531,3,34
2025021049,2026-03-14,CAR,8475883,2.612,2,19
2025021050,2026-03-14,NJD,8474596,3.723,4,31
2025021050,2026-03-14,LAK,8476341,2.901,5,27
2025021051,2026-03-14,NYI,8479496,2.899,2,32
2025021051,2026-03-14,CGY,8481692,1.428,0,17
2025021051,2026-03-14,CGY,8482445,1.853,3,10
2025021052,2026-03-14,PHI,8478435,2.474,1,28
2025021052,2026-03-14,CBJ,8482982,2.404,1,19
2025021053,2026-03-14,DAL,8479979,2.939,2,24
2025021053,2026-03-14,DET,8476434,3.015,3,24
2025021054,2026-03-14,UTA,8478872,2.513,4,23
2025021054,2026-03-14,PIT,8479973,3.779,3,29
2025021055,2026-03-14,VAN,8484268,2.507,5,33
2025021055,2026-03-14,SEA,8475831,3.109,2,34
2025021056,2026-03-14,VGK,8478499,2.040,0,21
2025021056,2026-03-14,CHI,8481519,3.647,4,32
2025021057,2026-03-15,WPG,8477480,3.338,2,31
2025021057,2026-03-15,STL,8476412,2.042,3,16
2025021058,2026-03-15,OTT,8476999,2.262,4,23
2025021058,2026-03-15,SJS,8476316,3.266,6,24
2025021059,2026-03-15,MTL,8484170,3.710,4,28
2025021059,2026-03-15,ANA,8480843,3.902,3,30
2025021060,2026-03-15,MIN,8482661,1.867,3,25
2025021060,2026-03-15,TOR,8476932,3.459,2,38
2025021061,2026-03-15,EDM,8478971,3.324,1,27
2025021061,2026-03-15,NSH,8481020,3.632,2,29
2025021062,2026-03-15,SEA,8478916,3.213,2,25
2025021062,2026-03-15,FLA,8480193,2.698,6,25
2025021063,2026-03-16,DET,8476434,2.362,2,27
2025021063,2026-03-16,CGY,8481692,3.227,4,24
2025021064,2026-03-16,NJD,8474593,2.399,3,22
2025021064,2026-03-16,BOS,8476914,3.692,4,34
2025021065,2026-03-16,NYR,8478048,2.887,3,25
2025021065,2026-03-16,LAK,8475311,2.023,1,22
2025021066,2026-03-16,DAL,8479193,1.998,5,21
2025021066,2026-03-16,UTA,8477970,3.718,3,30
2025021067,2026-03-16,COL,8475809,0.602,3,5
2025021067,2026-03-16,COL,8478406,1.605,4,15
2025021067,2026-03-16,PIT,8481668,3.566,2,27
2025021068,2026-03-17,TOR,8479361,3.947,3,34
2025021068,2026-03-17,NYI,8478009,3.313,1,27
2025021069,2026-03-17,MTL,8482487,3.867,2,28
2025021069,2026-03-17,BOS,8480280,5.354,3,31
2025021070,2026-03-17,CBJ,8482982,2.592,1,29
2025021070,2026-03-17,CAR,8483548,2.643,5,30
2025021071,2026-03-17,WPG,8476945,2.368,3,23
2025021071,2026-03-17,NSH,8477424,4.726,3,39
2025021072,2026-03-17,CHI,8481519,4.055,4,37
2025021072,2026-03-17,MIN,8479406,2.802,3,24
2025021072,2026-03-17,MIN,8482661,0.311,0,2
2025021073,2026-03-17,EDM,8478971,3.533,3,30
2025021073,2026-03-17,SJS,8477968,3.372,5,37
2025021074,2026-03-17,VAN,8480947,4.458,2,23
2025021074,2026-03-17,FLA,8475683,3.017,5,22
2025021075,2026-03-17,VGK,8478499,2.126,1,24
2025021075,2026-03-17,BUF,8480045,3.272,0,29
2025021076,2026-03-17,SEA,8475831,2.201,5,25
2025021076,2026-03-17,TBL,8476883,1.566,2,18
2025021077,2026-03-18,NYR,8471734,4.054,6,39
2025021077,2026-03-18,NJD,8474593,1.806,3,18
2025021078,2026-03-18,CAR,8475883,4.086,5,35
2025021078,2026-03-18,PIT,8479973,4.707,6,44
2025021079,2026-03-18,WSH,8480313,4.538,1,35
2025021079,2026-03-18,OTT,8476999,3.276,2,23
2025021080,2026-03-18,COL,8475809,2.718,1,18
2025021080,2026-03-18,DAL,8479979,3.664,1,34
2025021081,2026-03-18,CGY,8482445,2.651,1,26
2025021081,2026-03-18,STL,8480981,3.099,1,31
2025021082,2026-03-18,ANA,8480843,5.093,3,28
2025021082,2026-03-18,PHI,8478435,3.411,2,36
2025021083,2026-03-19,BOS,8480280,3.434,1,24
2025021083,2026-03-19,WPG,8476945,2.995,6,27
2025021084,2026-03-19,OTT,8473503,1.907,2,19
2025021084,2026-03-19,NYI,8478009,3.413,3,27
2025021085,2026-03-19,DET,8476434,3.619,1,33
2025021085,2026-03-19,MTL,8482487,2.777,2,27
2025021086,2026-03-19,CBJ,8482982,2.188,3,25
2025021086,2026-03-19,NYR,8478048,4.139,5,36
2025021087,2026-03-19,NSH,8481020,2.862,1,26
2025021087,2026-03-19,SEA,8478916,3.577,2,27
2025021088,2026-03-19,MIN,8482661,2.440,2,26
2025021088,2026-03-19,CHI,8481519,2.386,1,29
2025021089,2026-03-19,EDM,8478971,2.571,4,23
2025021089,2026-03-19,FLA,8475683,2.411,0,21
2025021090,2026-03-19,VAN,8480947,3.421,6,31
2025021090,2026-03-19,TBL,8476883,2.017,2,21
2025021091,2026-03-19,VGK,8478499,0.468,3,3
2025021091,2026-03-19,VGK,8481033,1.467,0,14
2025021091,2026-03-19,UTA,8478872,4.273,0,28
2025021092,2026-03-19,SJS,8477968,2.127,5,16
2025021092,2026-03-19,BUF,8479312,2.374,0,23
2025021093,2026-03-19,LAK,8475311,2.302,3,20
2025021093,2026-03-19,PHI,8481035,2.335,3,25
2025021094,2026-03-20,TOR,8479361,4.326,4,36
2025021094,2026-03-20,CAR,8483548,2.005,3,26
2025021095,2026-03-20,WSH,8480313,3.210,1,31
2025021095,2026-03-20,NJD,8474596,3.086,1,27
2025021096,2026-03-20,CHI,8482821,4.488,4,49
2025021096,2026-03-20,COL,8478406,2.419,1,20
2025021097,2026-03-20,CGY,8481692,2.070,1,25
2025021097,2026-03-20,FLA,8480193,3.337,4,36
2025021098,2026-03-20,UTA,8477970,2.175,2,22
2025021098,2026-03-20,ANA,8480843,3.851,1,30
2025021099,2026-03-21,PIT,8481668,2.887,4,25
2025021099,2026-03-21,WPG,8476945,3.414,4,32
2025021100,2026-03-21,NSH,8481020,4.205,1,40
2025021100,2026-03-21,VGK,8481033,2.672,4,20
2025021101,2026-03-21,MIN,8479406,3.031,1,30
2025021101,2026-03-21,DAL,8479979,2.962,2,28
2025021102,2026-03-21,LAK,8476341,2.041,3,33
2025021102,2026-03-21,BUF,8480045,2.243,1,27
2025021103,2026-03-21,SJS,8477968,3.994,2,26
2025021103,2026-03-21,PHI,8478435,2.476,1,25
2025021104,2026-03-21,CBJ,8478007,2.341,2,17
2025021104,2026-03-21,SEA,8478916,2.580,4,27
2025021105,2026-03-21,MTL,8484170,2.337,3,22
2025021105,2026-03-21,NYI,8478009,4.072,6,32
2025021105,2026-03-21,NYI,8479496,0.252,1,4
2025021106,2026-03-21,OTT,8476999,1.775,2,14
2025021106,2026-03-21,TOR,8479361,4.587,5,44
2025021107,2026-03-21,VAN,8480947,2.806,2,20
2025021107,2026-03-21,STL,8476412,2.014,1,15
2025021108,2026-03-21,DET,8476434,3.076,3,26
2025021108,2026-03-21,BOS,8480280,3.997,2,44
2025021109,2026-03-21,EDM,8478971,2.741,4,27
2025021109,2026-03-21,TBL,8476883,2.317,2,28
2025021110,2026-03-22,NYR,8482193,3.636,2,37
2025021110,2026-03-22,WPG,8477480,3.331,2,29
2025021111,2026-03-22,WSH,8480313,2.694,3,24
2025021111,2026-03-22,COL,8478406,2.887,2,22
2025021112,2026-03-22,PIT,8479973,3.968,4,25
2025021112,2026-03-22,CAR,8475883,2.783,1,19
2025021113,2026-03-22,CHI,8481519,4.264,3,33
2025021113,2026-03-22,NSH,8477424,3.051,2,29
2025021114,2026-03-22,NYI,8478009,1.998,0,26
2025021114,2026-03-22,CBJ,8482982,2.270,1,22
2025021115,2026-03-22,DAL,8479193,3.895,3,33
2025021115,2026-03-22,VGK,8478499,2.014,2,15
2025021116,2026-03-22,CGY,8482445,3.160,3,35
2025021116,2026-03-22,TBL,8477992,2.377,4,29
2025021117,2026-03-22,ANA,8478024,3.361,5,29
2025021117,2026-03-22,BUF,8479312,4.604,6,33
2025021118,2026-03-22,UTA,8478872,3.655,3,36
2025021118,2026-03-22,LAK,8475311,3.235,4,34
2025021119,2026-03-23,NYR,8478048,2.946,2,33
2025021119,2026-03-23,OTT,8473503,1.372,1,10
2025021120,2026-03-24,BOS,8480280,4.745,3,34
2025021120,2026-03-24,TOR,8476932,2.941,2,20
2025021121,2026-03-24,MTL,8482487,4.464,2,43
2025021121,2026-03-24,CAR,8475883,2.871,4,18
2025021122,2026-03-24,DET,8476434,2.503,3,21
2025021122,2026-03-24,OTT,8476999,3.165,2,35
2025021123,2026-03-24,FLA,8475683,2.807,4,27
2025021123,2026-03-24,SEA,8478916,3.218,4,25
2025021124,2026-03-24,NYI,8478009,0.874,1,12
2025021124,2026-03-24,NYI,8479496,1.302,3,12
2025021124,2026-03-24,CHI,8482821,5.486,3,47
2025021125,2026-03-24,PHI,8478435,1.808,3,19
2025021125,2026-03-24,CBJ,8482982,3.302,2,26
2025021126,2026-03-24,PIT,8481668,1.810,5,29
2025021126,2026-03-24,COL,8475809,3.360,2,32
2025021127,2026-03-24,TBL,8476883,2.386,3,24
2025021127,2026-03-24,MIN,8479406,3.315,4,24
2025021128,2026-03-24,STL,8480981,2.414,0,21
2025021128,2026-03-24,WSH,8480313,2.872,2,26
2025021129,2026-03-24,NSH,8477424,3.011,3,30
2025021129,2026-03-24,SJS,8477968,2.020,6,19
2025021130,2026-03-24,DAL,8479193,1.957,1,16
2025021130,2026-03-24,DAL,8479979,1.507,4,8
2025021130,2026-03-24,NJD,8474596,2.547,4,27
2025021131,2026-03-24,WPG,8476945,3.503,1,27
2025021131,2026-03-24,VGK,8478499,1.954,3,20
2025021132,2026-03-24,UTA,8477970,0.571,0,10
2025021132,2026-03-24,UTA,8478872,1.825,4,15
2025021132,2026-03-24,EDM,8477465,2.120,2,18
2025021133,2026-03-24,CGY,8481692,2.524,2,25
2025021133,2026-03-24,LAK,8475311,2.628,2,23
2025021134,2026-03-24,VAN,8480947,3.833,4,33
2025021134,2026-03-24,ANA,8480843,3.936,3,30
2025021135,2026-03-25,BUF,8480045,2.233,4,31
2025021135,2026-03-25,BOS,8476914,2.735,3,25
2025021136,2026-03-25,TOR,8479361,3.884,3,43
2025021136,2026-03-25,NYR,8478048,1.781,4,18
2025021137,2026-03-26,MTL,8482487,3.481,1,26
2025021137,2026-03-26,CBJ,8482982,2.087,2,20
2025021138,2026-03-26,OTT,8476999,4.791,3,40
2025021138,2026-03-26,PIT,8479973,3.777,3,29
2025021139,2026-03-26,TBL,8476883,1.835,4,20
2025021139,2026-03-26,SEA,8475831,2.987,3,33
2025021140,2026-03-26,FLA,8480193,4.988,3,50
2025021140,2026-03-26,MIN,8482661,2.167,2,20
2025021141,2026-03-26,NYI,8478009,3.294,1,27
2025021141,2026-03-26,DAL,8479979,3.451,2,25
2025021142,2026-03-26,PHI,8481035,2.038,1,26
2025021142,2026-03-26,CHI,8481519,5.587,5,42
2025021143,2026-03-26,STL,8480981,2.490,1,25
2025021143,2026-03-26,SJS,8477968,1.165,2,12
2025021143,2026-03-26,SJS,8482137,0.963,0,11
2025021144,2026-03-26,NSH,8481020,2.840,3,29
2025021144,2026-03-26,NJD,8474593,2.168,2,17
2025021145,2026-03-26,WPG,8476945,4.434,3,35
2025021145,2026-03-26,COL,8478406,2.228,2,24
2025021146,2026-03-26,UTA,8477970,2.568,6,23
2025021146,2026-03-26,UTA,8478872,0.018,0,1
2025021146,2026-03-26,WSH,8480313,5.261,4,40
2025021147,2026-03-26,CGY,8482445,3.155,3,33
2025021147,2026-03-26,ANA,8478024,2.400,2,25
2025021148,2026-03-26,VGK,8478499,2.795,4,29
2025021148,2026-03-26,EDM,8478971,2.860,3,29
2025021149,2026-03-26,VAN,8480947,3.055,3,37
2025021149,2026-03-26,LAK,8475311,1.921,0,19
2025021150,2026-03-27,BUF,8479312,2.524,4,19
2025021150,2026-03-27,DET,8476434,3.718,2,30
2025021151,2026-03-27,NYR,8482193,2.516,1,28
2025021151,2026-03-27,CHI,8482821,4.491,6,38
2025021152,2026-03-28,TBL,8476883,3.289,2,28
2025021152,2026-03-28,OTT,8473503,3.149,4,27
2025021153,2026-03-28,NYI,8478009,3.002,2,21
2025021153,2026-03-28,FLA,8480193,4.350,5,40
2025021154,2026-03-28,EDM,8478971,3.109,2,33
2025021154,2026-03-28,ANA,8480843,3.801,3,33
2025021155,2026-03-28,BOS,8480280,3.854,3,34
2025021155,2026-03-28,MIN,8479406,2.561,5,30
2025021156,2026-03-28,PIT,8479973,2.575,4,24
2025021156,2026-03-28,DAL,8479979,2.306,3,12
2025021157,2026-03-28,CAR,8483548,1.917,2,19
2025021157,2026-03-28,NJD,8474593,3.941,4,33
2025021158,2026-03-28,CBJ,8478007,3.925,3,36
2025021158,2026-03-28,SJS,8477968,2.435,2,24
2025021159,2026-03-28,BUF,8480045,3.468,2,34
2025021159,2026-03-28,SEA,8475831,4.008,2,36
2025021160,2026-03-28,STL,8476412,1.600,1,13
2025021160,2026-03-28,TOR,8479361,3.285,5,38
2025021161,2026-03-28,NSH,8477424,3.598,4,32
2025021161,2026-03-28,MTL,8484170,2.205,1,24
2025021162,2026-03-28,COL,8478406,1.759,3,20
2025021162,2026-03-28,WPG,8476945,1.692,2,23
2025021163,2026-03-28,DET,8475660,0.351,0,4
2025021163,2026-03-28,DET,8476434,2.593,4,21
2025021163,2026-03-28,PHI,8478435,2.990,3,35
2025021164,2026-03-28,LAK,8475311,2.048,5,16
2025021164,2026-03-28,LAK,8476341,0.875,0,11
2025021164,2026-03-28,UTA,8478872,2.593,2,31
2025021165,2026-03-28,CGY,8481692,3.359,3,34
2025021165,2026-03-28,VAN,8480947,1.175,3,12
2025021165,2026-03-28,VAN,8484268,0.844,4,11
2025021166,2026-03-28,VGK,8478499,2.297,4,22
2025021166,2026-03-28,WSH,8480313,3.244,4,29
2025021167,2026-03-29,NYR,8478048,3.191,1,27
2025021167,2026-03-29,FLA,8475683,1.902,2,21
2025021168,2026-03-29,TBL,8477992,3.056,2,31
2025021168,2026-03-29,NSH,8481020,3.761,3,28
2025021169,2026-03-29,CAR,8475883,2.789,3,18
2025021169,2026-03-29,MTL,8482487,4.637,1,35
2025021170,2026-03-29,CBJ,8482982,5.976,3,39
2025021170,2026-03-29,BOS,8480280,2.494,3,25
2025021171,2026-03-29,NJD,8474596,4.003,3,31
2025021171,2026-03-29,CHI,8481519,5.379,4,39
2025021172,2026-03-29,PHI,8481035,2.609,1,18
2025021172,2026-03-29,DAL,8479193,3.451,2,30
2025021173,2026-03-30,NYI,8478009,3.872,7,29
2025021173,2026-03-30,NYI,8479496,0.609,1,3
2025021173,2026-03-30,PIT,8481668,2.348,3,23
2025021174,2026-03-30,COL,8475809,3.471,2,29
2025021174,2026-03-30,CGY,8481692,1.779,4,16
2025021174,2026-03-30,CGY,8482445,3.439,5,33
2025021175,2026-03-30,VGK,8478499,1.793,2,24
2025021175,2026-03-30,VAN,8480947,3.157,3,33
2025021176,2026-03-30,ANA,8478024,4.102,5,29
2025021176,2026-03-30,TOR,8476932,4.456,4,32
2025021177,2026-03-30,SJS,8482137,2.225,4,26
2025021177,2026-03-30,STL,8480981,2.714,5,29
2025021178,2026-03-31,BOS,8476914,2.450,3,16
2025021178,2026-03-31,DAL,8479979,3.274,4,22
2025021179,2026-03-31,BUF,8480045,2.361,3,28
2025021179,2026-03-31,NYI,8478009,3.853,3,32
2025021180,2026-03-31,TBL,8476883,2.169,2,21
2025021180,2026-03-31,MTL,8482487,3.904,1,37
2025021181,2026-03-31,FLA,8480193,3.055,3,26
2025021181,2026-03-31,OTT,8473503,2.249,1,13
2025021181,2026-03-31,OTT,8476999,2.762,5,16
2025021182,2026-03-31,NYR,8478048,3.067,1,23
2025021182,2026-03-31,NJD,8474593,3.551,4,23
2025021183,2026-03-31,PIT,8479973,2.809,1,23
2025021183,2026-03-31,DET,8475660,2.723,2,18
2025021183,2026-03-31,DET,8476434,1.479,3,14
2025021184,2026-03-31,WSH,8480313,3.364,4,24
2025021184,2026-03-31,PHI,8478435,2.068,5,17
2025021185,2026-03-31,CBJ,8482982,3.679,4,32
2025021185,2026-03-31,CAR,8483548,2.802,2,25
2025021186,2026-03-31,CHI,8481519,2.489,4,24
2025021186,2026-03-31,WPG,8476945,2.064,3,21
2025021187,2026-03-31,EDM,8478971,2.352,0,27
2025021187,2026-03-31,SEA,8475831,2.242,2,23
2025021188,2026-04-01,COL,8475809,1.017,1,6
2025021188,2026-04-01,COL,8478406,2.102,6,19
2025021188,2026-04-01,VAN,8480947,2.952,6,30
2025021189,2026-04-01,LAK,8476341,2.822,1,24
2025021189,2026-04-01,STL,8476412,2.769,2,26
2025021190,2026-04-01,SJS,8482137,2.887,3,31
2025021190,2026-04-01,ANA,8480843,2.520,4,21
2025021191,2026-04-02,OTT,8476999,2.093,1,22
2025021191,2026-04-02,BUF,8480045,2.209,2,22
2025021192,2026-04-02,TBL,8476883,2.156,3,24
2025021192,2026-04-02,PIT,8479973,3.841,5,32
2025021193,2026-04-02,FLA,8475683,3.548,1,29
2025021193,2026-04-02,BOS,8480280,3.254,2,24
2025021194,2026-04-02,NJD,8474596,3.299,3,32
2025021194,2026-04-02,WSH,8480313,2.532,6,29
2025021195,2026-04-02,NYR,8478048,2.482,3,25
2025021195,2026-04-02,MTL,8484170,3.004,2,24
2025021196,2026-04-02,PHI,8481035,1.975,4,19
2025021196,2026-04-02,DET,8476434,4.088,2,34
2025021197,2026-04-02,CAR,8475883,1.887,1,10
2025021197,2026-04-02,CBJ,8478007,2.529,5,21
2025021198,2026-04-02,DAL,8479979,2.628,0,22
2025021198,2026-04-02,WPG,8476945,2.481,3,21
2025021199,2026-04-02,MIN,8479406,2.913,2,33
2025021199,2026-04-02,VAN,8484268,3.641,4,38
2025021200,2026-04-02,EDM,8477465,2.999,1,18
2025021200,2026-04-02,CHI,8481519,4.356,1,33
2025021200,2026-04-02,CHI,8482821,0.393,1,5
2025021201,2026-04-02,VGK,8479394,1.929,3,22
2025021201,2026-04-02,CGY,8481692,3.075,6,34
2025021202,2026-04-02,SJS,8477968,2.574,1,20
2025021202,2026-04-02,TOR,8476932,2.287,3,24
2025021203,2026-04-02,SEA,8478916,3.593,6,31
2025021203,2026-04-02,UTA,8478872,2.327,2,27
2025021204,2026-04-02,LAK,8475311,3.998,4,34
2025021204,2026-04-02,NSH,8477424,2.856,4,33
2025021205,2026-04-03,NYI,8478009,2.451,4,21
2025021205,2026-04-03,PHI,8478435,2.442,1,22
2025021206,2026-04-03,ANA,8480843,3.357,6,29
2025021206,2026-04-03,STL,8480981,3.530,2,27
2025021207,2026-04-04,NYR,8471734,3.572,1,33
2025021207,2026-04-04,DET,8476434,2.307,3,19
2025021208,2026-04-04,OTT,8476999,2.358,4,23
2025021208,2026-04-04,MIN,8482661,2.227,1,34
2025021209,2026-04-04,DAL,8479193,2.060,1,21
2025021209,2026-04-04,COL,8475809,2.362,0,17
2025021210,2026-04-04,TBL,8476883,2.804,1,22
2025021210,2026-04-04,BOS,8480280,2.246,2,22
2025021211,2026-04-04,PIT,8481668,1.615,4,23
2025021211,2026-04-04,FLA,8475683,2.194,6,19
2025021211,2026-04-04,FLA,8480193,1.128,3,12
2025021212,2026-04-04,NJD,8474596,3.788,3,29
2025021212,2026-04-04,MTL,8482487,4.128,3,38
2025021213,2026-04-04,WSH,8480313,3.838,2,39
2025021213,2026-04-04,BUF,8479312,0.698,3,5
2025021213,2026-04-04,BUF,8481551,2.293,3,23
2025021214,2026-04-04,CAR,8483548,2.224,3,16
2025021214,2026-04-04,NYI,8478009,4.227,4,40
2025021215,2026-04-04,CBJ,8482982,2.077,2,26
2025021215,2026-04-04,WPG,8476945,2.511,1,16
2025021216,2026-04-04,VAN,8484268,2.136,6,24
2025021216,2026-04-04,UTA,8478872,1.754,4,23
2025021217,2026-04-04,LAK,8475311,2.231,6,20
2025021217,2026-04-04,TOR,8479361,4.839,7,40
2025021218,2026-04-04,EDM,8478971,2.715,5,33
2025021218,2026-04-04,VGK,8479394,3.254,1,32
2025021219,2026-04-04,ANA,8478024,2.721,4,19
2025021219,2026-04-04,CGY,8482445,3.999,3,39
2025021220,2026-04-04,SJS,8482137,2.532,5,33
2025021220,2026-04-04,NSH,8477424,2.519,3,27
2025021221,2026-04-04,SEA,8475831,3.260,3,30
2025021221,2026-04-04,CHI,8482821,2.363,2,27
2025021222,2026-04-05,DET,8475660,2.410,5,20
2025021222,2026-04-05,MIN,8479406,2.667,4,24
2025021223,2026-04-05,PIT,8481668,3.722,2,31
2025021223,2026-04-05,FLA,8480193,3.603,5,23
2025021224,2026-04-05,PHI,8478435,1.902,1,19
2025021224,2026-04-05,BOS,8476914,3.208,2,31
2025021225,2026-04-05,OTT,8476999,2.388,3,28
2025021225,2026-04-05,CAR,8475883,4.354,5,30
2025021226,2026-04-05,MTL,8484170,3.211,2,19
2025021226,2026-04-05,NJD,8474593,2.726,0,18
2025021227,2026-04-05,NYR,8478048,1.990,1,21
2025021227,2026-04-05,WSH,8479292,3.876,8,33
2025021228,2026-04-05,COL,8478406,4.490,3,29
2025021228,2026-04-05,STL,8480981,3.069,2,28
2025021229,2026-04-06,BUF,8480045,2.601,2,25
2025021229,2026-04-06,TBL,8476883,3.077,3,29
2025021230,2026-04-06,WPG,8476945,2.986,2,24
2025021230,2026-04-06,SEA,8475831,2.231,3,18
2025021230,2026-04-06,SEA,8478916,1.274,2,12
2025021231,2026-04-06,SJS,8477968,3.253,2,29
2025021231,2026-04-06,CHI,8481519,2.293,3,23
2025021232,2026-04-06,LAK,8476341,3.056,2,31
2025021232,2026-04-06,NSH,8477424,2.370,2,28
2025021233,2026-04-07,MTL,8482487,4.531,3,33
2025021233,2026-04-07,FLA,8480193,4.553,3,32
2025021234,2026-04-07,OTT,8476999,2.237,2,30
2025021234,2026-04-07,TBL,8477992,3.828,5,31
2025021235,2026-04-07,DET,8476434,3.499,3,35
2025021235,2026-04-07,CBJ,8482982,3.390,3,37
2025021236,2026-04-07,NJD,8474593,1.627,4,19
2025021236,2026-04-07,PHI,8478435,3.099,1,24
2025021237,2026-04-07,CAR,8483548,2.011,5,21
2025021237,2026-04-07,BOS,8476914,2.205,1,17
2025021237,2026-04-07,BOS,8480280,2.765,5,24
2025021238,2026-04-07,STL,8480981,2.977,3,37
2025021238,2026-04-07,COL,8475809,2.310,1,19
2025021239,2026-04-07,DAL,8479979,2.225,3,20
2025021239,2026-04-07,CGY,8482445,5.569,4,25
2025021240,2026-04-07,MIN,8482661,2.519,2,27
2025021240,2026-04-07,SEA,8478916,2.480,4,28
2025021241,2026-04-07,UTA,8478872,2.886,5,26
2025021241,2026-04-07,EDM,8477465,4.331,6,31
2025021242,2026-04-07,VAN,8484268,3.730,2,29
2025021242,2026-04-07,VGK,8479394,1.728,1,11
2025021243,2026-04-07,ANA,8480843,3.337,5,25
2025021243,2026-04-07,NSH,8481020,5.344,0,43
2025021244,2026-04-08,NYR,8478048,3.116,4,26
2025021244,2026-04-08,BUF,8480045,2.059,3,20
2025021245,2026-04-08,TOR,8476932,0.271,0,2
2025021245,2026-04-08,TOR,8479361,2.075,3,17
2025021245,2026-04-08,WSH,8480313,2.327,0,22
2025021246,2026-04-08,SJS,8477968,2.392,5,26
2025021246,2026-04-08,EDM,8477465,0.302,0,4
2025021246,2026-04-08,EDM,8478971,1.589,2,10
2025021247,2026-04-09,BUF,8481551,3.522,0,37
2025021247,2026-04-09,CBJ,8482982,1.838,4,23
2025021248,2026-04-09,MTL,8482487,2.001,1,18
2025021248,2026-04-09,TBL,8476883,3.508,2,21
2025021249,2026-04-09,OTT,8476999,1.910,1,23
2025021249,2026-04-09,FLA,8475683,3.003,4,25
2025021250,2026-04-09,DET,8475660,1.029,1,12
2025021250,2026-04-09,DET,8476434,1.709,2,15
2025021250,2026-04-09,PHI,8478435,1.155,4,8
2025021250,2026-04-09,PHI,8481035,0.775,2,14
2025021251,2026-04-09,NJD,8474596,3.112,4,29
2025021251,2026-04-09,PIT,8479973,1.945,2,21
2025021252,2026-04-09,NYI,8478009,2.249,3,16
2025021252,2026-04-09,TOR,8482515,6.132,5,44
2025021253,2026-04-09,STL,8476412,2.752,3,34
2025021253,2026-04-09,WPG,8476945,2.792,2,22
2025021254,2026-04-09,DAL,8479979,2.977,4,31
2025021254,2026-04-09,MIN,8479406,1.906,5,20
2025021255,2026-04-09,CHI,8481519,2.350,7,22
2025021255,2026-04-09,CAR,8475883,1.934,2,25
2025021256,2026-04-09,COL,8478406,2.545,1,29
2025021256,2026-04-09,CGY,8481692,4.294,2,40
2025021257,2026-04-09,UTA,8478872,3.598,1,30
2025021257,2026-04-09,NSH,8477424,2.839,4,27
2025021258,2026-04-09,ANA,8480843,1.448,1,19
2025021258,2026-04-09,SJS,8482137,2.755,6,30
2025021259,2026-04-09,SEA,8478916,3.045,3,35
2025021259,2026-04-09,VGK,8478499,3.096,3,33
2025021260,2026-04-09,LAK,8476341,2.556,1,25
2025021260,2026-04-09,VAN,8484268,2.218,4,26
2025021261,2026-04-11,BOS,8480280,2.543,2,24
2025021261,2026-04-11,TBL,8476883,2.160,1,21
2025021262,2026-04-11,NYI,8478009,1.644,2,15
2025021262,2026-04-11,OTT,8476999,2.958,0,23
2025021263,2026-04-11,PIT,8481668,2.660,5,31
2025021263,2026-04-11,WSH,8480313,1.886,3,11
2025021264,2026-04-11,LAK,8476341,2.674,0,27
2025021264,2026-04-11,EDM,8478971,2.223,1,21
2025021265,2026-04-11,DET,8476434,3.677,4,32
2025021265,2026-04-11,NJD,8474596,3.276,3,28
2025021266,2026-04-11,CHI,8482821,2.940,5,28
2025021266,2026-04-11,STL,8480981,3.304,3,34
2025021267,2026-04-11,NSH,8481020,2.948,1,22
2025021267,2026-04-11,MIN,8482661,1.968,2,22
2025021268,2026-04-11,DAL,8479979,2.395,0,22
2025021268,2026-04-11,NYR,8478048,2.377,1,18
2025021269,2026-04-11,UTA,8478872,3.212,3,28
2025021269,2026-04-11,CAR,8475883,3.844,1,27
2025021270,2026-04-11,TOR,8479361,2.246,4,23
2025021270,2026-04-11,FLA,8480193,2.444,2,19
2025021271,2026-04-11,MTL,8482487,4.736,5,33
2025021271,2026-04-11,CBJ,8482982,2.856,2,22
2025021272,2026-04-11,WPG,8476945,1.624,5,20
2025021272,2026-04-11,WPG,8477480,0.733,2,3
2025021272,2026-04-11,PHI,8478435,2.848,1,28
2025021273,2026-04-11,SEA,8483668,1.628,1,27
2025021273,2026-04-11,CGY,8482445,2.684,3,20
2025021274,2026-04-11,COL,8478406,3.810,3,29
2025021274,2026-04-11,VGK,8479394,3.610,2,32
2025021275,2026-04-11,SJS,8482137,3.110,3,41
2025021275,2026-04-11,VAN,8480947,2.864,3,32
2025021276,2026-04-12,WSH,8480313,3.880,0,24
2025021276,2026-04-12,PIT,8479973,3.474,2,26
2025021277,2026-04-12,NYI,8478009,2.988,4,22
2025021277,2026-04-12,MTL,8484170,4.004,1,33
2025021278,2026-04-12,CBJ,8482982,2.257,3,22
2025021278,2026-04-12,BOS,8476914,4.049,2,35
2025021279,2026-04-12,NJD,8482076,3.615,3,30
2025021279,2026-04-12,OTT,8473503,4.750,4,30
2025021280,2026-04-12,ANA,8480843,3.058,4,26
2025021280,2026-04-12,VAN,8484268,3.457,3,27
2025021281,2026-04-12,CGY,8481692,2.400,1,29
2025021281,2026-04-12,UTA,8477970,3.439,4,23
2025021282,2026-04-13,TBL,8476883,2.803,3,30
2025021282,2026-04-13,DET,8475660,2.838,4,22
2025021283,2026-04-13,FLA,8480193,3.672,2,27
2025021283,2026-04-13,NYR,8471734,1.583,3,16
2025021284,2026-04-13,PHI,8478435,2.514,2,26
2025021284,2026-04-13,CAR,8483548,3.444,2,23
2025021285,2026-04-13,TOR,8482515,3.581,6,33
2025021285,2026-04-13,DAL,8479193,2.342,5,27
2025021286,2026-04-13,STL,8480981,3.772,3,31
2025021286,2026-04-13,MIN,8479406,3.253,5,21
2025021287,2026-04-13,NSH,8481020,2.501,2,22
2025021287,2026-04-13,SJS,8477968,3.594,2,28
2025021288,2026-04-13,CHI,8481519,3.099,5,26
2025021288,2026-04-13,BUF,8480045,2.221,1,16
2025021289,2026-04-13,EDM,8478971,5.942,1,32
2025021289,2026-04-13,COL,8475809,2.760,1,31
2025021290,2026-04-13,VGK,8479394,1.837,2,23
2025021290,2026-04-13,WPG,8476945,3.937,6,38
2025021291,2026-04-13,SEA,8483668,3.909,4,29
2025021291,2026-04-13,LAK,8476341,2.901,3,33
2025021292,2026-04-14,BOS,8480280,2.147,0,21
2025021292,2026-04-14,NJD,8482076,2.910,4,26
2025021293,2026-04-14,NYI,8479496,2.897,2,21
2025021293,2026-04-14,CAR,8483548,2.733,1,30
2025021294,2026-04-14,PHI,8481035,2.757,2,29
2025021294,2026-04-14,MTL,8482487,1.857,4,25
2025021295,2026-04-14,CBJ,8482982,3.522,2,21
2025021295,2026-04-14,WSH,8483532,2.961,1,28
2025021296,2026-04-14,MIN,8482661,4.422,2,37
2025021296,2026-04-14,ANA,8480843,2.308,3,20
2025021297,2026-04-14,UTA,8478872,2.728,3,24
2025021297,2026-04-14,WPG,8477480,3.863,4,35
2025021298,2026-04-14,CGY,8481692,3.747,2,37
2025021298,2026-04-14,COL,8478406,3.060,1,31
2025021299,2026-04-14,STL,8476412,2.375,5,23
2025021299,2026-04-14,PIT,8479973,2.755,4,21
2025021299,2026-04-14,PIT,8481668,0.797,2,9
2025021300,2026-04-14,VAN,8480947,3.504,3,34
2025021300,2026-04-14,LAK,8475311,2.321,4,25
2025021301,2026-04-15,BUF,8481551,2.566,3,28
2025021301,2026-04-15,DAL,8479979,3.323,3,24
2025021302,2026-04-15,TBL,8477990,2.478,4,21
2025021302,2026-04-15,NYR,8482193,4.284,2,31
2025021303,2026-04-15,FLA,8480193,2.801,1,26
2025021303,2026-04-15,DET,8475660,1.980,4,13
2025021303,2026-04-15,DET,8476434,1.546,4,15
2025021304,2026-04-15,OTT,8473503,1.700,1,20
2025021304,2026-04-15,TOR,8483710,3.492,2,37
2025021305,2026-04-15,CHI,8481519,1.550,2,17
2025021305,2026-04-15,SJS,8482137,3.066,5,24
2025021306,2026-04-15,VGK,8479394,1.482,1,23
2025021306,2026-04-15,SEA,8483668,3.524,4,26
2025021307,2026-04-16,NSH,8477424,4.920,5,40
2025021307,2026-04-16,ANA,8478024,1.959,4,21
2025021308,2026-04-16,WPG,8477480,4.056,6,33
2025021308,2026-04-16,SJS,8477968,2.718,1,27
2025021309,2026-04-16,UTA,8477970,0.580,1,10
2025021309,2026-04-16,UTA,8478872,1.577,3,18
2025021309,2026-04-16,STL,8480981,2.626,3,23
2025021310,2026-04-16,CGY,8482949,3.517,1,28
2025021310,2026-04-16,LAK,8476341,1.504,2,19
2025021311,2026-04-16,EDM,8478971,1.473,1,12
2025021311,2026-04-16,VAN,8480947,3.839,6,35
2025021312,2026-04-16,COL,8475809,1.031,0,22
2025021312,2026-04-16,SEA,8484910,3.083,2,35
2026020001,2026-09-29,CAR,8483548,1.987,1,20
2026020001,2026-09-29,FLA,8474593,2.286,0,15
2026020002,2026-09-29,TOR,8475683,2.056,3,24
2026020002,2026-09-29,MTL,8482487,3.069,2,28
2026020003,2026-09-29,BOS,8480280,2.411,0,24
2026020003,2026-09-29,NYR,8478048,2.610,2,22
2026020004,2026-09-29,EDM,8477465,1.963,6,23
2026020004,2026-09-29,VAN,8480947,3.782,5,37
2026020005,2026-09-29,VGK,8479394,2.298,2,26
2026020005,2026-09-29,CHI,8481519,3.409,4,36
2026020006,2026-09-30,PHI,8478435,4.641,7,38
2026020006,2026-09-30,PIT,8481668,1.834,0,19
2026020007,2026-09-30,COL,8478406,3.093,4,31
2026020007,2026-09-30,LAK,8475311,2.870,8,29
2026020008,2026-09-30,TOR,8476932,2.968,1,27
2026020008,2026-09-30,NYI,8478009,2.657,2,26
2026020009,2026-10-01,NJD,8474596,1.749,2,25
2026020009,2026-10-01,PHI,8479361,4.356,3,44
2026020010,2026-10-01,NYR,8478048,3.158,1,24
2026020010,2026-10-01,TBL,8476883,2.773,4,24
2026020011,2026-10-01,CBJ,8482982,2.679,3,26
2026020011,2026-10-01,BUF,8480045,2.093,5,22
2026020012,2026-10-01,NSH,8477424,3.476,3,30
2026020012,2026-10-01,MIN,8482661,2.048,1,20
2026020013,2026-10-01,UTA,8478872,1.673,0,15
2026020013,2026-10-01,CHI,8482821,4.009,6,32
2026020014,2026-10-01,CGY,8481692,3.813,6,32
2026020014,2026-10-01,SEA,8478916,2.540,1,25
2026020015,2026-10-01,VAN,8480947,2.371,8,21
2026020015,2026-10-01,VAN,8482447,0.907,1,11
2026020015,2026-10-01,EDM,8482221,2.983,7,22
2026020016,2026-10-01,SJS,8482137,3.714,3,26
2026020016,2026-10-01,FLA,8481033,3.321,4,32
2026020017,2026-10-02,DET,8476434,2.060,1,20
2026020017,2026-10-02,NYR,8482193,1.457,0,22
2026020018,2026-10-02,CAR,8483548,2.664,5,27
2026020018,2026-10-02,WSH,8480313,4.023,2,33
2026020019,2026-10-02,WPG,8479973,3.091,4,30
2026020019,2026-10-02,BOS,8480280,4.259,3,33
2026020020,2026-10-02,DAL,8479979,2.336,2,22
2026020020,2026-10-02,STL,8480981,3.345,0,25
2026020021,2026-10-02,VGK,8479394,2.202,4,20
2026020021,2026-10-02,ANA,8480843,3.489,3,30
2026020022,2026-10-03,BUF,8480045,2.391,3,15
2026020022,2026-10-03,CHI,8481519,4.492,4,28
2026020023,2026-10-03,TOR,8475683,4.245,3,29
2026020023,2026-10-03,OTT,8476999,3.654,2,29
2026020024,2026-10-03,TBL,8476883,2.372,1,21
2026020024,2026-10-03,WSH,8479292,3.470,2,29
2026020025,2026-10-03,PHI,8479361,4.567,3,40
2026020025,2026-10-03,CAR,8481611,2.705,2,18
2026020026,2026-10-03,PIT,8481668,2.963,5,25
2026020026,2026-10-03,MTL,8482487,3.052,6,30
2026020027,2026-10-03,CBJ,8482982,2.888,4,31
2026020027,2026-10-03,UTA,8482657,2.410,1,19
2026020028,2026-10-03,EDM,8482221,1.664,1,20
2026020028,2026-10-03,SEA,8475831,3.069,2,25
2026020029,2026-10-03,NYI,8478009,3.468,0,37
2026020029,2026-10-03,NJD,8482076,3.456,6,32
2026020030,2026-10-03,NSH,8477424,2.224,1,30
2026020030,2026-10-03,DAL,8479193,2.551,2,26
2026020031,2026-10-03,MIN,8482661,2.612,1,27
2026020031,2026-10-03,BOS,8480022,2.576,3,29
2026020032,2026-10-03,COL,8478406,1.862,1,26
2026020032,2026-10-03,STL,8476412,3.373,6,36
2026020033,2026-10-03,VAN,8482447,2.041,1,24
2026020033,2026-10-03,CGY,8482445,2.765,3,25
2026020034,2026-10-03,SJS,8482137,3.650,4,35
2026020034,2026-10-03,LAK,8476341,1.576,5,25
2026020035,2026-10-04,DET,8476434,2.905,3,27
2026020035,2026-10-04,WPG,8479973,4.493,2,36
2026020036,2026-10-04,NYR,8478048,4.326,2,30
2026020036,2026-10-04,UTA,8478872,2.940,3,21
2026020037,2026-10-04,ANA,8480843,3.941,2,31
2026020037,2026-10-04,FLA,8474593,2.461,3,20
2026020038,2026-10-04,SEA,8478916,3.359,1,33
2026020038,2026-10-04,CGY,8481692,2.482,6,27
2026020039,2026-10-04,VAN,8480947,4.469,3,28
2026020039,2026-10-04,VGK,8478499,1.556,2,20
2026020040,2026-10-05,TBL,8476883,1.773,1,15
2026020040,2026-10-05,PHI,8478435,4.136,3,35
2026020041,2026-10-05,BOS,8480280,2.246,4,24
2026020041,2026-10-05,OTT,8476999,1.734,0,10
2026020041,2026-10-05,OTT,8481035,0.774,1,9
2026020042,2026-10-05,PIT,8483703,2.563,3,35
2026020042,2026-10-05,WPG,8483532,2.969,2,31
2026020043,2026-10-05,DAL,8479979,1.833,0,13
2026020043,2026-10-05,SJS,8482137,4.134,5,26
2026020044,2026-10-06,TOR,8476932,3.072,4,25
2026020044,2026-10-06,NSH,8477424,4.323,5,37
2026020045,2026-10-06,MTL,8482487,3.729,5,32
2026020045,2026-10-06,CAR,8483548,2.146,4,20
2026020046,2026-10-06,DET,8476434,2.636,3,25
2026020046,2026-10-06,OTT,8481035,3.273,4,35
2026020047,2026-10-06,NJD,8474596,3.847,5,31
2026020047,2026-10-06,UTA,8478872,3.095,3,33
2026020048,2026-10-06,NYR,8478048,2.323,2,19
2026020048,2026-10-06,NYI,8473575,3.484,3,22
2026020049,2026-10-06,BUF,8481551,1.880,2,20
2026020049,2026-10-06,MIN,8482661,4.319,3,28
2026020050,2026-10-06,CHI,8481519,3.162,2,27
2026020050,2026-10-06,STL,8480981,1.484,2,19
2026020051,2026-10-06,SEA,8475831,1.225,1,7
2026020051,2026-10-06,SEA,8478916,2.578,5,21
2026020051,2026-10-06,VGK,8479394,2.420,2,27
2026020052,2026-10-06,LAK,8475311,3.083,2,30
2026020052,2026-10-06,FLA,8474593,1.854,1,20
2026020053,2026-10-07,WSH,8480313,3.253,3,30
2026020053,2026-10-07,PIT,8481668,3.671,5,27
2026020054,2026-10-07,WPG,8479973,3.021,2,34
2026020054,2026-10-07,COL,8478406,2.197,3,19
2026020055,2026-10-07,ANA,8478024,0.406,0,2
2026020055,2026-10-07,ANA,8480843,2.213,5,17
2026020055,2026-10-07,EDM,8482221,3.981,2,31
2026020056,2026-10-08,BOS,8480280,5.195,1,37
2026020056,2026-10-08,UTA,8478872,1.583,3,14
2026020056,2026-10-08,UTA,8482657,0.652,3,8
2026020057,2026-10-08,BUF,8480045,2.546,4,18
2026020057,2026-10-08,DAL,8479979,3.272,0,26
2026020058,2026-10-08,MTL,8484170,2.554,3,18
2026020058,2026-10-08,NSH,8477424,3.759,2,33
2026020059,2026-10-08,OTT,8476999,3.068,1,29
2026020059,2026-10-08,PHI,8479361,2.476,2,26
2026020060,2026-10-08,TBL,8483710,3.247,2,36
2026020060,2026-10-08,MIN,8482661,3.742,3,35
2026020061,2026-10-08,CAR,8481611,1.843,2,20
2026020061,2026-10-08,VAN,8480947,3.068,6,18
2026020061,2026-10-08,VAN,8482447,2.353,1,16
2026020062,2026-10-08,NYI,8478009,2.450,1,23
2026020062,2026-10-08,CHI,8482821,2.419,3,18
2026020063,2026-10-08,STL,8480981,2.305,3,27
2026020063,2026-10-08,SJS,8477968,3.169,2,26
2026020064,2026-10-08,CGY,8482445,2.716,7,30
2026020064,2026-10-08,COL,8475809,3.164,3,29
2026020065,2026-10-08,VGK,8478499,2.780,3,24
2026020065,2026-10-08,TOR,8475683,4.964,3,43
2026020066,2026-10-09,DET,8476434,1.834,5,15
2026020066,2026-10-09,DET,8480193,1.569,1,9
2026020066,2026-10-09,SEA,8475831,4.024,3,40
2026020067,2026-10-09,WSH,8480313,2.810,1,22
2026020067,2026-10-09,NYR,8478048,1.844,1,14
2026020067,2026-10-09,NYR,8482193,1.590,1,12
2026020068,2026-10-09,CBJ,8475660,3.028,2,22
2026020068,2026-10-09,PIT,8483703,4.789,2,45
2026020069,2026-10-09,WPG,8483532,2.354,4,16
2026020069,2026-10-09,ANA,8480843,2.309,1,16
