game_id,season,week,home,away,raw_margin,raw_total,plays_home,plays_away,plays_total,hf,rest,elo_diff,qb_home,qb_away,qb_diff,qb_sum,pressure_diff,div,prime,prime_hf,div_x_margin,tz_shift,west_early,dist,dome,wind10,cold,spread_line,total_line,actual_margin,actual_total
2012_01_DAL_NYG,2012,1,NYG,DAL,1.2106,49.6493,64.8272,66.115,130.9422,1.0,0.0,4.7057,0.0,0.0,0.0,0.0,-0.25,1.0,1.0,1.0,1.2106,1.0,0.0,1.3851,0.0,0.0,0.0,3.5,45.5,-7.0,41.0
2012_01_IND_CHI,2012,1,CHI,IND,5.7459,34.9078,64.499,63.5416,128.0406,1.0,0.0,4.2099,0.0,-0.8142,0.8142,-0.8142,-1.9188,0.0,0.0,0.0,0.0,-1.0,0.0,0.1639,0.0,3.0,0.0,10.0,41.5,20.0,62.0
2012_01_PHI_CLE,2012,1,CLE,PHI,-7.9546,42.2773,64.1023,66.1098,130.212,1.0,0.0,-6.187,-2.8061,0.0,-2.8061,-2.8061,-2.6095,0.0,0.0,0.0,-0.0,0.0,0.0,0.3596,0.0,0.0,0.0,-9.0,42.0,-1.0,33.0
2012_01_STL_DET,2012,1,DET,STL,2.093,44.9231,67.7329,68.3915,136.1243,1.0,0.0,6.9956,0.0,0.0183,-0.0183,0.0183,0.3135,0.0,0.0,0.0,0.0,1.0,0.0,0.4542,1.0,0.0,0.0,9.0,46.0,4.0,50.0
2012_01_MIA_HOU,2012,1,HOU,MIA,3.2318,40.352,66.774,61.5844,128.3585,1.0,0.0,2.1092,0.0,-3.2177,3.2177,-3.2177,3.5636,0.0,0.0,0.0,0.0,-1.0,0.0,0.9614,1.0,0.0,0.0,13.0,41.5,20.0,40.0
2012_01_ATL_KC,2012,1,KC,ATL,-4.0275,41.4003,62.7665,66.6321,129.3986,1.0,0.0,-2.9438,0.0,0.0,0.0,0.0,0.5057,0.0,0.0,0.0,-0.0,-1.0,0.0,0.6689,0.0,0.0,0.0,-1.0,43.0,-16.0,64.0
2012_01_JAX_MIN,2012,1,MIN,JAX,-0.8258,35.9802,62.7947,64.7147,127.5094,1.0,0.0,-0.646,0.0,0.0,0.0,0.0,1.829,0.0,0.0,0.0,-0.0,-1.0,0.0,1.1925,1.0,0.0,0.0,3.5,38.0,3.0,49.0
2012_01_WAS_NO,2012,1,NO,WAS,10.8196,53.8245,69.4258,66.5231,135.9489,1.0,0.0,8.9626,0.0,-3.1249,3.1249,-3.1249,4.7145,0.0,0.0,0.0,0.0,-1.0,0.0,0.9731,1.0,0.0,0.0,9.5,50.0,-8.0,72.0
2012_01_BUF_NYJ,2012,1,NYJ,BUF,2.2036,41.3064,65.8203,62.8634,128.6837,1.0,0.0,3.1286,0.0,0.0,0.0,0.0,0.9513,1.0,0.0,0.0,2.2036,0.0,0.0,0.2779,0.0,0.0,0.0,3.0,39.5,20.0,76.0
2012_01_NE_TEN,2012,1,TEN,NE,-6.9115,52.5319,66.6905,70.5008,137.1913,1.0,0.0,-6.5612,0.5492,0.0,0.5492,0.5492,-1.6044,0.0,0.0,0.0,-0.0,-1.0,0.0,0.9246,0.0,0.0,0.0,-4.5,48.0,-21.0,47.0
2012_01_SEA_ARI,2012,1,ARI,SEA,-2.2111,37.8533,65.4956,68.2941,133.7897,1.0,0.0,-0.9782,0.0,-3.2269,3.2269,-3.2269,2.6788,1.0,0.0,0.0,-2.2111,1.0,0.0,1.1043,1.0,0.0,0.0,-1.0,40.5,4.0,36.0
2012_01_SF_GB,2012,1,GB,SF,1.0642,49.4604,63.3288,64.3276,127.6564,1.0,0.0,2.4881,0.0,0.0,0.0,0.0,-0.8955,0.0,0.0,0.0,0.0,2.0,0.0,1.8218,0.0,1.0,0.0,6.0,46.5,-8.0,52.0
2012_01_CAR_TB,2012,1,TB,CAR,-8.3587,51.9664,61.4461,63.2875,124.7336,1.0,0.0,-3.2593,0.0,0.0,0.0,0.0,1.702,1.0,0.0,0.0,-8.3587,0.0,0.0,0.5103,0.0,5.0,0.0,-3.0,45.5,6.0,26.0
2012_01_PIT_DEN,2012,1,DEN,PIT,-6.084,44.6569,63.1884,67.0806,130.2691,1.0,0.0,-5.137,-2.0036,0.0,-2.0036,-2.0036,0.5439,0.0,1.0,1.0,-0.0,-2.0,0.0,1.3181,0.0,0.0,0.0,2.5,45.5,12.0,50.0
2012_01_CIN_BAL,2012,1,BAL,CIN,5.6661,42.7033,64.3107,65.2704,129.5811,1.0,0.0,4.5992,0.0,0.0,0.0,0.0,-3.6038,1.0,1.0,1.0,5.6661,0.0,0.0,0.4228,0.0,0.0,0.0,7.0,42.5,31.0,57.0
2012_01_SD_OAK,2012,1,OAK,SD,0.0,44.4906,65.3747,65.3747,130.7494,1.0,0.0,-2.5198,4.778,7.4625,-2.6844,12.2405,0.0,1.0,1.0,1.0,0.0,0.0,0.0,0.4471,0.0,1.0,0.0,1.0,47.5,-8.0,36.0
2012_02_CHI_GB,2012,2,GB,CHI,3.9616,49.7324,65.001,64.693,129.694,1.0,0.0,3.8042,0.0,0.0,0.0,0.0,2.2032,1.0,1.0,1.0,3.9616,0.0,0.0,0.1837,0.0,0.0,0.0,5.0,50.5,13.0,33.0
2012_02_KC_BUF,2012,2,BUF,KC,-1.4455,46.7683,62.4437,64.6739,127.1175,1.0,0.0,-1.1473,0.0,0.0,0.0,0.0,-0.9902,0.0,0.0,0.0,-0.0,1.0,0.0,0.8576,0.0,1.0,0.0,3.0,45.0,18.0,52.0
2012_02_NO_CAR,2012,2,CAR,NO,-5.6699,58.2187,63.7673,68.8763,132.6436,1.0,0.0,-6.4589,0.0,0.0,0.0,0.0,-3.7609,1.0,0.0,0.0,-5.6699,1.0,0.0,0.6487,0.0,0.0,0.0,-3.0,53.0,8.0,62.0
2012_02_CLE_CIN,2012,2,CIN,CLE,2.9427,40.6239,69.7195,63.0179,132.7374,1.0,-0.12,2.9229,0.0,-2.2433,2.2433,-2.2433,2.7812,1.0,0.0,0.0,2.9427,0.0,0.0,0.2231,0.0,0.0,0.0,7.0,39.5,7.0,61.0
2012_02_MIN_IND,2012,2,IND,MIN,-2.9944,42.1574,64.0959,66.1946,130.2905,1.0,0.0,-1.6146,1.5501,0.0,1.5501,1.5501,-2.917,0.0,0.0,0.0,-0.0,1.0,0.0,0.5104,0.0,0.0,0.0,-3.0,45.5,3.0,43.0
2012_02_HOU_JAX,2012,2,JAX,HOU,-8.1222,36.6632,63.5363,62.7427,126.279,1.0,0.0,-6.084,0.0,0.0,0.0,0.0,-3.0439,1.0,0.0,0.0,-8.1222,1.0,0.0,0.8248,0.0,0.0,0.0,-6.5,40.0,-20.0,34.0
2012_02_OAK_MIA,2012,2,MIA,OAK,-0.8699,41.8106,63.5258,66.727,130.2528,1.0,0.12,0.8365,-2.4535,4.8254,-7.2788,2.3719,-0.1548,0.0,0.0,0.0,-0.0,3.0,1.0,2.5699,0.0,0.0,0.0,-1.0,41.0,22.0,48.0
2012_02_ARI_NE,2012,2,NE,ARI,8.3254,50.0666,71.6834,66.4287,138.112,1.0,0.0,8.0982,0.0,2.7627,-2.7627,2.7627,1.6172,0.0,0.0,0.0,0.0,2.0,1.0,2.2914,0.0,0.0,0.0,13.0,47.0,-2.0,38.0
2012_02_TB_NYG,2012,2,NYG,TB,7.9558,46.737,63.4831,63.4917,126.9748,1.0,0.48,6.7952,0.0,0.0,0.0,0.0,-0.9503,0.0,0.0,0.0,0.0,0.0,0.0,1.0076,0.0,0.0,0.0,9.0,43.5,7.0,75.0
2012_02_BAL_PHI,2012,2,PHI,BAL,-3.2743,41.5106,67.8103,63.8974,131.7077,1.0,0.12,-2.4817,0.0,0.0,0.0,0.0,1.2047,0.0,0.0,0.0,-0.0,0.0,0.0,0.0886,0.0,0.0,0.0,3.0,46.5,1.0,47.0
2012_02_DAL_SEA,2012,2,SEA,DAL,-2.9775,43.2581,63.348,64.698,128.0461,1.0,-0.48,-1.6083,-0.8563,0.0,-0.8563,-0.8563,-4.1059,0.0,0.0,0.0,-0.0,-2.0,0.0,1.6688,0.0,0.0,0.0,-3.0,43.0,20.0,34.0
2012_02_WAS_STL,2012,2,STL,WAS,-0.2524,45.2387,64.5772,67.0067,131.584,1.0,0.0,-4.1292,0.5175,2.3071,-1.7896,2.8246,2.4141,0.0,0.0,0.0,-0.0,-1.0,0.0,0.7174,1.0,0.0,0.0,-3.5,42.5,3.0,59.0
2012_02_NYJ_PIT,2012,2,PIT,NYJ,0.9408,42.2332,64.3487,63.2609,127.6097,1.0,0.0,0.8933,0.0,0.0,0.0,0.0,-3.1222,0.0,0.0,0.0,0.0,0.0,0.0,0.3125,0.0,0.0,0.0,4.5,43.0,17.0,37.0
2012_02_TEN_SD,2012,2,SD,TEN,2.8953,41.5791,67.5969,63.9545,131.5514,1.0,-0.12,3.3427,7.7583,0.8794,6.8789,8.6378,-0.5926,0.0,0.0,0.0,0.0,-2.0,0.0,1.7373,0.0,0.0,0.0,6.5,43.5,28.0,48.0
2012_02_DET_SF,2012,2,SF,DET,5.5411,40.8906,65.5047,67.6504,133.1551,1.0,0.0,3.5353,0.0,0.0,0.0,0.0,-1.9828,0.0,1.0,1.0,0.0,-3.0,0.0,2.0737,0.0,5.0,0.0,7.0,46.0,8.0,46.0
2012_02_DEN_ATL,2012,2,ATL,DEN,4.5308,48.2572,68.5384,62.4126,130.951,1.0,0.0,3.2054,0.0,3.1043,-3.1043,3.1043,-0.0865,0.0,1.0,1.0,0.0,2.0,0.0,1.2109,1.0,0.0,0.0,3.0,50.0,6.0,48.0
2012_03_NYG_CAR,2012,3,CAR,NYG,-0.6267,52.4238,62.1748,66.5419,128.7167,1.0,0.0,-4.4819,0.0,0.0,0.0,0.0,-2.2886,0.0,1.0,1.0,-0.0,0.0,0.0,0.5337,0.0,0.0,0.0,2.5,49.0,-29.0,43.0
2012_03_STL_CHI,2012,3,CHI,STL,-0.9614,38.6224,63.9334,66.447,130.3803,1.0,0.36,6.3202,0.0,1.0739,-1.0739,1.0739,-3.22,0.0,0.0,0.0,-0.0,0.0,0.0,0.2611,0.0,0.0,0.0,7.0,41.5,17.0,29.0
2012_03_BUF_CLE,2012,3,CLE,BUF,-2.3764,45.1134,64.5169,66.1064,130.6233,1.0,0.0,-2.2734,-0.3155,0.0,-0.3155,-0.3155,0.9623,0.0,0.0,0.0,-0.0,0.0,0.0,0.173,0.0,0.0,0.0,-2.5,45.0,-10.0,38.0
2012_03_TB_DAL,2012,3,DAL,TB,6.7598,48.1227,62.4473,59.4102,121.8576,1.0,0.0,3.4324,0.0,0.0,0.0,0.0,1.3335,0.0,0.0,0.0,0.0,-1.0,0.0,0.9293,1.0,0.0,0.0,7.0,45.5,6.0,26.0
2012_03_JAX_IND,2012,3,IND,JAX,-1.9023,39.2647,62.7531,65.3397,128.0928,1.0,0.0,0.1137,0.0,0.0,0.0,0.0,0.9266,1.0,0.0,0.0,-1.9023,0.0,0.0,0.7002,0.0,0.0,0.0,3.0,41.5,-5.0,39.0
2012_03_NYJ_MIA,2012,3,MIA,NYJ,-0.1742,38.8308,62.823,66.7059,129.5289,1.0,0.0,-0.3093,-1.4387,0.0,-1.4387,-1.4387,-0.9953,1.0,0.0,0.0,-0.1742,0.0,0.0,1.0856,0.0,0.0,0.0,-2.5,40.5,-3.0,43.0
2012_03_SF_MIN,2012,3,MIN,SF,-10.5671,43.3204,64.8888,64.6414,129.5302,1.0,0.0,-8.545,0.0,0.0,0.0,0.0,1.2663,0.0,0.0,0.0,-0.0,2.0,0.0,1.5721,1.0,0.0,0.0,-6.5,42.5,11.0,37.0
2012_03_KC_NO,2012,3,NO,KC,6.5436,52.4674,68.2272,67.0398,135.2671,1.0,0.0,6.353,0.0,0.0,0.0,0.0,3.0401,0.0,0.0,0.0,0.0,0.0,0.0,0.6765,1.0,0.0,0.0,9.0,51.5,-3.0,51.0
2012_03_DET_TEN,2012,3,TEN,DET,-4.7594,42.0226,62.3296,70.5408,132.8705,1.0,0.0,-2.3846,0.2032,0.0,0.2032,0.2032,-1.1539,0.0,0.0,0.0,-0.0,-1.0,0.0,0.4707,0.0,0.0,0.0,-3.5,47.0,3.0,85.0
2012_03_CIN_WAS,2012,3,WAS,CIN,1.3475,48.9554,64.7634,65.5916,130.3549,1.0,0.0,-2.4113,2.5408,0.0,2.5408,2.5408,-4.7001,0.0,0.0,0.0,0.0,0.0,0.0,0.411,0.0,0.0,0.0,3.0,49.5,-7.0,69.0
2012_03_PHI_ARI,2012,3,ARI,PHI,-4.9023,34.7589,63.1329,74.0512,137.1841,1.0,0.0,-3.199,2.6967,0.0,2.6967,2.6967,-0.9564,0.0,0.0,0.0,-0.0,-2.0,0.0,2.0857,1.0,0.0,0.0,-3.0,42.5,21.0,33.0
2012_03_ATL_SD,2012,3,SD,ATL,-3.5421,46.9787,64.3443,65.928,130.2723,1.0,0.12,-0.0132,8.3651,0.0,8.3651,8.3651,-0.1135,0.0,0.0,0.0,-0.0,-3.0,0.0,1.8835,0.0,3.0,0.0,3.0,47.0,-24.0,30.0
2012_03_HOU_DEN,2012,3,DEN,HOU,-8.9181,40.3974,61.0128,69.0806,130.0934,1.0,-0.12,-4.6638,1.9669,0.0,1.9669,1.9669,-1.7477,0.0,0.0,0.0,-0.0,-1.0,0.0,0.8826,0.0,3.0,0.0,-1.0,43.5,-6.0,56.0
2012_03_PIT_OAK,2012,3,OAK,PIT,-1.9591,47.7231,61.6359,66.151,127.7869,1.0,0.0,-5.9058,5.0404,0.0,5.0404,5.0404,1.1136,0.0,0.0,0.0,-0.0,-3.0,0.0,2.2482,0.0,0.0,0.0,-3.5,45.5,3.0,65.0
2012_03_NE_BAL,2012,3,BAL,NE,0.6418,51.615,67.5581,69.5532,137.1113,1.0,0.0,-1.7323,0.0,0.0,0.0,0.0,-0.8093,0.0,1.0,1.0,0.0,0.0,0.0,0.3414,0.0,0.0,0.0,2.5,48.5,1.0,61.0
2012_03_GB_SEA,2012,3,SEA,GB,-3.3698,47.3735,65.7601,63.7505,129.5106,1.0,-0.36,-5.5938,0.3203,0.0,0.3203,0.3203,-4.0353,0.0,1.0,1.0,-0.0,-2.0,0.0,1.6437,0.0,0.0,0.0,-3.0,45.5,2.0,26.0
2012_04_CLE_BAL,2012,4,BAL,CLE,10.7199,43.8347,68.8218,66.848,135.6698,1.0,0.0,10.4636,0.0,-1.0591,1.0591,-1.0591,1.2673,1.0,1.0,1.0,10.7199,0.0,0.0,0.3083,0.0,0.0,0.0,11.5,44.0,7.0,39.0
2012_04_CAR_ATL,2012,4,ATL,CAR,6.6711,52.2365,66.4773,60.5282,127.0055,1.0,-0.36,6.9241,0.0,0.0,0.0,0.0,1.8714,1.0,0.0,0.0,6.6711,0.0,0.0,0.2261,1.0,0.0,0.0,7.0,48.0,2.0,58.0
2012_04_NE_BUF,2012,4,BUF,NE,-6.071,56.2291,65.6616,69.0455,134.707,1.0,0.0,-7.552,0.0,0.0,0.0,0.0,-0.8175,1.0,0.0,0.0,-6.071,0.0,0.0,0.3864,0.0,0.0,0.0,-3.5,48.0,-24.0,80.0
2012_04_MIN_DET,2012,4,DET,MIN,1.9246,48.3135,69.637,66.1887,135.8258,1.0,0.0,2.0086,0.0,0.0,0.0,0.0,0.1662,1.0,0.0,0.0,1.9246,1.0,0.0,0.5415,1.0,0.0,0.0,3.5,48.0,-7.0,33.0
2012_04_TEN_HOU,2012,4,HOU,TEN,11.6676,42.3314,73.0279,59.3877,132.4156,1.0,0.0,5.5174,0.0,2.0103,-2.0103,2.0103,-0.0528,1.0,0.0,0.0,11.6676,0.0,0.0,0.6715,1.0,0.0,0.0,13.0,44.5,24.0,52.0
2012_04_SD_KC,2012,4,KC,SD,-3.5314,42.0587,69.1784,62.4875,131.6659,1.0,0.0,-4.3941,0.0,7.624,-7.624,7.624,0.2788,1.0,0.0,0.0,-3.5314,2.0,0.0,1.3344,0.0,0.0,0.0,-2.5,43.0,-17.0,57.0
2012_04_SF_NYJ,2012,4,NYJ,SF,-3.9262,40.0672,68.0048,62.9741,130.979,1.0,0.0,-2.8571,0.0,0.0,0.0,0.0,1.0633,0.0,0.0,0.0,-0.0,3.0,1.0,2.5468,0.0,0.0,0.0,-3.5,40.5,-34.0,34.0
2012_04_SEA_STL,2012,4,STL,SEA,-0.879,41.416,65.94,65.0783,131.0183,1.0,0.12,-6.8351,0.2102,0.3759,-0.1657,0.5861,1.4194,1.0,0.0,0.0,-0.879,2.0,0.0,1.7205,1.0,0.0,0.0,-2.0,39.5,6.0,32.0
2012_04_MIA_ARI,2012,4,ARI,MIA,1.5995,36.0944,65.904,70.5548,136.4589,1.0,0.0,1.5436,0.0,-1.3444,1.3444,-1.3444,-0.3653,0.0,0.0,0.0,0.0,-2.0,0.0,1.9824,1.0,0.0,0.0,4.0,38.5,3.0,45.0
2012_04_OAK_DEN,2012,4,DEN,OAK,-3.226,43.8655,66.6861,67.4758,134.1619,1.0,0.0,0.5393,0.0,5.4789,-5.4789,5.4789,0.9562,1.0,0.0,0.0,-3.226,1.0,0.0,0.9345,0.0,0.0,0.0,6.5,47.0,31.0,43.0
2012_04_CIN_JAX,2012,4,JAX,CIN,-3.9267,44.8058,62.5227,66.4252,128.9478,1.0,0.0,-3.4591,0.0,0.0,0.0,0.0,-5.8357,0.0,0.0,0.0,-0.0,0.0,0.0,0.6277,0.0,0.0,0.0,1.0,45.5,-17.0,37.0
2012_04_NO_GB,2012,4,GB,NO,2.6387,57.911,68.1213,68.3127,136.434,1.0,-0.12,2.843,0.0,0.0,0.0,0.0,-1.4811,0.0,0.0,0.0,0.0,0.0,0.0,1.0114,0.0,0.0,0.0,7.5,54.0,1.0,55.0
2012_04_WAS_TB,2012,4,TB,WAS,-3.03,44.0827,60.5638,66.2426,126.8063,1.0,0.0,-1.0396,0.0,2.5996,-2.5996,2.5996,2.4757,0.0,0.0,0.0,-0.0,0.0,0.0,0.8219,0.0,1.0,0.0,1.5,44.5,-2.0,46.0
2012_04_NYG_PHI,2012,4,PHI,NYG,-0.1314,42.4667,66.9675,65.6447,132.6122,1.0,-0.36,-2.7762,0.0,0.0,0.0,0.0,-1.6661,1.0,1.0,1.0,-0.1314,0.0,0.0,0.0854,0.0,0.0,0.0,1.5,46.0,2.0,36.0
2012_04_CHI_DAL,2012,4,DAL,CHI,1.7933,37.2256,63.3282,61.4089,124.7371,1.0,0.0,-1.3991,0.0,0.0,0.0,0.0,4.4443,0.0,1.0,1.0,0.0,0.0,0.0,0.8162,1.0,0.0,0.0,3.0,41.0,-16.0,52.0
2012_05_ARI_STL,2012,5,STL,ARI,-0.8551,37.8293,70.007,64.4503,134.4572,1.0,0.0,-6.7271,0.4177,0.0,0.4177,0.4177,-1.1975,1.0,1.0,1.0,-0.8551,1.0,0.0,1.2786,1.0,0.0,0.0,-1.0,37.5,14.0,20.0
2012_05_MIA_CIN,2012,5,CIN,MIA,1.7011,47.3487,68.1555,66.4414,134.5969,1.0,0.0,2.1904,0.0,0.0,0.0,0.0,3.3844,0.0,0.0,0.0,0.0,0.0,0.0,0.941,0.0,0.0,0.0,3.0,45.0,-4.0,30.0
2012_05_GB_IND,2012,5,IND,GB,-8.4395,51.9168,64.8878,66.2621,131.1499,1.0,0.84,-9.9005,0.0,0.0,0.0,0.0,-0.3763,0.0,0.0,0.0,-0.0,1.0,0.0,0.3417,1.0,0.0,0.0,-6.5,49.5,3.0,57.0
2012_05_BAL_KC,2012,5,KC,BAL,-11.2441,41.1151,71.8184,64.2524,136.0709,1.0,-0.36,-8.7502,0.0,0.0,0.0,0.0,-1.6864,0.0,0.0,0.0,-0.0,-1.0,0.0,0.9555,0.0,0.0,0.0,-6.0,46.5,-3.0,15.0
2012_05_CLE_NYG,2012,5,NYG,CLE,7.4017,45.7517,71.045,63.8749,134.92,1.0,-0.36,9.4579,0.0,0.0,0.0,0.0,1.3408,0.0,0.0,0.0,0.0,0.0,0.0,0.3994,0.0,0.0,0.0,7.5,44.0,14.0,68.0
2012_05_PHI_PIT,2012,5,PIT,PHI,-0.4486,44.0562,65.7694,64.0837,129.8531,1.0,0.84,0.4558,0.0,0.0,0.0,0.0,0.4954,0.0,0.0,0.0,-0.0,0.0,0.0,0.2587,0.0,0.0,0.0,4.0,44.0,2.0,30.0
2012_05_ATL_WAS,2012,5,WAS,ATL,-3.0232,50.4055,65.7677,64.9348,130.7026,1.0,0.0,-8.0566,0.0,0.0,0.0,0.0,-2.6805,0.0,0.0,0.0,-0.0,0.0,0.0,0.5499,0.0,0.0,0.0,-3.0,50.5,-7.0,41.0
2012_05_SEA_CAR,2012,5,CAR,SEA,-0.6315,46.4628,62.0299,65.0678,127.0977,1.0,0.0,-2.0176,0.0,-0.506,0.506,-0.506,1.0656,0.0,0.0,0.0,-0.0,3.0,0.0,2.2805,0.0,0.0,0.0,1.0,42.5,-4.0,28.0
2012_05_CHI_JAX,2012,5,JAX,CHI,-6.2738,36.5371,62.953,63.7558,126.7088,1.0,0.12,-6.3776,0.0,0.0,0.0,0.0,0.2858,0.0,0.0,0.0,-0.0,1.0,0.0,0.8638,0.0,0.0,0.0,-6.0,38.5,-38.0,44.0
2012_05_TEN_MIN,2012,5,MIN,TEN,2.3427,43.6012,69.5813,62.9303,132.5116,1.0,0.0,0.8461,0.0,0.0,0.0,0.0,0.559,0.0,0.0,0.0,0.0,0.0,0.0,0.6967,1.0,0.0,0.0,6.0,44.0,23.0,37.0
2012_05_DEN_NE,2012,5,NE,DEN,7.8296,52.995,70.8609,69.438,140.2988,1.0,0.0,7.3421,0.0,0.0,0.0,0.0,-1.0411,0.0,0.0,0.0,0.0,2.0,0.0,1.7585,0.0,0.0,0.0,6.0,50.5,10.0,52.0
2012_05_BUF_SF,2012,5,SF,BUF,8.2111,46.0641,64.3004,63.7914,128.0917,1.0,0.0,7.1672,0.0,0.0,0.0,0.0,0.1234,0.0,0.0,0.0,0.0,-3.0,0.0,2.2874,0.0,0.0,0.0,10.0,45.5,42.0,48.0
2012_05_SD_NO,2012,5,NO,SD,1.3074,53.0314,70.4145,68.6419,139.0564,1.0,0.0,-0.6646,0.0,7.6894,-7.6894,7.6894,1.3284,0.0,1.0,1.0,0.0,2.0,0.0,1.6028,1.0,0.0,0.0,3.5,53.0,7.0,55.0
2012_05_HOU_NYJ,2012,5,NYJ,HOU,-11.284,37.6371,63.0294,66.7271,129.7565,1.0,0.0,-5.2133,0.0,0.0,0.0,0.0,-0.4706,0.0,1.0,1.0,-0.0,1.0,0.0,1.4226,0.0,0.0,0.0,-9.5,40.5,-6.0,40.0
2012_06_PIT_TEN,2012,6,TEN,PIT,-6.6222,46.6291,58.2423,71.3512,129.5935,1.0,0.0,-5.6845,0.0,0.0,0.0,0.0,-0.664,0.0,1.0,1.0,-0.0,-1.0,0.0,0.4705,0.0,0.0,0.0,-5.5,42.5,3.0,49.0
2012_06_OAK_ATL,2012,6,ATL,OAK,4.2163,46.8511,68.1534,62.6592,130.8126,1.0,-0.84,8.4944,0.0,5.278,-5.278,5.278,0.8286,0.0,0.0,0.0,0.0,3.0,1.0,2.1231,1.0,0.0,0.0,10.0,49.0,3.0,43.0
2012_06_DAL_BAL,2012,6,BAL,DAL,4.6157,43.0553,62.4825,66.6414,129.1239,1.0,-0.72,7.0196,0.0,0.0,0.0,0.0,-1.3592,0.0,0.0,0.0,0.0,1.0,0.0,1.2265,0.0,1.0,0.0,3.0,45.5,2.0,60.0
2012_06_CIN_CLE,2012,6,CLE,CIN,-7.4059,46.8183,63.2016,69.822,133.0236,1.0,0.0,-6.4345,0.0,0.0,0.0,0.0,-4.9804,1.0,0.0,0.0,-7.4059,0.0,0.0,0.2231,0.0,9.0,0.0,-1.0,42.0,10.0,58.0
2012_06_STL_MIA,2012,6,MIA,STL,1.6145,40.7286,67.188,68.5049,135.6928,1.0,-0.36,3.7474,0.0,0.354,-0.354,0.354,-0.3536,0.0,0.0,0.0,0.0,1.0,0.0,1.0495,0.0,10.0,0.0,5.5,38.0,3.0,31.0
2012_06_IND_NYJ,2012,6,NYJ,IND,1.1364,41.1359,65.4795,68.4561,133.9355,1.0,-0.12,3.0239,0.0,0.0,0.0,0.0,0.9153,0.0,0.0,0.0,0.0,0.0,0.0,0.6408,0.0,4.0,0.0,3.5,43.5,26.0,44.0
2012_06_DET_PHI,2012,6,PHI,DET,3.3075,41.4437,66.394,69.8561,136.25,1.0,-0.84,2.6237,0.0,0.0,0.0,0.0,-3.7013,0.0,0.0,0.0,0.0,0.0,0.0,0.4431,0.0,5.0,0.0,3.5,47.5,-3.0,49.0
2012_06_KC_TB,2012,6,TB,KC,0.5395,38.8857,57.8575,69.1015,126.959,1.0,0.84,-1.4304,0.0,1.0435,-1.0435,1.0435,-0.9921,0.0,0.0,0.0,0.0,1.0,0.0,1.0285,0.0,0.0,0.0,5.0,39.5,28.0,48.0
2012_06_BUF_ARI,2012,6,ARI,BUF,4.5405,41.3596,66.6804,64.7313,131.4117,1.0,0.36,2.7098,0.0,0.0,0.0,0.0,1.7485,0.0,0.0,0.0,0.0,-2.0,0.0,1.9131,1.0,0.0,0.0,5.0,44.0,-3.0,35.0
2012_06_NE_SEA,2012,6,SEA,NE,-4.5719,47.206,66.1808,70.4557,136.6365,1.0,0.0,-7.1442,0.0,0.0,0.0,0.0,-0.7924,0.0,0.0,0.0,-0.0,-3.0,0.0,2.4847,0.0,0.0,0.0,-3.5,42.5,1.0,47.0
2012_06_NYG_SF,2012,6,SF,NYG,5.2492,49.5014,62.1961,64.966,127.1621,1.0,0.0,1.5728,0.0,0.0,0.0,0.0,-1.7028,0.0,0.0,0.0,0.0,-3.0,0.0,2.5468,0.0,0.0,0.0,7.0,46.5,-23.0,29.0
2012_06_MIN_WAS,2012,6,WAS,MIN,0.6548,47.9299,67.2564,65.4998,132.7562,1.0,0.0,-3.688,0.0,0.0,0.0,0.0,-5.2967,0.0,0.0,0.0,0.0,1.0,0.0,0.9387,0.0,4.0,0.0,-1.5,44.0,12.0,64.0
2012_06_GB_HOU,2012,6,HOU,GB,5.81,49.7969,68.6891,62.4051,131.0942,1.0,-0.12,1.0075,0.0,0.0,0.0,0.0,0.9824,0.0,1.0,1.0,0.0,0.0,0.0,1.0998,1.0,0.0,0.0,4.0,46.5,-18.0,66.0
2012_06_DEN_SD,2012,6,SD,DEN,1.8835,45.4657,68.6594,67.4846,136.144,1.0,0.0,2.7185,7.6411,0.0,7.6411,7.6411,-2.0504,1.0,1.0,1.0,1.8835,-1.0,0.0,0.8269,0.0,0.0,0.0,1.0,47.5,-11.0,59.0
2012_07_SEA_SF,2012,7,SF,SEA,4.2315,38.4409,64.2255,61.2924,125.5179,1.0,0.0,3.6867,0.0,0.0,0.0,0.0,-0.5213,1.0,1.0,1.0,4.2315,0.0,0.0,0.7045,0.0,5.0,0.0,7.5,37.5,7.0,19.0
2012_07_TEN_BUF,2012,7,BUF,TEN,2.58,44.8516,66.1723,64.7917,130.964,1.0,-0.36,0.2277,0.0,0.0,0.0,0.0,0.6315,0.0,0.0,0.0,0.0,1.0,0.0,0.6238,0.0,5.0,0.0,4.0,47.0,-1.0,69.0
2012_07_DAL_CAR,2012,7,CAR,DAL,-1.9399,49.317,57.1394,66.9228,124.0623,1.0,0.84,-1.4257,0.0,0.0,0.0,0.0,-3.173,0.0,0.0,0.0,-0.0,1.0,0.0,0.945,0.0,0.0,0.0,-2.5,45.0,-5.0,33.0
2012_07_BAL_HOU,2012,7,HOU,BAL,3.5121,46.3745,71.1772,62.6363,133.8135,1.0,0.0,-1.5926,0.0,0.0,0.0,0.0,0.4394,0.0,0.0,0.0,0.0,-1.0,0.0,1.2549,1.0,0.0,0.0,6.5,47.0,30.0,56.0
2012_07_CLE_IND,2012,7,IND,CLE,-0.1386,44.0924,72.6732,64.5798,137.253,1.0,0.0,0.0245,0.0,0.0,0.0,0.0,0.1185,0.0,0.0,0.0,-0.0,0.0,0.0,0.2633,0.0,0.0,0.0,1.0,46.5,4.0,30.0
2012_07_ARI_MIN,2012,7,MIN,ARI,-0.4981,37.2439,69.4549,67.1071,136.5621,1.0,0.0,-0.5066,0.0,-2.3567,2.3567,-2.3567,0.4822,0.0,0.0,0.0,-0.0,1.0,0.0,1.2828,1.0,0.0,0.0,7.0,38.5,7.0,35.0
2012_07_WAS_NYG,2012,7,NYG,WAS,1.8161,53.9679,68.5826,62.5188,131.1013,1.0,0.0,8.1735,0.0,0.0,0.0,0.0,5.4725,1.0,0.0,0.0,1.8161,0.0,0.0,0.1981,0.0,1.0,0.0,6.5,51.5,4.0,50.0
2012_07_GB_STL,2012,7,STL,GB,-4.9262,53.3761,68.589,66.511,135.1,1.0,0.0,-10.0605,1.2865,0.0,1.2865,1.2865,-0.1347,0.0,0.0,0.0,-0.0,0.0,0.0,0.4201,1.0,0.0,0.0,-4.0,45.0,-10.0,50.0
2012_07_NO_TB,2012,7,TB,NO,-3.3707,50.9214,63.3603,69.953,133.3133,1.0,-0.84,-6.6662,0.0,0.0,0.0,0.0,-1.6503,1.0,0.0,0.0,-3.3707,1.0,0.0,0.4779,0.0,0.0,0.0,-1.0,49.5,-7.0,63.0
2012_07_NYJ_NE,2012,7,NE,NYJ,8.2246,50.453,74.0987,65.2543,139.353,1.0,0.0,6.9551,0.0,0.0,0.0,0.0,0.4207,1.0,0.0,0.0,8.2246,0.0,0.0,0.1702,0.0,3.0,0.0,11.0,47.5,3.0,55.0
2012_07_JAX_OAK,2012,7,OAK,JAX,6.9352,44.055,67.3887,62.5208,129.9095,1.0,-0.84,1.6739,5.2864,0.0,5.2864,5.2864,2.6759,0.0,0.0,0.0,0.0,-3.0,0.0,2.3595,0.0,1.0,0.0,6.0,44.5,3.0,49.0
2012_07_PIT_CIN,2012,7,CIN,PIT,-1.6641,51.3022,62.346,65.5276,127.8736,1.0,-0.36,-2.8674,0.0,0.0,0.0,0.0,3.4593,1.0,1.0,1.0,-1.6641,0.0,0.0,0.2566,0.0,0.0,0.0,-1.0,46.5,-7.0,41.0
2012_07_DET_CHI,2012,7,CHI,DET,5.2208,38.1111,65.0762,69.8374,134.9137,1.0,0.84,3.4584,0.0,0.0,0.0,0.0,-4.8772,1.0,1.0,1.0,5.2208,-1.0,0.0,0.2366,0.0,0.0,0.0,6.5,45.5,6.0,20.0
2012_08_TB_MIN,2012,8,MIN,TB,1.6996,46.0008,65.6954,62.7196,128.415,1.0,0.0,3.9867,0.0,0.0,0.0,0.0,1.9991,0.0,1.0,1.0,0.0,-1.0,0.0,1.315,1.0,0.0,0.0,5.0,43.0,-19.0,53.0
2012_08_CAR_CHI,2012,8,CHI,CAR,5.8727,39.0083,65.6639,61.3014,126.9653,1.0,-0.12,7.4323,0.0,0.0,0.0,0.0,-1.5525,0.0,0.0,0.0,0.0,-1.0,0.0,0.586,0.0,8.0,0.0,7.0,41.5,1.0,45.0
2012_08_SD_CLE,2012,8,CLE,SD,-4.9529,43.4759,64.1164,70.2393,134.3557,1.0,-0.72,-6.0127,0.0,6.7546,-6.7546,6.7546,-0.2587,0.0,0.0,0.0,-0.0,3.0,1.0,2.0259,0.0,9.0,1.0,-2.5,40.5,1.0,13.0
2012_08_SEA_DET,2012,8,DET,SEA,-2.0644,39.4216,69.8013,63.8549,133.6562,1.0,-0.48,-0.8296,0.0,0.0,0.0,0.0,3.9216,0.0,0.0,0.0,-0.0,3.0,1.0,1.9331,1.0,0.0,0.0,3.0,42.5,4.0,52.0
2012_08_JAX_GB,2012,8,GB,JAX,13.7203,50.787,68.7302,64.0948,132.8249,1.0,0.0,11.7363,0.0,0.0,0.0,0.0,2.4501,0.0,0.0,0.0,0.0,-1.0,0.0,1.0403,0.0,0.0,1.0,15.0,45.0,9.0,39.0
2012_08_MIA_NYJ,2012,8,NYJ,MIA,-1.0116,40.5817,69.29,67.8114,137.1015,1.0,-0.84,-0.4037,0.0,0.0,0.0,0.0,-0.562,1.0,0.0,0.0,-1.0116,0.0,0.0,1.0856,0.0,0.0,0.0,1.0,38.5,-21.0,39.0
2012_08_ATL_PHI,2012,8,PHI,ATL,-2.679,40.3458,66.5174,67.6681,134.1854,1.0,0.0,-4.5127,0.0,0.0,0.0,0.0,-3.3844,0.0,0.0,0.0,-0.0,0.0,0.0,0.6635,0.0,6.0,0.0,1.5,43.5,-13.0,47.0
2012_08_WAS_PIT,2012,8,PIT,WAS,0.7312,51.5545,68.3063,60.4953,128.8016,1.0,0.0,5.6241,0.0,0.0,0.0,0.0,3.6773,0.0,0.0,0.0,0.0,0.0,0.0,0.1985,0.0,0.0,0.0,4.5,44.5,15.0,39.0
2012_08_NE_STL,2012,8,STL,NE,-5.3061,53.4787,67.7025,73.9768,141.6794,0.0,0.0,-11.8172,1.3431,0.0,1.3431,1.3431,-0.9698,0.0,0.0,0.0,-0.0,0.0,0.0,0.0,0.0,0.0,0.0,-7.5,46.0,-38.0,52.0
2012_08_IND_TEN,2012,8,TEN,IND,0.4979,48.1273,62.956,71.3718,134.3278,1.0,0.0,2.2776,0.0,0.0,0.0,0.0,1.3944,1.0,0.0,0.0,0.4979,-1.0,0.0,0.2505,0.0,8.0,0.0,3.5,46.5,-6.0,32.0
2012_08_OAK_KC,2012,8,KC,OAK,-7.5029,39.7818,69.4188,60.9773,130.3961,1.0,0.84,-2.0689,-0.9062,4.9806,-5.8868,4.0743,0.4343,1.0,0.0,0.0,-7.5029,2.0,0.0,1.4978,0.0,0.0,0.0,1.0,41.5,-10.0,42.0
2012_08_NYG_DAL,2012,8,DAL,NYG,-2.9031,51.2995,64.9064,61.5559,126.4623,1.0,0.0,-6.8169,0.0,0.0,0.0,0.0,1.1456,1.0,0.0,0.0,-2.9031,-1.0,0.0,1.3851,0.0,0.0,0.0,-1.5,47.5,-5.0,53.0
2012_08_NO_DEN,2012,8,DEN,NO,-0.921,54.7286,69.2892,72.3907,141.6799,1.0,0.72,-2.8684,0.0,0.0,0.0,0.0,0.9266,0.0,1.0,1.0,-0.0,-1.0,0.0,1.0816,0.0,0.0,0.0,6.0,55.0,20.0,48.0
2012_08_SF_ARI,2012,8,ARI,SF,-7.8408,34.1082,63.8546,63.7602,127.6148,1.0,-0.36,-6.1071,-2.953,0.0,-2.953,-2.953,1.4058,1.0,1.0,1.0,-7.8408,1.0,0.0,0.608,1.0,0.0,0.0,-7.0,37.5,-21.0,27.0
2012_09_KC_SD,2012,9,SD,KC,8.2158,39.2395,61.1638,68.5669,129.7307,1.0,0.0,6.3649,6.4912,0.0,6.4912,6.4912,0.9977,1.0,1.0,1.0,8.2158,-2.0,0.0,1.3344,0.0,2.0,0.0,7.5,41.0,18.0,44.0
2012_09_DEN_CIN,2012,9,CIN,DEN,-3.2704,45.7008,66.6764,65.9991,132.6755,1.0,0.84,-3.2485,0.0,0.0,0.0,0.0,1.9549,0.0,0.0,0.0,-0.0,2.0,1.0,1.093,0.0,0.0,0.0,-5.0,47.5,-8.0,54.0
2012_09_BAL_CLE,2012,9,CLE,BAL,-5.6426,42.5506,68.7879,68.4435,137.2314,1.0,-0.84,-9.3045,0.0,0.0,0.0,0.0,-0.9194,1.0,0.0,0.0,-5.6426,0.0,0.0,0.3083,0.0,0.0,6.0,-3.5,44.0,-10.0,40.0
2012_09_ARI_GB,2012,9,GB,ARI,7.4567,40.9726,65.792,69.8078,135.5998,1.0,0.12,8.6287,0.0,-2.8194,2.8194,-2.8194,-0.2244,0.0,0.0,0.0,0.0,1.0,0.0,1.4959,0.0,0.0,6.0,10.5,43.0,14.0,48.0
2012_09_BUF_HOU,2012,9,HOU,BUF,12.2975,46.6816,68.7895,60.7309,129.5203,1.0,0.0,7.77,0.0,0.0,0.0,0.0,1.7783,0.0,0.0,0.0,0.0,-1.0,0.0,1.2902,1.0,0.0,0.0,11.0,47.5,12.0,30.0
2012_09_MIA_IND,2012,9,IND,MIA,-4.8013,45.387,73.6901,63.8539,137.544,1.0,0.0,-4.718,0.0,0.0,0.0,0.0,-2.2526,0.0,0.0,0.0,-0.0,0.0,0.0,1.0132,1.0,0.0,0.0,-2.5,44.0,3.0,43.0
2012_09_DET_JAX,2012,9,JAX,DET,-5.7684,42.5772,63.6241,73.0296,136.6537,1.0,0.0,-5.5185,0.0,0.0,0.0,0.0,-3.7876,0.0,0.0,0.0,-0.0,0.0,0.0,0.8339,0.0,0.0,0.0,-6.0,44.0,-17.0,45.0
2012_09_CHI_TEN,2012,9,TEN,CHI,-7.7054,38.9367,64.1247,67.113,131.2376,1.0,0.0,-6.5627,0.0,0.0,0.0,0.0,4.5108,0.0,0.0,0.0,-0.0,0.0,0.0,0.3962,0.0,0.0,0.0,-4.5,44.0,-31.0,71.0
2012_09_CAR_WAS,2012,9,WAS,CAR,1.1449,49.8718,63.7196,64.4334,128.153,1.0,0.0,0.6338,0.0,0.0,0.0,0.0,-2.8901,0.0,0.0,0.0,0.0,0.0,0.0,0.3362,0.0,0.0,0.0,3.0,48.0,-8.0,34.0
2012_09_TB_OAK,2012,9,OAK,TB,0.0034,45.9057,65.2826,63.6411,128.9237,1.0,-0.36,0.7204,5.1761,0.0,5.1761,5.1761,0.9032,0.0,0.0,0.0,0.0,-3.0,0.0,2.3814,0.0,0.0,0.0,1.0,47.0,-10.0,74.0
2012_09_MIN_SEA,2012,9,SEA,MIN,2.173,41.992,63.8899,65.3755,129.2654,1.0,-0.36,1.3673,0.0,0.0,0.0,0.0,-1.1065,0.0,0.0,0.0,0.0,-2.0,0.0,1.3918,0.0,0.0,0.0,4.5,38.0,10.0,50.0
2012_09_PIT_NYG,2012,9,NYG,PIT,0.6508,51.7514,60.8866,66.4959,127.3826,1.0,0.0,2.9039,0.0,0.0,0.0,0.0,0.813,0.0,0.0,0.0,0.0,0.0,0.0,0.3125,0.0,0.0,1.0,3.5,48.0,-4.0,44.0
2012_09_DAL_ATL,2012,9,ATL,DAL,4.8352,44.6056,62.467,66.2749,128.7419,1.0,0.0,7.631,0.0,0.0,0.0,0.0,-2.274,0.0,1.0,1.0,0.0,1.0,0.0,0.7363,1.0,0.0,0.0,4.0,47.0,6.0,32.0
2012_09_PHI_NO,2012,9,NO,PHI,-0.4077,53.2667,69.7925,71.6837,141.4762,1.0,0.0,1.8876,0.0,0.0,0.0,0.0,5.1637,0.0,1.0,1.0,-0.0,-1.0,0.0,1.0866,1.0,0.0,0.0,2.5,52.0,15.0,41.0
2012_10_IND_JAX,2012,10,JAX,IND,-5.5741,47.2724,62.134,73.0905,135.2245,1.0,0.0,-3.9533,0.0,0.0,0.0,0.0,0.7931,1.0,1.0,1.0,-5.5741,0.0,0.0,0.7002,0.0,0.0,0.0,-3.0,43.5,-17.0,37.0
2012_10_OAK_BAL,2012,10,BAL,OAK,1.6987,45.1591,64.5855,71.0655,135.651,1.0,0.0,7.961,0.0,5.1786,-5.1786,5.1786,0.822,0.0,0.0,0.0,0.0,3.0,1.0,2.4401,0.0,0.0,0.0,9.5,48.0,35.0,75.0
2012_10_DEN_CAR,2012,10,CAR,DEN,-0.9449,47.0221,65.8594,67.0596,132.9189,1.0,0.0,-5.4508,0.0,0.0,0.0,0.0,-2.3407,0.0,0.0,0.0,-0.0,2.0,1.0,1.3569,0.0,0.0,0.0,-3.5,46.5,-22.0,50.0
2012_10_NYG_CIN,2012,10,CIN,NYG,-5.7159,48.1414,65.4695,63.6818,129.1513,1.0,0.0,-7.7542,0.0,0.0,0.0,0.0,1.4132,0.0,0.0,0.0,-0.0,0.0,0.0,0.5653,0.0,6.0,0.0,-3.5,47.0,18.0,44.0
2012_10_TEN_MIA,2012,10,MIA,TEN,5.7424,42.2276,67.4775,67.3077,134.7852,1.0,0.0,4.5459,0.0,2.3869,-2.3869,2.3869,-1.8481,0.0,0.0,0.0,0.0,1.0,0.0,0.8039,0.0,10.0,0.0,6.5,44.0,-34.0,40.0
2012_10_DET_MIN,2012,10,MIN,DET,-3.7793,48.708,63.5802,72.7507,136.3309,1.0,0.0,-3.2789,0.0,0.0,0.0,0.0,-1.4715,1.0,0.0,0.0,-3.7793,-1.0,0.0,0.5415,1.0,0.0,0.0,-3.0,46.0,10.0,58.0
2012_10_BUF_NE,2012,10,NE,BUF,11.4715,57.5738,74.1279,63.3692,137.4971,1.0,0.84,10.24,0.0,0.0,0.0,0.0,2.8942,1.0,0.0,0.0,11.4715,0.0,0.0,0.3864,0.0,2.0,0.0,13.5,54.0,6.0,68.0
2012_10_ATL_NO,2012,10,NO,ATL,-4.4326,55.4848,63.9942,71.794,135.7882,1.0,-0.12,-3.7371,0.0,0.0,0.0,0.0,3.0889,1.0,0.0,0.0,-4.4326,-1.0,0.0,0.4244,1.0,0.0,0.0,-1.0,54.0,4.0,58.0
2012_10_SD_TB,2012,10,TB,SD,3.06,46.339,63.7084,66.6782,130.3866,1.0,-0.36,-2.6044,0.0,6.7664,-6.7664,6.7664,-1.1732,0.0,0.0,0.0,0.0,3.0,1.0,2.0807,0.0,0.0,0.0,3.0,46.5,10.0,58.0
2012_10_NYJ_SEA,2012,10,SEA,NYJ,2.7708,40.1691,64.4351,66.6958,131.1309,1.0,-0.84,1.7133,0.0,0.0,0.0,0.0,0.3257,0.0,0.0,0.0,0.0,-3.0,0.0,2.3957,0.0,0.0,2.0,5.0,38.0,21.0,35.0
2012_10_DAL_PHI,2012,10,PHI,DAL,-2.2211,41.9512,64.6681,67.9637,132.6318,1.0,-0.12,0.9874,0.0,0.0,0.0,0.0,-7.9075,1.0,0.0,0.0,-2.2211,1.0,0.0,1.3126,0.0,0.0,0.0,-1.0,44.0,-15.0,61.0
2012_10_STL_SF,2012,10,SF,STL,6.2429,43.7372,62.6344,63.1535,125.7879,1.0,-0.12,10.5568,0.0,1.3164,-1.3164,1.3164,-1.852,1.0,0.0,0.0,6.2429,-2.0,0.0,1.7235,0.0,0.0,0.0,13.5,38.0,0.0,48.0
2012_10_HOU_CHI,2012,10,CHI,HOU,-2.4975,32.7118,61.6849,67.3075,128.9924,1.0,0.0,-1.2886,0.0,0.0,0.0,0.0,-6.4121,0.0,1.0,1.0,-0.0,0.0,0.0,0.9471,0.0,0.0,0.0,1.0,37.0,-7.0,19.0
2012_10_KC_PIT,2012,10,PIT,KC,9.92,43.0922,60.6295,61.6571,122.2866,1.0,-0.36,10.7372,0.0,0.0,0.0,0.0,2.102,0.0,1.0,1.0,0.0,1.0,0.0,0.7738,0.0,6.0,0.0,12.5,39.5,3.0,29.0
2012_11_MIA_BUF,2012,11,BUF,MIA,-1.4081,47.754,67.4754,65.5226,132.998,1.0,0.0,-1.8334,0.0,0.0,0.0,0.0,-1.8287,1.0,1.0,1.0,-1.4081,0.0,0.0,1.1648,0.0,0.0,10.0,1.0,46.0,5.0,33.0
2012_11_ARI_ATL,2012,11,ATL,ARI,7.7941,39.6022,67.354,64.4622,131.8162,1.0,-0.84,8.3879,0.0,0.0,0.0,0.0,-0.391,0.0,0.0,0.0,0.0,2.0,1.0,1.5979,1.0,0.0,0.0,9.5,43.0,4.0,42.0
2012_11_TB_CAR,2012,11,CAR,TB,-2.5246,47.7841,64.4921,62.1447,126.6368,1.0,0.0,-3.0982,0.0,0.0,0.0,0.0,-0.2982,1.0,0.0,0.0,-2.5246,0.0,0.0,0.5103,0.0,0.0,0.0,-1.0,46.0,-6.0,48.0
2012_11_CLE_DAL,2012,11,DAL,CLE,3.5546,41.225,69.5092,61.7766,131.2857,1.0,-0.84,5.007,0.0,0.0,0.0,0.0,4.0528,0.0,0.0,0.0,0.0,-1.0,0.0,1.0393,1.0,0.0,0.0,7.0,43.5,3.0,43.0
2012_11_GB_DET,2012,11,DET,GB,-6.1296,53.6273,72.0319,65.8962,137.928,1.0,-0.84,-7.2409,0.0,0.0,0.0,0.0,1.6191,1.0,0.0,0.0,-6.1296,1.0,0.0,0.2927,1.0,0.0,0.0,-3.0,53.5,-4.0,44.0
2012_11_JAX_HOU,2012,11,HOU,JAX,17.3645,38.67,68.7267,61.1457,129.8724,1.0,-0.36,14.1791,0.0,0.0,0.0,0.0,2.6968,1.0,0.0,0.0,17.3645,-1.0,0.0,0.8248,1.0,0.0,0.0,15.0,40.5,6.0,80.0
2012_11_CIN_KC,2012,11,KC,CIN,-7.8936,40.3428,67.0299,59.3989,126.4287,1.0,-0.12,-5.978,0.0,0.0,0.0,0.0,-4.2548,0.0,0.0,0.0,-0.0,-1.0,0.0,0.5345,0.0,5.0,0.0,-3.0,41.0,-22.0,34.0
2012_11_NYJ_STL,2012,11,STL,NYJ,2.4254,40.5146,67.1674,66.2284,133.3958,1.0,0.0,-2.2854,2.1847,0.0,2.1847,2.1847,-0.3018,0.0,0.0,0.0,0.0,-1.0,0.0,0.8682,1.0,0.0,0.0,3.5,38.0,-14.0,40.0
2012_11_PHI_WAS,2012,11,WAS,PHI,3.6021,47.19,65.3896,69.2777,134.6673,1.0,0.84,-2.3247,0.0,-4.3013,4.3013,-4.3013,0.7835,1.0,0.0,0.0,3.6021,0.0,0.0,0.1136,0.0,0.0,0.0,3.5,46.0,25.0,37.0
2012_11_NO_OAK,2012,11,OAK,NO,-1.6396,54.1799,70.3915,66.1007,136.4922,1.0,0.0,-7.2425,5.3944,0.0,5.3944,5.3944,-2.4401,0.0,0.0,0.0,-0.0,-2.0,0.0,1.9098,0.0,0.0,0.0,-6.0,56.5,-21.0,55.0
2012_11_SD_DEN,2012,11,DEN,SD,3.9325,43.5521,65.9349,68.8704,134.8053,1.0,0.0,3.5356,0.0,6.9744,-6.9744,6.9744,3.0515,1.0,0.0,0.0,3.9325,1.0,0.0,0.8269,0.0,0.0,0.0,7.5,47.5,7.0,53.0
2012_11_IND_NE,2012,11,NE,IND,7.3123,61.6026,72.1684,71.8264,143.9948,1.0,-0.36,9.4208,0.0,0.0,0.0,0.0,3.4516,0.0,0.0,0.0,0.0,0.0,0.0,0.7933,0.0,4.0,3.0,10.0,54.5,35.0,83.0
2012_11_BAL_PIT,2012,11,PIT,BAL,-1.0993,47.0009,72.1132,59.0616,131.1748,1.0,-0.12,-0.9489,-4.5735,0.0,-4.5735,-4.5735,1.0991,1.0,1.0,1.0,-1.0993,0.0,0.0,0.1972,0.0,0.0,0.0,-3.0,41.0,-3.0,23.0
2012_11_CHI_SF,2012,11,SF,CHI,0.0456,34.6976,62.4867,63.3121,125.7987,1.0,0.0,1.5018,-3.0833,-0.5134,-2.5699,-3.5967,1.2645,0.0,1.0,1.0,0.0,-2.0,0.0,1.8413,0.0,2.0,0.0,3.5,34.0,25.0,39.0
2012_12_HOU_DET,2012,12,DET,HOU,-8.8029,44.5809,66.7733,68.2564,135.0297,1.0,0.0,-7.6678,0.0,0.0,0.0,0.0,-0.9118,0.0,0.0,0.0,-0.0,1.0,0.0,1.112,1.0,0.0,0.0,-3.5,48.5,-3.0,65.0
2012_12_WAS_DAL,2012,12,DAL,WAS,-2.1944,50.2669,68.6002,62.7031,131.3033,1.0,0.0,2.8162,0.0,0.0,0.0,0.0,4.9941,1.0,0.0,0.0,-2.1944,-1.0,0.0,1.2074,1.0,0.0,0.0,3.5,47.0,-7.0,69.0
2012_12_NE_NYJ,2012,12,NYJ,NE,-8.4856,51.5054,68.6199,73.2038,141.8237,1.0,0.0,-9.6704,0.0,0.0,0.0,0.0,-2.2892,1.0,1.0,1.0,-8.4856,0.0,0.0,0.1702,0.0,0.0,0.0,-7.0,48.0,-30.0,68.0
2012_12_MIN_CHI,2012,12,CHI,MIN,3.2605,35.9576,65.216,62.9842,128.2001,1.0,-0.96,4.3765,0.0,0.0,0.0,0.0,-4.4808,1.0,0.0,0.0,3.2605,0.0,0.0,0.3553,0.0,0.0,4.0,6.5,38.5,18.0,38.0
2012_12_OAK_CIN,2012,12,CIN,OAK,2.1053,47.2848,65.4602,65.1398,130.6,1.0,0.0,4.5589,0.0,5.1569,-5.1569,5.1569,3.5623,0.0,0.0,0.0,0.0,3.0,1.0,2.0274,0.0,0.0,4.0,9.5,50.5,24.0,44.0
2012_12_PIT_CLE,2012,12,CLE,PIT,-5.2401,42.5127,59.3841,72.3486,131.7327,1.0,0.0,-9.4636,0.0,-4.8813,4.8813,-4.8813,-2.3006,1.0,0.0,0.0,-5.2401,0.0,0.0,0.1143,0.0,0.0,11.0,-1.0,33.0,6.0,34.0
2012_12_BUF_IND,2012,12,IND,BUF,1.1061,55.667,70.864,62.8147,133.6787,1.0,-0.36,0.0818,0.0,0.0,0.0,0.0,-1.0874,0.0,0.0,0.0,0.0,0.0,0.0,0.4358,1.0,0.0,0.0,2.0,51.0,7.0,33.0
2012_12_TEN_JAX,2012,12,JAX,TEN,-4.2708,44.2253,66.0294,66.3702,132.3996,1.0,-0.84,-5.7603,4.8618,3.2857,1.5762,8.1475,-2.9719,1.0,0.0,0.0,-4.2708,1.0,0.0,0.5008,0.0,0.0,0.0,-3.5,45.0,5.0,43.0
2012_12_DEN_KC,2012,12,KC,DEN,-14.1587,37.536,69.5491,61.8285,131.3776,1.0,0.0,-11.4049,-1.2852,0.0,-1.2852,-1.2852,-5.4907,1.0,0.0,0.0,-14.1587,1.0,0.0,0.5643,0.0,0.0,0.0,-10.0,41.5,-8.0,26.0
2012_12_SEA_MIA,2012,12,MIA,SEA,-5.9944,40.7326,61.7176,67.282,128.9997,1.0,-0.48,-2.8353,0.0,0.0,0.0,0.0,0.69,0.0,0.0,0.0,-0.0,3.0,1.0,2.7199,0.0,0.0,0.0,-3.0,37.5,3.0,45.0
2012_12_ATL_TB,2012,12,TB,ATL,-2.35,46.6425,60.2567,68.6591,128.9158,1.0,0.0,-6.0735,0.0,0.0,0.0,0.0,-0.6516,1.0,0.0,0.0,-2.35,0.0,0.0,0.4149,0.0,0.0,0.0,-1.0,50.5,-1.0,47.0
2012_12_BAL_SD,2012,12,SD,BAL,-2.6091,43.981,71.4282,64.0883,135.5165,1.0,0.0,-6.5212,6.5973,0.0,6.5973,6.5973,-0.509,0.0,0.0,0.0,-0.0,-3.0,0.0,2.2874,0.0,0.0,0.0,-1.0,46.5,-3.0,29.0
2012_12_STL_ARI,2012,12,ARI,STL,-3.3259,33.083,66.4895,65.7922,132.2817,1.0,0.0,2.9908,0.3165,1.7632,-1.4466,2.0797,-0.5302,1.0,0.0,0.0,-3.3259,-1.0,0.0,1.2786,1.0,0.0,0.0,1.0,36.0,-14.0,48.0
2012_12_SF_NO,2012,12,NO,SF,-3.5919,57.9794,63.6445,66.5686,130.2131,1.0,0.12,-1.9713,0.0,-1.4464,1.4464,-1.4464,2.6665,0.0,0.0,0.0,-0.0,2.0,0.0,1.8945,1.0,0.0,0.0,-1.0,50.0,-10.0,52.0
2012_12_GB_NYG,2012,12,NYG,GB,-3.488,50.309,67.9375,65.5444,133.4819,1.0,0.84,-3.2173,0.0,0.0,0.0,0.0,0.116,0.0,1.0,1.0,-0.0,1.0,0.0,0.7539,0.0,7.0,11.0,1.0,50.0,28.0,48.0
2012_12_CAR_PHI,2012,12,PHI,CAR,-7.6607,42.0579,71.6856,62.1576,133.8432,1.0,0.0,1.1711,-4.7081,0.0,-4.7081,-4.7081,-2.9165,0.0,1.0,1.0,-0.0,0.0,0.0,0.4485,0.0,0.0,9.0,-3.0,41.5,-8.0,52.0
2012_13_NO_ATL,2012,13,ATL,NO,3.5726,54.0032,70.9769,61.5958,132.5727,1.0,0.0,2.9071,0.0,0.0,0.0,0.0,-1.3865,1.0,1.0,1.0,3.5726,1.0,0.0,0.4244,1.0,0.0,0.0,3.5,54.5,10.0,36.0
2012_13_JAX_BUF,2012,13,BUF,JAX,4.6875,48.4908,67.9287,64.8339,132.7626,1.0,0.0,3.8351,0.0,4.7243,-4.7243,4.7243,2.5077,0.0,0.0,0.0,0.0,0.0,0.0,0.8745,0.0,7.0,0.0,6.0,41.0,16.0,52.0
2012_13_SEA_CHI,2012,13,CHI,SEA,1.7836,35.6416,61.72,62.1303,123.8503,1.0,0.0,2.9365,0.0,0.0,0.0,0.0,-3.6857,0.0,0.0,0.0,0.0,2.0,0.0,1.7341,0.0,0.0,0.0,3.0,36.5,-6.0,40.0
2012_13_IND_DET,2012,13,DET,IND,0.409,52.5775,69.4964,70.5941,140.0905,1.0,0.36,0.2167,0.0,0.0,0.0,0.0,4.3487,0.0,0.0,0.0,0.0,0.0,0.0,0.2412,1.0,0.0,0.0,7.0,51.5,-2.0,68.0
2012_13_MIN_GB,2012,13,GB,MIN,5.7549,50.1893,67.9395,66.7221,134.6616,1.0,0.0,7.9631,0.0,0.0,0.0,0.0,-0.5317,1.0,0.0,0.0,5.7549,0.0,0.0,0.257,0.0,0.0,0.0,7.0,47.0,9.0,37.0
2012_13_CAR_KC,2012,13,KC,CAR,-10.9941,41.921,65.7775,60.2918,126.0693,1.0,0.12,-4.3389,-1.8285,0.0,-1.8285,-1.8285,-1.2352,0.0,0.0,0.0,-0.0,-1.0,0.0,0.795,0.0,0.0,0.0,-5.0,41.0,6.0,48.0
2012_13_NE_MIA,2012,13,MIA,NE,-12.3822,55.1668,65.7656,73.5717,139.3373,1.0,-0.36,-9.9935,0.0,0.0,0.0,0.0,-1.2797,1.0,0.0,0.0,-12.3822,0.0,0.0,1.2258,0.0,8.0,0.0,-7.0,51.0,-7.0,39.0
2012_13_ARI_NYJ,2012,13,NYJ,ARI,2.4429,27.7466,65.1902,68.602,133.7923,1.0,0.36,2.0962,0.0,-1.1059,1.1059,-1.1059,-0.6529,0.0,0.0,0.0,0.0,2.0,1.0,2.1441,0.0,0.0,0.0,6.0,37.0,1.0,13.0
2012_13_SF_STL,2012,13,STL,SF,-7.479,46.338,64.947,62.1581,127.1051,1.0,0.0,-11.57,1.9135,-0.1064,2.0199,1.807,0.2692,1.0,0.0,0.0,-7.479,2.0,0.0,1.7235,1.0,0.0,0.0,-7.0,40.5,3.0,29.0
2012_13_HOU_TEN,2012,13,TEN,HOU,-9.9978,45.6204,62.7373,71.218,133.9553,1.0,-0.36,-9.8548,3.4818,0.0,3.4818,3.4818,1.5618,1.0,0.0,0.0,-9.9978,0.0,0.0,0.6715,0.0,9.0,0.0,-7.0,47.5,-14.0,34.0
2012_13_TB_DEN,2012,13,DEN,TB,3.3237,45.7608,66.0043,64.8033,130.8076,1.0,0.0,4.4232,0.0,0.0,0.0,0.0,4.7558,0.0,0.0,0.0,0.0,-2.0,0.0,1.5198,0.0,0.0,0.0,9.5,50.0,8.0,54.0
2012_13_PIT_BAL,2012,13,BAL,PIT,1.2971,40.5807,61.5889,71.7768,133.3657,1.0,0.0,3.5285,0.0,-6.095,6.095,-6.095,-1.4503,1.0,0.0,0.0,1.2971,0.0,0.0,0.1972,0.0,0.0,0.0,7.0,36.5,-3.0,43.0
2012_13_CLE_OAK,2012,13,OAK,CLE,2.4667,39.0429,70.4141,65.221,135.6351,1.0,0.0,-0.5126,4.513,0.0,4.513,4.513,1.4461,0.0,0.0,0.0,0.0,-3.0,0.0,2.1511,0.0,11.0,0.0,-2.5,39.5,-3.0,37.0
2012_13_CIN_SD,2012,13,SD,CIN,-3.9402,47.3842,64.8068,65.4286,130.2355,1.0,0.0,-1.8345,6.3042,0.0,6.3042,6.3042,-3.787,0.0,0.0,0.0,-0.0,-3.0,0.0,1.8647,0.0,4.0,0.0,1.0,45.0,-7.0,33.0
2012_13_PHI_DAL,2012,13,DAL,PHI,4.8281,46.7837,66.9285,66.0012,132.9297,1.0,0.48,3.1956,0.0,-4.667,4.667,-4.667,5.9109,1.0,1.0,1.0,4.8281,-1.0,0.0,1.3126,1.0,0.0,0.0,10.5,44.0,5.0,71.0
2012_13_NYG_WAS,2012,13,WAS,NYG,-0.2218,51.5313,63.2953,66.3835,129.6788,1.0,0.36,-7.3101,0.0,0.0,0.0,0.0,-4.2716,1.0,1.0,1.0,-0.2218,0.0,0.0,0.1981,0.0,0.0,0.0,-2.5,50.0,1.0,33.0
2012_14_DEN_OAK,2012,14,OAK,DEN,-5.7292,42.4543,67.9707,66.6257,134.5964,1.0,0.0,-10.4149,4.9039,0.0,4.9039,4.9039,-3.8471,1.0,1.0,1.0,-5.7292,-1.0,0.0,0.9345,0.0,0.0,0.0,-10.0,47.0,-13.0,39.0
2012_14_STL_BUF,2012,14,BUF,STL,-1.52,47.5546,63.9852,66.8918,130.877,1.0,0.0,1.4208,0.0,1.9763,-1.9763,1.9763,-0.2226,0.0,0.0,0.0,-0.0,1.0,0.0,0.6615,0.0,4.0,8.0,3.5,42.0,-3.0,27.0
2012_14_ATL_CAR,2012,14,CAR,ATL,-2.4674,45.6747,60.8436,66.0449,126.8885,1.0,-0.36,-11.2282,0.0,0.0,0.0,0.0,-1.3371,1.0,0.0,0.0,-2.4674,0.0,0.0,0.2261,0.0,0.0,0.0,-3.0,46.5,10.0,50.0
2012_14_DAL_CIN,2012,14,CIN,DAL,4.7918,48.1608,63.891,67.0884,130.9794,1.0,0.0,2.3467,0.0,0.0,0.0,0.0,1.516,0.0,0.0,0.0,0.0,1.0,0.0,0.8281,0.0,0.0,0.0,3.5,46.0,-1.0,39.0
2012_14_KC_CLE,2012,14,CLE,KC,6.2993,40.5292,60.3556,70.4252,130.7809,1.0,0.0,2.8889,0.0,-0.2333,0.2333,-0.2333,-1.2555,0.0,0.0,0.0,0.0,1.0,0.0,0.6943,0.0,0.0,1.0,7.0,38.0,23.0,37.0
2012_14_TEN_IND,2012,14,IND,TEN,2.986,48.8368,72.1473,63.6151,135.7624,1.0,0.0,2.3083,0.0,0.0,0.0,0.0,-5.4079,1.0,0.0,0.0,2.986,1.0,0.0,0.2505,1.0,0.0,0.0,3.5,47.0,4.0,50.0
2012_14_NYJ_JAX,2012,14,JAX,NYJ,-6.4545,38.2839,64.7284,70.8064,135.5347,1.0,0.0,-5.5182,3.4427,0.0,3.4427,3.4427,-2.5575,0.0,0.0,0.0,-0.0,0.0,0.0,0.8394,0.0,0.0,0.0,-3.0,39.5,-7.0,27.0
2012_14_CHI_MIN,2012,14,MIN,CHI,-4.8555,38.0746,63.0226,67.2295,130.2521,1.0,0.0,-5.0495,0.0,0.0,0.0,0.0,4.7639,1.0,0.0,0.0,-4.8555,0.0,0.0,0.3553,1.0,0.0,0.0,-1.0,40.5,7.0,35.0
2012_14_SD_PIT,2012,14,PIT,SD,1.4009,41.263,66.7197,61.1024,127.822,1.0,0.0,5.2105,0.0,5.9239,-5.9239,5.9239,2.0485,0.0,0.0,0.0,0.0,3.0,1.0,2.1082,0.0,0.0,0.0,7.0,37.5,-10.0,58.0
2012_14_PHI_TB,2012,14,TB,PHI,7.1449,50.3071,61.5682,68.1571,129.7253,1.0,0.0,4.0986,0.0,-3.557,3.557,-3.557,0.9074,0.0,0.0,0.0,0.0,0.0,0.0,0.9242,0.0,0.0,0.0,8.0,47.5,-2.0,44.0
2012_14_BAL_WAS,2012,14,WAS,BAL,1.6262,50.3165,67.7997,66.8892,134.6889,1.0,-0.12,-7.0394,0.0,0.0,0.0,0.0,-3.4289,0.0,0.0,0.0,0.0,0.0,0.0,0.0287,0.0,0.0,0.0,1.0,47.5,3.0,59.0
2012_14_MIA_SF,2012,14,SF,MIA,9.6358,42.6862,66.2116,62.6342,128.8458,1.0,0.0,7.8666,0.3629,0.0,0.3629,0.3629,-1.2765,0.0,0.0,0.0,0.0,-3.0,0.0,2.5549,0.0,0.0,0.0,10.5,38.5,14.0,40.0
2012_14_NO_NYG,2012,14,NYG,NO,4.3918,52.731,67.6024,63.8506,131.453,1.0,-0.48,2.3641,0.0,0.0,0.0,0.0,-0.3243,0.0,0.0,0.0,0.0,1.0,0.0,1.1699,0.0,0.0,3.0,4.0,52.5,25.0,79.0
2012_14_ARI_SEA,2012,14,SEA,ARI,6.5185,34.819,64.2731,63.48,127.7531,1.0,0.0,5.7882,0.0,0.0,0.0,0.0,-0.6291,1.0,0.0,0.0,6.5185,-1.0,0.0,1.1043,0.0,0.0,0.0,10.5,36.0,58.0,58.0
2012_14_DET_GB,2012,14,GB,DET,4.9656,50.5917,68.1184,72.6228,140.7412,1.0,0.0,7.6363,0.0,0.0,0.0,0.0,-3.8759,1.0,1.0,1.0,4.9656,-1.0,0.0,0.2927,0.0,0.0,12.0,6.0,49.5,7.0,47.0
2012_14_HOU_NE,2012,14,NE,HOU,0.9368,53.7984,72.1903,71.9157,144.106,1.0,0.0,1.5598,0.0,0.0,0.0,0.0,-1.1413,0.0,1.0,1.0,0.0,1.0,0.0,1.5919,0.0,0.0,0.0,5.5,50.5,28.0,56.0
2012_15_CIN_PHI,2012,15,PHI,CIN,-8.9296,47.796,67.581,64.6456,132.2266,1.0,0.0,-5.5385,-2.1831,0.0,-2.1831,-2.1831,-6.2978,0.0,1.0,1.0,-0.0,0.0,0.0,0.5013,0.0,0.0,9.0,-4.5,45.0,-21.0,47.0
2012_15_NYG_ATL,2012,15,ATL,NYG,-1.6852,46.2219,64.2866,63.5651,127.8516,1.0,0.0,-0.4879,0.0,0.0,0.0,0.0,-1.1537,0.0,0.0,0.0,-0.0,0.0,0.0,0.7475,1.0,0.0,0.0,1.0,50.0,34.0,34.0
2012_15_DEN_BAL,2012,15,BAL,DEN,-3.8165,42.7589,65.6148,72.28,137.8948,1.0,-0.36,-0.3278,0.0,0.0,0.0,0.0,-2.5078,0.0,0.0,0.0,-0.0,2.0,1.0,1.5078,0.0,0.0,0.0,-3.0,48.0,-17.0,51.0
2012_15_GB_CHI,2012,15,CHI,GB,-2.1277,41.4044,67.5104,64.1317,131.6421,1.0,0.0,-4.8937,0.0,0.0,0.0,0.0,-2.714,1.0,0.0,0.0,-2.1277,0.0,0.0,0.1837,0.0,0.0,1.0,-3.0,43.0,-8.0,34.0
2012_15_WAS_CLE,2012,15,CLE,WAS,-4.9645,48.2489,65.7562,66.8368,132.5931,1.0,0.0,-2.377,0.0,-5.9583,5.9583,-5.9583,0.7878,0.0,0.0,0.0,-0.0,0.0,0.0,0.3119,0.0,8.0,0.0,4.0,40.5,-17.0,59.0
2012_15_IND_HOU,2012,15,HOU,IND,7.4744,49.7872,68.8971,71.5451,140.4422,1.0,-0.12,7.0149,0.0,0.0,0.0,0.0,5.6341,1.0,0.0,0.0,7.4744,-1.0,0.0,0.8709,1.0,0.0,0.0,10.5,47.5,12.0,46.0
2012_15_JAX_MIA,2012,15,MIA,JAX,4.9652,42.3171,65.9293,66.9267,132.856,1.0,0.0,6.0275,0.0,2.8627,-2.8627,2.8627,5.3575,0.0,0.0,0.0,0.0,0.0,0.0,0.3135,0.0,3.0,0.0,7.5,38.5,21.0,27.0
2012_15_TB_NO,2012,15,NO,TB,-0.845,51.1369,67.557,66.1119,133.6689,1.0,0.0,3.0626,0.0,0.0,0.0,0.0,2.7374,1.0,0.0,0.0,-0.845,-1.0,0.0,0.4779,1.0,0.0,0.0,3.5,54.5,41.0,41.0
2012_15_MIN_STL,2012,15,STL,MIN,1.4858,45.4741,69.9093,63.1777,133.087,1.0,0.0,-1.346,2.1824,0.0,2.1824,2.1824,-0.241,0.0,0.0,0.0,0.0,0.0,0.0,0.4657,1.0,0.0,0.0,1.0,39.0,-14.0,58.0
2012_15_DET_ARI,2012,15,ARI,DET,-5.1202,31.7872,65.3425,72.6317,137.9743,1.0,0.0,-3.1821,-1.708,0.0,-1.708,-1.708,-3.4095,0.0,0.0,0.0,-0.0,-2.0,0.0,1.6944,1.0,0.0,0.0,-5.5,43.5,28.0,48.0
2012_15_SEA_BUF,2012,15,BUF,SEA,-5.4707,49.8676,60.2773,65.5156,125.7928,1.0,0.0,-5.0645,0.0,0.0,0.0,0.0,-1.4057,0.0,0.0,0.0,-0.0,3.0,0.0,2.1182,1.0,0.0,0.0,-4.5,44.0,-33.0,67.0
2012_15_CAR_SD,2012,15,SD,CAR,-2.6501,48.1267,65.8556,63.7134,129.569,1.0,0.0,2.4756,6.1004,0.0,6.1004,6.1004,1.0047,0.0,0.0,0.0,-0.0,-3.0,0.0,2.0728,0.0,0.0,0.0,3.0,45.0,-24.0,38.0
2012_15_PIT_DAL,2012,15,DAL,PIT,-0.6414,44.0881,64.9097,63.7178,128.6275,1.0,0.0,-2.4581,0.0,0.0,0.0,0.0,-0.6742,0.0,0.0,0.0,-0.0,-1.0,0.0,1.0838,1.0,0.0,0.0,-1.0,45.5,3.0,51.0
2012_15_KC_OAK,2012,15,OAK,KC,7.6606,45.3528,61.7867,65.2812,127.0678,1.0,0.36,1.6059,4.9574,-1.0831,6.0405,3.8743,2.6065,1.0,0.0,0.0,7.6606,-2.0,0.0,1.4978,0.0,0.0,0.0,4.5,44.0,15.0,15.0
2012_15_SF_NE,2012,15,NE,SF,2.9335,55.4925,71.0949,64.4514,135.5463,1.0,-0.12,3.4365,0.0,0.2327,-0.2327,0.2327,2.5519,0.0,1.0,1.0,0.0,3.0,0.0,2.6737,0.0,0.0,11.0,4.0,47.0,-7.0,75.0
2012_15_NYJ_TEN,2012,15,TEN,NYJ,-2.7278,35.3906,64.7496,68.0218,132.7714,1.0,0.0,-2.3423,0.0,0.0,0.0,0.0,2.7378,0.0,1.0,1.0,-0.0,-1.0,0.0,0.7571,0.0,0.0,0.0,1.0,40.0,4.0,24.0
2012_16_ATL_DET,2012,16,DET,ATL,-7.225,45.3884,69.2406,64.499,133.7396,1.0,0.0,-10.1673,0.0,0.0,0.0,0.0,3.163,0.0,1.0,1.0,-0.0,0.0,0.0,0.5977,1.0,0.0,0.0,-3.5,50.0,-13.0,49.0
2012_16_OAK_CAR,2012,16,CAR,OAK,4.5063,48.9981,64.7637,64.2863,129.05,1.0,0.0,3.8984,0.0,4.8722,-4.8722,4.8722,-0.4693,0.0,0.0,0.0,0.0,3.0,1.0,2.285,0.0,0.0,0.0,9.5,47.5,11.0,23.0
2012_16_NO_DAL,2012,16,DAL,NO,-1.0744,53.459,70.8995,63.8429,134.7424,1.0,0.0,-2.5233,0.0,0.0,0.0,0.0,-0.3313,0.0,0.0,0.0,-0.0,0.0,0.0,0.4566,1.0,0.0,0.0,1.0,55.0,-3.0,65.0
2012_16_TEN_GB,2012,16,GB,TEN,7.9772,48.434,67.9605,64.8451,132.8056,1.0,0.12,9.9285,0.0,0.0,0.0,0.0,-3.2065,0.0,0.0,0.0,0.0,0.0,0.0,0.5799,0.0,0.0,21.0,10.5,44.0,48.0,62.0
2012_16_MIN_HOU,2012,16,HOU,MIN,5.6363,46.8961,74.3507,63.1074,137.4581,1.0,0.0,7.5401,0.0,0.0,0.0,0.0,2.5984,0.0,0.0,0.0,0.0,0.0,0.0,1.0629,1.0,0.0,0.0,7.5,43.0,-17.0,29.0
2012_16_NE_JAX,2012,16,JAX,NE,-18.7355,55.3946,67.1109,76.9328,144.0437,1.0,0.0,-17.6374,0.0,0.0,0.0,0.0,-5.0993,0.0,0.0,0.0,-0.0,0.0,0.0,0.9961,0.0,0.0,0.0,-14.0,51.5,-7.0,39.0
2012_16_IND_KC,2012,16,KC,IND,-6.8389,48.972,63.3567,66.3597,129.7164,1.0,0.0,-7.7373,-2.4656,0.0,-2.4656,-2.4656,0.7396,0.0,0.0,0.0,-0.0,-1.0,0.0,0.4468,0.0,0.0,20.0,-4.5,41.5,-7.0,33.0
2012_16_BUF_MIA,2012,16,MIA,BUF,2.0677,46.4812,63.7516,64.7962,128.5478,1.0,0.0,2.5206,0.0,0.0,0.0,0.0,2.8386,1.0,0.0,0.0,2.0677,0.0,0.0,1.1648,0.0,0.0,0.0,5.0,43.5,14.0,34.0
2012_16_SD_NYJ,2012,16,NYJ,SD,-1.9387,37.623,66.9462,65.7456,132.6918,1.0,-0.12,0.1514,2.3907,5.6072,-3.2165,7.9979,0.1101,0.0,0.0,0.0,-0.0,3.0,1.0,2.4201,0.0,3.0,6.0,3.0,37.0,-10.0,44.0
2012_16_WAS_PHI,2012,16,PHI,WAS,-9.7555,50.656,66.176,64.7495,130.9255,1.0,0.36,-5.3488,0.0,0.0,0.0,0.0,0.5526,1.0,0.0,0.0,-9.7555,0.0,0.0,0.1136,0.0,1.0,5.0,-3.5,46.0,-7.0,47.0
2012_16_CIN_PIT,2012,16,PIT,CIN,-3.2677,40.968,64.5865,63.1967,127.7832,1.0,-0.36,-0.6508,0.0,0.0,0.0,0.0,-0.884,1.0,0.0,0.0,-3.2677,0.0,0.0,0.2566,0.0,0.0,10.0,3.5,40.0,-3.0,23.0
2012_16_STL_TB,2012,16,TB,STL,-1.1764,47.1945,65.0337,67.2711,132.3049,1.0,0.0,1.8336,0.0,2.2711,-2.2711,2.2711,-1.2634,0.0,0.0,0.0,-0.0,1.0,0.0,0.859,0.0,0.0,0.0,3.0,43.5,-15.0,41.0
2012_16_CLE_DEN,2012,16,DEN,CLE,10.3455,39.3947,71.5609,64.5519,136.1128,1.0,0.0,10.6363,0.0,0.0,0.0,0.0,5.1555,0.0,0.0,0.0,0.0,-2.0,0.0,1.2253,0.0,5.0,0.0,11.0,43.5,22.0,46.0
2012_16_CHI_ARI,2012,16,ARI,CHI,-5.6852,23.8377,63.867,65.617,129.484,1.0,0.0,-4.4317,-2.0759,0.0,-2.0759,-2.0759,4.3512,0.0,0.0,0.0,-0.0,-1.0,0.0,1.4588,1.0,0.0,0.0,-7.0,35.5,-15.0,41.0
2012_16_NYG_BAL,2012,16,BAL,NYG,-2.0067,44.9969,63.739,68.7221,132.4612,1.0,0.0,-1.1162,0.0,0.0,0.0,0.0,-0.4766,0.0,0.0,0.0,-0.0,0.0,0.0,0.1715,0.0,0.0,0.0,-1.0,48.0,19.0,47.0
2012_16_SF_SEA,2012,16,SEA,SF,-2.3433,49.0211,65.5145,60.4994,126.0139,1.0,0.0,-4.5596,0.0,0.0,0.0,0.0,0.784,1.0,1.0,1.0,-2.3433,0.0,0.0,0.7045,0.0,0.0,0.0,2.5,40.0,29.0,55.0
2012_17_TB_ATL,2012,17,ATL,TB,8.3652,48.1386,65.0949,64.3506,129.4455,1.0,0.12,10.7531,0.0,0.0,0.0,0.0,0.7773,1.0,0.0,0.0,8.3652,0.0,0.0,0.4149,1.0,0.0,0.0,3.0,46.0,-5.0,39.0
2012_17_NYJ_BUF,2012,17,BUF,NYJ,-2.0605,40.8537,63.0633,66.2241,129.2874,1.0,0.0,-1.603,0.0,0.0,0.0,0.0,0.5912,1.0,0.0,0.0,-2.0605,0.0,0.0,0.2779,0.0,8.0,17.0,3.5,40.5,19.0,37.0
2012_17_BAL_CIN,2012,17,CIN,BAL,1.4885,40.375,69.1897,65.2101,134.3998,1.0,0.0,-1.9411,0.0,-2.6314,2.6314,-2.6314,0.5539,1.0,0.0,0.0,1.4885,0.0,0.0,0.4228,0.0,0.0,19.0,5.5,43.0,6.0,40.0
2012_17_CHI_DET,2012,17,DET,CHI,-5.2174,38.0955,72.936,62.1794,135.1154,1.0,0.12,-5.4885,0.0,0.0,0.0,0.0,7.7468,1.0,0.0,0.0,-5.2174,1.0,0.0,0.2366,1.0,0.0,0.0,-3.0,46.0,-2.0,50.0
2012_17_HOU_IND,2012,17,IND,HOU,-6.637,49.6242,69.9343,68.2211,138.1554,1.0,0.0,-5.7476,0.0,0.0,0.0,0.0,-5.8045,1.0,0.0,0.0,-6.637,1.0,0.0,0.8709,1.0,0.0,0.0,-6.5,47.0,12.0,44.0
2012_17_CAR_NO,2012,17,NO,CAR,-2.7592,52.334,66.8521,65.8061,132.6583,1.0,0.0,4.0923,0.0,0.0,0.0,0.0,3.5429,1.0,0.0,0.0,-2.7592,-1.0,0.0,0.6487,1.0,0.0,0.0,4.0,53.5,-6.0,82.0
2012_17_PHI_NYG,2012,17,NYG,PHI,7.0921,46.7615,61.4438,67.5633,129.0072,1.0,0.0,9.1824,0.0,3.424,-3.424,3.424,1.435,1.0,0.0,0.0,7.0921,0.0,0.0,0.0854,0.0,3.0,13.0,6.5,44.0,35.0,49.0
2012_17_CLE_PIT,2012,17,PIT,CLE,3.0447,39.7561,69.6733,61.4425,131.1158,1.0,0.0,5.5304,0.0,-2.8153,2.8153,-2.8153,3.1244,1.0,0.0,0.0,3.0447,0.0,0.0,0.1143,0.0,2.0,17.0,10.0,36.5,14.0,34.0
2012_17_JAX_TEN,2012,17,TEN,JAX,3.4808,40.9561,66.634,68.0902,134.7242,1.0,0.0,5.2599,0.0,0.0,0.0,0.0,3.6938,1.0,0.0,0.0,3.4808,-1.0,0.0,0.5008,0.0,0.0,6.0,6.0,42.0,18.0,58.0
2012_17_KC_DEN,2012,17,DEN,KC,15.6877,44.0357,66.3107,64.1606,130.4712,1.0,0.0,15.7124,0.0,0.0,0.0,0.0,7.7619,1.0,0.0,0.0,15.6877,-1.0,0.0,0.5643,0.0,0.0,10.0,17.0,41.0,35.0,41.0
2012_17_GB_MIN,2012,17,MIN,GB,-5.1604,50.4838,63.6283,70.6363,134.2646,1.0,0.0,-6.292,0.0,0.0,0.0,0.0,-0.167,1.0,0.0,0.0,-5.1604,0.0,0.0,0.257,1.0,0.0,0.0,-3.0,45.5,3.0,71.0
2012_17_MIA_NE,2012,17,NE,MIA,8.823,52.2632,74.8544,65.9829,140.8372,1.0,0.0,9.862,0.0,0.0,0.0,0.0,-1.7167,1.0,0.0,0.0,8.823,0.0,0.0,1.2258,0.0,5.0,17.0,11.5,48.0,28.0,28.0
2012_17_OAK_SD,2012,17,SD,OAK,0.0,44.9566,66.157,66.157,132.3141,1.0,0.0,4.8531,5.629,2.7724,2.8566,8.4013,0.0,1.0,0.0,0.0,0.0,0.0,0.0,0.4471,0.0,0.0,0.0,9.5,41.0,3.0,45.0
2012_17_STL_SEA,2012,17,SEA,STL,7.0714,49.8743,64.0734,62.7,126.7733,1.0,0.0,7.5756,0.0,2.5883,-2.5883,2.5883,0.1988,1.0,0.0,0.0,7.0714,-2.0,0.0,1.7205,0.0,0.0,4.0,11.0,41.5,7.0,33.0
2012_17_ARI_SF,2012,17,SF,ARI,14.1228,31.0453,63.1279,66.4615,129.5894,1.0,0.0,10.7114,0.0,5.2809,-5.2809,5.2809,-0.9595,1.0,0.0,0.0,14.1228,-1.0,0.0,0.608,0.0,0.0,0.0,16.0,39.0,14.0,40.0
2012_17_DAL_WAS,2012,17,WAS,DAL,4.9198,56.854,63.701,67.2445,130.9455,1.0,0.0,1.1397,0.0,0.0,0.0,0.0,-3.5959,1.0,1.0,1.0,4.9198,1.0,0.0,1.2074,0.0,0.0,8.0,3.0,49.0,10.0,46.0
2012_18_CIN_HOU,2012,18,HOU,CIN,0.0375,40.5899,68.174,65.772,133.946,1.0,0.0,0.5531,0.0,0.0,0.0,0.0,0.3295,0.0,0.0,0.0,0.0,-1.0,0.0,0.8979,1.0,0.0,0.0,4.0,42.5,6.0,32.0
2012_18_MIN_GB,2012,18,GB,MIN,3.9345,53.8736,69.8308,64.4687,134.2995,1.0,0.0,4.8965,0.0,1.1064,-1.1064,1.1064,-0.9356,1.0,1.0,1.0,3.9345,0.0,0.0,0.257,0.0,0.0,16.0,10.5,44.0,14.0,34.0
2012_18_IND_BAL,2012,18,BAL,IND,4.1211,48.1823,67.8156,70.0829,137.8985,1.0,0.0,3.0191,0.0,0.0,0.0,0.0,4.8322,0.0,0.0,0.0,0.0,0.0,0.0,0.5094,0.0,0.0,0.0,7.5,47.5,15.0,33.0
2012_18_SEA_WAS,2012,18,WAS,SEA,-1.8751,55.5222,60.8527,63.2326,124.0853,1.0,0.0,-3.5484,0.0,0.0,0.0,0.0,-1.4321,0.0,0.0,0.0,-0.0,3.0,0.0,2.3298,0.0,0.0,0.0,-3.0,44.5,-10.0,38.0
2012_19_BAL_DEN,2012,19,DEN,BAL,6.8619,43.9688,72.883,65.5663,138.4493,1.0,0.84,2.2496,0.0,0.0,0.0,0.0,2.8906,0.0,0.0,0.0,0.0,-2.0,0.0,1.5078,0.0,0.0,32.0,9.5,44.0,-3.0,73.0
2012_19_GB_SF,2012,19,SF,GB,0.8134,52.0268,63.2935,67.0173,130.3108,1.0,0.72,-0.8077,0.0,0.0,0.0,0.0,-1.6057,0.0,1.0,1.0,0.0,-2.0,0.0,1.8218,0.0,0.0,0.0,3.0,45.0,14.0,76.0
2012_19_SEA_ATL,2012,19,ATL,SEA,-3.907,50.1884,61.3275,62.5195,123.847,1.0,0.84,0.159,0.0,0.0,0.0,0.0,-0.0597,0.0,0.0,0.0,-0.0,3.0,1.0,2.1774,1.0,0.0,0.0,2.5,46.0,2.0,58.0
2012_19_HOU_NE,2012,19,NE,HOU,4.0662,51.7641,72.9438,70.2466,143.1904,1.0,0.72,4.8832,0.0,0.0,0.0,0.0,-1.4264,0.0,0.0,0.0,0.0,1.0,0.0,1.5919,0.0,0.0,0.0,9.5,50.5,13.0,69.0
2012_20_SF_ATL,2012,20,ATL,SF,-3.6746,48.8874,63.9251,62.8943,126.8194,1.0,-0.12,-1.0028,0.0,0.0,0.0,0.0,0.3654,0.0,0.0,0.0,-0.0,3.0,0.0,2.1123,1.0,0.0,0.0,-3.5,47.5,-4.0,52.0
2012_20_BAL_NE,2012,20,NE,BAL,6.3131,52.0792,78.1162,70.6487,148.7649,1.0,-0.12,4.8915,0.0,0.0,0.0,0.0,-1.7536,0.0,0.0,0.0,0.0,0.0,0.0,0.3414,0.0,8.0,4.0,8.0,49.5,-15.0,41.0
2012_21_BAL_SF,2012,21,SF,BAL,4.1126,49.1926,68.6839,67.7228,136.4067,0.0,0.0,1.3885,0.0,0.0,0.0,0.0,-2.4283,0.0,0.0,0.0,0.0,0.0,0.0,0.0,1.0,0.0,0.0,4.5,47.5,-3.0,65.0
2013_01_BAL_DEN,2013,1,DEN,BAL,3.693,45.9701,75.3194,68.0558,143.3752,1.0,0.0,-0.7888,0.0,0.0,0.0,0.0,2.3634,0.0,1.0,1.0,0.0,-2.0,0.0,1.5078,0.0,0.0,0.0,7.5,48.5,22.0,76.0
2013_01_NE_BUF,2013,1,BUF,NE,-10.5468,54.8492,65.8681,74.1513,140.0194,1.0,0.0,-8.0757,-3.708,0.0,-3.708,-3.708,-1.2716,1.0,0.0,0.0,-10.5468,0.0,0.0,0.3864,0.0,1.0,0.0,-10.0,50.5,-2.0,44.0
2013_01_SEA_CAR,2013,1,CAR,SEA,-1.3137,50.5832,61.3687,62.9767,124.3454,1.0,0.0,-3.5985,0.0,0.0,0.0,0.0,-0.572,0.0,0.0,0.0,-0.0,3.0,1.0,2.2805,0.0,0.0,0.0,-3.0,44.5,-5.0,19.0
2013_01_CIN_CHI,2013,1,CHI,CIN,0.6868,35.0787,65.2455,63.6702,128.9158,1.0,0.0,-0.6364,0.0,0.0,0.0,0.0,-5.3857,0.0,0.0,0.0,0.0,-1.0,0.0,0.2512,0.0,1.0,0.0,3.0,41.5,3.0,45.0
2013_01_MIA_CLE,2013,1,CLE,MIA,-0.9358,42.2228,66.5435,66.9695,133.513,1.0,0.0,-2.7503,0.0,0.0,0.0,0.0,-2.7445,0.0,0.0,0.0,-0.0,0.0,0.0,1.0776,0.0,3.0,0.0,2.5,40.5,-13.0,33.0
2013_01_MIN_DET,2013,1,DET,MIN,-3.5146,46.9865,74.5584,62.2193,136.7778,1.0,0.0,-3.6047,0.0,0.0,0.0,0.0,2.9404,1.0,0.0,0.0,-3.5146,1.0,0.0,0.5415,1.0,0.0,0.0,4.0,46.0,10.0,58.0
2013_01_OAK_IND,2013,1,IND,OAK,-1.9577,50.2724,70.4703,64.9351,135.4055,1.0,0.0,4.237,0.0,3.4479,-3.4479,3.4479,-3.0267,0.0,0.0,0.0,-0.0,3.0,1.0,1.9337,1.0,0.0,0.0,11.0,45.0,4.0,38.0
2013_01_KC_JAX,2013,1,JAX,KC,1.0318,44.0685,63.3302,66.959,130.2892,1.0,0.0,-0.0194,0.0539,3.8226,-3.7687,3.8765,1.2012,0.0,0.0,0.0,0.0,1.0,0.0,0.945,0.0,0.0,0.0,-3.5,42.5,-26.0,30.0
2013_01_ATL_NO,2013,1,NO,ATL,-3.401,52.619,65.4073,67.7178,133.1252,1.0,0.0,-2.3869,0.0,0.0,0.0,0.0,2.7326,1.0,0.0,0.0,-3.401,-1.0,0.0,0.4244,1.0,0.0,0.0,3.5,54.5,6.0,40.0
2013_01_TB_NYJ,2013,1,NYJ,TB,-3.1553,40.0236,66.7337,64.8887,131.6224,1.0,0.0,-1.1479,-0.5779,0.0,-0.5779,-0.5779,0.2453,0.0,0.0,0.0,-0.0,0.0,0.0,1.0076,0.0,0.0,0.0,-4.0,40.0,1.0,35.0
2013_01_TEN_PIT,2013,1,PIT,TEN,4.3795,40.6129,67.5545,60.0013,127.5558,1.0,0.0,2.8368,0.0,0.0,0.0,0.0,0.0967,0.0,0.0,0.0,0.0,1.0,0.0,0.4705,0.0,0.0,0.0,6.0,42.0,-7.0,25.0
2013_01_GB_SF,2013,1,SF,GB,1.6514,55.0948,64.1278,66.2891,130.417,1.0,0.0,0.8558,0.0,0.0,0.0,0.0,-1.0269,0.0,0.0,0.0,0.0,-2.0,0.0,1.8218,0.0,0.0,0.0,5.0,47.0,6.0,62.0
2013_01_ARI_STL,2013,1,STL,ARI,5.6085,33.3762,66.1508,65.537,131.6877,1.0,0.0,1.1464,4.1441,6.2327,-2.0887,10.3768,-0.1902,1.0,0.0,0.0,5.6085,1.0,0.0,1.2786,1.0,0.0,0.0,3.5,42.5,3.0,51.0
2013_01_NYG_DAL,2013,1,DAL,NYG,-3.5846,51.7895,66.1462,62.243,128.3892,1.0,0.0,-3.3292,0.0,0.0,0.0,0.0,1.1756,1.0,1.0,1.0,-3.5846,-1.0,0.0,1.3851,1.0,0.0,0.0,3.5,49.5,5.0,67.0
2013_01_PHI_WAS,2013,1,WAS,PHI,10.5352,49.9011,62.5062,68.2196,130.7259,1.0,0.0,4.6081,0.0,0.0,0.0,0.0,0.9679,1.0,1.0,1.0,10.5352,0.0,0.0,0.1136,0.0,0.0,0.0,4.0,51.0,-6.0,60.0
2013_01_HOU_SD,2013,1,SD,HOU,-3.7784,45.7147,65.4594,68.9738,134.4332,1.0,0.0,-3.2939,3.685,0.0,3.685,3.685,-2.2298,0.0,1.0,1.0,-0.0,-2.0,0.0,1.298,0.0,0.0,0.0,-5.0,44.0,-3.0,59.0
2013_02_NYJ_NE,2013,2,NE,NYJ,8.3541,44.3584,73.3277,69.114,142.4417,1.0,0.0,8.5695,0.0,2.9452,-2.9452,2.9452,1.2716,1.0,1.0,1.0,8.3541,0.0,0.0,0.1702,0.0,0.0,0.0,10.5,43.0,3.0,23.0
2013_02_STL_ATL,2013,2,ATL,STL,2.961,47.336,64.4924,64.3139,128.8063,1.0,0.0,4.6767,0.0,4.3303,-4.3303,4.3303,-0.7494,0.0,0.0,0.0,0.0,1.0,0.0,0.4664,1.0,0.0,0.0,4.0,47.5,7.0,55.0
2013_02_CLE_BAL,2013,2,BAL,CLE,5.9409,44.4818,72.3746,70.4278,142.8024,1.0,0.36,8.1208,0.0,0.0,0.0,0.0,4.3331,1.0,0.0,0.0,5.9409,0.0,0.0,0.3083,0.0,0.0,0.0,5.5,43.5,8.0,20.0
2013_02_CAR_BUF,2013,2,BUF,CAR,-5.6586,47.6116,62.2026,66.2851,128.4877,1.0,0.0,-2.0286,-0.6041,0.0,-0.6041,-0.6041,0.5235,0.0,0.0,0.0,-0.0,0.0,0.0,0.5332,0.0,0.0,0.0,-3.5,43.5,1.0,47.0
2013_02_MIN_CHI,2013,2,CHI,MIN,2.5192,42.4675,67.6913,61.6789,129.3702,1.0,0.0,2.0451,0.0,0.0,0.0,0.0,-3.3355,1.0,0.0,0.0,2.5192,0.0,0.0,0.3553,0.0,0.0,0.0,6.0,41.0,1.0,61.0
2013_02_WAS_GB,2013,2,GB,WAS,1.8733,56.4774,67.3639,66.6387,134.0026,1.0,0.12,4.0637,0.0,0.0,0.0,0.0,1.354,0.0,0.0,0.0,0.0,-1.0,0.0,0.694,0.0,0.0,0.0,9.0,48.5,18.0,58.0
2013_02_TEN_HOU,2013,2,HOU,TEN,6.0447,43.1741,69.9802,61.7043,131.6845,1.0,-0.12,4.0981,0.0,0.0,0.0,0.0,0.8718,1.0,0.0,0.0,6.0447,0.0,0.0,0.6715,1.0,0.0,0.0,7.5,42.5,6.0,54.0
2013_02_MIA_IND,2013,2,IND,MIA,-0.8111,49.9421,71.5841,62.7863,134.3703,1.0,0.0,0.187,0.0,0.0,0.0,0.0,-5.2665,0.0,0.0,0.0,-0.0,0.0,0.0,1.0132,0.0,0.0,0.0,1.0,43.5,-4.0,44.0
2013_02_DAL_KC,2013,2,KC,DAL,-4.1638,43.8656,62.5118,65.879,128.3908,1.0,0.0,-4.7989,3.6877,0.0,3.6877,3.6877,-3.5299,0.0,0.0,0.0,-0.0,0.0,0.0,0.4592,0.0,0.0,0.0,3.0,45.0,1.0,33.0
2013_02_SD_PHI,2013,2,PHI,SD,-4.8696,44.6638,69.1005,65.8399,134.9404,1.0,0.0,-2.0679,0.0,3.9565,-3.9565,3.9565,-2.5031,0.0,0.0,0.0,-0.0,3.0,1.0,2.3638,0.0,0.0,0.0,7.5,51.0,-3.0,63.0
2013_02_DET_ARI,2013,2,ARI,DET,-2.4722,35.9826,63.2466,72.2805,135.5272,1.0,0.0,-1.9252,6.7005,0.0,6.7005,6.7005,-3.9234,0.0,0.0,0.0,-0.0,-2.0,0.0,1.6944,1.0,0.0,0.0,-1.0,47.5,4.0,46.0
2013_02_NO_TB,2013,2,TB,NO,-1.7102,50.0326,66.3141,68.3156,134.6297,1.0,0.0,-4.2366,0.0,0.0,0.0,0.0,-2.7046,1.0,0.0,0.0,-1.7102,1.0,0.0,0.4779,0.0,0.0,0.0,-3.0,48.5,-2.0,30.0
2013_02_DEN_NYG,2013,2,NYG,DEN,-6.8623,46.6856,65.3079,70.0672,135.3751,1.0,-0.36,-3.4496,0.0,0.0,0.0,0.0,-2.1603,0.0,0.0,0.0,-0.0,2.0,0.0,1.6245,0.0,0.0,0.0,-3.5,52.5,-18.0,64.0
2013_02_JAX_OAK,2013,2,OAK,JAX,9.3401,43.6997,67.7011,66.6271,134.3282,1.0,0.0,3.1123,4.7706,0.0,4.7706,4.7706,2.638,0.0,0.0,0.0,0.0,-3.0,0.0,2.3595,0.0,0.0,0.0,3.5,40.5,10.0,28.0
2013_02_SF_SEA,2013,2,SEA,SF,-1.847,53.5827,63.1184,60.3294,123.4478,1.0,0.0,-1.3451,0.0,0.0,0.0,0.0,-0.0237,1.0,1.0,1.0,-1.847,0.0,0.0,0.7045,0.0,0.0,0.0,3.0,43.5,26.0,32.0
2013_02_PIT_CIN,2013,2,CIN,PIT,2.3858,41.2333,60.8511,64.1914,125.0425,1.0,0.0,1.4895,0.0,0.0,0.0,0.0,1.2103,1.0,1.0,1.0,2.3858,0.0,0.0,0.2566,0.0,0.0,0.0,7.0,40.0,10.0,30.0
2013_03_KC_PHI,2013,3,PHI,KC,-0.8498,45.5004,65.9438,65.6668,131.6106,1.0,0.0,0.7919,0.0,4.0086,-4.0086,4.0086,-0.8975,0.0,1.0,1.0,-0.0,1.0,0.0,1.0299,0.0,0.0,0.0,3.0,50.0,-10.0,42.0
2013_03_HOU_BAL,2013,3,BAL,HOU,-1.0574,46.5427,68.1009,74.2441,142.345,1.0,0.0,0.3415,0.0,0.0,0.0,0.0,0.648,0.0,0.0,0.0,-0.0,1.0,0.0,1.2549,0.0,0.0,0.0,1.0,44.5,21.0,39.0
2013_03_NYG_CAR,2013,3,CAR,NYG,2.9927,48.1038,65.7149,64.0738,129.7887,1.0,0.0,-1.6103,0.0,0.0,0.0,0.0,-1.2185,0.0,0.0,0.0,0.0,0.0,0.0,0.5337,0.0,5.0,0.0,-1.0,46.5,38.0,38.0
2013_03_GB_CIN,2013,3,CIN,GB,-1.1813,51.3158,66.3508,65.1965,131.5473,1.0,-0.12,-2.0898,0.0,0.0,0.0,0.0,2.4503,0.0,0.0,0.0,-0.0,1.0,0.0,0.4157,0.0,3.0,0.0,-3.0,49.5,4.0,64.0
2013_03_STL_DAL,2013,3,DAL,STL,-1.5823,46.2541,67.3993,64.5452,131.9445,1.0,0.0,1.8262,0.0,4.6798,-4.6798,4.6798,1.2513,0.0,0.0,0.0,-0.0,0.0,0.0,0.5614,1.0,0.0,0.0,3.5,47.5,24.0,38.0
2013_03_CLE_MIN,2013,3,MIN,CLE,3.9217,43.1418,65.5397,68.518,134.0576,1.0,0.0,4.256,0.0,-0.2159,0.2159,-0.2159,3.947,0.0,0.0,0.0,0.0,-1.0,0.0,0.6285,1.0,0.0,0.0,7.0,40.0,-4.0,58.0
2013_03_TB_NE,2013,3,NE,TB,4.972,46.5984,74.619,66.343,140.962,1.0,0.36,8.4889,0.0,0.0,0.0,0.0,1.3893,0.0,0.0,0.0,0.0,0.0,0.0,1.1619,0.0,0.0,0.0,7.5,44.5,20.0,26.0
2013_03_ARI_NO,2013,3,NO,ARI,5.3616,38.754,67.0469,66.3092,133.3561,1.0,0.0,5.6223,0.0,0.0,0.0,0.0,2.9942,0.0,0.0,0.0,0.0,1.0,0.0,1.324,1.0,0.0,0.0,8.0,48.5,24.0,38.0
2013_03_SD_TEN,2013,3,TEN,SD,-2.0356,42.0503,64.3846,68.0017,132.3863,1.0,0.0,-0.8282,0.0,5.3179,-5.3179,5.3179,0.8289,0.0,0.0,0.0,-0.0,2.0,0.0,1.7373,0.0,0.0,0.0,3.0,43.0,3.0,37.0
2013_03_DET_WAS,2013,3,WAS,DET,2.0572,50.411,62.0718,72.0769,134.1487,1.0,0.0,1.1693,0.0,0.0,0.0,0.0,-4.715,0.0,0.0,0.0,0.0,0.0,0.0,0.4015,0.0,0.0,0.0,-1.0,48.5,-7.0,47.0
2013_03_ATL_MIA,2013,3,MIA,ATL,-4.9806,46.8448,63.4452,67.484,130.9292,1.0,0.0,-2.5177,0.0,0.0,0.0,0.0,3.0811,0.0,0.0,0.0,-0.0,0.0,0.0,0.5935,0.0,0.0,0.0,3.0,45.5,4.0,50.0
2013_03_BUF_NYJ,2013,3,NYJ,BUF,-1.6346,38.0012,71.6962,63.5452,135.2415,1.0,0.36,-0.5024,1.4053,-0.1315,1.5369,1.2738,-2.7821,1.0,0.0,0.0,-1.6346,0.0,0.0,0.2779,0.0,14.0,0.0,2.5,41.0,7.0,47.0
2013_03_JAX_SEA,2013,3,SEA,JAX,14.6961,45.0245,65.6827,61.4423,127.125,1.0,0.0,13.8277,0.0,0.0,0.0,0.0,1.5798,0.0,0.0,0.0,0.0,-3.0,0.0,2.4527,0.0,7.0,0.0,19.5,39.0,28.0,62.0
2013_03_IND_SF,2013,3,SF,IND,6.3352,54.4973,62.2356,68.5839,130.8195,1.0,0.0,4.6132,0.0,0.0,0.0,0.0,4.0711,0.0,0.0,0.0,0.0,-3.0,0.0,1.928,0.0,0.0,0.0,10.5,45.5,-20.0,34.0
2013_03_CHI_PIT,2013,3,PIT,CHI,-3.6654,38.0797,61.8213,63.5624,125.3837,1.0,-0.12,-2.7961,0.0,0.0,0.0,0.0,4.0308,0.0,1.0,1.0,-0.0,1.0,0.0,0.4072,0.0,0.0,0.0,-2.5,40.5,-17.0,63.0
2013_03_OAK_DEN,2013,3,DEN,OAK,8.254,47.7287,69.9569,69.6271,139.584,1.0,0.0,10.1764,0.0,4.4613,-4.4613,4.4613,2.8266,1.0,1.0,1.0,8.254,1.0,0.0,0.9345,0.0,6.0,0.0,16.0,48.5,16.0,58.0
2013_04_SF_STL,2013,4,STL,SF,-2.622,48.4747,66.6933,62.8705,129.5638,1.0,0.0,-5.7566,3.6633,0.0,3.6633,3.6633,-1.3262,1.0,1.0,1.0,-2.622,2.0,0.0,1.7235,1.0,0.0,0.0,-3.0,43.0,-24.0,46.0
2013_04_BAL_BUF,2013,4,BUF,BAL,-5.9004,47.3917,69.6466,73.6726,143.3192,1.0,0.0,-8.0809,-1.2647,0.0,-1.2647,-1.2647,-4.7944,0.0,0.0,0.0,-0.0,0.0,0.0,0.2666,0.0,5.0,0.0,-4.0,45.0,3.0,43.0
2013_04_CIN_CLE,2013,4,CLE,CIN,-5.8164,38.1655,67.052,67.6068,134.6588,1.0,0.0,-6.6572,-0.8302,0.0,-0.8302,-0.8302,-4.314,1.0,0.0,0.0,-5.8164,0.0,0.0,0.2231,0.0,0.0,0.0,-3.5,42.5,11.0,23.0
2013_04_CHI_DET,2013,4,DET,CHI,-3.7654,43.0291,68.428,62.9667,131.3947,1.0,0.0,-4.4376,0.0,0.0,0.0,0.0,6.2885,1.0,0.0,0.0,-3.7654,1.0,0.0,0.2366,1.0,0.0,0.0,3.0,48.0,8.0,72.0
2013_04_SEA_HOU,2013,4,HOU,SEA,-5.3543,45.4671,65.0262,63.5529,128.5791,1.0,0.0,-3.1601,0.0,0.0,0.0,0.0,2.2578,0.0,0.0,0.0,-0.0,2.0,0.0,1.8913,1.0,0.0,0.0,-1.0,41.0,-3.0,43.0
2013_04_IND_JAX,2013,4,JAX,IND,-9.6379,49.0619,63.8163,69.2584,133.0748,1.0,0.0,-9.818,-1.6332,0.0,-1.6332,-1.6332,2.1741,1.0,0.0,0.0,-9.6379,0.0,0.0,0.7002,0.0,2.0,0.0,-9.5,42.5,-34.0,40.0
2013_04_NYG_KC,2013,4,KC,NYG,-0.2639,40.8975,67.2326,62.0056,129.2382,1.0,0.36,-2.66,0.0,0.0,0.0,0.0,0.699,0.0,0.0,0.0,-0.0,-1.0,0.0,1.0858,0.0,0.0,0.0,3.5,43.5,24.0,38.0
2013_04_PIT_MIN,2013,4,MIN,PIT,2.759,42.9307,63.4092,66.7326,130.1418,0.0,0.0,0.5539,-1.8212,0.0,-1.8212,-1.8212,-1.5639,0.0,0.0,0.0,0.0,0.0,0.0,0.0,0.0,1.0,0.0,-3.0,41.5,7.0,61.0
2013_04_ARI_TB,2013,4,TB,ARI,5.0798,36.5251,64.8601,67.1096,131.9697,1.0,0.0,0.8996,-4.2322,0.0,-4.2322,-4.2322,2.0505,0.0,0.0,0.0,0.0,2.0,1.0,1.8017,0.0,0.0,0.0,2.5,40.0,-3.0,23.0
2013_04_NYJ_TEN,2013,4,TEN,NYJ,-1.156,37.6532,65.4662,69.435,134.9012,1.0,0.0,1.2134,0.0,2.6242,-2.6242,2.6242,1.0733,0.0,0.0,0.0,-0.0,-1.0,0.0,0.7571,0.0,0.0,0.0,3.5,40.5,25.0,51.0
2013_04_PHI_DEN,2013,4,DEN,PHI,14.0802,51.369,72.66,69.3361,141.9961,1.0,-0.48,11.2818,0.0,0.0,0.0,0.0,6.1289,0.0,0.0,0.0,0.0,-2.0,0.0,1.5768,0.0,0.0,0.0,10.5,57.5,32.0,72.0
2013_04_WAS_OAK,2013,4,OAK,WAS,0.9014,50.4883,67.6458,65.9066,133.5524,1.0,-0.12,-2.0411,3.8249,0.0,3.8249,3.8249,-0.0516,0.0,0.0,0.0,0.0,-3.0,0.0,2.433,0.0,3.0,0.0,-3.5,45.5,-10.0,38.0
2013_04_DAL_SD,2013,4,SD,DAL,-0.9363,45.9687,65.2977,66.8804,132.1782,1.0,0.0,-1.6759,5.692,0.0,5.692,5.692,-1.694,0.0,0.0,0.0,-0.0,-2.0,0.0,1.1618,0.0,0.0,0.0,-1.0,47.0,9.0,51.0
2013_04_NE_ATL,2013,4,ATL,NE,-0.0877,50.3403,66.676,71.0043,137.6802,1.0,0.0,-3.7948,0.0,0.0,0.0,0.0,-2.0564,0.0,1.0,1.0,-0.0,0.0,0.0,0.9171,1.0,0.0,0.0,3.0,49.0,-7.0,53.0
2013_04_MIA_NO,2013,4,NO,MIA,4.2044,48.0745,71.5369,62.3677,133.9046,1.0,0.0,1.6025,0.0,0.0,0.0,0.0,1.6629,0.0,1.0,1.0,0.0,-1.0,0.0,0.6607,1.0,0.0,0.0,7.0,48.5,21.0,55.0
2013_05_BUF_CLE,2013,5,CLE,BUF,-0.5711,40.6816,71.0121,71.0875,142.0997,1.0,0.0,-0.3382,0.4547,0.0,0.4547,0.4547,-1.1329,0.0,1.0,1.0,-0.0,0.0,0.0,0.173,0.0,0.0,0.0,3.5,40.5,13.0,61.0
2013_05_NO_CHI,2013,5,CHI,NO,-1.1359,44.583,62.8771,65.9625,128.8396,1.0,0.12,-2.1749,0.0,0.0,0.0,0.0,-7.202,0.0,0.0,0.0,-0.0,0.0,0.0,0.8344,0.0,0.0,0.0,1.0,50.5,-8.0,44.0
2013_05_NE_CIN,2013,5,CIN,NE,-5.0705,46.5205,67.1083,72.1461,139.2544,1.0,0.0,-5.7715,0.0,0.0,0.0,0.0,0.7671,0.0,0.0,0.0,-0.0,0.0,0.0,0.7246,0.0,0.0,0.0,-2.0,45.5,7.0,19.0
2013_05_DET_GB,2013,5,GB,DET,2.4052,52.368,67.125,68.5478,135.6727,1.0,0.84,3.9403,0.0,0.0,0.0,0.0,-3.6601,1.0,0.0,0.0,2.4052,-1.0,0.0,0.2927,0.0,0.0,0.0,10.0,53.0,13.0,31.0
2013_05_SEA_IND,2013,5,IND,SEA,-3.4894,50.2831,67.3819,61.3249,128.7068,1.0,0.0,-4.3325,0.0,0.0,0.0,0.0,-3.5241,0.0,0.0,0.0,-0.0,3.0,1.0,1.8677,1.0,0.0,0.0,-3.0,43.5,6.0,62.0
2013_05_BAL_MIA,2013,5,MIA,BAL,-3.7393,44.4074,66.2575,71.1364,137.3939,1.0,-0.12,-3.6046,0.0,0.0,0.0,0.0,-2.5616,0.0,0.0,0.0,-0.0,0.0,0.0,0.9439,0.0,0.0,0.0,2.5,42.5,-3.0,49.0
2013_05_PHI_NYG,2013,5,NYG,PHI,1.0587,47.6922,66.4644,69.485,135.9494,1.0,0.0,3.0153,0.0,0.0,0.0,0.0,0.6162,1.0,0.0,0.0,1.0587,0.0,0.0,0.0854,0.0,0.0,0.0,-1.0,53.5,-15.0,57.0
2013_05_JAX_STL,2013,5,STL,JAX,11.2627,42.0222,67.7744,65.7352,133.5095,1.0,0.36,5.1831,2.9675,-2.8914,5.8589,0.076,1.0925,0.0,0.0,0.0,0.0,-1.0,0.0,0.7521,1.0,0.0,0.0,11.0,40.5,14.0,54.0
2013_05_KC_TEN,2013,5,TEN,KC,1.9844,39.2656,63.1111,66.9704,130.0814,1.0,0.0,2.1655,-0.9766,0.0,-0.9766,-0.9766,3.1255,0.0,0.0,0.0,0.0,0.0,0.0,0.4666,0.0,0.0,0.0,-2.5,38.0,-9.0,43.0
2013_05_CAR_ARI,2013,5,ARI,CAR,-8.38,39.6261,62.9985,66.8332,129.8318,1.0,-0.84,-3.6533,0.0,0.0,0.0,0.0,-1.3162,0.0,0.0,0.0,-0.0,-2.0,0.0,1.7877,1.0,0.0,0.0,-3.0,41.0,16.0,28.0
2013_05_DEN_DAL,2013,5,DAL,DEN,-7.7258,52.6874,67.7657,69.5757,137.3414,1.0,0.0,-7.154,0.0,0.0,0.0,0.0,-2.1059,0.0,0.0,0.0,-0.0,1.0,0.0,0.6543,1.0,0.0,0.0,-7.5,56.5,-3.0,99.0
2013_05_HOU_SF,2013,5,SF,HOU,0.4835,46.6726,61.3622,71.6697,133.0319,1.0,0.36,1.4415,0.0,0.0,0.0,0.0,0.577,0.0,1.0,1.0,0.0,-2.0,0.0,1.6133,0.0,0.0,0.0,4.0,43.0,31.0,37.0
2013_05_SD_OAK,2013,5,OAK,SD,0.0,45.7636,66.7708,66.7708,133.5416,1.0,0.0,-5.0719,5.2699,6.1449,-0.8751,11.4148,0.0,1.0,1.0,1.0,0.0,0.0,0.0,0.4471,0.0,0.0,0.0,-6.0,46.0,10.0,44.0
2013_05_NYJ_ATL,2013,5,ATL,NYJ,4.3461,44.3521,66.4861,66.6181,133.1042,1.0,0.0,5.1324,0.0,0.0,0.0,0.0,1.1752,0.0,1.0,1.0,0.0,0.0,0.0,0.7475,1.0,0.0,0.0,10.0,45.0,-2.0,58.0
2013_06_NYG_CHI,2013,6,CHI,NYG,4.8879,40.2883,66.5833,63.2206,129.8039,1.0,0.0,4.5712,0.0,0.0,0.0,0.0,-2.1923,0.0,1.0,1.0,0.0,-1.0,0.0,0.7056,0.0,0.0,0.0,9.5,46.5,6.0,48.0
2013_06_GB_BAL,2013,6,BAL,GB,-2.9948,48.5936,68.4437,69.7473,138.1911,1.0,0.0,0.6303,0.0,0.0,0.0,0.0,1.2813,0.0,0.0,0.0,-0.0,1.0,0.0,0.6893,0.0,0.0,0.0,-1.0,48.5,-2.0,36.0
2013_06_CIN_BUF,2013,6,BUF,CIN,-3.1353,41.0403,69.0521,68.6824,137.7346,1.0,0.36,-5.7558,-0.1781,0.0,-0.1781,-0.1781,-4.5107,0.0,0.0,0.0,-0.0,0.0,0.0,0.3923,0.0,1.0,0.0,-6.0,41.0,-3.0,51.0
2013_06_DET_CLE,2013,6,CLE,DET,-1.4064,43.2927,66.5373,72.237,138.7742,1.0,0.36,-0.6501,0.0,0.0,0.0,0.0,-4.0038,0.0,0.0,0.0,-0.0,0.0,0.0,0.0901,0.0,0.0,0.0,-1.0,44.0,-14.0,48.0
2013_06_STL_HOU,2013,6,HOU,STL,0.8246,43.7374,72.2224,63.115,135.3374,1.0,0.0,4.458,0.0,3.1691,-3.1691,3.1691,1.8245,0.0,0.0,0.0,0.0,0.0,0.0,0.6863,1.0,0.0,0.0,9.5,43.0,-25.0,51.0
2013_06_OAK_KC,2013,6,KC,OAK,-0.5235,40.2291,67.1643,65.0382,132.2025,1.0,0.0,3.1702,0.0,5.7536,-5.7536,5.7536,-0.9144,1.0,0.0,0.0,-0.5235,2.0,0.0,1.4978,0.0,0.0,0.0,7.5,41.0,17.0,31.0
2013_06_CAR_MIN,2013,6,MIN,CAR,-2.8115,47.7971,61.2863,70.0287,131.315,1.0,0.84,0.0843,-0.3924,0.0,-0.3924,-0.3924,0.263,0.0,0.0,0.0,-0.0,-1.0,0.0,0.9379,1.0,0.0,0.0,2.5,44.5,-25.0,45.0
2013_06_PIT_NYJ,2013,6,NYJ,PIT,3.6252,41.6951,63.6702,66.3651,130.0353,1.0,-0.96,0.2362,0.0,0.0,0.0,0.0,-2.0702,0.0,0.0,0.0,0.0,0.0,0.0,0.3125,0.0,0.0,0.0,-1.0,40.5,-13.0,25.0
2013_06_PHI_TB,2013,6,TB,PHI,1.9617,47.9951,69.4607,69.7068,139.1675,1.0,0.84,0.2913,-2.3526,-1.4223,-0.9303,-3.7749,3.4486,0.0,0.0,0.0,0.0,0.0,0.0,0.9242,0.0,0.0,0.0,-2.5,44.5,-11.0,51.0
2013_06_JAX_DEN,2013,6,DEN,JAX,20.2247,51.2143,72.0992,65.622,137.7212,1.0,0.0,16.864,0.0,0.0,0.0,0.0,4.8618,0.0,0.0,0.0,0.0,-2.0,0.0,1.4683,0.0,0.0,0.0,27.0,53.0,16.0,54.0
2013_06_TEN_SEA,2013,6,SEA,TEN,5.0679,45.414,65.8315,63.4012,129.2327,1.0,0.0,6.28,0.0,-1.1143,1.1143,-1.1143,-3.086,0.0,0.0,0.0,0.0,-2.0,0.0,1.9707,0.0,0.0,0.0,11.0,42.0,7.0,33.0
2013_06_NO_NE,2013,6,NE,NO,-0.472,50.5918,67.5707,69.7631,137.3338,1.0,0.0,1.2506,0.0,0.0,0.0,0.0,-3.6117,0.0,0.0,0.0,-0.0,1.0,0.0,1.3399,0.0,0.0,0.0,2.5,51.5,3.0,57.0
2013_06_ARI_SF,2013,6,SF,ARI,7.7585,38.4248,63.0007,65.1218,128.1225,1.0,0.0,6.3651,0.0,0.0,0.0,0.0,1.0336,1.0,0.0,0.0,7.7585,-1.0,0.0,0.608,0.0,0.0,0.0,10.0,40.5,12.0,52.0
2013_06_WAS_DAL,2013,6,DAL,WAS,-0.505,51.3825,65.9191,66.6206,132.5397,1.0,-0.84,0.6843,0.0,0.0,0.0,0.0,-0.9462,1.0,1.0,1.0,-0.505,-1.0,0.0,1.2074,1.0,0.0,0.0,5.5,52.0,15.0,47.0
2013_06_IND_SD,2013,6,SD,IND,-1.687,51.4774,63.6431,68.5605,132.2035,1.0,0.0,-4.0778,6.6472,0.0,6.6472,6.6472,3.9865,0.0,1.0,1.0,-0.0,-3.0,0.0,1.7807,0.0,3.0,0.0,-1.0,50.5,10.0,28.0
2013_07_SEA_ARI,2013,7,ARI,SEA,-6.4455,38.1688,61.6275,66.1859,127.8134,1.0,0.0,-7.9242,0.0,0.0,0.0,0.0,-0.5763,1.0,1.0,1.0,-6.4455,1.0,0.0,1.1043,1.0,0.0,0.0,-5.0,41.0,-12.0,56.0
2013_07_TB_ATL,2013,7,ATL,TB,3.5436,49.0481,67.9868,63.456,131.4428,1.0,0.72,5.9867,0.0,-1.469,1.469,-1.469,-0.4873,1.0,0.0,0.0,3.5436,0.0,0.0,0.4149,1.0,0.0,0.0,6.0,43.0,8.0,54.0
2013_07_STL_CAR,2013,7,CAR,STL,4.2861,46.0346,66.6828,63.817,130.4998,1.0,0.0,2.464,0.0,3.7188,-3.7188,3.7188,-0.5002,0.0,0.0,0.0,0.0,1.0,0.0,0.5665,0.0,0.0,0.0,8.0,42.0,15.0,45.0
2013_07_CIN_DET,2013,7,DET,CIN,-2.1336,45.5894,69.0201,66.7269,135.747,1.0,0.0,-2.7819,0.0,0.0,0.0,0.0,-0.6062,0.0,0.0,0.0,-0.0,0.0,0.0,0.237,1.0,0.0,0.0,2.5,45.5,-3.0,51.0
2013_07_SD_JAX,2013,7,JAX,SD,-11.8692,40.9212,65.9313,68.3218,134.2531,1.0,0.12,-9.6327,0.0,6.8388,-6.8388,6.8388,-1.3313,0.0,0.0,0.0,-0.0,3.0,1.0,2.0865,0.0,2.0,0.0,-7.5,44.5,-18.0,30.0
2013_07_BUF_MIA,2013,7,MIA,BUF,-0.966,46.1286,67.1271,72.2567,139.3838,1.0,0.84,3.8515,0.0,0.1119,-0.1119,0.1119,2.5972,1.0,0.0,0.0,-0.966,0.0,0.0,1.1648,0.0,0.0,0.0,6.0,43.5,-2.0,44.0
2013_07_NE_NYJ,2013,7,NYJ,NE,-6.008,43.0079,67.2413,73.0287,140.27,1.0,0.0,-10.2769,0.0,0.0,0.0,0.0,-1.6835,1.0,0.0,0.0,-6.008,0.0,0.0,0.1702,0.0,1.0,0.0,-3.5,43.0,3.0,57.0
2013_07_DAL_PHI,2013,7,PHI,DAL,-0.4251,54.7922,70.3979,67.1141,137.512,1.0,0.0,-2.874,0.0453,0.0,0.0453,0.0453,-4.2133,1.0,0.0,0.0,-0.4251,1.0,0.0,1.3126,0.0,3.0,0.0,3.0,55.0,-14.0,20.0
2013_07_CHI_WAS,2013,7,WAS,CHI,-0.7436,44.2778,64.6374,63.9535,128.5909,1.0,-0.36,-3.7432,0.0,0.0,0.0,0.0,3.7528,0.0,0.0,0.0,-0.0,1.0,0.0,0.6011,0.0,3.0,0.0,-1.0,47.5,4.0,86.0
2013_07_SF_TEN,2013,7,TEN,SF,-4.8795,43.8781,64.8197,63.3088,128.1285,1.0,0.0,-6.3718,0.0,0.0,0.0,0.0,1.6854,0.0,0.0,0.0,-0.0,2.0,0.0,1.9384,0.0,0.0,0.0,-3.0,41.0,-14.0,48.0
2013_07_CLE_GB,2013,7,GB,CLE,7.7784,47.073,71.2557,66.3658,137.6215,1.0,0.0,7.4658,0.0,0.0,0.0,0.0,2.3694,0.0,0.0,0.0,0.0,-1.0,0.0,0.3822,0.0,0.0,0.0,7.5,45.0,18.0,44.0
2013_07_HOU_KC,2013,7,KC,HOU,1.9519,37.6229,61.3337,71.7418,133.0754,1.0,0.0,0.5199,0.0,-5.018,5.018,-5.018,-1.8532,0.0,0.0,0.0,0.0,0.0,0.0,0.6492,0.0,5.0,0.0,7.0,38.5,1.0,33.0
2013_07_BAL_PIT,2013,7,PIT,BAL,-2.8013,41.9126,66.7331,65.5859,132.319,1.0,0.0,-5.7814,0.0,0.0,0.0,0.0,-1.6088,1.0,0.0,0.0,-2.8013,0.0,0.0,0.1972,0.0,4.0,0.0,2.5,41.0,3.0,35.0
2013_07_DEN_IND,2013,7,IND,DEN,-6.3709,60.2878,67.5352,68.8503,136.3855,1.0,-0.12,-5.594,0.0,0.0,0.0,0.0,-7.1189,0.0,1.0,1.0,-0.0,2.0,0.0,0.9998,0.0,0.0,0.0,-6.0,54.5,6.0,72.0
2013_07_MIN_NYG,2013,7,NYG,MIN,-1.8594,46.9483,66.928,66.3245,133.2525,1.0,0.36,-1.8883,0.0,0.5641,-0.5641,0.5641,-0.3322,0.0,1.0,1.0,-0.0,1.0,0.0,1.01,0.0,0.0,0.0,4.0,47.5,16.0,30.0
2013_08_CAR_TB,2013,8,TB,CAR,-8.133,45.0893,65.4426,63.7042,129.1467,1.0,0.0,-6.457,-0.3415,0.0,-0.3415,-0.3415,0.5454,1.0,1.0,1.0,-8.133,0.0,0.0,0.5103,0.0,0.0,0.0,-6.5,39.0,-18.0,44.0
2013_08_DAL_DET,2013,8,DET,DAL,-0.6928,50.4698,72.5392,63.6605,136.1996,1.0,0.0,-1.6727,0.0,0.0,0.0,0.0,1.8621,0.0,0.0,0.0,-0.0,1.0,0.0,1.0133,1.0,0.0,0.0,3.0,51.0,1.0,61.0
2013_08_SF_JAX,2013,8,JAX,SF,-17.4647,44.93,65.201,64.5256,129.7266,0.0,0.0,-16.0674,0.0,0.0,0.0,0.0,-2.1848,0.0,0.0,0.0,-0.0,0.0,0.0,0.0,0.0,3.0,0.0,-16.0,40.0,-32.0,52.0
2013_08_CLE_KC,2013,8,KC,CLE,4.2186,36.8274,70.1909,66.0178,136.2087,1.0,0.0,3.4016,0.0,-0.1797,0.1797,-0.1797,2.4742,0.0,0.0,0.0,0.0,-1.0,0.0,0.6943,0.0,0.0,0.0,7.0,39.0,6.0,40.0
2013_08_MIA_NE,2013,8,NE,MIA,5.6449,45.1663,74.6569,66.4675,141.1245,1.0,0.0,6.2127,0.0,0.0,0.0,0.0,0.2618,1.0,0.0,0.0,5.6449,0.0,0.0,1.2258,0.0,3.0,0.0,6.5,46.5,10.0,44.0
2013_08_BUF_NO,2013,8,NO,BUF,6.0938,47.6046,71.5081,67.9273,139.4355,1.0,0.84,7.6045,0.0,0.1176,-0.1176,0.1176,7.0343,0.0,0.0,0.0,0.0,-1.0,0.0,1.0841,1.0,0.0,0.0,10.5,48.0,18.0,52.0
2013_08_NYG_PHI,2013,8,PHI,NYG,1.1643,45.1771,72.6895,68.587,141.2765,1.0,0.12,-0.8269,0.0,0.0,0.0,0.0,-3.6748,1.0,0.0,0.0,1.1643,0.0,0.0,0.0854,0.0,3.0,0.0,5.5,49.0,-8.0,22.0
2013_08_NYJ_CIN,2013,8,CIN,NYJ,5.1203,41.1417,68.0052,68.8877,136.893,1.0,0.0,6.2202,0.0,0.0,0.0,0.0,5.4552,0.0,0.0,0.0,0.0,0.0,0.0,0.5653,0.0,0.0,0.0,6.0,40.5,40.0,58.0
2013_08_PIT_OAK,2013,8,OAK,PIT,2.1806,46.7958,63.4852,64.2895,127.7747,1.0,0.84,-3.928,4.5551,0.0,4.5551,4.5551,0.9694,0.0,0.0,0.0,0.0,-3.0,0.0,2.2482,0.0,7.0,0.0,-2.5,40.0,3.0,39.0
2013_08_ATL_ARI,2013,8,ARI,ATL,-5.1627,42.3336,64.0609,65.5858,129.6467,1.0,0.36,-4.6513,0.0,0.0,0.0,0.0,0.0203,0.0,0.0,0.0,-0.0,-2.0,0.0,1.5979,1.0,0.0,0.0,2.5,44.5,14.0,40.0
2013_08_WAS_DEN,2013,8,DEN,WAS,4.72,56.2871,69.4427,69.7752,139.2179,1.0,0.0,7.8357,0.0,0.0,0.0,0.0,2.2751,0.0,0.0,0.0,0.0,-2.0,0.0,1.4998,0.0,0.0,0.0,11.0,58.0,24.0,66.0
2013_08_GB_MIN,2013,8,MIN,GB,-10.8953,50.2581,64.1861,71.0861,135.2722,1.0,-0.12,-8.2149,0.0,0.0,0.0,0.0,-2.511,1.0,1.0,1.0,-10.8953,0.0,0.0,0.257,1.0,0.0,0.0,-7.0,47.5,-13.0,75.0
2013_08_SEA_STL,2013,8,STL,SEA,-5.9727,45.7501,64.6268,65.5595,130.1863,1.0,-0.36,-8.696,2.0312,0.0,2.0312,2.0312,-0.3664,1.0,1.0,1.0,-5.9727,2.0,0.0,1.7205,1.0,0.0,0.0,-13.0,43.0,-5.0,23.0
2013_09_CIN_MIA,2013,9,MIA,CIN,-8.2842,46.0785,65.8116,67.3285,133.1401,1.0,0.0,-4.8253,0.0,0.0,0.0,0.0,-3.2294,0.0,1.0,1.0,-0.0,0.0,0.0,0.941,0.0,0.0,0.0,-3.0,42.0,2.0,42.0
2013_09_KC_BUF,2013,9,BUF,KC,-3.0508,39.9077,66.5959,70.96,137.5559,1.0,0.0,-4.0935,-1.3311,0.0,-1.3311,-1.3311,-3.1023,0.0,0.0,0.0,-0.0,1.0,0.0,0.8576,0.0,0.0,9.0,-4.5,40.5,-10.0,36.0
2013_09_ATL_CAR,2013,9,CAR,ATL,6.1137,51.8855,62.6881,64.2546,126.9427,1.0,0.36,1.6714,0.0,0.0,0.0,0.0,-0.0553,1.0,0.0,0.0,6.1137,0.0,0.0,0.2261,0.0,2.0,0.0,10.0,46.5,24.0,44.0
2013_09_MIN_DAL,2013,9,DAL,MIN,6.1513,49.2754,67.6298,66.3156,133.9453,1.0,0.0,4.6735,0.0,0.0,0.0,0.0,2.5098,0.0,0.0,0.0,0.0,0.0,0.0,0.8694,1.0,0.0,0.0,10.0,51.0,4.0,50.0
2013_09_NO_NYJ,2013,9,NYJ,NO,-9.6623,44.0832,67.3468,68.0108,135.3577,1.0,0.0,-8.5014,0.0,0.0,0.0,0.0,-6.6514,0.0,0.0,0.0,-0.0,1.0,0.0,1.1699,0.0,4.0,0.0,-6.0,45.5,6.0,46.0
2013_09_TEN_STL,2013,9,STL,TEN,1.2459,43.1807,66.3677,64.2496,130.6173,1.0,-0.96,-0.7866,0.0215,0.0,0.0215,0.0215,-2.0503,0.0,0.0,0.0,0.0,0.0,0.0,0.2534,1.0,0.0,0.0,-3.0,41.0,-7.0,49.0
2013_09_SD_WAS,2013,9,WAS,SD,0.1517,47.2693,68.5994,66.2217,134.8211,1.0,-0.84,-2.3042,0.0,7.5458,-7.5458,7.5458,-1.3025,0.0,0.0,0.0,0.0,3.0,1.0,2.2752,0.0,10.0,0.0,1.0,49.5,6.0,54.0
2013_09_PHI_OAK,2013,9,OAK,PHI,2.6695,47.2513,70.822,68.9326,139.7546,1.0,0.0,0.3294,3.6981,-0.6183,4.3164,3.0798,3.6951,0.0,0.0,0.0,0.0,-3.0,0.0,2.5068,0.0,0.0,0.0,-1.0,45.5,-29.0,69.0
2013_09_TB_SEA,2013,9,SEA,TB,9.6647,43.0368,61.5646,67.7819,129.3465,1.0,-0.48,12.2642,0.0,0.0,0.0,0.0,-1.3293,0.0,0.0,0.0,0.0,-3.0,0.0,2.5227,0.0,0.0,0.0,16.0,40.0,3.0,51.0
2013_09_BAL_CLE,2013,9,CLE,BAL,-3.5322,42.1775,66.7109,72.1053,138.8162,1.0,-0.84,-7.3566,0.9961,0.0,0.9961,0.9961,-3.4512,1.0,0.0,0.0,-3.5322,0.0,0.0,0.3083,0.0,0.0,0.0,-1.0,41.5,6.0,42.0
2013_09_PIT_NE,2013,9,NE,PIT,4.7505,45.445,67.122,68.9539,136.0759,1.0,0.0,7.7669,0.0,0.0,0.0,0.0,1.9114,0.0,0.0,0.0,0.0,0.0,0.0,0.4683,0.0,0.0,1.0,5.5,42.5,24.0,86.0
2013_09_IND_HOU,2013,9,HOU,IND,-2.7016,47.9236,69.9737,61.8622,131.8359,1.0,0.0,-3.553,-1.6016,0.0,-1.6016,-1.6016,4.0843,1.0,1.0,1.0,-2.7016,-1.0,0.0,0.8709,1.0,0.0,0.0,-1.0,42.5,-3.0,51.0
2013_09_CHI_GB,2013,9,GB,CHI,6.7052,51.9904,66.6349,61.4082,128.0431,1.0,-0.84,4.8024,0.0,0.7504,-0.7504,0.7504,3.878,1.0,1.0,1.0,6.7052,0.0,0.0,0.1837,0.0,4.0,0.0,10.0,50.5,-7.0,47.0
2013_10_WAS_MIN,2013,10,MIN,WAS,-4.7627,50.5016,62.9727,72.1892,135.1619,1.0,0.0,-2.8945,0.0,0.0,0.0,0.0,-1.7661,0.0,1.0,1.0,-0.0,-1.0,0.0,0.9387,1.0,0.0,0.0,-1.0,48.0,7.0,61.0
2013_10_SEA_ATL,2013,10,ATL,SEA,-4.7284,49.1737,64.3464,62.0544,126.4008,1.0,0.0,-7.0653,0.0,0.0,0.0,0.0,0.6995,0.0,0.0,0.0,-0.0,3.0,1.0,2.1774,1.0,0.0,0.0,-3.5,47.0,-23.0,43.0
2013_10_CIN_BAL,2013,10,BAL,CIN,-4.7892,43.3425,68.9087,68.2464,137.1552,1.0,-0.36,-0.9687,0.0,0.0,0.0,0.0,-1.9956,1.0,0.0,0.0,-4.7892,0.0,0.0,0.4228,0.0,7.0,0.0,1.0,44.0,3.0,37.0
2013_10_DET_CHI,2013,10,CHI,DET,1.3564,48.8096,62.8482,67.5101,130.3583,1.0,-0.96,2.0578,0.0,0.0,0.0,0.0,-3.2752,1.0,0.0,0.0,1.3564,-1.0,0.0,0.2366,0.0,0.0,0.0,-1.0,52.0,-2.0,40.0
2013_10_PHI_GB,2013,10,GB,PHI,5.8039,55.1213,73.303,66.6449,139.9478,1.0,-0.12,7.4664,-9.1181,1.7569,-10.875,-7.3612,4.0387,0.0,0.0,0.0,0.0,-1.0,0.0,0.7315,0.0,2.0,0.0,-1.0,47.0,-14.0,40.0
2013_10_STL_IND,2013,10,IND,STL,0.2714,49.2011,66.337,66.0903,132.4273,1.0,0.0,6.7911,0.0,1.121,-1.121,1.121,-3.5147,0.0,0.0,0.0,0.0,1.0,0.0,0.2291,1.0,0.0,0.0,7.5,43.0,-30.0,46.0
2013_10_OAK_NYG,2013,10,NYG,OAK,-0.9215,40.4602,65.9662,68.7957,134.7619,1.0,0.84,3.8518,0.0,3.4759,-3.4759,3.4759,0.2564,0.0,0.0,0.0,-0.0,3.0,1.0,2.5503,0.0,4.0,0.0,7.5,41.0,4.0,44.0
2013_10_BUF_PIT,2013,10,PIT,BUF,-2.4659,44.8868,67.855,67.5472,135.4023,1.0,0.0,2.3279,0.0,0.0,0.0,0.0,1.7582,0.0,0.0,0.0,-0.0,0.0,0.0,0.1729,0.0,11.0,0.0,3.0,42.5,13.0,33.0
2013_10_JAX_TEN,2013,10,TEN,JAX,11.9561,41.9233,64.336,66.0225,130.3585,1.0,-0.84,9.4052,0.0,0.0,0.0,0.0,0.7611,1.0,0.0,0.0,11.9561,-1.0,0.0,0.5008,0.0,0.0,0.0,11.5,41.5,-2.0,56.0
2013_10_CAR_SF,2013,10,SF,CAR,-0.7823,48.9617,59.1023,66.3127,125.4151,1.0,0.84,2.7192,0.0,0.0,0.0,0.0,0.6716,0.0,0.0,0.0,-0.0,-3.0,0.0,2.2761,0.0,0.0,0.0,6.0,43.0,-1.0,19.0
2013_10_HOU_ARI,2013,10,ARI,HOU,0.6165,37.7589,59.6467,72.379,132.0257,1.0,0.84,-0.1349,0.0,0.8007,-0.8007,0.8007,-1.4866,0.0,0.0,0.0,0.0,-1.0,0.0,1.0253,1.0,0.0,0.0,4.0,41.5,3.0,51.0
2013_10_DEN_SD,2013,10,SD,DEN,-6.694,51.2123,68.4954,71.6114,140.1068,1.0,-0.84,-7.2943,7.8015,0.0,7.8015,7.8015,-4.729,1.0,0.0,0.0,-6.694,-1.0,0.0,0.8269,0.0,0.0,0.0,-7.0,56.0,-8.0,48.0
2013_10_DAL_NO,2013,10,NO,DAL,3.7853,47.724,71.253,63.0902,134.3432,1.0,0.0,2.6018,0.0,0.0,0.0,0.0,3.3078,0.0,1.0,1.0,0.0,0.0,0.0,0.4566,1.0,0.0,0.0,6.0,54.0,32.0,66.0
2013_10_MIA_TB,2013,10,TB,MIA,-1.4751,44.2904,72.7707,62.4027,135.1734,1.0,-0.36,-5.499,0.0,0.0,0.0,0.0,1.0333,0.0,1.0,1.0,-0.0,0.0,0.0,0.1972,0.0,0.0,0.0,-1.0,39.0,3.0,41.0
2013_11_IND_TEN,2013,11,TEN,IND,-0.332,44.5925,63.2163,65.9826,129.1989,1.0,0.0,-2.9772,-0.3255,0.0,-0.3255,-0.3255,4.0535,1.0,1.0,1.0,-0.332,-1.0,0.0,0.2505,0.0,0.0,1.0,-2.5,42.0,-3.0,57.0
2013_11_NYJ_BUF,2013,11,BUF,NYJ,0.2044,38.8535,71.0407,69.2823,140.323,1.0,-0.84,-2.5518,0.0,0.0,0.0,0.0,0.8864,1.0,0.0,0.0,0.2044,0.0,0.0,0.2779,0.0,4.0,0.0,-1.0,39.5,23.0,51.0
2013_11_BAL_CHI,2013,11,CHI,BAL,0.4602,43.2483,67.9758,65.9929,133.9687,1.0,0.0,-1.6824,2.5821,0.0,2.5821,2.5821,-4.4168,0.0,0.0,0.0,0.0,-1.0,0.0,0.6035,0.0,7.0,0.0,4.0,41.0,3.0,43.0
2013_11_CLE_CIN,2013,11,CIN,CLE,4.9494,44.0548,73.0712,67.8486,140.9198,1.0,-0.84,5.7657,0.0,2.7078,-2.7078,2.7078,4.3441,1.0,0.0,0.0,4.9494,0.0,0.0,0.2231,0.0,0.0,0.0,4.0,40.0,21.0,61.0
2013_11_OAK_HOU,2013,11,HOU,OAK,-1.8411,45.497,70.1068,61.9605,132.0673,1.0,0.0,4.1993,-0.233,3.1071,-3.3401,2.8741,1.5686,0.0,0.0,0.0,-0.0,2.0,0.0,1.6306,1.0,0.0,0.0,10.5,41.0,-5.0,51.0
2013_11_ARI_JAX,2013,11,JAX,ARI,-10.9063,35.2177,67.467,65.4722,132.9391,1.0,0.0,-8.8836,0.0,0.0,0.0,0.0,-1.5442,0.0,0.0,0.0,-0.0,2.0,1.0,1.8031,0.0,0.0,0.0,-9.5,40.5,-13.0,41.0
2013_11_WAS_PHI,2013,11,PHI,WAS,0.9406,53.6685,64.8271,77.0287,141.8557,1.0,-0.36,0.626,0.0,0.0,0.0,0.0,-2.2489,1.0,0.0,0.0,0.9406,0.0,0.0,0.1136,0.0,0.0,0.0,4.5,54.5,8.0,40.0
2013_11_DET_PIT,2013,11,PIT,DET,-5.6089,49.4325,64.8275,67.1494,131.9769,1.0,0.0,-1.6202,0.0,0.0,0.0,0.0,-4.0653,0.0,0.0,0.0,-0.0,0.0,0.0,0.2044,0.0,2.0,0.0,-3.0,45.0,10.0,64.0
2013_11_ATL_TB,2013,11,TB,ATL,-0.8372,51.8971,67.1864,61.4621,128.6485,1.0,-0.12,-4.0031,0.0,0.0,0.0,0.0,0.5936,1.0,0.0,0.0,-0.8372,0.0,0.0,0.4149,0.0,0.0,0.0,1.0,44.0,13.0,69.0
2013_11_SD_MIA,2013,11,MIA,SD,-2.1438,44.2357,64.2603,69.9507,134.211,1.0,-0.12,0.0256,0.0,7.7836,-7.7836,7.7836,-0.0588,0.0,0.0,0.0,-0.0,3.0,0.0,2.2585,0.0,2.0,0.0,-2.5,44.0,4.0,36.0
2013_11_SF_NO,2013,11,NO,SF,1.2982,50.7553,69.1376,59.0812,128.2188,1.0,0.0,-0.7461,0.0,0.0,0.0,0.0,4.0598,0.0,0.0,0.0,0.0,2.0,0.0,1.8945,1.0,0.0,0.0,3.5,50.0,3.0,43.0
2013_11_GB_NYG,2013,11,NYG,GB,-2.9246,43.8136,63.9384,69.079,133.0174,1.0,0.0,-4.3902,0.0,-7.8297,7.8297,-7.8297,-1.5434,0.0,0.0,0.0,-0.0,1.0,0.0,0.7539,0.0,0.0,0.0,3.5,41.0,14.0,40.0
2013_11_MIN_SEA,2013,11,SEA,MIN,9.3233,50.9405,67.6903,61.238,128.9283,1.0,-0.36,10.6207,0.0,0.0,0.0,0.0,0.7249,0.0,0.0,0.0,0.0,-2.0,0.0,1.3918,0.0,4.0,0.0,13.0,45.0,21.0,61.0
2013_11_KC_DEN,2013,11,DEN,KC,5.986,46.8326,69.324,68.3067,137.6307,1.0,-0.84,5.9931,0.0,0.0,0.0,0.0,5.6265,1.0,1.0,1.0,5.986,-1.0,0.0,0.5643,0.0,0.0,2.0,7.5,48.5,10.0,44.0
2013_11_NE_CAR,2013,11,CAR,NE,5.2197,45.1474,70.3401,66.0772,136.4172,1.0,-0.84,-3.1826,0.0,0.0,0.0,0.0,-0.8791,0.0,1.0,1.0,0.0,0.0,0.0,0.7011,0.0,0.0,0.0,3.0,46.5,4.0,44.0
2013_12_NO_ATL,2013,12,ATL,NO,-9.2276,53.7237,61.39,68.0311,129.4211,1.0,0.0,-7.6775,0.0,0.0,0.0,0.0,-5.3126,1.0,1.0,1.0,-9.2276,1.0,0.0,0.4244,1.0,0.0,0.0,-7.5,52.5,-4.0,30.0
2013_12_NYJ_BAL,2013,12,BAL,NYJ,4.6124,39.043,70.59,67.6365,138.2264,1.0,0.0,6.3265,0.0,0.0,0.0,0.0,4.4623,0.0,0.0,0.0,0.0,0.0,0.0,0.1715,0.0,16.0,12.0,4.0,38.0,16.0,22.0
2013_12_PIT_CLE,2013,12,CLE,PIT,0.3382,44.0885,66.7616,68.8651,135.6267,1.0,0.0,-3.0962,0.1676,0.0,0.1676,0.1676,-1.2039,1.0,0.0,0.0,0.3382,0.0,0.0,0.1143,0.0,21.0,25.0,2.5,40.0,-16.0,38.0
2013_12_TB_DET,2013,12,DET,TB,1.9971,49.7217,67.1977,68.0008,135.1985,1.0,0.0,3.3209,0.0,0.0,0.0,0.0,0.9703,0.0,0.0,0.0,0.0,0.0,0.0,0.993,1.0,0.0,0.0,7.0,48.5,-3.0,45.0
2013_12_MIN_GB,2013,12,GB,MIN,5.4429,55.5168,68.6066,62.0326,130.6393,1.0,0.0,5.1663,-7.7569,0.0,-7.7569,-7.7569,2.7549,1.0,0.0,0.0,5.4429,0.0,0.0,0.257,0.0,0.0,26.0,6.0,44.5,0.0,52.0
2013_12_JAX_HOU,2013,12,HOU,JAX,8.1105,42.2855,70.9583,60.8943,131.8527,1.0,0.0,7.6106,-1.4578,0.0,-1.4578,-1.4578,2.7439,1.0,0.0,0.0,8.1105,-1.0,0.0,0.8248,1.0,0.0,0.0,10.5,44.0,-7.0,19.0
2013_12_SD_KC,2013,12,KC,SD,0.5621,40.9311,67.3387,67.1454,134.4841,1.0,0.0,2.4262,0.0,7.6753,-7.6753,7.6753,-1.6235,1.0,0.0,0.0,0.5621,2.0,0.0,1.3344,0.0,0.0,21.0,3.5,43.0,-3.0,79.0
2013_12_CAR_MIA,2013,12,MIA,CAR,-8.6394,45.5644,60.6387,67.7539,128.3926,1.0,0.12,-4.6752,0.0,0.0,0.0,0.0,-0.0604,0.0,0.0,0.0,-0.0,0.0,0.0,0.6414,0.0,3.0,0.0,-4.5,40.0,-4.0,36.0
2013_12_CHI_STL,2013,12,STL,CHI,-1.4621,47.4489,65.2069,65.4302,130.6371,1.0,0.84,-3.6761,3.1378,2.9597,0.1782,6.0975,3.2117,0.0,0.0,0.0,-0.0,0.0,0.0,0.2611,1.0,0.0,0.0,1.0,46.0,21.0,63.0
2013_12_IND_ARI,2013,12,ARI,IND,2.2733,44.3994,62.275,67.9648,130.2398,1.0,-0.36,-2.1883,0.0,0.0,0.0,0.0,1.876,0.0,0.0,0.0,0.0,-2.0,0.0,1.5035,1.0,0.0,0.0,3.5,44.5,29.0,51.0
2013_12_TEN_OAK,2013,12,OAK,TEN,2.2678,45.2447,66.1381,64.2055,130.3437,1.0,-0.36,-2.8361,3.1558,0.16,2.9959,3.3158,-0.6626,0.0,0.0,0.0,0.0,-2.0,0.0,1.9476,0.0,0.0,0.0,-2.5,42.0,-4.0,42.0
2013_12_DAL_NYG,2013,12,NYG,DAL,0.7179,39.2936,70.0131,62.1997,132.2128,1.0,-0.84,-0.5549,0.0,0.0,0.0,0.0,-0.1133,1.0,0.0,0.0,0.7179,1.0,0.0,1.3851,0.0,0.0,20.0,1.0,44.5,-3.0,45.0
2013_12_DEN_NE,2013,12,NE,DEN,-5.6774,56.2178,74.1368,74.3735,148.5103,1.0,-0.12,-1.7139,0.0,0.0,0.0,0.0,-3.8005,0.0,1.0,1.0,-0.0,2.0,0.0,1.7585,0.0,12.0,23.0,1.0,54.0,3.0,65.0
2013_12_SF_WAS,2013,12,WAS,SF,-4.6067,48.6542,71.0625,59.6731,130.7356,1.0,0.0,-7.8648,0.0,0.0,0.0,0.0,-0.2715,0.0,1.0,1.0,-0.0,3.0,0.0,2.4278,0.0,2.0,10.0,-5.5,45.5,-21.0,33.0
2013_13_GB_DET,2013,13,DET,GB,-1.1769,52.982,69.7199,66.8631,136.583,1.0,0.0,-2.7916,0.0,-7.4767,7.4767,-7.4767,1.1985,1.0,0.0,0.0,-1.1769,1.0,0.0,0.2927,1.0,0.0,0.0,7.0,48.5,30.0,50.0
2013_13_OAK_DAL,2013,13,DAL,OAK,0.7763,46.9797,62.7601,70.6454,133.4055,1.0,0.0,6.6544,0.0,3.701,-3.701,3.701,0.0294,0.0,0.0,0.0,0.0,2.0,0.0,1.4535,1.0,0.0,0.0,10.0,49.5,7.0,55.0
2013_13_PIT_BAL,2013,13,BAL,PIT,1.379,43.1632,68.4695,66.8581,135.3276,1.0,0.0,2.2906,0.0,0.0,0.0,0.0,0.6589,1.0,1.0,1.0,1.379,0.0,0.0,0.1972,0.0,0.0,8.0,3.0,40.5,2.0,42.0
2013_13_TB_CAR,2013,13,CAR,TB,6.9967,44.9478,64.4181,62.8284,127.2465,1.0,0.0,7.9598,0.0,0.0,0.0,0.0,1.1915,1.0,0.0,0.0,6.9967,0.0,0.0,0.5103,0.0,0.0,0.0,7.5,41.0,21.0,33.0
2013_13_JAX_CLE,2013,13,CLE,JAX,5.2896,37.2216,68.0295,67.2627,135.2922,1.0,0.0,4.844,0.0,0.0,0.0,0.0,-0.2909,0.0,0.0,0.0,0.0,0.0,0.0,0.7727,0.0,0.0,5.0,7.5,39.5,-4.0,60.0
2013_13_NE_HOU,2013,13,HOU,NE,-7.3777,45.1557,73.7485,67.9812,141.7297,1.0,0.0,-10.5923,-2.3237,0.0,-2.3237,-2.3237,2.2994,0.0,0.0,0.0,-0.0,-1.0,0.0,1.5919,1.0,0.0,0.0,-7.0,49.5,-3.0,65.0
2013_13_TEN_IND,2013,13,IND,TEN,-2.1259,50.3266,64.6277,64.0375,128.6652,1.0,0.0,1.9741,0.0,0.0,0.0,0.0,-1.9808,1.0,0.0,0.0,-2.1259,1.0,0.0,0.2505,1.0,0.0,0.0,3.5,46.0,8.0,36.0
2013_13_CHI_MIN,2013,13,MIN,CHI,-3.9804,54.8642,62.4044,70.4364,132.8409,1.0,0.0,-3.8445,0.0,3.1945,-3.1945,3.1945,1.2239,1.0,0.0,0.0,-3.9804,0.0,0.0,0.3553,1.0,0.0,0.0,2.5,48.5,3.0,43.0
2013_13_MIA_NYJ,2013,13,NYJ,MIA,-3.3523,39.097,67.9425,64.5035,132.446,1.0,0.0,-3.4419,0.0,0.0,0.0,0.0,-2.4626,1.0,0.0,0.0,-3.3523,0.0,0.0,1.0856,0.0,0.0,0.0,-1.0,39.5,-20.0,26.0
2013_13_ARI_PHI,2013,13,PHI,ARI,-0.1956,45.0917,67.078,72.6179,139.6958,1.0,0.84,-1.6089,0.0,0.0,0.0,0.0,-2.0496,0.0,0.0,0.0,-0.0,2.0,1.0,2.0857,0.0,0.0,0.0,3.5,48.0,3.0,45.0
2013_13_ATL_BUF,2013,13,BUF,ATL,0.8237,47.474,67.9207,66.3776,134.2983,0.0,0.48,-1.0294,0.0,0.0,0.0,0.0,0.6214,0.0,0.0,0.0,0.0,0.0,0.0,0.0,1.0,0.0,0.0,5.0,48.0,-3.0,65.0
2013_13_STL_SF,2013,13,SF,STL,5.5433,43.6688,61.2514,66.4173,127.6687,1.0,-0.12,6.109,0.0,3.7894,-3.7894,3.7894,0.2639,1.0,0.0,0.0,5.5433,-2.0,0.0,1.7235,0.0,0.0,0.0,7.5,40.5,10.0,36.0
2013_13_DEN_KC,2013,13,KC,DEN,-8.1846,47.4985,71.3717,73.4365,144.8081,1.0,0.0,-7.0014,0.0,0.0,0.0,0.0,-5.0706,1.0,0.0,0.0,-8.1846,1.0,0.0,0.5643,0.0,0.0,0.0,-5.0,50.5,-7.0,63.0
2013_13_CIN_SD,2013,13,SD,CIN,-1.9638,42.2842,68.8005,68.6676,137.4681,1.0,-0.84,-4.4264,8.4094,0.0,8.4094,8.4094,-3.7767,0.0,0.0,0.0,-0.0,-3.0,0.0,1.8647,0.0,0.0,0.0,-2.5,48.5,-7.0,27.0
2013_13_NYG_WAS,2013,13,WAS,NYG,-1.6214,40.3869,68.9847,62.9355,131.9201,1.0,-0.12,-2.6686,0.0,0.0,0.0,0.0,-2.0257,1.0,1.0,1.0,-1.6214,0.0,0.0,0.1981,0.0,0.0,2.0,1.0,45.5,-7.0,41.0
2013_13_NO_SEA,2013,13,SEA,NO,-0.3401,49.8349,59.9935,67.1834,127.177,1.0,0.48,2.054,0.0,0.0,0.0,0.0,-5.505,0.0,1.0,1.0,-0.0,-2.0,0.0,2.0982,0.0,0.0,4.0,6.5,48.5,27.0,41.0
2013_14_HOU_JAX,2013,14,JAX,HOU,-3.216,42.5821,63.0013,68.3255,131.3268,1.0,0.0,-4.1548,0.0,-1.8566,1.8566,-1.8566,-3.4094,1.0,1.0,1.0,-3.216,1.0,0.0,0.8248,0.0,0.0,0.0,-3.0,43.5,7.0,47.0
2013_14_MIN_BAL,2013,14,BAL,MIN,4.1141,47.807,71.9053,67.1459,139.0512,1.0,0.36,5.9817,0.0,-0.8448,0.8448,-0.8448,1.6258,0.0,0.0,0.0,0.0,1.0,0.0,0.9366,0.0,0.0,12.0,6.0,41.5,3.0,55.0
2013_14_IND_CIN,2013,14,CIN,IND,5.4456,44.1097,67.3205,67.3883,134.7087,1.0,0.0,3.3052,0.0,0.0,0.0,0.0,6.717,0.0,0.0,0.0,0.0,0.0,0.0,0.0992,0.0,0.0,20.0,7.0,43.0,14.0,70.0
2013_14_ATL_GB,2013,14,GB,ATL,0.7092,54.6531,65.1924,67.8338,133.0262,1.0,0.36,2.1884,-8.4543,0.0,-8.4543,-8.4543,1.8928,0.0,0.0,0.0,0.0,-1.0,0.0,0.7678,0.0,0.0,36.0,3.5,47.0,1.0,43.0
2013_14_CLE_NE,2013,14,NE,CLE,6.993,45.4233,74.5324,72.6661,147.1984,1.0,0.0,12.0554,0.0,-0.5252,0.5252,-0.5252,3.8706,0.0,0.0,0.0,0.0,0.0,0.0,0.5387,0.0,0.0,15.0,9.5,47.5,1.0,53.0
2013_14_OAK_NYJ,2013,14,NYJ,OAK,-6.2025,40.4174,64.5558,68.479,133.0348,1.0,-0.36,0.688,0.0,4.5347,-4.5347,4.5347,-3.1275,0.0,0.0,0.0,-0.0,3.0,1.0,2.5503,0.0,0.0,12.0,3.0,39.0,10.0,64.0
2013_14_DET_PHI,2013,14,PHI,DET,2.7063,50.1773,63.4642,77.5172,140.9815,1.0,-0.36,-0.3414,0.0,0.0,0.0,0.0,-6.6067,0.0,0.0,0.0,0.0,0.0,0.0,0.4431,0.0,0.0,18.0,2.5,54.0,14.0,54.0
2013_14_MIA_PIT,2013,14,PIT,MIA,-1.3895,45.6414,67.7851,64.445,132.2301,1.0,0.36,0.2594,0.0,0.0,0.0,0.0,0.2777,0.0,0.0,0.0,-0.0,0.0,0.0,1.0012,0.0,0.0,20.0,3.0,40.5,-6.0,62.0
2013_14_BUF_TB,2013,14,TB,BUF,0.8722,41.6741,67.8095,67.5354,135.345,1.0,0.0,0.5492,0.0,0.0,0.0,0.0,-1.8268,0.0,0.0,0.0,0.0,0.0,0.0,1.0434,0.0,3.0,0.0,3.0,42.5,21.0,33.0
2013_14_KC_WAS,2013,14,WAS,KC,-0.8152,47.7151,70.5439,63.5213,134.0652,1.0,0.0,-3.9133,0.0,0.0,0.0,0.0,-1.753,0.0,0.0,0.0,-0.0,1.0,0.0,0.945,0.0,0.0,15.0,-3.5,44.0,-35.0,55.0
2013_14_TEN_DEN,2013,14,DEN,TEN,10.3476,49.4503,70.3063,70.8621,141.1685,1.0,0.0,10.0346,0.0,0.0,0.0,0.0,1.9537,0.0,0.0,0.0,0.0,-1.0,0.0,1.0225,0.0,0.0,27.0,13.0,49.5,23.0,79.0
2013_14_STL_ARI,2013,14,ARI,STL,2.2708,40.9644,66.156,67.6988,133.8549,1.0,0.0,1.1373,0.0,3.3841,-3.3841,3.3841,-0.7999,1.0,0.0,0.0,2.2708,-1.0,0.0,1.2786,1.0,0.0,0.0,4.0,41.0,20.0,40.0
2013_14_NYG_SD,2013,14,SD,NYG,-0.0995,38.3115,66.4834,64.6239,131.1073,1.0,0.0,-1.4902,8.198,0.0,8.198,8.198,-0.1265,0.0,0.0,0.0,-0.0,-3.0,0.0,2.4201,0.0,0.0,0.0,4.5,46.5,23.0,51.0
2013_14_SEA_SF,2013,14,SF,SEA,-1.7854,44.175,60.603,63.6949,124.2979,1.0,0.12,-2.5402,0.0,0.0,0.0,0.0,1.2457,1.0,0.0,0.0,-1.7854,0.0,0.0,0.7045,0.0,0.0,2.0,2.5,41.0,2.0,36.0
2013_14_CAR_NO,2013,14,NO,CAR,-3.2957,48.1194,62.0265,62.937,124.9635,1.0,-0.12,-0.4361,0.0,0.0,0.0,0.0,1.4723,1.0,1.0,1.0,-3.2957,-1.0,0.0,0.6487,1.0,0.0,0.0,3.0,47.0,18.0,44.0
2013_14_DAL_CHI,2013,14,CHI,DAL,-1.0379,50.0093,69.2101,62.5304,131.7405,1.0,-0.36,-1.3935,3.4141,0.0,3.4141,3.4141,-2.8534,0.0,1.0,1.0,-0.0,0.0,0.0,0.8162,0.0,4.0,37.0,2.0,49.0,17.0,73.0
2013_15_SD_DEN,2013,15,DEN,SD,10.1151,53.1422,73.6178,69.3226,142.9405,1.0,0.0,8.3008,0.0,8.5478,-8.5478,8.5478,3.2437,1.0,1.0,1.0,10.1151,1.0,0.0,0.8269,0.0,0.0,8.0,10.0,56.5,-7.0,47.0
2013_15_WAS_ATL,2013,15,ATL,WAS,2.2879,51.2981,62.5943,68.3439,130.9382,1.0,0.0,3.0218,0.0,-5.5315,5.5315,-5.5315,0.7619,0.0,0.0,0.0,0.0,0.0,0.0,0.5499,1.0,0.0,0.0,5.5,50.0,1.0,53.0
2013_15_CHI_CLE,2013,15,CLE,CHI,-4.1697,49.0451,67.4521,70.3483,137.8004,1.0,0.12,-6.3456,1.4433,-5.7849,7.2281,-4.3416,0.3727,0.0,0.0,0.0,-0.0,1.0,0.0,0.3063,0.0,2.0,20.0,1.0,43.5,-7.0,69.0
2013_15_HOU_IND,2013,15,IND,HOU,2.8102,48.4004,62.2022,69.2485,131.4508,1.0,-0.36,5.3804,0.0,-1.8306,1.8306,-1.8306,-4.2317,1.0,0.0,0.0,2.8102,1.0,0.0,0.8709,1.0,0.0,0.0,6.0,47.0,22.0,28.0
2013_15_BUF_JAX,2013,15,JAX,BUF,-4.4066,38.3768,68.6475,70.4922,139.1398,1.0,0.36,-2.1816,0.0,0.0,0.0,0.0,-0.2056,0.0,0.0,0.0,-0.0,0.0,0.0,0.8745,0.0,10.0,0.0,-4.0,43.0,-7.0,47.0
2013_15_NE_MIA,2013,15,MIA,NE,0.6091,48.3926,68.8529,73.6383,142.4911,1.0,0.0,-5.8708,0.0,0.0,0.0,0.0,-0.6329,1.0,0.0,0.0,0.6091,0.0,0.0,1.2258,0.0,4.0,0.0,2.5,46.5,4.0,44.0
2013_15_PHI_MIN,2013,15,MIN,PHI,-7.7935,51.9155,72.1257,71.9471,144.0728,1.0,0.0,-3.744,-0.2682,0.0,-0.2682,-0.2682,1.5832,0.0,0.0,0.0,-0.0,-1.0,0.0,0.9842,1.0,0.0,0.0,-6.5,53.0,18.0,78.0
2013_15_SEA_NYG,2013,15,NYG,SEA,-9.1168,38.7054,62.8629,63.1822,126.0451,1.0,0.0,-9.5435,0.0,0.0,0.0,0.0,0.7935,0.0,0.0,0.0,-0.0,3.0,1.0,2.3957,0.0,0.0,9.0,-9.5,43.5,-23.0,23.0
2013_15_SF_TB,2013,15,TB,SF,-5.0793,40.8755,64.0544,61.1113,125.1657,1.0,0.0,-9.2812,0.0,0.0,0.0,0.0,-0.4026,0.0,0.0,0.0,-0.0,3.0,1.0,2.367,0.0,0.0,0.0,-4.5,41.0,-19.0,47.0
2013_15_NYJ_CAR,2013,15,CAR,NYJ,11.2668,42.0244,67.085,59.4355,126.5205,1.0,0.0,8.7283,0.0,0.0,0.0,0.0,5.2713,0.0,0.0,0.0,0.0,0.0,0.0,0.5337,0.0,1.0,0.0,10.0,40.5,10.0,50.0
2013_15_KC_OAK,2013,15,OAK,KC,-0.5663,45.2249,67.2967,66.7754,134.0721,1.0,0.0,-7.7112,5.2848,0.0,5.2848,5.2848,0.1721,1.0,0.0,0.0,-0.5663,-2.0,0.0,1.4978,0.0,0.0,0.0,-6.5,44.0,-25.0,87.0
2013_15_GB_DAL,2013,15,DAL,GB,1.784,51.4536,62.3408,69.4428,131.7836,1.0,-0.12,-0.0545,0.0,-8.5764,8.5764,-8.5764,0.3824,0.0,0.0,0.0,0.0,0.0,0.0,0.9459,1.0,0.0,0.0,4.0,49.5,-1.0,73.0
2013_15_NO_STL,2013,15,STL,NO,-5.5449,50.0742,64.0444,66.6863,130.7307,1.0,0.0,-7.585,2.2254,0.0,2.2254,2.2254,-3.4031,0.0,0.0,0.0,-0.0,0.0,0.0,0.5999,1.0,0.0,0.0,-6.5,48.0,11.0,43.0
2013_15_ARI_TEN,2013,15,TEN,ARI,-5.9569,41.4105,64.8478,66.8226,131.6703,1.0,0.0,-3.9861,0.0,0.0,0.0,0.0,-0.9653,0.0,0.0,0.0,-0.0,1.0,0.0,1.4528,0.0,0.0,8.0,-3.0,43.0,-3.0,71.0
2013_15_CIN_PIT,2013,15,PIT,CIN,-4.9686,46.1413,67.4052,67.1281,134.5333,1.0,0.0,-5.341,0.0,0.0,0.0,0.0,-3.5694,1.0,1.0,1.0,-4.9686,0.0,0.0,0.2566,0.0,10.0,19.0,-2.0,44.0,10.0,50.0
2013_15_BAL_DET,2013,15,DET,BAL,0.6768,41.1575,69.4923,65.9737,135.4661,1.0,0.0,-4.3527,0.0,0.0,0.0,0.0,3.217,0.0,1.0,1.0,0.0,0.0,0.0,0.3968,1.0,0.0,0.0,4.5,49.0,-2.0,34.0
2013_16_MIA_BUF,2013,16,BUF,MIA,-2.7834,39.7664,71.2058,68.2045,139.4102,1.0,0.0,-6.2367,0.788,0.0,0.788,0.788,-1.3122,1.0,0.0,0.0,-2.7834,0.0,0.0,1.1648,0.0,0.0,4.0,1.0,42.0,19.0,19.0
2013_16_NO_CAR,2013,16,CAR,NO,1.7995,50.9022,61.5485,63.4273,124.9757,1.0,0.0,-0.0693,0.0,0.0,0.0,0.0,-0.3371,1.0,0.0,0.0,1.7995,1.0,0.0,0.6487,0.0,8.0,0.0,3.5,44.5,4.0,30.0
2013_16_MIN_CIN,2013,16,CIN,MIN,3.0387,48.4003,72.6957,67.9459,140.6416,1.0,0.0,5.3255,0.0,0.608,-0.608,0.608,4.1583,0.0,0.0,0.0,0.0,1.0,0.0,0.6045,0.0,1.0,0.0,7.5,48.0,28.0,56.0
2013_16_DEN_HOU,2013,16,HOU,DEN,-15.3204,49.908,71.5694,69.078,140.6474,1.0,-0.36,-12.627,3.3773,0.0,3.3773,3.3773,-2.6636,0.0,0.0,0.0,-0.0,1.0,0.0,0.8826,1.0,0.0,0.0,-9.0,53.0,-24.0,50.0
2013_16_TEN_JAX,2013,16,JAX,TEN,-5.6635,45.8941,67.4105,68.795,136.2055,1.0,0.0,-5.0539,0.0,0.0,0.0,0.0,-0.7672,1.0,0.0,0.0,-5.6635,1.0,0.0,0.5008,0.0,3.0,0.0,-4.0,44.0,-4.0,36.0
2013_16_IND_KC,2013,16,KC,IND,3.3664,47.6679,65.5243,67.2905,132.8148,1.0,0.0,0.7443,0.0,0.0,0.0,0.0,1.1941,0.0,0.0,0.0,0.0,-1.0,0.0,0.4468,0.0,0.0,23.0,7.5,46.5,-16.0,30.0
2013_16_CLE_NYJ,2013,16,NYJ,CLE,-3.1664,39.1157,66.4916,69.3791,135.8707,1.0,0.0,0.9211,0.0,0.0,0.0,0.0,-2.3197,0.0,0.0,0.0,-0.0,0.0,0.0,0.3994,0.0,2.0,0.0,2.5,41.5,11.0,37.0
2013_16_TB_STL,2013,16,STL,TB,1.1621,43.681,65.957,63.979,129.936,1.0,0.0,2.7385,2.9988,0.0,2.9988,2.9988,0.1425,0.0,0.0,0.0,0.0,-1.0,0.0,0.859,1.0,0.0,0.0,3.5,43.0,10.0,36.0
2013_16_DAL_WAS,2013,16,WAS,DAL,-2.8796,48.043,71.7496,59.9867,131.7363,1.0,0.0,-5.4222,-4.5965,0.0,-4.5965,-4.5965,-1.8567,1.0,0.0,0.0,-2.8796,1.0,0.0,1.2074,0.0,0.0,0.0,-3.0,51.0,-1.0,47.0
2013_16_NYG_DET,2013,16,DET,NYG,1.9896,36.8275,69.3459,59.9211,129.267,1.0,-0.12,0.7126,0.0,0.0,0.0,0.0,3.6108,0.0,0.0,0.0,0.0,0.0,0.0,0.4753,1.0,0.0,0.0,9.5,47.0,-3.0,43.0
2013_16_ARI_SEA,2013,16,SEA,ARI,5.6696,42.5821,64.6487,64.4309,129.0795,1.0,0.0,7.0867,0.0,0.0,0.0,0.0,-0.5519,1.0,0.0,0.0,5.6696,-1.0,0.0,1.1043,0.0,0.0,0.0,8.0,42.5,-7.0,27.0
2013_16_NE_BAL,2013,16,BAL,NE,-0.9174,47.4233,71.8858,72.5633,144.449,1.0,-0.12,-2.1759,0.0,0.0,0.0,0.0,-0.8135,0.0,0.0,0.0,-0.0,0.0,0.0,0.3414,0.0,0.0,0.0,-1.0,45.0,-34.0,48.0
2013_16_PIT_GB,2013,16,GB,PIT,-1.1658,49.929,66.0494,66.5477,132.5971,1.0,0.0,-0.1731,-7.674,0.0,-7.674,-7.674,-0.9393,0.0,0.0,0.0,-0.0,-1.0,0.0,0.4963,0.0,3.0,22.0,-1.0,43.5,-7.0,69.0
2013_16_OAK_SD,2013,16,SD,OAK,0.0,46.5458,66.7458,66.7458,133.4916,1.0,0.36,8.5072,8.9268,4.7593,4.1675,13.6861,0.0,1.0,0.0,0.0,0.0,0.0,0.0,0.4471,0.0,0.0,0.0,10.0,50.0,13.0,39.0
2013_16_CHI_PHI,2013,16,PHI,CHI,0.2944,54.5512,65.166,72.3888,137.5549,1.0,0.0,-2.0944,0.0,-5.7538,5.7538,-5.7538,0.4375,0.0,1.0,1.0,0.0,1.0,0.0,0.6637,0.0,1.0,0.0,2.5,53.5,43.0,65.0
2013_16_ATL_SF,2013,16,SF,ATL,9.0022,46.1348,62.0691,64.3379,126.407,1.0,0.0,9.372,0.0,0.0,0.0,0.0,2.3825,0.0,1.0,1.0,0.0,-3.0,0.0,2.1123,0.0,0.0,0.0,15.5,46.0,10.0,58.0
2013_17_CAR_ATL,2013,17,ATL,CAR,-8.6806,49.2834,64.1462,61.6938,125.8399,1.0,-0.12,-7.4867,0.0,0.0,0.0,0.0,-3.1402,1.0,0.0,0.0,-8.6806,0.0,0.0,0.2261,1.0,0.0,0.0,-5.5,46.5,-1.0,41.0
2013_17_BAL_CIN,2013,17,CIN,BAL,6.603,37.9427,69.0093,68.2034,137.2127,1.0,0.0,1.841,0.0,0.0,0.0,0.0,4.7927,1.0,0.0,0.0,6.603,0.0,0.0,0.4228,0.0,0.0,2.0,6.5,43.0,17.0,51.0
2013_17_JAX_IND,2013,17,IND,JAX,8.2031,46.4183,68.5452,65.2523,133.7975,1.0,0.0,10.7963,0.0,0.0,0.0,0.0,-0.4063,1.0,0.0,0.0,8.2031,0.0,0.0,0.7002,1.0,0.0,0.0,11.0,45.0,20.0,40.0
2013_17_NYJ_MIA,2013,17,MIA,NYJ,3.5861,42.7388,65.4221,67.2341,132.6562,1.0,0.0,4.4107,0.0,0.0,0.0,0.0,1.5368,1.0,0.0,0.0,3.5861,0.0,0.0,1.0856,0.0,2.0,0.0,7.5,41.0,-13.0,27.0
2013_17_DET_MIN,2013,17,MIN,DET,-1.9634,47.5872,63.0086,74.7151,137.7237,1.0,0.0,-0.5178,0.0,0.0,0.0,0.0,-3.7772,1.0,0.0,0.0,-1.9634,-1.0,0.0,0.5415,1.0,0.0,0.0,-2.5,50.0,1.0,27.0
2013_17_WAS_NYG,2013,17,NYG,WAS,1.9317,36.5587,59.3155,70.7663,130.0818,1.0,0.0,4.5318,0.0,-4.0623,4.0623,-4.0623,1.6623,1.0,0.0,0.0,1.9317,0.0,0.0,0.1981,0.0,0.0,5.0,3.5,44.0,14.0,26.0
2013_17_CLE_PIT,2013,17,PIT,CLE,4.9878,46.0856,68.6483,68.055,136.7032,1.0,0.0,8.2216,0.0,0.0,0.0,0.0,2.5154,1.0,0.0,0.0,4.9878,0.0,0.0,0.1143,0.0,0.0,5.0,9.5,44.5,13.0,27.0
2013_17_HOU_TEN,2013,17,TEN,HOU,5.8319,45.2355,65.5196,68.4587,133.9783,1.0,0.0,3.498,0.0,0.0,0.0,0.0,-1.0169,1.0,0.0,0.0,5.8319,0.0,0.0,0.6715,0.0,0.0,0.0,7.0,44.5,6.0,26.0
2013_17_SF_ARI,2013,17,ARI,SF,-2.6012,42.8395,65.0636,62.5733,127.6368,1.0,0.12,-4.574,0.0,0.0,0.0,0.0,-0.0865,1.0,0.0,0.0,-2.6012,1.0,0.0,0.608,1.0,0.0,0.0,3.0,41.0,-3.0,43.0
2013_17_GB_CHI,2013,17,CHI,GB,3.0321,53.5644,66.3634,65.6346,131.998,1.0,0.0,0.3952,0.0,8.3802,-8.3802,8.3802,-2.6322,1.0,0.0,0.0,3.0321,0.0,0.0,0.1837,0.0,6.0,19.0,-3.0,51.0,-5.0,61.0
2013_17_BUF_NE,2013,17,NE,BUF,2.5631,45.2275,74.1064,73.1926,147.299,1.0,0.0,10.3634,0.0,1.1275,-1.1275,1.1275,1.1834,1.0,0.0,0.0,2.5631,0.0,0.0,0.3864,0.0,0.0,6.0,7.5,46.5,14.0,54.0
2013_17_TB_NO,2013,17,NO,TB,5.1121,46.4473,68.1686,58.5966,126.7652,1.0,0.0,7.7811,0.0,0.0,0.0,0.0,3.5735,1.0,0.0,0.0,5.1121,-1.0,0.0,0.4779,1.0,0.0,0.0,11.0,47.0,25.0,59.0
2013_17_DEN_OAK,2013,17,OAK,DEN,-8.522,52.434,69.1495,72.0514,141.2009,1.0,0.0,-15.1443,2.0195,0.0,2.0195,2.0195,-2.858,1.0,0.0,0.0,-8.522,-1.0,0.0,0.9345,0.0,0.0,0.0,-10.0,53.5,-20.0,48.0
2013_17_KC_SD,2013,17,SD,KC,0.2571,46.9652,68.6311,64.8219,133.453,1.0,0.0,1.0132,8.873,-3.2657,12.1388,5.6073,0.7074,1.0,0.0,0.0,0.2571,-2.0,0.0,1.3344,0.0,0.0,0.0,15.5,45.0,3.0,51.0
2013_17_STL_SEA,2013,17,SEA,STL,7.9748,43.2494,62.6342,65.3005,127.9347,1.0,0.0,7.4519,0.0,3.3496,-3.3496,3.3496,-0.2823,1.0,0.0,0.0,7.9748,-2.0,0.0,1.7205,0.0,0.0,5.0,13.0,41.0,18.0,36.0
2013_17_PHI_DAL,2013,17,DAL,PHI,-4.3849,54.9378,66.8037,69.1572,135.961,1.0,0.0,-0.9814,-2.8402,0.0,-2.8402,-2.8402,1.865,1.0,1.0,1.0,-4.3849,-1.0,0.0,1.3126,1.0,0.0,0.0,-7.5,54.0,-2.0,46.0
2013_18_KC_IND,2013,18,IND,KC,1.6764,48.5473,68.9005,65.0374,133.938,1.0,0.0,2.5779,0.0,0.0,0.0,0.0,-0.084,0.0,0.0,0.0,0.0,1.0,0.0,0.4468,1.0,0.0,0.0,-2.0,48.0,1.0,89.0
2013_18_NO_PHI,2013,18,PHI,NO,-1.3086,54.4288,61.9309,72.8143,134.7452,1.0,0.0,-2.9485,0.0,0.0,0.0,0.0,-5.3004,0.0,1.0,1.0,-0.0,1.0,0.0,1.0866,0.0,0.0,20.0,3.0,55.5,-2.0,50.0
2013_18_SD_CIN,2013,18,CIN,SD,4.5094,42.4417,68.8148,65.7759,134.5907,1.0,0.0,3.4851,0.0,8.8455,-8.8455,8.8455,4.6817,0.0,0.0,0.0,0.0,3.0,1.0,1.8647,0.0,0.0,3.0,6.5,47.5,-17.0,37.0
2013_18_SF_GB,2013,18,GB,SF,-8.4326,50.0014,67.6679,61.1494,128.8173,1.0,0.0,-7.4861,0.0,0.0,0.0,0.0,-0.6108,0.0,0.0,0.0,-0.0,2.0,0.0,1.8218,0.0,0.0,40.0,-3.0,46.5,-3.0,43.0
2013_19_NO_SEA,2013,19,SEA,NO,3.3049,46.5159,58.0705,66.4199,124.4904,1.0,0.72,3.2653,0.0,0.0,0.0,0.0,-2.8532,0.0,0.0,0.0,0.0,-2.0,0.0,2.0982,0.0,10.0,0.0,10.0,44.0,8.0,38.0
2013_19_IND_NE,2013,19,NE,IND,1.6288,55.2769,72.7751,69.3988,142.1738,1.0,0.72,5.1002,0.0,0.0,0.0,0.0,2.1797,0.0,1.0,1.0,0.0,0.0,0.0,0.7933,0.0,8.0,0.0,7.5,51.0,21.0,65.0
2013_19_SF_CAR,2013,19,CAR,SF,-0.6916,46.0789,61.8891,60.5524,122.4416,1.0,0.84,-3.0477,0.0,0.0,0.0,0.0,2.8819,0.0,0.0,0.0,-0.0,3.0,1.0,2.2761,0.0,0.0,0.0,-0.0,41.0,-13.0,33.0
2013_19_SD_DEN,2013,19,DEN,SD,9.4998,52.3358,72.0383,68.3104,140.3486,1.0,0.84,4.2688,0.0,8.932,-8.932,8.932,2.5629,1.0,0.0,0.0,9.4998,1.0,0.0,0.8269,0.0,7.0,4.0,8.0,55.0,7.0,41.0
2013_20_NE_DEN,2013,20,DEN,NE,6.537,58.1461,74.9885,72.0615,147.05,1.0,-0.12,-0.3961,0.0,0.0,0.0,0.0,1.1398,0.0,0.0,0.0,0.0,-2.0,0.0,1.7585,0.0,0.0,0.0,5.0,56.5,10.0,42.0
2013_20_SF_SEA,2013,20,SEA,SF,1.2959,43.6072,60.8727,61.6518,122.5245,1.0,0.12,-0.498,0.0,0.0,0.0,0.0,-1.7245,1.0,0.0,0.0,1.2959,0.0,0.0,0.7045,0.0,0.0,2.0,4.0,40.0,6.0,40.0
2013_21_SEA_DEN,2013,21,DEN,SEA,1.4363,46.8297,69.532,61.974,131.5059,0.0,0.0,-0.538,0.0,0.0,0.0,0.0,5.8829,0.0,0.0,0.0,0.0,0.0,0.0,0.0,0.0,0.0,0.0,1.5,47.0,-35.0,51.0
2014_01_GB_SEA,2014,1,SEA,GB,9.9269,45.8077,61.5265,66.2511,127.7776,1.0,0.0,7.0801,0.0,0.0,0.0,0.0,-0.9579,0.0,1.0,1.0,0.0,-2.0,0.0,1.6437,0.0,1.0,0.0,4.5,46.5,20.0,52.0
2014_01_NO_ATL,2014,1,ATL,NO,-7.3133,52.5993,62.2667,66.9528,129.2195,1.0,0.0,-4.6056,0.0,0.0,0.0,0.0,-4.5238,1.0,0.0,0.0,-7.3133,1.0,0.0,0.4244,1.0,0.0,0.0,-3.0,51.0,3.0,71.0
2014_01_CIN_BAL,2014,1,BAL,CIN,-5.194,38.9637,68.234,68.9077,137.1417,1.0,0.0,-1.3669,0.0,0.0,0.0,0.0,-4.3173,1.0,0.0,0.0,-5.194,0.0,0.0,0.4228,0.0,0.0,0.0,1.0,43.5,-7.0,39.0
2014_01_BUF_CHI,2014,1,CHI,BUF,0.0037,48.5333,67.7371,68.2795,136.0166,1.0,0.0,1.6251,0.0,0.0,0.0,0.0,-1.5662,0.0,0.0,0.0,0.0,-1.0,0.0,0.4553,0.0,0.0,0.0,7.0,47.0,-3.0,43.0
2014_01_WAS_HOU,2014,1,HOU,WAS,-2.4717,41.46,65.1188,67.3347,132.4535,1.0,0.0,-0.2064,4.0355,0.0,4.0355,4.0355,2.132,0.0,0.0,0.0,-0.0,-1.0,0.0,1.2321,1.0,0.0,0.0,3.0,43.5,11.0,23.0
2014_01_TEN_KC,2014,1,KC,TEN,2.2457,48.4365,66.1599,68.3417,134.5017,1.0,0.0,1.2464,0.0,-0.9769,0.9769,-0.9769,0.6276,0.0,0.0,0.0,0.0,0.0,0.0,0.4666,0.0,0.0,0.0,3.0,45.5,-16.0,36.0
2014_01_NE_MIA,2014,1,MIA,NE,-3.7413,50.3653,67.6334,73.2874,140.9208,1.0,0.0,-5.7238,0.0,0.0,0.0,0.0,-1.5819,1.0,0.0,0.0,-3.7413,0.0,0.0,1.2258,0.0,0.0,0.0,-3.5,47.5,13.0,53.0
2014_01_OAK_NYJ,2014,1,NYJ,OAK,-2.51,44.9886,65.3687,67.4895,132.8583,1.0,0.0,3.6373,0.0,0.0,0.0,0.0,-1.881,0.0,0.0,0.0,-0.0,3.0,1.0,2.5503,0.0,2.0,0.0,6.5,41.0,5.0,33.0
2014_01_JAX_PHI,2014,1,PHI,JAX,12.7458,48.0119,68.1635,71.1078,139.2713,1.0,0.0,6.7216,0.0,0.0,0.0,0.0,-1.2932,0.0,0.0,0.0,0.0,0.0,0.0,0.7555,0.0,0.0,0.0,10.0,49.0,17.0,51.0
2014_01_CLE_PIT,2014,1,PIT,CLE,3.8386,45.3647,67.611,67.9233,135.5343,1.0,0.0,5.9766,0.0,0.7337,-0.7337,0.7337,2.1087,1.0,0.0,0.0,3.8386,0.0,0.0,0.1143,0.0,0.0,0.0,5.5,41.5,3.0,57.0
2014_01_MIN_STL,2014,1,STL,MIN,2.7423,48.9648,69.9968,65.2216,135.2184,1.0,0.0,1.1784,0.0,0.0,0.0,0.0,0.6919,0.0,0.0,0.0,0.0,0.0,0.0,0.4657,1.0,0.0,0.0,3.0,43.5,-28.0,40.0
2014_01_SF_DAL,2014,1,DAL,SF,-6.1062,49.8698,61.3916,64.6824,126.074,1.0,0.0,-5.8936,0.0,0.0,0.0,0.0,-0.9093,0.0,0.0,0.0,-0.0,2.0,0.0,1.4385,1.0,0.0,0.0,-3.5,49.0,-11.0,45.0
2014_01_CAR_TB,2014,1,TB,CAR,-6.3733,45.6482,62.3482,62.274,124.6222,1.0,0.0,-5.699,5.8736,-6.399,12.2726,-0.5255,-2.5634,1.0,0.0,0.0,-6.3733,0.0,0.0,0.5103,0.0,0.0,0.0,5.5,38.5,-6.0,34.0
2014_01_IND_DEN,2014,1,DEN,IND,8.0263,56.2252,72.3332,66.0794,138.4126,1.0,0.0,3.645,0.0,0.0,0.0,0.0,3.9302,0.0,1.0,1.0,0.0,-2.0,0.0,0.9998,0.0,0.0,0.0,8.0,52.5,7.0,55.0
2014_01_NYG_DET,2014,1,DET,NYG,0.4432,35.8084,71.0552,61.5777,132.6329,1.0,0.0,-0.9277,0.0,0.0,0.0,0.0,2.0836,0.0,1.0,1.0,0.0,0.0,0.0,0.4753,1.0,0.0,0.0,6.5,45.0,21.0,49.0
2014_01_SD_ARI,2014,1,ARI,SD,3.6311,44.3747,66.5166,66.42,132.9367,1.0,0.0,-0.1763,0.0,9.9152,-9.9152,9.9152,0.3201,0.0,1.0,1.0,0.0,1.0,0.0,0.2856,1.0,0.0,0.0,3.0,45.5,1.0,35.0
2014_02_PIT_BAL,2014,2,BAL,PIT,-2.4218,45.5607,70.6892,65.1691,135.8583,1.0,0.0,-1.2784,0.0,0.0,0.0,0.0,-0.9361,1.0,1.0,1.0,-2.4218,0.0,0.0,0.1972,0.0,0.0,0.0,2.5,44.0,20.0,32.0
2014_02_MIA_BUF,2014,2,BUF,MIA,0.5264,40.2135,72.1977,67.9992,140.1969,1.0,0.0,-2.0596,0.0,0.0,0.0,0.0,-1.2544,1.0,0.0,0.0,0.5264,0.0,0.0,1.1648,0.0,0.0,0.0,1.0,43.0,19.0,39.0
2014_02_DET_CAR,2014,2,CAR,DET,3.4612,45.0433,60.8633,64.9071,125.7704,1.0,0.12,3.537,0.0,0.0,0.0,0.0,-0.1149,0.0,0.0,0.0,0.0,0.0,0.0,0.5055,0.0,0.0,0.0,1.0,43.5,17.0,31.0
2014_02_ATL_CIN,2014,2,CIN,ATL,4.561,49.1163,67.9908,68.7026,136.6934,1.0,0.0,4.4465,0.0,0.0,0.0,0.0,6.0789,0.0,0.0,0.0,0.0,0.0,0.0,0.369,0.0,0.0,0.0,5.5,48.5,14.0,34.0
2014_02_NO_CLE,2014,2,CLE,NO,-7.1543,51.8048,64.1153,71.4988,135.6141,1.0,0.0,-7.1242,1.3533,0.0,1.3533,1.3533,-4.8415,0.0,0.0,0.0,-0.0,1.0,0.0,0.9255,0.0,0.0,0.0,-4.5,49.5,2.0,50.0
2014_02_NE_MIN,2014,2,MIN,NE,-2.1159,51.1495,67.5756,75.0159,142.5914,1.0,0.0,-3.4857,0.0,0.0,0.0,0.0,-0.0623,0.0,0.0,0.0,-0.0,-1.0,0.0,1.116,0.0,0.0,0.0,-3.5,49.0,-23.0,37.0
2014_02_ARI_NYG,2014,2,NYG,ARI,-7.3239,36.2456,63.3624,68.037,131.3994,1.0,0.0,-3.4899,0.0,-4.4718,4.4718,-4.4718,-1.8855,0.0,0.0,0.0,-0.0,2.0,1.0,2.1441,0.0,0.0,0.0,1.0,41.5,-11.0,39.0
2014_02_DAL_TEN,2014,2,TEN,DAL,3.4052,49.2956,68.5573,62.2844,130.8418,1.0,0.0,0.7801,-0.5221,0.0,-0.5221,-0.5221,-2.0305,0.0,0.0,0.0,0.0,0.0,0.0,0.6334,0.0,0.0,0.0,3.0,49.5,-16.0,36.0
2014_02_JAX_WAS,2014,2,WAS,JAX,1.1518,40.3269,72.5345,63.3991,135.9336,1.0,0.0,1.3642,0.0,0.0,0.0,0.0,-1.6768,0.0,0.0,0.0,0.0,0.0,0.0,0.652,0.0,0.0,0.0,5.0,43.0,31.0,51.0
2014_02_SEA_SD,2014,2,SD,SEA,-8.2483,43.1098,64.5574,63.2417,127.7991,1.0,-0.48,-6.0579,9.7041,0.0,9.7041,9.7041,1.0122,0.0,0.0,0.0,-0.0,0.0,0.0,1.0592,0.0,0.0,0.0,-4.5,45.0,9.0,51.0
2014_02_STL_TB,2014,2,TB,STL,-3.0007,44.8073,63.8916,65.5803,129.4718,1.0,0.0,-1.662,4.7659,1.6425,3.1235,6.4084,-1.3789,0.0,0.0,0.0,-0.0,1.0,0.0,0.859,0.0,0.0,0.0,4.0,37.5,-2.0,36.0
2014_02_KC_DEN,2014,2,DEN,KC,8.3082,54.8974,73.9909,66.8672,140.858,1.0,0.0,7.0122,0.0,0.0,0.0,0.0,2.0714,1.0,0.0,0.0,8.3082,-1.0,0.0,0.5643,0.0,0.0,0.0,13.0,49.0,7.0,41.0
2014_02_NYJ_GB,2014,2,GB,NYJ,-0.2499,47.621,66.439,64.5692,131.0082,1.0,0.36,0.9632,0.0,0.0,0.0,0.0,0.5327,0.0,0.0,0.0,-0.0,-1.0,0.0,0.7539,0.0,5.0,0.0,7.0,46.5,7.0,55.0
2014_02_HOU_OAK,2014,2,OAK,HOU,4.5183,44.3815,64.6056,67.1965,131.8021,1.0,0.0,-2.3309,2.349,4.7696,-2.4206,7.1186,-2.563,0.0,0.0,0.0,0.0,-2.0,0.0,1.6306,0.0,6.0,0.0,-3.0,41.0,-16.0,44.0
2014_02_CHI_SF,2014,2,SF,CHI,8.1407,52.0559,59.8807,65.1177,124.9984,1.0,0.0,7.4722,0.0,0.0,0.0,0.0,2.7725,0.0,1.0,1.0,0.0,-2.0,0.0,1.8413,0.0,0.0,0.0,7.0,47.0,-8.0,48.0
2014_02_PHI_IND,2014,2,IND,PHI,-2.787,51.1424,71.3174,69.2802,140.5976,1.0,0.0,-0.4045,0.0,0.0,0.0,0.0,0.9447,0.0,1.0,1.0,-0.0,0.0,0.0,0.5832,1.0,0.0,0.0,3.0,53.5,-3.0,57.0
2014_03_TB_ATL,2014,3,ATL,TB,0.2778,50.7273,66.0025,63.0744,129.0769,1.0,0.0,2.1401,0.0,5.0111,-5.0111,5.0111,-1.3904,1.0,1.0,1.0,0.2778,0.0,0.0,0.4149,1.0,0.0,0.0,6.5,47.0,42.0,70.0
2014_03_SD_BUF,2014,3,BUF,SD,1.0467,41.9283,66.8421,70.2105,137.0527,1.0,0.0,-2.9977,0.0,10.0,-10.0,10.0,-1.1465,0.0,0.0,0.0,0.0,3.0,1.0,2.1829,0.0,14.0,0.0,2.5,45.5,-12.0,32.0
2014_03_TEN_CIN,2014,3,CIN,TEN,5.1835,43.7536,68.7809,67.222,136.003,1.0,0.0,5.3839,0.0,0.0,0.0,0.0,4.9439,0.0,0.0,0.0,0.0,1.0,0.0,0.237,0.0,10.0,0.0,6.5,44.5,26.0,40.0
2014_03_BAL_CLE,2014,3,CLE,BAL,-2.1066,42.8328,67.2151,72.473,139.6881,1.0,-0.36,-5.8275,1.5591,0.0,1.5591,1.5591,-1.5455,1.0,0.0,0.0,-2.1066,0.0,0.0,0.3083,0.0,13.0,0.0,-2.0,43.0,-2.0,44.0
2014_03_GB_DET,2014,3,DET,GB,3.4005,48.5099,67.8388,64.3629,132.2017,1.0,0.0,-1.125,0.0,0.0,0.0,0.0,4.2931,1.0,0.0,0.0,3.4005,1.0,0.0,0.2927,1.0,0.0,0.0,1.5,51.0,12.0,26.0
2014_03_IND_JAX,2014,3,JAX,IND,-6.1574,45.8986,66.2483,71.96,138.2082,1.0,0.12,-7.7622,0.0,0.0,0.0,0.0,-2.5411,1.0,0.0,0.0,-6.1574,0.0,0.0,0.7002,0.0,0.0,0.0,-6.0,45.5,-27.0,61.0
2014_03_OAK_NE,2014,3,NE,OAK,2.1229,48.3178,71.1224,69.3081,140.4304,1.0,0.0,11.7227,0.0,0.8637,-0.8637,0.8637,1.0254,0.0,0.0,0.0,0.0,3.0,1.0,2.6759,0.0,1.0,0.0,14.0,47.5,7.0,25.0
2014_03_MIN_NO,2014,3,NO,MIN,4.087,51.8602,71.3662,62.2474,133.6136,1.0,0.0,2.503,0.0,0.0,0.0,0.0,2.4831,0.0,0.0,0.0,0.0,0.0,0.0,1.0523,1.0,0.0,0.0,10.0,49.5,11.0,29.0
2014_03_HOU_NYG,2014,3,NYG,HOU,-0.3463,37.6388,62.847,68.6585,131.5055,1.0,0.0,0.0631,0.0,5.5105,-5.5105,5.5105,-1.4415,0.0,0.0,0.0,-0.0,1.0,0.0,1.4226,0.0,0.0,0.0,1.0,41.5,13.0,47.0
2014_03_WAS_PHI,2014,3,PHI,WAS,4.2304,45.1009,63.4539,75.1125,138.5664,1.0,-0.12,5.8719,0.0,-1.32,1.32,-1.32,-2.0144,1.0,0.0,0.0,4.2304,0.0,0.0,0.1136,0.0,0.0,0.0,4.0,50.5,3.0,71.0
2014_03_DAL_STL,2014,3,STL,DAL,0.3574,47.4704,65.4013,65.6567,131.058,1.0,0.0,-1.6643,3.5924,0.0,3.5924,3.5924,-0.5041,0.0,0.0,0.0,0.0,0.0,0.0,0.5614,1.0,0.0,0.0,-1.5,45.0,-3.0,65.0
2014_03_SF_ARI,2014,3,ARI,SF,-2.8709,43.5796,64.5303,62.6395,127.1698,1.0,0.0,-2.2939,-1.8233,0.0,-1.8233,-1.8233,-2.1432,1.0,0.0,0.0,-2.8709,1.0,0.0,0.608,1.0,0.0,0.0,-3.0,41.0,9.0,37.0
2014_03_KC_MIA,2014,3,MIA,KC,0.1647,46.2161,67.1523,70.5944,137.7467,1.0,0.0,1.2188,0.0,0.0,0.0,0.0,0.3811,0.0,0.0,0.0,0.0,1.0,0.0,1.2246,0.0,0.0,0.0,6.0,43.0,-19.0,49.0
2014_03_DEN_SEA,2014,3,SEA,DEN,-0.2801,50.8092,63.5953,68.6849,132.2803,1.0,0.0,0.688,0.0,0.0,0.0,0.0,-3.0407,0.0,0.0,0.0,-0.0,-1.0,0.0,1.0178,0.0,0.0,0.0,4.0,48.0,6.0,46.0
2014_03_PIT_CAR,2014,3,CAR,PIT,5.5686,47.2103,64.1573,62.9665,127.1238,1.0,-0.36,3.679,0.0,0.0,0.0,0.0,2.4045,0.0,1.0,1.0,0.0,0.0,0.0,0.3636,0.0,0.0,0.0,3.0,42.5,-18.0,56.0
2014_03_CHI_NYJ,2014,3,NYJ,CHI,-1.859,48.094,64.0982,64.84,128.9383,1.0,0.0,-2.1187,0.0,0.0,0.0,0.0,0.8044,0.0,1.0,1.0,-0.0,1.0,0.0,0.7056,0.0,0.0,0.0,1.5,44.5,-8.0,46.0
2014_04_NYG_WAS,2014,4,WAS,NYG,-0.0973,39.3042,71.649,61.9806,133.6296,1.0,0.0,-2.7963,0.4195,0.0,0.4195,0.4195,0.0981,1.0,1.0,1.0,-0.0973,0.0,0.0,0.1981,0.0,0.0,0.0,3.0,44.5,-31.0,59.0
2014_04_CAR_BAL,2014,4,BAL,CAR,-3.3591,44.5453,67.6733,62.2681,129.9414,1.0,0.0,-0.7772,0.0,0.0,0.0,0.0,-2.4157,0.0,0.0,0.0,-0.0,0.0,0.0,0.3639,0.0,0.0,0.0,3.5,42.5,28.0,48.0
2014_04_GB_CHI,2014,4,CHI,GB,2.5125,49.9351,65.369,64.8071,130.176,1.0,-0.12,1.6606,0.0,0.0,0.0,0.0,-0.1871,1.0,0.0,0.0,2.5125,0.0,0.0,0.1837,0.0,0.0,0.0,-2.0,51.0,-21.0,55.0
2014_04_BUF_HOU,2014,4,HOU,BUF,-2.5377,39.6638,70.4538,65.6383,136.0921,1.0,0.0,-2.2356,4.9483,0.0,4.9483,4.9483,1.7694,0.0,0.0,0.0,-0.0,-1.0,0.0,1.2902,1.0,0.0,0.0,3.0,44.0,6.0,40.0
2014_04_TEN_IND,2014,4,IND,TEN,0.8376,50.0617,67.2717,66.1903,133.462,1.0,0.0,3.0485,0.0,-4.2746,4.2746,-4.2746,0.9811,1.0,0.0,0.0,0.8376,1.0,0.0,0.2505,0.0,0.0,0.0,7.5,45.5,24.0,58.0
2014_04_DET_NYJ,2014,4,NYJ,DET,-4.5849,40.3742,63.1299,67.6758,130.8057,1.0,-0.12,-2.9866,0.0,0.0,0.0,0.0,-1.8075,0.0,0.0,0.0,-0.0,0.0,0.0,0.4753,0.0,0.0,0.0,2.0,43.5,-7.0,41.0
2014_04_MIA_OAK,2014,4,OAK,MIA,2.5371,43.3143,69.3386,67.2182,136.5568,0.0,0.0,-5.0807,1.2309,0.0,1.2309,1.2309,-0.4621,0.0,0.0,0.0,0.0,0.0,0.0,0.0,0.0,0.0,0.0,-4.0,41.0,-24.0,52.0
2014_04_TB_PIT,2014,4,PIT,TB,6.0012,47.2593,64.22,62.3927,126.6128,1.0,-0.36,6.8021,0.0,0.0,0.0,0.0,2.2734,0.0,0.0,0.0,0.0,0.0,0.0,0.8732,0.0,0.0,0.0,7.5,44.5,-3.0,51.0
2014_04_JAX_SD,2014,4,SD,JAX,9.033,42.8681,71.6396,64.7286,136.3682,1.0,0.0,11.9083,10.0,2.987,7.013,12.987,2.8214,0.0,0.0,0.0,0.0,-3.0,0.0,2.0865,0.0,0.0,0.0,13.0,45.0,19.0,47.0
2014_04_ATL_MIN,2014,4,MIN,ATL,-1.0013,50.2198,62.8545,69.5558,132.4103,1.0,-0.36,-0.9104,1.381,0.0,1.381,1.381,1.4282,0.0,0.0,0.0,-0.0,-1.0,0.0,0.9069,0.0,0.0,0.0,-5.5,48.0,13.0,69.0
2014_04_PHI_SF,2014,4,SF,PHI,2.9861,50.1874,67.6287,66.6786,134.3073,1.0,0.0,1.999,0.0,0.0,0.0,0.0,2.8726,0.0,0.0,0.0,0.0,-3.0,0.0,2.5025,0.0,0.0,0.0,3.5,48.5,5.0,47.0
2014_04_NO_DAL,2014,4,DAL,NO,-3.2006,53.0611,61.71,68.5269,130.2369,1.0,0.0,-1.3987,0.0,0.0,0.0,0.0,-1.2399,0.0,1.0,1.0,-0.0,0.0,0.0,0.4566,1.0,0.0,0.0,-3.0,53.5,21.0,55.0
2014_04_NE_KC,2014,4,KC,NE,-0.6996,49.0071,69.8471,71.6927,141.5398,1.0,0.0,-5.4443,0.0,0.0,0.0,0.0,-0.56,0.0,1.0,1.0,-0.0,-1.0,0.0,1.2328,0.0,0.0,0.0,-3.0,45.0,27.0,55.0
2014_05_MIN_GB,2014,5,GB,MIN,0.8486,51.5353,66.1522,65.9014,132.0535,1.0,0.0,1.2715,0.0,0.76,-0.76,0.76,-0.2335,1.0,1.0,1.0,0.8486,0.0,0.0,0.257,0.0,0.0,0.0,8.5,46.5,32.0,52.0
2014_05_CHI_CAR,2014,5,CAR,CHI,1.6607,50.0399,62.0914,64.608,126.6993,1.0,0.0,1.8465,0.0,0.0,0.0,0.0,1.6993,0.0,0.0,0.0,0.0,1.0,0.0,0.586,0.0,0.0,0.0,1.5,46.5,7.0,55.0
2014_05_HOU_DAL,2014,5,DAL,HOU,3.7832,42.3635,63.786,66.1851,129.971,1.0,0.0,4.7247,0.0,0.0,0.0,0.0,-0.8733,0.0,0.0,0.0,0.0,0.0,0.0,0.2338,1.0,0.0,0.0,5.0,47.5,3.0,37.0
2014_05_BUF_DET,2014,5,DET,BUF,4.3372,37.2946,70.7403,63.5076,134.248,1.0,0.0,2.8146,0.0,1.9545,-1.9545,1.9545,2.7109,0.0,0.0,0.0,0.0,0.0,0.0,0.2188,1.0,0.0,0.0,4.5,43.0,-3.0,31.0
2014_05_BAL_IND,2014,5,IND,BAL,0.9623,52.8278,67.466,67.2073,134.6733,1.0,0.0,-1.2455,0.0,0.0,0.0,0.0,-0.1446,0.0,0.0,0.0,0.0,0.0,0.0,0.5094,0.0,0.0,0.0,2.5,49.5,7.0,33.0
2014_05_PIT_JAX,2014,5,JAX,PIT,-9.6031,46.5547,64.2045,70.5901,134.7946,1.0,0.0,-9.6412,2.8656,0.0,2.8656,2.8656,-2.5418,0.0,0.0,0.0,-0.0,0.0,0.0,0.7054,0.0,0.0,0.0,-6.0,47.0,-8.0,26.0
2014_05_TB_NO,2014,5,NO,TB,7.0685,51.2844,68.0937,60.3408,128.4345,1.0,0.0,5.2193,0.0,0.0,0.0,0.0,3.6452,1.0,0.0,0.0,7.0685,-1.0,0.0,0.4779,1.0,0.0,0.0,11.0,47.5,6.0,68.0
2014_05_ATL_NYG,2014,5,NYG,ATL,4.2402,45.7813,67.6269,66.6544,134.2814,1.0,0.36,1.3653,0.0,0.0,0.0,0.0,3.6968,0.0,0.0,0.0,0.0,0.0,0.0,0.7475,0.0,0.0,0.0,4.0,50.5,10.0,50.0
2014_05_STL_PHI,2014,5,PHI,STL,0.6229,46.1581,67.7661,72.1853,139.9514,1.0,-0.84,3.4203,0.0,4.8117,-4.8117,4.8117,-1.8081,0.0,0.0,0.0,0.0,1.0,0.0,0.8074,0.0,6.0,0.0,3.5,48.0,6.0,62.0
2014_05_CLE_TEN,2014,5,TEN,CLE,-0.9206,47.1116,65.5293,68.7264,134.2556,1.0,-0.84,1.7232,0.0,0.0,0.0,0.0,-0.6846,0.0,0.0,0.0,-0.0,-1.0,0.0,0.4588,0.0,3.0,0.0,-1.0,44.5,-1.0,57.0
2014_05_ARI_DEN,2014,5,DEN,ARI,2.0701,51.3099,68.3563,69.4978,137.854,1.0,0.0,1.4718,0.0,-0.1836,0.1836,-0.1836,2.7701,0.0,0.0,0.0,0.0,0.0,0.0,0.5876,0.0,0.0,0.0,8.0,47.0,21.0,61.0
2014_05_NYJ_SD,2014,5,SD,NYJ,3.1158,43.7688,65.1323,66.6739,131.8062,1.0,0.0,7.5302,10.0,0.0,10.0,10.0,0.5992,0.0,0.0,0.0,0.0,-3.0,0.0,2.4201,0.0,0.0,0.0,7.0,44.5,31.0,31.0
2014_05_KC_SF,2014,5,SF,KC,3.0564,45.4584,63.6708,65.5628,129.2336,1.0,0.12,3.4601,0.0,0.0,0.0,0.0,0.6493,0.0,0.0,0.0,0.0,-2.0,0.0,1.4906,0.0,0.0,0.0,4.0,43.5,5.0,39.0
2014_05_CIN_NE,2014,5,NE,CIN,-5.1628,43.7054,70.4989,68.8491,139.348,1.0,-0.96,-1.2646,0.0,0.0,0.0,0.0,-3.9287,0.0,1.0,1.0,-0.0,0.0,0.0,0.7246,0.0,0.0,0.0,-2.5,46.0,26.0,60.0
2014_05_SEA_WAS,2014,5,WAS,SEA,-10.6309,43.903,69.3354,61.3188,130.6542,1.0,-0.48,-12.6958,0.0,0.0,0.0,0.0,0.2329,0.0,1.0,1.0,-0.0,3.0,0.0,2.3298,0.0,0.0,0.0,-7.0,45.5,-10.0,44.0
2014_06_IND_HOU,2014,6,HOU,IND,-5.1836,43.7953,64.0198,70.4695,134.4894,1.0,0.0,-5.483,0.0,0.0,0.0,0.0,0.958,1.0,1.0,1.0,-5.1836,-1.0,0.0,0.8709,1.0,0.0,0.0,-2.5,46.0,-5.0,61.0
2014_06_NE_BUF,2014,6,BUF,NE,-2.1946,41.3153,66.9223,72.0568,138.9791,1.0,0.0,-5.9021,2.1885,0.0,2.1885,2.1885,-1.5391,1.0,0.0,0.0,-2.1946,0.0,0.0,0.3864,0.0,0.0,0.0,1.0,44.0,-15.0,59.0
2014_06_CAR_CIN,2014,6,CIN,CAR,3.1192,44.5907,63.7881,67.3219,131.1101,1.0,0.0,1.4168,0.0,0.0,0.0,0.0,1.6683,0.0,0.0,0.0,0.0,0.0,0.0,0.3349,0.0,0.0,0.0,7.0,43.5,0.0,74.0
2014_06_PIT_CLE,2014,6,CLE,PIT,-3.2749,50.8813,66.672,67.5859,134.2579,1.0,0.0,-5.8205,0.0,0.0,0.0,0.0,-0.9278,1.0,0.0,0.0,-3.2749,0.0,0.0,0.1143,0.0,3.0,0.0,2.5,46.5,21.0,41.0
2014_06_GB_MIA,2014,6,MIA,GB,-2.2947,45.4103,70.0037,65.3636,135.3672,1.0,0.48,-3.0653,0.0,0.0,0.0,0.0,-1.4414,0.0,0.0,0.0,-0.0,1.0,0.0,1.3536,0.0,3.0,0.0,-1.5,46.5,-3.0,51.0
2014_06_DET_MIN,2014,6,MIN,DET,-5.3617,44.3746,63.3087,67.3325,130.6412,1.0,0.36,-1.7763,3.7228,0.0,3.7228,3.7228,-2.6297,1.0,0.0,0.0,-5.3617,-1.0,0.0,0.5415,0.0,0.0,0.0,1.0,43.0,-14.0,20.0
2014_06_DEN_NYJ,2014,6,NYJ,DEN,-11.1428,47.3299,67.8349,68.8858,136.7207,1.0,0.0,-10.2663,0.0,0.0,0.0,0.0,-3.1638,0.0,0.0,0.0,-0.0,2.0,1.0,1.6245,0.0,0.0,0.0,-10.0,47.0,-14.0,48.0
2014_06_BAL_TB,2014,6,TB,BAL,-4.1754,45.1786,63.0619,69.8384,132.9002,1.0,0.0,-6.7383,0.0,0.0,0.0,0.0,-1.2999,0.0,0.0,0.0,-0.0,0.0,0.0,0.8506,0.0,0.0,0.0,-3.5,44.0,-31.0,65.0
2014_06_JAX_TEN,2014,6,TEN,JAX,7.6726,44.4772,67.9827,65.9186,133.9013,1.0,0.0,5.6545,-1.2512,2.0022,-3.2534,0.7509,0.8233,1.0,0.0,0.0,7.6726,-1.0,0.0,0.5008,0.0,0.0,0.0,4.0,42.5,2.0,30.0
2014_06_SD_OAK,2014,6,OAK,SD,0.0,46.758,66.4942,66.4942,132.9885,1.0,0.84,-12.3672,1.491,10.0,-8.509,11.491,0.0,1.0,0.0,0.0,0.0,0.0,0.0,0.4471,0.0,0.0,0.0,-7.0,43.5,-3.0,59.0
2014_06_WAS_ARI,2014,6,ARI,WAS,6.1054,46.8609,63.9585,68.8433,132.8017,1.0,0.12,8.6184,0.0,0.0,0.0,0.0,-3.6803,0.0,0.0,0.0,0.0,-2.0,0.0,1.9951,1.0,0.0,0.0,5.0,47.0,10.0,50.0
2014_06_CHI_ATL,2014,6,ATL,CHI,-2.6889,54.93,65.2616,66.5733,131.8349,1.0,0.0,-1.2057,0.0,0.0,0.0,0.0,-1.9374,0.0,0.0,0.0,-0.0,1.0,0.0,0.5869,1.0,0.0,0.0,3.5,55.5,-14.0,40.0
2014_06_DAL_SEA,2014,6,SEA,DAL,4.8801,46.066,62.0659,64.8826,126.9485,1.0,-0.12,4.9949,0.0,0.0,0.0,0.0,-1.9038,0.0,0.0,0.0,0.0,-2.0,0.0,1.6688,0.0,0.0,0.0,10.0,47.0,-7.0,53.0
2014_06_NYG_PHI,2014,6,PHI,NYG,-1.832,41.7627,68.0484,73.3503,141.3987,1.0,0.0,1.5799,0.0,0.0,0.0,0.0,-3.7741,1.0,1.0,1.0,-1.832,0.0,0.0,0.0854,0.0,0.0,0.0,1.0,50.5,27.0,27.0
2014_06_SF_STL,2014,6,STL,SF,-4.3193,45.9419,63.0112,65.1617,128.173,1.0,0.0,-7.3703,5.1436,0.0,5.1436,5.1436,-0.1256,1.0,1.0,1.0,-4.3193,2.0,0.0,1.7235,1.0,0.0,0.0,-3.5,44.0,-14.0,48.0
2014_07_NYJ_NE,2014,7,NE,NYJ,7.4669,45.2948,69.7309,65.2483,134.9792,1.0,0.0,9.9516,0.0,0.0,0.0,0.0,1.3165,1.0,1.0,1.0,7.4669,0.0,0.0,0.1702,0.0,0.0,0.0,9.5,44.5,2.0,52.0
2014_07_ATL_BAL,2014,7,BAL,ATL,7.0183,52.1959,67.6911,66.5818,134.273,1.0,0.0,6.54,0.0,0.0,0.0,0.0,5.6567,0.0,0.0,0.0,0.0,0.0,0.0,0.5759,0.0,4.0,0.0,7.0,49.5,22.0,36.0
2014_07_MIN_BUF,2014,7,BUF,MIN,1.4891,39.192,67.5541,68.0542,135.6083,1.0,0.0,0.6697,2.9569,0.8926,2.0643,3.8495,0.4092,0.0,0.0,0.0,0.0,1.0,0.0,0.7356,0.0,0.0,4.0,7.0,43.5,1.0,33.0
2014_07_MIA_CHI,2014,7,CHI,MIA,1.5442,46.7819,69.6867,63.4765,133.1633,1.0,0.0,1.7047,0.0,0.0,0.0,0.0,-0.2307,0.0,0.0,0.0,0.0,-1.0,0.0,1.1764,0.0,0.0,0.0,3.0,47.5,-13.0,41.0
2014_07_NO_DET,2014,7,DET,NO,4.6287,45.2684,64.6444,67.4228,132.0671,1.0,-0.84,-0.2748,0.0,0.0,0.0,0.0,0.4535,0.0,0.0,0.0,0.0,1.0,0.0,0.9409,1.0,0.0,0.0,1.5,45.5,1.0,47.0
2014_07_CAR_GB,2014,7,GB,CAR,1.9109,51.1682,64.215,67.5212,131.7362,1.0,0.0,0.3021,0.0,0.0,0.0,0.0,0.0318,0.0,0.0,0.0,0.0,-1.0,0.0,0.7456,0.0,2.0,0.0,6.5,48.5,21.0,55.0
2014_07_CIN_IND,2014,7,IND,CIN,2.7122,49.9724,76.1746,64.1063,140.2809,1.0,0.36,-0.1421,0.0,0.0,0.0,0.0,-1.8303,0.0,0.0,0.0,0.0,0.0,0.0,0.0992,0.0,0.0,0.0,3.0,50.5,27.0,27.0
2014_07_CLE_JAX,2014,7,JAX,CLE,-8.4795,44.4002,67.3007,69.7891,137.0898,1.0,0.0,-6.33,2.2478,0.0,2.2478,2.2478,-0.6737,0.0,0.0,0.0,-0.0,0.0,0.0,0.7727,0.0,0.0,0.0,-4.0,44.5,18.0,30.0
2014_07_SEA_STL,2014,7,STL,SEA,-4.575,44.6576,66.4476,62.4307,128.8783,1.0,-0.12,-9.2577,4.1339,0.0,4.1339,4.1339,0.9352,1.0,0.0,0.0,-4.575,2.0,0.0,1.7205,1.0,0.0,0.0,-7.0,43.5,2.0,54.0
2014_07_TEN_WAS,2014,7,WAS,TEN,-2.6979,47.3759,69.6495,62.9598,132.6094,1.0,0.0,-3.1292,0.0,-0.9917,0.9917,-0.9917,2.5338,0.0,0.0,0.0,-0.0,1.0,0.0,0.5745,0.0,3.0,0.0,6.0,46.0,2.0,36.0
2014_07_KC_SD,2014,7,SD,KC,-2.7869,48.7546,65.5557,66.1348,131.6905,1.0,-0.84,3.9202,10.0,0.0,10.0,10.0,-0.5674,1.0,0.0,0.0,-2.7869,-2.0,0.0,1.3344,0.0,0.0,0.0,3.0,46.0,-3.0,43.0
2014_07_NYG_DAL,2014,7,DAL,NYG,2.7983,44.2195,66.9981,63.5834,130.5816,1.0,0.0,4.071,0.0,0.0,0.0,0.0,1.2947,1.0,0.0,0.0,2.7983,-1.0,0.0,1.3851,1.0,0.0,0.0,5.0,47.0,10.0,52.0
2014_07_ARI_OAK,2014,7,OAK,ARI,-3.7535,45.3954,66.8651,65.7269,132.5919,1.0,0.0,-11.1918,2.8108,0.0,2.8108,2.8108,3.1057,0.0,0.0,0.0,-0.0,-1.0,0.0,0.6293,0.0,0.0,0.0,-3.5,46.0,-11.0,37.0
2014_07_SF_DEN,2014,7,DEN,SF,1.9006,48.0493,66.4042,66.8803,133.2845,1.0,0.12,0.8992,0.0,0.0,0.0,0.0,2.6013,0.0,1.0,1.0,0.0,1.0,0.0,0.9284,0.0,0.0,0.0,7.0,48.0,25.0,59.0
2014_07_HOU_PIT,2014,7,PIT,HOU,2.6271,43.3087,69.3641,62.5915,131.9555,1.0,-0.36,3.3694,0.0,0.0,0.0,0.0,-0.0296,0.0,1.0,1.0,0.0,1.0,0.0,1.1419,0.0,0.0,0.0,3.0,44.5,7.0,53.0
2014_08_SD_DEN,2014,8,DEN,SD,8.7844,49.5062,67.9499,68.5464,136.4962,1.0,0.0,3.6996,0.0,10.0,-10.0,10.0,3.1658,1.0,1.0,1.0,8.7844,1.0,0.0,0.8269,0.0,0.0,0.0,9.0,51.0,14.0,56.0
2014_08_DET_ATL,2014,8,ATL,DET,-9.7944,45.3527,64.789,68.213,133.0021,0.0,0.0,-5.478,0.0,0.0,0.0,0.0,-5.1109,0.0,0.0,0.0,-0.0,0.0,0.0,0.0,0.0,3.0,0.0,-3.5,45.0,-1.0,43.0
2014_08_SEA_CAR,2014,8,CAR,SEA,-5.396,49.4709,64.8433,61.9664,126.8097,1.0,0.0,-4.7577,0.0,0.0,0.0,0.0,2.152,0.0,0.0,0.0,-0.0,3.0,1.0,2.2805,0.0,0.0,0.0,-6.0,44.5,-4.0,22.0
2014_08_BAL_CIN,2014,8,CIN,BAL,-3.2627,43.6049,66.3435,72.435,138.7785,1.0,0.0,-1.5531,0.0,0.0,0.0,0.0,-0.6299,1.0,0.0,0.0,-3.2627,0.0,0.0,0.4228,0.0,0.0,0.0,-2.5,44.5,3.0,51.0
2014_08_MIA_JAX,2014,8,JAX,MIA,-9.2209,38.026,67.1894,69.6835,136.8728,1.0,0.0,-7.1356,0.0,0.0,0.0,0.0,-0.992,0.0,0.0,0.0,-0.0,0.0,0.0,0.3135,0.0,0.0,0.0,-7.0,42.0,-14.0,40.0
2014_08_STL_KC,2014,8,KC,STL,3.8301,49.1517,66.8497,64.0808,130.9306,1.0,0.0,3.7566,0.0,4.67,-4.67,4.67,0.3758,0.0,0.0,0.0,0.0,0.0,0.0,0.2329,0.0,0.0,0.0,7.5,44.5,27.0,41.0
2014_08_CHI_NE,2014,8,NE,CHI,2.7973,52.7339,66.0168,66.6698,132.6866,1.0,0.36,6.7836,0.0,0.0,0.0,0.0,-0.1694,0.0,0.0,0.0,0.0,1.0,0.0,0.8389,0.0,4.0,0.0,5.5,51.0,28.0,74.0
2014_08_BUF_NYJ,2014,8,NYJ,BUF,-1.1402,37.9769,68.8347,66.1888,135.0236,1.0,0.36,-2.9198,0.0,2.2941,-2.2941,2.2941,0.2482,1.0,0.0,0.0,-1.1402,0.0,0.0,0.2779,0.0,6.0,0.0,3.0,40.0,-20.0,66.0
2014_08_MIN_TB,2014,8,TB,MIN,-2.5955,44.0458,64.3137,67.5791,131.8928,1.0,0.84,-2.4412,0.0,0.0,0.0,0.0,-1.8483,0.0,0.0,0.0,-0.0,1.0,0.0,1.315,0.0,0.0,0.0,1.0,43.0,-6.0,32.0
2014_08_HOU_TEN,2014,8,TEN,HOU,2.0413,43.5583,64.1279,66.7909,130.9189,1.0,0.12,0.3892,-2.6264,0.0,-2.6264,-2.6264,-1.6376,1.0,0.0,0.0,2.0413,0.0,0.0,0.6715,0.0,0.0,0.0,-3.5,43.0,-14.0,46.0
2014_08_PHI_ARI,2014,8,ARI,PHI,1.6407,45.1652,71.663,67.1718,138.8348,1.0,-0.84,0.4062,0.0,0.0,0.0,0.0,-2.985,0.0,0.0,0.0,0.0,-2.0,0.0,2.0857,1.0,0.0,0.0,1.0,49.0,4.0,44.0
2014_08_OAK_CLE,2014,8,CLE,OAK,-1.5867,44.972,68.0238,69.0519,137.0757,1.0,0.0,4.1891,0.0,2.5874,-2.5874,2.5874,-1.3039,0.0,0.0,0.0,-0.0,3.0,0.0,2.1511,0.0,10.0,0.0,6.5,44.5,10.0,36.0
2014_08_IND_PIT,2014,8,PIT,IND,-6.4313,49.2298,63.2592,69.5916,132.8508,1.0,-0.12,-3.7694,0.0,0.0,0.0,0.0,-0.6984,0.0,0.0,0.0,-0.0,0.0,0.0,0.3283,0.0,2.0,0.0,-5.0,48.0,17.0,85.0
2014_08_GB_NO,2014,8,NO,GB,-3.2735,52.651,71.8667,61.9963,133.8631,1.0,0.0,-2.091,0.0,0.0,0.0,0.0,0.5505,0.0,1.0,1.0,-0.0,0.0,0.0,1.0114,1.0,0.0,0.0,2.0,55.0,21.0,67.0
2014_08_WAS_DAL,2014,8,DAL,WAS,7.9259,48.8875,64.7912,63.0636,127.8548,1.0,0.0,9.7849,0.0,1.0354,-1.0354,1.0354,0.8531,1.0,1.0,1.0,7.9259,-1.0,0.0,1.2074,1.0,0.0,0.0,9.5,49.0,-3.0,37.0
2014_09_NO_CAR,2014,9,CAR,NO,-3.2945,53.2568,64.4885,67.9728,132.4613,1.0,0.0,-2.058,0.0,0.0,0.0,0.0,-1.0232,1.0,1.0,1.0,-3.2945,1.0,0.0,0.6487,0.0,0.0,0.0,-3.0,48.5,-18.0,38.0
2014_09_JAX_CIN,2014,9,CIN,JAX,8.6343,36.6698,67.9076,70.6084,138.516,1.0,0.0,10.8776,0.0,0.0,0.0,0.0,2.6353,0.0,0.0,0.0,0.0,0.0,0.0,0.6277,0.0,0.0,3.0,10.0,44.0,10.0,56.0
2014_09_TB_CLE,2014,9,CLE,TB,6.237,42.7694,68.4676,66.9852,135.4528,1.0,0.0,2.361,0.0,0.0,0.0,0.0,3.0869,0.0,0.0,0.0,0.0,0.0,0.0,0.936,0.0,0.0,3.0,7.0,44.0,5.0,39.0
2014_09_ARI_DAL,2014,9,DAL,ARI,-1.011,48.0363,67.5098,63.8487,131.3585,1.0,-0.12,-0.7182,-5.7355,0.0,-5.7355,-5.7355,3.2707,0.0,0.0,0.0,-0.0,1.0,0.0,0.8785,1.0,0.0,0.0,1.5,45.0,-11.0,45.0
2014_09_PHI_HOU,2014,9,HOU,PHI,-2.6105,41.0319,70.7211,71.2976,142.0188,1.0,0.0,-5.2049,0.0,0.0,0.0,0.0,0.0873,0.0,0.0,0.0,-0.0,-1.0,0.0,1.3434,1.0,0.0,0.0,-1.5,48.5,-10.0,52.0
2014_09_NYJ_KC,2014,9,KC,NYJ,8.8606,45.3073,64.6659,64.9658,129.6317,1.0,0.0,8.0112,0.0,-0.119,0.119,-0.119,2.9605,0.0,0.0,0.0,0.0,-1.0,0.0,1.0858,0.0,10.0,0.0,9.5,41.5,14.0,34.0
2014_09_SD_MIA,2014,9,MIA,SD,2.3164,44.2474,65.9902,68.1626,134.1528,1.0,-0.36,-3.1086,0.0,10.0,-10.0,10.0,-0.7891,0.0,0.0,0.0,0.0,3.0,1.0,2.2585,0.0,6.0,0.0,3.0,45.5,37.0,37.0
2014_09_WAS_MIN,2014,9,MIN,WAS,-0.1753,42.0868,64.7916,65.9718,130.7634,1.0,0.12,2.6706,0.0,1.2377,-1.2377,1.2377,-0.5868,0.0,0.0,0.0,-0.0,-1.0,0.0,0.9387,0.0,0.0,0.0,-1.0,43.5,3.0,55.0
2014_09_STL_SF,2014,9,SF,STL,2.7478,46.1697,66.4192,63.272,129.6912,1.0,0.84,7.7507,0.0,3.9381,-3.9381,3.9381,0.0861,1.0,0.0,0.0,2.7478,-2.0,0.0,1.7235,0.0,0.0,0.0,10.5,44.0,-3.0,23.0
2014_09_DEN_NE,2014,9,NE,DEN,-6.0645,56.1363,70.4587,69.0819,139.5406,1.0,-0.36,-2.1964,0.0,0.0,0.0,0.0,-2.7482,0.0,0.0,0.0,-0.0,2.0,0.0,1.7585,0.0,9.0,10.0,-3.0,52.5,22.0,64.0
2014_09_OAK_SEA,2014,9,SEA,OAK,3.8587,45.9698,63.0335,64.1117,127.1451,1.0,0.0,15.1875,0.0,3.1028,-3.1028,3.1028,-0.2801,0.0,0.0,0.0,0.0,0.0,0.0,0.6802,0.0,0.0,0.0,13.5,43.5,6.0,54.0
2014_09_BAL_PIT,2014,9,PIT,BAL,-0.0533,50.0135,68.8534,64.3652,133.2186,1.0,0.0,-1.261,0.0,0.0,0.0,0.0,-1.2035,1.0,1.0,1.0,-0.0533,0.0,0.0,0.1972,0.0,0.0,7.0,2.5,47.5,20.0,66.0
2014_09_IND_NYG,2014,9,NYG,IND,-3.5219,46.5508,64.7311,71.1522,135.8833,1.0,0.84,-4.0428,0.0,0.0,0.0,0.0,1.9568,0.0,1.0,1.0,-0.0,0.0,0.0,0.6408,0.0,0.0,0.0,-3.0,51.0,-16.0,64.0
2014_10_CLE_CIN,2014,10,CIN,CLE,3.0967,43.237,69.3616,70.1028,139.4644,1.0,0.0,6.0808,0.0,0.0,0.0,0.0,3.8032,1.0,1.0,1.0,3.0967,0.0,0.0,0.2231,0.0,7.0,3.0,6.5,45.5,-21.0,27.0
2014_10_TEN_BAL,2014,10,BAL,TEN,4.1307,45.8773,69.9233,63.15,133.0733,1.0,-0.84,6.605,0.0,-2.8478,2.8478,-2.8478,3.303,0.0,0.0,0.0,0.0,1.0,0.0,0.5945,0.0,0.0,0.0,10.5,44.5,14.0,28.0
2014_10_KC_BUF,2014,10,BUF,KC,-4.9059,43.6412,62.8481,68.2946,131.1427,1.0,0.84,-3.3106,0.0,0.0,0.0,0.0,-3.2165,0.0,0.0,0.0,-0.0,1.0,0.0,0.8576,0.0,0.0,3.0,2.0,42.0,-4.0,30.0
2014_10_MIA_DET,2014,10,DET,MIA,-1.9839,39.6653,67.6565,65.0698,132.7263,1.0,0.84,-0.0945,0.0,0.0,0.0,0.0,2.3471,0.0,0.0,0.0,-0.0,0.0,0.0,1.1431,1.0,0.0,0.0,3.0,43.0,4.0,36.0
2014_10_DAL_JAX,2014,10,JAX,DAL,-9.0675,41.8528,62.8726,67.6742,130.5468,0.0,0.0,-10.7321,0.0,0.0,0.0,0.0,-3.3404,0.0,0.0,0.0,-0.0,0.0,0.0,0.0,0.0,0.0,0.0,-7.5,45.0,-14.0,48.0
2014_10_SF_NO,2014,10,NO,SF,0.3161,48.5044,65.7479,64.4201,130.168,1.0,0.36,-0.1659,0.0,0.0,0.0,0.0,1.3043,0.0,0.0,0.0,0.0,2.0,0.0,1.8945,1.0,0.0,0.0,6.0,49.5,-3.0,51.0
2014_10_PIT_NYJ,2014,10,NYJ,PIT,-9.5864,48.9966,66.7426,65.7045,132.4471,1.0,0.0,-9.1783,-0.0499,0.0,-0.0499,-0.0499,-2.561,0.0,0.0,0.0,-0.0,0.0,0.0,0.3125,0.0,0.0,0.0,-4.5,47.0,7.0,33.0
2014_10_ATL_TB,2014,10,TB,ATL,-1.74,50.6036,64.7896,67.1551,131.9447,1.0,-0.84,-2.4047,3.3134,0.0,3.3134,3.3134,1.0734,1.0,0.0,0.0,-1.74,0.0,0.0,0.4149,0.0,0.0,0.0,-3.5,47.0,-10.0,44.0
2014_10_DEN_OAK,2014,10,OAK,DEN,-7.3279,49.0153,69.3396,68.8857,138.2252,1.0,0.0,-16.0576,2.8383,0.0,2.8383,2.8383,-4.1895,1.0,0.0,0.0,-7.3279,-1.0,0.0,0.9345,0.0,0.0,0.0,-13.0,50.5,-24.0,58.0
2014_10_STL_ARI,2014,10,ARI,STL,4.8519,44.6907,66.8007,67.4351,134.2358,1.0,0.0,7.3816,0.0,3.5591,-3.5591,3.5591,-2.2749,1.0,0.0,0.0,4.8519,-1.0,0.0,1.2786,1.0,0.0,0.0,7.0,43.0,17.0,45.0
2014_10_NYG_SEA,2014,10,SEA,NYG,4.8937,43.8216,64.9506,64.8055,129.7561,1.0,0.12,8.2807,0.0,0.0,0.0,0.0,-3.5041,0.0,0.0,0.0,0.0,-3.0,0.0,2.3957,0.0,0.0,0.0,9.0,44.5,21.0,55.0
2014_10_CHI_GB,2014,10,GB,CHI,4.7348,53.8269,62.4499,67.0751,129.5251,1.0,0.0,3.9309,0.0,0.0,0.0,0.0,0.6446,1.0,1.0,1.0,4.7348,0.0,0.0,0.1837,0.0,0.0,11.0,9.5,53.0,41.0,69.0
2014_10_CAR_PHI,2014,10,PHI,CAR,5.3348,48.6647,70.6603,68.5234,139.1837,1.0,-0.36,3.8683,-3.3354,0.0,-3.3354,-3.3354,-1.2391,0.0,1.0,1.0,0.0,0.0,0.0,0.4485,0.0,0.0,0.0,7.0,48.5,24.0,66.0
2014_11_BUF_MIA,2014,11,MIA,BUF,3.7926,36.4031,67.839,66.5506,134.3896,1.0,0.0,2.4229,0.0,0.0,0.0,0.0,-1.5752,1.0,1.0,1.0,3.7926,0.0,0.0,1.1648,0.0,0.0,0.0,4.0,40.5,13.0,31.0
2014_11_ATL_CAR,2014,11,CAR,ATL,-1.447,54.3157,67.9221,63.8503,131.7724,1.0,-0.12,1.8495,0.0,0.0,0.0,0.0,2.037,1.0,0.0,0.0,-1.447,0.0,0.0,0.2261,0.0,0.0,0.0,-2.5,46.5,-2.0,36.0
2014_11_MIN_CHI,2014,11,CHI,MIN,-2.188,47.9629,65.5249,65.3103,130.8351,1.0,-0.84,-0.918,0.0,0.0,0.0,0.0,-0.7773,1.0,0.0,0.0,-2.188,0.0,0.0,0.3553,0.0,2.0,14.0,2.5,46.5,8.0,34.0
2014_11_HOU_CLE,2014,11,CLE,HOU,1.8955,39.6751,69.1705,68.2737,137.4442,1.0,-0.48,1.8642,0.0,-5.7873,5.7873,-5.7873,-1.1882,0.0,0.0,0.0,0.0,1.0,0.0,1.12,0.0,0.0,11.0,4.5,42.0,-16.0,30.0
2014_11_SEA_KC,2014,11,KC,SEA,-0.3358,50.6142,63.0208,62.2771,125.2979,1.0,0.0,-3.5687,0.0,0.0,0.0,0.0,0.5122,0.0,0.0,0.0,-0.0,2.0,0.0,1.5089,0.0,0.0,24.0,-1.0,43.5,4.0,44.0
2014_11_CIN_NO,2014,11,NO,CIN,4.7541,49.6527,75.1606,64.7356,139.8962,1.0,-0.36,1.9064,0.0,0.0,0.0,0.0,-0.8653,0.0,0.0,0.0,0.0,-1.0,0.0,0.7065,1.0,0.0,0.0,8.5,51.0,-17.0,37.0
2014_11_SF_NYG,2014,11,NYG,SF,-4.0575,44.2213,65.1352,66.712,131.8471,1.0,0.0,-6.8414,0.0,0.0,0.0,0.0,2.4345,0.0,0.0,0.0,-0.0,3.0,1.0,2.5468,0.0,0.0,3.0,-4.0,45.0,-6.0,26.0
2014_11_DEN_STL,2014,11,STL,DEN,-8.1288,47.9447,68.7319,69.5899,138.3218,1.0,0.0,-9.9863,1.8966,0.0,1.8966,1.8966,-3.9475,0.0,0.0,0.0,-0.0,1.0,0.0,0.7971,1.0,0.0,0.0,-8.0,49.5,15.0,29.0
2014_11_TB_WAS,2014,11,WAS,TB,4.0102,47.9363,67.0528,63.7713,130.8241,1.0,0.84,2.239,1.6038,3.7042,-2.1004,5.3081,3.0944,0.0,0.0,0.0,0.0,0.0,0.0,0.8219,0.0,0.0,0.0,6.5,45.5,-20.0,34.0
2014_11_OAK_SD,2014,11,SD,OAK,0.0,46.8019,66.5912,66.5912,133.1825,1.0,0.84,11.0177,10.0,2.0127,7.9873,12.0127,0.0,1.0,0.0,0.0,0.0,0.0,0.0,0.4471,0.0,3.0,0.0,10.5,45.5,7.0,19.0
2014_11_DET_ARI,2014,11,ARI,DET,1.75,38.1512,64.3198,67.9834,132.3032,1.0,0.0,3.2982,-0.9594,0.0,-0.9594,-0.9594,-4.8213,0.0,0.0,0.0,0.0,-2.0,0.0,1.6944,1.0,0.0,0.0,-1.0,41.5,8.0,20.0
2014_11_PHI_GB,2014,11,GB,PHI,2.0896,51.2474,68.7021,72.4183,141.1204,1.0,0.12,-1.016,0.0,-2.2492,2.2492,-2.2492,-0.3098,0.0,0.0,0.0,0.0,-1.0,0.0,0.7315,0.0,3.0,17.0,4.5,55.5,33.0,73.0
2014_11_NE_IND,2014,11,IND,NE,0.3371,53.9327,73.976,68.9623,142.9383,1.0,-0.12,-3.474,0.0,0.0,0.0,0.0,-1.4234,0.0,1.0,1.0,0.0,0.0,0.0,0.7933,1.0,0.0,0.0,3.0,58.0,-22.0,62.0
2014_11_PIT_TEN,2014,11,TEN,PIT,-6.1633,50.4773,59.5596,70.1488,129.7084,1.0,0.0,-7.0302,-3.1489,0.0,-3.1489,-3.1489,-3.6124,0.0,1.0,1.0,-0.0,-1.0,0.0,0.4705,0.0,0.0,20.0,-7.0,46.5,-3.0,51.0
2014_12_KC_OAK,2014,12,OAK,KC,-4.4226,50.0981,65.1346,63.618,128.7526,1.0,0.0,-13.4327,1.7056,0.0,1.7056,1.7056,-1.0776,1.0,1.0,1.0,-4.4226,-2.0,0.0,1.4978,0.0,0.0,0.0,-7.5,42.0,4.0,44.0
2014_12_CLE_ATL,2014,12,ATL,CLE,-1.4306,48.1209,70.3316,69.4903,139.8219,1.0,0.0,0.122,0.0,0.0,0.0,0.0,-1.2393,0.0,0.0,0.0,-0.0,0.0,0.0,0.5555,1.0,0.0,0.0,3.0,48.5,-2.0,50.0
2014_12_TB_CHI,2014,12,CHI,TB,1.7397,49.19,68.514,60.2457,128.7597,1.0,0.0,4.0823,0.0,4.6924,-4.6924,4.6924,2.9279,0.0,0.0,0.0,0.0,-1.0,0.0,1.0018,0.0,2.0,0.0,4.0,47.0,8.0,34.0
2014_12_CIN_HOU,2014,12,HOU,CIN,1.2327,43.9265,71.3295,68.1937,139.5232,1.0,0.0,-4.5577,-1.3779,0.0,-1.3779,-1.3779,-1.7081,0.0,0.0,0.0,0.0,-1.0,0.0,0.8979,1.0,0.0,0.0,3.0,44.5,-9.0,35.0
2014_12_JAX_IND,2014,12,IND,JAX,9.865,44.5811,71.2717,66.0315,137.3032,1.0,-0.84,11.6546,0.0,0.0,0.0,0.0,-0.4894,1.0,0.0,0.0,9.865,0.0,0.0,0.7002,1.0,0.0,0.0,13.0,49.0,20.0,26.0
2014_12_GB_MIN,2014,12,MIN,GB,-9.4315,48.6925,67.7199,64.8811,132.601,1.0,0.0,-6.9339,0.0,0.0,0.0,0.0,-0.8728,1.0,0.0,0.0,-9.4315,0.0,0.0,0.257,0.0,0.0,0.0,-7.5,50.0,-3.0,45.0
2014_12_DET_NE,2014,12,NE,DET,3.6779,47.0027,67.3046,67.6284,134.933,1.0,0.0,6.7696,0.0,0.0,0.0,0.0,-3.0276,0.0,0.0,0.0,0.0,0.0,0.0,0.6027,0.0,0.0,0.0,7.5,47.5,25.0,43.0
2014_12_TEN_PHI,2014,12,PHI,TEN,6.0355,48.3887,73.6875,63.5057,137.1931,1.0,0.12,8.1326,-2.2615,0.0,-2.2615,-2.2615,1.6931,0.0,0.0,0.0,0.0,1.0,0.0,0.6815,0.0,0.0,0.0,11.0,49.0,19.0,67.0
2014_12_STL_SD,2014,12,SD,STL,0.0,46.5,66.4019,66.4019,132.8038,1.0,0.0,3.1002,10.0,2.1825,7.8175,12.1825,0.0,0.0,0.0,0.0,0.0,-2.0,0.0,1.5579,0.0,0.0,0.0,4.0,43.5,3.0,51.0
2014_12_ARI_SEA,2014,12,SEA,ARI,-1.057,45.4527,64.5806,61.9854,126.5659,1.0,0.0,-0.0374,0.0,-0.3824,0.3824,-0.3824,-0.4277,1.0,0.0,0.0,-1.057,-1.0,0.0,1.1043,0.0,0.0,0.0,7.5,42.0,16.0,22.0
2014_12_MIA_DEN,2014,12,DEN,MIA,2.145,45.0891,68.8845,68.2588,137.1434,1.0,-0.36,3.7498,0.0,0.0,0.0,0.0,4.8549,0.0,0.0,0.0,0.0,-2.0,0.0,1.7159,0.0,0.0,6.0,6.5,47.5,3.0,75.0
2014_12_WAS_SF,2014,12,SF,WAS,7.5096,43.9973,64.6384,64.8348,129.4732,1.0,0.0,11.6076,0.0,0.8003,-0.8003,0.8003,1.3593,0.0,0.0,0.0,0.0,-3.0,0.0,2.4278,0.0,0.0,0.0,9.0,44.0,4.0,30.0
2014_12_DAL_NYG,2014,12,NYG,DAL,-5.0283,47.7521,65.4197,65.7292,131.1489,1.0,-0.84,-5.4598,0.0,0.0,0.0,0.0,-1.004,1.0,1.0,1.0,-5.0283,1.0,0.0,1.3851,0.0,0.0,0.0,-4.0,48.5,-3.0,59.0
2014_12_NYJ_BUF,2014,12,BUF,NYJ,2.7695,39.361,63.2335,68.9174,132.151,0.0,-0.48,3.0581,0.0,0.4935,-0.4935,0.4935,2.2061,1.0,1.0,0.0,2.7695,0.0,0.0,0.0,1.0,0.0,0.0,2.5,42.0,35.0,41.0
2014_12_BAL_NO,2014,12,NO,BAL,-0.1433,50.3519,70.3436,64.0171,134.3607,1.0,-0.84,-0.6799,0.0,0.0,0.0,0.0,-2.0296,0.0,1.0,1.0,-0.0,-1.0,0.0,0.9985,1.0,0.0,0.0,2.5,50.5,-7.0,61.0
2014_13_CHI_DET,2014,13,DET,CHI,4.1031,42.616,65.8293,64.8691,130.6984,1.0,0.0,2.5001,0.0,0.0,0.0,0.0,-0.441,1.0,0.0,0.0,4.1031,1.0,0.0,0.2366,1.0,0.0,0.0,7.5,46.0,17.0,51.0
2014_13_PHI_DAL,2014,13,DAL,PHI,0.0743,52.8094,67.8576,70.7237,138.5813,1.0,0.0,-0.0834,0.0,-1.7013,1.7013,-1.7013,0.8154,1.0,0.0,0.0,0.0743,-1.0,0.0,1.3126,1.0,0.0,0.0,3.0,56.5,-23.0,43.0
2014_13_SEA_SF,2014,13,SF,SEA,-0.7545,42.5943,61.6802,62.0095,123.6897,1.0,0.0,-1.9585,0.0,0.0,0.0,0.0,3.5105,1.0,1.0,1.0,-0.7545,0.0,0.0,0.7045,0.0,0.0,0.0,1.0,40.0,-16.0,22.0
2014_13_SD_BAL,2014,13,BAL,SD,2.515,47.0202,65.3532,66.5243,131.8775,1.0,-0.12,1.0014,0.0,10.0,-10.0,10.0,3.0418,0.0,0.0,0.0,0.0,3.0,1.0,2.2874,0.0,0.0,0.0,6.5,45.5,-1.0,67.0
2014_13_CLE_BUF,2014,13,BUF,CLE,0.9852,36.4404,69.9733,69.1951,139.1684,1.0,-0.12,1.488,0.0,0.0,0.0,0.0,3.23,0.0,0.0,0.0,0.0,0.0,0.0,0.173,0.0,7.0,0.0,3.0,42.0,16.0,36.0
2014_13_TEN_HOU,2014,13,HOU,TEN,4.6406,44.9847,70.875,64.0056,134.8806,1.0,0.0,3.2155,0.0,0.0,0.0,0.0,1.7026,1.0,0.0,0.0,4.6406,0.0,0.0,0.6715,1.0,0.0,0.0,7.0,43.0,24.0,66.0
2014_13_WAS_IND,2014,13,IND,WAS,6.7956,47.4905,67.6958,64.1394,131.8352,1.0,0.0,9.9486,0.0,1.9071,-1.9071,1.9071,0.795,0.0,0.0,0.0,0.0,0.0,0.0,0.5002,1.0,0.0,0.0,7.5,48.5,22.0,76.0
2014_13_NYG_JAX,2014,13,JAX,NYG,-4.6397,39.7116,63.8056,69.7135,133.5191,1.0,0.0,-5.8377,0.0,0.0,0.0,0.0,-2.2799,0.0,0.0,0.0,-0.0,0.0,0.0,0.8394,0.0,0.0,0.0,-3.0,44.0,1.0,49.0
2014_13_CAR_MIN,2014,13,MIN,CAR,1.324,45.6822,64.436,66.6652,131.1012,1.0,-0.84,-1.0281,0.0,0.0,0.0,0.0,0.2761,0.0,0.0,0.0,0.0,-1.0,0.0,0.9379,0.0,7.0,33.0,2.5,41.5,18.0,44.0
2014_13_NO_PIT,2014,13,PIT,NO,2.3621,56.9416,65.5217,66.0847,131.6064,1.0,0.84,1.3797,0.0,0.0,0.0,0.0,1.3975,0.0,0.0,0.0,0.0,1.0,0.0,0.92,0.0,5.0,0.0,3.5,54.5,-3.0,67.0
2014_13_OAK_STL,2014,13,STL,OAK,0.0,46.4673,66.3664,66.3664,132.7327,1.0,-0.36,7.0098,1.3669,1.9053,-0.5385,3.2722,0.0,0.0,0.0,0.0,0.0,2.0,0.0,1.7307,1.0,0.0,0.0,6.5,43.0,52.0,52.0
2014_13_CIN_TB,2014,13,TB,CIN,-5.8563,42.5582,67.8068,67.4158,135.2226,1.0,0.0,-9.7348,3.6953,0.0,3.6953,3.6953,-5.4183,0.0,0.0,0.0,-0.0,0.0,0.0,0.777,0.0,0.0,0.0,-6.0,43.5,-1.0,27.0
2014_13_ARI_ATL,2014,13,ATL,ARI,-8.1702,48.5121,65.1223,66.4925,131.6148,1.0,0.0,-8.2919,0.0,-1.1822,1.1822,-1.1822,-2.2471,0.0,0.0,0.0,-0.0,2.0,0.0,1.5979,1.0,0.0,0.0,-1.5,45.5,11.0,47.0
2014_13_NE_GB,2014,13,GB,NE,-0.2594,57.0328,66.2183,73.6501,139.8683,1.0,0.0,-4.3488,0.0,0.0,0.0,0.0,1.7072,0.0,0.0,0.0,-0.0,-1.0,0.0,0.8594,0.0,4.0,17.0,3.0,57.0,5.0,47.0
2014_13_DEN_KC,2014,13,KC,DEN,-4.095,53.9657,65.0121,68.3903,133.4023,1.0,0.36,-3.0517,0.0,0.0,0.0,0.0,-3.6366,1.0,1.0,1.0,-4.095,1.0,0.0,0.5643,0.0,8.0,18.0,1.0,49.0,-13.0,45.0
2014_13_MIA_NYJ,2014,13,NYJ,MIA,-8.3294,46.1131,66.7991,63.2588,130.0579,1.0,-0.12,-7.6857,0.0,0.0,0.0,0.0,-0.7814,1.0,1.0,1.0,-8.3294,0.0,0.0,1.0856,0.0,0.0,3.0,-6.5,41.5,-3.0,29.0
2014_14_DAL_CHI,2014,14,CHI,DAL,-2.3865,52.7954,65.3998,63.1892,128.5889,1.0,0.0,-3.7644,0.0,0.0,0.0,0.0,0.3528,0.0,1.0,1.0,-0.0,0.0,0.0,0.8162,0.0,0.0,10.0,-3.5,50.5,-13.0,69.0
2014_14_PIT_CIN,2014,14,CIN,PIT,0.4956,49.2288,61.4043,72.9285,134.3328,1.0,0.0,1.8387,0.0,0.0,0.0,0.0,-1.1865,1.0,0.0,0.0,0.4956,0.0,0.0,0.2566,0.0,0.0,6.0,3.0,47.0,-21.0,63.0
2014_14_IND_CLE,2014,14,CLE,IND,-4.6484,42.1374,68.7535,72.2936,141.0472,1.0,0.0,-6.6864,0.0,0.0,0.0,0.0,-1.1622,0.0,0.0,0.0,-0.0,0.0,0.0,0.2633,0.0,0.0,8.0,-3.0,50.0,-1.0,49.0
2014_14_TB_DET,2014,14,DET,TB,6.5087,38.4422,68.1065,62.9867,131.0932,1.0,0.36,8.5018,0.0,0.0,0.0,0.0,4.9965,0.0,0.0,0.0,0.0,0.0,0.0,0.993,1.0,0.0,0.0,10.5,42.0,17.0,51.0
2014_14_HOU_JAX,2014,14,JAX,HOU,-10.0119,36.2762,67.8951,69.0397,136.9348,1.0,0.0,-6.8564,0.0,0.0,0.0,0.0,-2.0303,1.0,0.0,0.0,-10.0119,1.0,0.0,0.8248,0.0,5.0,0.0,-6.5,41.5,-14.0,40.0
2014_14_BAL_MIA,2014,14,MIA,BAL,0.6426,50.2227,65.837,65.8133,131.6503,1.0,-0.12,-1.0443,0.0,0.0,0.0,0.0,-4.0302,0.0,0.0,0.0,0.0,0.0,0.0,0.9439,0.0,0.0,0.0,3.0,45.0,-15.0,41.0
2014_14_NYJ_MIN,2014,14,MIN,NYJ,1.1542,44.2063,60.713,67.048,127.7611,1.0,0.12,4.5756,0.0,0.0,0.0,0.0,1.7919,0.0,0.0,0.0,0.0,-1.0,0.0,1.01,0.0,7.0,13.0,4.5,40.5,6.0,54.0
2014_14_CAR_NO,2014,14,NO,CAR,5.9905,52.7896,67.0706,66.7243,133.7949,1.0,0.0,4.5141,0.0,0.0,0.0,0.0,0.2408,1.0,0.0,0.0,5.9905,-1.0,0.0,0.6487,1.0,0.0,0.0,8.5,50.5,-31.0,51.0
2014_14_NYG_TEN,2014,14,TEN,NYG,-3.8229,49.1692,59.8268,72.7749,132.6017,1.0,0.0,-3.1391,0.0,0.0,0.0,0.0,-4.4413,0.0,0.0,0.0,-0.0,-1.0,0.0,0.7571,0.0,0.0,0.0,-3.0,46.5,-29.0,43.0
2014_14_STL_WAS,2014,14,WAS,STL,-5.0147,46.5369,66.6973,62.6286,129.3259,1.0,0.0,-6.277,1.8722,1.9334,-0.0612,3.8056,-2.9774,0.0,0.0,0.0,-0.0,1.0,0.0,0.7174,0.0,0.0,0.0,-2.5,44.5,-24.0,24.0
2014_14_KC_ARI,2014,14,ARI,KC,2.141,44.9888,64.3383,61.7925,126.1308,1.0,0.0,1.734,-1.8444,0.0,-1.8444,-1.8444,-0.341,0.0,0.0,0.0,0.0,-1.0,0.0,1.0589,1.0,0.0,0.0,-2.5,41.5,3.0,31.0
2014_14_BUF_DEN,2014,14,DEN,BUF,7.0429,41.4943,71.1223,64.8218,135.9441,1.0,0.0,6.9436,0.0,0.0,0.0,0.0,3.035,0.0,0.0,0.0,0.0,-2.0,0.0,1.3729,0.0,0.0,0.0,9.0,47.0,7.0,41.0
2014_14_SF_OAK,2014,14,OAK,SF,-1.9365,41.3819,64.063,65.46,129.5231,1.0,-0.36,-13.1852,1.1191,0.0,1.1191,1.1191,-1.7364,0.0,0.0,0.0,-0.0,0.0,0.0,0.0272,0.0,0.0,0.0,-8.0,40.0,11.0,37.0
2014_14_SEA_PHI,2014,14,PHI,SEA,-2.5769,47.374,67.2699,67.2012,134.4711,1.0,0.0,-3.6689,-0.9217,0.0,-0.9217,-0.9217,3.3647,0.0,0.0,0.0,-0.0,3.0,0.0,2.375,0.0,5.0,0.0,-1.5,48.0,-10.0,38.0
2014_14_NE_SD,2014,14,SD,NE,-7.1185,54.0316,68.4734,69.3009,137.7743,1.0,0.0,-5.5916,10.0,0.0,10.0,10.0,0.4316,0.0,1.0,1.0,-0.0,-3.0,0.0,2.5643,0.0,0.0,0.0,-4.0,53.0,-9.0,37.0
2014_14_ATL_GB,2014,14,GB,ATL,8.6103,57.6327,65.3163,68.9632,134.2795,1.0,0.0,7.3446,0.0,0.0,0.0,0.0,2.7447,0.0,1.0,1.0,0.0,-1.0,0.0,0.7678,0.0,0.0,12.0,13.5,54.5,6.0,80.0
2014_15_ARI_STL,2014,15,STL,ARI,-3.6607,42.5264,65.7692,64.0952,129.8644,1.0,0.0,-4.2391,3.1298,0.0,3.1298,3.1298,1.2348,1.0,1.0,1.0,-3.6607,1.0,0.0,1.2786,1.0,0.0,0.0,6.0,40.5,-6.0,18.0
2014_15_PIT_ATL,2014,15,ATL,PIT,-3.7185,59.6212,62.4989,70.4874,132.9863,1.0,-0.12,-5.2018,0.0,0.0,0.0,0.0,-4.3823,0.0,0.0,0.0,-0.0,0.0,0.0,0.5215,1.0,0.0,0.0,-3.0,55.0,-7.0,47.0
2014_15_JAX_BAL,2014,15,BAL,JAX,11.8397,43.2992,66.8771,65.3516,132.2287,1.0,0.0,13.4753,0.0,0.0,0.0,0.0,6.2146,0.0,0.0,0.0,0.0,0.0,0.0,0.6807,0.0,0.0,0.0,14.0,44.5,8.0,32.0
2014_15_GB_BUF,2014,15,BUF,GB,-7.1373,46.4306,68.2218,64.451,132.6728,1.0,0.12,-6.1407,0.0,0.0,0.0,0.0,1.159,0.0,0.0,0.0,-0.0,1.0,0.0,0.4786,0.0,0.0,7.0,-3.5,49.5,8.0,34.0
2014_15_TB_CAR,2014,15,CAR,TB,3.1939,40.7367,67.8134,62.6484,130.4618,1.0,0.0,5.7672,0.151,0.0,0.151,0.151,4.4251,1.0,0.0,0.0,3.1939,0.0,0.0,0.5103,0.0,0.0,0.0,3.5,41.0,2.0,36.0
2014_15_CIN_CLE,2014,15,CLE,CIN,-0.6014,38.88,71.5436,70.0104,141.5541,1.0,0.0,-5.2944,-0.4866,0.0,-0.4866,-0.4866,-0.9925,1.0,0.0,0.0,-0.6014,0.0,0.0,0.2231,0.0,0.0,2.0,2.5,44.0,-30.0,30.0
2014_15_HOU_IND,2014,15,IND,HOU,1.0163,44.0704,72.5924,66.5936,139.186,1.0,0.0,4.8736,0.0,0.0,0.0,0.0,-2.7328,1.0,0.0,0.0,1.0163,1.0,0.0,0.8709,1.0,0.0,0.0,7.0,49.0,7.0,27.0
2014_15_OAK_KC,2014,15,KC,OAK,0.5594,49.2831,62.251,66.7467,128.9977,1.0,0.0,9.3457,0.0,1.9532,-1.9532,1.9532,-0.6857,1.0,0.0,0.0,0.5594,2.0,0.0,1.4978,0.0,6.0,0.0,11.0,41.5,18.0,44.0
2014_15_MIA_NE,2014,15,NE,MIA,5.8529,52.3444,69.4431,65.5797,135.0228,1.0,0.0,8.0537,0.0,0.0,0.0,0.0,1.9218,1.0,0.0,0.0,5.8529,0.0,0.0,1.2258,0.0,0.0,2.0,9.5,49.0,28.0,54.0
2014_15_WAS_NYG,2014,15,NYG,WAS,5.4018,45.8611,65.254,64.0639,129.3179,1.0,0.0,5.611,0.0,0.8605,-0.8605,0.8605,4.5476,1.0,0.0,0.0,5.4018,0.0,0.0,0.1981,0.0,0.0,2.0,7.0,46.5,11.0,37.0
2014_15_DEN_SD,2014,15,SD,DEN,-7.9221,48.9031,66.6315,68.7989,135.4303,1.0,0.0,-5.3337,10.0,0.0,10.0,10.0,-4.86,1.0,0.0,0.0,-7.9221,-1.0,0.0,0.8269,0.0,0.0,0.0,-4.0,49.0,-12.0,32.0
2014_15_NYJ_TEN,2014,15,TEN,NYJ,-2.7322,46.1244,57.6552,71.4771,129.1322,1.0,0.0,-1.0888,2.1974,0.0,2.1974,2.1974,-2.3289,0.0,0.0,0.0,-0.0,-1.0,0.0,0.7571,0.0,0.0,0.0,-3.5,42.0,-5.0,27.0
2014_15_MIN_DET,2014,15,DET,MIN,4.8015,43.2329,69.4875,61.9906,131.4781,1.0,0.0,3.7129,0.0,0.0,0.0,0.0,2.7429,1.0,0.0,0.0,4.8015,1.0,0.0,0.5415,1.0,0.0,0.0,8.0,42.5,2.0,30.0
2014_15_SF_SEA,2014,15,SEA,SF,6.1289,42.2381,64.1682,59.3279,123.4961,1.0,0.0,6.434,0.0,0.0,0.0,0.0,-2.9919,1.0,0.0,0.0,6.1289,0.0,0.0,0.7045,0.0,0.0,0.0,10.0,38.0,10.0,24.0
2014_15_DAL_PHI,2014,15,PHI,DAL,0.6413,52.7677,69.7513,67.6302,137.3814,1.0,-0.36,1.1847,0.0,0.0,0.0,0.0,0.3754,1.0,1.0,1.0,0.6413,1.0,0.0,1.3126,0.0,0.0,4.0,3.5,54.5,-11.0,65.0
2014_15_NO_CHI,2014,15,CHI,NO,-3.1931,54.3578,66.1095,68.0505,134.16,1.0,0.36,-2.6689,0.0,0.0,0.0,0.0,2.094,0.0,1.0,1.0,-0.0,0.0,0.0,0.8344,0.0,0.0,1.0,-3.0,53.5,-16.0,46.0
2014_16_TEN_JAX,2014,16,JAX,TEN,0.0398,39.0649,69.3081,61.979,131.2872,1.0,0.0,-0.8916,0.0,2.7382,-2.7382,2.7382,-0.2954,1.0,1.0,1.0,0.0398,1.0,0.0,0.5008,0.0,0.0,0.0,4.0,39.0,8.0,34.0
2014_16_PHI_WAS,2014,16,WAS,PHI,-6.4484,47.942,70.8912,64.9605,135.8517,1.0,0.0,-10.9956,0.0,0.0,0.0,0.0,-4.3481,1.0,0.0,0.0,-6.4484,0.0,0.0,0.1136,0.0,0.0,8.0,-7.0,51.0,3.0,51.0
2014_16_SD_SF,2014,16,SF,SD,0.3207,43.6333,64.446,63.9167,128.3627,1.0,0.0,0.8589,0.0,9.7177,-9.7177,9.7177,1.8223,0.0,1.0,1.0,0.0,0.0,0.0,0.4207,0.0,0.0,0.0,2.0,40.5,-3.0,73.0
2014_16_CLE_CAR,2014,16,CAR,CLE,0.2447,39.3567,73.163,63.6931,136.8561,1.0,0.0,3.3565,0.0,-2.648,2.648,-2.648,2.0285,0.0,0.0,0.0,0.0,0.0,0.0,0.4364,0.0,0.0,0.0,6.0,40.0,4.0,30.0
2014_16_DET_CHI,2014,16,CHI,DET,-7.9236,44.5727,64.4471,65.4283,129.8753,1.0,-0.12,-6.637,-1.7349,0.0,-1.7349,-1.7349,-1.2931,1.0,0.0,0.0,-7.9236,-1.0,0.0,0.2366,0.0,3.0,9.0,-10.0,44.5,-6.0,34.0
2014_16_BAL_HOU,2014,16,HOU,BAL,-2.0526,46.6232,67.2609,67.6765,134.9373,1.0,0.0,-5.9046,-4.6177,0.0,-4.6177,-4.6177,-4.0572,0.0,0.0,0.0,-0.0,-1.0,0.0,1.2549,1.0,0.0,0.0,-6.0,42.0,12.0,38.0
2014_16_MIN_MIA,2014,16,MIA,MIN,1.6675,47.9332,65.7625,63.0854,128.8479,1.0,0.0,1.9291,0.0,0.0,0.0,0.0,-1.3303,0.0,0.0,0.0,0.0,1.0,0.0,1.5,0.0,0.0,0.0,4.5,42.0,2.0,72.0
2014_16_ATL_NO,2014,16,NO,ATL,3.9726,58.6823,69.066,66.4395,135.5055,1.0,-0.12,3.4408,0.0,0.0,0.0,0.0,1.1823,1.0,0.0,0.0,3.9726,-1.0,0.0,0.4244,1.0,0.0,0.0,6.0,56.0,-16.0,44.0
2014_16_NE_NYJ,2014,16,NYJ,NE,-11.5986,50.8123,69.2948,66.3119,135.6067,1.0,0.0,-15.3727,0.0,0.0,0.0,0.0,-1.8275,1.0,0.0,0.0,-11.5986,0.0,0.0,0.1702,0.0,0.0,11.0,-10.0,47.0,-1.0,33.0
2014_16_KC_PIT,2014,16,PIT,KC,2.5232,54.1168,70.3383,58.19,128.5283,1.0,0.0,1.6581,0.0,0.0,0.0,0.0,2.16,0.0,0.0,0.0,0.0,1.0,0.0,0.7738,0.0,0.0,9.0,2.5,49.5,8.0,32.0
2014_16_GB_TB,2014,16,TB,GB,-12.1931,47.6679,64.6743,66.3942,131.0685,1.0,0.0,-11.8712,0.0,0.0,0.0,0.0,-6.0403,0.0,0.0,0.0,-0.0,1.0,0.0,1.1824,0.0,0.0,0.0,-11.5,48.5,-17.0,23.0
2014_16_NYG_STL,2014,16,STL,NYG,1.2224,46.4457,64.834,68.2656,133.0996,1.0,0.36,1.2235,2.4622,0.0,2.4622,2.4622,-2.8706,0.0,0.0,0.0,0.0,-1.0,0.0,0.8682,1.0,0.0,0.0,7.0,43.5,-10.0,64.0
2014_16_IND_DAL,2014,16,DAL,IND,-0.9532,50.4456,65.5957,67.7397,133.3354,1.0,0.0,-0.4518,0.0,0.0,0.0,0.0,1.9138,0.0,0.0,0.0,-0.0,-1.0,0.0,0.7773,1.0,0.0,0.0,3.5,53.0,35.0,49.0
2014_16_BUF_OAK,2014,16,OAK,BUF,-0.7008,38.0252,66.095,66.5861,132.6811,1.0,0.0,-8.8388,1.4307,0.0,1.4307,1.4307,-1.6481,0.0,0.0,0.0,-0.0,-3.0,0.0,2.2896,0.0,0.0,0.0,-7.0,42.0,2.0,50.0
2014_16_SEA_ARI,2014,16,ARI,SEA,-2.9393,41.6785,58.6966,65.5481,124.2446,1.0,0.36,-4.5739,-1.5855,0.0,-1.5855,-1.5855,1.8163,1.0,1.0,1.0,-2.9393,1.0,0.0,1.1043,1.0,0.0,0.0,-9.5,36.5,-29.0,41.0
2014_16_DEN_CIN,2014,16,CIN,DEN,-6.65,49.5736,66.8918,69.5449,136.4367,1.0,0.0,-5.1117,0.0,0.0,0.0,0.0,-2.6551,0.0,1.0,1.0,-0.0,2.0,0.0,1.093,0.0,0.0,0.0,-3.5,47.0,9.0,65.0
2014_17_CLE_BAL,2014,17,BAL,CLE,4.8208,41.7209,70.4486,66.0301,136.4787,1.0,0.0,7.725,0.0,-3.8733,3.8733,-3.8733,5.9152,1.0,0.0,0.0,4.8208,0.0,0.0,0.3083,0.0,0.0,0.0,14.0,40.0,10.0,30.0
2014_17_JAX_HOU,2014,17,HOU,JAX,11.0013,34.1384,69.1778,68.2254,137.4032,1.0,-0.36,8.3227,-5.0087,0.0,-5.0087,-5.0087,4.7347,1.0,0.0,0.0,11.0013,-1.0,0.0,0.8248,1.0,0.0,0.0,8.5,38.5,6.0,40.0
2014_17_SD_KC,2014,17,KC,SD,0.0047,47.7372,63.0078,66.319,129.3268,1.0,-0.12,-0.5315,-3.1898,9.574,-12.7637,6.3842,-0.3541,1.0,0.0,0.0,0.0047,2.0,0.0,1.3344,0.0,0.0,14.0,3.0,42.5,12.0,26.0
2014_17_NYJ_MIA,2014,17,MIA,NYJ,4.5446,48.6866,63.6694,65.7526,129.422,1.0,0.0,6.7259,0.0,0.0,0.0,0.0,-0.5346,1.0,0.0,0.0,4.5446,0.0,0.0,1.0856,0.0,2.0,0.0,7.0,41.0,-13.0,61.0
2014_17_CHI_MIN,2014,17,MIN,CHI,4.2668,50.6587,62.7181,66.6875,129.4056,1.0,0.0,2.5605,0.0,0.0,0.0,0.0,-0.9022,1.0,0.0,0.0,4.2668,0.0,0.0,0.3553,0.0,0.0,30.0,7.0,47.0,4.0,22.0
2014_17_BUF_NE,2014,17,NE,BUF,5.7196,42.3993,68.7955,68.3962,137.1916,1.0,0.0,9.2004,-5.0761,0.0,-5.0761,-5.0761,-1.1202,1.0,0.0,0.0,5.7196,0.0,0.0,0.3864,0.0,0.0,0.0,4.5,43.5,-8.0,26.0
2014_17_PHI_NYG,2014,17,NYG,PHI,0.9316,51.1224,71.7622,68.7434,140.5055,1.0,-0.12,-2.5117,0.0,0.0,0.0,0.0,1.084,1.0,0.0,0.0,0.9316,0.0,0.0,0.0854,0.0,0.0,0.0,-1.0,51.5,-8.0,60.0
2014_17_NO_TB,2014,17,TB,NO,-5.3651,44.4266,62.0935,70.3844,132.4779,1.0,0.0,-6.799,0.0,0.0,0.0,0.0,-5.2105,1.0,0.0,0.0,-5.3651,1.0,0.0,0.4779,0.0,0.0,0.0,-6.0,47.0,-3.0,43.0
2014_17_IND_TEN,2014,17,TEN,IND,-9.9178,44.3018,61.6856,71.003,132.6886,1.0,0.36,-12.2653,3.1985,0.0,3.1985,3.1985,-1.2601,1.0,0.0,0.0,-9.9178,-1.0,0.0,0.2505,0.0,0.0,5.0,-7.5,46.5,-17.0,37.0
2014_17_DAL_WAS,2014,17,WAS,DAL,-9.7265,53.6766,64.0259,63.7156,127.7415,1.0,0.12,-12.6211,0.0,0.0,0.0,0.0,-5.3475,1.0,0.0,0.0,-9.7265,1.0,0.0,1.2074,0.0,0.0,0.0,-6.0,47.5,-27.0,61.0
2014_17_CAR_ATL,2014,17,ATL,CAR,0.4808,51.907,62.7877,69.1054,131.8932,1.0,0.0,-0.7227,0.0,0.0,0.0,0.0,-2.4322,1.0,0.0,0.0,0.4808,0.0,0.0,0.2261,1.0,0.0,0.0,2.5,48.0,-31.0,37.0
2014_17_OAK_DEN,2014,17,DEN,OAK,6.692,47.1837,68.4516,66.0938,134.5454,1.0,-0.12,14.3899,0.0,1.6393,-1.6393,1.6393,2.7224,1.0,0.0,0.0,6.692,1.0,0.0,0.9345,0.0,0.0,5.0,16.5,49.0,33.0,61.0
2014_17_DET_GB,2014,17,GB,DET,4.7588,46.2726,64.8278,66.2454,131.0732,1.0,0.0,2.0157,0.0,0.0,0.0,0.0,0.7089,1.0,0.0,0.0,4.7588,-1.0,0.0,0.2927,0.0,0.0,18.0,9.0,46.5,10.0,50.0
2014_17_STL_SEA,2014,17,SEA,STL,9.1058,46.7852,66.0661,61.0312,127.0973,1.0,0.0,12.195,0.0,2.8391,-2.8391,2.8391,-0.9543,1.0,0.0,0.0,9.1058,-2.0,0.0,1.7205,0.0,0.0,2.0,11.0,41.5,14.0,26.0
2014_17_ARI_SF,2014,17,SF,ARI,-0.9818,39.3551,64.6378,64.2998,128.9376,1.0,0.12,-2.2969,0.0,-3.4634,3.4634,-3.4634,3.2181,1.0,0.0,0.0,-0.9818,-1.0,0.0,0.608,0.0,0.0,0.0,6.0,38.0,3.0,37.0
2014_17_CIN_PIT,2014,17,PIT,CIN,1.8459,51.9918,68.075,61.788,129.863,1.0,0.12,0.2865,0.0,0.0,0.0,0.0,0.8978,1.0,1.0,1.0,1.8459,0.0,0.0,0.2566,0.0,0.0,8.0,3.0,48.0,10.0,44.0
2014_18_ARI_CAR,2014,18,CAR,ARI,-0.0452,42.9245,66.8423,62.3955,129.2377,1.0,0.0,-2.2998,0.0,-2.0793,2.0793,-2.0793,3.2783,0.0,0.0,0.0,-0.0,2.0,0.0,1.7877,0.0,0.0,0.0,5.5,37.5,11.0,43.0
2014_18_BAL_PIT,2014,18,PIT,BAL,1.7515,52.626,67.5595,62.2003,129.7598,1.0,0.0,1.7662,0.0,0.0,0.0,0.0,-1.5969,1.0,1.0,1.0,1.7515,0.0,0.0,0.1972,0.0,0.0,0.0,3.0,47.5,-13.0,47.0
2014_18_CIN_IND,2014,18,IND,CIN,0.2988,41.694,68.4259,65.8848,134.3107,1.0,0.0,-0.0306,0.0,0.0,0.0,0.0,-1.9244,0.0,0.0,0.0,0.0,0.0,0.0,0.0992,1.0,0.0,0.0,3.5,47.0,16.0,36.0
2014_18_DET_DAL,2014,18,DAL,DET,3.0802,49.525,64.0532,65.7755,129.8288,1.0,0.0,2.9646,0.0,0.0,0.0,0.0,-0.5142,0.0,0.0,0.0,0.0,-1.0,0.0,1.0133,1.0,0.0,0.0,6.0,47.5,4.0,44.0
2014_19_BAL_NE,2014,19,NE,BAL,1.0666,50.658,70.0891,65.2593,135.3483,1.0,0.72,3.4673,0.0,0.0,0.0,0.0,-3.8015,0.0,0.0,0.0,0.0,0.0,0.0,0.3414,0.0,2.0,25.0,7.0,47.5,4.0,66.0
2014_19_CAR_SEA,2014,19,SEA,CAR,6.6233,42.299,61.5305,63.9504,125.4809,1.0,0.72,8.719,0.0,0.0,0.0,0.0,-3.5245,0.0,1.0,1.0,0.0,-3.0,0.0,2.2805,0.0,0.0,0.0,13.5,40.0,14.0,48.0
2014_19_DAL_GB,2014,19,GB,DAL,2.2377,57.0201,65.1844,64.5307,129.715,1.0,0.84,0.0069,0.0,0.0,0.0,0.0,2.241,0.0,0.0,0.0,0.0,0.0,0.0,0.9459,0.0,0.0,21.0,5.5,52.5,5.0,47.0
2014_19_IND_DEN,2014,19,DEN,IND,3.1344,43.6619,68.1167,67.6406,135.7573,1.0,0.84,2.974,0.0,0.0,0.0,0.0,3.3552,0.0,0.0,0.0,0.0,-2.0,0.0,0.9998,0.0,0.0,5.0,9.5,53.5,-11.0,37.0
2014_20_GB_SEA,2014,20,SEA,GB,1.7617,49.4397,63.3944,61.8255,125.22,1.0,0.12,4.592,0.0,0.0,0.0,0.0,-3.7008,0.0,0.0,0.0,0.0,-2.0,0.0,1.6437,0.0,5.0,0.0,8.5,44.5,6.0,50.0
2014_20_IND_NE,2014,20,NE,IND,-1.169,48.5995,67.262,70.4172,137.6792,1.0,0.12,3.064,0.0,0.0,0.0,0.0,0.7254,0.0,0.0,0.0,-0.0,0.0,0.0,0.7933,0.0,5.0,0.0,7.0,52.0,38.0,52.0
2014_21_NE_SEA,2014,21,SEA,NE,3.3458,49.4707,65.2797,65.1182,130.3979,0.0,0.0,2.0058,0.0,0.0,0.0,0.0,-0.9951,0.0,0.0,0.0,0.0,0.0,0.0,0.0,1.0,0.0,0.0,-1.0,47.0,-4.0,52.0
2015_01_PIT_NE,2015,1,NE,PIT,3.1703,56.067,64.8426,67.2119,132.0544,1.0,0.0,4.1833,0.0,0.0,0.0,0.0,-2.4135,0.0,1.0,1.0,0.0,0.0,0.0,0.4683,0.0,0.0,0.0,7.5,51.0,7.0,49.0
2015_01_IND_BUF,2015,1,BUF,IND,-2.8381,36.4531,65.5495,69.0972,134.6467,1.0,0.0,-2.0041,-3.6766,0.0,-3.6766,-3.6766,2.1669,0.0,0.0,0.0,-0.0,0.0,0.0,0.4358,0.0,5.0,0.0,-1.0,44.5,13.0,41.0
2015_01_GB_CHI,2015,1,CHI,GB,-11.7373,49.1171,65.4947,64.2412,129.7359,1.0,0.0,-7.2908,0.0,0.0,0.0,0.0,-2.1063,1.0,0.0,0.0,-11.7373,0.0,0.0,0.1837,0.0,1.0,0.0,-5.5,48.5,-8.0,54.0
2015_01_KC_HOU,2015,1,HOU,KC,2.142,41.3638,68.0749,65.4079,133.4828,1.0,0.0,-1.5845,-1.6762,0.0,-1.6762,-1.6762,1.7861,0.0,0.0,0.0,0.0,0.0,0.0,0.6492,1.0,0.0,0.0,-1.0,41.0,-7.0,47.0
2015_01_CAR_JAX,2015,1,JAX,CAR,-5.9012,38.5951,61.0652,70.306,131.3712,1.0,0.0,-7.0162,0.0,0.0,0.0,0.0,-3.7197,0.0,0.0,0.0,-0.0,0.0,0.0,0.3418,0.0,0.0,0.0,-3.0,41.0,-11.0,29.0
2015_01_CLE_NYJ,2015,1,NYJ,CLE,-0.8721,41.1125,70.7705,62.6505,133.4209,1.0,0.0,0.3031,1.7439,-1.4252,3.1691,0.3187,1.4142,0.0,0.0,0.0,-0.0,0.0,0.0,0.3994,0.0,0.0,0.0,3.5,39.0,21.0,41.0
2015_01_SEA_STL,2015,1,STL,SEA,-7.3348,44.9879,63.0607,64.2559,127.3166,1.0,0.0,-8.4726,3.5079,0.0,3.5079,3.5079,0.8094,1.0,0.0,0.0,-7.3348,2.0,0.0,1.7205,1.0,0.0,0.0,-3.5,41.5,3.0,65.0
2015_01_MIA_WAS,2015,1,WAS,MIA,-5.966,50.4817,64.8588,65.7189,130.5776,1.0,0.0,-4.7957,2.5925,0.0,2.5925,2.5925,-0.8504,0.0,0.0,0.0,-0.0,0.0,0.0,0.916,0.0,0.0,0.0,-4.0,45.5,-7.0,27.0
2015_01_NO_ARI,2015,1,ARI,NO,2.42,45.7464,64.1969,68.9833,133.1802,1.0,0.0,1.7051,1.8713,0.0,1.8713,1.8713,-1.2881,0.0,0.0,0.0,0.0,-1.0,0.0,1.324,1.0,0.0,0.0,2.0,48.5,12.0,50.0
2015_01_DET_SD,2015,1,SD,DET,-2.4998,42.4695,64.818,66.605,131.423,1.0,0.0,-0.6914,6.5959,0.0,6.5959,6.5959,-2.5026,0.0,0.0,0.0,-0.0,-3.0,0.0,1.9642,0.0,0.0,0.0,3.5,45.5,5.0,61.0
2015_01_BAL_DEN,2015,1,DEN,BAL,1.7155,47.852,69.6213,66.1066,135.7279,1.0,0.0,1.1196,0.0,0.0,0.0,0.0,-1.2257,0.0,0.0,0.0,0.0,-2.0,0.0,1.5078,0.0,3.0,0.0,4.5,46.5,6.0,32.0
2015_01_CIN_OAK,2015,1,OAK,CIN,-0.8577,44.3572,67.8313,65.6214,133.4528,1.0,0.0,-6.6031,1.4831,0.0,1.4831,1.4831,-0.8702,0.0,0.0,0.0,-0.0,-3.0,0.0,2.0274,0.0,0.0,0.0,-3.0,43.0,-20.0,46.0
2015_01_TEN_TB,2015,1,TB,TEN,1.8734,41.5443,65.3986,62.4715,127.87,1.0,0.0,1.2931,-2.2301,-3.3307,1.1007,-5.5608,-2.5978,0.0,0.0,0.0,0.0,1.0,0.0,0.6185,0.0,0.0,0.0,3.0,40.5,-28.0,56.0
2015_01_NYG_DAL,2015,1,DAL,NYG,4.4092,53.5745,63.4642,67.5131,130.9773,1.0,0.0,4.4933,0.0,0.0,0.0,0.0,-2.6681,1.0,1.0,1.0,4.4092,-1.0,0.0,1.3851,1.0,0.0,0.0,7.0,52.0,1.0,53.0
2015_01_PHI_ATL,2015,1,ATL,PHI,-2.956,51.1767,70.5798,70.1316,140.7114,1.0,0.0,-3.5379,0.0,-5.3555,5.3555,-5.3555,-2.4286,0.0,1.0,1.0,-0.0,0.0,0.0,0.6635,1.0,0.0,0.0,-3.5,55.0,2.0,50.0
2015_01_MIN_SF,2015,1,SF,MIN,2.4441,45.0517,65.8395,62.9843,128.8238,1.0,0.0,2.3761,0.0,0.0,0.0,0.0,1.4078,0.0,1.0,1.0,0.0,-2.0,0.0,1.5721,0.0,0.0,0.0,-2.5,42.5,17.0,23.0
2015_02_DEN_KC,2015,2,KC,DEN,-2.6365,42.9405,63.5508,69.2715,132.8223,1.0,0.0,-2.1864,0.0,0.0,0.0,0.0,-2.9557,1.0,1.0,1.0,-2.6365,1.0,0.0,0.5643,0.0,3.0,0.0,3.0,42.0,-7.0,55.0
2015_02_NE_BUF,2015,2,BUF,NE,-3.2684,46.5426,65.0802,69.0631,134.1433,1.0,-0.36,-5.1736,1.0238,0.0,1.0238,1.0238,1.2044,1.0,0.0,0.0,-3.2684,0.0,0.0,0.3864,0.0,0.0,0.0,2.0,45.0,-8.0,72.0
2015_02_HOU_CAR,2015,2,CAR,HOU,-0.7379,38.3863,70.5739,65.2377,135.8116,1.0,0.0,2.5284,0.0,-2.2583,2.2583,-2.2583,0.0359,0.0,0.0,0.0,-0.0,1.0,0.0,0.9299,0.0,0.0,0.0,3.0,41.0,7.0,41.0
2015_02_ARI_CHI,2015,2,CHI,ARI,-7.1045,45.7591,66.9699,62.1841,129.1541,1.0,0.0,-5.9982,0.0,0.0,0.0,0.0,0.9201,0.0,0.0,0.0,-0.0,1.0,0.0,1.4588,0.0,0.0,0.0,-2.0,45.5,-25.0,71.0
2015_02_SD_CIN,2015,2,CIN,SD,1.8076,45.1863,65.6426,67.1493,132.7919,1.0,0.0,0.9449,0.0,7.0983,-7.0983,7.0983,1.0909,0.0,0.0,0.0,0.0,3.0,1.0,1.8647,0.0,0.0,0.0,3.5,47.5,5.0,43.0
2015_02_TEN_CLE,2015,2,CLE,TEN,0.5133,42.7638,67.9106,63.1794,131.09,1.0,0.0,0.535,-1.4723,2.6164,-4.0887,1.1441,0.7162,0.0,0.0,0.0,0.0,1.0,0.0,0.4588,0.0,2.0,0.0,1.0,41.0,14.0,42.0
2015_02_DET_MIN,2015,2,MIN,DET,-4.5827,43.1216,62.5553,65.3079,127.8632,1.0,-0.12,-2.4661,0.0,0.0,0.0,0.0,-3.5608,1.0,0.0,0.0,-4.5827,-1.0,0.0,0.5415,0.0,0.0,0.0,2.5,44.0,10.0,42.0
2015_02_TB_NO,2015,2,NO,TB,5.8797,46.9161,68.5845,63.3949,131.9794,1.0,0.0,5.7948,0.0,-0.386,0.386,-0.386,4.1287,1.0,0.0,0.0,5.8797,-1.0,0.0,0.4779,1.0,0.0,0.0,9.5,47.0,-7.0,45.0
2015_02_ATL_NYG,2015,2,NYG,ATL,3.0428,49.9105,68.5576,66.6861,135.2437,1.0,0.12,0.1377,0.0,0.0,0.0,0.0,2.3668,0.0,0.0,0.0,0.0,0.0,0.0,0.7475,0.0,0.0,0.0,2.0,49.5,-4.0,44.0
2015_02_SF_PIT,2015,2,PIT,SF,-0.8651,50.5847,65.9202,61.8955,127.8157,1.0,0.48,-0.0602,0.0,0.0,0.0,0.0,0.1309,0.0,0.0,0.0,-0.0,3.0,1.0,2.2439,0.0,0.0,0.0,6.0,46.0,25.0,61.0
2015_02_STL_WAS,2015,2,WAS,STL,-4.5763,45.9221,66.5026,63.7848,130.2873,1.0,0.0,-5.4114,2.7198,4.1556,-1.4358,6.8754,-2.0248,0.0,0.0,0.0,-0.0,1.0,0.0,0.7174,0.0,0.0,0.0,-3.0,41.0,14.0,34.0
2015_02_MIA_JAX,2015,2,JAX,MIA,-6.3123,40.4717,65.3279,67.57,132.8979,1.0,0.0,-6.6015,0.0,0.0,0.0,0.0,-0.7917,0.0,0.0,0.0,-0.0,0.0,0.0,0.3135,0.0,0.0,0.0,-5.0,42.5,3.0,43.0
2015_02_BAL_OAK,2015,2,OAK,BAL,-2.5063,44.2239,67.2395,64.7459,131.9855,1.0,0.0,-8.0787,1.5603,0.0,1.5603,1.5603,-2.6883,0.0,0.0,0.0,-0.0,-3.0,0.0,2.4401,0.0,0.0,0.0,-6.0,42.0,4.0,70.0
2015_02_DAL_PHI,2015,2,PHI,DAL,-2.843,52.0916,68.7483,69.0293,137.7775,1.0,-0.12,-2.3769,-1.4765,0.0,-1.4765,-1.4765,-0.0212,1.0,0.0,0.0,-2.843,1.0,0.0,1.3126,0.0,5.0,0.0,7.0,53.0,-10.0,30.0
2015_02_SEA_GB,2015,2,GB,SEA,0.1209,49.2449,61.4512,66.4292,127.8803,1.0,0.0,-1.8906,0.0,0.0,0.0,0.0,2.986,0.0,1.0,1.0,0.0,2.0,0.0,1.6437,0.0,0.0,0.0,3.5,49.0,10.0,44.0
2015_02_NYJ_IND,2015,2,IND,NYJ,3.5678,44.5637,66.6668,64.9665,131.6333,1.0,0.0,3.9434,0.0,2.4629,-2.4629,2.4629,-1.4359,0.0,1.0,1.0,0.0,0.0,0.0,0.6408,1.0,0.0,0.0,6.0,45.5,-13.0,27.0
2015_03_WAS_NYG,2015,3,NYG,WAS,2.5461,49.0959,64.1194,66.8139,130.9333,1.0,0.0,2.7639,0.0,0.0,0.0,0.0,2.993,1.0,1.0,1.0,2.5461,0.0,0.0,0.1981,0.0,0.0,0.0,3.0,45.0,11.0,53.0
2015_03_CIN_BAL,2015,3,BAL,CIN,-0.4755,46.8914,66.3115,66.6979,133.0094,1.0,0.0,-1.4643,0.0,0.0,0.0,0.0,1.4912,1.0,0.0,0.0,-0.4755,0.0,0.0,0.4228,0.0,2.0,0.0,2.5,45.5,-4.0,52.0
2015_03_NO_CAR,2015,3,CAR,NO,4.4405,45.3246,68.0868,68.2345,136.3214,1.0,0.0,4.3672,0.0,-5.8096,5.8096,-5.8096,1.2648,1.0,0.0,0.0,4.4405,1.0,0.0,0.6487,0.0,0.0,0.0,10.0,43.0,5.0,49.0
2015_03_OAK_CLE,2015,3,CLE,OAK,-1.6903,42.3402,63.6354,69.3749,133.0103,1.0,0.0,1.4742,-0.7663,2.4767,-3.243,1.7105,-0.1201,0.0,0.0,0.0,-0.0,3.0,1.0,2.1511,0.0,6.0,0.0,3.5,43.5,-7.0,47.0
2015_03_ATL_DAL,2015,3,DAL,ATL,6.1474,52.6733,66.7345,65.6986,132.4331,1.0,0.0,5.1236,-5.4854,0.0,-5.4854,-5.4854,0.6608,0.0,0.0,0.0,0.0,-1.0,0.0,0.7363,1.0,0.0,0.0,1.0,43.5,-11.0,67.0
2015_03_TB_HOU,2015,3,HOU,TB,5.5785,37.0882,70.3937,66.4757,136.8694,1.0,0.0,4.2213,-3.2642,0.0255,-3.2897,-3.2387,5.473,0.0,0.0,0.0,0.0,-1.0,0.0,0.7898,1.0,0.0,0.0,6.0,41.0,10.0,28.0
2015_03_SD_MIN,2015,3,MIN,SD,-1.893,45.9326,62.9451,67.4698,130.4149,1.0,0.0,-1.5215,0.0,7.0829,-7.0829,7.0829,-0.8782,0.0,0.0,0.0,-0.0,2.0,0.0,1.5262,0.0,2.0,0.0,2.5,45.5,17.0,45.0
2015_03_JAX_NE,2015,3,NE,JAX,11.6795,47.6372,70.2644,66.4394,136.7038,1.0,0.0,13.7193,0.0,0.0,0.0,0.0,3.6584,0.0,0.0,0.0,0.0,0.0,0.0,0.9961,0.0,0.0,0.0,14.5,48.5,34.0,68.0
2015_03_PHI_NYJ,2015,3,NYJ,PHI,1.8059,42.8199,70.1828,67.2305,137.4133,1.0,-0.12,-0.9898,2.7649,-2.185,4.9499,0.5799,0.9626,0.0,0.0,0.0,0.0,0.0,0.0,0.0854,0.0,0.0,0.0,3.0,47.0,-7.0,41.0
2015_03_PIT_STL,2015,3,STL,PIT,-3.5559,52.3534,64.5908,65.8208,130.4116,1.0,0.0,-5.1442,3.3468,0.0,3.3468,3.3468,-2.5996,0.0,0.0,0.0,-0.0,-1.0,0.0,0.556,1.0,0.0,0.0,1.5,48.5,-6.0,18.0
2015_03_IND_TEN,2015,3,TEN,IND,-5.4825,44.4858,61.6362,68.5237,130.1599,1.0,0.12,-6.3996,2.4818,0.0,2.4818,2.4818,-0.1756,1.0,0.0,0.0,-5.4825,-1.0,0.0,0.2505,0.0,0.0,0.0,-3.0,46.5,-2.0,68.0
2015_03_SF_ARI,2015,3,ARI,SF,2.3436,44.2225,60.1527,68.387,128.5397,1.0,0.0,2.031,0.0,0.0,0.0,0.0,-2.3638,1.0,0.0,0.0,2.3436,1.0,0.0,0.608,1.0,0.0,0.0,7.0,45.0,40.0,54.0
2015_03_BUF_MIA,2015,3,MIA,BUF,-0.8442,43.4512,67.82,66.1123,133.9323,1.0,0.0,-2.0916,0.0,0.4632,-0.4632,0.4632,-1.7788,1.0,0.0,0.0,-0.8442,0.0,0.0,1.1648,0.0,0.0,0.0,1.0,43.5,-27.0,55.0
2015_03_CHI_SEA,2015,3,SEA,CHI,11.2544,47.4041,62.2862,63.1473,125.4335,1.0,0.0,10.0768,0.0,-2.286,2.286,-2.286,-0.4928,0.0,0.0,0.0,0.0,-2.0,0.0,1.7341,0.0,0.0,0.0,16.5,43.5,26.0,26.0
2015_03_DEN_DET,2015,3,DET,DEN,-4.7352,37.7013,64.7637,68.1575,132.9212,1.0,-0.36,-5.6845,0.0,0.0,0.0,0.0,-1.0776,0.0,1.0,1.0,-0.0,2.0,0.0,1.1558,1.0,0.0,0.0,-3.0,45.0,-12.0,36.0
2015_03_KC_GB,2015,3,GB,KC,4.6759,48.5521,66.2458,63.3705,129.6163,1.0,-0.36,3.9093,0.0,0.0,0.0,0.0,2.8388,0.0,1.0,1.0,0.0,0.0,0.0,0.5011,0.0,0.0,0.0,4.5,47.0,10.0,66.0
2015_04_BAL_PIT,2015,4,PIT,BAL,3.5568,52.504,66.686,64.2298,130.9158,1.0,0.0,3.1102,-10.0,0.0,-10.0,-10.0,-1.5339,1.0,1.0,1.0,3.5568,0.0,0.0,0.1972,0.0,0.0,0.0,-3.0,44.0,-3.0,43.0
2015_04_NYJ_MIA,2015,4,MIA,NYJ,-2.1245,45.7684,64.7802,67.4736,132.2538,0.0,0.0,-0.4075,0.0,0.0,0.0,0.0,-5.5294,1.0,0.0,0.0,-2.1245,0.0,0.0,0.0,0.0,0.0,0.0,-2.5,42.0,-13.0,41.0
2015_04_HOU_ATL,2015,4,ATL,HOU,-0.2891,46.925,69.645,71.3503,140.9952,1.0,0.0,1.6199,0.0,0.0,0.0,0.0,-2.2743,0.0,0.0,0.0,-0.0,1.0,0.0,0.7051,1.0,0.0,0.0,4.0,47.5,27.0,69.0
2015_04_NYG_BUF,2015,4,BUF,NYG,2.9903,43.8429,65.9741,70.4502,136.4243,1.0,-0.36,3.9636,2.9775,0.0,2.9775,2.9775,-1.4187,0.0,0.0,0.0,0.0,0.0,0.0,0.2779,0.0,0.0,0.0,6.0,46.5,-14.0,34.0
2015_04_OAK_CHI,2015,4,CHI,OAK,-5.6774,47.2513,64.1211,63.1751,127.2962,1.0,0.0,-0.9948,0.0,3.2287,-3.2287,3.2287,1.1629,0.0,0.0,0.0,-0.0,2.0,0.0,1.8449,0.0,2.0,0.0,-3.0,44.5,2.0,42.0
2015_04_KC_CIN,2015,4,CIN,KC,2.2082,45.1067,68.2482,65.0973,133.3455,1.0,0.12,2.4553,0.0,0.0,0.0,0.0,1.8479,0.0,0.0,0.0,0.0,1.0,0.0,0.5345,0.0,0.0,0.0,3.5,45.0,15.0,57.0
2015_04_JAX_IND,2015,4,IND,JAX,6.778,40.3193,69.5016,65.3922,134.8938,1.0,0.0,6.9046,-3.3201,0.0,-3.3201,-3.3201,-0.4041,1.0,0.0,0.0,6.778,0.0,0.0,0.7002,0.0,0.0,0.0,4.0,43.0,3.0,29.0
2015_04_CAR_TB,2015,4,TB,CAR,-6.8434,41.1143,63.3286,70.7523,134.0809,1.0,0.0,-8.823,-0.8173,0.0,-0.8173,-0.8173,-4.3764,1.0,0.0,0.0,-6.8434,0.0,0.0,0.5103,0.0,0.0,0.0,-3.0,40.0,-14.0,60.0
2015_04_PHI_WAS,2015,4,WAS,PHI,-4.9206,41.3597,72.5185,65.5738,138.0923,1.0,0.36,-6.5186,0.0,0.0,0.0,0.0,-1.2319,1.0,0.0,0.0,-4.9206,0.0,0.0,0.1136,0.0,3.0,0.0,-3.0,46.0,3.0,43.0
2015_04_CLE_SD,2015,4,SD,CLE,3.1077,43.9227,69.1072,64.5323,133.6395,1.0,0.0,4.0921,6.3852,0.1208,6.2645,6.506,1.8108,0.0,0.0,0.0,0.0,-3.0,0.0,2.0259,0.0,1.0,0.0,4.5,44.5,3.0,57.0
2015_04_STL_ARI,2015,4,ARI,STL,4.9149,43.5551,64.0275,65.144,129.1715,1.0,0.0,6.5799,0.0,2.9705,-2.9705,2.9705,-0.76,1.0,0.0,0.0,4.9149,-1.0,0.0,1.2786,1.0,0.0,0.0,7.0,43.5,-2.0,46.0
2015_04_MIN_DEN,2015,4,DEN,MIN,4.8377,39.8822,70.0715,61.9557,132.0272,1.0,0.0,5.6845,0.0,0.0,0.0,0.0,2.0299,0.0,0.0,0.0,0.0,-1.0,0.0,0.6999,0.0,0.0,0.0,7.0,43.5,3.0,43.0
2015_04_GB_SF,2015,4,SF,GB,-8.9561,49.7068,66.0603,63.5378,129.5981,1.0,0.12,-6.0735,0.0,0.0,0.0,0.0,-2.0158,0.0,0.0,0.0,-0.0,-2.0,0.0,1.8218,0.0,0.0,0.0,-7.5,48.0,-14.0,20.0
2015_04_DAL_NO,2015,4,NO,DAL,-6.6242,55.374,67.8816,64.0929,131.9745,1.0,0.0,-5.7183,0.0,-5.1639,5.1639,-5.1639,0.7745,0.0,1.0,1.0,-0.0,0.0,0.0,0.4566,1.0,0.0,0.0,3.0,48.0,6.0,46.0
2015_04_DET_SEA,2015,4,SEA,DET,5.7777,41.6866,64.0791,61.9751,126.0542,1.0,0.0,6.8291,0.0,0.0,0.0,0.0,-1.9502,0.0,1.0,1.0,0.0,-3.0,0.0,1.9331,0.0,0.0,0.0,10.0,43.0,3.0,23.0
2015_05_IND_HOU,2015,5,HOU,IND,-0.7427,37.6032,74.3465,69.3423,143.6888,1.0,0.0,-2.9489,0.0,-2.6589,2.6589,-2.6589,4.0372,1.0,1.0,1.0,-0.7427,-1.0,0.0,0.8709,1.0,0.0,0.0,4.5,40.5,-7.0,47.0
2015_05_WAS_ATL,2015,5,ATL,WAS,4.5383,50.9267,64.1644,69.8375,134.0019,1.0,0.0,6.3327,0.0,0.0,0.0,0.0,-0.9716,0.0,0.0,0.0,0.0,0.0,0.0,0.5499,1.0,0.0,0.0,7.5,48.5,6.0,44.0
2015_05_CLE_BAL,2015,5,BAL,CLE,3.5221,45.2176,70.4045,65.9475,136.352,1.0,0.36,6.2299,0.0,0.0,0.0,0.0,5.1565,1.0,0.0,0.0,3.5221,0.0,0.0,0.3083,0.0,0.0,0.0,6.0,43.0,-3.0,63.0
2015_05_SEA_CIN,2015,5,CIN,SEA,-0.893,45.7814,60.1186,66.2186,126.3371,1.0,0.12,-1.7934,0.0,0.0,0.0,0.0,3.2848,0.0,0.0,0.0,-0.0,3.0,1.0,1.9669,0.0,0.0,0.0,3.0,44.5,3.0,51.0
2015_05_STL_GB,2015,5,GB,STL,8.0854,50.332,66.6917,64.7662,131.458,1.0,0.0,8.5935,0.0,3.3414,-3.3414,3.3414,2.2661,0.0,0.0,0.0,0.0,0.0,0.0,0.4201,0.0,4.0,0.0,8.5,45.0,14.0,34.0
2015_05_CHI_KC,2015,5,KC,CHI,4.0771,47.1099,61.8844,66.1571,128.0415,1.0,0.0,4.8552,0.0,0.0,0.0,0.0,-2.8037,0.0,0.0,0.0,0.0,0.0,0.0,0.4099,0.0,0.0,0.0,10.0,44.0,-1.0,35.0
2015_05_NO_PHI,2015,5,PHI,NO,2.6284,48.6269,65.9925,75.5815,141.574,1.0,0.0,2.0852,0.0,0.0,0.0,0.0,-1.7616,0.0,0.0,0.0,0.0,1.0,0.0,1.0866,0.0,0.0,0.0,6.5,49.5,22.0,56.0
2015_05_JAX_TB,2015,5,TB,JAX,-1.148,38.2103,68.3391,67.5267,135.8659,1.0,0.0,-0.4228,0.0,0.0,0.0,0.0,-1.8132,0.0,0.0,0.0,-0.0,0.0,0.0,0.1704,0.0,0.0,0.0,1.0,41.0,7.0,69.0
2015_05_BUF_TEN,2015,5,TEN,BUF,-4.6784,39.677,67.2551,65.0177,132.2727,1.0,0.84,-7.4462,0.0,0.0,0.0,0.0,-2.0991,0.0,0.0,0.0,-0.0,-1.0,0.0,0.6238,0.0,0.0,0.0,1.0,43.0,-1.0,27.0
2015_05_ARI_DET,2015,5,DET,ARI,-5.6894,41.5583,62.9011,63.7144,126.6155,1.0,-0.12,-4.7862,0.0,0.0,0.0,0.0,3.1724,0.0,0.0,0.0,-0.0,2.0,0.0,1.6944,1.0,0.0,0.0,-4.5,46.0,-25.0,59.0
2015_05_NE_DAL,2015,5,DAL,NE,-3.3388,58.652,64.2822,68.9673,133.2494,1.0,-0.84,-5.9128,-3.6512,0.0,-3.6512,-3.6512,-2.2366,0.0,0.0,0.0,-0.0,-1.0,0.0,1.5496,1.0,0.0,0.0,-8.0,51.0,-24.0,36.0
2015_05_DEN_OAK,2015,5,OAK,DEN,-3.6878,39.7868,66.5515,66.83,133.3815,1.0,0.0,-10.7525,3.278,0.0,3.278,3.278,-2.8499,1.0,0.0,0.0,-3.6878,-1.0,0.0,0.9345,0.0,0.0,0.0,-5.0,44.5,-6.0,26.0
2015_05_SF_NYG,2015,5,NYG,SF,5.0372,46.2705,65.9842,65.9172,131.9014,1.0,0.0,0.8967,0.0,0.0,0.0,0.0,2.6342,0.0,1.0,1.0,0.0,3.0,0.0,2.5468,0.0,0.0,0.0,7.5,43.5,3.0,57.0
2015_05_PIT_SD,2015,5,SD,PIT,-3.5077,47.0482,65.1693,64.9005,130.0699,1.0,-0.36,-3.2143,6.9108,-10.0,16.9108,-3.0892,-1.8554,0.0,1.0,1.0,-0.0,-3.0,0.0,2.1082,0.0,0.0,0.0,4.0,45.5,-4.0,44.0
2015_06_ATL_NO,2015,6,NO,ATL,-6.6623,54.6993,68.8024,69.5855,138.3878,1.0,0.0,-4.5442,0.0,0.0,0.0,0.0,-0.6112,1.0,1.0,1.0,-6.6623,-1.0,0.0,0.4244,1.0,0.0,0.0,-3.0,52.0,10.0,52.0
2015_06_CIN_BUF,2015,6,BUF,CIN,-2.8929,43.9804,65.1404,69.2439,134.3843,1.0,0.0,-3.3204,-3.632,0.0,-3.632,-3.632,-3.0524,0.0,0.0,0.0,-0.0,0.0,0.0,0.3923,0.0,0.0,5.0,-3.0,42.5,-13.0,55.0
2015_06_DEN_CLE,2015,6,CLE,DEN,-5.4879,41.0797,67.5711,67.8934,135.4645,1.0,0.0,-10.6656,0.0,0.0,0.0,0.0,-5.5632,0.0,0.0,0.0,-0.0,2.0,1.0,1.2253,0.0,10.0,0.0,-3.5,41.5,-3.0,49.0
2015_06_CHI_DET,2015,6,DET,CHI,0.6792,43.3554,63.9063,63.1513,127.0575,1.0,0.0,1.9848,0.0,0.0,0.0,0.0,1.5825,1.0,0.0,0.0,0.6792,1.0,0.0,0.2366,1.0,0.0,0.0,3.5,45.0,3.0,71.0
2015_06_HOU_JAX,2015,6,JAX,HOU,-3.3121,40.4743,66.7427,75.2808,142.0235,1.0,-0.36,-4.4267,0.0,2.2596,-2.2596,2.2596,-3.1395,1.0,0.0,0.0,-3.3121,1.0,0.0,0.8248,0.0,8.0,0.0,2.5,43.5,-11.0,51.0
2015_06_KC_MIN,2015,6,MIN,KC,0.0413,46.9244,64.913,65.173,130.086,1.0,0.84,0.2114,0.0,0.0,0.0,0.0,2.0134,0.0,0.0,0.0,0.0,0.0,0.0,0.4142,0.0,0.0,0.0,3.5,43.0,6.0,26.0
2015_06_WAS_NYJ,2015,6,NYJ,WAS,2.7244,42.05,65.1019,66.9039,132.0057,1.0,0.84,4.4661,0.0,0.0,0.0,0.0,2.9866,0.0,0.0,0.0,0.0,0.0,0.0,0.1981,0.0,6.0,0.0,7.5,39.5,14.0,54.0
2015_06_ARI_PIT,2015,6,PIT,ARI,-1.8519,45.2336,64.4297,62.6371,127.0668,1.0,-0.12,-0.8115,-10.0,0.0,-10.0,-10.0,1.5959,0.0,0.0,0.0,-0.0,2.0,1.0,1.8317,0.0,2.0,0.0,-5.5,45.0,12.0,38.0
2015_06_MIA_TEN,2015,6,TEN,MIA,2.0756,48.069,66.4786,63.304,129.7826,1.0,-0.84,-3.3402,0.0,0.0,0.0,0.0,1.704,0.0,0.0,0.0,0.0,-1.0,0.0,0.8039,0.0,0.0,0.0,2.5,44.0,-28.0,48.0
2015_06_CAR_SEA,2015,6,SEA,CAR,3.1296,41.7892,65.2575,64.3055,129.5629,1.0,-0.84,2.3265,0.0,0.0,0.0,0.0,-3.3664,0.0,0.0,0.0,0.0,-3.0,0.0,2.2805,0.0,0.0,0.0,7.0,41.0,-4.0,50.0
2015_06_SD_GB,2015,6,GB,SD,7.859,47.4026,66.2556,65.3053,131.5609,1.0,0.12,7.7766,0.0,6.9449,-6.9449,6.9449,3.3977,0.0,0.0,0.0,0.0,2.0,0.0,1.7519,0.0,2.0,0.0,10.5,50.0,7.0,47.0
2015_06_BAL_SF,2015,6,SF,BAL,-1.1828,48.769,67.1323,67.9111,135.0434,1.0,0.0,-1.8145,0.0,0.0,0.0,0.0,-3.0203,0.0,0.0,0.0,-0.0,-3.0,0.0,2.4352,0.0,0.0,0.0,-2.5,43.5,5.0,45.0
2015_06_NE_IND,2015,6,IND,NE,-8.0224,51.2477,67.4032,70.4632,137.8664,1.0,0.36,-7.1846,0.0,0.0,0.0,0.0,-3.1027,0.0,1.0,1.0,-0.0,0.0,0.0,0.7933,1.0,0.0,0.0,-8.0,53.5,-7.0,61.0
2015_06_NYG_PHI,2015,6,PHI,NYG,-1.5451,47.0199,70.3776,73.9081,144.2857,1.0,0.0,0.7752,0.0,0.0,0.0,0.0,-1.7477,1.0,1.0,1.0,-1.5451,0.0,0.0,0.0854,0.0,0.0,1.0,3.5,50.5,20.0,34.0
2015_07_SEA_SF,2015,7,SF,SEA,-5.0382,46.4745,62.0774,64.4528,126.5302,1.0,0.0,-5.1277,0.0,0.0,0.0,0.0,1.1568,1.0,1.0,1.0,-5.0382,0.0,0.0,0.7045,0.0,0.0,0.0,-6.5,41.5,-17.0,23.0
2015_07_BUF_JAX,2015,7,JAX,BUF,-6.4109,42.5442,68.839,66.9048,135.7438,0.0,0.0,-8.3945,0.0,-3.2041,3.2041,-3.2041,-0.8956,0.0,0.0,0.0,-0.0,0.0,0.0,0.0,0.0,0.0,0.0,-3.5,41.0,3.0,65.0
2015_07_MIN_DET,2015,7,DET,MIN,-4.0116,43.5971,69.0614,62.0338,131.0952,1.0,0.0,-2.6066,0.0,0.0,0.0,0.0,2.2313,1.0,0.0,0.0,-4.0116,1.0,0.0,0.5415,1.0,0.0,0.0,1.0,44.5,-9.0,47.0
2015_07_NO_IND,2015,7,IND,NO,0.9515,51.9041,68.8968,71.2079,140.1047,1.0,-0.36,2.6757,0.0,0.0,0.0,0.0,-2.0254,0.0,0.0,0.0,0.0,1.0,0.0,0.713,0.0,0.0,0.0,5.5,52.5,-6.0,48.0
2015_07_PIT_KC,2015,7,KC,PIT,-6.2484,45.7299,64.6527,64.2189,128.8716,1.0,0.0,-5.4166,0.0,-5.2415,5.2415,-5.2415,-2.3419,0.0,0.0,0.0,-0.0,-1.0,0.0,0.7738,0.0,0.0,0.0,4.0,41.5,10.0,36.0
2015_07_HOU_MIA,2015,7,MIA,HOU,-0.9973,45.7735,68.1195,73.5195,141.639,1.0,0.0,0.073,0.0,3.2905,-3.2905,3.2905,-4.3152,0.0,0.0,0.0,-0.0,1.0,0.0,0.9614,0.0,3.0,0.0,4.5,46.5,18.0,70.0
2015_07_NYJ_NE,2015,7,NE,NYJ,4.6898,48.5613,65.9276,68.3273,134.2549,1.0,0.0,9.3661,0.0,0.0,0.0,0.0,-2.0407,1.0,0.0,0.0,4.6898,0.0,0.0,0.1702,0.0,0.0,0.0,7.0,47.0,7.0,53.0
2015_07_CLE_STL,2015,7,STL,CLE,2.6696,46.1027,69.8769,68.4624,138.3393,1.0,0.84,2.0712,1.9096,0.0,1.9096,1.9096,3.3432,0.0,0.0,0.0,0.0,-1.0,0.0,0.4905,1.0,0.0,0.0,6.5,43.5,18.0,30.0
2015_07_ATL_TEN,2015,7,TEN,ATL,-6.387,47.1531,65.7372,66.8444,132.5817,1.0,-0.36,-8.3799,-2.0117,0.0,-2.0117,-2.0117,-2.225,0.0,0.0,0.0,-0.0,-1.0,0.0,0.2139,0.0,0.0,0.0,-5.5,45.5,-3.0,17.0
2015_07_TB_WAS,2015,7,WAS,TB,1.9014,42.1519,67.766,63.0975,130.8636,1.0,-0.84,0.4173,0.0,0.0,0.0,0.0,2.7595,0.0,0.0,0.0,0.0,0.0,0.0,0.8219,0.0,0.0,0.0,3.0,42.0,1.0,61.0
2015_07_OAK_SD,2015,7,SD,OAK,0.0,45.6145,66.9677,66.9677,133.9354,1.0,-0.84,3.7744,7.616,2.7905,4.8255,10.4065,0.0,1.0,0.0,0.0,0.0,0.0,0.0,0.4471,0.0,0.0,0.0,3.5,48.0,-8.0,66.0
2015_07_DAL_NYG,2015,7,NYG,DAL,-0.5462,51.9226,66.874,67.2398,134.1138,1.0,-0.96,-1.7278,0.0,-6.7047,6.7047,-6.7047,1.0319,1.0,0.0,0.0,-0.5462,1.0,0.0,1.3851,0.0,4.0,0.0,3.0,44.5,7.0,47.0
2015_07_PHI_CAR,2015,7,CAR,PHI,1.5198,37.6147,71.9715,69.7465,141.718,1.0,0.12,1.5553,0.0,0.0,0.0,0.0,-0.1276,0.0,1.0,1.0,0.0,0.0,0.0,0.4485,0.0,0.0,0.0,3.0,46.0,11.0,43.0
2015_07_BAL_ARI,2015,7,ARI,BAL,6.9951,45.8417,64.6196,68.0325,132.6521,1.0,0.0,3.6204,0.0,0.0,0.0,0.0,-4.1924,0.0,1.0,1.0,0.0,-2.0,0.0,2.0081,1.0,0.0,0.0,10.0,49.5,8.0,44.0
2015_08_MIA_NE,2015,8,NE,MIA,6.1789,54.8116,70.0657,67.1969,137.2625,1.0,0.0,10.49,0.0,0.0,0.0,0.0,3.3858,1.0,1.0,1.0,6.1789,0.0,0.0,1.2258,0.0,0.0,0.0,8.0,51.0,29.0,43.0
2015_08_DET_KC,2015,8,KC,DET,3.3357,45.858,63.3687,68.0286,131.3973,0.0,0.0,3.0779,0.0,0.0,0.0,0.0,-4.1128,0.0,0.0,0.0,0.0,0.0,0.0,0.0,0.0,0.0,0.0,3.0,45.0,35.0,55.0
2015_08_TB_ATL,2015,8,ATL,TB,5.1627,46.4015,69.1191,64.1908,133.3098,1.0,0.0,7.4304,0.0,0.0,0.0,0.0,2.6034,1.0,0.0,0.0,5.1627,0.0,0.0,0.4149,1.0,0.0,0.0,8.0,47.5,-3.0,43.0
2015_08_SD_BAL,2015,8,BAL,SD,-3.073,47.7223,68.458,67.3338,135.7918,1.0,-0.12,1.4757,0.0,7.3969,-7.3969,7.3969,3.0444,0.0,0.0,0.0,-0.0,3.0,1.0,2.2874,0.0,0.0,0.0,4.5,50.0,3.0,55.0
2015_08_MIN_CHI,2015,8,CHI,MIN,-6.5143,47.3766,66.3103,63.0488,129.3591,1.0,0.84,-6.2328,0.0,0.0,0.0,0.0,0.7998,1.0,0.0,0.0,-6.5143,0.0,0.0,0.3553,0.0,1.0,0.0,-1.0,43.5,-3.0,43.0
2015_08_ARI_CLE,2015,8,CLE,ARI,-8.5401,44.9831,67.7225,64.5012,132.2237,1.0,0.12,-9.1711,0.0,0.0,0.0,0.0,-2.2997,0.0,0.0,0.0,-0.0,2.0,1.0,1.7527,0.0,11.0,0.0,-7.0,46.0,-14.0,54.0
2015_08_TEN_HOU,2015,8,HOU,TEN,2.2501,40.4853,71.0657,65.7399,136.8056,1.0,0.0,4.8443,0.0,-2.9776,2.9776,-2.9776,5.3421,1.0,0.0,0.0,2.2501,0.0,0.0,0.6715,1.0,0.0,0.0,3.5,43.0,14.0,26.0
2015_08_NYG_NO,2015,8,NO,NYG,-1.0664,52.628,73.2373,66.8772,140.1146,1.0,0.0,-0.8613,0.0,0.0,0.0,0.0,-1.474,0.0,0.0,0.0,-0.0,-1.0,0.0,1.1699,1.0,0.0,0.0,3.0,51.5,3.0,101.0
2015_08_CIN_PIT,2015,8,PIT,CIN,-1.5399,50.0757,63.0196,65.7479,128.7676,1.0,-0.84,-2.2259,0.0,0.0,0.0,0.0,-2.1251,1.0,0.0,0.0,-1.5399,0.0,0.0,0.2566,0.0,1.0,0.0,1.0,49.0,-6.0,26.0
2015_08_SF_STL,2015,8,STL,SF,2.0066,47.5229,67.2933,62.6195,129.9128,1.0,-0.36,-0.0724,1.4254,0.0,1.4254,1.4254,1.4367,1.0,0.0,0.0,2.0066,2.0,0.0,1.7235,1.0,0.0,0.0,8.0,41.0,21.0,33.0
2015_08_NYJ_OAK,2015,8,OAK,NYJ,-2.7006,44.4108,65.1338,67.8506,132.9844,1.0,0.0,-3.4464,3.4357,0.0,3.4357,3.4357,-2.4167,0.0,0.0,0.0,-0.0,-3.0,0.0,2.5503,0.0,0.0,0.0,-3.0,43.5,14.0,54.0
2015_08_SEA_DAL,2015,8,DAL,SEA,-4.8988,47.5969,62.381,61.7219,124.1029,1.0,-0.36,-5.0011,-7.3666,0.0,-7.3666,-7.3666,2.4861,0.0,0.0,0.0,-0.0,2.0,0.0,1.6688,1.0,0.0,0.0,-4.5,41.5,-1.0,25.0
2015_08_GB_DEN,2015,8,DEN,GB,-4.5643,39.2203,68.5479,66.1693,134.7172,1.0,0.0,-0.6074,0.0,0.0,0.0,0.0,0.1652,0.0,1.0,1.0,-0.0,-1.0,0.0,0.927,0.0,0.0,0.0,-2.5,46.0,19.0,39.0
2015_08_IND_CAR,2015,8,CAR,IND,6.6325,43.8192,69.9119,69.6359,139.5477,1.0,0.0,4.3209,0.0,0.0,0.0,0.0,3.1168,0.0,1.0,1.0,0.0,0.0,0.0,0.4276,0.0,0.0,0.0,5.0,44.5,3.0,55.0
2015_09_CLE_CIN,2015,9,CIN,CLE,8.8899,47.1694,68.165,69.6944,137.8594,1.0,0.0,12.0466,0.0,-1.7312,1.7312,-1.7312,6.0746,1.0,1.0,1.0,8.8899,0.0,0.0,0.2231,0.0,0.0,0.0,13.0,45.5,21.0,41.0
2015_09_MIA_BUF,2015,9,BUF,MIA,-0.6429,42.8677,68.8146,66.3333,135.1479,1.0,0.48,0.9155,0.0,0.0,0.0,0.0,2.2017,1.0,0.0,0.0,-0.6429,0.0,0.0,1.1648,0.0,0.0,0.0,4.0,44.0,16.0,50.0
2015_09_GB_CAR,2015,9,CAR,GB,-1.2274,46.1548,68.3845,67.1879,135.5724,1.0,-0.12,-1.3549,0.0,0.0,0.0,0.0,-1.2832,0.0,0.0,0.0,-0.0,1.0,0.0,0.7456,0.0,0.0,0.0,-2.0,45.5,8.0,66.0
2015_09_STL_MIN,2015,9,MIN,STL,1.4944,46.1142,64.7455,64.8046,129.5501,1.0,0.0,2.2399,0.0,1.3072,-1.3072,1.3072,0.6387,0.0,0.0,0.0,0.0,0.0,0.0,0.4657,0.0,4.0,0.0,2.0,40.0,3.0,39.0
2015_09_WAS_NE,2015,9,NE,WAS,10.402,51.5434,65.8003,68.7889,134.5892,1.0,-0.48,15.4048,0.0,0.0,0.0,0.0,0.5379,0.0,0.0,0.0,0.0,0.0,0.0,0.3672,0.0,2.0,0.0,13.5,51.5,17.0,37.0
2015_09_TEN_NO,2015,9,NO,TEN,6.1161,47.5505,69.0823,65.1947,134.277,1.0,0.0,8.4179,0.0,0.0,0.0,0.0,4.6223,0.0,0.0,0.0,0.0,0.0,0.0,0.4702,1.0,0.0,0.0,7.0,50.0,-6.0,62.0
2015_09_JAX_NYJ,2015,9,NYJ,JAX,5.1255,45.4788,70.9335,65.1227,136.0562,1.0,-0.84,5.694,0.0,0.0,0.0,0.0,2.9444,0.0,0.0,0.0,0.0,0.0,0.0,0.8394,0.0,0.0,0.0,7.5,42.0,5.0,51.0
2015_09_OAK_PIT,2015,9,PIT,OAK,2.4337,44.0717,63.762,66.3374,130.0994,1.0,0.0,5.1374,0.0,4.1827,-4.1827,4.1827,1.1071,0.0,0.0,0.0,0.0,3.0,1.0,2.2482,0.0,0.0,0.0,6.0,47.5,3.0,73.0
2015_09_ATL_SF,2015,9,SF,ATL,-2.9547,46.3718,61.9932,71.0804,133.0736,1.0,0.0,-2.7952,-0.6611,0.0,-0.6611,-0.6611,-2.0333,0.0,0.0,0.0,-0.0,-3.0,0.0,2.1123,0.0,0.0,0.0,-9.5,43.5,1.0,33.0
2015_09_NYG_TB,2015,9,TB,NYG,-1.5407,51.6435,68.9761,67.7597,136.7358,1.0,0.0,-5.3621,0.0,0.0,0.0,0.0,-2.5071,0.0,0.0,0.0,-0.0,0.0,0.0,1.0076,0.0,0.0,0.0,-1.5,49.0,-14.0,50.0
2015_09_DEN_IND,2015,9,IND,DEN,-8.0686,36.1816,68.7379,71.0694,139.8072,1.0,-0.12,-7.8907,0.0,0.0,0.0,0.0,-5.6178,0.0,0.0,0.0,-0.0,2.0,0.0,0.9998,0.0,0.0,0.0,-3.5,45.0,3.0,51.0
2015_09_PHI_DAL,2015,9,DAL,PHI,-0.7384,42.6976,68.6144,67.134,135.7484,1.0,-0.84,-1.3133,-7.4947,0.0,-7.4947,-7.4947,0.266,1.0,1.0,1.0,-0.7384,-1.0,0.0,1.3126,1.0,0.0,0.0,-3.0,43.5,-6.0,60.0
2015_09_CHI_SD,2015,9,SD,CHI,3.9827,47.4329,63.899,67.3433,131.2423,1.0,0.0,2.4691,7.9046,0.0,7.9046,7.9046,0.1059,0.0,1.0,1.0,0.0,-2.0,0.0,1.7277,0.0,0.0,0.0,3.5,49.0,-3.0,41.0
2015_10_BUF_NYJ,2015,10,NYJ,BUF,2.2244,44.7778,68.509,62.9743,131.4832,1.0,0.0,-1.7027,0.0,0.0,0.0,0.0,3.6434,1.0,1.0,1.0,2.2244,0.0,0.0,0.2779,0.0,6.0,0.0,2.5,41.5,-5.0,39.0
2015_10_JAX_BAL,2015,10,BAL,JAX,0.0299,47.0388,70.1829,67.4625,137.6454,1.0,0.84,7.1939,0.0,0.0,0.0,0.0,5.2142,0.0,0.0,0.0,0.0,0.0,0.0,0.6807,0.0,0.0,0.0,4.0,47.0,-2.0,42.0
2015_10_DET_GB,2015,10,GB,DET,9.1725,49.55,63.8699,68.1256,131.9956,1.0,-0.84,9.2453,0.0,0.0,0.0,0.0,-1.1008,1.0,0.0,0.0,9.1725,-1.0,0.0,0.2927,0.0,0.0,0.0,10.5,50.0,-2.0,34.0
2015_10_MIA_PHI,2015,10,PHI,MIA,4.3518,44.3138,71.6564,69.7168,141.3732,1.0,0.0,4.4497,0.0,0.0,0.0,0.0,1.8698,0.0,0.0,0.0,0.0,0.0,0.0,1.0068,0.0,3.0,0.0,5.5,49.0,-1.0,39.0
2015_10_CLE_PIT,2015,10,PIT,CLE,7.184,45.291,66.9879,66.8481,133.836,1.0,-0.36,8.8913,-4.9227,-1.7299,-3.1928,-6.6527,4.2705,1.0,0.0,0.0,7.184,0.0,0.0,0.1143,0.0,2.0,0.0,7.0,43.5,21.0,39.0
2015_10_CHI_STL,2015,10,STL,CHI,2.7359,46.9109,64.688,67.4628,132.1508,1.0,0.12,3.6387,1.0559,0.0,1.0559,1.0559,-0.2027,0.0,0.0,0.0,0.0,0.0,0.0,0.2611,1.0,0.0,0.0,7.5,42.0,-24.0,50.0
2015_10_DAL_TB,2015,10,TB,DAL,-1.0403,48.325,63.2604,67.7572,131.0176,1.0,0.0,-5.7037,0.0,0.0,0.0,0.0,-3.0704,0.0,0.0,0.0,-0.0,1.0,0.0,0.9293,0.0,3.0,0.0,-1.0,43.5,4.0,16.0
2015_10_CAR_TEN,2015,10,TEN,CAR,-11.0428,37.2528,68.9123,65.995,134.9072,1.0,0.0,-13.0077,0.0,0.0,0.0,0.0,-5.3015,0.0,0.0,0.0,-0.0,-1.0,0.0,0.3384,0.0,0.0,0.0,-3.5,42.5,-17.0,37.0
2015_10_NO_WAS,2015,10,WAS,NO,-4.5192,53.8067,67.7489,70.3954,138.1443,1.0,0.0,-4.4753,0.0,0.0,0.0,0.0,0.3193,0.0,0.0,0.0,-0.0,1.0,0.0,0.9731,0.0,0.0,0.0,-1.0,52.0,33.0,61.0
2015_10_MIN_OAK,2015,10,OAK,MIN,-1.5723,45.7742,65.5548,65.3618,130.9166,1.0,0.0,-5.037,4.5026,0.0,4.5026,4.5026,-0.8905,0.0,0.0,0.0,-0.0,-2.0,0.0,1.5719,0.0,21.0,0.0,3.0,44.0,-16.0,44.0
2015_10_KC_DEN,2015,10,DEN,KC,2.2573,39.5791,65.203,65.2685,130.4715,1.0,-0.84,5.7185,0.0,0.0,0.0,0.0,5.3558,1.0,0.0,0.0,2.2573,-1.0,0.0,0.5643,0.0,0.0,0.0,4.0,42.0,-16.0,42.0
2015_10_NE_NYG,2015,10,NYG,NE,-7.9034,52.8153,67.7019,71.4792,139.1812,1.0,0.0,-9.5237,0.0,0.0,0.0,0.0,0.3777,0.0,0.0,0.0,-0.0,0.0,0.0,0.1702,0.0,0.0,0.0,-7.0,52.5,-1.0,53.0
2015_10_ARI_SEA,2015,10,SEA,ARI,0.0578,44.3123,63.0475,61.0613,124.1089,1.0,0.0,1.149,0.0,0.0,0.0,0.0,-2.2114,1.0,1.0,1.0,0.0578,-1.0,0.0,1.1043,0.0,0.0,0.0,3.0,43.5,-7.0,71.0
2015_10_HOU_CIN,2015,10,CIN,HOU,7.2346,45.6907,65.8661,71.7161,137.5822,1.0,-0.48,9.0109,0.0,0.0,0.0,0.0,0.0839,0.0,1.0,1.0,0.0,1.0,0.0,0.8979,0.0,0.0,0.0,10.0,46.5,-4.0,16.0
2015_11_TEN_JAX,2015,11,JAX,TEN,2.3421,41.3022,66.4078,64.8807,131.2884,1.0,0.0,0.7288,0.0,0.0,0.0,0.0,-0.4971,1.0,1.0,1.0,2.3421,1.0,0.0,0.5008,0.0,0.0,0.0,3.0,41.5,6.0,32.0
2015_11_IND_ATL,2015,11,ATL,IND,0.834,45.7833,72.1741,68.4549,140.629,1.0,0.0,-0.6432,0.0,-1.313,1.313,-1.313,1.6591,0.0,0.0,0.0,0.0,0.0,0.0,0.4262,1.0,0.0,0.0,3.5,47.5,-3.0,45.0
2015_11_STL_BAL,2015,11,BAL,STL,-3.4686,48.0183,68.3546,67.7635,136.1181,1.0,0.0,1.4929,0.0,2.3639,-2.3639,2.3639,3.6874,0.0,0.0,0.0,-0.0,1.0,0.0,0.7296,0.0,4.0,0.0,3.0,41.0,3.0,29.0
2015_11_WAS_CAR,2015,11,CAR,WAS,8.2124,42.7707,65.3169,68.0571,133.374,1.0,0.0,10.0132,0.0,0.0,0.0,0.0,2.6397,0.0,0.0,0.0,0.0,0.0,0.0,0.3362,0.0,0.0,0.0,7.0,44.0,28.0,60.0
2015_11_DEN_CHI,2015,11,CHI,DEN,-1.3199,39.4355,67.5949,64.012,131.607,1.0,0.0,-8.2887,0.0,-1.5994,1.5994,-1.5994,-2.2683,0.0,0.0,0.0,-0.0,1.0,0.0,0.9203,0.0,0.0,16.0,-2.5,41.5,-2.0,32.0
2015_11_OAK_DET,2015,11,DET,OAK,-4.7633,45.0103,67.1676,67.4296,134.5973,1.0,0.0,0.3852,0.0,4.4081,-4.4081,4.4081,0.9961,0.0,0.0,0.0,-0.0,3.0,1.0,2.0766,1.0,0.0,0.0,-2.0,50.0,5.0,31.0
2015_11_NYJ_HOU,2015,11,HOU,NYJ,-0.918,40.2515,68.9272,66.7872,135.7144,1.0,-0.48,0.3591,-1.4785,0.0,-1.4785,-1.4785,-1.2744,0.0,0.0,0.0,-0.0,-1.0,0.0,1.4226,1.0,0.0,0.0,-4.0,40.0,7.0,41.0
2015_11_DAL_MIA,2015,11,MIA,DAL,-0.573,51.136,64.0295,68.8871,132.9166,1.0,0.0,-0.3954,0.0,6.8784,-6.8784,6.8784,-2.7009,0.0,0.0,0.0,-0.0,1.0,0.0,1.1165,0.0,0.0,0.0,-2.5,45.0,-10.0,38.0
2015_11_TB_PHI,2015,11,PHI,TB,1.9052,40.4443,72.6587,69.2704,141.9291,1.0,0.0,7.4433,1.8833,0.0,1.8833,1.8833,1.4107,0.0,0.0,0.0,0.0,0.0,0.0,0.9242,0.0,5.0,0.0,7.0,46.0,-28.0,62.0
2015_11_KC_SD,2015,11,SD,KC,-3.1011,44.1349,66.6237,64.9943,131.618,1.0,0.72,-6.2184,7.7465,0.0,7.7465,7.7465,1.2289,1.0,0.0,0.0,-3.1011,-2.0,0.0,1.3344,0.0,0.0,0.0,-3.0,45.5,-30.0,36.0
2015_11_GB_MIN,2015,11,MIN,GB,0.3038,49.435,65.5768,65.3916,130.9685,1.0,0.0,-1.6474,0.0,0.0,0.0,0.0,-0.347,1.0,0.0,0.0,0.3038,0.0,0.0,0.257,0.0,0.0,15.0,-1.0,45.0,-17.0,43.0
2015_11_SF_SEA,2015,11,SEA,SF,6.0718,44.5295,63.9641,61.4265,125.3906,1.0,-0.84,6.8224,0.0,0.3965,-0.3965,0.3965,-1.0965,1.0,0.0,0.0,6.0718,0.0,0.0,0.7045,0.0,0.0,0.0,14.0,40.0,16.0,42.0
2015_11_CIN_ARI,2015,11,ARI,CIN,1.5778,47.9461,66.1048,63.8825,129.9873,1.0,0.12,-0.2267,0.0,0.0,0.0,0.0,-3.8418,0.0,1.0,1.0,0.0,-2.0,0.0,1.5853,1.0,0.0,0.0,4.0,48.0,3.0,65.0
2015_11_BUF_NE,2015,11,NE,BUF,6.9771,46.4318,69.1041,65.724,134.8281,1.0,-0.36,8.9515,0.0,0.0,0.0,0.0,2.9333,1.0,1.0,1.0,6.9771,0.0,0.0,0.3864,0.0,0.0,16.0,7.0,47.5,7.0,33.0
2015_12_PHI_DET,2015,12,DET,PHI,-3.0097,43.7532,70.9073,71.893,142.8003,1.0,0.0,-2.6524,0.0,1.1616,-1.1616,1.1616,1.5051,0.0,0.0,0.0,-0.0,0.0,0.0,0.4431,1.0,0.0,0.0,3.0,46.5,31.0,59.0
2015_12_CAR_DAL,2015,12,DAL,CAR,-7.491,43.3157,65.8819,64.7877,130.6695,1.0,0.0,-6.7951,6.8225,0.0,6.8225,6.8225,-1.4044,0.0,0.0,0.0,-0.0,-1.0,0.0,0.945,1.0,0.0,0.0,-1.0,44.5,-19.0,47.0
2015_12_CHI_GB,2015,12,GB,CHI,4.2631,50.7219,65.6864,66.8313,132.5177,1.0,0.0,8.8532,0.0,0.0,0.0,0.0,-0.1002,1.0,1.0,1.0,4.2631,0.0,0.0,0.1837,0.0,9.0,6.0,7.5,45.0,-4.0,30.0
2015_12_MIN_ATL,2015,12,ATL,MIN,-1.9119,44.6079,69.8301,63.6017,133.4318,1.0,0.0,-2.483,0.0,0.0,0.0,0.0,1.5252,0.0,0.0,0.0,-0.0,1.0,0.0,0.9069,1.0,0.0,0.0,2.0,45.0,-10.0,30.0
2015_12_STL_CIN,2015,12,CIN,STL,3.6393,48.4578,67.0225,65.2902,132.3127,1.0,0.0,8.0002,0.0,0.4455,-0.4455,0.4455,3.0401,0.0,0.0,0.0,0.0,1.0,0.0,0.3068,0.0,0.0,4.0,10.5,42.0,24.0,38.0
2015_12_NO_HOU,2015,12,HOU,NO,3.0444,51.8138,71.486,70.001,141.4871,1.0,-0.84,1.9893,0.0,0.0,0.0,0.0,2.7619,0.0,0.0,0.0,0.0,0.0,0.0,0.32,1.0,0.0,0.0,3.5,50.5,18.0,30.0
2015_12_TB_IND,2015,12,IND,TB,-2.9184,45.5749,69.3037,69.4508,138.7545,1.0,0.0,4.8346,-1.3879,0.0,-1.3879,-1.3879,0.4599,0.0,0.0,0.0,-0.0,0.0,0.0,0.8407,1.0,0.0,0.0,3.0,46.5,13.0,37.0
2015_12_SD_JAX,2015,12,JAX,SD,-3.3628,43.1713,67.0785,68.3709,135.4494,1.0,0.36,-2.0568,0.0,7.1768,-7.1768,7.1768,-2.9223,0.0,0.0,0.0,-0.0,3.0,1.0,2.0865,0.0,0.0,0.0,5.0,47.0,-6.0,56.0
2015_12_BUF_KC,2015,12,KC,BUF,5.5142,40.4838,64.8525,64.5147,129.3671,1.0,0.12,2.7774,0.0,0.0,0.0,0.0,-0.5079,0.0,0.0,0.0,0.0,-1.0,0.0,0.8576,0.0,0.0,10.0,4.5,41.0,8.0,52.0
2015_12_MIA_NYJ,2015,12,NYJ,MIA,2.0113,45.5614,70.2539,63.1378,133.3917,1.0,0.0,0.2738,0.0,0.0,0.0,0.0,4.9802,1.0,0.0,0.0,2.0113,0.0,0.0,1.0856,0.0,0.0,0.0,4.5,44.0,18.0,58.0
2015_12_OAK_TEN,2015,12,TEN,OAK,-4.3266,42.9853,63.9718,65.0717,129.0435,1.0,0.36,-4.0199,0.0,4.4438,-4.4438,4.4438,-1.6433,0.0,0.0,0.0,-0.0,2.0,0.0,1.9476,0.0,0.0,0.0,-1.0,45.0,-3.0,45.0
2015_12_NYG_WAS,2015,12,WAS,NYG,-4.8681,50.3039,67.0382,67.6084,134.6466,1.0,-0.84,-4.7986,0.0,0.0,0.0,0.0,-3.7997,1.0,0.0,0.0,-4.8681,0.0,0.0,0.1981,0.0,0.0,0.0,-1.0,47.5,6.0,34.0
2015_12_ARI_SF,2015,12,SF,ARI,-10.1549,49.2355,61.2025,66.8861,128.0887,1.0,0.0,-8.5682,0.7321,0.0,0.7321,0.7321,-0.1511,1.0,0.0,0.0,-10.1549,-1.0,0.0,0.608,0.0,0.0,0.0,-7.5,45.0,-6.0,32.0
2015_12_PIT_SEA,2015,12,SEA,PIT,2.2835,45.2772,65.0821,62.7344,127.8165,1.0,-0.84,1.807,0.0,0.0,0.0,0.0,-3.2497,0.0,0.0,0.0,0.0,-3.0,0.0,2.1317,0.0,0.0,7.0,3.0,46.5,9.0,69.0
2015_12_NE_DEN,2015,12,DEN,NE,-3.7606,42.2667,67.4457,69.0509,136.4967,1.0,0.12,-4.7531,-0.6033,0.0,-0.6033,-0.6033,2.4308,0.0,1.0,1.0,-0.0,-2.0,0.0,1.7585,0.0,0.0,22.0,-2.5,43.0,6.0,54.0
2015_12_BAL_CLE,2015,12,CLE,BAL,-1.7632,47.0965,67.6516,69.9674,137.6191,1.0,0.84,-5.8666,0.0,-4.4239,4.4239,-4.4239,-6.5235,1.0,1.0,1.0,-1.7632,0.0,0.0,0.3083,0.0,0.0,0.0,6.0,41.0,-6.0,60.0
2015_13_GB_DET,2015,13,DET,GB,-4.755,47.6558,67.929,66.87,134.799,1.0,0.0,-6.0869,0.0,0.0,0.0,0.0,1.1592,1.0,1.0,1.0,-4.755,1.0,0.0,0.2927,1.0,0.0,0.0,-2.5,46.0,-4.0,50.0
2015_13_HOU_BUF,2015,13,BUF,HOU,-3.748,41.5728,65.0298,69.9897,135.0194,1.0,0.0,0.3706,0.0,0.0,0.0,0.0,-3.4562,0.0,0.0,0.0,-0.0,1.0,0.0,1.2902,0.0,0.0,0.0,3.0,42.0,9.0,51.0
2015_13_SF_CHI,2015,13,CHI,SF,5.2647,46.899,68.1161,61.1019,129.218,1.0,0.36,0.9985,0.0,1.0328,-1.0328,1.0328,0.4248,0.0,0.0,0.0,0.0,2.0,0.0,1.8413,0.0,0.0,0.0,6.0,43.0,-6.0,46.0
2015_13_CIN_CLE,2015,13,CLE,CIN,-9.8673,49.3218,66.563,66.2561,132.8191,1.0,-0.12,-12.5246,-1.2692,0.0,-1.2692,-1.2692,-8.2199,1.0,0.0,0.0,-9.8673,0.0,0.0,0.2231,0.0,2.0,0.0,-7.5,44.0,-34.0,40.0
2015_13_BAL_MIA,2015,13,MIA,BAL,-0.7434,46.5544,65.408,71.6888,137.0968,1.0,0.12,-3.8128,0.0,-3.855,3.855,-3.855,-5.448,0.0,0.0,0.0,-0.0,0.0,0.0,0.9439,0.0,11.0,0.0,3.5,43.0,2.0,28.0
2015_13_SEA_MIN,2015,13,MIN,SEA,-3.0678,49.0059,63.8026,63.5567,127.3593,1.0,0.0,-2.9831,0.0,0.0,0.0,0.0,2.0922,0.0,0.0,0.0,-0.0,2.0,0.0,1.3918,0.0,0.0,8.0,-2.5,43.0,-31.0,45.0
2015_13_NYJ_NYG,2015,13,NYG,NYJ,-1.8219,45.6462,67.6345,69.7837,137.4182,1.0,0.0,1.0853,0.0,0.0,0.0,0.0,-2.2265,0.0,0.0,0.0,-0.0,0.0,0.0,0.0,0.0,0.0,0.0,-2.0,45.5,-3.0,43.0
2015_13_ARI_STL,2015,13,STL,ARI,-6.4766,47.1473,64.9286,67.3338,132.2625,1.0,0.0,-9.6112,0.0894,0.0,0.0894,0.0894,1.6953,1.0,0.0,0.0,-6.4766,1.0,0.0,1.2786,1.0,0.0,0.0,-3.5,43.0,-24.0,30.0
2015_13_ATL_TB,2015,13,TB,ATL,2.7243,45.7302,65.6288,70.307,135.9358,1.0,0.0,-2.6878,0.0,0.0,0.0,0.0,-2.8361,1.0,0.0,0.0,2.7243,0.0,0.0,0.4149,0.0,8.0,0.0,1.0,46.5,4.0,42.0
2015_13_JAX_TEN,2015,13,TEN,JAX,-1.0626,40.7718,65.5475,66.0293,131.5768,1.0,0.0,-1.6914,0.0,0.0,0.0,0.0,0.3575,1.0,0.0,0.0,-1.0626,-1.0,0.0,0.5008,0.0,0.0,0.0,3.0,43.5,3.0,81.0
2015_13_KC_OAK,2015,13,OAK,KC,-5.2354,45.1654,66.3957,64.582,130.9777,1.0,0.0,-8.1575,5.0175,0.0,5.0175,5.0175,0.5732,1.0,0.0,0.0,-5.2354,-2.0,0.0,1.4978,0.0,0.0,0.0,-3.0,45.5,-14.0,54.0
2015_13_DEN_SD,2015,13,SD,DEN,-3.5675,39.1186,66.9379,67.5499,134.4878,1.0,0.0,-10.1167,7.62,-1.1673,8.7873,6.4528,-2.5536,1.0,0.0,0.0,-3.5675,-1.0,0.0,0.8269,0.0,0.0,0.0,-6.0,45.0,-14.0,20.0
2015_13_PHI_NE,2015,13,NE,PHI,9.265,49.0536,72.2275,73.4761,145.7036,1.0,-0.36,11.0441,0.0,0.0,0.0,0.0,1.4786,0.0,0.0,0.0,0.0,0.0,0.0,0.2536,0.0,0.0,0.0,9.5,49.5,-7.0,63.0
2015_13_CAR_NO,2015,13,NO,CAR,-12.7346,48.7683,67.9481,68.5136,136.4617,1.0,-0.36,-10.7765,0.0,0.0,0.0,0.0,-3.0145,1.0,0.0,0.0,-12.7346,-1.0,0.0,0.6487,1.0,0.0,0.0,-5.5,50.5,-3.0,79.0
2015_13_IND_PIT,2015,13,PIT,IND,3.9351,46.9195,68.8486,68.6186,137.4672,1.0,0.0,0.8275,0.0,-0.5663,0.5663,-0.5663,3.758,0.0,1.0,1.0,0.0,0.0,0.0,0.3283,0.0,0.0,8.0,10.0,50.5,35.0,55.0
2015_13_DAL_WAS,2015,13,WAS,DAL,-0.6246,45.0642,62.3352,64.7606,127.0957,1.0,-0.36,-2.3232,0.0,0.0,0.0,0.0,-1.8614,1.0,1.0,1.0,-0.6246,1.0,0.0,1.2074,0.0,0.0,4.0,2.0,43.0,-3.0,35.0
2015_14_MIN_ARI,2015,14,ARI,MIN,7.8797,49.5464,67.4305,60.9252,128.3557,1.0,0.0,5.2895,0.0,0.0,0.0,0.0,-0.4458,0.0,1.0,1.0,0.0,-1.0,0.0,1.2828,0.0,0.0,0.0,10.0,46.5,3.0,43.0
2015_14_SEA_BAL,2015,14,BAL,SEA,-12.8856,45.9653,66.2077,63.3735,129.5812,1.0,0.0,-7.5093,-5.641,0.0,-5.641,-5.641,5.2189,0.0,0.0,0.0,-0.0,3.0,1.0,2.3283,0.0,0.0,0.0,-10.5,42.0,-29.0,41.0
2015_14_ATL_CAR,2015,14,CAR,ATL,11.197,40.3993,67.8747,67.9998,135.8745,1.0,0.0,9.5182,0.0,0.0,0.0,0.0,2.129,1.0,0.0,0.0,11.197,0.0,0.0,0.2261,0.0,0.0,0.0,8.5,45.5,38.0,38.0
2015_14_WAS_CHI,2015,14,CHI,WAS,2.9454,43.0635,66.5151,64.1365,130.6516,1.0,0.12,0.9887,0.0,0.0,0.0,0.0,3.2512,0.0,0.0,0.0,0.0,-1.0,0.0,0.6011,0.0,2.0,0.0,4.0,42.5,-3.0,45.0
2015_14_PIT_CIN,2015,14,CIN,PIT,1.6295,50.4026,64.1601,65.9545,130.1147,1.0,0.0,2.2671,0.0,0.0,0.0,0.0,1.9499,1.0,0.0,0.0,1.6295,0.0,0.0,0.2566,0.0,0.0,0.0,1.0,49.0,-13.0,53.0
2015_14_SF_CLE,2015,14,CLE,SF,-4.1969,46.791,69.6079,61.0259,130.6337,1.0,0.0,-5.1916,-1.6841,1.1533,-2.8374,-0.5308,-4.1602,0.0,0.0,0.0,-0.0,3.0,1.0,2.1476,0.0,1.0,0.0,2.5,43.0,14.0,34.0
2015_14_IND_JAX,2015,14,JAX,IND,-2.15,45.0577,69.1755,70.1567,139.3323,1.0,0.0,-8.2095,0.0,-1.5956,1.5956,-1.5956,1.2052,1.0,0.0,0.0,-2.15,0.0,0.0,0.7002,0.0,0.0,0.0,1.0,45.5,35.0,67.0
2015_14_SD_KC,2015,14,KC,SD,5.714,43.5367,63.1476,67.4759,130.6235,1.0,0.0,8.8379,0.0,6.9732,-6.9732,6.9732,-0.701,1.0,0.0,0.0,5.714,2.0,0.0,1.3344,0.0,4.0,0.0,11.5,42.0,7.0,13.0
2015_14_TEN_NYJ,2015,14,NYJ,TEN,5.0898,43.3764,66.342,63.7481,130.09,1.0,0.0,7.2366,0.0,0.0,0.0,0.0,5.0559,0.0,0.0,0.0,0.0,1.0,0.0,0.7571,0.0,0.0,0.0,8.0,43.0,22.0,38.0
2015_14_BUF_PHI,2015,14,PHI,BUF,-2.065,46.4149,70.5194,70.4708,140.9901,1.0,0.0,-1.4182,0.0,0.0,0.0,0.0,-0.3655,0.0,0.0,0.0,-0.0,0.0,0.0,0.2732,0.0,0.0,0.0,1.0,48.0,3.0,43.0
2015_14_DET_STL,2015,14,STL,DET,1.3655,46.4905,65.2992,67.5167,132.8159,1.0,-0.36,-2.2952,1.9772,0.0,1.9772,1.9772,-2.5225,0.0,0.0,0.0,0.0,-1.0,0.0,0.4542,1.0,0.0,0.0,-3.0,41.5,7.0,35.0
2015_14_NO_TB,2015,14,TB,NO,4.7256,57.592,68.4997,68.5542,137.054,1.0,0.0,0.3649,0.0,0.0,0.0,0.0,-1.2742,1.0,0.0,0.0,4.7256,1.0,0.0,0.4779,0.0,5.0,0.0,6.0,52.0,-7.0,41.0
2015_14_OAK_DEN,2015,14,DEN,OAK,4.1082,38.7832,67.5232,66.8158,134.339,1.0,0.0,11.4626,-1.3471,4.1805,-5.5276,2.8334,3.201,1.0,0.0,0.0,4.1082,1.0,0.0,0.9345,0.0,0.0,0.0,6.0,43.0,-3.0,27.0
2015_14_DAL_GB,2015,14,GB,DAL,4.0707,46.7211,65.4659,64.5882,130.054,1.0,0.48,5.9098,0.0,0.0,0.0,0.0,-1.9869,0.0,0.0,0.0,0.0,0.0,0.0,0.9459,0.0,0.0,0.0,6.0,43.0,21.0,35.0
2015_14_NE_HOU,2015,14,HOU,NE,-2.167,43.9942,72.1313,68.7248,140.856,1.0,0.0,-9.0411,0.0,0.0,0.0,0.0,3.1004,0.0,1.0,1.0,-0.0,-1.0,0.0,1.5919,1.0,0.0,0.0,-4.0,46.0,-21.0,33.0
2015_14_NYG_MIA,2015,14,MIA,NYG,-2.9031,47.7201,66.4532,72.4627,138.9158,1.0,0.0,-2.2193,0.0,0.0,0.0,0.0,-2.0063,0.0,1.0,1.0,-0.0,0.0,0.0,1.0856,0.0,0.0,0.0,-2.5,47.5,-7.0,55.0
2015_15_TB_STL,2015,15,STL,TB,0.1029,48.8362,68.3301,65.8453,134.1753,1.0,0.0,1.3744,1.7301,0.0,1.7301,1.7301,2.679,0.0,1.0,1.0,0.0,-1.0,0.0,0.859,1.0,0.0,0.0,1.0,41.0,8.0,54.0
2015_15_NYJ_DAL,2015,15,DAL,NYJ,-5.004,42.2151,62.6554,67.9263,130.5817,1.0,0.0,-0.744,0.0,0.0,0.0,0.0,-2.7085,0.0,1.0,1.0,-0.0,-1.0,0.0,1.3851,1.0,0.0,0.0,-3.0,41.0,-3.0,35.0
2015_15_KC_BAL,2015,15,BAL,KC,-12.0917,41.6045,68.5914,61.4786,130.07,1.0,0.0,-6.4709,-5.8191,0.0,-5.8191,-5.8191,2.217,0.0,0.0,0.0,-0.0,1.0,0.0,0.9555,0.0,0.0,4.0,-6.5,41.0,-20.0,48.0
2015_15_HOU_IND,2015,15,IND,HOU,-4.125,38.9937,67.1101,71.54,138.6501,1.0,0.0,0.0168,-2.384,-0.9916,-1.3924,-3.3755,-3.3818,1.0,0.0,0.0,-4.125,1.0,0.0,0.8709,1.0,0.0,0.0,2.5,42.0,-6.0,26.0
2015_15_ATL_JAX,2015,15,JAX,ATL,1.0464,43.8028,65.282,71.4816,136.7636,1.0,0.0,-3.0537,0.0,0.0,0.0,0.0,-1.2898,0.0,0.0,0.0,0.0,0.0,0.0,0.2871,0.0,0.0,0.0,2.0,47.5,-6.0,40.0
2015_15_CHI_MIN,2015,15,MIN,CHI,0.7294,49.0938,63.8243,65.8769,129.7013,1.0,0.36,4.8762,0.0,0.0,0.0,0.0,-2.4249,1.0,0.0,0.0,0.7294,0.0,0.0,0.3553,0.0,0.0,9.0,4.0,43.5,21.0,55.0
2015_15_TEN_NE,2015,15,NE,TEN,11.5695,46.7345,68.2663,64.0554,132.3217,1.0,0.0,17.5495,0.0,0.0,0.0,0.0,3.0121,0.0,0.0,0.0,0.0,1.0,0.0,0.9246,0.0,2.0,5.0,14.5,48.0,17.0,49.0
2015_15_CAR_NYG,2015,15,NYG,CAR,-11.0581,46.5371,66.2717,71.4026,137.6743,1.0,-0.12,-8.1163,0.0,0.0,0.0,0.0,-2.1302,0.0,0.0,0.0,-0.0,0.0,0.0,0.5337,0.0,0.0,4.0,-4.5,46.5,-3.0,73.0
2015_15_BUF_WAS,2015,15,WAS,BUF,-1.5608,46.8791,66.4943,64.8539,131.3481,1.0,0.0,-3.9588,0.0,0.0,0.0,0.0,-2.4906,0.0,0.0,0.0,-0.0,0.0,0.0,0.2854,0.0,0.0,2.0,-2.5,46.0,10.0,60.0
2015_15_GB_OAK,2015,15,OAK,GB,-3.0456,47.3715,65.5516,69.5379,135.0895,1.0,0.0,-9.4275,3.8634,0.0,3.8634,3.8634,0.1321,0.0,0.0,0.0,-0.0,-2.0,0.0,1.8225,0.0,8.0,0.0,-4.0,47.0,-10.0,50.0
2015_15_CLE_SEA,2015,15,SEA,CLE,14.0006,48.2422,63.3083,64.6826,127.9909,1.0,0.0,13.8166,0.0,-0.9157,0.9157,-0.9157,3.4507,0.0,0.0,0.0,0.0,-3.0,0.0,2.0203,0.0,0.0,0.0,14.5,45.0,17.0,43.0
2015_15_DEN_PIT,2015,15,PIT,DEN,2.0257,39.4057,66.0602,66.6203,132.6805,1.0,0.0,-1.2094,0.0,-2.1711,2.1711,-2.1711,0.4821,0.0,0.0,0.0,0.0,2.0,0.0,1.3181,0.0,0.0,4.0,7.5,45.5,7.0,61.0
2015_15_MIA_SD,2015,15,SD,MIA,5.4724,45.8241,70.467,63.6616,134.1286,1.0,0.12,-0.0626,6.8368,0.0,6.8368,6.8368,1.0475,0.0,0.0,0.0,0.0,-3.0,0.0,2.2585,0.0,1.0,0.0,1.0,46.5,16.0,44.0
2015_15_CIN_SF,2015,15,SF,CIN,-9.2964,47.7875,60.689,67.6334,128.3223,1.0,0.0,-8.2212,0.0684,-5.4154,5.4838,-5.347,-5.7615,0.0,0.0,0.0,-0.0,-3.0,0.0,2.0214,0.0,4.0,0.0,-7.0,41.0,-10.0,38.0
2015_15_ARI_PHI,2015,15,PHI,ARI,-11.8821,48.797,67.5339,73.231,140.7649,1.0,-0.36,-6.8024,0.0,0.0,0.0,0.0,0.3177,0.0,1.0,1.0,-0.0,2.0,0.0,2.0857,0.0,0.0,8.0,-3.5,50.5,-23.0,57.0
2015_15_DET_NO,2015,15,NO,DET,0.229,55.5877,66.6139,68.0785,134.6924,1.0,0.0,-0.4457,0.0,0.0,0.0,0.0,-3.2536,0.0,1.0,1.0,0.0,-1.0,0.0,0.9409,1.0,0.0,0.0,2.5,52.0,-8.0,62.0
2015_16_SD_OAK,2015,16,OAK,SD,0.0,45.5947,66.6158,66.6158,133.2317,1.0,0.0,-0.7631,3.398,7.2523,-3.8544,10.6503,0.0,1.0,1.0,1.0,0.0,0.0,0.0,0.4471,0.0,15.0,0.0,4.0,45.0,3.0,43.0
2015_16_WAS_PHI,2015,16,PHI,WAS,-4.4652,46.733,68.538,69.5116,138.0496,1.0,0.0,1.7709,0.0,0.0,0.0,0.0,-0.4208,1.0,1.0,1.0,-4.4652,0.0,0.0,0.1136,0.0,0.0,0.0,3.5,48.0,-14.0,62.0
2015_16_CAR_ATL,2015,16,ATL,CAR,-13.9456,42.6085,68.8576,67.4158,136.2735,1.0,0.0,-9.997,0.0,0.0,0.0,0.0,-3.1112,1.0,0.0,0.0,-13.9456,0.0,0.0,0.2261,1.0,0.0,0.0,-7.0,45.5,7.0,33.0
2015_16_PIT_BAL,2015,16,BAL,PIT,-13.0631,47.022,66.9608,65.9143,132.8751,1.0,0.0,-7.8983,-3.6427,0.0,-3.6427,-3.6427,-1.1961,1.0,0.0,0.0,-13.0631,0.0,0.0,0.1972,0.0,0.0,0.0,-11.0,47.5,3.0,37.0
2015_16_DAL_BUF,2015,16,BUF,DAL,3.0461,46.4052,65.8955,62.8932,128.7887,1.0,-0.12,1.2998,0.0,1.6124,-1.6124,1.6124,-1.6607,0.0,0.0,0.0,0.0,1.0,0.0,1.2123,0.0,1.0,6.0,6.5,42.0,10.0,22.0
2015_16_SF_DET,2015,16,DET,SF,4.1172,43.0754,68.7456,61.5197,130.2653,1.0,-0.12,2.4376,0.0,0.0,0.0,0.0,2.1745,0.0,0.0,0.0,0.0,3.0,1.0,2.0737,1.0,0.0,0.0,8.5,42.5,15.0,49.0
2015_16_CLE_KC,2015,16,KC,CLE,12.1277,44.3003,60.7415,67.5332,128.2747,1.0,0.0,12.21,0.0,-0.6493,0.6493,-0.6493,1.6374,0.0,0.0,0.0,0.0,-1.0,0.0,0.6943,0.0,6.0,9.0,11.5,42.5,4.0,30.0
2015_16_IND_MIA,2015,16,MIA,IND,-1.8998,42.2691,65.396,71.6725,137.0685,1.0,0.0,-2.9686,0.0,0.0,0.0,0.0,1.3114,0.0,0.0,0.0,-0.0,0.0,0.0,1.0132,0.0,5.0,0.0,2.5,44.0,-6.0,30.0
2015_16_NE_NYJ,2015,16,NYJ,NE,-4.2471,42.1554,68.4867,67.4537,135.9403,1.0,0.12,-8.8452,0.0,0.0,0.0,0.0,2.9375,1.0,0.0,0.0,-4.2471,0.0,0.0,0.1702,0.0,1.0,0.0,-2.5,45.5,6.0,46.0
2015_16_CHI_TB,2015,16,TB,CHI,0.8868,50.8598,66.2104,66.6101,132.8205,1.0,0.36,-0.828,0.0,0.0,0.0,0.0,-4.5742,0.0,0.0,0.0,0.0,1.0,0.0,1.0018,0.0,3.0,0.0,3.0,44.0,-5.0,47.0
2015_16_HOU_TEN,2015,16,TEN,HOU,-7.0655,40.7913,61.7352,68.1349,129.8701,1.0,0.0,-8.3108,-4.8165,-0.9647,-3.8518,-5.7812,-4.0113,1.0,0.0,0.0,-7.0655,0.0,0.0,0.6715,0.0,5.0,0.0,-3.5,39.0,-28.0,40.0
2015_16_JAX_NO,2015,16,NO,JAX,1.662,54.4077,72.3842,65.035,137.4193,1.0,-0.12,2.4837,0.0,0.0,0.0,0.0,0.5121,0.0,0.0,0.0,0.0,-1.0,0.0,0.5051,1.0,0.0,0.0,2.5,52.5,11.0,65.0
2015_16_GB_ARI,2015,16,ARI,GB,5.9196,50.6243,68.4577,67.0176,135.4753,1.0,0.0,1.5597,0.0,0.0,0.0,0.0,-1.0364,0.0,0.0,0.0,0.0,-1.0,0.0,1.4959,1.0,0.0,0.0,6.0,50.0,30.0,46.0
2015_16_STL_SEA,2015,16,SEA,STL,9.8991,49.5876,65.2727,63.0386,128.3113,1.0,-0.36,10.3153,0.0,3.1719,-3.1719,3.1719,-0.3913,1.0,0.0,0.0,9.8991,-2.0,0.0,1.7205,0.0,0.0,8.0,11.0,42.0,-6.0,40.0
2015_16_NYG_MIN,2015,16,MIN,NYG,2.8829,53.7054,67.5622,67.1327,134.6949,1.0,0.0,2.5418,0.0,0.0,0.0,0.0,-1.858,0.0,1.0,1.0,0.0,-1.0,0.0,1.01,0.0,0.0,32.0,7.0,44.5,32.0,66.0
2015_16_CIN_DEN,2015,16,DEN,CIN,-2.6256,37.9091,69.259,64.4639,133.7229,1.0,0.0,0.212,0.0,-4.6548,4.6548,-4.6548,-1.3679,0.0,1.0,1.0,-0.0,-2.0,0.0,1.093,0.0,0.0,29.0,3.5,39.0,3.0,37.0
2015_17_NO_ATL,2015,17,ATL,NO,-0.3199,56.785,66.6279,67.3107,133.9386,1.0,0.0,2.4327,0.0,0.0,0.0,0.0,-0.3867,1.0,0.0,0.0,-0.3199,1.0,0.0,0.4244,1.0,0.0,0.0,6.0,53.5,-3.0,37.0
2015_17_NYJ_BUF,2015,17,BUF,NYJ,-3.8134,46.0553,63.5203,68.1354,131.6557,1.0,0.0,-0.936,0.0,0.0,0.0,0.0,-5.0099,1.0,0.0,0.0,-3.8134,0.0,0.0,0.2779,0.0,11.0,10.0,-2.5,41.0,5.0,39.0
2015_17_DET_CHI,2015,17,CHI,DET,-0.5999,48.3851,65.5483,64.5682,130.1165,1.0,0.0,-2.7297,0.0,0.0,0.0,0.0,0.0131,1.0,0.0,0.0,-0.5999,-1.0,0.0,0.2366,0.0,5.0,14.0,-2.5,45.0,-4.0,44.0
2015_17_BAL_CIN,2015,17,CIN,BAL,10.9845,45.5258,63.1388,68.4971,131.6359,1.0,-0.12,6.076,-3.2647,-2.7508,-0.5139,-6.0155,1.0591,1.0,0.0,0.0,10.9845,0.0,0.0,0.4228,0.0,0.0,10.0,10.0,40.5,8.0,40.0
2015_17_PIT_CLE,2015,17,CLE,PIT,-8.6441,50.258,66.7441,65.299,132.043,1.0,0.0,-11.5038,-0.5874,0.0,-0.5874,-0.5874,-4.2429,1.0,0.0,0.0,-8.6441,0.0,0.0,0.1143,0.0,8.0,11.0,-13.0,47.0,-16.0,40.0
2015_17_WAS_DAL,2015,17,DAL,WAS,-5.3043,44.1057,62.7541,64.3631,127.1172,1.0,-0.12,-1.5523,1.3503,0.0,1.3503,1.3503,2.6607,1.0,0.0,0.0,-5.3043,-1.0,0.0,1.2074,1.0,0.0,0.0,3.0,41.0,-11.0,57.0
2015_17_JAX_HOU,2015,17,HOU,JAX,7.2443,40.2352,72.385,63.0567,135.4417,1.0,0.0,7.2531,0.0,0.0,0.0,0.0,1.8948,1.0,0.0,0.0,7.2443,-1.0,0.0,0.8248,1.0,0.0,0.0,5.0,45.0,24.0,36.0
2015_17_TEN_IND,2015,17,IND,TEN,3.6318,40.1672,65.602,66.558,132.1601,1.0,0.0,8.0033,-3.5856,-4.5474,0.9618,-8.133,0.5015,1.0,0.0,0.0,3.6318,1.0,0.0,0.2505,1.0,0.0,0.0,3.5,39.0,6.0,54.0
2015_17_NE_MIA,2015,17,MIA,NE,-13.0057,48.4608,63.9922,71.364,135.3563,1.0,0.0,-13.7509,0.0,0.0,0.0,0.0,-1.1989,1.0,0.0,0.0,-13.0057,0.0,0.0,1.2258,0.0,0.0,0.0,-10.0,46.5,10.0,30.0
2015_17_PHI_NYG,2015,17,NYG,PHI,4.0242,48.033,72.7762,74.2794,147.0556,1.0,-0.12,0.1785,0.0,0.0,0.0,0.0,2.526,1.0,0.0,0.0,4.0242,0.0,0.0,0.0854,0.0,7.0,0.0,4.0,51.0,-5.0,65.0
2015_17_SEA_ARI,2015,17,ARI,SEA,2.4924,51.4062,63.218,63.8018,127.0199,1.0,0.0,2.1319,0.0,0.0,0.0,0.0,1.3689,1.0,0.0,0.0,2.4924,1.0,0.0,1.1043,1.0,0.0,0.0,6.0,46.5,-30.0,42.0
2015_17_TB_CAR,2015,17,CAR,TB,9.0234,48.0622,68.0976,65.2645,133.3621,1.0,0.0,12.7417,0.0,0.0,0.0,0.0,5.9879,1.0,0.0,0.0,9.0234,0.0,0.0,0.5103,0.0,0.0,0.0,10.0,44.0,28.0,48.0
2015_17_SD_DEN,2015,17,DEN,SD,3.4245,39.4479,68.6614,66.7319,135.3933,1.0,-0.48,9.6395,0.0,7.1094,-7.1094,7.1094,1.9749,1.0,0.0,0.0,3.4245,1.0,0.0,0.8269,0.0,0.0,0.0,10.0,42.0,7.0,47.0
2015_17_OAK_KC,2015,17,KC,OAK,7.1616,42.4182,61.1875,67.5599,128.7475,1.0,-0.36,9.5346,0.0,3.302,-3.302,3.302,-0.7612,1.0,0.0,0.0,7.1616,2.0,0.0,1.4978,0.0,0.0,8.0,6.5,43.5,6.0,40.0
2015_17_STL_SF,2015,17,SF,STL,-5.0446,43.6789,62.607,68.8592,131.4662,1.0,0.0,-3.5296,0.0,3.3315,-3.3315,3.3315,-0.8303,1.0,0.0,0.0,-5.0446,-2.0,0.0,1.7235,0.0,0.0,0.0,-3.0,39.0,3.0,35.0
2015_17_MIN_GB,2015,17,GB,MIN,-1.7857,46.5639,68.6594,63.7824,132.4418,1.0,0.0,2.4279,0.0,0.0,0.0,0.0,-0.0555,1.0,1.0,1.0,-1.7857,0.0,0.0,0.257,0.0,1.0,21.0,3.0,44.0,-7.0,33.0
2015_18_KC_HOU,2015,18,HOU,KC,-4.464,35.9706,69.8253,59.2415,129.0668,1.0,0.0,-5.5802,0.0,0.0,0.0,0.0,2.0189,0.0,0.0,0.0,-0.0,0.0,0.0,0.6492,1.0,0.0,0.0,-3.0,39.5,-30.0,30.0
2015_18_PIT_CIN,2015,18,CIN,PIT,0.7722,48.4535,66.2116,67.1379,133.3495,1.0,0.0,-0.3405,-3.2644,0.0,-3.2644,-3.2644,-0.8555,1.0,1.0,1.0,0.7722,0.0,0.0,0.2566,0.0,0.0,0.0,-2.0,46.0,-2.0,34.0
2015_18_SEA_MIN,2015,18,MIN,SEA,-4.5264,49.8418,59.1395,66.1307,125.2702,1.0,0.0,-4.5586,0.0,0.0,0.0,0.0,0.7528,0.0,0.0,0.0,-0.0,2.0,0.0,1.3918,0.0,2.0,51.0,-4.0,40.0,-1.0,19.0
2015_18_GB_WAS,2015,18,WAS,GB,1.4786,45.4594,62.7755,70.9169,133.6924,1.0,0.0,-4.2178,0.0,0.0,0.0,0.0,0.2165,0.0,0.0,0.0,0.0,1.0,0.0,0.694,0.0,4.0,0.0,2.0,47.0,-17.0,53.0
2015_19_KC_NE,2015,19,NE,KC,-4.4964,41.9256,67.0208,62.2887,129.3095,1.0,0.72,-0.7629,0.0,0.0,0.0,0.0,-0.8805,0.0,0.0,0.0,-0.0,1.0,0.0,1.2328,0.0,0.0,7.0,6.0,44.0,7.0,47.0
2015_19_GB_ARI,2015,19,ARI,GB,6.1565,47.9522,64.9996,68.7957,133.7953,1.0,0.84,2.0615,0.0,0.0,0.0,0.0,-0.1109,0.0,1.0,1.0,0.0,-1.0,0.0,1.4959,1.0,0.0,0.0,7.0,49.0,6.0,46.0
2015_19_SEA_CAR,2015,19,CAR,SEA,-1.0918,46.4754,62.2713,65.4882,127.7595,1.0,0.84,-1.4922,0.0,0.0,0.0,0.0,3.8707,0.0,0.0,0.0,-0.0,3.0,1.0,2.2805,0.0,0.0,2.0,2.5,41.5,7.0,55.0
2015_19_PIT_DEN,2015,19,DEN,PIT,-2.6183,39.4699,69.8874,67.4467,137.3342,1.0,0.72,0.1867,1.558,0.0,1.558,1.558,-0.6662,0.0,0.0,0.0,-0.0,-2.0,0.0,1.3181,0.0,0.0,2.0,7.0,41.5,7.0,39.0
2015_20_NE_DEN,2015,20,DEN,NE,-2.1599,40.9275,70.7963,66.1916,136.9879,1.0,-0.12,-0.4003,1.3413,0.0,1.3413,1.3413,2.0731,0.0,0.0,0.0,-0.0,-2.0,0.0,1.7585,0.0,0.0,0.0,-2.5,45.0,2.0,38.0
2015_20_ARI_CAR,2015,20,CAR,ARI,0.7572,47.6332,65.5042,66.257,131.7612,1.0,-0.12,0.184,0.0,0.0,0.0,0.0,4.6141,0.0,0.0,0.0,0.0,2.0,0.0,1.7877,0.0,0.0,6.0,3.5,47.0,34.0,64.0
2015_21_CAR_DEN,2015,21,DEN,CAR,-7.0227,37.3472,67.4403,67.4142,134.8545,0.0,0.0,-1.9331,0.0,0.0,0.0,0.0,-1.2811,0.0,0.0,0.0,-0.0,0.0,0.0,0.0,0.0,6.0,0.0,-4.5,43.0,14.0,34.0
2016_01_CAR_DEN,2016,1,DEN,CAR,-5.7504,33.8438,66.9627,68.2206,135.1833,1.0,0.0,0.3198,-1.7112,0.0,-1.7112,-1.7112,-0.1466,0.0,1.0,1.0,-0.0,-2.0,0.0,1.3569,0.0,0.0,0.0,-3.0,40.5,1.0,41.0
2016_01_TB_ATL,2016,1,ATL,TB,-0.094,49.5673,68.8942,65.0143,133.9085,1.0,0.0,3.1097,0.0,0.0,0.0,0.0,1.5635,1.0,0.0,0.0,-0.094,0.0,0.0,0.4149,1.0,0.0,0.0,2.5,46.5,-7.0,55.0
2016_01_BUF_BAL,2016,1,BAL,BUF,-4.621,47.2061,68.2554,64.4656,132.721,1.0,0.0,-1.7841,0.0,0.0,0.0,0.0,2.6929,0.0,0.0,0.0,-0.0,0.0,0.0,0.2666,0.0,0.0,0.0,3.0,44.5,6.0,20.0
2016_01_CHI_HOU,2016,1,HOU,CHI,2.6019,42.0608,67.7454,63.9014,131.6468,1.0,0.0,2.5887,0.3389,0.0,0.3389,0.3389,0.8614,0.0,0.0,0.0,0.0,0.0,0.0,0.9471,1.0,0.0,0.0,5.5,43.0,9.0,37.0
2016_01_GB_JAX,2016,1,JAX,GB,-7.6158,45.7622,64.0078,72.9277,136.9355,1.0,0.0,-8.1154,0.0,0.0,0.0,0.0,-1.0227,0.0,0.0,0.0,-0.0,1.0,0.0,1.0403,0.0,0.0,0.0,-3.5,47.0,-4.0,50.0
2016_01_SD_KC,2016,1,KC,SD,5.7715,43.1805,63.6761,65.9398,129.6159,1.0,0.0,6.9689,0.0,5.7315,-5.7315,5.7315,-0.626,1.0,0.0,0.0,5.7715,2.0,0.0,1.3344,0.0,0.0,0.0,6.5,45.5,6.0,60.0
2016_01_OAK_NO,2016,1,NO,OAK,-1.3519,55.1158,69.4302,65.518,134.9482,1.0,0.0,0.7827,0.0,4.0929,-4.0929,4.0929,-0.2919,0.0,0.0,0.0,-0.0,2.0,0.0,1.9098,1.0,0.0,0.0,2.5,50.0,-1.0,69.0
2016_01_CIN_NYJ,2016,1,NYJ,CIN,-2.6262,44.5439,68.6336,64.2714,132.905,1.0,0.0,-2.7673,0.0,0.0,0.0,0.0,0.7559,0.0,0.0,0.0,-0.0,0.0,0.0,0.5653,0.0,7.0,0.0,1.0,42.0,-1.0,45.0
2016_01_CLE_PHI,2016,1,PHI,CLE,1.4062,46.8708,67.6564,73.1061,140.7625,1.0,0.0,3.8856,-3.9979,-4.3301,0.3322,-8.3281,1.3949,0.0,0.0,0.0,0.0,0.0,0.0,0.3596,0.0,4.0,0.0,3.5,41.0,19.0,39.0
2016_01_MIN_TEN,2016,1,TEN,MIN,-8.9535,42.7363,63.3823,62.5686,125.9509,1.0,0.0,-8.9479,0.0,-1.8703,1.8703,-1.8703,-2.0854,0.0,0.0,0.0,-0.0,0.0,0.0,0.6967,0.0,0.0,0.0,-2.5,40.0,-9.0,41.0
2016_01_MIA_SEA,2016,1,SEA,MIA,10.5993,49.0811,68.206,60.4556,128.6616,1.0,0.0,8.1403,0.0,0.0,0.0,0.0,-1.6296,0.0,0.0,0.0,0.0,-3.0,0.0,2.7199,0.0,0.0,0.0,10.5,43.5,2.0,22.0
2016_01_NYG_DAL,2016,1,DAL,NYG,-2.4638,47.9851,66.757,67.0526,133.8097,1.0,0.0,-0.7491,-1.5156,0.0,-1.5156,-1.5156,0.9259,1.0,0.0,0.0,-2.4638,-1.0,0.0,1.3851,1.0,0.0,0.0,1.0,47.5,-1.0,39.0
2016_01_DET_IND,2016,1,IND,DET,-2.5345,45.5546,64.9349,68.2923,133.2272,1.0,0.0,-0.6564,0.0,0.0,0.0,0.0,-3.2476,0.0,0.0,0.0,-0.0,0.0,0.0,0.2412,0.0,0.0,0.0,2.5,51.5,-4.0,74.0
2016_01_NE_ARI,2016,1,ARI,NE,2.2411,49.7522,67.9044,65.7497,133.6541,1.0,0.0,-0.1937,0.0,-5.1116,5.1116,-5.1116,0.0876,0.0,1.0,1.0,0.0,-2.0,0.0,2.2914,1.0,0.0,0.0,9.0,44.5,-2.0,44.0
2016_01_PIT_WAS,2016,1,WAS,PIT,-4.3419,46.9356,67.1241,65.99,133.114,1.0,0.0,-4.0823,0.0,0.0,0.0,0.0,-3.2953,0.0,1.0,1.0,-0.0,0.0,0.0,0.1985,0.0,0.0,0.0,-2.5,49.0,-22.0,54.0
2016_01_LA_SF,2016,1,SF,LA,-4.3788,38.4429,66.5136,63.3975,129.9111,1.0,0.0,-1.5297,0.0,5.1694,-5.1694,5.1694,-0.7009,1.0,1.0,1.0,-4.3788,0.0,0.0,0.3135,0.0,7.0,0.0,-2.5,44.0,28.0,28.0
2016_02_NYJ_BUF,2016,2,BUF,NYJ,-3.2425,45.0017,62.5018,67.3891,129.8909,1.0,0.0,-0.2571,0.0,0.0,0.0,0.0,-4.5529,1.0,1.0,1.0,-3.2425,0.0,0.0,0.2779,0.0,1.0,0.0,1.5,40.5,-6.0,68.0
2016_02_TB_ARI,2016,2,ARI,TB,6.3304,52.1676,65.6098,65.4445,131.0542,1.0,0.0,6.9352,0.0,0.0,0.0,0.0,1.8488,0.0,0.0,0.0,0.0,-2.0,0.0,1.8017,1.0,0.0,0.0,7.5,49.5,33.0,47.0
2016_02_SF_CAR,2016,2,CAR,SF,9.8184,41.8279,68.4213,64.2977,132.719,1.0,0.48,6.5072,0.0,0.0,0.0,0.0,2.0044,0.0,0.0,0.0,0.0,3.0,1.0,2.2761,0.0,0.0,0.0,12.0,44.5,19.0,73.0
2016_02_BAL_CLE,2016,2,CLE,BAL,-0.9082,44.3382,62.9551,67.7764,130.7315,1.0,0.0,-4.8731,0.0,0.0,0.0,0.0,-3.1973,1.0,0.0,0.0,-0.9082,0.0,0.0,0.3083,0.0,0.0,0.0,-4.0,42.0,-5.0,45.0
2016_02_TEN_DET,2016,2,DET,TEN,5.5788,47.0993,64.8062,63.2439,128.0502,1.0,0.0,7.4859,0.0,0.0,0.0,0.0,2.4556,0.0,0.0,0.0,0.0,1.0,0.0,0.4707,1.0,0.0,0.0,6.0,48.0,-1.0,31.0
2016_02_KC_HOU,2016,2,HOU,KC,-2.4864,38.2841,69.9669,61.7456,131.7125,1.0,0.0,-4.1657,0.9259,0.0,0.9259,0.9259,3.6531,0.0,0.0,0.0,-0.0,0.0,0.0,0.6492,1.0,0.0,0.0,-1.0,41.5,7.0,31.0
2016_02_MIA_NE,2016,2,NE,MIA,7.7735,45.7976,71.613,64.456,136.069,1.0,0.0,8.1375,-2.8475,0.0,-2.8475,-2.8475,0.1766,1.0,0.0,0.0,7.7735,0.0,0.0,1.2258,0.0,0.0,0.0,5.5,42.0,7.0,55.0
2016_02_NO_NYG,2016,2,NYG,NO,-0.7942,60.1013,66.349,72.7228,139.0718,1.0,0.0,0.7019,0.0,0.0,0.0,0.0,0.6191,0.0,0.0,0.0,-0.0,1.0,0.0,1.1699,0.0,0.0,0.0,3.5,54.0,3.0,29.0
2016_02_CIN_PIT,2016,2,PIT,CIN,0.2761,47.5704,67.2321,65.0962,132.3283,1.0,-0.12,1.1364,0.0,0.0,0.0,0.0,0.3993,1.0,0.0,0.0,0.2761,0.0,0.0,0.2566,0.0,0.0,0.0,3.0,48.0,8.0,40.0
2016_02_DAL_WAS,2016,2,WAS,DAL,3.6502,46.1375,62.9944,65.4777,128.4721,1.0,-0.12,1.042,0.0,1.9456,-1.9456,1.9456,-1.912,1.0,0.0,0.0,3.6502,1.0,0.0,1.2074,0.0,0.0,0.0,3.5,47.0,-4.0,50.0
2016_02_SEA_LA,2016,2,LA,SEA,-6.8618,38.691,57.1643,71.1103,128.2746,1.0,-0.12,-7.9353,2.7392,0.0,2.7392,2.7392,-0.2247,1.0,0.0,0.0,-6.8618,0.0,0.0,0.9651,0.0,0.0,0.0,-5.5,38.0,6.0,12.0
2016_02_IND_DEN,2016,2,DEN,IND,7.359,37.9324,67.7863,68.377,136.1633,1.0,0.36,7.3537,1.3568,0.0,1.3568,1.3568,4.063,0.0,0.0,0.0,0.0,-2.0,0.0,0.9998,0.0,0.0,0.0,5.0,47.0,14.0,54.0
2016_02_ATL_OAK,2016,2,OAK,ATL,2.4364,46.8101,64.452,68.011,132.463,1.0,0.0,-0.1349,4.8535,0.0,4.8535,4.8535,-0.1551,0.0,0.0,0.0,0.0,-3.0,0.0,2.1231,0.0,0.0,0.0,4.0,47.5,-7.0,63.0
2016_02_JAX_SD,2016,2,SD,JAX,4.8915,45.9613,68.6015,65.8776,134.4791,1.0,0.0,2.4012,6.1086,0.0,6.1086,6.1086,0.7548,0.0,0.0,0.0,0.0,-3.0,0.0,2.0865,0.0,0.0,0.0,3.0,47.5,24.0,52.0
2016_02_GB_MIN,2016,2,MIN,GB,1.9412,44.1827,62.9373,68.158,131.0953,1.0,0.0,-0.5387,-0.2684,0.0,-0.2684,-0.2684,-0.7085,1.0,1.0,1.0,1.9412,0.0,0.0,0.257,1.0,0.0,0.0,-1.5,43.0,3.0,31.0
2016_02_PHI_CHI,2016,2,CHI,PHI,0.3917,45.2978,68.169,69.5726,137.7415,1.0,0.0,-3.4161,0.0,-0.1189,0.1189,-0.1189,1.038,0.0,1.0,1.0,0.0,-1.0,0.0,0.6637,0.0,0.0,0.0,3.0,42.5,-15.0,43.0
2016_03_HOU_NE,2016,3,NE,HOU,2.0014,40.1247,65.6594,70.1674,135.8268,1.0,0.0,3.9217,-4.5234,1.0326,-5.556,-3.4907,-4.2606,0.0,1.0,1.0,0.0,1.0,0.0,1.5919,0.0,0.0,0.0,1.0,38.5,27.0,27.0
2016_03_ARI_BUF,2016,3,BUF,ARI,-9.4556,50.072,63.3823,65.7845,129.1668,1.0,0.36,-5.4863,0.0,0.0,0.0,0.0,-0.0631,0.0,0.0,0.0,-0.0,2.0,1.0,1.9131,0.0,0.0,0.0,-5.0,48.0,15.0,51.0
2016_03_MIN_CAR,2016,3,CAR,MIN,4.3407,41.7185,68.2422,61.7893,130.0315,1.0,0.0,2.2253,0.0,0.1089,-0.1089,0.1089,3.132,0.0,0.0,0.0,0.0,1.0,0.0,0.9379,0.0,0.0,0.0,6.0,43.0,-12.0,32.0
2016_03_DEN_CIN,2016,3,CIN,DEN,0.1492,38.4327,67.1361,68.2398,135.3759,1.0,0.0,-3.6188,0.0,1.8846,-1.8846,1.8846,-1.448,0.0,0.0,0.0,0.0,2.0,1.0,1.093,0.0,0.0,0.0,3.5,42.0,-12.0,46.0
2016_03_DET_GB,2016,3,GB,DET,3.7972,51.3862,67.5774,65.8811,133.4585,1.0,0.0,2.7668,0.0,0.0,0.0,0.0,0.441,1.0,0.0,0.0,3.7972,-1.0,0.0,0.2927,0.0,7.0,0.0,6.0,47.5,7.0,61.0
2016_03_BAL_JAX,2016,3,JAX,BAL,-0.678,44.5926,62.6482,70.9697,133.6179,1.0,0.0,-6.4243,0.0,0.0,0.0,0.0,-1.6624,0.0,0.0,0.0,-0.0,0.0,0.0,0.6807,0.0,0.0,0.0,-1.0,45.0,-2.0,36.0
2016_03_CLE_MIA,2016,3,MIA,CLE,0.1978,45.6245,63.81,70.2852,134.0952,1.0,0.0,2.3903,0.0,-5.059,5.059,-5.059,1.2435,0.0,0.0,0.0,0.0,0.0,0.0,1.0776,0.0,6.0,0.0,10.0,42.0,6.0,54.0
2016_03_WAS_NYG,2016,3,NYG,WAS,0.7568,50.1,67.8435,67.5089,135.3524,1.0,0.0,1.484,0.0,0.0,0.0,0.0,1.3578,1.0,0.0,0.0,0.7568,0.0,0.0,0.1981,0.0,0.0,0.0,3.5,47.0,-2.0,56.0
2016_03_OAK_TEN,2016,3,TEN,OAK,-4.1374,42.7432,64.6705,66.6489,131.3194,1.0,0.0,-3.4986,0.0,5.3227,-5.3227,5.3227,-1.3493,0.0,0.0,0.0,-0.0,2.0,0.0,1.9476,0.0,0.0,0.0,-1.5,47.0,-7.0,27.0
2016_03_SF_SEA,2016,3,SEA,SF,5.5847,43.0544,69.5993,60.8073,130.4066,1.0,0.0,6.2721,0.0,0.0,0.0,0.0,-0.7963,1.0,0.0,0.0,5.5847,0.0,0.0,0.7045,0.0,0.0,0.0,10.5,42.0,19.0,55.0
2016_03_LA_TB,2016,3,TB,LA,0.4341,40.216,71.0139,61.2904,132.3043,1.0,0.0,-2.0797,0.0,0.0,0.0,0.0,-2.0978,0.0,0.0,0.0,0.0,3.0,0.0,2.1518,0.0,0.0,0.0,3.5,40.5,-5.0,69.0
2016_03_SD_IND,2016,3,IND,SD,-4.7812,46.4149,67.4606,68.1036,135.5642,1.0,0.0,0.1834,0.0,6.5003,-6.5003,6.5003,-1.5447,0.0,0.0,0.0,-0.0,3.0,0.0,1.7807,1.0,0.0,0.0,1.5,51.5,4.0,48.0
2016_03_NYJ_KC,2016,3,KC,NYJ,-0.717,43.4271,61.335,68.8814,130.2164,1.0,-0.36,2.7402,0.0,0.0,0.0,0.0,-4.2122,0.0,0.0,0.0,-0.0,-1.0,0.0,1.0858,0.0,0.0,0.0,3.0,44.5,21.0,27.0
2016_03_PIT_PHI,2016,3,PHI,PIT,-6.8135,41.7915,71.3832,67.6618,139.045,1.0,-0.12,-4.1921,0.1955,0.0,0.1955,0.1955,-0.5657,0.0,0.0,0.0,-0.0,0.0,0.0,0.2587,0.0,0.0,0.0,-3.5,46.5,31.0,37.0
2016_03_CHI_DAL,2016,3,DAL,CHI,0.1875,45.5322,65.1002,62.0777,127.1779,1.0,0.12,2.422,0.0,-1.1198,1.1198,-1.1198,2.3036,0.0,1.0,1.0,0.0,0.0,0.0,0.8162,1.0,0.0,0.0,6.5,45.0,14.0,48.0
2016_03_ATL_NO,2016,3,NO,ATL,0.5367,57.3249,67.2637,67.9906,135.2543,1.0,0.0,-1.3395,0.0,0.0,0.0,0.0,-0.4961,1.0,1.0,1.0,0.5367,-1.0,0.0,0.4244,1.0,0.0,0.0,2.5,54.0,-13.0,77.0
2016_04_MIA_CIN,2016,4,CIN,MIA,7.1407,47.0296,71.1999,65.1451,136.3451,1.0,0.0,4.6685,0.0,0.0,0.0,0.0,1.7209,0.0,1.0,1.0,0.0,0.0,0.0,0.941,0.0,0.0,0.0,7.5,46.0,15.0,29.0
2016_04_IND_JAX,2016,4,JAX,IND,-0.9878,44.1585,66.572,69.3212,135.8932,0.0,0.0,-5.1856,0.0,0.0,0.0,0.0,1.0655,1.0,0.0,0.0,-0.9878,0.0,0.0,0.0,0.0,0.0,0.0,1.0,48.0,3.0,57.0
2016_04_CAR_ATL,2016,4,ATL,CAR,-5.9854,48.0631,64.4465,69.9364,134.3829,1.0,-0.12,-4.3993,0.0,0.0,0.0,0.0,-1.2923,1.0,0.0,0.0,-5.9854,0.0,0.0,0.2261,1.0,0.0,0.0,-2.5,48.5,15.0,81.0
2016_04_OAK_BAL,2016,4,BAL,OAK,-4.1707,42.1537,68.6411,63.5375,132.1786,1.0,0.0,2.7907,0.0,5.582,-5.582,5.582,1.7026,0.0,0.0,0.0,-0.0,3.0,1.0,2.4401,0.0,0.0,0.0,3.5,45.0,-1.0,55.0
2016_04_DET_CHI,2016,4,CHI,DET,-1.2404,52.3519,61.2413,67.1608,128.4021,1.0,0.0,-4.6432,-0.9932,0.0,-0.9932,-0.9932,-1.165,1.0,0.0,0.0,-1.2404,-1.0,0.0,0.2366,0.0,0.0,0.0,-3.0,48.0,3.0,31.0
2016_04_TEN_HOU,2016,4,HOU,TEN,6.4004,35.1845,69.6116,62.0592,131.6708,1.0,0.36,7.9011,0.0796,0.0,0.0796,0.0796,4.3989,1.0,0.0,0.0,6.4004,0.0,0.0,0.6715,1.0,0.0,0.0,4.0,40.0,7.0,47.0
2016_04_BUF_NE,2016,4,NE,BUF,6.3865,49.3339,69.3372,63.6702,133.0074,1.0,0.36,5.7748,-5.525,0.0,-5.525,-5.525,-0.582,1.0,0.0,0.0,6.3865,0.0,0.0,0.3864,0.0,0.0,0.0,3.5,41.0,-16.0,16.0
2016_04_SEA_NYJ,2016,4,NYJ,SEA,-2.3352,45.1567,63.0786,63.5912,126.6698,1.0,0.0,-4.749,0.0,0.0,0.0,0.0,4.3369,0.0,0.0,0.0,-0.0,3.0,1.0,2.3957,0.0,0.0,0.0,-1.0,40.0,-10.0,44.0
2016_04_CLE_WAS,2016,4,WAS,CLE,2.3151,50.1064,65.7795,67.2522,133.0316,1.0,0.0,4.4972,0.0,-1.6693,1.6693,-1.6693,0.929,0.0,0.0,0.0,0.0,0.0,0.0,0.3119,0.0,0.0,0.0,7.5,48.0,11.0,51.0
2016_04_DEN_TB,2016,4,TB,DEN,-6.2495,41.3289,70.7592,65.8185,136.5778,1.0,0.0,-11.4588,0.0,3.5772,-3.5772,3.5772,-5.1501,0.0,0.0,0.0,-0.0,2.0,0.0,1.5198,0.0,0.0,0.0,-3.5,43.0,-20.0,34.0
2016_04_LA_ARI,2016,4,ARI,LA,6.2428,40.4343,72.4416,61.9074,134.349,1.0,0.0,3.9805,0.0,0.0,0.0,0.0,-0.157,1.0,0.0,0.0,6.2428,1.0,0.0,0.3503,1.0,0.0,0.0,10.0,43.5,-4.0,30.0
2016_04_NO_SD,2016,4,SD,NO,3.5347,53.6945,66.4836,69.283,135.7666,1.0,0.12,0.885,6.5384,0.0,6.5384,6.5384,0.646,0.0,0.0,0.0,0.0,-2.0,0.0,1.6028,0.0,0.0,0.0,4.0,54.0,-1.0,69.0
2016_04_DAL_SF,2016,4,SF,DAL,-2.2054,45.185,62.7509,68.321,131.0719,1.0,0.0,-1.3353,0.0,0.0,0.0,0.0,-0.4026,0.0,0.0,0.0,-0.0,-2.0,0.0,1.4385,0.0,0.0,0.0,-1.0,44.0,-7.0,41.0
2016_04_KC_PIT,2016,4,PIT,KC,0.0869,41.7752,66.6812,65.1277,131.8089,1.0,0.0,-0.9056,0.0,0.0,0.0,0.0,0.6995,0.0,1.0,1.0,0.0,1.0,0.0,0.7738,0.0,0.0,0.0,3.0,48.0,29.0,57.0
2016_04_NYG_MIN,2016,4,MIN,NYG,6.0124,43.1709,64.2718,68.3247,132.5966,1.0,0.0,5.9922,0.0847,0.0,0.0847,0.0847,-1.4057,0.0,1.0,1.0,0.0,-1.0,0.0,1.01,1.0,0.0,0.0,3.5,42.5,14.0,34.0
2016_05_ARI_SF,2016,5,SF,ARI,-7.8289,45.3884,62.7486,70.845,133.5935,1.0,0.0,-5.6222,0.0,-7.2972,7.2972,-7.2972,0.7238,1.0,1.0,1.0,-7.8289,-1.0,0.0,0.608,0.0,6.0,0.0,-3.5,42.5,-12.0,54.0
2016_05_WAS_BAL,2016,5,BAL,WAS,-3.0208,45.8736,70.9234,61.6074,132.5309,1.0,0.0,1.3614,0.0,0.0,0.0,0.0,1.3768,0.0,0.0,0.0,-0.0,0.0,0.0,0.0287,0.0,6.0,0.0,4.0,44.5,-6.0,26.0
2016_05_NE_CLE,2016,5,CLE,NE,-6.5687,48.838,69.0046,66.5349,135.5396,1.0,0.0,-11.4291,-0.8138,0.0,-0.8138,-0.8138,-0.6294,0.0,0.0,0.0,-0.0,0.0,0.0,0.5387,0.0,3.0,0.0,-10.0,47.5,-20.0,46.0
2016_05_PHI_DET,2016,5,DET,PHI,-6.7252,50.3635,66.5584,66.8138,133.3722,1.0,-0.84,-3.6543,0.0,1.7705,-1.7705,1.7705,0.991,0.0,0.0,0.0,-0.0,0.0,0.0,0.4431,1.0,0.0,0.0,-3.5,46.0,1.0,47.0
2016_05_CHI_IND,2016,5,IND,CHI,-2.8133,45.7744,68.0124,64.9088,132.9211,1.0,0.0,2.3371,0.0,-0.1008,0.1008,-0.1008,-0.9273,0.0,0.0,0.0,-0.0,1.0,0.0,0.1639,0.0,0.0,0.0,4.0,47.5,6.0,52.0
2016_05_TEN_MIA,2016,5,MIA,TEN,-0.3728,41.0545,61.735,70.0807,131.8156,1.0,0.36,4.1176,0.0,0.0,0.0,0.0,-0.4821,0.0,0.0,0.0,-0.0,1.0,0.0,0.8039,0.0,5.0,0.0,2.5,44.5,-13.0,47.0
2016_05_HOU_MIN,2016,5,MIN,HOU,4.3959,35.0258,60.5759,69.8568,130.4327,1.0,-0.12,4.1809,0.4637,0.0,0.4637,0.4637,-1.9043,0.0,0.0,0.0,0.0,0.0,0.0,1.0629,1.0,0.0,0.0,6.0,39.0,18.0,44.0
2016_05_NYJ_PIT,2016,5,PIT,NYJ,5.0214,47.0097,61.1682,70.2585,131.4267,1.0,0.0,5.4804,0.0,0.0,0.0,0.0,-2.3048,0.0,0.0,0.0,0.0,0.0,0.0,0.3125,0.0,0.0,0.0,10.0,50.0,18.0,44.0
2016_05_ATL_DEN,2016,5,DEN,ATL,2.0896,46.0276,67.4605,68.0932,135.5536,1.0,0.0,6.335,-1.016,0.0,-1.016,-1.016,4.4642,0.0,0.0,0.0,0.0,-2.0,0.0,1.2109,0.0,0.0,0.0,3.5,44.5,-7.0,39.0
2016_05_CIN_DAL,2016,5,DAL,CIN,-2.4417,49.1009,65.9607,62.6376,128.5983,1.0,-0.36,-2.7173,0.0,0.0,0.0,0.0,-2.352,0.0,0.0,0.0,-0.0,-1.0,0.0,0.8281,1.0,0.0,0.0,-2.5,46.0,14.0,42.0
2016_05_BUF_LA,2016,5,LA,BUF,-1.5913,39.5297,62.2,69.7264,131.9263,1.0,0.0,-1.915,0.0,0.0,0.0,0.0,-0.174,0.0,0.0,0.0,-0.0,-3.0,0.0,2.2057,0.0,0.0,0.0,-2.5,41.5,-11.0,49.0
2016_05_SD_OAK,2016,5,OAK,SD,0.0,45.4788,66.6078,66.6078,133.2156,1.0,0.0,0.9496,5.9194,6.5881,-0.6687,12.5076,0.0,1.0,0.0,0.0,0.0,0.0,0.0,0.4471,0.0,0.0,0.0,3.5,50.5,3.0,65.0
2016_05_NYG_GB,2016,5,GB,NYG,5.494,48.169,69.5505,66.1343,135.6848,1.0,0.96,5.3235,0.0,0.0,0.0,0.0,-1.016,0.0,1.0,1.0,0.0,-1.0,0.0,0.7539,0.0,0.0,0.0,7.0,49.0,7.0,39.0
2016_05_TB_CAR,2016,5,CAR,TB,7.7973,43.9135,68.9908,66.9718,135.9625,1.0,0.0,7.7997,-2.9651,0.0,-2.9651,-2.9651,4.1117,1.0,1.0,1.0,7.7973,0.0,0.0,0.5103,0.0,0.0,0.0,6.0,46.5,-3.0,31.0
2016_06_DEN_SD,2016,6,SD,DEN,-3.9232,39.533,67.713,66.7286,134.4416,1.0,0.0,-9.8243,6.997,0.0,6.997,6.997,-3.5516,1.0,1.0,1.0,-3.9232,-1.0,0.0,0.8269,0.0,0.0,0.0,-3.0,44.0,8.0,34.0
2016_06_SF_BUF,2016,6,BUF,SF,5.8166,44.2044,65.7146,65.5897,131.3044,1.0,-0.36,6.9019,0.0,1.0558,-1.0558,1.0558,-0.3966,0.0,0.0,0.0,0.0,3.0,1.0,2.2874,0.0,12.0,0.0,7.5,44.0,29.0,61.0
2016_06_JAX_CHI,2016,6,CHI,JAX,1.6343,45.1738,66.2878,66.2395,132.5273,1.0,-0.84,0.8881,0.6408,0.0,0.6408,0.6408,-1.7249,0.0,0.0,0.0,0.0,-1.0,0.0,0.8638,0.0,0.0,0.0,2.5,46.0,-1.0,33.0
2016_06_LA_DET,2016,6,DET,LA,-2.0964,44.7306,69.7004,60.0999,129.8004,1.0,0.0,0.2263,0.0,0.0,0.0,0.0,-0.6235,0.0,0.0,0.0,-0.0,3.0,1.0,1.9875,1.0,0.0,0.0,2.5,44.0,3.0,59.0
2016_06_PIT_MIA,2016,6,MIA,PIT,-10.9776,45.4128,60.9616,71.0525,132.0141,1.0,0.0,-10.2774,0.0,0.0,0.0,0.0,-4.3478,0.0,0.0,0.0,-0.0,0.0,0.0,1.0012,0.0,5.0,0.0,-7.5,49.5,15.0,45.0
2016_06_CIN_NE,2016,6,NE,CIN,3.0345,50.68,65.5817,67.1738,132.7555,1.0,0.0,3.7375,0.0,0.0,0.0,0.0,-2.6791,0.0,0.0,0.0,0.0,0.0,0.0,0.7246,0.0,4.0,0.0,7.5,48.5,18.0,52.0
2016_06_CAR_NO,2016,6,NO,CAR,-6.5342,50.4448,67.2219,68.3194,135.5414,1.0,0.96,-5.4813,0.0,0.0,0.0,0.0,0.581,1.0,0.0,0.0,-6.5342,-1.0,0.0,0.6487,1.0,0.0,0.0,-2.5,53.5,3.0,79.0
2016_06_BAL_NYG,2016,6,NYG,BAL,1.2103,38.5803,62.7482,73.8678,136.6159,1.0,0.0,-1.4636,0.0,0.0,0.0,0.0,-0.0091,0.0,0.0,0.0,0.0,0.0,0.0,0.1715,0.0,0.0,0.0,3.5,42.5,4.0,50.0
2016_06_CLE_TEN,2016,6,TEN,CLE,2.848,45.9983,67.2872,64.214,131.5012,1.0,0.0,1.0999,0.0,-0.3109,0.3109,-0.3109,3.2223,0.0,0.0,0.0,0.0,-1.0,0.0,0.4588,0.0,0.0,0.0,7.5,45.0,2.0,54.0
2016_06_PHI_WAS,2016,6,WAS,PHI,-1.6845,47.5121,63.7316,69.5044,133.236,1.0,0.0,-2.6376,0.0,0.0,0.0,0.0,-1.7279,1.0,0.0,0.0,-1.6845,0.0,0.0,0.1136,0.0,3.0,0.0,-3.0,45.0,7.0,47.0
2016_06_KC_OAK,2016,6,OAK,KC,-0.5415,41.2667,66.0058,65.4333,131.4391,1.0,-0.84,-4.7833,6.1313,0.0,6.1313,6.1313,1.0103,1.0,0.0,0.0,-0.5415,-2.0,0.0,1.4978,0.0,0.0,0.0,-1.0,46.5,-16.0,36.0
2016_06_DAL_GB,2016,6,GB,DAL,2.0088,49.7737,65.349,63.6631,129.0121,1.0,0.0,3.0177,0.0,0.0,0.0,0.0,0.8133,0.0,0.0,0.0,0.0,0.0,0.0,0.9459,0.0,0.0,0.0,5.0,47.0,-14.0,46.0
2016_06_ATL_SEA,2016,6,SEA,ATL,0.1935,51.2906,67.5848,62.6015,130.1863,1.0,0.84,3.1798,0.0,0.0,0.0,0.0,-0.3026,0.0,0.0,0.0,0.0,-3.0,0.0,2.1774,0.0,0.0,0.0,7.0,45.5,2.0,50.0
2016_06_IND_HOU,2016,6,HOU,IND,5.8282,41.5379,69.2363,66.6429,135.8792,1.0,0.0,1.8039,0.0,0.0,0.0,0.0,3.0642,1.0,1.0,1.0,5.8282,-1.0,0.0,0.8709,1.0,0.0,0.0,3.0,47.5,3.0,49.0
2016_06_NYJ_ARI,2016,6,ARI,NYJ,3.9405,45.2879,65.086,68.009,133.095,1.0,0.36,4.1849,0.0,0.0,0.0,0.0,0.1018,0.0,1.0,1.0,0.0,-2.0,0.0,2.1441,1.0,0.0,0.0,7.5,46.0,25.0,31.0
2016_07_CHI_GB,2016,7,GB,CHI,3.1242,43.8378,66.8296,63.7198,130.5494,1.0,0.0,7.7748,0.0,0.0,0.0,0.0,2.4326,1.0,1.0,1.0,3.1242,0.0,0.0,0.1837,0.0,0.0,0.0,7.5,46.5,16.0,36.0
2016_07_NYG_LA,2016,7,LA,NYG,1.5169,41.5795,66.4426,68.7131,135.1556,0.0,0.0,0.194,0.0,0.0,0.0,0.0,-0.3353,0.0,0.0,0.0,0.0,0.0,0.0,0.0,0.0,2.0,0.0,-3.0,44.5,-7.0,27.0
2016_07_CLE_CIN,2016,7,CIN,CLE,5.8143,51.1323,67.0957,64.4099,131.5056,1.0,0.0,8.1891,0.0,0.0,0.0,0.0,5.7714,1.0,0.0,0.0,5.8143,0.0,0.0,0.2231,0.0,0.0,0.0,11.5,46.5,14.0,48.0
2016_07_WAS_DET,2016,7,DET,WAS,-4.6783,56.027,65.2374,62.8332,128.0706,1.0,0.0,-0.8064,0.0,0.0,0.0,0.0,-1.6211,0.0,0.0,0.0,-0.0,0.0,0.0,0.4015,1.0,0.0,0.0,-1.0,50.0,3.0,37.0
2016_07_OAK_JAX,2016,7,JAX,OAK,-3.7386,44.1378,65.9274,69.7503,135.6777,1.0,0.0,-3.0993,0.0,5.6937,-5.6937,5.6937,0.427,0.0,0.0,0.0,-0.0,3.0,1.0,2.3595,0.0,0.0,0.0,1.5,47.5,-17.0,49.0
2016_07_NO_KC,2016,7,KC,NO,3.7762,49.7596,66.9127,67.5497,134.4624,1.0,0.0,6.5961,0.0,0.0,0.0,0.0,-3.2068,0.0,0.0,0.0,0.0,0.0,0.0,0.6765,0.0,0.0,0.0,6.0,51.0,6.0,48.0
2016_07_BUF_MIA,2016,7,MIA,BUF,-6.2114,44.4909,61.1493,67.8521,129.0014,1.0,0.0,-6.6906,0.0,0.0,0.0,0.0,-2.7871,1.0,0.0,0.0,-6.2114,0.0,0.0,1.1648,0.0,1.0,0.0,-2.5,46.0,3.0,53.0
2016_07_BAL_NYJ,2016,7,NYJ,BAL,1.7328,41.6097,63.3885,69.6371,133.0255,1.0,-0.12,-0.4697,-2.5144,0.0,-2.5144,-2.5144,0.5725,0.0,0.0,0.0,0.0,0.0,0.0,0.1715,0.0,26.0,0.0,2.0,40.5,8.0,40.0
2016_07_MIN_PHI,2016,7,PHI,MIN,-5.8673,40.0729,67.0496,63.4587,130.5083,1.0,-0.84,-4.4014,0.0,0.0,0.0,0.0,-1.9419,0.0,0.0,0.0,-0.0,1.0,0.0,0.9842,0.0,10.0,0.0,-2.5,39.0,11.0,31.0
2016_07_IND_TEN,2016,7,TEN,IND,3.3387,45.4001,66.4843,66.4311,132.9154,1.0,0.0,-3.909,0.0,0.0,0.0,0.0,4.5687,1.0,0.0,0.0,3.3387,-1.0,0.0,0.2505,0.0,0.0,0.0,4.0,48.5,-8.0,60.0
2016_07_SD_ATL,2016,7,ATL,SD,3.4737,50.4808,66.4808,67.2233,133.7041,1.0,-0.36,4.2932,0.0,7.0095,-7.0095,7.0095,-2.0636,0.0,0.0,0.0,0.0,3.0,0.0,1.8835,1.0,0.0,0.0,4.5,52.5,-3.0,63.0
2016_07_TB_SF,2016,7,SF,TB,-1.7059,44.113,63.3341,72.9258,136.2598,1.0,-0.72,-0.66,1.3952,0.0,1.3952,1.3952,3.8365,0.0,0.0,0.0,-0.0,-3.0,0.0,2.367,0.0,0.0,0.0,1.0,45.0,-17.0,51.0
2016_07_NE_PIT,2016,7,PIT,NE,-2.7253,51.0105,65.901,68.0936,133.9945,1.0,0.0,-1.8185,-6.0244,0.0,-6.0244,-6.0244,2.246,0.0,0.0,0.0,-0.0,0.0,0.0,0.4683,0.0,3.0,0.0,-7.5,49.0,-11.0,43.0
2016_07_SEA_ARI,2016,7,ARI,SEA,-0.0904,42.6448,65.1816,65.4794,130.661,1.0,-0.12,-2.1193,0.0,0.0,0.0,0.0,-1.0571,1.0,1.0,1.0,-0.0904,1.0,0.0,1.1043,1.0,0.0,0.0,2.5,43.0,0.0,12.0
2016_07_HOU_DEN,2016,7,DEN,HOU,2.0005,32.6222,66.3073,69.5849,135.8922,1.0,0.36,4.5122,0.0,0.0,0.0,0.0,2.4066,0.0,1.0,1.0,0.0,-1.0,0.0,0.8826,0.0,0.0,0.0,8.5,40.0,18.0,36.0
2016_08_JAX_TEN,2016,8,TEN,JAX,1.876,43.3387,69.6434,64.3254,133.9688,1.0,0.0,-0.0288,0.0,0.0,0.0,0.0,2.4712,1.0,1.0,1.0,1.876,-1.0,0.0,0.5008,0.0,0.0,0.0,3.0,43.5,14.0,58.0
2016_08_WAS_CIN,2016,8,CIN,WAS,0.8907,53.5195,64.485,64.3784,128.8634,0.0,0.0,0.9336,0.0,0.0,0.0,0.0,2.468,0.0,0.0,0.0,0.0,0.0,0.0,0.0,0.0,0.0,0.0,3.0,49.0,0.0,54.0
2016_08_NE_BUF,2016,8,BUF,NE,-4.7574,51.4604,65.3013,66.5608,131.8621,1.0,0.0,-3.9514,0.0,0.0,0.0,0.0,1.7853,1.0,0.0,0.0,-4.7574,0.0,0.0,0.3864,0.0,0.0,0.0,-5.5,48.0,-16.0,66.0
2016_08_ARI_CAR,2016,8,CAR,ARI,-3.4563,40.7846,67.9714,69.8739,137.8453,1.0,0.84,-2.1605,0.0,0.0,0.0,0.0,0.0845,0.0,0.0,0.0,-0.0,2.0,1.0,1.7877,0.0,0.0,0.0,2.5,45.5,10.0,50.0
2016_08_NYJ_CLE,2016,8,CLE,NYJ,-5.0061,49.7994,63.8329,66.5426,130.3755,1.0,0.0,-6.8866,-1.1047,0.0,-1.1047,-1.1047,-3.2783,0.0,0.0,0.0,-0.0,0.0,0.0,0.3994,0.0,5.0,0.0,-2.5,45.5,-3.0,59.0
2016_08_DET_HOU,2016,8,HOU,DET,2.2139,48.6427,66.3356,63.1419,129.4774,1.0,-0.12,-0.2012,0.0,0.0,0.0,0.0,0.5485,0.0,0.0,0.0,0.0,-1.0,0.0,1.112,1.0,0.0,0.0,1.0,46.5,7.0,33.0
2016_08_KC_IND,2016,8,IND,KC,-6.3438,47.4808,67.8446,64.9576,132.8022,1.0,0.0,-5.616,0.0,0.0,0.0,0.0,-0.1632,0.0,0.0,0.0,-0.0,1.0,0.0,0.4468,1.0,0.0,0.0,-3.0,50.5,-16.0,44.0
2016_08_SEA_NO,2016,8,NO,SEA,-5.172,52.3321,69.5033,65.6888,135.1922,1.0,0.0,-8.7147,0.0,0.0,0.0,0.0,1.6452,0.0,0.0,0.0,-0.0,2.0,0.0,2.0982,1.0,0.0,0.0,-1.0,50.0,5.0,45.0
2016_08_OAK_TB,2016,8,TB,OAK,-0.5206,45.3351,70.0244,65.5701,135.5945,1.0,0.0,-1.313,0.0,5.7245,-5.7245,5.7245,-3.8658,0.0,0.0,0.0,-0.0,3.0,1.0,2.3814,0.0,5.0,0.0,1.0,48.0,-6.0,54.0
2016_08_SD_DEN,2016,8,DEN,SD,2.9398,39.1654,66.9548,67.7178,134.6726,1.0,-0.12,7.281,0.0,7.167,-7.167,7.167,2.9135,1.0,0.0,0.0,2.9398,1.0,0.0,0.8269,0.0,0.0,0.0,3.5,43.0,8.0,46.0
2016_08_GB_ATL,2016,8,ATL,GB,0.382,49.3806,62.6926,71.1407,133.8334,1.0,-0.36,-1.5391,0.0,0.0,0.0,0.0,-4.5073,0.0,0.0,0.0,0.0,1.0,0.0,0.7678,1.0,0.0,0.0,3.0,51.0,1.0,65.0
2016_08_PHI_DAL,2016,8,DAL,PHI,2.7314,43.6682,65.6581,63.5453,129.2034,1.0,0.84,-0.3368,0.0,0.0,0.0,0.0,-1.7396,1.0,1.0,1.0,2.7314,-1.0,0.0,1.3126,1.0,0.0,0.0,5.0,44.0,6.0,52.0
2016_08_MIN_CHI,2016,8,CHI,MIN,-6.944,37.9321,63.4078,66.1716,129.5794,1.0,0.36,-10.3258,-0.6187,0.0,-0.6187,-0.6187,0.3471,1.0,1.0,1.0,-6.944,0.0,0.0,0.3553,0.0,2.0,0.0,-5.5,39.5,10.0,30.0
2016_09_ATL_TB,2016,9,TB,ATL,-5.2882,53.1695,70.3897,67.5195,137.9092,1.0,0.0,-5.1778,0.0,0.0,0.0,0.0,-2.0428,1.0,1.0,1.0,-5.2882,0.0,0.0,0.4149,0.0,0.0,0.0,-4.5,49.0,-15.0,71.0
2016_09_PIT_BAL,2016,9,BAL,PIT,-5.7792,40.3551,69.4081,63.1176,132.5257,1.0,0.0,-5.1609,0.0,0.0,0.0,0.0,-0.8813,1.0,0.0,0.0,-5.7792,0.0,0.0,0.1972,0.0,5.0,0.0,-3.5,46.0,7.0,35.0
2016_09_DAL_CLE,2016,9,CLE,DAL,-10.0376,53.9303,65.8225,67.2475,133.07,1.0,0.0,-11.2595,0.0,0.0,0.0,0.0,-2.623,0.0,0.0,0.0,-0.0,1.0,0.0,1.0393,0.0,0.0,0.0,-7.0,49.0,-25.0,45.0
2016_09_JAX_KC,2016,9,KC,JAX,9.6724,41.9942,67.4759,65.6811,133.157,1.0,-0.36,12.6505,-6.8624,0.0,-6.8624,-6.8624,-0.2122,0.0,0.0,0.0,0.0,-1.0,0.0,0.945,0.0,0.0,0.0,7.0,42.5,5.0,33.0
2016_09_NYJ_MIA,2016,9,MIA,NYJ,-2.3667,44.8615,60.5499,68.2481,128.798,1.0,0.84,-1.7527,0.0,0.0,0.0,0.0,-0.0733,1.0,0.0,0.0,-2.3667,0.0,0.0,1.0856,0.0,4.0,0.0,3.5,45.0,4.0,50.0
2016_09_DET_MIN,2016,9,MIN,DET,6.1699,46.0555,62.7757,62.9397,125.7154,1.0,-0.12,3.7839,0.0,0.0,0.0,0.0,-1.7862,1.0,0.0,0.0,6.1699,-1.0,0.0,0.5415,1.0,0.0,0.0,4.0,42.5,-6.0,38.0
2016_09_PHI_NYG,2016,9,NYG,PHI,-3.207,37.9956,65.9297,71.1379,137.0676,1.0,0.84,-2.6577,0.0,0.0,0.0,0.0,-1.4183,1.0,0.0,0.0,-3.207,0.0,0.0,0.0854,0.0,0.0,0.0,3.0,42.5,5.0,51.0
2016_09_CAR_LA,2016,9,LA,CAR,-4.9855,40.2114,63.3127,69.5711,132.8837,1.0,0.84,-4.882,0.0,0.0,0.0,0.0,1.2121,0.0,0.0,0.0,-0.0,-3.0,0.0,2.1215,0.0,0.0,0.0,-3.0,44.5,-3.0,23.0
2016_09_NO_SF,2016,9,SF,NO,-5.3318,52.4934,63.7697,73.4248,137.1944,1.0,0.84,-3.9238,1.1198,0.0,1.1198,1.1198,-1.6918,0.0,0.0,0.0,-0.0,-2.0,0.0,1.8945,0.0,0.0,0.0,-5.0,53.0,-18.0,64.0
2016_09_IND_GB,2016,9,GB,IND,7.1291,50.8151,70.1911,64.1868,134.3779,1.0,0.0,4.6568,0.0,0.0,0.0,0.0,4.037,0.0,0.0,0.0,0.0,-1.0,0.0,0.3417,0.0,0.0,0.0,7.5,52.0,-5.0,57.0
2016_09_TEN_SD,2016,9,SD,TEN,1.1864,46.0983,65.3969,66.5246,131.9215,1.0,-0.36,3.8245,6.315,0.0,6.315,6.315,-1.0682,0.0,0.0,0.0,0.0,-2.0,0.0,1.7373,0.0,0.0,0.0,3.5,47.5,8.0,78.0
2016_09_DEN_OAK,2016,9,OAK,DEN,-3.8353,37.6459,68.8738,66.6992,135.573,1.0,0.0,-6.7965,6.3087,0.0,6.3087,6.3087,-3.4258,1.0,1.0,1.0,-3.8353,-1.0,0.0,0.9345,0.0,0.0,0.0,1.0,44.5,10.0,50.0
2016_09_BUF_SEA,2016,9,SEA,BUF,2.1568,45.3713,64.7746,65.905,130.6796,1.0,0.0,3.0627,0.0,0.0,0.0,0.0,-0.0676,0.0,1.0,1.0,0.0,-3.0,0.0,2.1182,0.0,0.0,0.0,5.5,43.5,6.0,56.0
2016_10_CLE_BAL,2016,10,BAL,CLE,3.4115,44.3598,70.1448,62.5007,132.6455,1.0,0.0,7.5631,0.0,0.0,0.0,0.0,3.7186,1.0,1.0,1.0,3.4115,0.0,0.0,0.3083,0.0,0.0,0.0,7.5,44.0,21.0,35.0
2016_10_KC_CAR,2016,10,CAR,KC,-1.1225,38.9063,68.2257,63.3678,131.5935,1.0,0.0,-2.3186,0.0,0.0,0.0,0.0,0.5469,0.0,0.0,0.0,-0.0,1.0,0.0,0.795,0.0,0.0,0.0,3.0,44.0,-3.0,37.0
2016_10_HOU_JAX,2016,10,JAX,HOU,-3.7611,36.6561,65.9196,69.2813,135.2009,1.0,-0.84,-8.3866,0.0,0.0,0.0,0.0,0.5335,1.0,0.0,0.0,-3.7611,1.0,0.0,0.8248,0.0,0.0,0.0,3.0,42.0,-3.0,45.0
2016_10_DEN_NO,2016,10,NO,DEN,-1.2868,46.7028,74.736,63.4834,138.2193,1.0,0.0,-5.8932,0.0,0.0,0.0,0.0,-0.182,0.0,0.0,0.0,-0.0,1.0,0.0,1.0816,1.0,0.0,0.0,3.0,50.0,-2.0,48.0
2016_10_LA_NYJ,2016,10,NYJ,LA,2.8996,41.588,66.4063,62.6117,129.0181,1.0,0.0,1.2599,-2.3209,0.0,-2.3209,-2.3209,-2.3919,0.0,0.0,0.0,0.0,3.0,1.0,2.4495,0.0,0.0,0.0,-1.0,39.0,-3.0,15.0
2016_10_ATL_PHI,2016,10,PHI,ATL,-4.4215,47.33,68.7286,66.4043,135.133,1.0,-0.36,-1.3784,0.0,0.0,0.0,0.0,3.9785,0.0,0.0,0.0,-0.0,0.0,0.0,0.6635,0.0,0.0,0.0,2.0,48.5,9.0,39.0
2016_10_CHI_TB,2016,10,TB,CHI,-2.1914,46.7045,70.634,65.5293,136.1633,1.0,-0.36,0.0222,0.0,-0.1569,0.1569,-0.1569,-3.4745,0.0,0.0,0.0,-0.0,1.0,0.0,1.0018,0.0,0.0,0.0,-2.5,45.0,26.0,46.0
2016_10_GB_TEN,2016,10,TEN,GB,-3.3975,49.2027,62.6012,68.1683,130.7695,1.0,0.0,-7.8418,0.0,0.0,0.0,0.0,-0.6267,0.0,0.0,0.0,-0.0,0.0,0.0,0.5799,0.0,0.0,0.0,-3.0,48.5,22.0,72.0
2016_10_MIN_WAS,2016,10,WAS,MIN,-0.8069,42.5893,67.4387,65.8208,133.2595,1.0,0.84,-2.2462,0.0,0.0,0.0,0.0,2.2776,0.0,0.0,0.0,-0.0,1.0,0.0,0.9387,0.0,0.0,0.0,2.5,42.0,6.0,46.0
2016_10_MIA_SD,2016,10,SD,MIA,2.4574,44.6633,67.1147,62.5768,129.6915,1.0,0.0,0.6288,6.7108,0.0,6.7108,6.7108,1.0049,0.0,0.0,0.0,0.0,-3.0,0.0,2.2585,0.0,1.0,0.0,4.0,48.5,-7.0,55.0
2016_10_SF_ARI,2016,10,ARI,SF,9.3997,39.7567,75.6637,64.0697,139.7334,1.0,0.84,9.5392,0.0,1.4913,-1.4913,1.4913,-1.1418,1.0,0.0,0.0,9.3997,1.0,0.0,0.608,1.0,0.0,0.0,14.0,46.5,3.0,43.0
2016_10_DAL_PIT,2016,10,PIT,DAL,-5.061,49.1662,63.0464,66.6897,129.7361,1.0,0.0,-1.4719,0.0,0.0,0.0,0.0,1.7687,0.0,0.0,0.0,-0.0,1.0,0.0,1.0838,0.0,0.0,0.0,3.0,50.5,-5.0,65.0
2016_10_SEA_NE,2016,10,NE,SEA,3.8375,50.0724,68.5407,64.6334,133.1741,1.0,0.96,2.2262,0.0,0.0,0.0,0.0,-2.9158,0.0,1.0,1.0,0.0,3.0,0.0,2.4847,0.0,0.0,2.0,7.5,49.5,-7.0,55.0
2016_10_CIN_NYG,2016,10,NYG,CIN,-1.7405,49.193,64.7042,73.188,137.8923,1.0,-0.84,-0.9563,0.0,0.0,0.0,0.0,-1.1033,0.0,1.0,1.0,-0.0,0.0,0.0,0.5653,0.0,0.0,0.0,-1.0,49.5,1.0,41.0
2016_11_NO_CAR,2016,11,CAR,NO,2.6099,49.7961,67.9653,68.4527,136.418,1.0,0.0,3.7058,0.0,0.0,0.0,0.0,-3.9742,1.0,1.0,1.0,2.6099,1.0,0.0,0.6487,0.0,0.0,0.0,3.5,52.5,3.0,43.0
2016_11_BUF_CIN,2016,11,CIN,BUF,-0.0571,53.2025,65.431,67.5766,133.0076,1.0,-0.84,-0.657,0.0,0.0,0.0,0.0,1.1113,0.0,0.0,0.0,-0.0,0.0,0.0,0.3923,0.0,0.0,9.0,2.5,48.0,-4.0,28.0
2016_11_PIT_CLE,2016,11,CLE,PIT,-7.6795,52.2337,62.5378,67.948,130.4858,1.0,0.36,-10.4746,0.0,0.0,0.0,0.0,-5.7142,1.0,0.0,0.0,-7.6795,0.0,0.0,0.1143,0.0,17.0,9.0,-8.0,45.5,-15.0,33.0
2016_11_BAL_DAL,2016,11,DAL,BAL,7.2511,42.9146,63.4112,67.8512,131.2624,1.0,-0.36,4.8827,0.0,0.0,0.0,0.0,-0.0823,0.0,0.0,0.0,0.0,-1.0,0.0,1.2265,1.0,0.0,0.0,7.0,44.5,10.0,44.0
2016_11_JAX_DET,2016,11,DET,JAX,1.7948,48.7705,65.0094,66.7517,131.7611,1.0,0.84,8.4004,0.0,0.0,0.0,0.0,0.4762,0.0,0.0,0.0,0.0,0.0,0.0,0.8339,1.0,0.0,0.0,5.5,47.0,7.0,45.0
2016_11_TEN_IND,2016,11,IND,TEN,-3.2918,51.8328,68.6,66.833,135.433,1.0,0.84,3.4237,0.0,0.0,0.0,0.0,-4.36,1.0,0.0,0.0,-3.2918,1.0,0.0,0.2505,1.0,0.0,0.0,3.0,53.5,7.0,41.0
2016_11_TB_KC,2016,11,KC,TB,3.7031,40.5059,64.6114,71.5214,136.1328,1.0,0.0,8.9978,0.0,0.0,0.0,0.0,2.3585,0.0,0.0,0.0,0.0,-1.0,0.0,1.0285,0.0,0.0,0.0,7.0,45.0,-2.0,36.0
2016_11_ARI_MIN,2016,11,MIN,ARI,0.3149,33.7554,64.6258,69.9352,134.561,1.0,0.0,-1.4594,0.0,0.0,0.0,0.0,-0.5856,0.0,0.0,0.0,0.0,1.0,0.0,1.2828,1.0,0.0,0.0,2.0,39.5,6.0,54.0
2016_11_CHI_NYG,2016,11,NYG,CHI,3.1435,38.8459,66.497,66.533,133.03,1.0,-0.12,5.6889,0.0,0.0,0.0,0.0,1.1184,0.0,0.0,0.0,0.0,1.0,0.0,0.7056,0.0,0.0,4.0,7.0,41.5,6.0,38.0
2016_11_MIA_LA,2016,11,LA,MIA,-2.1541,39.6861,66.0693,61.111,127.1803,1.0,0.0,-1.1008,-2.7122,0.0,-2.7122,-2.7122,2.397,0.0,0.0,0.0,-0.0,-3.0,0.0,2.3327,0.0,0.0,0.0,1.0,39.0,-4.0,24.0
2016_11_PHI_SEA,2016,11,SEA,PHI,2.2804,41.6111,62.2492,69.8754,132.1245,1.0,0.0,4.3871,0.0,0.0,0.0,0.0,-1.1045,0.0,0.0,0.0,0.0,-3.0,0.0,2.375,0.0,0.0,0.0,6.5,43.0,11.0,41.0
2016_11_NE_SF,2016,11,SF,NE,-11.0984,53.0424,66.564,71.3234,137.8874,1.0,0.0,-13.5244,0.0,0.0,0.0,0.0,1.0123,0.0,0.0,0.0,-0.0,-3.0,0.0,2.6737,0.0,0.0,0.0,-10.5,51.5,-13.0,47.0
2016_11_GB_WAS,2016,11,WAS,GB,2.7864,52.7024,63.9119,69.5966,133.5085,1.0,0.0,0.7987,0.0,0.0,0.0,0.0,-0.9619,0.0,1.0,1.0,0.0,1.0,0.0,0.694,0.0,13.0,7.0,2.5,48.5,18.0,66.0
2016_11_HOU_OAK,2016,11,OAK,HOU,-0.5183,40.3726,66.2246,67.4787,133.7033,0.0,0.84,-0.4335,6.2039,0.0,6.2039,6.2039,0.1787,0.0,1.0,0.0,-0.0,0.0,0.0,0.0,0.0,0.0,0.0,6.5,45.5,7.0,47.0
2016_12_MIN_DET,2016,12,DET,MIN,-5.1675,43.3826,62.9471,63.357,126.3041,1.0,0.0,-1.4497,0.0,0.0,0.0,0.0,0.8667,1.0,0.0,0.0,-5.1675,1.0,0.0,0.5415,1.0,0.0,0.0,2.0,42.0,3.0,29.0
2016_12_WAS_DAL,2016,12,DAL,WAS,2.8472,60.0599,67.8421,64.4424,132.2845,1.0,0.0,2.8139,0.0,0.0,0.0,0.0,-1.6796,1.0,0.0,0.0,2.8472,-1.0,0.0,1.2074,1.0,0.0,0.0,5.5,53.0,5.0,57.0
2016_12_PIT_IND,2016,12,IND,PIT,-3.157,49.1199,66.0119,68.1714,134.1833,1.0,0.0,-2.1567,-2.7768,0.0,-2.7768,-2.7768,-6.0869,0.0,1.0,1.0,-0.0,0.0,0.0,0.3283,1.0,0.0,0.0,-8.0,50.0,-21.0,35.0
2016_12_ARI_ATL,2016,12,ATL,ARI,2.1727,45.4974,63.031,74.1761,137.2071,1.0,0.84,-0.596,0.0,0.0,0.0,0.0,-1.8135,0.0,0.0,0.0,0.0,2.0,1.0,1.5979,1.0,0.0,0.0,3.5,49.0,19.0,57.0
2016_12_CIN_BAL,2016,12,BAL,CIN,-2.7269,39.8256,69.1735,64.8948,134.0683,1.0,0.0,-1.2558,0.0,0.0,0.0,0.0,-1.8177,1.0,0.0,0.0,-2.7269,0.0,0.0,0.4228,0.0,2.0,0.0,3.5,42.0,5.0,33.0
2016_12_JAX_BUF,2016,12,BUF,JAX,5.9696,41.082,66.5997,67.288,133.8877,1.0,0.0,10.1704,0.0,0.0,0.0,0.0,-0.3227,0.0,0.0,0.0,0.0,0.0,0.0,0.8745,0.0,3.0,3.0,8.5,43.5,7.0,49.0
2016_12_TEN_CHI,2016,12,CHI,TEN,-1.9444,47.2098,62.8833,66.8912,129.7745,1.0,0.0,-0.8584,-1.9839,0.0,-1.9839,-1.9839,-2.987,0.0,0.0,0.0,-0.0,0.0,0.0,0.3962,0.0,1.0,5.0,-6.5,41.5,-6.0,48.0
2016_12_NYG_CLE,2016,12,CLE,NYG,-7.964,46.4327,66.4475,67.0299,133.4774,1.0,0.0,-10.3208,-1.8693,0.0,-1.8693,-1.8693,-5.607,0.0,0.0,0.0,-0.0,0.0,0.0,0.3994,0.0,0.0,0.0,-6.5,47.0,-14.0,40.0
2016_12_SD_HOU,2016,12,HOU,SD,0.4052,42.4024,68.1697,64.8197,132.9894,1.0,-0.96,2.4096,0.0,6.2954,-6.2954,6.2954,-0.6226,0.0,0.0,0.0,0.0,2.0,0.0,1.298,1.0,0.0,0.0,-2.5,45.5,-8.0,34.0
2016_12_SF_MIA,2016,12,MIA,SF,5.8127,43.5024,66.3048,65.3074,131.6122,1.0,0.0,6.9273,0.0,0.0,0.0,0.0,-0.9284,0.0,0.0,0.0,0.0,3.0,1.0,2.5549,0.0,3.0,0.0,7.0,44.5,7.0,55.0
2016_12_LA_NO,2016,12,NO,LA,3.5209,43.7232,68.7785,63.8282,132.6066,1.0,0.36,1.1605,0.0,-1.5486,1.5486,-1.5486,3.2463,0.0,0.0,0.0,0.0,2.0,0.0,1.6742,1.0,0.0,0.0,7.5,46.0,28.0,70.0
2016_12_SEA_TB,2016,12,TB,SEA,-4.4509,47.8232,74.6559,63.0256,137.6814,1.0,0.0,-9.4496,0.0,0.0,0.0,0.0,-3.4747,0.0,0.0,0.0,-0.0,3.0,0.0,2.5227,0.0,0.0,0.0,-5.0,46.0,9.0,19.0
2016_12_NE_NYJ,2016,12,NYJ,NE,-4.7472,52.552,66.8409,65.2962,132.137,1.0,0.84,-8.9599,0.0,0.0,0.0,0.0,0.5169,1.0,0.0,0.0,-4.7472,0.0,0.0,0.1702,0.0,0.0,0.0,-9.0,48.0,-5.0,39.0
2016_12_CAR_OAK,2016,12,OAK,CAR,-3.0058,42.1921,66.5678,67.8514,134.4192,1.0,-0.48,-1.3358,6.5512,0.0,6.5512,6.5512,0.7848,0.0,0.0,0.0,-0.0,-3.0,0.0,2.285,0.0,2.0,0.0,3.5,48.5,3.0,67.0
2016_12_KC_DEN,2016,12,DEN,KC,1.0502,35.9517,68.3921,64.4742,132.8663,1.0,0.84,0.0569,0.0,0.0,0.0,0.0,1.6514,1.0,1.0,1.0,1.0502,-1.0,0.0,0.5643,0.0,11.0,1.0,3.5,40.0,-3.0,57.0
2016_12_GB_PHI,2016,12,PHI,GB,2.9196,45.1226,64.6391,67.5056,132.1447,1.0,0.0,2.3493,0.0,0.0,0.0,0.0,-0.277,0.0,1.0,1.0,0.0,1.0,0.0,0.7315,0.0,0.0,0.0,4.0,47.0,-14.0,40.0
2016_13_DAL_MIN,2016,13,MIN,DAL,-3.1354,47.1871,62.5003,64.8619,127.3622,1.0,0.0,-3.3865,0.0,0.0,0.0,0.0,1.0185,0.0,1.0,1.0,-0.0,0.0,0.0,0.8694,1.0,0.0,0.0,-3.0,43.5,-2.0,32.0
2016_13_KC_ATL,2016,13,ATL,KC,4.3424,50.473,67.5464,66.6556,134.202,1.0,0.0,-3.1389,0.0,0.0,0.0,0.0,-2.1371,0.0,0.0,0.0,0.0,1.0,0.0,0.6689,1.0,0.0,0.0,5.0,50.0,-1.0,57.0
2016_13_MIA_BAL,2016,13,BAL,MIA,-2.7317,35.2293,70.2468,59.8814,130.1283,1.0,0.0,-0.6379,0.0,0.0,0.0,0.0,1.1414,0.0,0.0,0.0,-0.0,0.0,0.0,0.9439,0.0,0.0,0.0,3.5,41.5,32.0,44.0
2016_13_SF_CHI,2016,13,CHI,SF,2.1237,45.1013,68.7459,65.7293,134.4752,1.0,0.0,0.9105,-1.1128,0.0,-1.1128,-1.1128,1.4228,0.0,0.0,0.0,0.0,2.0,0.0,1.8413,0.0,0.0,12.0,-0.0,44.0,20.0,32.0
2016_13_PHI_CIN,2016,13,CIN,PHI,1.0279,43.6101,67.0371,68.4097,135.4468,1.0,0.12,-0.8439,0.0,0.0,0.0,0.0,1.7331,0.0,0.0,0.0,0.0,0.0,0.0,0.5013,0.0,0.0,3.0,1.0,42.0,18.0,46.0
2016_13_HOU_GB,2016,13,GB,HOU,0.3208,48.006,66.3434,63.8633,130.2066,1.0,-0.12,1.2928,0.0,0.0,0.0,0.0,3.3735,0.0,0.0,0.0,0.0,0.0,0.0,1.0998,0.0,0.0,13.0,7.0,44.5,8.0,34.0
2016_13_DEN_JAX,2016,13,JAX,DEN,-9.5366,34.606,71.0637,66.5342,137.598,1.0,0.0,-13.0529,0.0,-1.2672,1.2672,-1.2672,-0.4898,0.0,0.0,0.0,-0.0,2.0,1.0,1.4683,0.0,0.0,0.0,-3.5,39.0,-10.0,30.0
2016_13_LA_NE,2016,13,NE,LA,8.2132,45.9348,67.0713,63.8539,130.9252,1.0,0.0,10.9812,0.0,-2.2173,2.2173,-2.2173,-1.9399,0.0,0.0,0.0,0.0,3.0,1.0,2.5896,0.0,0.0,6.0,13.0,44.5,16.0,36.0
2016_13_DET_NO,2016,13,NO,DET,5.8863,53.3581,67.684,61.2645,128.9485,1.0,-0.36,-1.8495,0.0,0.0,0.0,0.0,3.936,0.0,0.0,0.0,0.0,-1.0,0.0,0.9409,1.0,0.0,0.0,6.5,53.0,-15.0,41.0
2016_13_BUF_OAK,2016,13,OAK,BUF,-0.5711,48.1962,65.7921,65.513,131.3051,1.0,0.0,-0.1997,6.8088,0.0,6.8088,6.8088,0.5315,0.0,0.0,0.0,-0.0,-3.0,0.0,2.2896,0.0,0.0,0.0,3.0,48.5,14.0,62.0
2016_13_WAS_ARI,2016,13,ARI,WAS,-1.9377,48.1939,70.3478,66.7101,137.0579,1.0,-0.36,-0.258,0.0,0.0,0.0,0.0,-2.7818,0.0,0.0,0.0,-0.0,-2.0,0.0,1.9951,1.0,0.0,0.0,2.5,48.5,8.0,54.0
2016_13_NYG_PIT,2016,13,PIT,NYG,1.5779,41.3015,68.7465,63.5445,132.291,1.0,0.36,1.7746,0.0,0.0,0.0,0.0,2.692,0.0,0.0,0.0,0.0,0.0,0.0,0.3125,0.0,61.0,2.0,7.0,49.5,10.0,38.0
2016_13_TB_SD,2016,13,SD,TB,-1.7115,44.6024,65.6533,70.5856,136.2389,1.0,0.0,0.1038,6.4722,0.0,6.4722,6.4722,1.8303,0.0,0.0,0.0,-0.0,-3.0,0.0,2.0807,0.0,0.0,0.0,3.5,49.0,-7.0,49.0
2016_13_CAR_SEA,2016,13,SEA,CAR,-0.7337,41.6988,64.0627,70.1242,134.1869,1.0,0.0,3.3895,0.0,0.0,0.0,0.0,0.8431,0.0,1.0,1.0,-0.0,-3.0,0.0,2.2805,0.0,0.0,8.0,8.5,44.0,33.0,47.0
2016_13_IND_NYJ,2016,13,NYJ,IND,2.613,48.1118,65.05,65.2729,130.3229,1.0,-0.36,-0.7201,0.0,0.0,0.0,0.0,3.4462,0.0,1.0,1.0,0.0,0.0,0.0,0.6408,0.0,0.0,0.0,1.0,48.5,-31.0,51.0
2016_14_OAK_KC,2016,14,KC,OAK,0.9357,45.4749,63.115,69.1131,132.228,1.0,0.0,3.0706,0.0,6.9867,-6.9867,6.9867,0.784,1.0,1.0,1.0,0.9357,2.0,0.0,1.4978,0.0,0.0,24.0,3.5,46.0,8.0,34.0
2016_14_PIT_BUF,2016,14,BUF,PIT,-3.2563,49.4365,64.8571,65.7513,130.6084,1.0,0.0,-2.2516,0.0,0.0,0.0,0.0,-4.8491,0.0,0.0,0.0,-0.0,0.0,0.0,0.1729,0.0,0.0,18.0,-1.0,45.5,-7.0,47.0
2016_14_SD_CAR,2016,14,CAR,SD,1.0361,42.2731,66.4723,67.1885,133.6608,1.0,0.0,3.4403,0.0,6.336,-6.336,6.336,-1.6254,0.0,0.0,0.0,0.0,3.0,1.0,2.0728,0.0,0.0,8.0,1.0,48.5,12.0,44.0
2016_14_CIN_CLE,2016,14,CLE,CIN,-9.5147,49.1267,66.1987,68.4534,134.6521,1.0,0.84,-10.5443,-1.1429,0.0,-1.1429,-1.1429,-6.8737,1.0,0.0,0.0,-9.5147,0.0,0.0,0.2231,0.0,5.0,17.0,-4.0,42.0,-13.0,33.0
2016_14_CHI_DET,2016,14,DET,CHI,2.358,47.6848,62.8636,62.2043,125.0679,1.0,0.0,8.107,0.0,-0.1195,0.1195,-0.1195,0.0686,1.0,0.0,0.0,2.358,1.0,0.0,0.2366,1.0,0.0,0.0,7.5,42.0,3.0,37.0
2016_14_HOU_IND,2016,14,IND,HOU,-0.5167,44.9029,64.0245,66.9639,130.9884,1.0,-0.12,1.3008,0.0,0.0,0.0,0.0,-2.9821,1.0,0.0,0.0,-0.5167,1.0,0.0,0.8709,1.0,0.0,0.0,6.5,47.5,-5.0,39.0
2016_14_MIN_JAX,2016,14,JAX,MIN,-7.5007,30.9752,67.0854,63.1156,130.2009,1.0,-0.36,-10.0013,0.0,0.0,0.0,0.0,-0.9586,0.0,0.0,0.0,-0.0,1.0,0.0,1.1925,0.0,0.0,0.0,-3.0,38.0,-9.0,41.0
2016_14_ARI_MIA,2016,14,MIA,ARI,-1.9516,40.6015,59.7434,73.0098,132.7533,1.0,0.0,-3.0829,0.0,0.0,0.0,0.0,-1.5701,0.0,0.0,0.0,-0.0,2.0,1.0,1.9824,0.0,8.0,0.0,-2.0,44.0,3.0,49.0
2016_14_WAS_PHI,2016,14,PHI,WAS,-3.9063,52.5869,68.9523,65.9974,134.9497,1.0,0.0,-1.5233,0.0,0.0,0.0,0.0,-0.9765,1.0,0.0,0.0,-3.9063,0.0,0.0,0.1136,0.0,0.0,10.0,-1.5,48.5,-5.0,49.0
2016_14_DEN_TEN,2016,14,TEN,DEN,-4.6698,40.9395,69.6678,67.9017,137.5694,1.0,0.84,-9.0873,0.0,0.0,0.0,0.0,1.2855,0.0,0.0,0.0,-0.0,1.0,0.0,1.0225,0.0,0.0,0.0,2.0,44.0,3.0,23.0
2016_14_NYJ_SF,2016,14,SF,NYJ,-5.1029,46.2337,64.4455,66.6789,131.1244,1.0,0.12,-4.6475,0.0,-3.6969,3.6969,-3.6969,-1.5504,0.0,0.0,0.0,-0.0,-3.0,0.0,2.5468,0.0,0.0,0.0,3.0,42.5,-6.0,40.0
2016_14_SEA_GB,2016,14,GB,SEA,-2.7917,49.3203,69.781,60.7938,130.5748,1.0,0.0,-5.4391,0.0,0.0,0.0,0.0,2.6158,0.0,0.0,0.0,-0.0,2.0,0.0,1.6437,0.0,0.0,19.0,-3.0,47.0,28.0,48.0
2016_14_ATL_LA,2016,14,LA,ATL,-7.9437,46.271,62.6305,66.4344,129.065,1.0,0.0,-6.4724,-3.4483,0.0,-3.4483,-3.4483,3.5125,0.0,0.0,0.0,-0.0,-3.0,0.0,1.9385,0.0,0.0,0.0,-4.5,44.0,-28.0,56.0
2016_14_NO_TB,2016,14,TB,NO,2.4512,50.213,68.3382,67.4063,135.7445,1.0,0.0,1.2763,0.0,0.0,0.0,0.0,-5.1076,1.0,0.0,0.0,2.4512,1.0,0.0,0.4779,0.0,0.0,0.0,2.0,52.0,5.0,27.0
2016_14_DAL_NYG,2016,14,NYG,DAL,-5.1838,47.2176,62.9157,68.2233,131.139,1.0,-0.36,-5.1288,0.0,0.0,0.0,0.0,2.2389,1.0,1.0,1.0,-5.1838,1.0,0.0,1.3851,0.0,0.0,13.0,-3.5,47.0,3.0,17.0
2016_14_BAL_NE,2016,14,NE,BAL,6.1177,42.3218,66.3418,67.4785,133.8203,1.0,0.0,6.7893,0.0,0.0,0.0,0.0,-1.2552,0.0,1.0,1.0,0.0,0.0,0.0,0.3414,0.0,0.0,14.0,6.0,45.5,7.0,53.0
2016_15_LA_SEA,2016,15,SEA,LA,7.5127,38.141,65.0597,64.2247,129.2844,1.0,0.0,9.7901,0.0,-4.4382,4.4382,-4.4382,-0.6626,1.0,1.0,1.0,7.5127,0.0,0.0,0.9651,0.0,0.0,9.0,15.0,39.5,21.0,27.0
2016_15_MIA_NYJ,2016,15,NYJ,MIA,-2.7461,44.3297,66.8363,60.0748,126.911,1.0,0.0,-2.6653,-3.5999,-1.1941,-2.4057,-4.794,-0.168,1.0,1.0,1.0,-2.7461,0.0,0.0,1.0856,0.0,0.0,10.0,-2.5,40.0,-21.0,47.0
2016_15_PHI_BAL,2016,15,BAL,PHI,2.2266,38.4931,65.6211,68.1415,133.7626,1.0,-0.12,2.0553,0.0,0.0,0.0,0.0,3.1199,0.0,0.0,0.0,0.0,0.0,0.0,0.0886,0.0,0.0,0.0,5.0,41.0,1.0,53.0
2016_15_CLE_BUF,2016,15,BUF,CLE,9.086,50.7928,66.0397,64.0263,130.0659,1.0,0.0,11.0497,0.0,-2.2702,2.2702,-2.2702,3.0164,0.0,0.0,0.0,0.0,0.0,0.0,0.173,0.0,5.0,19.0,10.5,43.5,20.0,46.0
2016_15_GB_CHI,2016,15,CHI,GB,-4.4739,49.6871,61.0084,66.6261,127.6345,1.0,0.0,-8.612,0.3503,0.0,0.3503,0.3503,-2.5212,1.0,0.0,0.0,-4.4739,0.0,0.0,0.1837,0.0,2.0,34.0,-4.5,40.0,-3.0,57.0
2016_15_PIT_CIN,2016,15,CIN,PIT,-3.049,48.5544,65.6414,67.0208,132.6623,1.0,0.0,-3.5018,0.0,0.0,0.0,0.0,-1.8738,1.0,0.0,0.0,-3.049,0.0,0.0,0.2566,0.0,0.0,21.0,-3.0,45.5,-4.0,44.0
2016_15_JAX_HOU,2016,15,HOU,JAX,4.4617,37.5445,65.847,66.5846,132.4316,1.0,0.0,8.3546,0.0,0.0,0.0,0.0,1.3057,1.0,0.0,0.0,4.4617,-1.0,0.0,0.8248,1.0,0.0,0.0,3.5,39.5,1.0,41.0
2016_15_TEN_KC,2016,15,KC,TEN,0.3944,46.4273,63.375,68.7917,132.1667,1.0,0.36,10.0184,0.0,0.0,0.0,0.0,-2.0589,0.0,0.0,0.0,0.0,0.0,0.0,0.4666,0.0,0.0,44.0,6.0,43.0,-2.0,36.0
2016_15_IND_MIN,2016,15,MIN,IND,3.5875,42.7383,64.6313,64.7547,129.3861,1.0,0.0,2.7921,0.0,0.0,0.0,0.0,5.9151,0.0,0.0,0.0,0.0,-1.0,0.0,0.5104,1.0,0.0,0.0,5.0,44.5,-28.0,40.0
2016_15_DET_NYG,2016,15,NYG,DET,0.876,41.1422,61.3136,67.4427,128.7564,1.0,0.0,-1.6305,0.0,0.0,0.0,0.0,1.6023,0.0,0.0,0.0,0.0,0.0,0.0,0.4753,0.0,0.0,0.0,4.0,42.5,11.0,23.0
2016_15_NO_ARI,2016,15,ARI,NO,0.7972,45.1784,69.4982,66.2865,135.7847,1.0,0.0,3.3907,0.0,0.0,0.0,0.0,-4.5923,0.0,0.0,0.0,0.0,-1.0,0.0,1.324,1.0,0.0,0.0,3.0,48.5,-7.0,89.0
2016_15_SF_ATL,2016,15,ATL,SF,12.104,53.551,69.3442,65.2136,134.5578,1.0,0.0,12.3964,0.0,0.0,0.0,0.0,-2.1898,0.0,0.0,0.0,0.0,3.0,0.0,2.1123,1.0,0.0,0.0,13.5,51.5,28.0,54.0
2016_15_NE_DEN,2016,15,DEN,NE,-0.9068,42.6283,66.1455,71.8317,137.9772,1.0,0.12,-3.684,0.0,0.0,0.0,0.0,1.5088,0.0,0.0,0.0,-0.0,-2.0,0.0,1.7585,0.0,0.0,27.0,-3.0,43.5,-13.0,19.0
2016_15_OAK_SD,2016,15,SD,OAK,0.0,45.3642,65.9938,65.9938,131.9875,1.0,-0.36,-5.0925,5.9566,6.2705,-0.3139,12.2271,0.0,1.0,0.0,0.0,0.0,0.0,0.0,0.4471,0.0,0.0,0.0,-2.5,49.5,-3.0,35.0
2016_15_TB_DAL,2016,15,DAL,TB,1.4548,48.3298,63.1346,68.2115,131.3461,1.0,0.0,4.5579,0.0,0.0,0.0,0.0,-0.3024,0.0,1.0,1.0,0.0,-1.0,0.0,0.9293,1.0,0.0,0.0,7.0,47.5,6.0,46.0
2016_15_CAR_WAS,2016,15,WAS,CAR,0.9903,51.5176,66.065,68.0617,134.1267,1.0,0.0,-0.7675,0.0,0.0,0.0,0.0,2.0659,0.0,1.0,1.0,0.0,0.0,0.0,0.3362,0.0,0.0,13.0,7.0,50.5,-11.0,41.0
2016_16_NYG_PHI,2016,16,PHI,NYG,-3.4614,37.1809,73.4272,60.7954,134.2226,1.0,0.0,-3.8911,0.0,0.0,0.0,0.0,-2.258,1.0,1.0,1.0,-3.4614,0.0,0.0,0.0854,0.0,0.0,5.0,2.0,42.5,5.0,43.0
2016_16_MIA_BUF,2016,16,BUF,MIA,-0.0481,47.4437,67.524,60.0955,127.6196,1.0,-0.12,0.2737,0.0,1.1086,-1.1086,1.1086,0.3762,1.0,0.0,0.0,-0.0481,0.0,0.0,1.1648,0.0,3.0,7.0,4.5,44.5,-3.0,65.0
2016_16_ATL_CAR,2016,16,CAR,ATL,-2.5854,47.115,67.0755,65.5723,132.6478,1.0,-0.12,-0.4733,0.0,0.0,0.0,0.0,1.6476,1.0,0.0,0.0,-2.5854,0.0,0.0,0.2261,0.0,0.0,0.0,-3.0,48.5,-17.0,49.0
2016_16_WAS_CHI,2016,16,CHI,WAS,-3.3631,53.7381,65.6021,64.5813,130.1834,1.0,0.12,-6.3693,0.0,0.0,0.0,0.0,-0.5208,0.0,0.0,0.0,-0.0,-1.0,0.0,0.6011,0.0,0.0,8.0,-3.0,49.0,-20.0,62.0
2016_16_SD_CLE,2016,16,CLE,SD,-9.9533,48.4676,62.9746,67.189,130.1635,1.0,0.0,-7.7934,-1.4807,5.9528,-7.4334,4.4721,-4.7472,0.0,0.0,0.0,-0.0,3.0,1.0,2.0259,0.0,3.0,7.0,-4.5,45.0,3.0,37.0
2016_16_MIN_GB,2016,16,GB,MIN,2.8519,45.264,64.9687,62.1946,127.1633,1.0,0.0,2.9772,0.0,0.0,0.0,0.0,0.1474,1.0,0.0,0.0,2.8519,0.0,0.0,0.257,0.0,0.0,8.0,6.0,44.5,13.0,63.0
2016_16_TEN_JAX,2016,16,JAX,TEN,-6.037,42.0601,68.2246,64.7739,132.9985,1.0,0.0,-6.412,0.0,0.0,0.0,0.0,-3.7068,1.0,0.0,0.0,-6.037,1.0,0.0,0.5008,0.0,0.0,0.0,-4.0,44.0,21.0,55.0
2016_16_NYJ_NE,2016,16,NE,NYJ,11.5077,49.176,65.7765,65.375,131.1515,1.0,-0.12,13.1446,0.0,-4.0549,4.0549,-4.0549,0.2913,1.0,0.0,0.0,11.5077,0.0,0.0,0.1702,0.0,0.0,5.0,17.0,45.0,38.0,44.0
2016_16_IND_OAK,2016,16,OAK,IND,-0.8264,48.7446,64.9493,66.742,131.6914,1.0,0.0,2.2262,6.3549,0.0,6.3549,6.3549,3.6763,0.0,0.0,0.0,-0.0,-3.0,0.0,1.9337,0.0,0.0,0.0,3.5,52.0,8.0,58.0
2016_16_SF_LA,2016,16,LA,SF,-0.0468,39.6597,67.2842,63.3346,130.6188,1.0,0.36,4.1491,-4.1601,0.0,-4.1601,-4.1601,0.6434,1.0,0.0,0.0,-0.0468,0.0,0.0,0.3135,0.0,0.0,0.0,6.0,39.5,-1.0,43.0
2016_16_TB_NO,2016,16,NO,TB,-2.4408,51.1762,68.5734,66.7498,135.3232,1.0,0.0,-0.8981,0.0,0.0,0.0,0.0,5.4248,1.0,0.0,0.0,-2.4408,-1.0,0.0,0.4779,1.0,0.0,0.0,3.0,53.0,7.0,55.0
2016_16_ARI_SEA,2016,16,SEA,ARI,3.5185,41.6604,64.2746,70.4109,134.6855,1.0,0.36,5.0668,0.0,0.0,0.0,0.0,1.2141,1.0,0.0,0.0,3.5185,-1.0,0.0,1.1043,0.0,0.0,6.0,9.0,43.5,-3.0,65.0
2016_16_CIN_HOU,2016,16,HOU,CIN,-0.4584,43.0265,70.0422,63.8499,133.8921,1.0,0.0,-0.869,1.2664,0.0,1.2664,1.2664,-1.4212,0.0,1.0,1.0,-0.0,-1.0,0.0,0.8979,1.0,0.0,0.0,3.0,41.5,2.0,22.0
2016_16_BAL_PIT,2016,16,PIT,BAL,5.8616,42.5627,67.2101,64.7659,131.976,1.0,0.0,4.2923,0.0,0.0,0.0,0.0,2.1524,1.0,0.0,0.0,5.8616,0.0,0.0,0.1972,0.0,0.0,4.0,5.5,46.5,4.0,58.0
2016_16_DEN_KC,2016,16,KC,DEN,-0.463,34.4468,65.9133,69.2588,135.1721,1.0,0.0,2.6802,0.0,0.0,0.0,0.0,-0.1114,1.0,1.0,1.0,-0.463,1.0,0.0,0.5643,0.0,0.0,0.0,3.5,38.5,23.0,43.0
2016_16_DET_DAL,2016,16,DAL,DET,5.7512,50.8752,63.0395,63.0012,126.0407,1.0,0.0,3.5874,0.0,0.0,0.0,0.0,-1.1711,0.0,1.0,1.0,0.0,-1.0,0.0,1.0133,1.0,0.0,0.0,6.5,47.0,21.0,63.0
2016_17_BAL_CIN,2016,17,CIN,BAL,1.3697,42.0145,66.2484,68.6956,134.944,1.0,0.12,-0.3494,0.0,0.0,0.0,0.0,1.1286,1.0,0.0,0.0,1.3697,0.0,0.0,0.4228,0.0,0.0,5.0,-2.5,40.5,17.0,37.0
2016_17_JAX_IND,2016,17,IND,JAX,2.8347,43.3408,65.5393,67.6062,133.1455,1.0,0.0,7.5748,0.0,0.0,0.0,0.0,-4.0576,1.0,0.0,0.0,2.8347,0.0,0.0,0.7002,1.0,0.0,0.0,5.5,48.5,4.0,44.0
2016_17_NE_MIA,2016,17,MIA,NE,-5.9941,48.5932,59.491,72.9598,132.4508,1.0,0.0,-7.8758,1.9189,0.0,1.9189,1.9189,-0.4084,1.0,0.0,0.0,-5.9941,0.0,0.0,1.2258,0.0,5.0,0.0,-7.5,47.0,-21.0,49.0
2016_17_CHI_MIN,2016,17,MIN,CHI,3.1847,42.5571,65.0097,62.7143,127.7241,1.0,0.0,6.2728,0.0,0.0,0.0,0.0,0.1675,1.0,0.0,0.0,3.1847,0.0,0.0,0.3553,1.0,0.0,0.0,6.0,44.0,28.0,48.0
2016_17_BUF_NYJ,2016,17,NYJ,BUF,-6.8127,49.6471,65.0987,65.2421,130.3408,1.0,0.0,-4.8482,0.0,-5.0542,5.0542,-5.0542,-0.4247,1.0,0.0,0.0,-6.8127,0.0,0.0,0.2779,0.0,1.0,3.0,-3.5,43.0,20.0,40.0
2016_17_DAL_PHI,2016,17,PHI,DAL,-7.4023,48.4596,68.4058,63.6875,132.0933,1.0,0.48,-7.0558,0.0,-7.4064,7.4064,-7.4064,-0.539,1.0,0.0,0.0,-7.4023,1.0,0.0,1.3126,0.0,0.0,0.0,6.5,44.0,14.0,40.0
2016_17_CLE_PIT,2016,17,PIT,CLE,14.0368,51.8462,66.8605,62.1618,129.0223,1.0,-0.12,15.3436,-6.2272,-1.0723,-5.155,-7.2995,8.752,1.0,0.0,0.0,14.0368,0.0,0.0,0.1143,0.0,0.0,4.0,3.5,41.5,3.0,51.0
2016_17_CAR_TB,2016,17,TB,CAR,0.3749,38.9777,67.9583,66.3749,134.3332,1.0,0.0,-2.8117,0.0,0.0,0.0,0.0,-1.2812,1.0,0.0,0.0,0.3749,0.0,0.0,0.5103,0.0,0.0,0.0,3.5,44.5,1.0,33.0
2016_17_HOU_TEN,2016,17,TEN,HOU,0.2593,41.2299,62.2462,69.2937,131.5399,1.0,0.0,-4.1103,-5.5607,0.0,-5.5607,-5.5607,2.4321,1.0,0.0,0.0,0.2593,0.0,0.0,0.6715,0.0,0.0,0.0,3.0,41.5,7.0,41.0
2016_17_NO_ATL,2016,17,ATL,NO,6.1968,58.2848,62.9709,69.2804,132.2512,1.0,0.0,5.0837,0.0,0.0,0.0,0.0,-7.2917,1.0,0.0,0.0,6.1968,1.0,0.0,0.4244,1.0,0.0,0.0,7.5,58.5,6.0,70.0
2016_17_OAK_DEN,2016,17,DEN,OAK,1.9049,36.3324,65.6907,70.4473,136.138,1.0,-0.12,-1.0032,0.0,2.3716,-2.3716,2.3716,0.4533,1.0,0.0,0.0,1.9049,1.0,0.0,0.9345,0.0,0.0,0.0,1.0,40.0,18.0,30.0
2016_17_ARI_LA,2016,17,LA,ARI,-7.962,35.2271,63.8849,68.9527,132.8376,1.0,0.0,-6.5428,0.0,0.0,0.0,0.0,0.4697,1.0,0.0,0.0,-7.962,-1.0,0.0,0.3503,0.0,0.0,0.0,-7.0,39.0,-38.0,50.0
2016_17_KC_SD,2016,17,SD,KC,-3.5425,44.1033,68.3139,63.0594,131.3733,1.0,0.12,-10.625,6.178,0.0,6.178,6.178,-0.5329,1.0,0.0,0.0,-3.5425,-2.0,0.0,1.3344,0.0,0.0,0.0,-5.5,45.0,-10.0,64.0
2016_17_SEA_SF,2016,17,SF,SEA,-8.9944,44.5585,64.3077,68.9759,133.2837,1.0,0.0,-13.5436,0.0,0.0,0.0,0.0,1.3122,1.0,0.0,0.0,-8.9944,0.0,0.0,0.7045,0.0,0.0,0.0,-11.5,44.5,-2.0,48.0
2016_17_NYG_WAS,2016,17,WAS,NYG,2.6205,46.7093,66.5483,67.9378,134.4861,1.0,-0.24,-0.1873,0.0,0.0,0.0,0.0,0.2662,1.0,0.0,0.0,2.6205,0.0,0.0,0.1981,0.0,0.0,0.0,10.0,47.5,-9.0,29.0
2016_17_GB_DET,2016,17,DET,GB,-6.1002,54.9199,63.4018,62.5222,125.924,1.0,-0.24,-2.8143,0.0,0.0,0.0,0.0,-1.3548,1.0,1.0,1.0,-6.1002,1.0,0.0,0.2927,1.0,0.0,0.0,-3.5,50.0,-7.0,55.0
2016_18_OAK_HOU,2016,18,HOU,OAK,-0.3437,38.5797,68.6504,62.6778,131.3282,1.0,0.0,-3.47,0.0,1.2097,-1.2097,1.2097,0.0766,0.0,0.0,0.0,-0.0,2.0,0.0,1.6306,1.0,0.0,0.0,4.0,37.5,13.0,41.0
2016_18_DET_SEA,2016,18,SEA,DET,5.3995,50.389,63.2901,64.3272,127.6173,1.0,0.0,4.4951,0.0,0.0,0.0,0.0,-0.2623,0.0,1.0,1.0,0.0,-3.0,0.0,1.9331,0.0,0.0,7.0,8.0,45.5,20.0,32.0
2016_18_MIA_PIT,2016,18,PIT,MIA,4.0139,50.7845,69.9621,60.3023,130.2644,1.0,0.0,4.8334,0.0,1.3884,-1.3884,1.3884,4.9497,0.0,0.0,0.0,0.0,0.0,0.0,1.0012,0.0,6.0,28.0,11.0,47.5,18.0,42.0
2016_18_NYG_GB,2016,18,GB,NYG,3.5919,43.3349,66.37,65.2934,131.6634,1.0,0.0,2.2656,0.0,0.0,0.0,0.0,-0.1563,0.0,0.0,0.0,0.0,-1.0,0.0,0.7539,0.0,0.0,31.0,5.0,46.5,25.0,51.0
2016_19_SEA_ATL,2016,19,ATL,SEA,4.6228,52.1458,63.0834,66.7106,129.794,1.0,0.72,-0.115,0.0,0.0,0.0,0.0,-2.6027,0.0,0.0,0.0,0.0,3.0,0.0,2.1774,1.0,0.0,0.0,6.5,51.0,16.0,56.0
2016_19_HOU_NE,2016,19,NE,HOU,6.9618,40.6812,65.7797,66.9257,132.7053,1.0,0.72,9.6385,0.0,0.0,0.0,0.0,-0.0699,0.0,1.0,1.0,0.0,1.0,0.0,1.5919,0.0,0.0,17.0,16.0,44.0,18.0,50.0
2016_19_GB_DAL,2016,19,DAL,GB,-0.3321,55.0899,62.9226,66.5613,129.4839,1.0,0.84,-0.7848,0.0,0.0,0.0,0.0,-0.3716,0.0,0.0,0.0,-0.0,0.0,0.0,0.9459,1.0,0.0,0.0,5.5,52.5,-3.0,65.0
2016_19_PIT_KC,2016,19,KC,PIT,-0.7179,49.8137,62.5341,67.3076,129.8418,1.0,0.84,1.2807,0.0,0.0,0.0,0.0,-3.1251,0.0,1.0,1.0,-0.0,-1.0,0.0,0.7738,0.0,0.0,12.0,2.5,45.5,-2.0,34.0
2016_20_GB_ATL,2016,20,ATL,GB,2.7702,60.8609,63.7973,65.9603,129.7576,1.0,0.12,0.2414,0.0,0.0,0.0,0.0,-4.4701,0.0,0.0,0.0,0.0,1.0,0.0,0.7678,1.0,0.0,0.0,6.5,59.5,23.0,65.0
2016_20_PIT_NE,2016,20,NE,PIT,4.1532,50.8153,66.6802,63.7389,130.4191,1.0,0.12,3.5843,0.0,0.0,0.0,0.0,-4.1608,0.0,0.0,0.0,0.0,0.0,0.0,0.4683,0.0,0.0,4.0,5.5,49.5,19.0,53.0
2016_21_NE_ATL,2016,21,ATL,NE,-0.8356,56.5913,64.3097,67.7989,132.1086,0.0,0.0,-3.471,0.0,0.0,0.0,0.0,-2.7287,0.0,0.0,0.0,-0.0,0.0,0.0,0.0,1.0,0.0,0.0,-3.0,57.0,-6.0,62.0
2017_01_KC_NE,2017,1,NE,KC,5.0278,48.6913,71.1863,61.2683,132.4546,1.0,0.0,3.0815,0.0,0.0,0.0,0.0,0.0692,0.0,1.0,1.0,0.0,1.0,0.0,1.2328,0.0,0.0,0.0,8.0,47.5,-15.0,69.0
2017_01_NYJ_BUF,2017,1,BUF,NYJ,3.407,47.2242,64.3309,64.7641,129.0949,1.0,0.0,1.3067,0.0,-0.713,0.713,-0.713,0.934,1.0,0.0,0.0,3.407,0.0,0.0,0.2779,0.0,0.0,0.0,7.0,42.0,9.0,33.0
2017_01_ATL_CHI,2017,1,CHI,ATL,-11.7182,54.1369,65.7892,63.7637,129.5529,1.0,0.0,-9.479,0.2028,0.0,0.2028,0.2028,4.3696,0.0,0.0,0.0,-0.0,-1.0,0.0,0.5869,0.0,0.0,0.0,-6.5,48.0,-6.0,40.0
2017_01_BAL_CIN,2017,1,CIN,BAL,2.4206,43.1024,65.9462,69.1819,135.1281,1.0,0.0,1.1506,0.0,0.0,0.0,0.0,0.9966,1.0,0.0,0.0,2.4206,0.0,0.0,0.4228,0.0,0.0,0.0,2.5,41.5,-20.0,20.0
2017_01_PIT_CLE,2017,1,CLE,PIT,-10.3285,51.9374,63.5509,67.1033,130.6541,1.0,0.0,-10.6002,-2.6945,0.0,-2.6945,-2.6945,-7.6029,1.0,0.0,0.0,-10.3285,0.0,0.0,0.1143,0.0,1.0,0.0,-10.0,47.0,-3.0,39.0
2017_01_ARI_DET,2017,1,DET,ARI,-5.0646,46.1249,64.4052,67.4009,131.8061,1.0,0.0,-1.5896,0.0,0.0,0.0,0.0,1.2262,0.0,0.0,0.0,-0.0,2.0,1.0,1.6944,1.0,0.0,0.0,-2.5,48.5,12.0,58.0
2017_01_JAX_HOU,2017,1,HOU,JAX,2.5656,33.0991,68.3082,66.0617,134.3699,1.0,0.0,5.0102,0.1017,0.0,0.1017,0.1017,0.1719,1.0,0.0,0.0,2.5656,-1.0,0.0,0.8248,0.0,0.0,0.0,5.5,38.0,-22.0,36.0
2017_01_OAK_TEN,2017,1,TEN,OAK,0.4778,46.9918,65.321,66.9669,132.2878,1.0,0.0,-3.0013,0.0,6.935,-6.935,6.935,1.927,0.0,0.0,0.0,0.0,2.0,0.0,1.9476,0.0,0.0,0.0,2.5,49.5,-10.0,42.0
2017_01_PHI_WAS,2017,1,WAS,PHI,1.3553,50.2564,62.7983,70.5323,133.3306,1.0,0.0,-0.2138,0.0,0.0,0.0,0.0,1.0945,1.0,0.0,0.0,1.3553,0.0,0.0,0.1136,0.0,0.0,0.0,-2.0,49.5,-13.0,47.0
2017_01_IND_LA,2017,1,LA,IND,-5.7327,42.4055,63.4232,66.8398,130.263,1.0,0.0,-4.4968,-3.942,-4.3408,0.3987,-8.2828,3.2811,0.0,0.0,0.0,-0.0,-3.0,0.0,1.8132,0.0,0.0,0.0,3.5,41.5,37.0,55.0
2017_01_SEA_GB,2017,1,GB,SEA,1.7395,52.4824,65.8742,63.8349,129.7091,1.0,0.0,0.3694,0.0,0.0,0.0,0.0,1.7174,0.0,0.0,0.0,0.0,2.0,0.0,1.6437,0.0,1.0,0.0,2.5,49.5,8.0,26.0
2017_01_CAR_SF,2017,1,SF,CAR,-6.6567,40.3472,64.333,70.3783,134.7113,1.0,0.0,-7.1298,1.1849,0.0,1.1849,1.1849,0.6394,0.0,0.0,0.0,-0.0,-3.0,0.0,2.2761,0.0,0.0,0.0,-4.5,45.5,-20.0,26.0
2017_01_NYG_DAL,2017,1,DAL,NYG,3.4561,42.7371,66.2661,65.308,131.5741,1.0,0.0,1.8126,0.0,0.0,0.0,0.0,-1.2297,1.0,1.0,1.0,3.4561,-1.0,0.0,1.3851,1.0,0.0,0.0,6.0,46.5,16.0,22.0
2017_01_NO_MIN,2017,1,MIN,NO,0.7834,47.8037,63.6193,67.5576,131.1769,1.0,0.0,0.4362,0.0,0.0,0.0,0.0,-2.0148,0.0,1.0,1.0,0.0,0.0,0.0,1.0523,1.0,0.0,0.0,3.0,47.5,10.0,48.0
2017_01_LAC_DEN,2017,1,DEN,LAC,3.2743,38.5193,65.778,68.7696,134.5476,1.0,0.0,5.1579,0.0,0.0,0.0,0.0,1.5769,1.0,1.0,1.0,3.2743,1.0,0.0,0.8369,0.0,2.0,0.0,3.0,41.5,3.0,45.0
2017_02_HOU_CIN,2017,2,CIN,HOU,1.4605,37.9722,64.0602,70.1454,134.2056,1.0,0.0,1.0768,0.0,-1.3025,1.3025,-1.3025,2.7443,0.0,1.0,1.0,0.0,1.0,0.0,0.8979,0.0,0.0,0.0,5.5,38.0,-4.0,22.0
2017_02_CLE_BAL,2017,2,BAL,CLE,7.6044,42.7859,68.5499,63.6091,132.159,1.0,0.0,7.871,0.0,0.2705,-0.2705,0.2705,6.6076,1.0,0.0,0.0,7.6044,0.0,0.0,0.3083,0.0,0.0,0.0,7.5,39.5,14.0,34.0
2017_02_BUF_CAR,2017,2,CAR,BUF,1.0943,42.4866,65.7427,66.0396,131.7823,1.0,0.0,1.892,0.0,0.0,0.0,0.0,0.9256,0.0,0.0,0.0,0.0,0.0,0.0,0.5332,0.0,0.0,0.0,6.5,43.0,6.0,12.0
2017_02_ARI_IND,2017,2,IND,ARI,-3.6554,42.1384,65.3524,69.4253,134.7777,1.0,0.0,-1.7565,-4.0617,0.0,-4.0617,-4.0617,-2.1026,0.0,0.0,0.0,-0.0,2.0,1.0,1.5035,1.0,0.0,0.0,-7.0,44.0,-3.0,29.0
2017_02_TEN_JAX,2017,2,JAX,TEN,0.6374,42.682,68.2997,66.5573,134.8569,1.0,0.0,-0.458,0.0,0.0,0.0,0.0,-0.5437,1.0,0.0,0.0,0.6374,1.0,0.0,0.5008,0.0,0.0,0.0,-1.0,42.0,-21.0,53.0
2017_02_PHI_KC,2017,2,KC,PHI,3.5362,42.9435,61.2073,71.5273,132.7346,1.0,0.36,4.4904,0.0,0.0,0.0,0.0,0.4195,0.0,0.0,0.0,0.0,-1.0,0.0,1.0299,0.0,0.0,0.0,4.0,46.5,7.0,47.0
2017_02_NE_NO,2017,2,NO,NE,-6.2625,59.4097,66.6832,68.5609,135.2441,1.0,-0.48,-7.4045,0.0,0.0,0.0,0.0,3.1845,0.0,0.0,0.0,-0.0,-1.0,0.0,1.3399,1.0,0.0,0.0,-5.5,55.0,-16.0,56.0
2017_02_MIN_PIT,2017,2,PIT,MIN,1.4521,46.6939,63.1464,64.0341,127.1805,1.0,0.12,3.24,0.0,-4.6557,4.6557,-4.6557,2.8849,0.0,0.0,0.0,0.0,1.0,0.0,0.7403,0.0,0.0,0.0,8.5,43.0,17.0,35.0
2017_02_CHI_TB,2017,2,TB,CHI,4.8357,46.5398,66.6502,63.9568,130.6071,1.0,0.84,4.9156,0.0,-0.5512,0.5512,-0.5512,-1.4724,0.0,0.0,0.0,0.0,1.0,0.0,1.0018,0.0,0.0,0.0,7.0,44.0,22.0,36.0
2017_02_MIA_LAC,2017,2,LAC,MIA,1.2883,47.9574,67.5116,61.3177,128.8293,1.0,-0.96,-2.9567,0.0,-2.7401,2.7401,-2.7401,1.2338,0.0,0.0,0.0,0.0,-3.0,0.0,2.3327,0.0,0.0,0.0,3.5,46.5,-2.0,36.0
2017_02_NYJ_OAK,2017,2,OAK,NYJ,4.8705,44.2947,65.1398,64.027,129.1668,1.0,0.0,4.4844,7.2188,-1.5985,8.8172,5.6203,1.2315,0.0,0.0,0.0,0.0,-3.0,0.0,2.5503,0.0,0.0,0.0,14.0,44.0,25.0,65.0
2017_02_DAL_DEN,2017,2,DEN,DAL,-1.9753,44.9972,65.1047,67.4979,132.6025,1.0,-0.12,-0.8368,0.0,0.0,0.0,0.0,0.1979,0.0,0.0,0.0,-0.0,-1.0,0.0,0.6543,0.0,0.0,0.0,-2.5,44.0,25.0,59.0
2017_02_WAS_LA,2017,2,LA,WAS,-5.0347,42.834,64.8194,63.6311,128.4505,1.0,0.0,-1.5046,0.0,0.0,0.0,0.0,-0.7394,0.0,0.0,0.0,-0.0,-3.0,0.0,2.311,0.0,0.0,0.0,3.0,45.5,-7.0,47.0
2017_02_SF_SEA,2017,2,SEA,SF,8.5713,42.0648,65.7701,64.7146,130.4847,1.0,0.0,8.942,0.0,-0.3078,0.3078,-0.3078,0.0447,1.0,0.0,0.0,8.5713,0.0,0.0,0.7045,0.0,2.0,0.0,13.5,42.0,3.0,21.0
2017_02_GB_ATL,2017,2,ATL,GB,3.3396,58.4582,61.1825,69.3654,130.5479,1.0,0.0,0.8346,0.0,0.0,0.0,0.0,-4.1994,0.0,1.0,1.0,0.0,1.0,0.0,0.7678,0.0,0.0,0.0,3.5,55.0,11.0,57.0
2017_02_DET_NYG,2017,2,NYG,DET,1.3886,41.3611,64.0114,66.4295,130.4409,1.0,0.0,-0.6495,0.0,0.0,0.0,0.0,0.1753,0.0,1.0,1.0,0.0,0.0,0.0,0.4753,0.0,0.0,0.0,3.0,42.0,-14.0,34.0
2017_03_LA_SF,2017,3,SF,LA,-1.5749,37.1421,61.7423,65.0141,126.7564,1.0,0.0,-3.5046,-1.5826,0.0,-1.5826,-1.5826,-0.0321,1.0,1.0,1.0,-1.5749,0.0,0.0,0.3135,0.0,3.0,0.0,-3.0,40.5,-2.0,80.0
2017_03_DEN_BUF,2017,3,BUF,DEN,-3.7457,41.8947,67.6676,66.4571,134.1247,1.0,0.0,-4.5864,0.0,0.0,0.0,0.0,-0.965,0.0,0.0,0.0,-0.0,2.0,1.0,1.3729,0.0,0.0,0.0,-3.5,40.0,10.0,42.0
2017_03_NO_CAR,2017,3,CAR,NO,5.3464,46.9353,66.704,65.592,132.2959,1.0,0.0,4.2183,0.0,0.0,0.0,0.0,-1.9846,1.0,0.0,0.0,5.3464,1.0,0.0,0.6487,0.0,0.0,0.0,5.5,46.5,-21.0,47.0
2017_03_PIT_CHI,2017,3,CHI,PIT,-9.1854,49.0336,63.6334,64.7274,128.3607,1.0,0.0,-10.76,0.0,0.0,0.0,0.0,-4.3786,0.0,0.0,0.0,-0.0,-1.0,0.0,0.4072,0.0,0.0,0.0,-7.0,43.5,6.0,40.0
2017_03_ATL_DET,2017,3,DET,ATL,-8.9464,53.9704,66.7845,61.7765,128.561,1.0,-0.12,-3.7973,0.0,0.0,0.0,0.0,3.8764,0.0,0.0,0.0,-0.0,0.0,0.0,0.5977,1.0,0.0,0.0,-3.0,51.0,-4.0,56.0
2017_03_CLE_IND,2017,3,IND,CLE,3.2458,47.9704,65.7659,65.1073,130.8733,1.0,0.0,5.325,-4.4074,0.0,-4.4074,-4.4074,1.8601,0.0,0.0,0.0,0.0,0.0,0.0,0.2633,1.0,0.0,0.0,1.0,42.0,3.0,59.0
2017_03_TB_MIN,2017,3,MIN,TB,-1.4996,41.7847,64.6553,67.1519,131.8072,1.0,0.0,-0.1677,-5.0857,0.0,-5.0857,-5.0857,1.5635,0.0,0.0,0.0,-0.0,-1.0,0.0,1.315,1.0,0.0,0.0,-0.0,41.0,17.0,51.0
2017_03_HOU_NE,2017,3,NE,HOU,8.2508,42.9908,68.5518,67.4084,135.9602,1.0,-0.36,7.937,0.0,-0.7785,0.7785,-0.7785,1.339,0.0,0.0,0.0,0.0,1.0,0.0,1.5919,0.0,0.0,0.0,13.5,44.5,3.0,69.0
2017_03_MIA_NYJ,2017,3,NYJ,MIA,-4.1413,48.7261,64.5297,60.9342,125.4639,1.0,0.0,-3.8642,-1.0881,-1.5593,0.4712,-2.6474,-0.4637,1.0,0.0,0.0,-4.1413,0.0,0.0,1.0856,0.0,0.0,0.0,-5.5,43.0,14.0,26.0
2017_03_NYG_PHI,2017,3,PHI,NYG,2.2051,36.427,70.133,60.7936,130.9266,1.0,0.12,2.0229,0.0,0.0,0.0,0.0,-0.405,1.0,0.0,0.0,2.2051,0.0,0.0,0.0854,0.0,0.0,0.0,5.0,42.0,3.0,51.0
2017_03_SEA_TEN,2017,3,TEN,SEA,0.0514,43.5381,64.7115,65.6883,130.3998,1.0,0.0,-4.0743,0.0,0.0,0.0,0.0,3.5745,0.0,0.0,0.0,0.0,2.0,0.0,1.9707,0.0,0.0,0.0,2.0,42.0,6.0,60.0
2017_03_CIN_GB,2017,3,GB,CIN,6.1307,49.7835,68.8088,62.9755,131.7843,1.0,-0.36,4.7447,0.0,0.0,0.0,0.0,-0.8411,0.0,0.0,0.0,0.0,-1.0,0.0,0.4157,0.0,0.0,0.0,7.0,47.5,3.0,51.0
2017_03_KC_LAC,2017,3,LAC,KC,-4.0155,49.9805,67.5363,62.4836,130.0198,1.0,0.0,-9.7644,0.0,0.0,0.0,0.0,-0.6055,1.0,0.0,0.0,-4.0155,-2.0,0.0,1.3666,0.0,0.0,0.0,-3.0,47.5,-14.0,34.0
2017_03_OAK_WAS,2017,3,WAS,OAK,0.8405,50.7029,65.4285,65.5628,130.9912,1.0,0.0,-2.6378,0.0,7.9789,-7.9789,7.9789,1.0162,0.0,1.0,1.0,0.0,3.0,0.0,2.433,0.0,0.0,0.0,-3.5,53.0,17.0,37.0
2017_03_BAL_JAX,2017,3,JAX,BAL,-2.4749,33.7209,66.8036,69.1058,135.9093,0.0,0.0,-6.1127,0.0,0.0,0.0,0.0,-1.173,0.0,1.0,0.0,-0.0,0.0,0.0,0.0,0.0,0.0,0.0,-3.0,38.0,37.0,51.0
2017_03_DAL_ARI,2017,3,ARI,DAL,-1.9348,43.7178,68.9405,67.6392,136.5796,1.0,0.0,-1.5119,0.0,0.0,0.0,0.0,-1.1292,0.0,1.0,1.0,-0.0,-1.0,0.0,0.8785,1.0,0.0,0.0,-3.0,46.5,-11.0,45.0
2017_04_CHI_GB,2017,4,GB,CHI,6.5684,51.0559,67.4223,61.4161,128.8384,1.0,0.0,8.3817,0.0,0.0,0.0,0.0,1.1894,1.0,1.0,1.0,6.5684,0.0,0.0,0.1837,0.0,0.0,0.0,7.5,44.0,21.0,49.0
2017_04_BUF_ATL,2017,4,ATL,BUF,6.8976,52.0769,63.394,67.8331,131.227,1.0,0.0,5.7299,0.0,0.0,0.0,0.0,-1.344,0.0,0.0,0.0,0.0,0.0,0.0,0.6932,1.0,0.0,0.0,8.0,48.0,-6.0,40.0
2017_04_PIT_BAL,2017,4,BAL,PIT,-5.04,40.481,65.9647,65.4803,131.445,1.0,0.0,-4.303,0.0,0.0,0.0,0.0,-2.1728,1.0,0.0,0.0,-5.04,0.0,0.0,0.1972,0.0,0.0,0.0,-3.5,42.0,-17.0,35.0
2017_04_CIN_CLE,2017,4,CLE,CIN,-5.9952,45.4596,67.7381,65.6144,133.3526,1.0,0.0,-5.8342,0.0,0.0,0.0,0.0,-6.128,1.0,0.0,0.0,-5.9952,0.0,0.0,0.2231,0.0,0.0,0.0,-3.0,41.5,-24.0,38.0
2017_04_LA_DAL,2017,4,DAL,LA,4.6209,48.2696,65.0609,63.7506,128.8114,1.0,-0.48,6.3806,0.0,0.0,0.0,0.0,-0.2201,0.0,0.0,0.0,0.0,2.0,0.0,1.2269,1.0,0.0,0.0,5.0,51.0,-5.0,65.0
2017_04_TEN_HOU,2017,4,HOU,TEN,-2.4127,40.4155,70.3439,63.994,134.3379,1.0,0.0,-0.4837,0.4323,0.0,0.4323,0.4323,-4.4036,1.0,0.0,0.0,-2.4127,0.0,0.0,0.6715,0.0,0.0,0.0,-2.5,43.0,43.0,71.0
2017_04_DET_MIN,2017,4,MIN,DET,2.5339,44.4482,64.637,63.1767,127.8137,1.0,0.0,-0.2215,-3.305,0.0,-3.305,-3.305,-0.7281,1.0,0.0,0.0,2.5339,-1.0,0.0,0.5415,1.0,0.0,0.0,2.5,43.0,-7.0,21.0
2017_04_CAR_NE,2017,4,NE,CAR,5.4856,46.1743,67.0273,65.3042,132.3315,1.0,0.0,6.2938,0.0,0.0,0.0,0.0,-0.5095,0.0,0.0,0.0,0.0,0.0,0.0,0.7011,0.0,0.0,0.0,9.0,48.0,-3.0,63.0
2017_04_JAX_NYJ,2017,4,NYJ,JAX,-5.9164,39.5263,63.5762,66.1149,129.6911,1.0,0.0,0.5805,-0.1088,0.0,-0.1088,-0.1088,-2.7749,0.0,0.0,0.0,-0.0,0.0,0.0,0.8394,0.0,0.0,0.0,-4.0,38.5,3.0,43.0
2017_04_SF_ARI,2017,4,ARI,SF,8.8916,40.3099,72.7276,63.1028,135.8304,1.0,-0.48,7.1179,0.0,-1.038,1.038,-1.038,-0.568,1.0,0.0,0.0,8.8916,1.0,0.0,0.608,1.0,0.0,0.0,6.5,43.0,3.0,33.0
2017_04_PHI_LAC,2017,4,LAC,PHI,-1.8473,46.5933,62.9386,68.0616,131.0002,1.0,0.0,-5.224,0.0,0.0,0.0,0.0,-0.304,0.0,0.0,0.0,-0.0,-3.0,0.0,2.3962,0.0,0.0,0.0,1.5,48.0,-2.0,50.0
2017_04_NYG_TB,2017,4,TB,NYG,1.3696,39.7577,68.2495,64.593,132.8424,1.0,0.0,0.711,0.0,0.0,0.0,0.0,-0.9585,0.0,0.0,0.0,0.0,0.0,0.0,1.0076,0.0,0.0,0.0,2.5,46.0,2.0,48.0
2017_04_OAK_DEN,2017,4,DEN,OAK,3.6599,40.9404,67.4921,67.0034,134.4955,1.0,0.0,1.6467,0.0,6.7656,-6.7656,6.7656,1.0046,1.0,0.0,0.0,3.6599,1.0,0.0,0.9345,0.0,0.0,0.0,3.5,44.0,6.0,26.0
2017_04_IND_SEA,2017,4,SEA,IND,2.291,44.3563,66.4871,65.0762,131.5633,1.0,0.0,3.2362,0.0,-3.7453,3.7453,-3.7453,-0.1799,0.0,1.0,1.0,0.0,-3.0,0.0,1.8677,0.0,0.0,0.0,12.5,41.5,28.0,64.0
2017_04_NO_MIA,2017,4,MIA,NO,-2.1954,55.0219,61.871,67.1957,129.0667,0.0,0.0,-0.6584,-2.3042,0.0,-2.3042,-2.3042,-2.5266,0.0,1.0,0.0,-0.0,0.0,0.0,0.0,0.0,3.0,0.0,-4.0,51.5,-20.0,20.0
2017_04_WAS_KC,2017,4,KC,WAS,0.7754,49.4428,59.9678,69.4365,129.4043,1.0,0.0,5.8501,0.0,0.0,0.0,0.0,-0.0884,0.0,1.0,1.0,0.0,-1.0,0.0,0.945,0.0,4.0,0.0,6.5,48.0,9.0,49.0
2017_05_NE_TB,2017,5,TB,NE,-4.8003,56.4807,64.6048,71.4024,136.0072,1.0,0.0,-6.6657,0.0,0.0,0.0,0.0,-0.3316,0.0,1.0,1.0,-0.0,0.0,0.0,1.1619,0.0,0.0,0.0,-3.5,54.5,-5.0,33.0
2017_05_BUF_CIN,2017,5,CIN,BUF,-2.5913,42.6355,65.9364,65.3663,131.3028,1.0,0.0,-2.4747,0.0,0.0,0.0,0.0,3.3941,0.0,0.0,0.0,-0.0,0.0,0.0,0.3923,0.0,0.0,0.0,3.0,39.0,4.0,36.0
2017_05_NYJ_CLE,2017,5,CLE,NYJ,-5.789,45.7583,66.4905,63.948,130.4385,1.0,0.0,-6.6584,0.0,0.0,0.0,0.0,-2.2029,0.0,0.0,0.0,-0.0,0.0,0.0,0.3994,0.0,0.0,0.0,-1.5,41.5,-3.0,31.0
2017_05_CAR_DET,2017,5,DET,CAR,-1.5196,39.8863,63.2171,63.8151,127.0322,1.0,0.0,0.725,0.0,0.0,0.0,0.0,-0.0902,0.0,0.0,0.0,-0.0,0.0,0.0,0.5055,1.0,0.0,0.0,2.0,42.0,-3.0,51.0
2017_05_SF_IND,2017,5,IND,SF,4.3464,44.4304,68.5021,66.8314,135.3335,1.0,0.0,4.9176,-4.8688,0.0,-4.8688,-4.8688,-3.8893,0.0,0.0,0.0,0.0,3.0,1.0,1.928,1.0,0.0,0.0,-1.0,43.5,3.0,49.0
2017_05_TEN_MIA,2017,5,MIA,TEN,-3.2055,47.2526,64.43,64.4865,128.9164,1.0,0.0,0.1483,0.0,-7.0554,7.0554,-7.0554,-3.6369,0.0,0.0,0.0,-0.0,1.0,0.0,0.8039,0.0,0.0,0.0,-0.0,41.5,6.0,26.0
2017_05_LAC_NYG,2017,5,NYG,LAC,0.1312,45.7569,65.9164,65.7025,131.6189,1.0,0.0,2.3643,0.0,0.0,0.0,0.0,-0.2722,0.0,0.0,0.0,0.0,3.0,1.0,2.4495,0.0,0.0,0.0,3.0,45.5,-5.0,49.0
2017_05_ARI_PHI,2017,5,PHI,ARI,2.3507,41.2806,70.932,68.2442,139.1761,1.0,0.0,1.6285,0.0,0.0,0.0,0.0,0.6693,0.0,0.0,0.0,0.0,2.0,1.0,2.0857,0.0,0.0,0.0,6.0,45.0,27.0,41.0
2017_05_JAX_PIT,2017,5,PIT,JAX,3.3172,39.1927,66.853,67.7192,134.5722,1.0,0.0,7.9326,0.0,0.0,0.0,0.0,0.9787,0.0,0.0,0.0,0.0,0.0,0.0,0.7054,0.0,0.0,0.0,7.5,41.0,-21.0,39.0
2017_05_SEA_LA,2017,5,LA,SEA,-2.6419,43.6227,62.2909,66.6696,128.9605,1.0,0.0,-4.3835,0.0,0.0,0.0,0.0,1.9273,1.0,0.0,0.0,-2.6419,0.0,0.0,0.9651,0.0,0.0,0.0,2.0,46.5,-6.0,26.0
2017_05_BAL_OAK,2017,5,OAK,BAL,2.1877,39.2465,66.7806,66.4255,133.2061,1.0,0.0,2.1058,2.4755,0.0,2.4755,2.4755,-1.9722,0.0,0.0,0.0,0.0,-3.0,0.0,2.4401,0.0,0.0,0.0,3.0,40.5,-13.0,47.0
2017_05_GB_DAL,2017,5,DAL,GB,-1.7225,55.2229,62.2534,68.5425,130.7959,1.0,-0.36,-1.6313,0.0,0.0,0.0,0.0,-1.044,0.0,0.0,0.0,-0.0,0.0,0.0,0.9459,1.0,0.0,0.0,2.5,52.0,-4.0,66.0
2017_05_KC_HOU,2017,5,HOU,KC,-2.2495,41.4573,72.0142,59.0284,131.0426,1.0,0.12,-7.1876,2.5873,0.0,2.5873,2.5873,0.0988,0.0,1.0,1.0,-0.0,0.0,0.0,0.6492,1.0,0.0,0.0,-2.0,45.0,-8.0,76.0
2017_05_MIN_CHI,2017,5,CHI,MIN,-5.8127,42.4015,63.3256,62.9302,126.2557,1.0,0.36,-5.4973,-1.4789,0.0,-1.4789,-1.4789,-1.263,1.0,1.0,1.0,-5.8127,0.0,0.0,0.3553,0.0,0.0,0.0,-3.5,41.0,-3.0,37.0
2017_06_PHI_CAR,2017,6,CAR,PHI,-0.0306,45.5827,62.3081,66.9267,129.2347,1.0,0.0,-0.5122,0.0,0.0,0.0,0.0,1.3442,0.0,1.0,1.0,-0.0,0.0,0.0,0.4485,0.0,0.0,0.0,3.0,44.0,-5.0,51.0
2017_06_MIA_ATL,2017,6,ATL,MIA,8.638,46.006,65.0217,62.845,127.8666,1.0,0.84,6.5091,0.0,0.0,0.0,0.0,-2.8553,0.0,0.0,0.0,0.0,0.0,0.0,0.5935,1.0,0.0,0.0,14.0,46.0,-3.0,37.0
2017_06_CHI_BAL,2017,6,BAL,CHI,5.0198,39.705,64.7865,64.5818,129.3683,1.0,0.12,5.4155,0.0,0.3551,-0.3551,0.3551,1.5755,0.0,0.0,0.0,0.0,1.0,0.0,0.6035,0.0,0.0,0.0,5.5,39.5,-3.0,51.0
2017_06_CLE_HOU,2017,6,HOU,CLE,8.4512,43.2853,67.5758,64.6964,132.2722,1.0,0.0,8.4094,0.0,3.7302,-3.7302,3.7302,1.9506,0.0,0.0,0.0,0.0,-1.0,0.0,1.12,1.0,0.0,0.0,7.5,46.0,16.0,50.0
2017_06_GB_MIN,2017,6,MIN,GB,-3.0015,48.5916,63.658,64.2928,127.9507,1.0,-0.12,-3.9938,-2.7322,0.0,-2.7322,-2.7322,-1.005,1.0,0.0,0.0,-3.0015,0.0,0.0,0.257,1.0,0.0,0.0,-3.0,46.0,13.0,33.0
2017_06_DET_NO,2017,6,NO,DET,2.0894,50.6982,64.9778,62.8569,127.8348,1.0,0.84,-0.6948,0.0,0.0,0.0,0.0,1.9469,0.0,0.0,0.0,0.0,-1.0,0.0,0.9409,1.0,0.0,0.0,6.0,50.5,14.0,90.0
2017_06_NE_NYJ,2017,6,NYJ,NE,-7.2082,53.2082,62.2706,71.0612,133.3318,1.0,-0.36,-8.2163,0.0,0.0,0.0,0.0,-1.2808,1.0,0.0,0.0,-7.2082,0.0,0.0,0.1702,0.0,3.0,0.0,-9.0,48.5,-7.0,41.0
2017_06_SF_WAS,2017,6,WAS,SF,9.97,48.7056,68.4829,65.5759,134.0588,1.0,0.72,8.3631,0.0,0.0,0.0,0.0,-0.4675,0.0,0.0,0.0,0.0,3.0,1.0,2.4278,0.0,0.0,0.0,12.0,46.0,2.0,50.0
2017_06_TB_ARI,2017,6,ARI,TB,-2.3599,40.6989,72.5762,66.7873,139.3635,1.0,-0.36,-0.1174,0.0,0.0,0.0,0.0,-2.1069,0.0,0.0,0.0,-0.0,-2.0,0.0,1.8017,1.0,0.0,0.0,-2.5,46.5,5.0,71.0
2017_06_LA_JAX,2017,6,JAX,LA,4.2797,36.9039,67.6548,65.9422,133.597,1.0,0.0,1.1021,0.0,0.0,0.0,0.0,-1.7504,0.0,0.0,0.0,0.0,3.0,0.0,2.1506,0.0,0.0,0.0,1.0,42.0,-10.0,44.0
2017_06_PIT_KC,2017,6,KC,PIT,2.2753,48.4054,62.7477,67.9866,130.7343,1.0,0.0,4.9604,0.0,0.0,0.0,0.0,-2.6075,0.0,0.0,0.0,0.0,-1.0,0.0,0.7738,0.0,4.0,0.0,3.5,46.5,-6.0,32.0
2017_06_LAC_OAK,2017,6,OAK,LAC,0.217,49.4656,66.1041,65.4498,131.5539,1.0,0.0,2.6149,6.6714,0.0,6.6714,6.6714,-0.9894,1.0,0.0,0.0,0.217,0.0,0.0,0.34,0.0,0.0,0.0,3.0,48.5,-1.0,33.0
2017_06_NYG_DEN,2017,6,DEN,NYG,6.0599,36.3341,69.0971,65.8334,134.9305,1.0,0.84,6.0836,0.0,0.0,0.0,0.0,-0.2131,0.0,1.0,1.0,0.0,-2.0,0.0,1.6245,0.0,0.0,0.0,14.0,37.5,-13.0,33.0
2017_06_IND_TEN,2017,6,TEN,IND,2.2698,45.1617,64.243,67.1918,131.4348,1.0,0.0,-0.5407,0.0,0.0,0.0,0.0,4.7535,1.0,1.0,1.0,2.2698,-1.0,0.0,0.2505,0.0,0.0,0.0,7.0,46.0,14.0,58.0
2017_07_KC_OAK,2017,7,OAK,KC,-3.2715,50.1579,66.0492,63.4139,129.463,1.0,0.0,-7.7668,6.2183,0.0,6.2183,6.2183,0.919,1.0,1.0,1.0,-3.2715,-2.0,0.0,1.4978,0.0,0.0,0.0,-3.0,46.5,1.0,61.0
2017_07_TB_BUF,2017,7,BUF,TB,1.9938,47.2955,66.5588,66.2982,132.857,1.0,0.84,2.3236,0.0,0.0,0.0,0.0,-1.1348,0.0,0.0,0.0,0.0,0.0,0.0,1.0434,0.0,0.0,0.0,3.0,46.5,3.0,57.0
2017_07_CAR_CHI,2017,7,CHI,CAR,-3.9141,40.2206,63.2977,66.2983,129.5961,1.0,-0.36,-6.2933,0.1954,0.0,0.1954,0.1954,-2.6353,0.0,0.0,0.0,-0.0,-1.0,0.0,0.586,0.0,5.0,0.0,-2.5,39.5,14.0,20.0
2017_07_TEN_CLE,2017,7,CLE,TEN,-7.7182,43.3028,68.2963,61.9322,130.2285,1.0,0.12,-7.3651,0.0,0.0,0.0,0.0,-2.8808,0.0,0.0,0.0,-0.0,1.0,0.0,0.4588,0.0,2.0,0.0,-5.5,42.5,-3.0,21.0
2017_07_NO_GB,2017,7,GB,NO,-0.1554,55.0868,65.9432,66.6142,132.5574,1.0,0.0,1.4775,-8.76,0.0,-8.76,-8.76,-2.132,0.0,0.0,0.0,-0.0,0.0,0.0,1.0114,0.0,0.0,0.0,-3.5,45.5,-9.0,43.0
2017_07_JAX_IND,2017,7,IND,JAX,-7.6612,40.5706,65.449,68.4864,133.9354,1.0,-0.12,-0.6378,0.0,0.0,0.0,0.0,-2.6653,1.0,0.0,0.0,-7.6612,0.0,0.0,0.7002,1.0,0.0,0.0,-3.0,41.0,-27.0,27.0
2017_07_ARI_LA,2017,7,LA,ARI,1.2206,40.4556,63.9691,70.1228,134.0919,0.0,0.0,-1.23,0.0,0.0,0.0,0.0,4.3794,1.0,0.0,0.0,1.2206,0.0,0.0,0.0,0.0,0.0,0.0,3.0,45.5,33.0,33.0
2017_07_NYJ_MIA,2017,7,MIA,NYJ,0.3406,42.356,63.0736,62.9259,125.9995,1.0,0.0,1.334,0.0,0.0,0.0,0.0,3.5699,1.0,0.0,0.0,0.3406,0.0,0.0,1.0856,0.0,8.0,0.0,3.0,40.0,3.0,59.0
2017_07_BAL_MIN,2017,7,MIN,BAL,4.6361,35.3659,67.563,64.8515,132.4146,1.0,0.0,2.8094,0.0,0.0,0.0,0.0,-2.8036,0.0,0.0,0.0,0.0,-1.0,0.0,0.9366,1.0,0.0,0.0,5.0,37.5,8.0,40.0
2017_07_DAL_SF,2017,7,SF,DAL,-7.8941,54.3202,67.9218,70.2987,138.2205,1.0,-0.84,-9.6548,0.8954,0.0,0.8954,0.8954,0.5183,0.0,0.0,0.0,-0.0,-2.0,0.0,1.4385,0.0,0.0,0.0,-6.5,48.0,-30.0,50.0
2017_07_DEN_LAC,2017,7,LAC,DEN,-1.6806,44.2555,63.7304,67.6505,131.3809,1.0,0.0,-4.8939,0.0,0.0,0.0,0.0,-0.0459,1.0,0.0,0.0,-1.6806,-1.0,0.0,0.8369,0.0,0.0,0.0,-1.0,41.0,21.0,21.0
2017_07_SEA_NYG,2017,7,NYG,SEA,-1.0423,38.7833,64.8959,68.9431,133.839,1.0,-0.84,-4.1701,0.0,0.0,0.0,0.0,2.3058,0.0,0.0,0.0,-0.0,3.0,0.0,2.3957,0.0,0.0,0.0,-4.0,39.0,-17.0,31.0
2017_07_CIN_PIT,2017,7,PIT,CIN,4.4738,43.3593,67.8552,62.2144,130.0696,1.0,-0.84,4.1176,0.0,0.0,0.0,0.0,0.5746,1.0,0.0,0.0,4.4738,0.0,0.0,0.2566,0.0,0.0,0.0,4.0,40.0,15.0,43.0
2017_07_ATL_NE,2017,7,NE,ATL,0.4548,59.1427,70.8635,64.5127,135.3762,1.0,0.0,2.7837,0.0,0.0,0.0,0.0,2.8131,0.0,1.0,1.0,0.0,0.0,0.0,0.9171,0.0,0.0,0.0,3.0,56.5,16.0,30.0
2017_07_WAS_PHI,2017,7,PHI,WAS,1.322,50.8071,67.8419,63.9451,131.787,1.0,0.36,2.7251,0.0,0.0,0.0,0.0,-2.7346,1.0,1.0,1.0,1.322,0.0,0.0,0.1136,0.0,0.0,0.0,5.0,48.5,10.0,58.0
2017_08_MIA_BAL,2017,8,BAL,MIA,0.217,35.968,64.5581,64.4279,128.9861,1.0,0.0,-1.4028,0.0,3.6627,-3.6627,3.6627,3.5505,0.0,1.0,1.0,0.0,0.0,0.0,0.9439,0.0,0.0,0.0,3.0,38.0,40.0,40.0
2017_08_OAK_BUF,2017,8,BUF,OAK,0.7198,45.7641,65.3067,66.8028,132.1095,1.0,-0.36,1.9122,0.0,6.9928,-6.9928,6.9928,-1.1043,0.0,0.0,0.0,0.0,3.0,1.0,2.2896,0.0,0.0,3.0,2.5,47.0,20.0,48.0
2017_08_IND_CIN,2017,8,CIN,IND,5.2217,46.3348,64.5945,65.8321,130.4267,1.0,0.0,3.8196,0.0,0.0,0.0,0.0,5.4395,0.0,0.0,0.0,0.0,0.0,0.0,0.0992,0.0,0.0,6.0,11.0,44.0,1.0,47.0
2017_08_LAC_NE,2017,8,NE,LAC,3.8323,54.7387,69.0237,64.3221,133.3458,1.0,0.0,9.3901,0.0,0.0,0.0,0.0,-0.4481,0.0,0.0,0.0,0.0,3.0,1.0,2.5896,0.0,0.0,0.0,6.5,49.5,8.0,34.0
2017_08_CHI_NO,2017,8,NO,CHI,3.5744,46.6352,67.82,62.0229,129.8429,1.0,0.0,6.5504,0.0,-0.0858,0.0858,-0.0858,2.2091,0.0,0.0,0.0,0.0,0.0,0.0,0.8344,1.0,0.0,0.0,7.5,46.0,8.0,32.0
2017_08_ATL_NYJ,2017,8,NYJ,ATL,-5.4137,50.0247,64.388,65.0538,129.4418,1.0,0.0,-5.9694,0.0,0.0,0.0,0.0,1.3244,0.0,0.0,0.0,-0.0,0.0,0.0,0.7475,0.0,0.0,0.0,-6.5,43.5,-5.0,45.0
2017_08_SF_PHI,2017,8,PHI,SF,13.1045,48.5339,72.5801,65.7793,138.3594,1.0,-0.12,12.6318,0.0,-1.056,1.056,-1.056,-0.3551,0.0,0.0,0.0,0.0,3.0,1.0,2.5025,0.0,2.0,0.0,13.0,45.0,23.0,43.0
2017_08_CAR_TB,2017,8,TB,CAR,-1.1338,44.7854,61.1205,69.0198,130.1402,1.0,0.0,-1.872,0.0,0.0,0.0,0.0,-1.3216,1.0,0.0,0.0,-1.1338,0.0,0.0,0.5103,0.0,3.0,0.0,1.5,46.0,-14.0,20.0
2017_08_HOU_SEA,2017,8,SEA,HOU,0.5593,38.4896,64.4973,67.9082,132.4054,1.0,-0.84,3.8963,0.0,0.0,0.0,0.0,-1.2531,0.0,0.0,0.0,0.0,-2.0,0.0,1.8913,0.0,0.0,0.0,6.0,45.0,3.0,79.0
2017_08_DAL_WAS,2017,8,WAS,DAL,-0.3283,58.0688,65.6877,66.0263,131.714,1.0,-0.12,-2.2273,0.0,0.0,0.0,0.0,-0.5834,1.0,0.0,0.0,-0.3283,1.0,0.0,1.2074,0.0,0.0,0.0,-3.0,46.5,-14.0,52.0
2017_08_PIT_DET,2017,8,DET,PIT,-7.9169,44.0946,62.7774,65.5729,128.3503,1.0,0.84,-3.8807,0.0,0.0,0.0,0.0,-4.1324,0.0,1.0,1.0,-0.0,0.0,0.0,0.2044,1.0,0.0,0.0,-3.0,44.5,-5.0,35.0
2017_08_MIN_CLE,2017,8,CLE,MIN,-10.8515,38.1302,66.3522,65.3993,131.7514,0.0,0.0,-11.9419,0.0,0.0,0.0,0.0,-3.2267,0.0,1.0,0.0,-0.0,0.0,0.0,0.0,0.0,1.0,0.0,-11.0,38.5,-17.0,49.0
2017_08_DEN_KC,2017,8,KC,DEN,2.0931,45.9211,61.244,69.4131,130.6571,1.0,0.36,5.9048,0.0,0.0,0.0,0.0,-2.033,1.0,1.0,1.0,2.0931,1.0,0.0,0.5643,0.0,2.0,1.0,7.0,42.0,10.0,48.0
2017_09_BUF_NYJ,2017,9,NYJ,BUF,-3.1557,45.7758,63.4559,66.9762,130.432,1.0,0.0,-4.959,0.0,0.0,0.0,0.0,1.1501,1.0,1.0,1.0,-3.1557,0.0,0.0,0.2779,0.0,1.0,0.0,-3.0,42.0,13.0,55.0
2017_09_ATL_CAR,2017,9,CAR,ATL,-1.3427,43.6294,67.7242,59.1233,126.8475,1.0,0.0,-3.0041,0.0,0.0,0.0,0.0,4.0834,1.0,0.0,0.0,-1.3427,0.0,0.0,0.2261,0.0,0.0,0.0,-3.0,42.0,3.0,37.0
2017_09_IND_HOU,2017,9,HOU,IND,7.7761,48.3356,68.9685,63.8582,132.8268,1.0,0.0,4.5089,-6.8623,0.0,-6.8623,-6.8623,1.3914,1.0,0.0,0.0,7.7761,-1.0,0.0,0.8709,1.0,0.0,0.0,6.0,45.0,-6.0,34.0
2017_09_CIN_JAX,2017,9,JAX,CIN,5.9972,38.3771,68.5398,63.0836,131.6235,1.0,0.84,-0.5268,0.0,0.0,0.0,0.0,0.1745,0.0,0.0,0.0,0.0,0.0,0.0,0.6277,0.0,2.0,0.0,6.0,38.0,16.0,30.0
2017_09_TB_NO,2017,9,NO,TB,6.0033,54.198,67.9037,65.4388,133.3425,1.0,0.0,6.2941,0.0,0.0,0.0,0.0,2.7562,1.0,0.0,0.0,6.0033,-1.0,0.0,0.4779,1.0,0.0,0.0,7.0,54.0,20.0,40.0
2017_09_LA_NYG,2017,9,NYG,LA,-2.7536,40.3931,63.7837,68.4654,132.2491,1.0,0.0,-2.117,0.0,0.0,0.0,0.0,-2.3777,0.0,0.0,0.0,-0.0,3.0,1.0,2.4495,0.0,0.0,0.0,-5.5,42.5,-34.0,68.0
2017_09_DEN_PHI,2017,9,PHI,DEN,5.711,38.4757,65.0195,67.0021,132.0216,1.0,0.12,4.3015,0.0,-0.1087,0.1087,-0.1087,0.5211,0.0,0.0,0.0,0.0,2.0,1.0,1.5768,0.0,0.0,0.0,7.0,41.0,28.0,74.0
2017_09_BAL_TEN,2017,9,TEN,BAL,0.3532,34.7281,65.4424,67.0891,132.5315,1.0,0.48,-1.4363,0.0,0.0,0.0,0.0,-1.7898,0.0,0.0,0.0,0.0,-1.0,0.0,0.5945,0.0,0.0,0.0,3.0,41.0,3.0,43.0
2017_09_WAS_SEA,2017,9,SEA,WAS,0.2652,48.3652,66.5332,64.3464,130.8797,1.0,0.0,5.1428,0.0,0.0,0.0,0.0,-1.8859,0.0,0.0,0.0,0.0,-3.0,0.0,2.3298,0.0,1.0,9.0,8.0,44.5,-3.0,31.0
2017_09_ARI_SF,2017,9,SF,ARI,-5.4596,41.1209,68.8567,71.5197,140.3763,1.0,-0.84,-6.983,-2.2768,-3.2625,0.9857,-5.5393,2.1493,1.0,0.0,0.0,-5.4596,-1.0,0.0,0.608,0.0,0.0,0.0,-2.5,39.0,-10.0,30.0
2017_09_KC_DAL,2017,9,DAL,KC,-0.4811,58.5875,68.7365,63.2357,131.9723,1.0,0.12,-3.4974,0.0,0.0,0.0,0.0,2.9281,0.0,0.0,0.0,-0.0,0.0,0.0,0.4592,1.0,0.0,0.0,2.0,53.0,11.0,45.0
2017_09_OAK_MIA,2017,9,MIA,OAK,-4.2649,41.8954,63.6508,63.6845,127.3353,1.0,0.36,-0.0865,0.0,6.4963,-6.4963,6.4963,-0.6145,0.0,1.0,1.0,-0.0,3.0,0.0,2.5699,0.0,0.0,0.0,-3.0,44.5,-3.0,51.0
2017_09_DET_GB,2017,9,GB,DET,3.6815,48.1638,63.6908,67.1242,130.815,1.0,0.84,2.2888,-8.4295,0.0,-8.4295,-8.4295,-0.5218,1.0,1.0,1.0,3.6815,-1.0,0.0,0.2927,0.0,0.0,10.0,-2.5,42.5,-13.0,47.0
2017_10_SEA_ARI,2017,10,ARI,SEA,-3.34,39.2653,67.473,70.6165,138.0895,1.0,0.0,-4.6951,-2.6168,0.0,-2.6168,-2.6168,-0.6553,1.0,1.0,1.0,-3.34,1.0,0.0,1.1043,0.0,0.0,0.0,-6.0,40.0,-6.0,38.0
2017_10_NO_BUF,2017,10,BUF,NO,-5.2833,50.5845,64.8991,66.2921,131.1912,1.0,0.36,-3.062,0.0,0.0,0.0,0.0,-4.449,0.0,0.0,0.0,-0.0,1.0,0.0,1.0841,0.0,0.0,3.0,-2.0,48.5,-37.0,57.0
2017_10_GB_CHI,2017,10,CHI,GB,-0.1233,45.029,63.9721,63.9871,127.9593,1.0,0.96,-4.9538,-0.341,-8.8263,8.4853,-9.1673,0.5791,1.0,0.0,0.0,-0.1233,0.0,0.0,0.1837,0.0,0.0,5.0,4.5,37.5,-7.0,39.0
2017_10_CLE_DET,2017,10,DET,CLE,7.1329,42.4546,67.8865,65.1888,133.0753,1.0,-0.96,11.1734,0.0,0.0,0.0,0.0,3.0523,0.0,0.0,0.0,0.0,0.0,0.0,0.0901,1.0,0.0,0.0,10.5,42.5,14.0,62.0
2017_10_PIT_IND,2017,10,IND,PIT,-9.8667,47.1743,62.9017,66.9672,129.8688,1.0,-0.84,-8.9289,0.0,0.0,0.0,0.0,-5.5667,0.0,0.0,0.0,-0.0,0.0,0.0,0.3283,1.0,0.0,0.0,-10.5,47.0,-3.0,37.0
2017_10_LAC_JAX,2017,10,JAX,LAC,5.3449,43.356,69.4092,61.7016,131.1108,1.0,-0.84,1.5372,0.0,0.0,0.0,0.0,0.7542,0.0,0.0,0.0,0.0,3.0,1.0,2.1506,0.0,0.0,0.0,5.0,40.5,3.0,37.0
2017_10_NYJ_TB,2017,10,TB,NYJ,-1.9322,47.5538,67.957,63.1224,131.0794,1.0,-0.36,-1.8754,-3.3623,0.0,-3.3623,-3.3623,-0.9852,0.0,0.0,0.0,-0.0,0.0,0.0,1.0076,0.0,6.0,0.0,1.0,44.5,5.0,25.0
2017_10_CIN_TEN,2017,10,TEN,CIN,1.2886,41.4045,65.6533,61.9082,127.5615,1.0,0.0,0.7594,0.0,0.0,0.0,0.0,-1.6738,0.0,0.0,0.0,0.0,-1.0,0.0,0.237,0.0,0.0,0.0,4.5,40.5,4.0,44.0
2017_10_MIN_WAS,2017,10,WAS,MIN,-1.5142,44.4342,62.454,69.096,131.5499,1.0,-0.84,-2.9205,0.0,0.0,0.0,0.0,-2.2068,0.0,0.0,0.0,-0.0,1.0,0.0,0.9387,0.0,0.0,1.0,-1.0,43.0,-8.0,68.0
2017_10_HOU_LA,2017,10,LA,HOU,3.9435,44.5523,63.1616,68.4448,131.6065,1.0,0.0,2.7229,0.0,-7.114,7.114,-7.114,3.2294,0.0,0.0,0.0,0.0,-2.0,0.0,1.375,0.0,0.0,0.0,12.0,45.0,26.0,40.0
2017_10_DAL_ATL,2017,10,ATL,DAL,-1.8977,55.5805,62.488,67.4033,129.8913,1.0,0.0,-0.9353,0.0,0.0,0.0,0.0,-3.5786,0.0,0.0,0.0,-0.0,1.0,0.0,0.7363,1.0,0.0,0.0,3.5,49.0,20.0,34.0
2017_10_NYG_SF,2017,10,SF,NYG,-5.6192,41.0495,70.6571,69.1548,139.8119,1.0,0.0,-5.8728,0.0,0.0,0.0,0.0,-0.8083,0.0,0.0,0.0,-0.0,-3.0,0.0,2.5468,0.0,0.0,0.0,-3.0,41.5,10.0,52.0
2017_10_NE_DEN,2017,10,DEN,NE,-6.1905,46.5747,66.5987,68.651,135.2497,1.0,-0.84,-8.9053,-0.3606,0.0,-0.3606,-0.3606,-1.7551,0.0,1.0,1.0,-0.0,-2.0,0.0,1.7585,0.0,0.0,0.0,-7.0,45.0,-25.0,57.0
2017_10_MIA_CAR,2017,10,CAR,MIA,6.3352,37.7759,64.2217,59.3639,123.5855,1.0,0.0,3.9224,0.0,0.0,0.0,0.0,2.7631,0.0,1.0,1.0,0.0,0.0,0.0,0.6414,0.0,0.0,0.0,8.0,38.5,24.0,66.0
2017_11_TEN_PIT,2017,11,PIT,TEN,5.1517,41.7272,66.7191,62.4345,129.1536,1.0,0.0,5.8264,0.0,0.0,0.0,0.0,5.1253,0.0,1.0,1.0,0.0,1.0,0.0,0.4705,0.0,7.0,5.0,7.0,44.5,23.0,57.0
2017_11_DET_CHI,2017,11,CHI,DET,-1.4999,39.7307,63.0297,64.8963,127.9259,1.0,0.0,-6.1095,0.0,0.0,0.0,0.0,-1.2508,1.0,0.0,0.0,-1.4999,-1.0,0.0,0.2366,0.0,6.0,12.0,-3.0,41.0,-3.0,51.0
2017_11_JAX_CLE,2017,11,CLE,JAX,-12.8973,38.2893,66.7929,68.5724,135.3653,1.0,0.0,-10.3106,0.0,0.0,0.0,0.0,-3.1712,0.0,0.0,0.0,-0.0,0.0,0.0,0.7727,0.0,6.0,7.0,-7.5,37.0,-12.0,26.0
2017_11_BAL_GB,2017,11,GB,BAL,1.815,43.4807,64.2252,66.5827,130.8079,1.0,-0.84,2.3042,-7.7189,0.0,-7.7189,-7.7189,-5.1964,0.0,0.0,0.0,0.0,-1.0,0.0,0.6893,0.0,4.0,17.0,-2.5,38.5,-23.0,23.0
2017_11_ARI_HOU,2017,11,HOU,ARI,0.7701,39.6682,70.6074,67.1197,137.7271,1.0,-0.36,-0.4248,-8.149,-2.2546,-5.8944,-10.4036,0.0209,0.0,0.0,0.0,0.0,1.0,0.0,1.0253,1.0,0.0,0.0,2.5,38.0,10.0,52.0
2017_11_TB_MIA,2017,11,MIA,TB,-4.5111,44.7623,63.8111,64.2238,128.0349,1.0,-0.12,-0.2715,0.0,-3.3856,3.3856,-3.3856,-0.0982,0.0,0.0,0.0,-0.0,0.0,0.0,0.1972,0.0,0.0,0.0,-1.0,44.0,-10.0,50.0
2017_11_LA_MIN,2017,11,MIN,LA,-0.1562,43.4978,67.007,63.9117,130.9186,1.0,0.0,1.284,0.0,0.0,0.0,0.0,-0.6016,0.0,0.0,0.0,-0.0,2.0,0.0,1.5302,1.0,0.0,0.0,1.0,46.0,17.0,31.0
2017_11_WAS_NO,2017,11,NO,WAS,6.6455,54.2164,66.6586,62.2655,128.9241,1.0,0.0,6.2137,0.0,0.0,0.0,0.0,2.8252,0.0,0.0,0.0,0.0,-1.0,0.0,0.9731,1.0,0.0,0.0,9.5,52.5,3.0,65.0
2017_11_KC_NYG,2017,11,NYG,KC,-5.8891,52.3234,66.5309,64.6206,131.1515,1.0,-0.84,-10.4113,0.0,0.0,0.0,0.0,0.41,0.0,0.0,0.0,-0.0,1.0,0.0,1.0858,0.0,13.0,0.0,-10.0,44.5,3.0,21.0
2017_11_BUF_LAC,2017,11,LAC,BUF,4.3721,46.1659,65.2625,67.5858,132.8483,1.0,0.0,-1.7653,0.0,-1.9812,1.9812,-1.9812,3.1451,0.0,0.0,0.0,0.0,-3.0,0.0,2.2057,0.0,0.0,0.0,7.0,41.5,30.0,78.0
2017_11_CIN_DEN,2017,11,DEN,CIN,-1.2434,38.5233,72.0509,57.7449,129.7958,1.0,0.0,0.9188,-0.2679,0.0,-0.2679,-0.2679,-2.5471,0.0,0.0,0.0,-0.0,-2.0,0.0,1.093,0.0,0.0,0.0,2.5,37.5,-3.0,37.0
2017_11_NE_OAK,2017,11,OAK,NE,-4.6428,54.9215,64.379,70.6224,135.0013,0.0,0.84,-9.729,6.8546,0.0,6.8546,6.8546,0.1034,0.0,0.0,0.0,-0.0,0.0,0.0,0.0,0.0,0.0,0.0,-7.0,55.0,-25.0,41.0
2017_11_PHI_DAL,2017,11,DAL,PHI,-4.8121,52.3416,65.5454,66.6879,132.2333,1.0,-0.84,-1.8001,0.0,0.0,0.0,0.0,-0.9187,1.0,1.0,1.0,-4.8121,-1.0,0.0,1.3126,1.0,0.0,0.0,-6.0,48.0,-28.0,46.0
2017_11_ATL_SEA,2017,11,SEA,ATL,-0.5119,44.8149,67.7986,64.4885,132.2872,1.0,0.36,-0.619,0.0,0.0,0.0,0.0,0.4361,0.0,1.0,1.0,-0.0,-3.0,0.0,2.1774,0.0,0.0,0.0,1.0,46.0,-3.0,65.0
2017_12_MIN_DET,2017,12,DET,MIN,-6.1126,46.8345,63.6294,67.5066,131.1359,1.0,0.0,-2.4401,0.0,0.0,0.0,0.0,-1.3671,1.0,0.0,0.0,-6.1126,1.0,0.0,0.5415,1.0,0.0,0.0,-2.5,46.0,-7.0,53.0
2017_12_LAC_DAL,2017,12,DAL,LAC,-3.911,51.2348,68.6704,63.1785,131.8489,1.0,0.0,2.7366,0.0,0.0,0.0,0.0,0.1347,0.0,0.0,0.0,-0.0,2.0,0.0,1.2269,1.0,0.0,0.0,-1.0,46.5,-22.0,34.0
2017_12_NYG_WAS,2017,12,WAS,NYG,4.1659,49.9164,68.1673,65.6688,133.8361,1.0,0.0,2.6642,0.0,0.0,0.0,0.0,0.3295,1.0,1.0,1.0,4.1659,0.0,0.0,0.1981,0.0,0.0,12.0,7.0,44.0,10.0,30.0
2017_12_TB_ATL,2017,12,ATL,TB,5.0949,47.0811,63.533,66.9215,130.4546,1.0,-0.12,6.9104,0.0,-2.8881,2.8881,-2.8881,-0.8695,1.0,0.0,0.0,5.0949,0.0,0.0,0.4149,1.0,0.0,0.0,10.5,47.0,14.0,54.0
2017_12_CLE_CIN,2017,12,CIN,CLE,6.5301,37.7838,58.7714,72.8892,131.6606,1.0,0.0,8.883,0.0,0.0,0.0,0.0,4.6289,1.0,0.0,0.0,6.5301,0.0,0.0,0.2231,0.0,0.0,0.0,7.5,39.0,14.0,46.0
2017_12_TEN_IND,2017,12,IND,TEN,-3.4283,43.8088,66.0367,65.8275,131.8642,1.0,0.48,-3.032,0.0,0.0,0.0,0.0,-1.208,1.0,0.0,0.0,-3.4283,1.0,0.0,0.2505,0.0,0.0,0.0,-3.0,46.5,-4.0,36.0
2017_12_BUF_KC,2017,12,KC,BUF,4.9835,50.1016,65.4617,66.6195,132.0811,1.0,0.0,6.722,0.0,0.0,0.0,0.0,0.9328,0.0,0.0,0.0,0.0,-1.0,0.0,0.8576,0.0,0.0,0.0,8.5,47.5,-6.0,26.0
2017_12_MIA_NE,2017,12,NE,MIA,11.6133,54.9469,67.8993,62.8889,130.7882,1.0,0.0,13.2771,0.0,1.3653,-1.3653,1.3653,-0.3327,1.0,0.0,0.0,11.6133,0.0,0.0,1.2258,0.0,7.0,0.0,17.0,49.0,18.0,52.0
2017_12_CAR_NYJ,2017,12,NYJ,CAR,-4.8212,41.2799,58.4679,69.3343,127.8022,1.0,0.12,-4.7406,0.0,0.0,0.0,0.0,-3.802,0.0,0.0,0.0,-0.0,0.0,0.0,0.5337,0.0,13.0,0.0,-5.5,39.5,-8.0,62.0
2017_12_CHI_PHI,2017,12,PHI,CHI,9.3974,42.3553,65.5661,62.1875,127.7537,1.0,0.0,11.2922,0.0,0.0,0.0,0.0,1.4249,0.0,0.0,0.0,0.0,1.0,0.0,0.6637,0.0,7.0,0.0,14.0,43.5,28.0,34.0
2017_12_SEA_SF,2017,12,SF,SEA,-8.5851,43.4562,67.2286,71.9333,139.1619,1.0,0.96,-11.6313,0.0,0.0,0.0,0.0,-0.0663,1.0,0.0,0.0,-8.5851,0.0,0.0,0.7045,0.0,2.0,0.0,-7.0,45.0,-11.0,37.0
2017_12_JAX_ARI,2017,12,ARI,JAX,-9.3571,34.3252,65.1634,72.0184,137.1817,1.0,0.0,-3.3252,-2.0472,0.0,-2.0472,-2.0472,-1.6125,0.0,0.0,0.0,-0.0,-2.0,0.0,1.8031,1.0,0.0,0.0,-6.5,37.5,3.0,51.0
2017_12_NO_LA,2017,12,LA,NO,-2.262,51.8323,61.8855,67.4948,129.3803,1.0,0.0,-4.1496,0.0,0.0,0.0,0.0,0.5622,0.0,0.0,0.0,-0.0,-2.0,0.0,1.6742,0.0,0.0,0.0,2.5,54.0,6.0,46.0
2017_12_DEN_OAK,2017,12,OAK,DEN,4.0187,39.9616,63.2236,68.5053,131.7289,1.0,0.0,0.5944,6.5932,0.281,6.3122,6.8742,1.469,1.0,0.0,0.0,4.0187,-1.0,0.0,0.9345,0.0,3.0,0.0,3.5,41.0,7.0,35.0
2017_12_GB_PIT,2017,12,PIT,GB,6.6067,48.9973,65.8432,61.7678,127.611,1.0,0.36,5.8512,0.0,-9.6466,9.6466,-9.6466,6.2757,0.0,1.0,1.0,0.0,1.0,0.0,0.4963,0.0,0.0,7.0,14.0,43.0,3.0,59.0
2017_12_HOU_BAL,2017,12,BAL,HOU,1.3603,35.9751,63.7107,68.7,132.4107,1.0,0.0,2.2978,0.0,-7.6053,7.6053,-7.6053,6.373,0.0,1.0,1.0,0.0,1.0,0.0,1.2549,0.0,0.0,0.0,7.5,39.5,7.0,39.0
2017_13_WAS_DAL,2017,13,DAL,WAS,-4.2336,54.4025,64.8259,64.5536,129.3795,1.0,0.0,0.9983,0.0,0.0,0.0,0.0,-0.3392,1.0,1.0,1.0,-4.2336,-1.0,0.0,1.2074,1.0,0.0,0.0,-1.5,47.0,24.0,52.0
2017_13_MIN_ATL,2017,13,ATL,MIN,-3.4745,50.3191,61.3774,69.6579,131.0353,1.0,-0.36,0.5217,0.0,0.0,0.0,0.0,-1.2877,0.0,0.0,0.0,-0.0,1.0,0.0,0.9069,1.0,0.0,0.0,2.0,48.5,-5.0,23.0
2017_13_DET_BAL,2017,13,BAL,DET,2.2412,39.0094,65.9978,64.854,130.8518,1.0,-0.48,0.3044,0.0,0.0,0.0,0.0,4.2428,0.0,0.0,0.0,0.0,0.0,0.0,0.3968,0.0,0.0,0.0,2.5,43.0,24.0,64.0
2017_13_NE_BUF,2017,13,BUF,NE,-9.0053,52.3541,64.0325,69.9384,133.9709,1.0,0.0,-10.1688,0.0,0.0,0.0,0.0,-0.7853,1.0,0.0,0.0,-9.0053,0.0,0.0,0.3864,0.0,3.0,0.0,-7.5,48.5,-20.0,26.0
2017_13_SF_CHI,2017,13,CHI,SF,5.6987,40.4597,66.005,67.2092,133.2141,1.0,0.0,3.3264,0.0,5.2585,-5.2585,5.2585,1.3669,0.0,0.0,0.0,0.0,2.0,0.0,1.8413,0.0,0.0,0.0,2.5,42.0,-1.0,29.0
2017_13_TB_GB,2017,13,GB,TB,2.0238,49.6524,64.1996,66.3947,130.5943,1.0,0.0,1.9658,0.0,0.0,0.0,0.0,-2.3635,0.0,0.0,0.0,0.0,-1.0,0.0,1.1824,0.0,0.0,3.0,3.0,45.0,6.0,46.0
2017_13_IND_JAX,2017,13,JAX,IND,9.3918,37.2392,68.7397,63.1193,131.8589,1.0,0.0,4.679,0.0,0.0,0.0,0.0,4.8106,1.0,0.0,0.0,9.3918,0.0,0.0,0.7002,0.0,0.0,0.0,10.0,41.0,20.0,40.0
2017_13_DEN_MIA,2017,13,MIA,DEN,-1.699,39.3935,61.0082,66.3369,127.3451,1.0,0.0,-1.5528,0.0,0.0,0.0,0.0,1.8171,0.0,0.0,0.0,-0.0,2.0,1.0,1.7159,0.0,1.0,0.0,-1.0,41.0,26.0,44.0
2017_13_KC_NYJ,2017,13,NYJ,KC,-1.5793,47.5904,65.7798,65.731,131.5109,1.0,0.0,-6.7929,0.0,0.0,0.0,0.0,0.1914,0.0,0.0,0.0,-0.0,1.0,0.0,1.0858,0.0,0.0,0.0,-3.5,44.0,7.0,69.0
2017_13_HOU_TEN,2017,13,TEN,HOU,0.4727,41.893,62.6027,69.5287,132.1314,1.0,0.12,1.4743,0.0,0.0,0.0,0.0,2.8341,1.0,0.0,0.0,0.4727,0.0,0.0,0.6715,0.0,0.0,0.0,7.0,42.5,11.0,37.0
2017_13_CLE_LAC,2017,13,LAC,CLE,13.2296,43.1411,64.238,68.6099,132.848,1.0,0.36,11.6495,0.0,0.0,0.0,0.0,3.3822,0.0,0.0,0.0,0.0,-3.0,0.0,2.0526,0.0,0.0,0.0,13.5,45.0,9.0,29.0
2017_13_LA_ARI,2017,13,ARI,LA,-5.3925,42.3265,68.1408,66.4959,134.6367,1.0,0.0,-4.3127,-2.1726,0.0,-2.1726,-2.1726,-1.5378,1.0,0.0,0.0,-5.3925,1.0,0.0,0.3503,1.0,0.0,0.0,-7.5,43.0,-16.0,48.0
2017_13_CAR_NO,2017,13,NO,CAR,-0.5425,48.5654,61.292,65.8151,127.1071,1.0,0.0,1.4704,0.0,0.0,0.0,0.0,-0.1122,1.0,0.0,0.0,-0.5425,-1.0,0.0,0.6487,1.0,0.0,0.0,5.5,48.0,10.0,52.0
2017_13_NYG_OAK,2017,13,OAK,NYG,3.5579,42.2014,68.2192,64.3201,132.5393,1.0,-0.36,3.8347,6.7279,-0.2105,6.9383,6.5174,0.8634,0.0,0.0,0.0,0.0,-3.0,0.0,2.5503,0.0,1.0,0.0,10.0,43.0,7.0,41.0
2017_13_PHI_SEA,2017,13,SEA,PHI,-7.7726,42.7123,65.7366,68.0683,133.8049,1.0,0.0,-2.9411,0.0,0.0,0.0,0.0,-0.9238,0.0,1.0,1.0,-0.0,-3.0,0.0,2.375,0.0,0.0,1.0,-3.5,46.5,14.0,34.0
2017_13_PIT_CIN,2017,13,CIN,PIT,-5.7066,48.563,55.4019,72.8139,128.2157,1.0,0.0,-7.5025,0.0,0.0,0.0,0.0,-2.3539,1.0,1.0,1.0,-5.7066,0.0,0.0,0.2566,0.0,0.0,0.0,-4.5,42.5,-3.0,43.0
2017_14_NO_ATL,2017,14,ATL,NO,-0.9458,54.6446,60.845,66.2872,127.1322,1.0,0.0,-0.4264,0.0,0.0,0.0,0.0,-1.1321,1.0,1.0,1.0,-0.9458,1.0,0.0,0.4244,1.0,0.0,0.0,2.5,51.5,3.0,37.0
2017_14_IND_BUF,2017,14,BUF,IND,0.6191,42.5816,64.784,65.8469,130.6309,1.0,0.0,4.13,-6.1286,0.0,-6.1286,-6.1286,3.4955,0.0,0.0,0.0,0.0,0.0,0.0,0.4358,0.0,5.0,13.0,3.5,36.5,6.0,20.0
2017_14_MIN_CAR,2017,14,CAR,MIN,-4.4837,43.0795,63.4487,63.3888,126.8375,1.0,0.0,-3.5847,0.0,0.0,0.0,0.0,0.4785,0.0,0.0,0.0,-0.0,1.0,0.0,0.9379,0.0,0.0,4.0,-2.5,40.5,7.0,55.0
2017_14_CHI_CIN,2017,14,CIN,CHI,3.1502,42.594,60.1372,64.9666,125.1038,1.0,-0.12,3.9563,0.0,0.0,0.0,0.0,2.7634,0.0,0.0,0.0,0.0,1.0,0.0,0.2512,0.0,1.0,14.0,6.0,40.5,-26.0,40.0
2017_14_GB_CLE,2017,14,CLE,GB,-7.0012,44.6002,67.8877,63.147,131.0347,1.0,0.0,-11.4816,0.0,0.0,0.0,0.0,-1.4471,0.0,0.0,0.0,-0.0,1.0,0.0,0.3822,0.0,14.0,16.0,-2.5,38.5,-6.0,48.0
2017_14_SF_HOU,2017,14,HOU,SF,6.9415,46.091,70.3664,65.0896,135.456,1.0,0.0,5.4496,0.0,6.3994,-6.3994,6.3994,-1.8333,0.0,0.0,0.0,0.0,2.0,0.0,1.6133,1.0,0.0,0.0,1.0,45.5,-10.0,42.0
2017_14_OAK_KC,2017,14,KC,OAK,-1.1215,51.1203,61.858,69.2335,131.0915,1.0,0.0,2.9956,0.0,6.854,-6.854,6.854,-0.7681,1.0,0.0,0.0,-1.1215,2.0,0.0,1.4978,0.0,3.0,0.0,4.5,48.5,11.0,41.0
2017_14_DAL_NYG,2017,14,NYG,DAL,-2.1177,45.4976,62.575,67.561,130.136,1.0,-0.36,-6.459,0.0,0.0,0.0,0.0,-1.79,1.0,0.0,0.0,-2.1177,1.0,0.0,1.3851,0.0,1.0,6.0,-4.0,42.0,-20.0,40.0
2017_14_DET_TB,2017,14,TB,DET,0.4093,47.3636,67.1988,63.8189,131.0177,1.0,0.0,-2.7691,0.0,0.0,0.0,0.0,-0.9066,0.0,0.0,0.0,0.0,0.0,0.0,0.993,0.0,0.0,0.0,-0.0,47.5,-3.0,45.0
2017_14_TEN_ARI,2017,14,ARI,TEN,-2.5905,38.4163,69.5972,64.195,133.7921,1.0,0.0,-3.2319,-3.1424,0.0,-3.1424,-3.1424,-0.1892,0.0,0.0,0.0,-0.0,-1.0,0.0,1.4528,1.0,0.0,0.0,-2.5,42.0,5.0,19.0
2017_14_NYJ_DEN,2017,14,DEN,NYJ,-4.3652,39.8315,68.401,64.2145,132.6155,1.0,0.0,-2.1029,0.0,0.0,0.0,0.0,-1.0502,0.0,0.0,0.0,-0.0,-2.0,0.0,1.6245,0.0,0.0,0.0,-1.0,40.5,23.0,23.0
2017_14_WAS_LAC,2017,14,LAC,WAS,5.573,48.97,64.9406,66.5182,131.4588,1.0,-0.36,2.6015,0.0,0.0,0.0,0.0,1.0993,0.0,0.0,0.0,0.0,-3.0,0.0,2.311,0.0,0.0,0.0,6.0,46.5,17.0,43.0
2017_14_SEA_JAX,2017,14,JAX,SEA,3.3914,36.4706,70.4886,65.8581,136.3466,1.0,0.0,-4.2898,0.0,0.0,0.0,0.0,0.5305,0.0,0.0,0.0,0.0,3.0,0.0,2.4527,0.0,0.0,0.0,3.0,41.0,6.0,54.0
2017_14_PHI_LA,2017,14,LA,PHI,-2.7224,44.9529,62.3982,67.9272,130.3254,1.0,0.0,-2.4502,0.0,0.0,0.0,0.0,1.7737,0.0,0.0,0.0,-0.0,-3.0,0.0,2.3962,0.0,0.0,0.0,-1.0,47.5,-8.0,78.0
2017_14_BAL_PIT,2017,14,PIT,BAL,2.1308,40.5919,67.1202,62.1782,129.2984,1.0,-0.12,3.9591,0.0,0.0,0.0,0.0,-0.2297,1.0,1.0,1.0,2.1308,0.0,0.0,0.1972,0.0,2.0,12.0,6.0,43.0,1.0,77.0
2017_14_NE_MIA,2017,14,MIA,NE,-12.0835,51.4954,63.0356,68.432,131.4676,1.0,0.0,-12.8886,0.0,0.0,0.0,0.0,0.391,1.0,1.0,1.0,-12.0835,0.0,0.0,1.2258,0.0,0.0,0.0,-10.0,48.0,7.0,47.0
2017_15_DEN_IND,2017,15,IND,DEN,0.0168,36.3588,62.242,67.5001,129.7422,1.0,0.0,-3.0934,0.0,0.0,0.0,0.0,-3.7106,0.0,1.0,1.0,0.0,2.0,0.0,0.9998,1.0,0.0,0.0,-3.0,40.5,-12.0,38.0
2017_15_CHI_DET,2017,15,DET,CHI,-0.7113,43.6226,64.7323,62.0599,126.7922,1.0,0.0,4.4309,0.0,0.0,0.0,0.0,0.6225,1.0,0.0,0.0,-0.7113,1.0,0.0,0.2366,1.0,0.0,0.0,5.0,43.5,10.0,30.0
2017_15_LAC_KC,2017,15,KC,LAC,-7.085,52.7832,62.6988,68.4156,131.1145,1.0,0.0,1.6541,0.0,0.0,0.0,0.0,-1.6754,1.0,1.0,1.0,-7.085,2.0,0.0,1.3666,0.0,0.0,0.0,1.0,47.0,17.0,43.0
2017_15_MIA_BUF,2017,15,BUF,MIA,-0.9518,39.0333,64.0568,65.231,129.2878,1.0,0.12,0.932,0.0,0.0,0.0,0.0,-1.9702,1.0,0.0,0.0,-0.9518,0.0,0.0,1.1648,0.0,0.0,23.0,3.5,39.5,8.0,40.0
2017_15_GB_CAR,2017,15,CAR,GB,5.0205,46.5129,65.921,61.2233,127.1443,1.0,0.0,2.638,0.0,7.2775,-7.2775,7.2775,2.2541,0.0,0.0,0.0,0.0,1.0,0.0,0.7456,0.0,0.0,0.0,3.0,46.5,7.0,55.0
2017_15_BAL_CLE,2017,15,CLE,BAL,-9.465,39.7367,67.7947,66.1493,133.944,1.0,0.0,-13.7565,0.0,0.0,0.0,0.0,-6.9396,1.0,0.0,0.0,-9.465,0.0,0.0,0.3083,0.0,0.0,9.0,-6.5,42.0,-17.0,37.0
2017_15_HOU_JAX,2017,15,JAX,HOU,9.1576,39.1452,65.9625,67.6518,133.6143,1.0,0.0,5.5943,0.0,3.2553,-3.2553,3.2553,4.2182,1.0,0.0,0.0,9.1576,1.0,0.0,0.8248,0.0,0.0,0.0,10.5,39.0,38.0,52.0
2017_15_CIN_MIN,2017,15,MIN,CIN,8.3428,47.2422,73.6828,56.3556,130.0384,1.0,0.0,8.3495,0.0,0.0,0.0,0.0,-1.155,0.0,0.0,0.0,0.0,-1.0,0.0,0.6045,1.0,0.0,0.0,12.5,42.5,27.0,41.0
2017_15_NYJ_NO,2017,15,NO,NYJ,7.4336,51.8951,64.7722,63.6822,128.4544,1.0,0.36,7.9991,0.0,-4.0201,4.0201,-4.0201,2.0477,0.0,0.0,0.0,0.0,-1.0,0.0,1.1699,1.0,0.0,0.0,16.5,47.0,12.0,50.0
2017_15_PHI_NYG,2017,15,NYG,PHI,-13.6702,43.7759,62.0963,71.5106,133.607,1.0,0.0,-12.177,0.0,-5.3722,5.3722,-5.3722,-2.1916,1.0,0.0,0.0,-13.6702,0.0,0.0,0.0854,0.0,0.0,10.0,-7.5,40.5,-5.0,63.0
2017_15_ARI_WAS,2017,15,WAS,ARI,0.4418,39.1049,64.4109,67.6649,132.0758,1.0,0.0,-0.1994,0.0,-3.414,3.414,-3.414,1.2851,0.0,0.0,0.0,0.0,2.0,1.0,1.9951,0.0,0.0,0.0,4.0,40.0,5.0,35.0
2017_15_LA_SEA,2017,15,SEA,LA,-1.2064,45.1646,69.0219,64.065,133.0869,1.0,0.0,1.7659,0.0,0.0,0.0,0.0,-1.2608,1.0,0.0,0.0,-1.2064,0.0,0.0,0.9651,0.0,5.0,0.0,-1.0,47.5,-35.0,49.0
2017_15_NE_PIT,2017,15,PIT,NE,-1.3677,58.51,68.5139,64.9113,133.4253,1.0,0.12,-2.0539,0.0,0.0,0.0,0.0,4.8278,0.0,0.0,0.0,-0.0,0.0,0.0,0.4683,0.0,0.0,3.0,-2.5,53.0,-3.0,51.0
2017_15_TEN_SF,2017,15,SF,TEN,-4.3857,40.3604,69.3561,64.0829,133.439,1.0,0.0,-6.3372,6.979,0.0,6.979,6.979,-1.6847,0.0,0.0,0.0,-0.0,-2.0,0.0,1.9384,0.0,7.0,0.0,2.5,44.5,2.0,48.0
2017_15_DAL_OAK,2017,15,OAK,DAL,0.901,49.9744,65.2123,64.6809,129.8932,1.0,0.0,-3.0502,6.384,0.0,6.384,6.384,-0.718,0.0,1.0,1.0,0.0,-2.0,0.0,1.4535,0.0,0.0,0.0,-3.0,46.0,-3.0,37.0
2017_15_ATL_TB,2017,15,TB,ATL,-5.991,47.3833,67.1921,62.7999,129.992,1.0,-0.36,-8.5645,0.0,0.0,0.0,0.0,-1.1133,1.0,1.0,1.0,-5.991,0.0,0.0,0.4149,0.0,0.0,0.0,-7.0,49.5,-3.0,45.0
2017_16_IND_BAL,2017,16,BAL,IND,8.6551,41.2453,66.6277,65.6726,132.3003,1.0,-0.36,9.3795,0.0,0.0,0.0,0.0,8.0981,0.0,0.0,0.0,0.0,0.0,0.0,0.5094,0.0,4.0,0.0,13.5,41.0,7.0,39.0
2017_16_MIN_GB,2017,16,GB,MIN,-8.0729,48.6391,60.9878,67.9991,128.9869,1.0,0.0,-5.3856,0.0,0.0,0.0,0.0,-1.0704,1.0,1.0,1.0,-8.0729,0.0,0.0,0.257,0.0,0.0,35.0,-8.5,41.0,-16.0,16.0
2017_16_TB_CAR,2017,16,CAR,TB,6.9978,45.2029,65.855,63.8359,129.6909,1.0,0.12,7.3322,0.0,0.0,0.0,0.0,2.9262,1.0,0.0,0.0,6.9978,0.0,0.0,0.5103,0.0,0.0,0.0,10.0,46.5,3.0,41.0
2017_16_CLE_CHI,2017,16,CHI,CLE,5.9028,38.7833,63.7596,65.3219,129.0815,1.0,0.12,7.2769,0.0,0.0,0.0,0.0,4.2783,0.0,0.0,0.0,0.0,-1.0,0.0,0.3063,0.0,0.0,21.0,5.5,37.0,17.0,23.0
2017_16_DET_CIN,2017,16,CIN,DET,-3.1366,44.4897,59.0324,69.0956,128.128,1.0,-0.12,-4.8893,0.0,0.0,0.0,0.0,1.9255,0.0,0.0,0.0,-0.0,0.0,0.0,0.237,0.0,0.0,10.0,-3.0,43.5,9.0,43.0
2017_16_MIA_KC,2017,16,KC,MIA,5.1359,47.7306,62.1677,67.485,129.6526,1.0,0.12,6.6605,0.0,0.0,0.0,0.0,-1.4208,0.0,0.0,0.0,0.0,-1.0,0.0,1.2246,0.0,5.0,22.0,11.0,43.5,16.0,42.0
2017_16_BUF_NE,2017,16,NE,BUF,8.3304,50.4397,68.9374,64.6147,133.5522,1.0,0.0,9.3264,0.0,0.0,0.0,0.0,0.7342,1.0,0.0,0.0,8.3304,0.0,0.0,0.3864,0.0,0.0,10.0,11.0,47.5,21.0,53.0
2017_16_ATL_NO,2017,16,NO,ATL,0.7197,52.7813,63.3826,63.4953,126.8779,1.0,0.12,-0.4803,0.0,0.0,0.0,0.0,2.0808,1.0,0.0,0.0,0.7197,-1.0,0.0,0.4244,1.0,0.0,0.0,5.5,52.0,10.0,36.0
2017_16_LAC_NYJ,2017,16,NYJ,LAC,-8.1725,46.5158,64.861,66.1154,130.9764,1.0,-0.12,-4.4727,-4.3845,0.0,-4.3845,-4.3845,-1.0432,0.0,0.0,0.0,-0.0,3.0,1.0,2.4495,0.0,0.0,5.0,-7.5,42.5,-7.0,21.0
2017_16_LA_TEN,2017,16,TEN,LA,-5.7908,42.6124,64.4166,65.0885,129.5052,1.0,0.0,-5.0869,0.0,0.0,0.0,0.0,-1.8956,0.0,0.0,0.0,-0.0,2.0,0.0,1.7842,0.0,1.0,6.0,-5.5,46.0,-4.0,50.0
2017_16_DEN_WAS,2017,16,WAS,DEN,3.5383,37.8943,59.3048,70.5193,129.8241,1.0,-0.36,0.016,0.0,0.8145,-0.8145,0.8145,1.341,0.0,0.0,0.0,0.0,2.0,1.0,1.4998,0.0,0.0,2.0,3.0,39.5,16.0,38.0
2017_16_JAX_SF,2017,16,SF,JAX,-12.802,40.6348,65.7252,68.4693,134.1946,1.0,0.0,-8.5931,7.9784,0.0,7.9784,7.9784,-3.7082,0.0,0.0,0.0,-0.0,-3.0,0.0,2.3469,0.0,0.0,0.0,-4.0,43.0,11.0,77.0
2017_16_NYG_ARI,2017,16,ARI,NYG,2.5963,35.0394,69.7993,66.1853,135.9847,1.0,0.0,3.2023,2.117,0.0,2.117,2.117,-0.9479,0.0,0.0,0.0,0.0,-2.0,0.0,2.1441,1.0,0.0,0.0,3.0,39.0,23.0,23.0
2017_16_SEA_DAL,2017,16,DAL,SEA,-1.2723,47.3333,66.0197,65.5415,131.5612,1.0,0.0,0.3308,0.0,0.0,0.0,0.0,1.0567,0.0,0.0,0.0,-0.0,2.0,0.0,1.6688,1.0,0.0,0.0,4.5,47.0,-9.0,33.0
2017_16_PIT_HOU,2017,16,HOU,PIT,-6.4634,52.3424,64.2628,66.7865,131.0493,1.0,0.0,-10.8959,1.6939,0.0,1.6939,1.6939,-6.3951,0.0,0.0,0.0,-0.0,-1.0,0.0,1.1419,1.0,0.0,0.0,-8.0,45.5,-28.0,40.0
2017_16_OAK_PHI,2017,16,PHI,OAK,7.561,48.6357,69.2721,64.1165,133.3887,1.0,0.0,7.9537,-3.9207,6.3938,-10.3145,2.4732,-0.4094,0.0,1.0,1.0,0.0,3.0,0.0,2.5068,0.0,5.0,16.0,10.0,46.0,9.0,29.0
2017_17_GB_DET,2017,17,DET,GB,1.0535,50.4126,64.3496,66.7321,131.0817,1.0,-0.12,0.7054,0.0,0.0,0.0,0.0,-0.7102,1.0,0.0,0.0,1.0535,1.0,0.0,0.2927,1.0,0.0,0.0,7.5,45.0,24.0,46.0
2017_17_HOU_IND,2017,17,IND,HOU,-1.2476,47.0695,62.0645,67.8209,129.8854,1.0,0.24,-1.6776,0.0,0.1945,-0.1945,0.1945,-0.546,1.0,0.0,0.0,-1.2476,1.0,0.0,0.8709,1.0,0.0,0.0,5.5,42.0,9.0,35.0
2017_17_CHI_MIN,2017,17,MIN,CHI,7.622,39.6834,66.0684,59.344,125.4124,1.0,0.12,10.2162,0.0,0.0,0.0,0.0,-1.3658,1.0,0.0,0.0,7.622,0.0,0.0,0.3553,1.0,0.0,0.0,13.5,38.0,13.0,33.0
2017_17_NYJ_NE,2017,17,NE,NYJ,9.1102,52.8327,68.5212,65.2794,133.8006,1.0,0.0,13.8618,0.0,-4.9345,4.9345,-4.9345,1.1992,1.0,0.0,0.0,9.1102,0.0,0.0,0.1702,0.0,4.0,32.0,17.0,43.5,20.0,32.0
2017_17_WAS_NYG,2017,17,NYG,WAS,-6.0736,42.2574,69.7042,64.6128,134.317,1.0,0.0,-6.0609,0.0,0.0,0.0,0.0,-0.8584,1.0,0.0,0.0,-6.0736,0.0,0.0,0.1981,0.0,6.0,29.0,-5.0,41.0,8.0,28.0
2017_17_DAL_PHI,2017,17,PHI,DAL,8.3776,48.7495,67.8015,64.2828,132.0843,1.0,-0.12,5.287,-7.7059,0.0,-7.7059,-7.7059,-0.207,1.0,0.0,0.0,8.3776,1.0,0.0,1.3126,0.0,7.0,26.0,-3.5,41.0,-6.0,6.0
2017_17_CLE_PIT,2017,17,PIT,CLE,13.454,48.7469,68.4484,60.8915,129.3399,1.0,-0.12,18.7706,-4.6758,0.0,-4.6758,-4.6758,7.7043,1.0,0.0,0.0,13.454,0.0,0.0,0.1143,0.0,0.0,34.0,5.0,38.5,4.0,52.0
2017_17_CAR_ATL,2017,17,ATL,CAR,-0.9325,46.7422,61.3977,64.3148,125.7125,1.0,0.0,0.695,0.0,0.0,0.0,0.0,-3.2735,1.0,0.0,0.0,-0.9325,0.0,0.0,0.2261,1.0,0.0,0.0,5.0,44.5,12.0,32.0
2017_17_CIN_BAL,2017,17,BAL,CIN,6.312,41.841,70.055,61.3542,131.4092,1.0,0.12,5.6365,0.0,0.0,0.0,0.0,1.3245,1.0,0.0,0.0,6.312,0.0,0.0,0.4228,0.0,2.0,26.0,8.0,40.0,-4.0,58.0
2017_17_KC_DEN,2017,17,DEN,KC,-5.4692,43.9502,70.272,61.0521,131.3241,1.0,0.0,-7.5227,-1.0583,-8.1046,7.0463,-9.1629,0.117,1.0,0.0,0.0,-5.4692,-1.0,0.0,0.5643,0.0,0.0,28.0,3.0,37.5,-3.0,51.0
2017_17_SF_LA,2017,17,LA,SF,8.0534,48.3208,65.8624,68.8204,134.6828,1.0,0.0,9.4348,-3.7392,8.6981,-12.4373,4.959,3.363,1.0,0.0,0.0,8.0534,0.0,0.0,0.3135,0.0,0.0,0.0,-6.5,44.5,-21.0,47.0
2017_17_OAK_LAC,2017,17,LAC,OAK,6.3534,46.2223,65.879,65.1035,130.9825,1.0,0.12,3.2348,0.0,5.6921,-5.6921,5.6921,0.1056,1.0,0.0,0.0,6.3534,0.0,0.0,0.34,0.0,0.0,0.0,7.0,43.0,20.0,40.0
2017_17_BUF_MIA,2017,17,MIA,BUF,-1.0894,41.9121,65.9966,64.8059,130.8025,1.0,0.0,-2.4384,0.9008,0.0,0.9008,0.9008,3.4423,1.0,0.0,0.0,-1.0894,0.0,0.0,1.1648,0.0,0.0,0.0,-2.5,41.5,-6.0,38.0
2017_17_ARI_SEA,2017,17,SEA,ARI,2.3783,32.5435,64.2756,69.8186,134.0943,1.0,0.0,5.3974,0.0,1.78,-1.78,1.78,1.0203,1.0,0.0,0.0,2.3783,-1.0,0.0,1.1043,0.0,0.0,5.0,8.0,38.0,-2.0,50.0
2017_17_NO_TB,2017,17,TB,NO,-6.4469,49.6577,65.6868,63.5413,129.2281,1.0,0.0,-9.7251,0.0,0.0,0.0,0.0,-4.1476,1.0,0.0,0.0,-6.4469,1.0,0.0,0.4779,0.0,0.0,0.0,-6.0,49.0,7.0,55.0
2017_17_JAX_TEN,2017,17,TEN,JAX,-7.0577,40.1133,61.8791,71.0735,132.9525,1.0,0.0,-2.4821,0.0,0.0,0.0,0.0,-2.4774,1.0,0.0,0.0,-7.0577,-1.0,0.0,0.5008,0.0,0.0,22.0,2.5,40.0,5.0,25.0
2017_18_TEN_KC,2017,18,KC,TEN,3.6607,48.1951,65.6285,64.9242,130.5527,1.0,0.0,5.8747,0.0,0.0,0.0,0.0,-1.6576,0.0,0.0,0.0,0.0,0.0,0.0,0.4666,0.0,0.0,12.0,8.5,44.0,-1.0,43.0
2017_18_ATL_LA,2017,18,LA,ATL,-0.5659,47.4199,62.4869,65.1646,127.6515,1.0,0.0,-2.9822,0.0,0.0,0.0,0.0,2.9163,0.0,1.0,1.0,-0.0,-3.0,0.0,1.9385,0.0,0.0,0.0,6.5,48.0,-13.0,39.0
2017_18_BUF_JAX,2017,18,JAX,BUF,7.2165,38.4317,70.6195,63.1686,133.7881,1.0,0.0,-0.126,0.0,0.0,0.0,0.0,4.7872,0.0,0.0,0.0,0.0,0.0,0.0,0.8745,0.0,8.0,0.0,8.5,39.5,7.0,13.0
2017_18_CAR_NO,2017,18,NO,CAR,1.7004,47.447,61.7812,65.8752,127.6563,1.0,0.0,1.6309,0.0,0.0,0.0,0.0,-0.0877,1.0,0.0,0.0,1.7004,-1.0,0.0,0.6487,1.0,0.0,0.0,6.5,47.5,5.0,57.0
2017_19_ATL_PHI,2017,19,PHI,ATL,1.0182,44.5273,66.7084,63.9983,130.7067,1.0,0.72,-0.6732,-6.0765,0.0,-6.0765,-6.0765,1.8825,0.0,0.0,0.0,0.0,0.0,0.0,0.6635,0.0,6.0,13.0,-2.5,40.0,5.0,25.0
2017_19_TEN_NE,2017,19,NE,TEN,5.5574,51.0532,68.8109,63.4029,132.2139,1.0,0.72,10.2779,0.0,0.0,0.0,0.0,0.4006,0.0,1.0,1.0,0.0,1.0,0.0,0.9246,0.0,2.0,21.0,13.5,48.0,21.0,49.0
2017_19_JAX_PIT,2017,19,PIT,JAX,-2.2177,44.6109,65.8822,63.6168,129.4989,1.0,0.84,5.8125,0.0,0.0,0.0,0.0,2.8181,0.0,0.0,0.0,-0.0,0.0,0.0,0.7054,0.0,0.0,27.0,7.0,40.5,-3.0,87.0
2017_19_NO_MIN,2017,19,MIN,NO,3.4769,47.4506,68.9364,59.6591,128.5955,1.0,0.84,1.1689,0.0,0.0,0.0,0.0,-2.9009,0.0,0.0,0.0,0.0,0.0,0.0,1.0523,1.0,0.0,0.0,5.5,47.0,5.0,53.0
2017_20_JAX_NE,2017,20,NE,JAX,-1.5187,48.3324,69.6222,66.5265,136.1488,1.0,0.12,8.5273,0.0,0.0,0.0,0.0,0.1899,0.0,0.0,0.0,-0.0,0.0,0.0,0.9961,0.0,0.0,0.0,7.5,46.0,4.0,44.0
2017_20_MIN_PHI,2017,20,PHI,MIN,-3.2198,40.3664,64.2977,67.1854,131.483,1.0,0.12,-0.5988,-5.1111,0.0,-5.1111,-5.1111,2.8869,0.0,0.0,0.0,-0.0,1.0,0.0,0.9842,0.0,0.0,0.0,-3.0,39.0,31.0,45.0
2017_21_PHI_NE,2017,21,NE,PHI,-1.4595,52.1889,67.7053,67.093,134.7983,0.0,0.0,2.5896,0.0,-3.0636,3.0636,-3.0636,0.6115,0.0,0.0,0.0,-0.0,0.0,0.0,0.0,1.0,0.0,0.0,4.5,48.5,-8.0,74.0
2018_01_ATL_PHI,2018,1,PHI,ATL,4.4656,47.0672,66.346,63.7907,130.1367,1.0,0.0,1.956,-2.2964,0.0,-2.2964,-2.2964,2.8799,0.0,1.0,1.0,0.0,0.0,0.0,0.6635,0.0,0.0,0.0,1.0,44.5,6.0,30.0
2018_01_BUF_BAL,2018,1,BAL,BUF,2.7231,37.5563,67.6138,67.0056,134.6194,1.0,0.0,1.6771,0.0,-3.5981,3.5981,-3.5981,4.4449,0.0,0.0,0.0,0.0,0.0,0.0,0.2666,0.0,2.0,0.0,7.5,39.0,44.0,50.0
2018_01_PIT_CLE,2018,1,CLE,PIT,-9.5753,45.9144,62.0946,67.4153,129.5099,1.0,0.0,-12.0769,4.5146,0.0,4.5146,4.5146,-7.1444,1.0,0.0,0.0,-9.5753,0.0,0.0,0.1143,0.0,1.0,0.0,-3.5,41.0,0.0,42.0
2018_01_CIN_IND,2018,1,IND,CIN,-2.5924,43.2726,67.9223,61.3413,129.2637,1.0,0.0,-2.8014,-2.2222,0.0,-2.2222,-2.2222,-4.932,0.0,0.0,0.0,-0.0,0.0,0.0,0.0992,1.0,0.0,0.0,-1.0,47.5,-11.0,57.0
2018_01_TEN_MIA,2018,1,MIA,TEN,-4.148,40.6604,65.8809,62.9881,128.869,1.0,0.0,-1.8905,-2.0902,0.0,-2.0902,-2.0902,2.3769,0.0,0.0,0.0,-0.0,1.0,0.0,0.8039,0.0,0.0,0.0,-1.0,43.5,7.0,47.0
2018_01_SF_MIN,2018,1,MIN,SF,7.9503,43.7592,70.0255,64.2133,134.2388,1.0,0.0,6.0132,-1.8172,6.3128,-8.1301,4.4956,-0.5255,0.0,0.0,0.0,0.0,2.0,0.0,1.5721,1.0,0.0,0.0,6.0,46.5,8.0,40.0
2018_01_HOU_NE,2018,1,NE,HOU,8.242,55.1787,66.7987,66.9518,133.7505,1.0,0.0,10.3799,0.0,4.9064,-4.9064,4.9064,4.0021,0.0,0.0,0.0,0.0,1.0,0.0,1.5919,0.0,0.0,0.0,6.0,49.5,7.0,47.0
2018_01_TB_NO,2018,1,NO,TB,4.7756,50.6738,63.2594,68.2119,131.4713,1.0,0.0,4.9175,0.0,-1.744,1.744,-1.744,2.7581,1.0,0.0,0.0,4.7756,-1.0,0.0,0.4779,1.0,0.0,0.0,10.0,50.0,-8.0,88.0
2018_01_JAX_NYG,2018,1,NYG,JAX,-9.798,36.7309,66.7531,68.5001,135.2532,1.0,0.0,-4.7912,0.0,0.0,0.0,0.0,-1.2257,0.0,0.0,0.0,-0.0,0.0,0.0,0.8394,0.0,0.0,0.0,-2.5,43.0,-5.0,35.0
2018_01_KC_LAC,2018,1,LAC,KC,4.5145,51.9407,66.7253,63.2929,130.0182,1.0,0.0,-1.5832,0.0,-3.9456,3.9456,-3.9456,1.9662,1.0,0.0,0.0,4.5145,-2.0,0.0,1.3666,0.0,0.0,0.0,3.5,48.0,-10.0,66.0
2018_01_WAS_ARI,2018,1,ARI,WAS,-1.247,35.3875,69.5512,62.8957,132.4469,1.0,0.0,0.2956,1.4842,3.5529,-2.0687,5.0372,-2.1728,0.0,0.0,0.0,-0.0,-2.0,0.0,1.9951,1.0,0.0,0.0,2.0,43.5,-18.0,30.0
2018_01_DAL_CAR,2018,1,CAR,DAL,2.1776,44.7354,64.5689,62.8318,127.4008,1.0,0.0,0.0113,0.0,0.0,0.0,0.0,1.142,0.0,0.0,0.0,0.0,1.0,0.0,0.945,0.0,0.0,0.0,2.5,42.5,8.0,24.0
2018_01_SEA_DEN,2018,1,DEN,SEA,-4.4781,36.4363,69.9336,61.8187,131.7523,1.0,0.0,-3.8978,4.5892,0.0,4.5892,4.5892,-0.3018,0.0,0.0,0.0,-0.0,1.0,0.0,1.0178,0.0,0.0,0.0,3.0,42.5,3.0,51.0
2018_01_CHI_GB,2018,1,GB,CHI,-0.9194,42.0225,64.6418,61.8785,126.5203,1.0,0.0,1.6495,4.0623,0.0,4.0623,4.0623,-1.5458,1.0,1.0,1.0,-0.9194,0.0,0.0,0.1837,0.0,0.0,0.0,6.5,45.0,1.0,47.0
2018_01_NYJ_DET,2018,1,DET,NYJ,2.5121,42.5404,66.7749,65.6057,132.3807,1.0,0.0,3.6547,0.0,-4.6302,4.6302,-4.6302,1.042,0.0,1.0,1.0,0.0,0.0,0.0,0.4753,1.0,0.0,0.0,7.0,44.0,-31.0,65.0
2018_01_LA_OAK,2018,1,OAK,LA,-3.1847,44.3399,66.3852,64.1806,130.5658,1.0,0.0,-2.7721,3.8977,0.0,3.8977,3.8977,-1.2127,0.0,1.0,1.0,-0.0,0.0,0.0,0.34,0.0,0.0,0.0,-6.0,47.5,-20.0,46.0
2018_02_BAL_CIN,2018,2,CIN,BAL,-4.5564,39.9271,61.8935,72.759,134.6525,1.0,0.0,-2.8173,0.0,0.0,0.0,0.0,-1.0949,1.0,1.0,1.0,-4.5564,0.0,0.0,0.4228,0.0,0.0,0.0,1.0,43.0,11.0,57.0
2018_02_CAR_ATL,2018,2,ATL,CAR,-0.1932,42.6975,61.9806,64.797,126.7776,1.0,0.36,0.7926,0.0,0.0,0.0,0.0,-5.1223,1.0,0.0,0.0,-0.1932,0.0,0.0,0.2261,1.0,0.0,0.0,5.5,44.0,7.0,55.0
2018_02_LAC_BUF,2018,2,BUF,LAC,-9.3106,45.1183,63.8545,69.1578,133.0124,1.0,0.0,-2.0022,-0.8713,0.0,-0.8713,-0.8713,-3.8101,0.0,0.0,0.0,-0.0,3.0,1.0,2.2057,0.0,0.0,0.0,-7.5,41.5,-11.0,51.0
2018_02_MIN_GB,2018,2,GB,MIN,-9.3884,43.334,61.9673,67.9615,129.9288,1.0,0.0,-5.268,4.8793,-1.5075,6.3868,3.3719,-0.5339,1.0,0.0,0.0,-9.3884,0.0,0.0,0.257,0.0,0.0,0.0,-2.0,45.0,0.0,58.0
2018_02_CLE_NO,2018,2,NO,CLE,7.6257,47.6837,65.2353,68.7053,133.9406,1.0,0.0,9.9168,0.0,4.2863,-4.2863,4.2863,4.8995,0.0,0.0,0.0,0.0,-1.0,0.0,0.9255,1.0,0.0,0.0,10.0,51.0,3.0,39.0
2018_02_MIA_NYJ,2018,2,NYJ,MIA,2.3612,40.0491,62.7948,66.5531,129.3479,1.0,-0.12,0.3886,-0.5201,1.3341,-1.8542,0.814,-2.1165,1.0,0.0,0.0,2.3612,0.0,0.0,1.0856,0.0,0.0,0.0,3.0,43.0,-8.0,32.0
2018_02_KC_PIT,2018,2,PIT,KC,0.9622,55.0676,71.1069,62.0535,133.1604,1.0,0.0,-0.3734,0.0,-2.4412,2.4412,-2.4412,6.4126,0.0,0.0,0.0,0.0,1.0,0.0,0.7738,0.0,0.0,0.0,4.5,52.0,-5.0,79.0
2018_02_PHI_TB,2018,2,TB,PHI,-6.3365,49.1869,66.0918,66.7347,132.8265,1.0,-0.36,-6.9486,1.0842,-3.4204,4.5046,-2.3362,-2.7093,0.0,0.0,0.0,-0.0,0.0,0.0,0.9242,0.0,0.0,0.0,-3.0,46.5,6.0,48.0
2018_02_HOU_TEN,2018,2,TEN,HOU,1.5955,40.8842,63.4692,67.5694,131.0386,1.0,0.0,2.9867,-3.2689,0.0,-3.2689,-3.2689,3.8966,1.0,0.0,0.0,1.5955,0.0,0.0,0.6715,0.0,2.0,0.0,-3.5,41.0,3.0,37.0
2018_02_IND_WAS,2018,2,WAS,IND,7.214,44.9698,63.973,65.7999,129.7729,1.0,0.0,4.9561,3.8656,0.9495,2.9161,4.8151,2.5697,0.0,0.0,0.0,0.0,0.0,0.0,0.5002,0.0,0.0,0.0,6.0,48.0,-12.0,30.0
2018_02_ARI_LA,2018,2,LA,ARI,6.7737,41.3795,64.7816,67.0818,131.8634,1.0,-0.12,4.4985,0.0,-0.2163,0.2163,-0.2163,1.2805,1.0,0.0,0.0,6.7737,-1.0,0.0,0.3503,0.0,0.0,0.0,13.5,43.5,34.0,34.0
2018_02_DET_SF,2018,2,SF,DET,-1.1016,42.6553,66.8938,67.0492,133.943,1.0,0.12,-1.4376,0.0,0.0,0.0,0.0,-1.9952,0.0,0.0,0.0,-0.0,-3.0,0.0,2.0737,0.0,2.0,0.0,6.0,48.5,3.0,57.0
2018_02_OAK_DEN,2018,2,DEN,OAK,-2.7884,39.4752,68.8323,61.9793,130.8116,1.0,0.12,1.3185,4.3301,3.2497,1.0803,7.5798,0.267,1.0,0.0,0.0,-2.7884,1.0,0.0,0.9345,0.0,0.0,0.0,5.5,44.5,1.0,39.0
2018_02_NE_JAX,2018,2,JAX,NE,1.4381,48.7917,67.5637,69.2771,136.8408,1.0,0.0,-4.9877,0.0,0.0,0.0,0.0,0.1791,0.0,0.0,0.0,0.0,0.0,0.0,0.9961,0.0,5.0,0.0,-2.0,44.5,11.0,51.0
2018_02_NYG_DAL,2018,2,DAL,NYG,2.5118,42.3883,65.6823,65.9189,131.6013,1.0,0.0,5.4023,0.0,0.0,0.0,0.0,0.384,1.0,1.0,1.0,2.5118,-1.0,0.0,1.3851,1.0,0.0,0.0,3.0,42.0,7.0,33.0
2018_02_SEA_CHI,2018,2,CHI,SEA,-1.3192,38.6045,65.3544,63.3208,128.6752,1.0,0.0,-4.2294,0.0,0.0,0.0,0.0,2.3046,0.0,1.0,1.0,-0.0,2.0,0.0,1.7341,0.0,0.0,0.0,5.0,42.5,7.0,41.0
2018_03_NYJ_CLE,2018,3,CLE,NYJ,-2.268,35.651,68.5195,64.9512,133.4707,1.0,0.0,-5.8693,4.3351,-1.8067,6.1418,2.5283,-3.2574,0.0,1.0,1.0,-0.0,0.0,0.0,0.3994,0.0,1.0,0.0,3.0,41.0,4.0,38.0
2018_03_NO_ATL,2018,3,ATL,NO,2.5828,50.841,65.0219,63.3284,128.3503,1.0,0.0,1.8206,0.0,0.0,0.0,0.0,-3.4665,1.0,0.0,0.0,2.5828,1.0,0.0,0.4244,1.0,0.0,0.0,1.5,54.0,-6.0,80.0
2018_03_DEN_BAL,2018,3,BAL,DEN,4.9319,37.4457,65.6983,70.4217,136.12,1.0,0.36,2.6551,0.0,4.2544,-4.2544,4.2544,2.4473,0.0,0.0,0.0,0.0,2.0,1.0,1.5078,0.0,0.0,0.0,5.5,46.0,13.0,41.0
2018_03_CIN_CAR,2018,3,CAR,CIN,0.0526,43.5676,71.5053,59.9679,131.4732,1.0,-0.36,1.1416,0.0,0.0,0.0,0.0,-0.8975,0.0,0.0,0.0,0.0,0.0,0.0,0.3349,0.0,0.0,0.0,2.5,44.0,10.0,52.0
2018_03_NYG_HOU,2018,3,HOU,NYG,0.706,40.5347,65.8061,66.0798,131.8859,1.0,0.0,0.0797,0.0,0.0,0.0,0.0,-3.9332,0.0,0.0,0.0,0.0,-1.0,0.0,1.4226,1.0,0.0,0.0,6.5,44.0,-5.0,49.0
2018_03_TEN_JAX,2018,3,JAX,TEN,8.6327,39.4055,67.1615,63.5047,130.6662,1.0,0.0,3.6755,0.0,-3.0746,3.0746,-3.0746,0.6307,1.0,0.0,0.0,8.6327,1.0,0.0,0.5008,0.0,0.0,0.0,10.0,39.0,-3.0,15.0
2018_03_SF_KC,2018,3,KC,SF,5.3135,53.5051,65.4434,69.9756,135.4189,1.0,0.0,6.8125,0.8543,0.0,0.8543,0.8543,-0.1737,0.0,0.0,0.0,0.0,2.0,0.0,1.4906,0.0,0.0,0.0,6.0,53.0,11.0,65.0
2018_03_OAK_MIA,2018,3,MIA,OAK,-0.687,39.6162,63.6416,65.1476,128.7893,1.0,0.0,2.3841,0.7403,3.889,-3.1487,4.6294,-0.0884,0.0,0.0,0.0,-0.0,3.0,1.0,2.5699,0.0,0.0,0.0,3.0,46.0,8.0,48.0
2018_03_BUF_MIN,2018,3,MIN,BUF,10.7959,39.7207,69.3296,63.8728,133.2025,1.0,0.0,6.5968,-0.6314,-0.7349,0.1036,-1.3663,2.6232,0.0,0.0,0.0,0.0,-1.0,0.0,0.7356,1.0,0.0,0.0,16.5,41.0,-21.0,33.0
2018_03_IND_PHI,2018,3,PHI,IND,8.2529,44.6432,68.2131,64.4851,132.6981,1.0,0.0,8.9654,3.7333,1.1302,2.6031,4.8634,4.7853,0.0,0.0,0.0,0.0,0.0,0.0,0.5832,0.0,0.0,0.0,6.5,45.5,4.0,36.0
2018_03_GB_WAS,2018,3,WAS,GB,2.2327,46.6432,66.3666,64.7096,131.0762,1.0,0.0,-0.4703,2.6603,0.0,2.6603,2.6603,1.7737,0.0,0.0,0.0,0.0,1.0,0.0,0.694,0.0,0.0,0.0,-2.5,46.5,14.0,48.0
2018_03_LAC_LA,2018,3,LA,LAC,-1.3543,49.0568,62.7047,64.6781,127.3828,1.0,0.0,1.4724,0.0,0.0,0.0,0.0,-0.331,0.0,0.0,0.0,-0.0,0.0,0.0,0.0,0.0,0.0,0.0,7.5,49.0,12.0,58.0
2018_03_CHI_ARI,2018,3,ARI,CHI,-4.3419,35.093,62.6881,64.7163,127.4043,1.0,0.12,-0.9938,-1.4748,0.0,-1.4748,-1.4748,-2.1713,0.0,0.0,0.0,-0.0,-1.0,0.0,1.4588,1.0,0.0,0.0,-6.0,39.0,-2.0,30.0
2018_03_DAL_SEA,2018,3,SEA,DAL,-1.5535,39.7451,63.2346,65.5827,128.8173,1.0,-0.12,-1.1887,0.0,0.0,0.0,0.0,-2.3502,0.0,0.0,0.0,-0.0,-2.0,0.0,1.6688,0.0,0.0,0.0,1.0,40.0,11.0,37.0
2018_03_NE_DET,2018,3,DET,NE,-6.0246,53.1208,67.2978,67.9483,135.2461,1.0,0.0,-6.913,0.0,0.0,0.0,0.0,0.694,0.0,1.0,1.0,-0.0,0.0,0.0,0.6027,1.0,0.0,0.0,-7.0,55.5,16.0,36.0
2018_03_PIT_TB,2018,3,TB,PIT,-0.1384,55.2809,63.4913,70.5383,134.0296,1.0,0.0,-2.4432,2.062,0.0,2.062,2.062,-5.0974,0.0,1.0,1.0,-0.0,0.0,0.0,0.8732,0.0,0.0,0.0,1.0,55.0,-3.0,57.0
2018_04_MIN_LA,2018,4,LA,MIN,4.2386,43.0506,64.8747,65.5784,130.4531,1.0,0.0,1.3054,0.0,-1.2731,1.2731,-1.2731,0.5814,0.0,1.0,1.0,0.0,-2.0,0.0,1.5302,0.0,0.0,0.0,7.5,48.5,7.0,69.0
2018_04_CIN_ATL,2018,4,ATL,CIN,1.4064,48.0969,70.0563,63.8028,133.8591,1.0,0.0,3.0966,0.0,0.0,0.0,0.0,-5.624,0.0,0.0,0.0,0.0,0.0,0.0,0.369,1.0,0.0,0.0,3.5,52.0,-1.0,73.0
2018_04_TB_CHI,2018,4,CHI,TB,0.9758,41.4485,65.1149,63.3561,128.4711,1.0,0.12,-1.5801,0.0,0.0,0.0,0.0,3.318,0.0,0.0,0.0,0.0,-1.0,0.0,1.0018,0.0,0.0,0.0,3.0,46.0,38.0,58.0
2018_04_DET_DAL,2018,4,DAL,DET,0.2812,42.2771,61.276,66.3454,127.6213,1.0,0.0,0.6448,0.0,0.0,0.0,0.0,-3.3464,0.0,0.0,0.0,0.0,-1.0,0.0,1.0133,1.0,0.0,0.0,2.5,44.0,2.0,50.0
2018_04_BUF_GB,2018,4,GB,BUF,-1.1711,44.3468,66.8688,65.1403,132.0091,1.0,0.0,-1.1778,0.0,1.0841,-1.0841,1.0841,0.8307,0.0,0.0,0.0,-0.0,-1.0,0.0,0.4786,0.0,0.0,0.0,8.5,44.0,22.0,22.0
2018_04_HOU_IND,2018,4,IND,HOU,1.8852,45.0198,63.3979,68.2911,131.689,1.0,0.0,1.7564,0.3879,0.0,0.3879,0.3879,2.1917,1.0,0.0,0.0,1.8852,1.0,0.0,0.8709,1.0,0.0,0.0,-1.0,48.0,-3.0,71.0
2018_04_NYJ_JAX,2018,4,JAX,NYJ,7.5261,35.5117,67.7296,62.8732,130.6029,1.0,-0.36,4.9096,0.0,-2.5472,2.5472,-2.5472,1.051,0.0,0.0,0.0,0.0,0.0,0.0,0.8394,0.0,0.0,0.0,7.5,40.5,19.0,43.0
2018_04_MIA_NE,2018,4,NE,MIA,1.3786,47.9923,66.7734,63.038,129.8114,1.0,0.0,3.802,0.0,2.5789,-2.5789,2.5789,-0.1158,1.0,0.0,0.0,1.3786,0.0,0.0,1.2258,0.0,0.0,0.0,6.5,50.5,31.0,45.0
2018_04_PHI_TEN,2018,4,TEN,PHI,-5.072,40.1389,62.5014,69.1666,131.668,1.0,0.0,-5.9286,0.0,0.0,0.0,0.0,-0.1965,0.0,0.0,0.0,-0.0,-1.0,0.0,0.6815,0.0,0.0,0.0,-3.0,41.5,3.0,49.0
2018_04_SEA_ARI,2018,4,ARI,SEA,-4.6124,35.1751,63.0706,66.3729,129.4436,1.0,0.0,-4.7214,1.8369,0.0,1.8369,1.8369,0.4614,1.0,0.0,0.0,-4.6124,1.0,0.0,1.1043,1.0,0.0,0.0,-3.5,40.0,-3.0,37.0
2018_04_CLE_OAK,2018,4,OAK,CLE,3.5166,38.9139,66.6894,68.1014,134.7908,1.0,-0.36,3.6567,4.4176,5.0985,-0.681,9.5161,3.5719,0.0,0.0,0.0,0.0,-3.0,0.0,2.1511,0.0,0.0,0.0,2.5,44.5,3.0,87.0
2018_04_SF_LAC,2018,4,LAC,SF,7.8304,50.8866,67.7393,65.7094,133.4486,1.0,0.0,3.1416,0.0,-5.8268,5.8268,-5.8268,2.2492,0.0,0.0,0.0,0.0,0.0,0.0,0.3135,0.0,0.0,0.0,10.0,46.0,2.0,56.0
2018_04_NO_NYG,2018,4,NYG,NO,-3.2163,48.6577,66.7568,63.9255,130.6823,1.0,0.0,-7.1386,0.0,0.0,0.0,0.0,-1.9732,0.0,0.0,0.0,-0.0,1.0,0.0,1.1699,0.0,0.0,0.0,-3.5,51.5,-15.0,51.0
2018_04_BAL_PIT,2018,4,PIT,BAL,-0.6064,45.4631,71.3561,68.1802,139.5363,1.0,-0.12,1.304,0.0,0.0,0.0,0.0,1.9526,1.0,1.0,1.0,-0.6064,0.0,0.0,0.1972,0.0,0.0,0.0,3.0,51.0,-12.0,40.0
2018_04_KC_DEN,2018,4,DEN,KC,-7.5872,51.3706,71.6344,61.1387,132.7731,1.0,0.0,-7.1872,0.0,2.2105,-2.2105,2.2105,1.5637,1.0,1.0,1.0,-7.5872,-1.0,0.0,0.5643,0.0,0.0,0.0,-3.5,53.5,-4.0,50.0
2018_05_IND_NE,2018,5,NE,IND,6.8883,48.0195,70.3467,67.0807,137.4274,1.0,0.0,9.0526,0.0,0.0,0.0,0.0,1.6513,0.0,1.0,1.0,0.0,0.0,0.0,0.7933,0.0,0.0,0.0,10.5,49.5,14.0,62.0
2018_05_TEN_BUF,2018,5,BUF,TEN,-4.3272,38.5635,65.082,65.9499,131.0319,1.0,0.0,-2.2691,-0.9867,0.0,-0.9867,-0.9867,-4.9551,0.0,0.0,0.0,-0.0,1.0,0.0,0.6238,0.0,0.0,0.0,-6.0,38.0,1.0,25.0
2018_05_NYG_CAR,2018,5,CAR,NYG,4.1268,41.2608,64.6043,63.3861,127.9903,1.0,0.84,7.2904,0.0,0.0,0.0,0.0,1.4125,0.0,0.0,0.0,0.0,0.0,0.0,0.5337,0.0,0.0,0.0,7.0,43.5,2.0,64.0
2018_05_MIA_CIN,2018,5,CIN,MIA,3.1109,42.7881,65.4757,64.7376,130.2132,1.0,0.0,1.1462,0.0,1.2516,-1.2516,1.2516,3.1649,0.0,0.0,0.0,0.0,0.0,0.0,0.941,0.0,0.0,0.0,6.0,47.5,10.0,44.0
2018_05_BAL_CLE,2018,5,CLE,BAL,-7.4559,34.9546,70.06,72.818,142.878,1.0,0.0,-10.902,4.7788,0.0,4.7788,4.7788,-5.213,1.0,0.0,0.0,-7.4559,0.0,0.0,0.3083,0.0,0.0,0.0,-3.0,44.5,3.0,21.0
2018_05_GB_DET,2018,5,DET,GB,-0.1525,47.3648,64.6996,65.2048,129.9043,1.0,0.0,0.1025,0.0,0.0,0.0,0.0,3.0409,1.0,0.0,0.0,-0.1525,1.0,0.0,0.2927,1.0,0.0,0.0,1.0,50.0,8.0,54.0
2018_05_JAX_KC,2018,5,KC,JAX,-2.2226,50.3695,63.2437,69.0994,132.3431,1.0,-0.12,3.0471,0.0,0.0,0.0,0.0,-4.0346,0.0,0.0,0.0,-0.0,-1.0,0.0,0.945,0.0,0.0,0.0,3.0,48.0,16.0,44.0
2018_05_DEN_NYJ,2018,5,NYJ,DEN,0.0953,38.1558,61.6427,69.7545,131.3973,1.0,0.12,-1.2776,0.0,0.0,0.0,0.0,2.0947,0.0,0.0,0.0,0.0,2.0,1.0,1.6245,0.0,0.0,0.0,-1.0,42.0,18.0,50.0
2018_05_ATL_PIT,2018,5,PIT,ATL,0.3538,53.2967,69.6978,65.3862,135.084,1.0,0.0,-0.4994,0.0,0.0,0.0,0.0,7.4948,0.0,0.0,0.0,0.0,0.0,0.0,0.5215,0.0,0.0,0.0,3.5,57.0,24.0,58.0
2018_05_OAK_LAC,2018,5,LAC,OAK,3.6817,47.5866,64.4531,64.5444,128.9975,1.0,0.0,4.2712,0.0,4.6786,-4.6786,4.6786,1.681,1.0,0.0,0.0,3.6817,0.0,0.0,0.34,0.0,0.0,0.0,5.5,52.0,16.0,36.0
2018_05_MIN_PHI,2018,5,PHI,MIN,2.4509,43.2815,68.5316,67.3539,135.8855,1.0,-0.36,3.1143,0.0,0.0,0.0,0.0,0.1491,0.0,0.0,0.0,0.0,1.0,0.0,0.9842,0.0,0.0,0.0,3.5,48.0,-2.0,44.0
2018_05_LA_SEA,2018,5,SEA,LA,-5.9401,44.8112,63.0463,64.7451,127.7915,1.0,-0.36,-2.7926,0.0,0.0,0.0,0.0,-2.742,1.0,0.0,0.0,-5.9401,0.0,0.0,0.9651,0.0,0.0,0.0,-7.5,50.5,-2.0,64.0
2018_05_ARI_SF,2018,5,SF,ARI,1.9691,39.6323,67.2845,64.4761,131.7606,1.0,0.0,1.2638,-5.7465,2.6538,-8.4003,-3.0927,-0.5745,1.0,0.0,0.0,1.9691,-1.0,0.0,0.608,0.0,5.0,0.0,3.0,40.5,-10.0,46.0
2018_05_DAL_HOU,2018,5,HOU,DAL,-0.7293,46.3232,66.726,64.7456,131.4716,1.0,0.0,-5.6738,0.0,0.0,0.0,0.0,-3.5801,0.0,1.0,1.0,-0.0,0.0,0.0,0.2338,1.0,0.0,0.0,3.5,45.0,3.0,35.0
2018_05_WAS_NO,2018,5,NO,WAS,-0.2185,49.7471,64.8034,64.7516,129.555,1.0,-0.84,4.1306,0.0,3.2532,-3.2532,3.2532,1.5942,0.0,1.0,1.0,-0.0,-1.0,0.0,0.9731,1.0,0.0,0.0,5.5,51.5,24.0,62.0
2018_06_PHI_NYG,2018,6,NYG,PHI,-3.6448,40.9614,63.375,68.3906,131.7656,1.0,0.0,-9.2188,0.0,0.0,0.0,0.0,-1.1249,1.0,1.0,1.0,-3.6448,0.0,0.0,0.0854,0.0,0.0,0.0,-1.5,45.5,-21.0,47.0
2018_06_TB_ATL,2018,6,ATL,TB,1.5049,54.0098,65.4232,66.2026,131.6257,1.0,-0.84,3.0686,0.0,-1.1484,1.1484,-1.1484,-3.5809,1.0,0.0,0.0,1.5049,0.0,0.0,0.4149,0.0,0.0,0.0,3.0,57.5,5.0,63.0
2018_06_PIT_CIN,2018,6,CIN,PIT,-1.5075,50.1687,64.4218,71.4557,135.8775,1.0,0.0,-2.3219,0.0,0.0,0.0,0.0,-0.9636,1.0,0.0,0.0,-1.5075,0.0,0.0,0.2566,0.0,0.0,0.0,1.0,49.5,-7.0,49.0
2018_06_LAC_CLE,2018,6,CLE,LAC,-5.7562,41.7746,67.1096,68.7307,135.8403,1.0,0.0,-8.4402,0.0,0.0,0.0,0.0,-4.8973,0.0,0.0,0.0,-0.0,3.0,1.0,2.0526,0.0,0.0,0.0,1.0,47.0,-24.0,52.0
2018_06_BUF_HOU,2018,6,HOU,BUF,1.203,38.5493,69.7274,65.11,134.8374,1.0,0.0,-2.5712,0.0,0.0,0.0,0.0,-1.3774,0.0,0.0,0.0,0.0,-1.0,0.0,1.2902,1.0,0.0,0.0,10.5,40.5,7.0,33.0
2018_06_CHI_MIA,2018,6,MIA,CHI,-5.1122,35.8397,58.1468,65.2136,123.3604,1.0,-0.84,-1.3998,0.9975,0.0,0.9975,0.9975,-3.5302,0.0,0.0,0.0,-0.0,1.0,0.0,1.1764,0.0,0.0,0.0,-7.5,40.5,3.0,59.0
2018_06_ARI_MIN,2018,6,MIN,ARI,5.1087,38.6954,71.9343,58.251,130.1853,1.0,0.0,5.2002,0.0,2.2891,-2.2891,2.2891,1.5126,0.0,0.0,0.0,0.0,1.0,0.0,1.2828,1.0,0.0,0.0,10.0,43.5,10.0,44.0
2018_06_IND_NYJ,2018,6,NYJ,IND,3.0549,40.3958,65.2975,72.0282,137.3257,1.0,-0.36,2.3115,0.0,0.0,0.0,0.0,2.2776,0.0,0.0,0.0,0.0,0.0,0.0,0.6408,0.0,0.0,0.0,2.5,47.5,8.0,76.0
2018_06_SEA_OAK,2018,6,OAK,SEA,-1.305,42.9754,65.7209,64.3102,130.0311,0.0,0.0,-5.1038,4.5081,0.0,4.5081,4.5081,1.1429,0.0,0.0,0.0,-0.0,0.0,0.0,0.0,0.0,0.0,0.0,-3.0,47.5,-24.0,30.0
2018_06_CAR_WAS,2018,6,WAS,CAR,-0.6346,46.4204,61.5968,64.7661,126.3629,1.0,-0.12,-3.8965,0.0,0.0,0.0,0.0,-0.2025,0.0,0.0,0.0,-0.0,0.0,0.0,0.3362,0.0,0.0,0.0,-1.0,44.5,6.0,40.0
2018_06_LA_DEN,2018,6,DEN,LA,-11.3299,50.8619,65.9406,63.2375,129.1781,1.0,0.0,-8.2632,0.0,0.0,0.0,0.0,-3.4124,0.0,0.0,0.0,-0.0,1.0,0.0,0.8369,0.0,0.0,20.0,-7.0,50.0,-3.0,43.0
2018_06_JAX_DAL,2018,6,DAL,JAX,-5.6297,38.6996,62.1432,68.0626,130.2059,1.0,0.0,-1.7012,0.0,0.0,0.0,0.0,-0.7701,0.0,0.0,0.0,-0.0,-1.0,0.0,0.9247,1.0,0.0,0.0,-3.0,39.5,33.0,47.0
2018_06_BAL_TEN,2018,6,TEN,BAL,-4.4081,37.4353,65.6462,71.6566,137.3028,1.0,0.0,-2.4385,0.0,0.0,0.0,0.0,-1.3199,0.0,0.0,0.0,-0.0,-1.0,0.0,0.5945,0.0,0.0,0.0,-2.5,43.5,-21.0,21.0
2018_06_KC_NE,2018,6,NE,KC,-2.4349,58.8309,70.8083,66.6355,137.4438,1.0,0.36,-1.3691,0.0,0.0,0.0,0.0,1.2526,0.0,1.0,1.0,-0.0,1.0,0.0,1.2328,0.0,0.0,0.0,4.0,59.5,3.0,83.0
2018_06_SF_GB,2018,6,GB,SF,1.0677,44.6764,68.7601,67.2508,136.0109,1.0,0.0,2.3968,0.0,0.0,0.0,0.0,2.4336,0.0,1.0,1.0,0.0,2.0,0.0,1.8218,0.0,0.0,8.0,9.0,46.5,3.0,63.0
2018_07_DEN_ARI,2018,7,ARI,DEN,1.8714,35.9823,59.5675,72.0614,131.6289,1.0,0.0,0.4352,0.0,0.0,0.0,0.0,-0.6127,0.0,1.0,1.0,0.0,0.0,0.0,0.5876,1.0,0.0,0.0,-1.0,42.5,-35.0,55.0
2018_07_NE_CHI,2018,7,CHI,NE,-0.0634,48.1942,65.2993,66.614,131.9133,1.0,0.0,-6.2282,0.0,0.0,0.0,0.0,1.9931,0.0,0.0,0.0,-0.0,-1.0,0.0,0.8389,0.0,0.0,1.0,-1.0,49.0,-7.0,69.0
2018_07_BUF_IND,2018,7,IND,BUF,-2.8401,34.1409,68.5108,67.0539,135.5646,1.0,0.0,-2.891,0.0,0.9459,-0.9459,0.9459,-0.5062,0.0,0.0,0.0,-0.0,0.0,0.0,0.4358,1.0,0.0,0.0,7.0,43.5,32.0,42.0
2018_07_HOU_JAX,2018,7,JAX,HOU,3.9023,37.2352,66.4946,68.0005,134.4951,1.0,0.0,3.7136,0.0,0.0,0.0,0.0,5.322,1.0,0.0,0.0,3.9023,1.0,0.0,0.8248,0.0,5.0,0.0,4.0,43.0,-13.0,27.0
2018_07_DET_MIA,2018,7,MIA,DET,-1.3595,44.1305,61.5578,66.2823,127.8401,1.0,-0.84,-1.2292,2.0593,0.0,2.0593,2.0593,-3.0496,0.0,0.0,0.0,-0.0,0.0,0.0,1.1431,0.0,0.0,0.0,-3.0,47.0,-11.0,53.0
2018_07_MIN_NYJ,2018,7,NYJ,MIN,-3.7104,38.2972,60.5383,70.6932,131.2314,1.0,0.0,-4.6969,0.0,0.0,0.0,0.0,0.8171,0.0,0.0,0.0,-0.0,1.0,0.0,1.01,0.0,6.0,0.0,-3.5,45.0,-20.0,54.0
2018_07_CAR_PHI,2018,7,PHI,CAR,2.2645,43.9244,66.6048,63.8532,130.458,1.0,0.36,3.0336,0.0,0.0,0.0,0.0,0.6083,0.0,0.0,0.0,0.0,0.0,0.0,0.4485,0.0,9.0,0.0,5.0,45.0,-4.0,38.0
2018_07_CLE_TB,2018,7,TB,CLE,1.7041,43.5124,68.985,69.8975,138.8825,1.0,0.0,5.4652,0.0,0.0,0.0,0.0,2.2799,0.0,0.0,0.0,0.0,0.0,0.0,0.936,0.0,0.0,0.0,3.5,52.5,3.0,49.0
2018_07_NO_BAL,2018,7,BAL,NO,2.9278,46.4541,70.2544,65.067,135.3214,1.0,-0.72,-0.825,0.0,0.0,0.0,0.0,2.8563,0.0,0.0,0.0,0.0,1.0,0.0,0.9985,0.0,5.0,0.0,2.5,49.0,-1.0,47.0
2018_07_LA_SF,2018,7,SF,LA,-8.9518,52.7882,65.5304,66.2675,131.7979,1.0,-0.12,-9.2664,0.0,0.0,0.0,0.0,-3.5943,1.0,0.0,0.0,-8.9518,0.0,0.0,0.3135,0.0,0.0,0.0,-8.0,52.0,-29.0,49.0
2018_07_DAL_WAS,2018,7,WAS,DAL,-0.734,44.6712,63.6325,62.5787,126.2112,1.0,0.0,-1.7744,0.0,0.0,0.0,0.0,-0.5747,1.0,0.0,0.0,-0.734,1.0,0.0,1.2074,0.0,2.0,0.0,-1.5,40.5,3.0,37.0
2018_07_CIN_KC,2018,7,KC,CIN,4.851,55.8647,68.1767,67.7416,135.9183,1.0,0.0,5.5027,0.0,0.0,0.0,0.0,-3.8858,0.0,1.0,1.0,0.0,-1.0,0.0,0.5345,0.0,0.0,0.0,6.5,56.0,35.0,55.0
2018_07_TEN_LAC,2018,7,LAC,TEN,8.5675,45.3599,64.6645,60.2992,124.9637,0.0,0.0,3.3669,0.0,0.0,0.0,0.0,2.3135,0.0,1.0,0.0,0.0,0.0,0.0,0.0,0.0,0.0,0.0,6.5,46.0,1.0,39.0
2018_07_NYG_ATL,2018,7,ATL,NYG,4.4255,49.8697,65.9896,65.3126,131.3022,1.0,-0.36,7.4311,0.0,0.0,0.0,0.0,-2.7007,0.0,1.0,1.0,0.0,0.0,0.0,0.7475,0.0,0.0,0.0,4.5,52.0,3.0,43.0
2018_08_MIA_HOU,2018,8,HOU,MIA,2.7071,42.2908,68.5255,62.0066,130.5321,1.0,0.0,0.0988,0.0,2.7767,-2.7767,2.7767,-3.1739,0.0,1.0,1.0,0.0,-1.0,0.0,0.9614,1.0,0.0,0.0,7.5,45.0,19.0,65.0
2018_08_BAL_CAR,2018,8,CAR,BAL,-4.8478,44.9203,64.7332,68.9811,133.7143,1.0,0.0,-0.6672,0.0,0.0,0.0,0.0,-3.0027,0.0,0.0,0.0,-0.0,0.0,0.0,0.3639,0.0,0.0,0.0,-2.5,44.0,15.0,57.0
2018_08_NYJ_CHI,2018,8,CHI,NYJ,5.0901,37.9163,69.7825,62.7777,132.5602,1.0,0.0,1.5144,0.0,0.0,0.0,0.0,0.4944,0.0,0.0,0.0,0.0,-1.0,0.0,0.7056,0.0,8.0,0.0,8.5,42.5,14.0,34.0
2018_08_TB_CIN,2018,8,CIN,TB,-1.0055,51.3506,63.1903,72.2688,135.4591,1.0,0.0,1.293,0.0,0.0,0.0,0.0,2.9412,0.0,0.0,0.0,-0.0,0.0,0.0,0.777,0.0,0.0,0.0,3.5,55.0,3.0,71.0
2018_08_SEA_DET,2018,8,DET,SEA,-1.9039,48.3166,64.1716,62.6433,126.8149,1.0,-0.84,-0.7727,0.0,0.0,0.0,0.0,2.4476,0.0,0.0,0.0,-0.0,3.0,1.0,1.9331,1.0,0.0,0.0,3.0,47.5,-14.0,42.0
2018_08_DEN_KC,2018,8,KC,DEN,8.1454,51.3169,64.5294,69.8014,134.3308,1.0,-0.36,8.6503,0.0,0.0,0.0,0.0,-1.6612,1.0,0.0,0.0,8.1454,1.0,0.0,0.5643,0.0,2.0,0.0,8.5,53.0,7.0,53.0
2018_08_WAS_NYG,2018,8,NYG,WAS,-4.4513,42.6216,62.9627,64.6577,127.6205,1.0,-0.12,-5.9699,0.0,0.0,0.0,0.0,-2.0796,1.0,0.0,0.0,-4.4513,0.0,0.0,0.1981,0.0,1.0,0.0,-1.0,43.0,-7.0,33.0
2018_08_CLE_PIT,2018,8,PIT,CLE,7.4855,42.1622,73.8967,70.591,144.4877,1.0,0.84,11.8919,0.0,0.0,0.0,0.0,6.2249,1.0,0.0,0.0,7.4855,0.0,0.0,0.1143,0.0,1.0,0.0,8.5,47.5,15.0,51.0
2018_08_IND_OAK,2018,8,OAK,IND,3.533,42.9151,67.2999,68.249,135.5489,1.0,0.84,-0.814,4.0659,0.0,4.0659,4.0659,0.839,0.0,0.0,0.0,0.0,-3.0,0.0,1.9337,0.0,0.0,0.0,-3.5,51.0,-14.0,70.0
2018_08_SF_ARI,2018,8,ARI,SF,-2.7949,33.9806,60.6907,69.6799,130.3706,1.0,0.36,-0.1141,0.0,0.0,0.0,0.0,0.7301,1.0,0.0,0.0,-2.7949,1.0,0.0,0.608,1.0,0.0,0.0,-2.5,40.0,3.0,33.0
2018_08_GB_LA,2018,8,LA,GB,10.4497,52.9163,62.903,66.0139,128.9169,1.0,-0.72,6.7293,0.0,0.0,0.0,0.0,2.5027,0.0,0.0,0.0,0.0,-2.0,0.0,1.7637,0.0,0.0,0.0,7.5,57.0,2.0,56.0
2018_08_NO_MIN,2018,8,MIN,NO,1.2691,47.6289,66.754,64.0985,130.8525,1.0,0.0,-1.0196,0.0,0.0,0.0,0.0,-1.8916,0.0,1.0,1.0,0.0,0.0,0.0,1.0523,1.0,0.0,0.0,-2.5,53.5,-10.0,50.0
2018_08_PHI_JAX,2018,8,JAX,PHI,-2.4427,38.8622,64.5303,68.1533,132.6836,0.0,0.0,-5.0776,0.0,0.0,0.0,0.0,-1.8361,0.0,1.0,0.0,-0.0,0.0,0.0,0.0,0.0,2.0,0.0,-4.0,44.5,-6.0,42.0
2018_08_NE_BUF,2018,8,BUF,NE,-9.9663,42.0799,65.2051,66.716,131.9211,1.0,0.0,-10.0448,-2.6292,0.0,-2.6292,-2.6292,-1.4689,1.0,1.0,1.0,-9.9663,0.0,0.0,0.3864,0.0,6.0,0.0,-13.5,44.0,-19.0,31.0
2018_09_OAK_SF,2018,9,SF,OAK,-3.2265,42.4603,66.5714,65.6697,132.2411,1.0,0.0,0.5211,-0.5619,4.5903,-5.1522,4.0284,-3.2227,0.0,1.0,1.0,-0.0,0.0,0.0,0.0272,0.0,0.0,0.0,-1.5,44.0,31.0,37.0
2018_09_PIT_BAL,2018,9,BAL,PIT,-0.2862,48.0233,71.2889,67.8975,139.1864,1.0,0.0,-2.0608,0.0,0.0,0.0,0.0,-1.1908,1.0,0.0,0.0,-0.2862,0.0,0.0,0.1972,0.0,0.0,0.0,1.5,47.0,-7.0,39.0
2018_09_CHI_BUF,2018,9,BUF,CHI,-8.7585,36.1085,61.4778,66.6945,128.1723,1.0,-0.12,-4.0597,-4.0973,0.0,-4.0973,-4.0973,-2.7585,0.0,0.0,0.0,-0.0,1.0,0.0,0.4553,0.0,2.0,0.0,-10.5,38.0,-32.0,50.0
2018_09_TB_CAR,2018,9,CAR,TB,2.879,50.6602,64.0502,68.557,132.6072,1.0,0.0,5.8689,0.0,2.2067,-2.2067,2.2067,2.1599,1.0,0.0,0.0,2.879,0.0,0.0,0.5103,0.0,0.0,0.0,6.0,55.5,14.0,70.0
2018_09_KC_CLE,2018,9,CLE,KC,-12.0945,47.3012,73.0089,70.0498,143.0586,1.0,0.0,-14.7289,0.0,0.0,0.0,0.0,-1.7766,0.0,0.0,0.0,-0.0,1.0,0.0,0.6943,0.0,6.0,0.0,-7.5,51.0,-16.0,58.0
2018_09_NYJ_MIA,2018,9,MIA,NYJ,-0.9982,39.3444,64.5548,63.0591,127.6139,1.0,0.36,0.5083,0.0,0.0,0.0,0.0,-3.4967,1.0,0.0,0.0,-0.9982,0.0,0.0,1.0856,0.0,6.0,0.0,3.0,43.5,7.0,19.0
2018_09_DET_MIN,2018,9,MIN,DET,3.422,44.9957,66.3594,61.7931,128.1524,1.0,0.0,2.6913,0.0,0.0,0.0,0.0,-3.9813,1.0,0.0,0.0,3.422,-1.0,0.0,0.5415,1.0,0.0,0.0,4.5,47.0,15.0,33.0
2018_09_ATL_WAS,2018,9,WAS,ATL,1.2871,49.2489,65.5447,64.8293,130.374,1.0,-0.72,-1.341,0.0,0.0,0.0,0.0,3.5234,0.0,0.0,0.0,0.0,0.0,0.0,0.5499,0.0,0.0,0.0,1.5,46.5,-24.0,52.0
2018_09_HOU_DEN,2018,9,DEN,HOU,-3.6306,41.7459,67.4942,66.1662,133.6604,1.0,-0.36,-1.5223,0.0,0.0,0.0,0.0,3.5125,0.0,0.0,0.0,-0.0,-1.0,0.0,0.8826,0.0,0.0,0.0,1.0,46.5,-2.0,36.0
2018_09_LAC_SEA,2018,9,SEA,LAC,-1.7376,48.8821,63.2139,60.368,123.5819,1.0,-0.84,0.6281,0.0,0.0,0.0,0.0,-1.433,0.0,0.0,0.0,-0.0,0.0,0.0,0.9651,0.0,0.0,0.0,1.0,48.5,-8.0,42.0
2018_09_LA_NO,2018,9,NO,LA,-4.1844,56.4065,61.403,65.7221,127.1251,1.0,0.0,-0.1051,0.0,0.0,0.0,0.0,-1.084,0.0,0.0,0.0,-0.0,2.0,0.0,1.6742,1.0,0.0,0.0,-2.5,57.5,10.0,80.0
2018_09_GB_NE,2018,9,NE,GB,6.3839,51.5425,67.1882,68.0297,135.2178,1.0,-0.12,7.7657,0.0,0.0,0.0,0.0,0.3997,0.0,1.0,1.0,0.0,1.0,0.0,0.8594,0.0,0.0,5.0,5.0,56.0,14.0,48.0
2018_09_TEN_DAL,2018,9,DAL,TEN,2.331,41.4994,63.7549,60.8569,124.6119,1.0,0.0,2.2616,0.0,0.0,0.0,0.0,-0.5564,0.0,1.0,1.0,0.0,0.0,0.0,0.6334,1.0,0.0,0.0,4.5,40.0,-14.0,42.0
2018_10_CAR_PIT,2018,10,PIT,CAR,2.0481,52.5662,68.0419,63.5795,131.6213,1.0,0.0,0.9721,0.0,0.0,0.0,0.0,2.3016,0.0,1.0,1.0,0.0,0.0,0.0,0.3636,0.0,0.0,5.0,3.5,51.0,31.0,73.0
2018_10_DET_CHI,2018,10,CHI,DET,5.9619,47.7857,62.1397,65.3136,127.4534,1.0,0.0,1.3432,0.0,0.0,0.0,0.0,0.6795,1.0,0.0,0.0,5.9619,-1.0,0.0,0.2366,0.0,2.0,8.0,7.5,44.5,12.0,56.0
2018_10_NO_CIN,2018,10,CIN,NO,-5.2709,53.5568,62.875,70.4282,133.3032,1.0,0.84,-6.6059,0.0,0.0,0.0,0.0,1.2135,0.0,0.0,0.0,-0.0,1.0,0.0,0.7065,0.0,0.0,6.0,-5.5,53.0,-37.0,65.0
2018_10_ATL_CLE,2018,10,CLE,ATL,-7.4085,47.3815,70.3043,71.2436,141.5479,1.0,0.0,-11.7504,0.0,0.0,0.0,0.0,1.2048,0.0,0.0,0.0,-0.0,0.0,0.0,0.5555,0.0,0.0,9.0,-5.5,49.5,12.0,44.0
2018_10_JAX_IND,2018,10,IND,JAX,-0.6501,41.346,67.5738,66.0356,133.6094,1.0,0.0,-1.3162,0.0,0.0,0.0,0.0,-0.7709,1.0,0.0,0.0,-0.6501,0.0,0.0,0.7002,1.0,0.0,0.0,3.0,48.0,3.0,55.0
2018_10_ARI_KC,2018,10,KC,ARI,14.0223,47.4563,66.8908,64.5375,131.4283,1.0,-0.84,11.4737,0.0,0.0,0.0,0.0,0.1134,0.0,0.0,0.0,0.0,1.0,0.0,1.0589,0.0,0.0,2.0,16.5,49.5,12.0,40.0
2018_10_BUF_NYJ,2018,10,NYJ,BUF,4.1725,26.0208,61.8667,67.4431,129.3098,1.0,0.0,1.3464,4.0224,-1.5866,5.609,2.4358,3.5817,1.0,0.0,0.0,4.1725,0.0,0.0,0.2779,0.0,0.0,0.0,6.5,38.0,-31.0,51.0
2018_10_WAS_TB,2018,10,TB,WAS,-1.9699,46.8057,68.9133,64.8089,133.7223,1.0,0.0,-2.2179,2.2733,0.0,2.2733,2.2733,-1.5795,0.0,0.0,0.0,-0.0,0.0,0.0,0.8219,0.0,0.0,0.0,3.5,51.0,-13.0,19.0
2018_10_NE_TEN,2018,10,TEN,NE,-7.0227,48.139,65.0937,66.251,131.3446,1.0,-0.12,-6.9061,0.0,0.0,0.0,0.0,-0.5513,0.0,0.0,0.0,-0.0,-1.0,0.0,0.9246,0.0,0.0,0.0,-6.0,47.0,24.0,44.0
2018_10_LAC_OAK,2018,10,OAK,LAC,-6.8733,48.4145,66.1187,60.4825,126.6012,1.0,0.36,-10.4672,4.4639,0.0,4.4639,4.4639,-0.6406,1.0,0.0,0.0,-6.8733,0.0,0.0,0.34,0.0,6.0,0.0,-10.5,50.0,-14.0,26.0
2018_10_MIA_GB,2018,10,GB,MIA,3.8691,46.8481,67.5118,61.1376,128.6494,1.0,0.0,0.7633,0.0,0.0,0.0,0.0,1.546,0.0,0.0,0.0,0.0,-1.0,0.0,1.3536,0.0,0.0,12.0,13.0,48.5,19.0,43.0
2018_10_SEA_LA,2018,10,LA,SEA,5.2363,50.6056,62.6813,62.9547,125.636,1.0,0.0,2.9061,0.0,0.0,0.0,0.0,3.1841,1.0,0.0,0.0,5.2363,0.0,0.0,0.9651,0.0,0.0,0.0,10.0,51.0,5.0,67.0
2018_10_DAL_PHI,2018,10,PHI,DAL,5.237,42.2522,66.5398,62.272,128.8119,1.0,0.96,4.9394,0.0,0.0,0.0,0.0,1.3744,1.0,1.0,1.0,5.237,1.0,0.0,1.3126,0.0,0.0,7.0,7.5,45.5,-7.0,47.0
2018_10_NYG_SF,2018,10,SF,NYG,2.971,39.7577,65.1863,64.114,129.3003,1.0,-0.48,2.0319,5.3484,0.0,5.3484,5.3484,-0.1154,0.0,1.0,1.0,0.0,-3.0,0.0,2.5468,0.0,0.0,0.0,3.0,45.0,-4.0,50.0
2018_11_GB_SEA,2018,11,SEA,GB,-0.0893,48.8008,65.8919,63.6454,129.5374,1.0,0.0,2.3185,0.0,0.0,0.0,0.0,-2.6367,0.0,1.0,1.0,-0.0,-2.0,0.0,1.6437,0.0,0.0,0.0,3.0,49.0,3.0,51.0
2018_11_DAL_ATL,2018,11,ATL,DAL,0.4022,50.5886,65.2587,64.1176,129.3763,1.0,0.0,1.2579,0.0,0.0,0.0,0.0,-1.0145,0.0,0.0,0.0,0.0,1.0,0.0,0.7363,0.0,0.0,0.0,3.5,50.0,-3.0,41.0
2018_11_CIN_BAL,2018,11,BAL,CIN,4.6597,45.8622,75.7206,62.8368,138.5573,1.0,0.84,2.4432,-0.5001,0.0,-0.5001,-0.5001,1.2708,1.0,0.0,0.0,4.6597,0.0,0.0,0.4228,0.0,0.0,0.0,6.5,44.0,3.0,45.0
2018_11_CAR_DET,2018,11,DET,CAR,-2.692,53.3788,64.5609,59.7181,124.279,1.0,-0.36,-4.5892,0.0,0.0,0.0,0.0,-1.4554,0.0,0.0,0.0,-0.0,0.0,0.0,0.5055,1.0,0.0,0.0,-4.0,48.0,1.0,39.0
2018_11_TEN_IND,2018,11,IND,TEN,-2.6363,45.6739,65.9104,64.5392,130.4496,1.0,0.0,-3.9026,0.0,0.0,0.0,0.0,-1.152,1.0,0.0,0.0,-2.6363,1.0,0.0,0.2505,1.0,0.0,0.0,2.0,50.0,28.0,48.0
2018_11_PIT_JAX,2018,11,JAX,PIT,-7.8615,47.0099,66.3524,65.4348,131.7872,1.0,-0.36,-8.285,0.0,0.0,0.0,0.0,-4.1505,0.0,0.0,0.0,-0.0,0.0,0.0,0.7054,0.0,0.0,0.0,-4.0,47.0,-4.0,36.0
2018_11_TB_NYG,2018,11,NYG,TB,-0.0997,43.6891,63.1546,70.2591,133.4137,1.0,-0.12,-1.7686,0.0,0.0,0.0,0.0,-0.8973,0.0,0.0,0.0,-0.0,0.0,0.0,1.0076,0.0,0.0,3.0,3.0,54.5,3.0,73.0
2018_11_HOU_WAS,2018,11,WAS,HOU,-1.0408,40.4826,65.6234,66.3184,131.9418,1.0,-0.84,1.0492,0.0,0.0,0.0,0.0,2.9073,0.0,0.0,0.0,-0.0,1.0,0.0,1.2321,0.0,0.0,0.0,-3.0,40.5,-2.0,44.0
2018_11_OAK_ARI,2018,11,ARI,OAK,-5.4802,35.9155,61.9988,67.1863,129.1851,1.0,0.0,2.7234,0.0,3.9949,-3.9949,3.9949,-2.4206,0.0,0.0,0.0,-0.0,1.0,0.0,0.6293,1.0,0.0,0.0,4.5,41.0,-2.0,44.0
2018_11_DEN_LAC,2018,11,LAC,DEN,10.019,44.8981,59.3414,67.1511,126.4925,1.0,-0.84,6.7984,0.0,0.0,0.0,0.0,0.7857,1.0,0.0,0.0,10.019,-1.0,0.0,0.8369,0.0,0.0,0.0,7.5,47.0,-1.0,45.0
2018_11_PHI_NO,2018,11,NO,PHI,5.1413,52.9717,64.6781,64.6615,129.3397,1.0,0.0,4.0268,0.0,0.0,0.0,0.0,0.8761,0.0,0.0,0.0,0.0,-1.0,0.0,1.0866,1.0,0.0,0.0,7.0,56.5,41.0,55.0
2018_11_MIN_CHI,2018,11,CHI,MIN,2.8702,35.9993,62.6161,67.6438,130.2599,1.0,-0.84,-2.0444,0.0,0.0,0.0,0.0,1.093,1.0,1.0,1.0,2.8702,0.0,0.0,0.3553,0.0,0.0,12.0,2.5,44.0,5.0,45.0
2018_11_KC_LA,2018,11,LA,KC,-0.1044,63.1834,69.1311,61.5026,130.6337,1.0,0.0,-1.7575,0.0,0.0,0.0,0.0,4.0406,0.0,1.0,1.0,-0.0,-2.0,0.0,1.3666,0.0,0.0,0.0,3.0,63.5,3.0,105.0
2018_12_CHI_DET,2018,12,DET,CHI,-10.1359,47.4052,67.097,61.0264,128.1234,1.0,0.0,-3.3253,0.0,-5.7489,5.7489,-5.7489,-1.4416,1.0,0.0,0.0,-10.1359,1.0,0.0,0.2366,1.0,0.0,0.0,-3.0,43.0,-7.0,39.0
2018_12_WAS_DAL,2018,12,DAL,WAS,0.7021,40.1624,64.1068,63.4897,127.5965,1.0,0.0,1.3565,0.0,-3.0987,3.0987,-3.0987,-0.7794,1.0,0.0,0.0,0.7021,-1.0,0.0,1.2074,1.0,0.0,0.0,7.0,40.0,8.0,54.0
2018_12_ATL_NO,2018,12,NO,ATL,8.6845,60.9807,65.5804,62.2915,127.8719,1.0,0.0,6.992,0.0,0.0,0.0,0.0,4.8943,1.0,1.0,1.0,8.6845,-1.0,0.0,0.4244,1.0,0.0,0.0,11.5,61.0,14.0,48.0
2018_12_OAK_BAL,2018,12,BAL,OAK,1.4521,44.0984,70.1203,65.6053,135.7255,1.0,0.0,8.7941,-1.0483,4.0083,-5.0567,2.96,2.2338,0.0,0.0,0.0,0.0,3.0,1.0,2.4401,0.0,0.0,0.0,13.0,42.0,17.0,51.0
2018_12_JAX_BUF,2018,12,BUF,JAX,-2.7562,31.5498,64.1781,64.9775,129.1556,1.0,0.84,-1.7003,0.0,0.0,0.0,0.0,-0.3343,0.0,0.0,0.0,-0.0,0.0,0.0,0.8745,0.0,2.0,1.0,-3.0,36.5,3.0,45.0
2018_12_SEA_CAR,2018,12,CAR,SEA,-0.0825,50.8084,58.8704,64.4874,123.3578,1.0,-0.36,0.7677,0.0,0.0,0.0,0.0,1.9868,0.0,0.0,0.0,-0.0,3.0,1.0,2.2805,0.0,0.0,0.0,3.0,46.5,-3.0,57.0
2018_12_CLE_CIN,2018,12,CIN,CLE,1.1976,42.8545,65.9474,73.8479,139.7952,1.0,-0.84,5.4561,0.0,0.0,0.0,0.0,3.406,1.0,0.0,0.0,1.1976,0.0,0.0,0.2231,0.0,0.0,1.0,-1.0,46.5,-15.0,55.0
2018_12_NE_NYJ,2018,12,NYJ,NE,-10.4696,41.0243,64.6537,69.3657,134.0194,1.0,0.0,-11.1899,2.585,0.0,2.585,2.585,1.2286,1.0,0.0,0.0,-10.4696,0.0,0.0,0.1702,0.0,0.0,0.0,-13.0,46.5,-14.0,40.0
2018_12_NYG_PHI,2018,12,PHI,NYG,1.2449,43.5022,66.9346,62.6716,129.6062,1.0,0.0,7.4796,0.0,0.0,0.0,0.0,2.7394,1.0,0.0,0.0,1.2449,0.0,0.0,0.0854,0.0,0.0,0.0,4.5,49.0,3.0,47.0
2018_12_SF_TB,2018,12,TB,SF,-2.7137,46.3001,68.4377,63.4379,131.8756,1.0,-0.72,0.7291,-0.4209,5.1103,-5.5313,4.6894,1.2649,0.0,0.0,0.0,-0.0,3.0,1.0,2.367,0.0,0.0,0.0,1.5,54.5,18.0,36.0
2018_12_ARI_LAC,2018,12,LAC,ARI,13.0885,39.4702,63.4337,60.8598,124.2935,1.0,0.0,8.7581,0.0,0.0,0.0,0.0,1.5937,0.0,0.0,0.0,0.0,-1.0,0.0,0.3503,0.0,0.0,0.0,14.0,43.5,35.0,55.0
2018_12_PIT_DEN,2018,12,DEN,PIT,-6.7034,48.0343,65.5428,67.6756,133.2183,1.0,0.0,-9.1337,0.0,0.0,0.0,0.0,-5.3195,0.0,0.0,0.0,-0.0,-2.0,0.0,1.3181,0.0,0.0,4.0,-3.0,47.5,7.0,41.0
2018_12_MIA_IND,2018,12,IND,MIA,5.7409,45.42,65.7059,63.0228,128.7287,1.0,-0.84,2.6831,0.0,-0.697,0.697,-0.697,2.5497,0.0,0.0,0.0,0.0,0.0,0.0,1.0132,1.0,0.0,0.0,9.0,52.5,3.0,51.0
2018_12_GB_MIN,2018,12,MIN,GB,-0.0137,41.1446,66.3884,63.6708,130.0592,1.0,-0.36,3.8149,0.0,0.0,0.0,0.0,-0.2443,1.0,1.0,1.0,-0.0137,0.0,0.0,0.257,1.0,0.0,0.0,4.0,48.5,7.0,41.0
2018_12_TEN_HOU,2018,12,HOU,TEN,3.3373,41.0442,64.5567,64.9168,129.4734,1.0,0.0,-0.1366,0.0,0.0,0.0,0.0,-1.6003,1.0,1.0,1.0,3.3373,0.0,0.0,0.6715,1.0,0.0,0.0,3.5,42.5,17.0,51.0
2018_13_NO_DAL,2018,13,DAL,NO,-6.6869,49.7868,62.2762,62.8915,125.1676,1.0,0.0,-6.73,0.0,0.0,0.0,0.0,-4.7026,0.0,1.0,1.0,-0.0,0.0,0.0,0.4566,1.0,0.0,0.0,-7.0,51.5,3.0,23.0
2018_13_BAL_ATL,2018,13,ATL,BAL,-2.9768,49.7692,65.8635,68.5241,134.3876,1.0,0.36,-1.3643,0.0,-0.9287,0.9287,-0.9287,-5.8343,0.0,0.0,0.0,-0.0,0.0,0.0,0.5759,0.0,0.0,0.0,2.5,46.5,-10.0,42.0
2018_13_DEN_CIN,2018,13,CIN,DEN,-2.4439,46.7913,64.0199,69.518,133.538,1.0,0.0,-1.4342,-0.1604,0.0,-0.1604,-0.1604,2.9471,0.0,0.0,0.0,-0.0,2.0,1.0,1.093,0.0,2.0,0.0,-3.5,45.0,-14.0,34.0
2018_13_LA_DET,2018,13,DET,LA,-9.3677,53.9989,64.5224,62.082,126.6044,1.0,-0.36,-7.9038,0.0,0.0,0.0,0.0,-1.4218,0.0,0.0,0.0,-0.0,3.0,1.0,1.9875,1.0,0.0,0.0,-10.5,54.0,-14.0,46.0
2018_13_ARI_GB,2018,13,GB,ARI,7.0172,38.9185,65.5244,60.6008,126.1252,1.0,0.0,4.1666,0.0,0.0,0.0,0.0,0.9801,0.0,0.0,0.0,0.0,1.0,0.0,1.4959,0.0,10.0,11.0,13.5,41.0,-3.0,37.0
2018_13_CLE_HOU,2018,13,HOU,CLE,4.0469,39.8785,71.5899,67.8119,139.4018,1.0,-0.12,6.2708,0.0,0.0,0.0,0.0,-0.5515,0.0,0.0,0.0,0.0,-1.0,0.0,1.12,1.0,0.0,0.0,5.0,47.5,16.0,42.0
2018_13_IND_JAX,2018,13,JAX,IND,-1.8128,43.2491,67.0127,63.8282,130.8409,1.0,0.0,-2.5542,-3.1297,0.0,-3.1297,-3.1297,-1.6876,1.0,0.0,0.0,-1.8128,0.0,0.0,0.7002,0.0,3.0,0.0,-4.0,45.5,6.0,6.0
2018_13_BUF_MIA,2018,13,MIA,BUF,-1.4625,35.4627,60.127,65.4517,125.5787,1.0,0.0,-0.2859,-0.2909,0.0,-0.2909,-0.2909,-2.5999,1.0,0.0,0.0,-1.4625,0.0,0.0,1.1648,0.0,5.0,0.0,3.5,40.0,4.0,38.0
2018_13_CHI_NYG,2018,13,NYG,CHI,-8.7433,40.2896,64.2573,64.8424,129.0997,1.0,-0.36,-7.9853,0.0,-2.6806,2.6806,-2.6806,-2.0468,0.0,0.0,0.0,-0.0,1.0,0.0,0.7056,0.0,0.0,0.0,-3.5,44.0,3.0,57.0
2018_13_CAR_TB,2018,13,TB,CAR,-3.7256,53.5761,68.0285,60.2509,128.2794,1.0,0.0,-5.4337,0.0,0.0,0.0,0.0,-0.3746,1.0,0.0,0.0,-3.7256,0.0,0.0,0.5103,0.0,5.0,0.0,-3.5,52.0,7.0,41.0
2018_13_KC_OAK,2018,13,OAK,KC,-6.7788,54.6072,69.8908,64.1327,134.0235,1.0,-0.72,-13.9432,3.8689,0.0,3.8689,3.8689,0.2359,1.0,0.0,0.0,-6.7788,-2.0,0.0,1.4978,0.0,0.0,0.0,-14.0,53.5,-7.0,73.0
2018_13_NYJ_TEN,2018,13,TEN,NYJ,4.403,39.3671,64.9486,61.5052,126.4538,1.0,-0.12,5.4438,0.0,2.6524,-2.6524,2.6524,-1.8796,0.0,0.0,0.0,0.0,-1.0,0.0,0.7571,0.0,3.0,0.0,10.5,40.5,4.0,48.0
2018_13_MIN_NE,2018,13,NE,MIN,2.733,41.991,65.4874,67.7053,133.1927,1.0,0.0,2.4162,0.0,0.0,0.0,0.0,0.5364,0.0,0.0,0.0,0.0,1.0,0.0,1.116,0.0,0.0,0.0,6.0,50.0,14.0,34.0
2018_13_SF_SEA,2018,13,SEA,SF,3.612,47.1759,64.8593,61.5934,126.4527,1.0,0.0,8.5711,0.0,4.0261,-4.0261,4.0261,0.1986,1.0,0.0,0.0,3.612,0.0,0.0,0.7045,0.0,0.0,0.0,10.0,45.5,27.0,59.0
2018_13_LAC_PIT,2018,13,PIT,LAC,-3.7545,49.52,66.0789,61.4392,127.5181,1.0,0.0,1.4983,0.0,0.0,0.0,0.0,5.4257,0.0,1.0,1.0,-0.0,3.0,0.0,2.139,0.0,0.0,0.0,3.5,53.5,-3.0,63.0
2018_13_WAS_PHI,2018,13,PHI,WAS,-0.2218,42.3108,65.375,64.5438,129.9188,1.0,-0.36,3.443,0.0,-3.3654,3.3654,-3.3654,0.0371,1.0,1.0,1.0,-0.2218,0.0,0.0,0.1136,0.0,5.0,9.0,5.5,45.0,15.0,41.0
2018_14_JAX_TEN,2018,14,TEN,JAX,-0.9609,38.8624,61.6902,65.3106,127.0007,1.0,0.0,1.5065,0.0,-2.838,2.838,-2.838,-0.6289,1.0,1.0,1.0,-0.9609,-1.0,0.0,0.5008,0.0,0.0,1.0,5.5,36.5,21.0,39.0
2018_14_NYJ_BUF,2018,14,BUF,NYJ,3.3651,32.3676,68.141,61.1909,129.3319,1.0,0.0,2.5903,0.0,0.0,0.0,0.0,-0.256,1.0,0.0,0.0,3.3651,0.0,0.0,0.2779,0.0,2.0,14.0,4.5,37.0,-4.0,50.0
2018_14_CAR_CLE,2018,14,CLE,CAR,-1.5106,48.2861,64.5334,68.5436,133.077,1.0,0.0,-6.8997,0.0,0.0,0.0,0.0,-0.5528,0.0,0.0,0.0,-0.0,0.0,0.0,0.4364,0.0,0.0,17.0,-1.0,48.0,6.0,46.0
2018_14_ATL_GB,2018,14,GB,ATL,2.2749,52.3672,64.7793,65.0914,129.8706,1.0,0.0,-2.232,0.0,0.0,0.0,0.0,4.3383,0.0,0.0,0.0,0.0,-1.0,0.0,0.7678,0.0,0.0,20.0,4.0,51.0,14.0,54.0
2018_14_IND_HOU,2018,14,HOU,IND,5.5666,42.1448,65.6513,66.877,132.5283,1.0,0.0,2.6867,0.0,0.0,0.0,0.0,-3.9344,1.0,0.0,0.0,5.5666,-1.0,0.0,0.8709,1.0,0.0,0.0,4.0,49.5,-3.0,45.0
2018_14_BAL_KC,2018,14,KC,BAL,4.9982,51.8077,63.0698,76.3645,139.4343,1.0,0.0,3.6303,0.0,-2.0742,2.0742,-2.0742,-3.2514,0.0,0.0,0.0,0.0,-1.0,0.0,0.9555,0.0,0.0,18.0,6.5,49.0,3.0,51.0
2018_14_NE_MIA,2018,14,MIA,NE,-11.5786,49.9499,61.6288,68.2522,129.8809,1.0,0.0,-9.5839,-0.204,0.0,-0.204,-0.204,-5.1934,1.0,0.0,0.0,-11.5786,0.0,0.0,1.2258,0.0,3.0,0.0,-8.5,49.5,1.0,67.0
2018_14_NO_TB,2018,14,TB,NO,-10.0187,52.3335,66.9046,62.3339,129.2385,1.0,-0.36,-10.3557,0.0,0.0,0.0,0.0,-2.1652,1.0,0.0,0.0,-10.0187,1.0,0.0,0.4779,0.0,0.0,0.0,-8.5,55.0,-14.0,42.0
2018_14_NYG_WAS,2018,14,WAS,NYG,-0.9771,42.097,65.8423,64.0513,129.8936,1.0,-0.12,3.0416,-4.1271,0.0,-4.1271,-4.1271,0.3793,1.0,0.0,0.0,-0.9771,0.0,0.0,0.1981,0.0,0.0,12.0,-3.0,40.5,-24.0,56.0
2018_14_CIN_LAC,2018,14,LAC,CIN,12.4265,51.7354,65.8344,61.2805,127.1149,1.0,0.0,8.5267,0.0,-1.1045,1.1045,-1.1045,-3.2175,0.0,0.0,0.0,0.0,-3.0,0.0,1.9001,0.0,0.0,0.0,17.0,48.5,5.0,47.0
2018_14_DEN_SF,2018,14,SF,DEN,-4.6288,43.1335,67.968,62.8217,130.7896,1.0,0.0,-6.091,0.0,0.0,0.0,0.0,-2.168,0.0,0.0,0.0,-0.0,-1.0,0.0,0.9284,0.0,0.0,0.0,-3.0,45.5,6.0,34.0
2018_14_DET_ARI,2018,14,ARI,DET,-2.3353,39.0794,56.8913,68.8692,125.7605,1.0,0.0,-2.5552,0.0,0.0,0.0,0.0,-0.8078,0.0,0.0,0.0,-0.0,-2.0,0.0,1.6944,1.0,0.0,0.0,-2.5,40.0,-14.0,20.0
2018_14_PHI_DAL,2018,14,DAL,PHI,3.067,43.9676,62.657,62.7283,125.3853,1.0,0.48,-0.7174,0.0,0.0,0.0,0.0,-2.3157,1.0,0.0,0.0,3.067,-1.0,0.0,1.3126,1.0,0.0,0.0,3.5,46.0,6.0,52.0
2018_14_PIT_OAK,2018,14,OAK,PIT,-4.0807,49.0975,63.9257,67.9631,131.8888,1.0,0.0,-12.2976,4.315,0.0,4.315,4.315,-5.8852,0.0,0.0,0.0,-0.0,-3.0,0.0,2.2482,0.0,0.0,0.0,-10.5,51.0,3.0,45.0
2018_14_LA_CHI,2018,14,CHI,LA,-0.8158,45.061,65.2244,68.057,133.2815,1.0,0.0,-4.4689,0.0,0.0,0.0,0.0,-2.9662,0.0,1.0,1.0,-0.0,2.0,0.0,1.7509,0.0,0.0,16.0,-3.0,50.5,9.0,21.0
2018_14_MIN_SEA,2018,14,SEA,MIN,1.2401,43.6114,63.5417,62.7696,126.3113,1.0,0.0,0.6056,0.0,0.0,0.0,0.0,-1.5229,0.0,1.0,1.0,0.0,-2.0,0.0,1.3918,0.0,0.0,0.0,3.0,45.5,14.0,28.0
2018_15_LAC_KC,2018,15,KC,LAC,0.3555,59.1008,65.1069,66.5883,131.6951,1.0,0.0,2.3524,0.0,0.0,0.0,0.0,-0.2251,1.0,1.0,1.0,0.3555,2.0,0.0,1.3666,0.0,0.0,6.0,3.5,54.0,-1.0,57.0
2018_15_HOU_NYJ,2018,15,NYJ,HOU,-8.5502,39.2827,61.8014,69.9047,131.706,1.0,0.0,-6.6861,0.0,0.0,0.0,0.0,4.391,0.0,0.0,0.0,-0.0,1.0,0.0,1.4226,0.0,0.0,0.0,-7.0,44.0,-7.0,51.0
2018_15_CLE_DEN,2018,15,DEN,CLE,0.6948,41.7743,70.7047,66.4854,137.1901,1.0,0.0,3.5034,0.0,0.0,0.0,0.0,-0.0901,0.0,1.0,1.0,0.0,-2.0,0.0,1.2253,0.0,0.0,0.0,1.0,47.0,-1.0,33.0
2018_15_ARI_ATL,2018,15,ATL,ARI,2.6854,39.5499,67.3065,60.9376,128.2442,1.0,0.0,4.8228,0.0,0.0,0.0,0.0,-1.6979,0.0,0.0,0.0,0.0,2.0,1.0,1.5979,1.0,0.0,0.0,10.0,43.5,26.0,54.0
2018_15_TB_BAL,2018,15,BAL,TB,5.3853,43.9933,68.7687,69.4985,138.2673,1.0,0.0,5.6217,-1.1573,0.0,-1.1573,-1.1573,3.523,0.0,0.0,0.0,0.0,0.0,0.0,0.8506,0.0,0.0,2.0,8.5,44.5,8.0,32.0
2018_15_DET_BUF,2018,15,BUF,DET,-0.3378,39.7788,63.9569,62.3133,126.2703,1.0,0.0,-3.3914,0.0,0.0,0.0,0.0,-1.3001,0.0,0.0,0.0,-0.0,0.0,0.0,0.2188,0.0,0.0,6.0,2.5,40.0,1.0,27.0
2018_15_GB_CHI,2018,15,CHI,GB,6.4314,41.8007,66.5966,66.1461,132.7427,1.0,0.0,4.3849,0.0,0.0,0.0,0.0,0.6878,1.0,0.0,0.0,6.4314,0.0,0.0,0.1837,0.0,0.0,0.0,6.0,46.5,7.0,41.0
2018_15_OAK_CIN,2018,15,CIN,OAK,-4.0803,48.1868,63.0703,67.8029,130.8732,1.0,0.0,2.522,-0.3269,4.7314,-5.0583,4.4044,0.9106,0.0,0.0,0.0,-0.0,3.0,1.0,2.0274,0.0,0.0,2.0,3.0,46.0,14.0,46.0
2018_15_DAL_IND,2018,15,IND,DAL,-1.958,42.5598,63.0763,67.7402,130.8164,1.0,0.0,-3.9696,0.0,0.0,0.0,0.0,2.7085,0.0,0.0,0.0,-0.0,1.0,0.0,0.7773,1.0,0.0,0.0,3.0,47.0,23.0,23.0
2018_15_WAS_JAX,2018,15,JAX,WAS,1.5746,36.3,66.7548,61.3613,128.1161,1.0,0.36,-0.0641,-3.2382,-1.6792,-1.559,-4.9174,-0.3737,0.0,0.0,0.0,0.0,0.0,0.0,0.652,0.0,2.0,0.0,7.5,36.0,-3.0,29.0
2018_15_MIA_MIN,2018,15,MIN,MIA,4.71,40.2491,66.5143,58.6307,125.145,1.0,-0.12,4.402,0.0,0.0,0.0,0.0,4.2261,0.0,0.0,0.0,0.0,-1.0,0.0,1.5,1.0,0.0,0.0,7.5,45.0,24.0,58.0
2018_15_TEN_NYG,2018,15,NYG,TEN,0.7828,42.751,63.0499,64.2781,127.328,1.0,-0.36,-3.1134,0.0,0.0,0.0,0.0,-0.8732,0.0,0.0,0.0,0.0,1.0,0.0,0.7571,0.0,0.0,5.0,-2.5,42.0,-17.0,17.0
2018_15_SEA_SF,2018,15,SF,SEA,-4.4541,48.8975,62.8973,64.0101,126.9074,1.0,0.12,-9.3876,0.0,0.0,0.0,0.0,-1.5033,1.0,0.0,0.0,-4.4541,0.0,0.0,0.7045,0.0,1.0,0.0,-3.5,44.0,3.0,49.0
2018_15_NE_PIT,2018,15,PIT,NE,-2.341,56.2472,66.7838,67.822,134.6058,1.0,0.0,-2.0099,0.0,0.0,0.0,0.0,3.2048,0.0,0.0,0.0,-0.0,0.0,0.0,0.4683,0.0,0.0,3.0,-2.5,55.0,7.0,27.0
2018_15_PHI_LA,2018,15,LA,PHI,7.0892,49.3278,66.6085,64.4727,131.0812,1.0,0.0,2.7712,0.0,-3.4764,3.4764,-3.4764,1.3298,0.0,1.0,1.0,0.0,-3.0,0.0,2.3962,0.0,0.0,0.0,13.5,52.5,-7.0,53.0
2018_15_NO_CAR,2018,15,CAR,NO,-6.272,54.4711,62.2065,61.0892,123.2957,1.0,0.0,-8.3817,0.0,0.0,0.0,0.0,-3.5167,1.0,1.0,1.0,-6.272,1.0,0.0,0.6487,0.0,0.0,0.0,-6.0,50.5,-3.0,21.0
2018_16_WAS_TEN,2018,16,TEN,WAS,4.0611,40.5467,62.1628,63.1805,125.3433,1.0,0.0,3.7141,0.0,-0.9445,0.9445,-0.9445,0.9284,0.0,0.0,0.0,0.0,-1.0,0.0,0.5745,0.0,0.0,0.0,12.5,38.0,9.0,41.0
2018_16_BAL_LAC,2018,16,LAC,BAL,2.4554,47.1721,61.7179,68.9594,130.6773,1.0,0.36,1.8628,0.0,-0.5551,0.5551,-0.5551,-5.7225,0.0,1.0,1.0,0.0,-3.0,0.0,2.322,0.0,0.0,0.0,4.0,42.5,-12.0,32.0
2018_16_ATL_CAR,2018,16,CAR,ATL,1.1485,51.3844,63.3187,63.7169,127.0357,1.0,-0.12,0.3424,-2.9723,0.0,-2.9723,-2.9723,1.942,1.0,0.0,0.0,1.1485,0.0,0.0,0.2261,0.0,0.0,0.0,-2.5,46.5,-14.0,34.0
2018_16_CIN_CLE,2018,16,CLE,CIN,0.9342,44.4155,66.4011,70.2795,136.6805,1.0,0.12,-0.9924,0.0,-0.3953,0.3953,-0.3953,-1.0212,1.0,0.0,0.0,0.9342,0.0,0.0,0.2231,0.0,0.0,8.0,10.0,44.0,8.0,44.0
2018_16_TB_DAL,2018,16,DAL,TB,4.7141,45.0767,67.1081,64.1087,131.2168,1.0,0.0,5.1785,0.0,0.0,0.0,0.0,-1.6355,0.0,0.0,0.0,0.0,-1.0,0.0,0.9293,1.0,0.0,0.0,7.0,48.0,7.0,47.0
2018_16_MIN_DET,2018,16,DET,MIN,-3.9032,39.1232,62.9811,62.5356,125.5167,1.0,0.0,-4.0755,0.0,0.0,0.0,0.0,-1.0435,1.0,0.0,0.0,-3.9032,1.0,0.0,0.5415,1.0,0.0,0.0,-6.5,41.5,-18.0,36.0
2018_16_NYG_IND,2018,16,IND,NYG,1.4093,43.289,68.752,63.965,132.7169,1.0,0.0,4.7309,0.0,0.0,0.0,0.0,3.1897,0.0,0.0,0.0,0.0,0.0,0.0,0.6408,1.0,0.0,0.0,10.0,48.5,1.0,55.0
2018_16_JAX_MIA,2018,16,MIA,JAX,-2.0346,39.5135,57.6526,67.1871,124.8397,1.0,0.0,0.0891,0.0,-4.1912,4.1912,-4.1912,-3.8346,0.0,0.0,0.0,-0.0,0.0,0.0,0.3135,0.0,0.0,0.0,3.0,39.5,-10.0,24.0
2018_16_BUF_NE,2018,16,NE,BUF,7.1844,47.3968,64.4478,65.9542,130.4019,1.0,0.0,9.6964,0.0,0.0,0.0,0.0,3.2175,1.0,0.0,0.0,7.1844,0.0,0.0,0.3864,0.0,2.0,5.0,14.0,46.0,12.0,36.0
2018_16_GB_NYJ,2018,16,NYJ,GB,-4.8975,44.5341,63.6386,66.285,129.9236,1.0,0.12,-4.7292,0.0,0.0,0.0,0.0,2.9125,0.0,0.0,0.0,-0.0,1.0,0.0,0.7539,0.0,0.0,2.0,-3.0,47.5,-6.0,82.0
2018_16_HOU_PHI,2018,16,PHI,HOU,-2.3071,46.5407,64.8667,67.175,132.0418,1.0,-0.12,2.4536,-2.9223,0.0,-2.9223,-2.9223,4.3028,0.0,0.0,0.0,-0.0,1.0,0.0,1.3434,0.0,0.0,1.0,1.0,47.0,2.0,62.0
2018_16_LA_ARI,2018,16,ARI,LA,-11.2031,36.9665,61.4157,68.7026,130.1183,1.0,0.0,-11.2106,0.0,0.0,0.0,0.0,-4.4152,1.0,0.0,0.0,-11.2031,1.0,0.0,0.3503,1.0,0.0,0.0,-14.5,43.0,-22.0,40.0
2018_16_CHI_SF,2018,16,SF,CHI,-8.9226,39.5722,67.1468,65.9711,133.1179,1.0,0.0,-8.3146,0.0,0.0,0.0,0.0,-4.7723,0.0,0.0,0.0,-0.0,-2.0,0.0,1.8413,0.0,0.0,0.0,-3.5,44.0,-5.0,23.0
2018_16_PIT_NO,2018,16,NO,PIT,2.4669,52.3728,63.3455,64.7061,128.0516,1.0,-0.12,3.9509,0.0,0.0,0.0,0.0,-1.5022,0.0,0.0,0.0,0.0,-1.0,0.0,0.92,1.0,0.0,0.0,6.5,53.0,3.0,59.0
2018_16_KC_SEA,2018,16,SEA,KC,-4.1261,59.8085,70.528,62.601,133.1289,1.0,-0.36,-3.6604,0.0,0.0,0.0,0.0,0.4962,0.0,1.0,1.0,-0.0,-2.0,0.0,1.5089,0.0,0.0,2.0,-1.0,54.0,7.0,69.0
2018_16_DEN_OAK,2018,16,OAK,DEN,1.5306,44.0906,66.9527,65.113,132.0657,1.0,-0.12,-5.7976,4.5776,0.0,4.5776,4.5776,0.4477,1.0,1.0,1.0,1.5306,-1.0,0.0,0.9345,0.0,4.0,0.0,-2.5,42.5,13.0,41.0
2018_17_MIA_BUF,2018,17,BUF,MIA,2.2642,38.4743,67.8507,55.8235,123.6742,1.0,0.0,-0.2661,0.0,0.0,0.0,0.0,3.5207,1.0,0.0,0.0,2.2642,0.0,0.0,1.1648,0.0,0.0,12.0,5.5,39.5,25.0,59.0
2018_17_DET_GB,2018,17,GB,DET,4.0914,51.725,64.2181,65.6095,129.8276,1.0,0.0,1.6609,-7.9095,0.0,-7.9095,-7.9095,-0.7131,1.0,0.0,0.0,4.0914,-1.0,0.0,0.2927,0.0,5.0,19.0,7.5,44.5,-31.0,31.0
2018_17_JAX_HOU,2018,17,HOU,JAX,5.793,36.3825,62.615,66.9865,129.6015,1.0,0.0,3.6,0.0,0.0,0.0,0.0,-1.7878,1.0,0.0,0.0,5.793,-1.0,0.0,0.8248,1.0,0.0,0.0,7.0,39.5,17.0,23.0
2018_17_NYJ_NE,2018,17,NE,NYJ,10.9586,49.3839,71.9609,62.3482,134.3092,1.0,0.0,12.3995,0.0,0.0,0.0,0.0,-1.1132,1.0,0.0,0.0,10.9586,0.0,0.0,0.1702,0.0,0.0,12.0,14.0,47.0,35.0,41.0
2018_17_CAR_NO,2018,17,NO,CAR,7.8083,50.6306,61.4678,64.2663,125.7341,1.0,0.0,10.476,-8.4133,-2.4001,-6.0132,-10.8134,3.7786,1.0,0.0,0.0,7.8083,-1.0,0.0,0.6487,1.0,0.0,0.0,8.0,42.0,-19.0,47.0
2018_17_DAL_NYG,2018,17,NYG,DAL,-2.0441,41.7145,62.2926,68.025,130.3175,1.0,0.0,-6.3779,0.0,0.0,0.0,0.0,-0.565,1.0,0.0,0.0,-2.0441,1.0,0.0,1.3851,0.0,0.0,8.0,7.5,38.5,-1.0,71.0
2018_17_ATL_TB,2018,17,TB,ATL,-3.1742,47.5981,70.8548,61.9739,132.8287,1.0,0.0,-4.275,0.0,0.0,0.0,0.0,2.3317,1.0,0.0,0.0,-3.1742,0.0,0.0,0.4149,0.0,0.0,0.0,-2.5,52.0,-2.0,66.0
2018_17_CLE_BAL,2018,17,BAL,CLE,5.1202,38.0335,73.806,63.6939,137.4999,1.0,0.12,8.1376,-0.3199,0.0,-0.3199,-0.3199,1.97,1.0,0.0,0.0,5.1202,0.0,0.0,0.3083,0.0,0.0,0.0,7.0,41.0,2.0,50.0
2018_17_LAC_DEN,2018,17,DEN,LAC,-5.8269,45.3956,63.3603,63.9924,127.3527,1.0,-0.24,-6.8868,0.0,0.0,0.0,0.0,2.2566,1.0,0.0,0.0,-5.8269,1.0,0.0,0.8369,0.0,0.0,0.0,-7.0,43.5,-14.0,32.0
2018_17_OAK_KC,2018,17,KC,OAK,5.1706,56.9801,65.3664,70.7084,136.0749,1.0,0.12,12.049,0.0,4.7027,-4.7027,4.7027,-0.6011,1.0,0.0,0.0,5.1706,2.0,0.0,1.4978,0.0,5.0,0.0,14.5,54.0,32.0,38.0
2018_17_SF_LA,2018,17,LA,SF,7.6802,48.6153,67.004,63.6855,130.6894,1.0,0.0,9.9605,0.0,0.0,0.0,0.0,5.0536,1.0,0.0,0.0,7.6802,0.0,0.0,0.3135,0.0,0.0,0.0,10.5,50.5,16.0,80.0
2018_17_CHI_MIN,2018,17,MIN,CHI,-3.849,30.8663,65.197,64.2936,129.4905,1.0,0.0,-0.7903,0.0,0.0,0.0,0.0,-0.4078,1.0,0.0,0.0,-3.849,0.0,0.0,0.3553,1.0,0.0,0.0,6.0,39.5,-14.0,34.0
2018_17_CIN_PIT,2018,17,PIT,CIN,7.5667,53.271,69.0172,62.0672,131.0844,1.0,0.0,8.7741,0.0,-0.1728,0.1728,-0.1728,4.7693,1.0,0.0,0.0,7.5667,0.0,0.0,0.2566,0.0,0.0,3.0,14.0,45.5,3.0,29.0
2018_17_ARI_SEA,2018,17,SEA,ARI,11.0711,42.7566,67.911,57.8211,125.7321,1.0,0.0,11.3073,0.0,0.0,0.0,0.0,2.9003,1.0,0.0,0.0,11.0711,-1.0,0.0,1.1043,0.0,0.0,0.0,15.5,39.5,3.0,51.0
2018_17_PHI_WAS,2018,17,WAS,PHI,-3.4067,44.3277,64.8669,64.1298,128.9967,1.0,0.12,-6.988,-1.379,-1.7337,0.3547,-3.1127,-2.1513,1.0,0.0,0.0,-3.4067,0.0,0.0,0.1136,0.0,0.0,0.0,-6.0,43.0,-24.0,24.0
2018_17_IND_TEN,2018,17,TEN,IND,0.4537,47.6259,62.5539,66.2303,128.7842,1.0,0.12,0.8125,-4.2258,0.0,-4.2258,-4.2258,-1.1998,1.0,1.0,1.0,0.4537,-1.0,0.0,0.2505,0.0,0.0,0.0,-5.0,42.5,-16.0,50.0
2018_18_IND_HOU,2018,18,HOU,IND,1.8615,46.9399,65.2016,67.7271,132.9287,1.0,0.0,-0.6639,0.0,0.0,0.0,0.0,-4.881,1.0,0.0,0.0,1.8615,-1.0,0.0,0.8709,1.0,0.0,0.0,2.0,48.5,-14.0,28.0
2018_18_SEA_DAL,2018,18,DAL,SEA,-0.7449,46.7088,63.9744,64.9016,128.876,1.0,0.0,-1.6332,0.0,0.0,0.0,0.0,-1.0224,0.0,1.0,1.0,-0.0,2.0,0.0,1.6688,1.0,0.0,0.0,2.5,43.0,2.0,46.0
2018_18_LAC_BAL,2018,18,BAL,LAC,0.8509,42.9252,69.3903,61.0442,130.4345,1.0,0.0,0.099,-0.1173,0.0,-0.1173,-0.1173,4.9596,0.0,0.0,0.0,0.0,3.0,1.0,2.322,0.0,2.0,0.0,3.0,43.0,-6.0,40.0
2018_18_PHI_CHI,2018,18,CHI,PHI,4.9203,41.4562,65.0614,66.0116,131.073,1.0,0.0,0.3151,0.0,-1.4565,1.4565,-1.4565,0.5341,0.0,0.0,0.0,0.0,-1.0,0.0,0.6637,0.0,2.0,6.0,6.5,42.5,-1.0,31.0
2018_19_IND_KC,2018,19,KC,IND,1.9232,58.4105,63.7624,72.9506,136.713,1.0,0.72,2.686,0.0,0.0,0.0,0.0,-1.5309,0.0,0.0,0.0,0.0,-1.0,0.0,0.4468,0.0,3.0,13.0,4.0,54.5,18.0,44.0
2018_19_DAL_LA,2018,19,LA,DAL,2.1596,45.5406,65.1826,66.1275,131.3101,1.0,0.72,2.1916,0.0,0.0,0.0,0.0,3.788,0.0,1.0,1.0,0.0,-2.0,0.0,1.2269,0.0,0.0,0.0,7.5,48.0,8.0,52.0
2018_19_LAC_NE,2018,19,NE,LAC,1.7454,47.1788,67.0007,61.3801,128.3809,1.0,0.84,0.2646,0.0,0.0,0.0,0.0,4.3359,0.0,0.0,0.0,0.0,3.0,1.0,2.5896,0.0,0.0,19.0,4.0,47.5,13.0,69.0
2018_19_PHI_NO,2018,19,NO,PHI,0.4782,51.2995,63.0817,65.4675,128.5493,1.0,0.84,2.1567,0.0,-1.2624,1.2624,-1.2624,2.2587,0.0,0.0,0.0,0.0,-1.0,0.0,1.0866,1.0,0.0,0.0,8.5,52.0,6.0,34.0
2018_20_LA_NO,2018,20,NO,LA,-1.6229,52.2114,62.5182,65.6296,128.1478,1.0,-0.12,1.9862,0.0,0.0,0.0,0.0,0.5721,0.0,0.0,0.0,-0.0,2.0,0.0,1.6742,1.0,0.0,0.0,3.0,55.0,-3.0,49.0
2018_20_NE_KC,2018,20,KC,NE,-0.0762,60.8904,64.778,73.1181,137.8961,1.0,0.12,0.3879,0.0,0.0,0.0,0.0,-3.1336,0.0,0.0,0.0,-0.0,-1.0,0.0,1.2328,0.0,4.0,26.0,3.0,56.5,-6.0,68.0
2018_21_NE_LA,2018,21,LA,NE,-0.7399,53.4777,65.2873,69.3232,134.6105,0.0,0.0,-0.9475,0.0,0.0,0.0,0.0,-1.3277,0.0,0.0,0.0,-0.0,0.0,0.0,0.0,1.0,0.0,0.0,-2.0,55.5,-10.0,16.0
2019_01_GB_CHI,2019,1,CHI,GB,7.8748,47.4467,65.6773,65.927,131.6043,1.0,0.0,5.0429,0.0,0.0,0.0,0.0,2.7913,1.0,1.0,1.0,7.8748,0.0,0.0,0.1837,0.0,0.0,0.0,3.5,47.0,-7.0,13.0
2019_01_LA_CAR,2019,1,CAR,LA,-5.7129,51.5404,63.749,63.9892,127.7381,1.0,0.0,-3.4919,0.0,0.0,0.0,0.0,-2.1719,0.0,0.0,0.0,-0.0,3.0,1.0,2.1215,0.0,0.0,0.0,-1.5,49.5,-3.0,57.0
2019_01_TEN_CLE,2019,1,CLE,TEN,-0.2373,45.3721,65.2283,66.5894,131.8177,1.0,0.0,-2.9108,0.0,0.0,0.0,0.0,0.8641,0.0,0.0,0.0,-0.0,1.0,0.0,0.4588,0.0,0.0,0.0,5.5,44.0,-30.0,56.0
2019_01_KC_JAX,2019,1,JAX,KC,-10.1736,49.5456,70.0099,63.0395,133.0494,1.0,0.0,-6.2762,2.3061,0.0,2.3061,2.3061,0.729,0.0,0.0,0.0,-0.0,1.0,0.0,0.945,0.0,0.0,0.0,-3.5,49.0,-14.0,66.0
2019_01_BAL_MIA,2019,1,MIA,BAL,-8.8229,42.2704,58.3328,70.6659,128.9987,1.0,0.0,-6.4012,5.1388,-1.1365,6.2753,4.0023,-5.5456,0.0,0.0,0.0,-0.0,0.0,0.0,0.9439,0.0,0.0,0.0,-7.0,41.0,-49.0,69.0
2019_01_ATL_MIN,2019,1,MIN,ATL,1.1071,44.3255,65.8023,64.4899,130.2921,1.0,0.0,0.7032,0.0,0.0,0.0,0.0,2.1821,0.0,0.0,0.0,0.0,-1.0,0.0,0.9069,1.0,0.0,0.0,3.5,47.0,16.0,40.0
2019_01_BUF_NYJ,2019,1,NYJ,BUF,-3.0267,38.867,60.5419,68.131,128.6729,1.0,0.0,-2.3713,0.0,0.0,0.0,0.0,2.8512,1.0,0.0,0.0,-3.0267,0.0,0.0,0.2779,0.0,0.0,0.0,2.5,41.0,-1.0,33.0
2019_01_WAS_PHI,2019,1,PHI,WAS,4.2225,45.2002,63.8971,63.101,126.9981,1.0,0.0,5.5182,0.0,-0.0287,0.0287,-0.0287,1.9976,1.0,0.0,0.0,4.2225,0.0,0.0,0.1136,0.0,0.0,0.0,10.5,44.0,5.0,59.0
2019_01_IND_LAC,2019,1,LAC,IND,2.3588,48.2199,63.2722,66.6876,129.9598,1.0,0.0,1.2109,0.0,-3.7934,3.7934,-3.7934,-2.7125,0.0,0.0,0.0,0.0,-3.0,0.0,1.8132,0.0,0.0,0.0,6.0,44.5,6.0,54.0
2019_01_CIN_SEA,2019,1,SEA,CIN,4.853,50.5567,66.9407,60.2225,127.1632,1.0,0.0,5.5121,0.0,0.0,0.0,0.0,-0.3162,0.0,0.0,0.0,0.0,-3.0,0.0,1.9669,0.0,0.0,0.0,9.5,44.0,1.0,41.0
2019_01_DET_ARI,2019,1,ARI,DET,-5.3096,39.7929,57.8882,67.9803,125.8685,1.0,0.0,-4.152,2.1778,0.0,2.1778,2.1778,-1.7398,0.0,0.0,0.0,-0.0,-2.0,0.0,1.6944,1.0,0.0,0.0,-2.5,45.5,0.0,54.0
2019_01_NYG_DAL,2019,1,DAL,NYG,2.3129,46.1172,67.5779,62.8753,130.4532,1.0,0.0,4.368,0.0,0.0,0.0,0.0,-0.2136,1.0,0.0,0.0,2.3129,-1.0,0.0,1.3851,1.0,0.0,0.0,7.0,44.0,18.0,52.0
2019_01_SF_TB,2019,1,TB,SF,0.8608,48.6634,68.0255,63.6502,131.6758,1.0,0.0,0.9474,0.0,-1.9162,1.9162,-1.9162,3.3015,0.0,0.0,0.0,0.0,3.0,0.0,2.367,0.0,0.0,0.0,1.0,51.0,-14.0,48.0
2019_01_PIT_NE,2019,1,NE,PIT,4.1092,53.1994,68.791,65.7569,134.5478,1.0,0.0,2.4576,0.0,0.0,0.0,0.0,-0.6844,0.0,1.0,1.0,0.0,0.0,0.0,0.4683,0.0,0.0,0.0,5.5,49.0,30.0,36.0
2019_01_HOU_NO,2019,1,NO,HOU,1.8359,49.4877,64.9925,65.0129,130.0054,1.0,0.0,4.4071,0.0,0.0,0.0,0.0,6.0429,0.0,1.0,1.0,0.0,0.0,0.0,0.32,1.0,0.0,0.0,6.5,52.0,2.0,58.0
2019_01_DEN_OAK,2019,1,OAK,DEN,2.2721,45.1074,65.8074,65.8522,131.6596,1.0,0.0,-1.8925,3.946,1.1669,2.7792,5.1129,-0.3656,1.0,1.0,1.0,2.2721,-1.0,0.0,0.9345,0.0,5.0,0.0,-3.0,42.5,8.0,40.0
2019_02_TB_CAR,2019,2,CAR,TB,2.6402,47.2801,64.1799,65.9905,130.1704,1.0,0.0,3.6681,0.0,0.0,0.0,0.0,0.2879,1.0,1.0,1.0,2.6402,0.0,0.0,0.5103,0.0,0.0,0.0,6.5,48.0,-6.0,34.0
2019_02_ARI_BAL,2019,2,BAL,ARI,13.327,37.7945,73.3883,61.3469,134.7352,1.0,0.0,8.3557,0.9924,4.9433,-3.9509,5.9358,3.9661,0.0,0.0,0.0,0.0,2.0,1.0,2.0081,0.0,0.0,0.0,13.0,46.0,6.0,40.0
2019_02_SF_CIN,2019,2,CIN,SF,-0.0781,43.9869,64.4693,64.7554,129.2247,1.0,0.0,-0.7849,0.0,-2.0503,2.0503,-2.0503,3.4362,0.0,0.0,0.0,-0.0,3.0,1.0,2.0214,0.0,0.0,0.0,1.0,46.0,-24.0,58.0
2019_02_LAC_DET,2019,2,DET,LAC,-4.3171,49.2218,67.0423,62.4781,129.5204,1.0,0.0,-4.4408,0.0,0.0,0.0,0.0,0.8158,0.0,0.0,0.0,-0.0,3.0,1.0,1.9875,1.0,0.0,0.0,-1.0,47.0,3.0,23.0
2019_02_MIN_GB,2019,2,GB,MIN,-1.898,43.3438,65.3035,63.9356,129.2391,1.0,0.36,-3.013,0.0,0.0,0.0,0.0,-0.4328,1.0,0.0,0.0,-1.898,0.0,0.0,0.257,0.0,0.0,0.0,3.0,43.0,5.0,37.0
2019_02_JAX_HOU,2019,2,HOU,JAX,5.7116,43.0159,64.9683,63.9941,128.9624,1.0,-0.12,3.0235,0.0,1.329,-1.329,1.329,-3.8046,1.0,0.0,0.0,5.7116,-1.0,0.0,0.8248,1.0,0.0,0.0,7.5,43.0,1.0,25.0
2019_02_NE_MIA,2019,2,MIA,NE,-16.1902,51.5744,57.2904,71.7099,129.0002,1.0,0.0,-11.3508,5.0746,0.0,5.0746,5.0746,-7.4927,1.0,0.0,0.0,-16.1902,0.0,0.0,1.2258,0.0,0.0,0.0,-18.0,48.5,-43.0,43.0
2019_02_BUF_NYG,2019,2,NYG,BUF,-0.1972,42.0406,62.9934,66.7774,129.7709,1.0,0.0,-1.1861,0.0,0.0,0.0,0.0,-0.1965,0.0,0.0,0.0,-0.0,0.0,0.0,0.2779,0.0,0.0,0.0,-1.0,44.5,-14.0,42.0
2019_02_SEA_PIT,2019,2,PIT,SEA,-0.2582,50.2597,65.8497,62.9074,128.7571,1.0,0.0,-0.4959,0.0,0.0,0.0,0.0,6.0085,0.0,0.0,0.0,-0.0,3.0,1.0,2.1317,0.0,0.0,0.0,4.0,47.0,-2.0,54.0
2019_02_IND_TEN,2019,2,TEN,IND,0.2951,47.3779,61.946,66.9294,128.8754,1.0,0.0,0.4103,0.0,-2.6144,2.6144,-2.6144,-1.7856,1.0,0.0,0.0,0.2951,-1.0,0.0,0.2505,0.0,0.0,0.0,3.0,43.5,-2.0,36.0
2019_02_DAL_WAS,2019,2,WAS,DAL,-5.4621,46.2903,62.3392,65.6881,128.0273,1.0,0.0,-5.0858,1.2129,0.0,1.2129,1.2129,-0.7386,1.0,0.0,0.0,-5.4621,1.0,0.0,1.2074,0.0,0.0,0.0,-6.0,46.5,-10.0,52.0
2019_02_KC_OAK,2019,2,OAK,KC,-7.6687,58.0824,69.1718,64.9807,134.1525,1.0,-0.12,-8.1757,4.9308,0.0,4.9308,4.9308,1.7227,1.0,0.0,0.0,-7.6687,-2.0,0.0,1.4978,0.0,3.0,0.0,-7.0,53.5,-18.0,38.0
2019_02_CHI_DEN,2019,2,DEN,CHI,-8.2563,40.3896,64.862,65.3462,130.2082,1.0,-0.48,-5.4025,0.4558,0.0,0.4558,0.4558,-1.9089,0.0,0.0,0.0,-0.0,-1.0,0.0,0.9203,0.0,0.0,0.0,-3.0,41.0,-2.0,30.0
2019_02_NO_LA,2019,2,LA,NO,2.4696,52.5098,65.8989,63.1567,129.0557,1.0,0.12,-0.7984,0.0,0.0,0.0,0.0,-2.6146,0.0,0.0,0.0,0.0,-2.0,0.0,1.6742,0.0,0.0,0.0,2.0,52.5,18.0,36.0
2019_02_PHI_ATL,2019,2,ATL,PHI,-3.3287,52.2158,65.451,65.4551,130.9062,1.0,0.0,-3.6471,0.0,0.0,0.0,0.0,-2.8932,0.0,1.0,1.0,-0.0,0.0,0.0,0.6635,0.0,0.0,0.0,-1.0,53.0,4.0,44.0
2019_02_CLE_NYJ,2019,2,NYJ,CLE,-2.5526,42.0212,66.7504,68.0876,134.838,1.0,0.0,-1.3729,-2.8508,0.0,-2.8508,-2.8508,0.5164,0.0,1.0,1.0,-0.0,0.0,0.0,0.3994,0.0,0.0,0.0,-6.5,45.5,-20.0,26.0
2019_03_TEN_JAX,2019,3,JAX,TEN,-5.3456,39.7464,64.3115,60.0694,124.3809,1.0,0.0,-4.2044,1.1668,0.0,1.1668,1.1668,0.9124,1.0,1.0,1.0,-5.3456,1.0,0.0,0.5008,0.0,0.0,0.0,-1.5,38.0,13.0,27.0
2019_03_CIN_BUF,2019,3,BUF,CIN,3.2065,42.9621,65.99,63.5818,129.5718,1.0,0.0,3.3563,0.0,0.0,0.0,0.0,-2.1423,0.0,0.0,0.0,0.0,0.0,0.0,0.3923,0.0,3.0,0.0,5.5,43.5,4.0,38.0
2019_03_MIA_DAL,2019,3,DAL,MIA,13.3897,47.9227,68.3823,57.7249,126.1071,1.0,0.0,8.3492,0.0,-3.9194,3.9194,-3.9194,4.925,0.0,0.0,0.0,0.0,-1.0,0.0,1.1165,1.0,0.0,0.0,22.0,46.5,25.0,37.0
2019_03_DEN_GB,2019,3,GB,DEN,4.0564,47.5037,64.6248,67.6696,132.2944,1.0,0.0,3.6799,0.0,0.5659,-0.5659,0.5659,-0.6227,0.0,0.0,0.0,0.0,1.0,0.0,0.927,0.0,0.0,0.0,7.0,42.0,11.0,43.0
2019_03_ATL_IND,2019,3,IND,ATL,2.7532,49.7283,67.4539,64.8342,132.2881,1.0,0.0,1.2247,-2.9528,0.0,-2.9528,-2.9528,1.4416,0.0,0.0,0.0,0.0,0.0,0.0,0.4262,1.0,0.0,0.0,1.0,48.0,3.0,51.0
2019_03_BAL_KC,2019,3,KC,BAL,2.6317,58.1321,62.6872,73.5175,136.2046,1.0,0.0,1.5764,0.0,0.0,0.0,0.0,-5.4438,0.0,0.0,0.0,0.0,-1.0,0.0,0.9555,0.0,0.0,0.0,4.5,52.0,5.0,61.0
2019_03_OAK_MIN,2019,3,MIN,OAK,1.4805,40.2003,63.2958,65.9036,129.1994,1.0,0.0,5.5469,0.0,4.3939,-4.3939,4.3939,0.5938,0.0,0.0,0.0,0.0,2.0,0.0,1.5719,1.0,0.0,0.0,8.5,43.0,20.0,48.0
2019_03_NYJ_NE,2019,3,NE,NYJ,14.8458,44.9073,71.1443,62.5034,133.6477,1.0,0.12,13.3928,0.0,-1.2211,1.2211,-1.2211,1.7383,1.0,0.0,0.0,14.8458,0.0,0.0,0.1702,0.0,0.0,0.0,20.5,43.0,16.0,44.0
2019_03_DET_PHI,2019,3,PHI,DET,0.0378,47.3063,66.6943,66.0783,132.7726,1.0,0.0,2.8483,0.0,0.0,0.0,0.0,1.6513,0.0,0.0,0.0,0.0,0.0,0.0,0.4431,0.0,0.0,0.0,4.0,45.0,-3.0,51.0
2019_03_CAR_ARI,2019,3,ARI,CAR,-3.5621,41.1537,61.0646,70.1184,131.1831,1.0,-0.36,-3.8809,6.7323,-0.1058,6.8382,6.6265,-2.256,0.0,0.0,0.0,-0.0,-2.0,0.0,1.7877,1.0,0.0,0.0,2.5,46.0,-18.0,58.0
2019_03_NYG_TB,2019,3,TB,NYG,2.1242,47.3253,67.8834,65.0408,132.9242,1.0,0.36,1.6461,0.0,-1.7519,1.7519,-1.7519,-1.237,0.0,0.0,0.0,0.0,0.0,0.0,1.0076,0.0,1.0,0.0,5.0,48.0,-1.0,63.0
2019_03_HOU_LAC,2019,3,LAC,HOU,1.168,47.6563,63.1616,64.7612,127.9228,1.0,0.0,2.6772,0.0,0.0,0.0,0.0,2.1919,0.0,0.0,0.0,0.0,-2.0,0.0,1.375,0.0,0.0,0.0,3.0,49.0,-7.0,47.0
2019_03_NO_SEA,2019,3,SEA,NO,0.1646,51.3565,62.954,62.4496,125.4036,1.0,0.0,-0.7907,0.0,-7.4875,7.4875,-7.4875,-6.3408,0.0,0.0,0.0,0.0,-2.0,0.0,2.0982,0.0,0.0,0.0,5.0,44.0,-6.0,60.0
2019_03_PIT_SF,2019,3,SF,PIT,0.7937,47.7687,65.6707,66.5341,132.2047,1.0,0.0,-2.6837,-0.1372,-4.298,4.1607,-4.4352,-5.3035,0.0,0.0,0.0,0.0,-3.0,0.0,2.2439,0.0,0.0,0.0,6.0,44.5,4.0,44.0
2019_03_LA_CLE,2019,3,CLE,LA,-7.475,43.7544,64.2568,69.6149,133.8717,1.0,-0.12,-7.8314,0.0,0.0,0.0,0.0,1.5391,0.0,1.0,1.0,-0.0,3.0,0.0,2.0526,0.0,2.0,0.0,-4.0,48.0,-7.0,33.0
2019_03_CHI_WAS,2019,3,WAS,CHI,-8.1359,42.8095,63.5127,65.2843,128.797,1.0,0.0,-5.921,1.5599,0.0,1.5599,1.5599,-2.5325,0.0,1.0,1.0,-0.0,1.0,0.0,0.6011,0.0,0.0,0.0,-5.0,41.0,-16.0,46.0
2019_04_PHI_GB,2019,4,GB,PHI,3.6912,46.8454,63.1678,68.9628,132.1306,1.0,0.0,-1.324,0.0,0.0,0.0,0.0,-0.7483,0.0,1.0,1.0,0.0,-1.0,0.0,0.7315,0.0,0.0,0.0,3.5,46.0,-7.0,61.0
2019_04_TEN_ATL,2019,4,ATL,TEN,-1.137,47.0596,64.163,63.9321,128.0951,1.0,-0.36,0.1334,0.0,0.0,0.0,0.0,1.7785,0.0,0.0,0.0,-0.0,1.0,0.0,0.2139,1.0,0.0,0.0,3.5,46.0,-14.0,34.0
2019_04_CLE_BAL,2019,4,BAL,CLE,5.6603,46.0343,72.7471,63.0384,135.7854,1.0,0.0,6.2281,0.0,0.0,0.0,0.0,2.9652,1.0,0.0,0.0,5.6603,0.0,0.0,0.3083,0.0,0.0,0.0,7.5,47.0,-15.0,65.0
2019_04_NE_BUF,2019,4,BUF,NE,-9.9395,42.0334,63.7921,68.1657,131.9577,1.0,0.0,-7.9573,0.0,0.0,0.0,0.0,-5.7539,1.0,0.0,0.0,-9.9395,0.0,0.0,0.3864,0.0,0.0,0.0,-7.0,41.5,-6.0,26.0
2019_04_KC_DET,2019,4,DET,KC,-8.1636,57.5031,69.8199,66.7098,136.5297,1.0,0.0,-5.3944,0.0,0.0,0.0,0.0,1.117,0.0,0.0,0.0,-0.0,1.0,0.0,0.6403,1.0,0.0,0.0,-7.5,54.5,-4.0,64.0
2019_04_CAR_HOU,2019,4,HOU,CAR,4.6132,48.4205,64.3474,66.161,130.5084,1.0,0.0,1.5821,0.0,1.6377,-1.6377,1.6377,-4.3025,0.0,0.0,0.0,0.0,-1.0,0.0,0.9299,1.0,0.0,0.0,5.5,47.5,-6.0,26.0
2019_04_OAK_IND,2019,4,IND,OAK,1.3695,50.6551,66.3398,64.0352,130.3749,1.0,0.0,6.7432,-0.8161,4.4231,-5.2392,3.607,1.0115,0.0,0.0,0.0,0.0,3.0,1.0,1.9337,1.0,0.0,0.0,5.5,46.0,-7.0,55.0
2019_04_LAC_MIA,2019,4,MIA,LAC,-11.1371,48.318,58.7017,66.6825,125.3842,1.0,0.0,-7.7882,-3.9985,0.0,-3.9985,-3.9985,-3.3134,0.0,0.0,0.0,-0.0,3.0,1.0,2.3327,0.0,5.0,0.0,-15.0,43.5,-20.0,40.0
2019_04_WAS_NYG,2019,4,NYG,WAS,1.5973,50.0908,64.3805,65.86,130.2406,1.0,0.12,0.0742,-0.0476,0.0,-0.0476,-0.0476,0.9458,1.0,0.0,0.0,1.5973,0.0,0.0,0.1981,0.0,1.0,0.0,3.0,48.0,21.0,27.0
2019_04_SEA_ARI,2019,4,ARI,SEA,-8.9666,44.4627,61.7783,68.82,130.5982,1.0,0.0,-8.3647,0.0,0.0,0.0,0.0,-0.214,1.0,0.0,0.0,-8.9666,1.0,0.0,1.1043,1.0,0.0,0.0,-5.5,49.0,-17.0,37.0
2019_04_TB_LA,2019,4,LA,TB,8.3418,43.5626,66.3443,66.1441,132.4884,1.0,0.0,8.9774,0.0,0.0,0.0,0.0,0.9683,0.0,0.0,0.0,0.0,-3.0,0.0,2.1518,0.0,0.0,0.0,9.0,48.5,-15.0,95.0
2019_04_MIN_CHI,2019,4,CHI,MIN,2.3823,35.979,65.0935,64.518,129.6114,1.0,-0.12,1.0424,0.0,0.0,0.0,0.0,1.1827,1.0,0.0,0.0,2.3823,0.0,0.0,0.3553,0.0,0.0,0.0,-1.0,38.0,10.0,22.0
2019_04_JAX_DEN,2019,4,DEN,JAX,-1.5405,40.6536,67.6146,60.3964,128.011,1.0,-0.36,-2.3487,0.367,1.3228,-0.9558,1.6898,-3.4106,0.0,0.0,0.0,-0.0,-2.0,0.0,1.4683,0.0,4.0,0.0,2.5,37.0,-2.0,50.0
2019_04_DAL_NO,2019,4,NO,DAL,-1.2453,50.9948,62.704,66.8996,129.6036,1.0,0.0,1.3209,-6.2264,0.0,-6.2264,-6.2264,2.9071,0.0,1.0,1.0,-0.0,0.0,0.0,0.4566,1.0,0.0,0.0,-2.5,47.0,2.0,22.0
2019_04_CIN_PIT,2019,4,PIT,CIN,3.7169,48.084,65.178,66.045,131.2229,1.0,0.0,5.885,-5.1468,0.0,-5.1468,-5.1468,2.5048,1.0,1.0,1.0,3.7169,0.0,0.0,0.2566,0.0,0.0,0.0,3.5,45.5,24.0,30.0
2019_05_LA_SEA,2019,5,SEA,LA,-2.2317,46.4451,65.5355,65.6913,131.2268,1.0,0.0,-1.2442,0.0,0.0,0.0,0.0,-1.4835,1.0,1.0,1.0,-2.2317,0.0,0.0,0.9651,0.0,0.0,0.0,1.5,49.0,1.0,59.0
2019_05_JAX_CAR,2019,5,CAR,JAX,2.0154,41.6382,64.5825,63.9922,128.5747,1.0,0.0,2.1219,0.5778,0.0,0.5778,0.5778,1.7279,0.0,0.0,0.0,0.0,0.0,0.0,0.3418,0.0,0.0,0.0,3.0,41.0,7.0,61.0
2019_05_ARI_CIN,2019,5,CIN,ARI,2.8092,43.9909,66.3449,63.9743,130.3192,1.0,-0.12,1.1636,0.0,0.0,0.0,0.0,0.9976,0.0,0.0,0.0,0.0,2.0,1.0,1.5853,0.0,0.0,0.0,3.0,45.0,-3.0,49.0
2019_05_ATL_HOU,2019,5,HOU,ATL,4.8981,48.0615,65.2897,67.0133,132.303,1.0,0.0,1.5625,0.0,0.0,0.0,0.0,-2.2771,0.0,0.0,0.0,0.0,-1.0,0.0,0.7051,1.0,0.0,0.0,4.0,49.0,21.0,85.0
2019_05_TB_NO,2019,5,NO,TB,-0.0417,47.3306,66.0087,67.0879,133.0966,1.0,0.0,6.6539,-7.1111,0.0,-7.1111,-7.1111,3.9864,1.0,0.0,0.0,-0.0417,-1.0,0.0,0.4779,1.0,0.0,0.0,3.0,46.0,7.0,55.0
2019_05_MIN_NYG,2019,5,NYG,MIN,-3.324,44.2391,66.117,62.6618,128.7788,1.0,0.0,-4.4898,1.1913,0.0,1.1913,1.1913,-0.4836,0.0,0.0,0.0,-0.0,1.0,0.0,1.01,0.0,0.0,0.0,-5.5,44.0,-18.0,38.0
2019_05_CHI_OAK,2019,5,OAK,CHI,-6.1681,40.7453,66.17,65.6301,131.8001,0.0,0.0,-7.3642,4.8042,-3.0727,7.8769,1.7315,-1.6471,0.0,0.0,0.0,-0.0,0.0,0.0,0.0,0.0,5.0,0.0,-6.5,39.5,3.0,45.0
2019_05_NYJ_PHI,2019,5,PHI,NYJ,5.5163,45.4179,68.8225,62.6208,131.4432,1.0,-0.48,9.3867,0.0,-3.098,3.098,-3.098,0.1184,0.0,0.0,0.0,0.0,0.0,0.0,0.0854,0.0,0.0,0.0,14.0,43.0,25.0,37.0
2019_05_BAL_PIT,2019,5,PIT,BAL,-0.1965,49.3987,60.7671,72.2769,133.0439,1.0,-0.12,-0.1156,-3.6602,0.0,-3.6602,-3.6602,1.9385,1.0,0.0,0.0,-0.1965,0.0,0.0,0.1972,0.0,0.0,0.0,-3.5,44.0,-3.0,49.0
2019_05_BUF_TEN,2019,5,TEN,BUF,0.2299,37.5307,61.4762,68.3179,129.7941,1.0,0.0,2.2371,0.0,0.0,0.0,0.0,0.3402,0.0,0.0,0.0,0.0,-1.0,0.0,0.6238,0.0,3.0,0.0,3.5,39.5,-7.0,21.0
2019_05_NE_WAS,2019,5,WAS,NE,-16.729,44.8845,61.3123,69.4732,130.7856,1.0,0.0,-12.9933,-1.192,0.0,-1.192,-1.192,-5.5213,0.0,0.0,0.0,-0.0,0.0,0.0,0.3672,0.0,0.0,0.0,-15.5,42.0,-26.0,40.0
2019_05_DEN_LAC,2019,5,LAC,DEN,4.5837,51.8281,63.8399,63.1018,126.9417,1.0,0.0,7.2364,0.0,0.0,0.0,0.0,-1.4302,1.0,0.0,0.0,4.5837,-1.0,0.0,0.8369,0.0,2.0,0.0,4.0,46.0,-7.0,33.0
2019_05_GB_DAL,2019,5,DAL,GB,1.3852,48.543,66.1456,65.3936,131.5392,1.0,-0.36,3.2592,0.0,0.0,0.0,0.0,-0.5504,0.0,0.0,0.0,0.0,0.0,0.0,0.9459,1.0,0.0,0.0,3.5,46.5,-10.0,58.0
2019_05_IND_KC,2019,5,KC,IND,9.8071,59.9334,64.6839,71.4275,136.1114,1.0,0.0,5.4086,0.0,-1.0166,1.0166,-1.0166,-1.6874,0.0,1.0,1.0,0.0,-1.0,0.0,0.4468,0.0,0.0,0.0,10.5,55.5,-6.0,32.0
2019_05_CLE_SF,2019,5,SF,CLE,1.3959,43.1709,67.8384,65.1609,132.9993,1.0,0.84,1.1202,0.0,0.0,0.0,0.0,-3.6376,0.0,1.0,1.0,0.0,-3.0,0.0,2.1476,0.0,0.0,0.0,5.0,47.5,28.0,34.0
2019_06_NYG_NE,2019,6,NE,NYG,14.7006,49.0024,69.3096,63.9374,133.247,1.0,0.0,12.0693,0.0,0.1233,-0.1233,0.1233,4.4033,0.0,1.0,1.0,0.0,0.0,0.0,0.1702,0.0,3.0,0.0,16.5,43.0,21.0,49.0
2019_06_CAR_TB,2019,6,TB,CAR,0.1125,45.4464,67.712,67.2777,134.9897,0.0,0.0,-3.1973,0.0,0.6723,-0.6723,0.6723,-2.915,1.0,0.0,0.0,0.1125,0.0,0.0,0.0,0.0,4.0,0.0,-2.0,48.5,-11.0,63.0
2019_06_CIN_BAL,2019,6,BAL,CIN,6.9158,51.0673,71.3364,61.5407,132.8771,1.0,0.0,8.4529,0.0,0.0,0.0,0.0,2.682,1.0,0.0,0.0,6.9158,0.0,0.0,0.4228,0.0,0.0,0.0,10.5,47.0,6.0,40.0
2019_06_SEA_CLE,2019,6,CLE,SEA,-4.7151,47.6672,61.82,67.9458,129.7658,1.0,-0.48,-5.6468,0.0,0.0,0.0,0.0,3.4775,0.0,0.0,0.0,-0.0,3.0,1.0,2.0203,0.0,10.0,0.0,1.0,45.5,-4.0,60.0
2019_06_NO_JAX,2019,6,JAX,NO,-6.1884,45.2261,65.0131,63.4482,128.4613,1.0,0.0,-7.4677,0.0,-6.0964,6.0964,-6.0964,-3.349,0.0,0.0,0.0,-0.0,1.0,0.0,0.5051,0.0,0.0,0.0,2.5,42.5,-7.0,19.0
2019_06_HOU_KC,2019,6,KC,HOU,3.8284,55.2011,66.7786,70.36,137.1386,1.0,0.0,3.973,0.0,0.0,0.0,0.0,0.9494,0.0,0.0,0.0,0.0,0.0,0.0,0.6492,0.0,0.0,0.0,3.5,54.5,-7.0,55.0
2019_06_WAS_MIA,2019,6,MIA,WAS,-1.2574,44.4191,61.6486,63.7372,125.3859,1.0,0.84,-0.7832,0.0,0.0,0.0,0.0,-3.3053,0.0,0.0,0.0,-0.0,0.0,0.0,0.916,0.0,3.0,0.0,-6.0,42.0,-1.0,33.0
2019_06_PHI_MIN,2019,6,MIN,PHI,2.89,42.9376,62.1605,67.2379,129.3984,1.0,0.0,-0.9598,0.0,0.0,0.0,0.0,-0.6773,0.0,0.0,0.0,0.0,-1.0,0.0,0.9842,1.0,0.0,0.0,3.5,44.0,18.0,58.0
2019_06_ATL_ARI,2019,6,ARI,ATL,-2.3515,51.4676,65.8789,68.4181,134.297,1.0,0.0,-3.9219,0.0,0.0,0.0,0.0,0.4835,0.0,0.0,0.0,-0.0,-2.0,0.0,1.5979,1.0,0.0,0.0,-3.0,52.5,1.0,67.0
2019_06_SF_LA,2019,6,LA,SF,-0.8976,43.5729,65.7392,67.2379,132.9771,1.0,0.48,3.1247,0.0,0.0,0.0,0.0,0.6863,1.0,0.0,0.0,-0.8976,0.0,0.0,0.3135,0.0,0.0,0.0,3.0,49.5,-13.0,27.0
2019_06_TEN_DEN,2019,6,DEN,TEN,-1.8134,44.1254,65.6265,62.5772,128.2037,1.0,0.0,-3.5367,0.0,0.0,0.0,0.0,1.2425,0.0,0.0,0.0,-0.0,-1.0,0.0,1.0225,0.0,0.0,0.0,1.0,41.0,16.0,16.0
2019_06_DAL_NYJ,2019,6,NYJ,DAL,-9.5964,40.4128,62.1795,67.6191,129.7986,1.0,0.0,-8.8116,0.0,0.0,0.0,0.0,-2.481,0.0,0.0,0.0,-0.0,1.0,0.0,1.3851,0.0,0.0,0.0,-7.0,43.5,2.0,46.0
2019_06_PIT_LAC,2019,6,LAC,PIT,-1.7512,46.1935,67.7775,59.4734,127.2509,1.0,0.0,0.422,0.0,-4.4944,4.4944,-4.4944,-4.8355,0.0,1.0,1.0,-0.0,-3.0,0.0,2.139,0.0,0.0,0.0,6.0,42.5,-7.0,41.0
2019_06_DET_GB,2019,6,GB,DET,3.2764,47.3974,67.1425,67.8301,134.9726,1.0,-0.84,0.9634,0.0,0.0,0.0,0.0,2.2448,1.0,1.0,1.0,3.2764,-1.0,0.0,0.2927,0.0,0.0,2.0,3.5,47.0,1.0,45.0
2019_07_KC_DEN,2019,7,DEN,KC,-5.7437,53.3182,70.6318,64.2925,134.9243,1.0,0.0,-6.4129,0.0,0.0,0.0,0.0,0.9625,1.0,1.0,1.0,-5.7437,-1.0,0.0,0.5643,0.0,0.0,0.0,-3.0,49.5,-24.0,36.0
2019_07_LA_ATL,2019,7,ATL,LA,-6.3523,54.6345,67.8459,67.3888,135.2347,1.0,0.0,-4.9373,0.0,0.0,0.0,0.0,-2.641,0.0,0.0,0.0,-0.0,3.0,1.0,1.9385,0.0,0.0,0.0,-3.0,54.5,-27.0,47.0
2019_07_MIA_BUF,2019,7,BUF,MIA,10.7656,41.7281,67.9014,59.4495,127.3509,1.0,0.84,6.6706,0.0,7.8195,-7.8195,7.8195,4.3547,1.0,0.0,0.0,10.7656,0.0,0.0,1.1648,0.0,0.0,0.0,17.0,42.5,10.0,52.0
2019_07_JAX_CIN,2019,7,CIN,JAX,-3.5227,45.0176,63.1807,66.4869,129.6676,1.0,0.0,-3.8782,0.0,0.0,0.0,0.0,-1.3985,0.0,0.0,0.0,-0.0,0.0,0.0,0.6277,0.0,0.0,0.0,-4.0,44.5,-10.0,44.0
2019_07_MIN_DET,2019,7,DET,MIN,-4.8194,42.6563,66.0611,65.2884,131.3495,1.0,-0.12,-3.5356,0.0,0.0,0.0,0.0,-1.9972,1.0,0.0,0.0,-4.8194,1.0,0.0,0.5415,1.0,0.0,0.0,-2.5,43.5,-12.0,72.0
2019_07_OAK_GB,2019,7,GB,OAK,3.9145,48.362,66.6967,65.2155,131.9122,1.0,-0.96,3.9397,0.0,4.8948,-4.8948,4.8948,0.8894,0.0,0.0,0.0,0.0,2.0,0.0,1.8225,0.0,0.0,0.0,5.5,48.0,18.0,66.0
2019_07_HOU_IND,2019,7,IND,HOU,-4.6611,49.982,68.1079,65.4487,133.5566,1.0,0.84,-0.4026,0.0,0.0,0.0,0.0,2.4976,1.0,0.0,0.0,-4.6611,1.0,0.0,0.8709,0.0,0.0,0.0,1.5,46.5,7.0,53.0
2019_07_ARI_NYG,2019,7,NYG,ARI,1.1424,49.8433,65.9345,66.7075,132.6419,1.0,0.36,1.3864,-1.9807,0.0,-1.9807,-1.9807,-1.7173,0.0,0.0,0.0,0.0,2.0,1.0,2.1441,0.0,0.0,0.0,3.5,49.5,-6.0,48.0
2019_07_SF_WAS,2019,7,WAS,SF,-12.7427,40.2765,58.0546,70.3885,128.443,1.0,0.0,-7.5074,0.0,0.0,0.0,0.0,-1.7309,0.0,0.0,0.0,-0.0,3.0,1.0,2.4278,0.0,2.0,0.0,-10.0,39.0,-9.0,9.0
2019_07_LAC_TEN,2019,7,TEN,LAC,0.9425,43.603,59.6093,64.2156,123.825,1.0,0.0,-1.6701,-3.4456,0.0,-3.4456,-3.4456,-3.1384,0.0,0.0,0.0,0.0,2.0,0.0,1.7842,0.0,0.0,0.0,3.0,42.5,3.0,43.0
2019_07_NO_CHI,2019,7,CHI,NO,1.7724,42.9545,62.7926,65.7294,128.522,1.0,0.84,-2.7395,0.0,0.0,0.0,0.0,-3.1946,0.0,0.0,0.0,0.0,0.0,0.0,0.8344,0.0,0.0,0.0,4.0,37.0,-11.0,61.0
2019_07_BAL_SEA,2019,7,SEA,BAL,1.6492,51.1841,63.7154,69.4407,133.1562,1.0,0.0,1.0129,0.0,0.0,0.0,0.0,-5.7782,0.0,0.0,0.0,0.0,-3.0,0.0,2.3283,0.0,0.0,0.0,3.0,49.0,-14.0,46.0
2019_07_PHI_DAL,2019,7,DAL,PHI,0.898,49.9345,67.0218,65.724,132.7457,1.0,0.0,-0.8503,0.0,0.0,0.0,0.0,-2.6316,1.0,1.0,1.0,0.898,-1.0,0.0,1.3126,1.0,0.0,0.0,3.0,50.0,27.0,47.0
2019_07_NE_NYJ,2019,7,NYJ,NE,-15.448,38.5306,58.6163,73.0339,131.6501,1.0,-0.36,-14.6469,0.0,0.0,0.0,0.0,-5.1344,1.0,1.0,1.0,-15.448,0.0,0.0,0.1702,0.0,0.0,0.0,-9.5,43.0,-33.0,33.0
2019_08_WAS_MIN,2019,8,MIN,WAS,12.547,45.2898,66.198,61.3734,127.5714,1.0,0.0,10.1921,0.0,0.0,0.0,0.0,2.2611,0.0,1.0,1.0,0.0,-1.0,0.0,0.9387,1.0,0.0,0.0,16.5,42.0,10.0,28.0
2019_08_SEA_ATL,2019,8,ATL,SEA,-7.9239,55.5928,63.1174,68.9798,132.0972,1.0,0.0,-5.7364,-3.946,0.0,-3.946,-3.946,-0.2139,0.0,0.0,0.0,-0.0,3.0,1.0,2.1774,0.0,0.0,0.0,-7.5,48.5,-7.0,47.0
2019_08_PHI_BUF,2019,8,BUF,PHI,2.3758,42.9695,65.6086,64.5026,130.1113,1.0,0.0,-0.5741,0.0,0.0,0.0,0.0,-1.8095,0.0,0.0,0.0,0.0,0.0,0.0,0.2732,0.0,13.0,0.0,1.0,39.5,-18.0,44.0
2019_08_LAC_CHI,2019,8,CHI,LAC,4.6149,44.4731,60.99,66.59,127.58,1.0,0.0,2.3118,0.0,0.0,0.0,0.0,-0.0156,0.0,0.0,0.0,0.0,2.0,0.0,1.7509,0.0,0.0,0.0,3.5,41.0,-1.0,33.0
2019_08_NYG_DET,2019,8,DET,NYG,4.7057,48.5221,67.0665,66.9308,133.9973,1.0,0.0,4.1926,0.0,0.0,0.0,0.0,1.7507,0.0,0.0,0.0,0.0,0.0,0.0,0.4753,1.0,0.0,0.0,6.5,49.0,5.0,57.0
2019_08_DEN_IND,2019,8,IND,DEN,1.9649,45.7957,67.5934,63.0132,130.6066,1.0,-0.36,5.7618,0.0,0.0,0.0,0.0,2.058,0.0,0.0,0.0,0.0,2.0,1.0,0.9998,0.0,0.0,0.0,6.0,41.0,2.0,28.0
2019_08_NYJ_JAX,2019,8,JAX,NYJ,4.5659,37.5743,70.5091,61.0553,131.5644,1.0,0.12,4.9494,0.0,0.0,0.0,0.0,2.594,0.0,0.0,0.0,0.0,0.0,0.0,0.8394,0.0,1.0,0.0,7.0,39.5,14.0,44.0
2019_08_CIN_LA,2019,8,LA,CIN,10.5762,45.7103,69.853,64.8856,134.7386,0.0,0.0,10.6978,0.0,0.0,0.0,0.0,2.796,0.0,0.0,0.0,0.0,0.0,0.0,0.0,0.0,0.0,0.0,12.0,48.5,14.0,34.0
2019_08_ARI_NO,2019,8,NO,ARI,9.4356,47.7823,67.2036,63.2963,130.4998,1.0,0.0,11.5687,4.7145,0.0,4.7145,4.7145,1.7567,0.0,0.0,0.0,0.0,1.0,0.0,1.324,1.0,0.0,0.0,12.5,47.5,22.0,40.0
2019_08_TB_TEN,2019,8,TEN,TB,-0.1832,41.6011,64.797,66.8168,131.6138,1.0,-0.84,2.067,-2.2923,0.0,-2.2923,-2.2923,-0.5374,0.0,0.0,0.0,-0.0,-1.0,0.0,0.6185,0.0,0.0,0.0,2.0,45.5,4.0,50.0
2019_08_CAR_SF,2019,8,SF,CAR,2.8735,39.0555,69.9244,59.828,129.7525,1.0,-0.84,0.5954,0.0,1.1233,-1.1233,1.1233,-0.7501,0.0,0.0,0.0,0.0,-3.0,0.0,2.2761,0.0,9.0,0.0,4.5,41.0,38.0,64.0
2019_08_OAK_HOU,2019,8,HOU,OAK,3.5911,48.5805,67.1635,65.9856,133.1492,1.0,0.0,5.0447,0.0,5.3718,-5.3718,5.3718,-0.8978,0.0,0.0,0.0,0.0,2.0,0.0,1.6306,1.0,0.0,0.0,5.0,52.0,3.0,51.0
2019_08_CLE_NE,2019,8,NE,CLE,14.9404,41.4601,73.4949,60.7559,134.2508,1.0,-0.96,11.5417,0.0,0.0,0.0,0.0,1.3227,0.0,0.0,0.0,0.0,0.0,0.0,0.5387,0.0,1.0,0.0,9.5,43.0,14.0,40.0
2019_08_GB_KC,2019,8,KC,GB,0.9927,56.0995,63.8414,70.9857,134.8271,1.0,0.36,3.1053,-9.8026,0.0,-9.8026,-9.8026,-0.2455,0.0,1.0,1.0,0.0,0.0,0.0,0.5011,0.0,0.0,0.0,-5.0,48.0,-7.0,55.0
2019_08_MIA_PIT,2019,8,PIT,MIA,12.5144,44.8706,61.8122,65.169,126.9813,1.0,0.84,9.1402,-3.3008,8.2756,-11.5765,4.9748,9.5428,0.0,1.0,1.0,0.0,0.0,0.0,1.0012,0.0,0.0,0.0,14.0,44.0,13.0,41.0
2019_09_SF_ARI,2019,9,ARI,SF,-12.7917,42.1479,59.2046,69.2531,128.4577,1.0,0.0,-8.86,0.0,0.0,0.0,0.0,0.5066,1.0,1.0,1.0,-12.7917,1.0,0.0,0.608,1.0,0.0,0.0,-10.5,43.5,-3.0,53.0
2019_09_HOU_JAX,2019,9,JAX,HOU,-3.6595,45.6851,66.3844,66.5815,132.9659,0.0,0.0,-3.1159,0.0,0.0,0.0,0.0,3.4438,1.0,0.0,0.0,-3.6595,0.0,0.0,0.0,0.0,0.0,0.0,1.0,46.0,-23.0,29.0
2019_09_WAS_BUF,2019,9,BUF,WAS,4.4428,39.8655,67.5959,58.0154,125.6113,1.0,-0.36,5.2435,0.0,-3.9786,3.9786,-3.9786,0.9065,0.0,0.0,0.0,0.0,0.0,0.0,0.2854,0.0,8.0,3.0,10.5,37.0,15.0,33.0
2019_09_TEN_CAR,2019,9,CAR,TEN,0.3038,39.9417,66.0889,64.5196,130.6085,1.0,0.0,0.9504,0.0,-1.8736,1.8736,-1.8736,3.5176,0.0,0.0,0.0,0.0,1.0,0.0,0.3384,0.0,0.0,0.0,3.5,43.0,10.0,50.0
2019_09_MIN_KC,2019,9,KC,MIN,-0.8761,53.9315,62.9303,69.6405,132.5708,1.0,-0.36,-0.512,-8.6084,0.0,-8.6084,-8.6084,0.1867,0.0,0.0,0.0,-0.0,0.0,0.0,0.4142,0.0,5.0,0.0,-5.5,46.0,3.0,49.0
2019_09_NYJ_MIA,2019,9,MIA,NYJ,-1.6686,41.9816,66.1597,61.5216,127.6814,1.0,-0.12,-0.29,0.0,0.0,0.0,0.0,-2.0805,1.0,0.0,0.0,-1.6686,0.0,0.0,1.0856,0.0,1.0,0.0,-3.5,42.5,8.0,44.0
2019_09_CHI_PHI,2019,9,PHI,CHI,-2.4261,41.8605,66.0142,65.2289,131.2431,1.0,0.0,0.1948,0.0,0.0,0.0,0.0,0.9949,0.0,0.0,0.0,-0.0,1.0,0.0,0.6637,0.0,3.0,0.0,5.0,41.0,8.0,36.0
2019_09_IND_PIT,2019,9,PIT,IND,2.6759,44.7072,62.5145,69.0754,131.5899,1.0,-0.12,-0.7046,-2.8846,0.0,-2.8846,-2.8846,4.3672,0.0,0.0,0.0,0.0,0.0,0.0,0.3283,0.0,2.0,0.0,1.0,39.5,2.0,50.0
2019_09_DET_OAK,2019,9,OAK,DET,0.4166,48.8609,67.9817,65.7728,133.7546,1.0,0.0,-3.0527,5.9339,0.0,5.9339,5.9339,1.0139,0.0,0.0,0.0,0.0,-3.0,0.0,2.0766,0.0,0.0,0.0,2.5,51.5,7.0,55.0
2019_09_TB_SEA,2019,9,SEA,TB,2.4346,46.1879,67.7348,66.9194,134.6542,1.0,0.0,6.0661,0.0,0.0,0.0,0.0,-1.3072,0.0,0.0,0.0,0.0,-3.0,0.0,2.5227,0.0,0.0,0.0,4.0,51.0,6.0,74.0
2019_09_CLE_DEN,2019,9,DEN,CLE,2.3268,41.6632,68.1415,63.1395,131.2811,1.0,0.0,-0.0386,-3.4686,0.0,-3.4686,-3.4686,-2.1329,0.0,0.0,0.0,0.0,-2.0,0.0,1.2253,0.0,0.0,0.0,-4.0,39.0,5.0,43.0
2019_09_GB_LAC,2019,9,LAC,GB,-8.2356,53.0027,62.1431,63.3052,125.4483,1.0,0.0,-2.7055,0.0,0.0,0.0,0.0,0.3624,0.0,0.0,0.0,-0.0,-2.0,0.0,1.7637,0.0,0.0,0.0,-4.0,50.0,15.0,37.0
2019_09_NE_BAL,2019,9,BAL,NE,-9.401,41.7554,65.952,67.8242,133.7762,1.0,0.84,-5.0251,0.0,0.0,0.0,0.0,-0.1524,0.0,1.0,1.0,-0.0,0.0,0.0,0.3414,0.0,0.0,0.0,-3.0,44.5,17.0,57.0
2019_09_DAL_NYG,2019,9,NYG,DAL,-7.7159,49.2841,64.6055,67.7448,132.3502,1.0,-0.84,-8.1295,0.0,0.0,0.0,0.0,-1.7482,1.0,1.0,1.0,-7.7159,1.0,0.0,1.3851,0.0,0.0,0.0,-6.5,48.5,-19.0,55.0
2019_10_LAC_OAK,2019,10,OAK,LAC,0.9628,47.4495,62.1357,63.5669,125.7026,1.0,0.0,-4.223,6.3509,0.0,6.3509,6.3509,0.1031,1.0,1.0,1.0,0.9628,0.0,0.0,0.34,0.0,0.0,0.0,-1.0,49.0,2.0,50.0
2019_10_DET_CHI,2019,10,CHI,DET,1.0982,44.0315,66.5758,67.5951,134.1709,1.0,0.0,2.6797,0.0,-3.5732,3.5732,-3.5732,1.0124,1.0,0.0,0.0,1.0982,-1.0,0.0,0.2366,0.0,2.0,5.0,6.0,38.0,7.0,33.0
2019_10_BAL_CIN,2019,10,CIN,BAL,-12.9404,49.9463,64.008,70.2531,134.2611,1.0,0.84,-12.7386,-3.7824,0.0,-3.7824,-3.7824,-4.7069,1.0,0.0,0.0,-12.9404,0.0,0.0,0.4228,0.0,0.0,0.0,-10.5,44.0,-36.0,62.0
2019_10_BUF_CLE,2019,10,CLE,BUF,-2.3329,42.4651,62.9677,64.5584,127.5261,1.0,0.0,-3.3888,0.0,0.0,0.0,0.0,3.1553,0.0,0.0,0.0,-0.0,0.0,0.0,0.173,0.0,0.0,0.0,3.0,42.0,3.0,35.0
2019_10_ATL_NO,2019,10,NO,ATL,11.9563,50.2593,66.5119,63.121,129.6329,1.0,0.0,11.0201,5.0466,0.0,5.0466,5.0466,5.9683,1.0,0.0,0.0,11.9563,-1.0,0.0,0.4244,1.0,0.0,0.0,14.0,51.5,-17.0,35.0
2019_10_NYG_NYJ,2019,10,NYJ,NYG,-3.6609,42.301,62.0459,69.8149,131.8608,1.0,0.12,-1.7819,0.0,0.0,0.0,0.0,-0.1949,0.0,0.0,0.0,-0.0,0.0,0.0,0.0,0.0,0.0,0.0,-3.0,43.0,7.0,61.0
2019_10_ARI_TB,2019,10,TB,ARI,5.6923,49.5783,71.5224,64.6367,136.1591,1.0,-0.36,1.8283,0.0,0.0,0.0,0.0,-2.0919,0.0,0.0,0.0,0.0,2.0,1.0,1.8017,0.0,0.0,0.0,5.5,51.0,3.0,57.0
2019_10_KC_TEN,2019,10,TEN,KC,-6.8503,48.5523,67.8571,64.2088,132.066,1.0,0.0,-5.4205,-1.1676,0.0,-1.1676,-1.1676,-2.4826,0.0,0.0,0.0,-0.0,0.0,0.0,0.4666,0.0,0.0,0.0,-5.0,49.0,3.0,67.0
2019_10_MIA_IND,2019,10,IND,MIA,10.0245,48.4996,68.3822,61.7177,130.0999,1.0,0.0,9.3145,-4.9448,0.0,-4.9448,-4.9448,2.6227,0.0,0.0,0.0,0.0,0.0,0.0,1.0132,1.0,0.0,0.0,11.0,44.5,-4.0,28.0
2019_10_CAR_GB,2019,10,GB,CAR,2.3913,47.2266,65.9346,65.4931,131.4278,1.0,0.0,0.2459,0.0,0.0,0.0,0.0,-0.953,0.0,0.0,0.0,0.0,-1.0,0.0,0.7456,0.0,0.0,11.0,5.0,49.0,8.0,40.0
2019_10_LA_PIT,2019,10,PIT,LA,-0.501,42.7342,64.1846,68.5354,132.72,1.0,-0.84,-1.1909,0.0,0.0,0.0,0.0,4.0325,0.0,0.0,0.0,-0.0,3.0,0.0,2.139,0.0,2.0,0.0,-4.0,43.0,5.0,29.0
2019_10_MIN_DAL,2019,10,DAL,MIN,-2.3963,47.4252,66.2797,65.0378,131.3175,1.0,-0.12,-0.8661,0.0,0.0,0.0,0.0,-1.4729,0.0,1.0,1.0,-0.0,0.0,0.0,0.8694,1.0,0.0,0.0,3.5,48.5,-4.0,52.0
2019_10_SEA_SF,2019,10,SF,SEA,5.9982,45.8676,66.6799,62.0036,128.6835,1.0,0.36,0.7853,0.0,0.0,0.0,0.0,4.7603,1.0,1.0,1.0,5.9982,0.0,0.0,0.7045,0.0,0.0,0.0,6.5,47.0,-3.0,51.0
2019_11_PIT_CLE,2019,11,CLE,PIT,-6.9978,39.7644,67.5179,64.0209,131.5388,1.0,0.0,-6.5479,0.0,0.0,0.0,0.0,-2.0223,1.0,1.0,1.0,-6.9978,0.0,0.0,0.1143,0.0,0.0,9.0,3.0,41.5,14.0,28.0
2019_11_HOU_BAL,2019,11,BAL,HOU,2.5171,52.7524,66.0311,66.4691,132.5002,1.0,-0.84,2.7445,0.0,0.0,0.0,0.0,4.7697,0.0,0.0,0.0,0.0,1.0,0.0,1.2549,0.0,0.0,1.0,4.0,51.0,34.0,48.0
2019_11_ATL_CAR,2019,11,CAR,ATL,3.3341,49.4548,66.5282,68.7677,135.2959,1.0,0.0,3.0108,0.0,0.0,0.0,0.0,1.9587,1.0,0.0,0.0,3.3341,0.0,0.0,0.2261,0.0,1.0,0.0,3.5,49.0,-26.0,32.0
2019_11_DAL_DET,2019,11,DET,DAL,-5.5499,52.4622,67.408,69.6418,137.0498,1.0,0.0,-4.5368,-3.9499,0.0,-3.9499,-3.9499,-0.6949,0.0,0.0,0.0,-0.0,1.0,0.0,1.0133,1.0,0.0,0.0,-7.5,46.5,-8.0,62.0
2019_11_JAX_IND,2019,11,IND,JAX,2.7488,40.0662,66.8726,65.3883,132.2609,1.0,-0.84,3.7376,0.0,0.8995,-0.8995,0.8995,-3.3938,1.0,0.0,0.0,2.7488,0.0,0.0,0.7002,1.0,0.0,0.0,2.5,41.5,20.0,46.0
2019_11_BUF_MIA,2019,11,MIA,BUF,-5.1191,42.6553,61.5097,65.3004,126.8101,1.0,0.0,-4.7828,0.0,0.0,0.0,0.0,-2.2951,1.0,0.0,0.0,-5.1191,0.0,0.0,1.1648,0.0,3.0,0.0,-7.0,41.5,-17.0,57.0
2019_11_DEN_MIN,2019,11,MIN,DEN,5.5218,46.1825,65.799,62.8176,128.6166,1.0,-0.84,7.2566,0.0,-0.2928,0.2928,-0.2928,2.1585,0.0,0.0,0.0,0.0,1.0,0.0,0.6999,1.0,0.0,0.0,10.0,40.5,4.0,50.0
2019_11_NO_TB,2019,11,TB,NO,-4.1219,45.1355,68.4096,67.2861,135.6957,1.0,0.0,-8.4331,0.0,0.0,0.0,0.0,-3.1276,1.0,0.0,0.0,-4.1219,1.0,0.0,0.4779,0.0,0.0,0.0,-5.0,50.5,-17.0,51.0
2019_11_NYJ_WAS,2019,11,WAS,NYJ,1.4995,40.3367,61.116,63.4862,124.6023,1.0,0.84,0.4196,-4.1263,0.0,-4.1263,-4.1263,1.1372,0.0,0.0,0.0,0.0,0.0,0.0,0.1981,0.0,0.0,2.0,1.0,37.5,-17.0,51.0
2019_11_ARI_SF,2019,11,SF,ARI,12.1414,43.9992,71.7552,59.48,131.2352,1.0,-0.12,9.1663,0.0,0.0,0.0,0.0,-0.9759,1.0,0.0,0.0,12.1414,-1.0,0.0,0.608,0.0,0.0,0.0,10.0,44.0,10.0,62.0
2019_11_CIN_OAK,2019,11,OAK,CIN,9.8853,48.4402,64.5617,66.8976,131.4593,1.0,0.36,5.689,6.4998,-3.9135,10.4133,2.5863,0.936,0.0,0.0,0.0,0.0,-3.0,0.0,2.0274,0.0,3.0,0.0,13.0,48.0,7.0,27.0
2019_11_NE_PHI,2019,11,PHI,NE,-7.6984,41.2447,64.2881,67.3055,131.5936,1.0,0.0,-4.6257,0.0,0.0,0.0,0.0,-0.6089,0.0,0.0,0.0,-0.0,0.0,0.0,0.2536,0.0,3.0,3.0,-4.5,45.0,-7.0,27.0
2019_11_CHI_LA,2019,11,LA,CHI,0.921,37.7671,70.4893,64.5371,135.0265,1.0,0.0,1.453,0.0,0.0,0.0,0.0,1.2351,0.0,1.0,1.0,0.0,-2.0,0.0,1.7509,0.0,0.0,0.0,5.0,40.0,10.0,24.0
2019_11_KC_LAC,2019,11,LAC,KC,-6.4142,53.9814,67.0979,61.2827,128.3806,0.0,0.36,-2.8716,0.0,0.0,0.0,0.0,-1.8822,1.0,1.0,0.0,-6.4142,0.0,0.0,0.0,0.0,0.0,0.0,-5.5,52.5,-7.0,41.0
2019_12_IND_HOU,2019,12,HOU,IND,0.3486,47.8922,65.1693,67.0092,132.1785,1.0,0.0,-0.3802,0.0,0.0,0.0,0.0,-1.3859,1.0,1.0,1.0,0.3486,-1.0,0.0,0.8709,1.0,0.0,0.0,3.5,46.0,3.0,37.0
2019_12_TB_ATL,2019,12,ATL,TB,0.2143,51.5648,67.7943,70.8218,138.6161,1.0,0.0,3.1296,0.0,0.0,0.0,0.0,0.0034,1.0,0.0,0.0,0.2143,0.0,0.0,0.4149,1.0,0.0,0.0,3.5,51.5,-13.0,57.0
2019_12_DEN_BUF,2019,12,BUF,DEN,0.0474,43.343,64.7106,63.7524,128.463,1.0,0.0,2.6837,0.0,-0.8335,0.8335,-0.8335,1.6424,0.0,0.0,0.0,0.0,2.0,1.0,1.3729,0.0,7.0,5.0,3.5,37.0,17.0,23.0
2019_12_NYG_CHI,2019,12,CHI,NYG,7.4283,40.3353,64.2737,67.3457,131.6193,1.0,-0.84,8.081,0.0,0.0,0.0,0.0,2.112,0.0,0.0,0.0,0.0,-1.0,0.0,0.7056,0.0,2.0,0.0,6.0,41.0,5.0,33.0
2019_12_PIT_CIN,2019,12,CIN,PIT,-11.8025,38.8747,68.3918,63.5441,131.9359,1.0,-0.36,-10.3338,-5.5343,0.0,-5.5343,-5.5343,-3.4594,1.0,0.0,0.0,-11.8025,0.0,0.0,0.2566,0.0,0.0,0.0,-5.5,37.5,-6.0,26.0
2019_12_MIA_CLE,2019,12,CLE,MIA,8.3084,44.7388,66.4656,64.3013,130.7669,1.0,0.36,4.8607,0.0,0.0,0.0,0.0,7.3068,0.0,0.0,0.0,0.0,0.0,0.0,1.0776,0.0,4.0,6.0,11.0,45.5,17.0,65.0
2019_12_CAR_NO,2019,12,NO,CAR,6.7718,41.1648,66.8844,65.4996,132.3841,1.0,0.0,6.7683,0.0,0.0,0.0,0.0,2.5225,1.0,0.0,0.0,6.7718,-1.0,0.0,0.6487,1.0,0.0,0.0,10.0,46.0,3.0,65.0
2019_12_OAK_NYJ,2019,12,NYJ,OAK,-5.889,42.9571,62.7046,68.3967,131.1013,1.0,0.0,-4.0375,0.0,6.839,-6.839,6.839,-2.2032,0.0,0.0,0.0,-0.0,3.0,1.0,2.5503,0.0,2.0,2.0,-3.5,45.0,31.0,37.0
2019_12_SEA_PHI,2019,12,PHI,SEA,-1.7088,47.4037,68.7366,65.9314,134.668,1.0,-0.72,-1.6852,0.0,0.0,0.0,0.0,3.8472,0.0,0.0,0.0,-0.0,3.0,1.0,2.375,0.0,7.0,5.0,-1.0,45.5,-8.0,26.0
2019_12_DET_WAS,2019,12,WAS,DET,-5.3214,46.6651,60.2965,68.2766,128.5731,1.0,0.0,-5.3156,-4.8112,-3.3346,-1.4766,-8.1458,-1.5424,0.0,0.0,0.0,-0.0,0.0,0.0,0.4015,0.0,7.0,0.0,-4.0,39.0,3.0,35.0
2019_12_JAX_TEN,2019,12,TEN,JAX,3.1472,41.9434,61.2937,68.5343,129.828,1.0,0.84,2.6026,-1.1026,0.3744,-1.4771,-0.7282,-7.2673,1.0,0.0,0.0,3.1472,-1.0,0.0,0.5008,0.0,0.0,0.0,4.5,42.0,22.0,62.0
2019_12_DAL_NE,2019,12,NE,DAL,5.4182,43.9298,69.5493,65.4704,135.0198,1.0,0.0,4.9796,0.0,0.0,0.0,0.0,2.2913,0.0,0.0,0.0,0.0,1.0,0.0,1.5496,0.0,6.0,7.0,5.5,44.5,4.0,22.0
2019_12_GB_SF,2019,12,SF,GB,2.1527,45.9811,68.4198,60.3313,128.751,1.0,-0.84,1.1852,0.0,0.0,0.0,0.0,0.7293,0.0,1.0,1.0,0.0,-2.0,0.0,1.8218,0.0,0.0,0.0,3.0,48.0,29.0,45.0
2019_12_BAL_LA,2019,12,LA,BAL,-6.6973,46.2858,64.6281,68.6568,133.2849,1.0,0.0,-2.6988,0.0,0.0,0.0,0.0,-3.7058,0.0,1.0,1.0,-0.0,-3.0,0.0,2.322,0.0,0.0,0.0,-3.5,47.0,-39.0,51.0
2019_13_CHI_DET,2019,13,DET,CHI,-3.7281,41.2751,67.734,65.5454,133.2794,1.0,0.0,-4.6671,-6.8277,0.0,-6.8277,-6.8277,-2.2229,1.0,0.0,0.0,-3.7281,1.0,0.0,0.2366,1.0,0.0,0.0,-5.5,37.5,-4.0,44.0
2019_13_BUF_DAL,2019,13,DAL,BUF,1.11,48.5813,64.81,65.544,130.354,1.0,0.0,2.1836,0.0,0.0,0.0,0.0,-0.2163,0.0,0.0,0.0,0.0,-1.0,0.0,1.2123,1.0,0.0,0.0,6.5,46.5,-11.0,41.0
2019_13_NO_ATL,2019,13,ATL,NO,-5.9346,50.0513,67.4603,65.7893,133.2496,1.0,0.0,-8.0355,0.0,0.0,0.0,0.0,-5.8263,1.0,1.0,1.0,-5.9346,1.0,0.0,0.4244,1.0,0.0,0.0,-7.0,48.0,-8.0,44.0
2019_13_SF_BAL,2019,13,BAL,SF,2.4091,44.4888,64.7588,63.799,128.5578,1.0,-0.12,3.1481,0.0,0.0,0.0,0.0,2.9827,0.0,0.0,0.0,0.0,3.0,1.0,2.4352,0.0,3.0,5.0,5.5,45.0,3.0,37.0
2019_13_WAS_CAR,2019,13,CAR,WAS,6.5773,40.8773,69.9348,59.3755,129.3103,1.0,0.0,6.3122,0.0,0.0,0.0,0.0,0.9999,0.0,0.0,0.0,0.0,0.0,0.0,0.3362,0.0,6.0,0.0,10.5,38.5,-8.0,50.0
2019_13_NYJ_CIN,2019,13,CIN,NYJ,-6.0453,43.0404,66.9955,61.946,128.9415,1.0,0.0,-4.3454,0.0,0.0,0.0,0.0,0.4196,0.0,0.0,0.0,-0.0,0.0,0.0,0.5653,0.0,5.0,0.0,-2.5,43.0,16.0,28.0
2019_13_TEN_IND,2019,13,IND,TEN,-0.011,44.4505,70.8569,59.0392,129.8961,1.0,0.36,1.2456,0.0,0.0,0.0,0.0,1.7687,1.0,0.0,0.0,-0.011,1.0,0.0,0.2505,1.0,0.0,0.0,-1.0,41.5,-14.0,48.0
2019_13_TB_JAX,2019,13,JAX,TB,-5.374,45.607,70.592,66.5039,137.0959,1.0,0.0,-1.3469,0.3193,0.0,0.3193,0.3193,3.2613,0.0,0.0,0.0,-0.0,0.0,0.0,0.1704,0.0,5.0,0.0,-3.0,46.5,-17.0,39.0
2019_13_PHI_MIA,2019,13,MIA,PHI,-9.4287,45.3301,61.8174,69.8808,131.6983,1.0,0.0,-8.6307,0.0,0.0,0.0,0.0,-4.8498,0.0,0.0,0.0,-0.0,0.0,0.0,1.0068,0.0,5.0,0.0,-10.5,45.0,6.0,68.0
2019_13_GB_NYG,2019,13,NYG,GB,-9.8168,49.3912,63.9755,65.6667,129.6423,1.0,0.0,-8.836,0.0,0.0,0.0,0.0,-2.7083,0.0,0.0,0.0,-0.0,1.0,0.0,0.7539,0.0,0.0,13.0,-6.5,43.5,-18.0,44.0
2019_13_CLE_PIT,2019,13,PIT,CLE,-0.1009,37.303,65.2991,67.7057,133.0049,1.0,0.0,3.5,1.8252,0.0,1.8252,1.8252,-0.2458,1.0,0.0,0.0,-0.1009,0.0,0.0,0.1143,0.0,0.0,0.0,-1.0,40.0,7.0,33.0
2019_13_LA_ARI,2019,13,ARI,LA,-4.2388,50.3892,66.7691,68.4316,135.2006,1.0,0.96,-8.5876,0.0,0.0,0.0,0.0,0.5159,1.0,0.0,0.0,-4.2388,1.0,0.0,0.3503,1.0,0.0,0.0,-2.5,47.0,-27.0,41.0
2019_13_LAC_DEN,2019,13,DEN,LAC,0.6734,43.9934,60.4709,65.7426,126.2134,1.0,-0.72,-3.924,-3.502,0.0,-3.502,-3.502,-0.8183,1.0,0.0,0.0,0.6734,1.0,0.0,0.8369,0.0,0.0,12.0,-4.5,39.0,3.0,43.0
2019_13_OAK_KC,2019,13,KC,OAK,4.8971,51.9999,65.2075,68.6699,133.8774,1.0,0.72,7.9079,0.0,6.556,-6.556,6.556,1.175,1.0,0.0,0.0,4.8971,2.0,0.0,1.4978,0.0,10.0,9.0,11.5,49.5,31.0,49.0
2019_13_NE_HOU,2019,13,HOU,NE,-6.9026,42.3191,63.7605,69.2699,133.0304,1.0,0.36,-5.989,0.0,0.0,0.0,0.0,-4.9003,0.0,1.0,1.0,-0.0,-1.0,0.0,1.5919,1.0,0.0,0.0,-3.5,47.0,6.0,50.0
2019_13_MIN_SEA,2019,13,SEA,MIN,1.077,50.085,67.3439,66.9297,134.2736,1.0,-0.84,-0.1444,0.0,0.0,0.0,0.0,-4.3729,0.0,1.0,1.0,0.0,-2.0,0.0,1.3918,0.0,0.0,0.0,2.5,48.0,7.0,67.0
2019_14_DAL_CHI,2019,14,CHI,DAL,-1.8175,43.3419,64.3109,69.3492,133.6601,1.0,0.0,0.1405,0.0,0.0,0.0,0.0,-0.6797,0.0,1.0,1.0,-0.0,0.0,0.0,0.8162,0.0,0.0,1.0,-3.0,43.0,7.0,55.0
2019_14_CAR_ATL,2019,14,ATL,CAR,-0.9536,47.7355,70.4435,66.6516,137.0952,1.0,0.36,-0.043,0.0,0.0,0.0,0.0,-4.3449,1.0,0.0,0.0,-0.9536,0.0,0.0,0.2261,1.0,0.0,0.0,3.5,48.0,20.0,60.0
2019_14_BAL_BUF,2019,14,BUF,BAL,-6.5252,50.7104,62.3865,65.0954,127.4819,1.0,0.36,-6.4682,0.0,0.0,0.0,0.0,-2.5878,0.0,0.0,0.0,-0.0,0.0,0.0,0.2666,0.0,8.0,2.0,-6.5,44.0,-7.0,41.0
2019_14_CIN_CLE,2019,14,CLE,CIN,8.6041,46.3549,66.3238,64.2216,130.5454,1.0,0.0,5.6379,0.0,0.0,0.0,0.0,2.7175,1.0,0.0,0.0,8.6041,0.0,0.0,0.2231,0.0,6.0,0.0,6.5,43.0,8.0,46.0
2019_14_WAS_GB,2019,14,GB,WAS,10.0259,45.8656,67.7147,57.6623,125.377,1.0,0.0,8.2282,0.0,0.0,0.0,0.0,2.5225,0.0,0.0,0.0,0.0,-1.0,0.0,0.694,0.0,0.0,8.0,13.0,42.5,5.0,35.0
2019_14_DEN_HOU,2019,14,HOU,DEN,5.096,46.6391,64.677,64.3946,129.0715,1.0,0.0,6.4119,0.0,-0.7734,0.7734,-0.7734,-1.3158,0.0,0.0,0.0,0.0,1.0,0.0,0.8826,1.0,0.0,0.0,8.0,42.5,-14.0,62.0
2019_14_DET_MIN,2019,14,MIN,DET,5.7314,53.1494,64.955,68.9951,133.9501,1.0,-0.48,8.1013,0.0,-3.0589,3.0589,-3.0589,2.0248,1.0,0.0,0.0,5.7314,-1.0,0.0,0.5415,1.0,0.0,0.0,12.0,43.5,13.0,27.0
2019_14_SF_NO,2019,14,NO,SF,-4.8103,39.9489,61.9762,67.0516,129.0278,1.0,0.36,2.1827,0.0,0.0,0.0,0.0,3.1853,0.0,0.0,0.0,-0.0,2.0,0.0,1.8945,1.0,0.0,0.0,1.0,45.0,-2.0,94.0
2019_14_MIA_NYJ,2019,14,NYJ,MIA,1.0229,46.2123,64.9354,65.3324,130.2677,1.0,0.0,0.5935,0.0,0.0,0.0,0.0,2.4435,1.0,0.0,0.0,1.0229,0.0,0.0,1.0856,0.0,0.0,4.0,5.0,47.0,1.0,43.0
2019_14_IND_TB,2019,14,TB,IND,0.4292,43.409,66.0884,70.06,136.1484,1.0,0.0,-1.7576,0.0,0.0,0.0,0.0,1.443,0.0,0.0,0.0,0.0,0.0,0.0,0.8407,0.0,0.0,0.0,3.0,46.5,3.0,73.0
2019_14_LAC_JAX,2019,14,JAX,LAC,-4.5511,44.3595,63.7362,63.7271,127.4632,1.0,0.0,-4.5519,0.0,0.0,0.0,0.0,3.8758,0.0,0.0,0.0,-0.0,3.0,0.0,2.1506,0.0,0.0,0.0,-3.5,42.0,-35.0,55.0
2019_14_PIT_ARI,2019,14,ARI,PIT,-7.7209,43.0196,65.1134,68.1885,133.3019,1.0,0.0,-9.5064,0.0,2.6866,-2.6866,2.6866,-1.8978,0.0,0.0,0.0,-0.0,-2.0,0.0,1.8317,1.0,0.0,0.0,-2.5,43.5,-6.0,40.0
2019_14_KC_NE,2019,14,NE,KC,1.3639,43.0011,73.0464,61.7418,134.7883,1.0,0.0,2.5085,0.0,0.0,0.0,0.0,0.6671,0.0,0.0,0.0,0.0,1.0,0.0,1.2328,0.0,0.0,13.0,3.0,49.5,-7.0,39.0
2019_14_TEN_OAK,2019,14,OAK,TEN,-0.4995,44.9583,69.1007,60.8596,129.9603,1.0,0.0,-5.8086,6.3273,0.0,6.3273,6.3273,2.4232,0.0,0.0,0.0,-0.0,-2.0,0.0,1.9476,0.0,0.0,0.0,-3.0,47.0,-21.0,63.0
2019_14_SEA_LA,2019,14,LA,SEA,-2.7127,44.0397,66.3841,70.1199,136.5041,1.0,0.12,-2.3001,0.0,0.0,0.0,0.0,4.0929,1.0,1.0,1.0,-2.7127,0.0,0.0,0.9651,0.0,0.0,0.0,1.0,47.5,16.0,40.0
2019_14_NYG_PHI,2019,14,PHI,NYG,6.6478,47.614,68.4434,64.2618,132.7051,1.0,0.0,8.2105,0.0,2.7982,-2.7982,2.7982,4.525,1.0,1.0,1.0,6.6478,0.0,0.0,0.0854,0.0,1.0,0.0,9.5,45.5,6.0,40.0
2019_15_NYJ_BAL,2019,15,BAL,NYJ,15.2932,46.7409,67.3318,61.5078,128.8397,1.0,0.0,14.213,0.0,0.0,0.0,0.0,4.1011,0.0,1.0,1.0,0.0,0.0,0.0,0.1715,0.0,0.0,12.0,17.0,44.0,21.0,63.0
2019_15_SEA_CAR,2019,15,CAR,SEA,-8.5736,43.912,68.6389,68.1461,136.785,1.0,0.0,-7.7007,0.0,0.0,0.0,0.0,3.8335,0.0,0.0,0.0,-0.0,3.0,1.0,2.2805,0.0,0.0,0.0,-6.0,48.5,-6.0,54.0
2019_15_NE_CIN,2019,15,CIN,NE,-12.8115,38.1171,63.2775,68.9662,132.2437,1.0,0.0,-14.2281,0.0,0.0,0.0,0.0,-1.2985,0.0,0.0,0.0,-0.0,0.0,0.0,0.7246,0.0,0.0,9.0,-10.5,42.0,-21.0,47.0
2019_15_TB_DET,2019,15,DET,TB,-6.8606,47.7118,70.1218,70.4706,140.5924,1.0,0.0,-3.6674,-4.0223,0.0,-4.0223,-4.0223,-2.4672,0.0,0.0,0.0,-0.0,0.0,0.0,0.993,1.0,0.0,0.0,-5.5,46.0,-21.0,55.0
2019_15_CHI_GB,2019,15,GB,CHI,2.8106,44.4429,65.8557,63.2297,129.0854,1.0,-0.36,-0.1398,0.0,0.0,0.0,0.0,0.0586,1.0,0.0,0.0,2.8106,0.0,0.0,0.1837,0.0,0.0,34.0,4.0,40.0,8.0,34.0
2019_15_DEN_KC,2019,15,KC,DEN,5.8288,47.1204,66.3843,64.2677,130.652,1.0,0.0,7.4701,0.0,2.0436,-2.0436,2.0436,1.9617,1.0,0.0,0.0,5.8288,1.0,0.0,0.5643,0.0,0.0,21.0,10.0,43.0,20.0,26.0
2019_15_MIA_NYG,2019,15,NYG,MIA,-1.411,48.6168,66.0921,67.0397,133.1318,1.0,-0.12,-1.7405,2.718,0.0,2.718,2.718,2.725,0.0,0.0,0.0,-0.0,0.0,0.0,1.0856,0.0,9.0,0.0,3.5,47.0,16.0,56.0
2019_15_HOU_TEN,2019,15,TEN,HOU,0.9212,50.2774,61.3675,68.519,129.8866,1.0,0.0,0.772,0.0,0.0,0.0,0.0,-2.0806,1.0,0.0,0.0,0.9212,0.0,0.0,0.6715,0.0,0.0,0.0,3.0,50.0,-3.0,45.0
2019_15_PHI_WAS,2019,15,WAS,PHI,-5.262,41.7329,56.9631,71.7082,128.6713,1.0,0.12,-6.9936,0.0,0.0,0.0,0.0,-2.3688,1.0,0.0,0.0,-5.262,0.0,0.0,0.1136,0.0,3.0,0.0,-7.0,38.0,-10.0,64.0
2019_15_CLE_ARI,2019,15,ARI,CLE,-6.4912,51.0549,63.2832,68.3856,131.6688,1.0,0.0,-5.7568,0.0,0.0,0.0,0.0,-1.8261,0.0,0.0,0.0,-0.0,-2.0,0.0,1.7527,1.0,0.0,0.0,-3.0,49.0,14.0,62.0
2019_15_MIN_LAC,2019,15,LAC,MIN,-2.076,50.4141,66.195,61.7695,127.9645,1.0,0.0,-3.7944,0.0,0.0,0.0,0.0,-3.0919,0.0,0.0,0.0,-0.0,-2.0,0.0,1.5302,0.0,4.0,0.0,-1.0,45.0,-29.0,49.0
2019_15_JAX_OAK,2019,15,OAK,JAX,7.948,45.0862,63.5747,67.6756,131.2503,1.0,0.0,1.1839,6.2079,0.0,6.2079,6.2079,-3.2152,0.0,0.0,0.0,0.0,-3.0,0.0,2.3595,0.0,0.0,0.0,7.0,47.0,-4.0,36.0
2019_15_LA_DAL,2019,15,DAL,LA,-3.7572,49.0654,70.6711,66.1083,136.7794,1.0,0.36,-3.5169,0.0,0.0,0.0,0.0,-1.5493,0.0,0.0,0.0,-0.0,2.0,0.0,1.2269,1.0,0.0,0.0,-1.0,48.5,23.0,65.0
2019_15_ATL_SF,2019,15,SF,ATL,10.6395,46.1525,64.6247,68.1576,132.7823,1.0,0.0,6.2524,0.0,0.0,0.0,0.0,3.8277,0.0,0.0,0.0,0.0,-3.0,0.0,2.1123,0.0,0.0,0.0,10.5,50.0,-7.0,51.0
2019_15_BUF_PIT,2019,15,PIT,BUF,0.4914,35.47,61.6546,66.798,128.4526,1.0,0.0,1.8585,3.4834,0.0,3.4834,3.4834,2.0271,0.0,1.0,1.0,0.0,0.0,0.0,0.1729,0.0,0.0,14.0,1.0,37.0,-7.0,27.0
2019_15_IND_NO,2019,15,NO,IND,2.0198,45.384,62.8634,67.9837,130.8472,1.0,0.0,6.0646,0.0,0.0,0.0,0.0,5.6826,0.0,1.0,1.0,0.0,-1.0,0.0,0.713,1.0,0.0,0.0,8.0,48.5,27.0,41.0
2019_16_HOU_TB,2019,16,TB,HOU,3.3554,48.9163,70.3026,67.1656,137.4682,1.0,0.0,-2.1374,0.0,0.0,0.0,0.0,-0.1011,0.0,0.0,0.0,0.0,1.0,0.0,0.7898,0.0,1.0,0.0,-3.0,50.0,-3.0,43.0
2019_16_BUF_NE,2019,16,NE,BUF,2.0501,33.4394,67.0371,64.0332,131.0703,1.0,0.0,4.4652,0.0,0.0,0.0,0.0,-0.0885,1.0,0.0,0.0,2.0501,0.0,0.0,0.3864,0.0,0.0,12.0,7.0,39.5,7.0,41.0
2019_16_LA_SF,2019,16,SF,LA,4.9991,43.4543,67.5331,65.2514,132.7845,1.0,0.0,0.8335,0.0,0.0,0.0,0.0,-1.0542,1.0,1.0,1.0,4.9991,0.0,0.0,0.3135,0.0,2.0,0.0,7.0,45.5,3.0,65.0
2019_16_JAX_ATL,2019,16,ATL,JAX,7.9588,48.284,68.1197,65.8469,133.9666,1.0,0.0,5.0921,0.0,0.0,0.0,0.0,-6.8714,0.0,0.0,0.0,0.0,0.0,0.0,0.2871,1.0,0.0,0.0,7.5,48.0,12.0,36.0
2019_16_BAL_CLE,2019,16,CLE,BAL,-11.836,51.3664,62.6745,64.6215,127.296,1.0,-0.36,-11.6286,0.0,0.0,0.0,0.0,-1.4062,1.0,0.0,0.0,-11.836,0.0,0.0,0.3083,0.0,0.0,0.0,-9.5,48.5,-16.0,46.0
2019_16_CAR_IND,2019,16,IND,CAR,4.2728,43.4,66.5274,66.6234,133.1508,1.0,-0.12,3.2036,0.0,-3.4397,3.4397,-3.4397,-3.9938,0.0,0.0,0.0,0.0,0.0,0.0,0.4276,1.0,0.0,0.0,7.5,46.0,32.0,44.0
2019_16_CIN_MIA,2019,16,MIA,CIN,0.1266,46.9495,64.3032,67.1329,131.4361,1.0,0.0,0.48,0.0,0.0,0.0,0.0,-6.5887,0.0,0.0,0.0,0.0,0.0,0.0,0.941,0.0,5.0,0.0,-1.5,46.0,3.0,73.0
2019_16_PIT_NYJ,2019,16,NYJ,PIT,-8.4975,35.625,63.8514,64.1012,127.9526,1.0,0.36,-7.7574,0.0,1.8696,-1.8696,1.8696,-2.9797,0.0,0.0,0.0,-0.0,0.0,0.0,0.3125,0.0,0.0,0.0,-3.0,36.5,6.0,26.0
2019_16_NO_TEN,2019,16,TEN,NO,-3.5188,49.591,61.6261,66.8612,128.4873,1.0,0.12,-4.6371,0.0,0.0,0.0,0.0,-7.0414,0.0,0.0,0.0,-0.0,0.0,0.0,0.4702,0.0,0.0,0.0,-3.5,49.0,-10.0,66.0
2019_16_NYG_WAS,2019,16,WAS,NYG,-1.3258,42.0679,61.0015,67.2096,128.2111,1.0,0.0,0.0533,0.0,0.0,0.0,0.0,0.5252,1.0,0.0,0.0,-1.3258,0.0,0.0,0.1981,0.0,0.0,1.0,-1.0,42.0,-6.0,76.0
2019_16_DET_DEN,2019,16,DEN,DET,5.1616,44.962,63.6069,68.1712,131.7781,1.0,0.0,3.3684,0.6394,-5.8738,6.5132,-5.2343,0.0889,0.0,0.0,0.0,0.0,-2.0,0.0,1.1558,0.0,0.0,0.0,9.5,40.0,10.0,44.0
2019_16_OAK_LAC,2019,16,LAC,OAK,-1.3404,45.6478,64.6011,62.3822,126.9832,1.0,0.0,5.1892,0.0,6.2635,-6.2635,6.2635,-2.351,1.0,0.0,0.0,-1.3404,0.0,0.0,0.34,0.0,0.0,0.0,7.5,45.0,-7.0,41.0
2019_16_DAL_PHI,2019,16,PHI,DAL,-3.3589,53.4866,71.0381,64.9033,135.9414,1.0,0.0,-1.1551,0.0,0.0,0.0,0.0,-0.0316,1.0,0.0,0.0,-3.3589,1.0,0.0,1.3126,0.0,0.0,0.0,-2.0,47.0,8.0,26.0
2019_16_ARI_SEA,2019,16,SEA,ARI,8.9954,51.845,70.5226,64.1642,134.6868,1.0,0.0,10.469,0.0,0.0,0.0,0.0,-4.2843,1.0,0.0,0.0,8.9954,-1.0,0.0,1.1043,0.0,0.0,2.0,8.0,51.0,-14.0,40.0
2019_16_KC_CHI,2019,16,CHI,KC,-7.9326,44.4606,67.5234,66.7154,134.2388,1.0,0.0,-4.7923,0.0,0.0,0.0,0.0,-0.6504,0.0,1.0,1.0,-0.0,0.0,0.0,0.4099,0.0,0.0,0.0,-6.5,45.5,-23.0,29.0
2019_16_GB_MIN,2019,16,MIN,GB,0.4929,49.2406,64.6926,64.9396,129.6322,1.0,0.0,2.6088,0.0,0.0,0.0,0.0,0.6806,1.0,1.0,1.0,0.4929,0.0,0.0,0.257,1.0,0.0,0.0,4.0,47.0,-13.0,33.0
2019_17_NYJ_BUF,2019,17,BUF,NYJ,8.4576,40.2577,65.9794,61.5949,127.5742,1.0,0.0,6.4011,-0.3451,0.0,-0.3451,-0.3451,1.369,1.0,0.0,0.0,8.4576,0.0,0.0,0.2779,0.0,0.0,2.0,-1.5,37.0,-7.0,19.0
2019_17_NO_CAR,2019,17,CAR,NO,-9.9168,47.7501,68.4915,65.0426,133.5341,1.0,0.0,-12.1031,-1.6193,0.0,-1.6193,-1.6193,-2.697,1.0,0.0,0.0,-9.9168,1.0,0.0,0.6487,0.0,0.0,0.0,-13.5,45.0,-32.0,52.0
2019_17_CLE_CIN,2019,17,CIN,CLE,-7.7862,47.474,66.9567,65.4602,132.4169,1.0,0.0,-5.5251,0.0,0.0,0.0,0.0,0.1415,1.0,0.0,0.0,-7.7862,0.0,0.0,0.2231,0.0,0.0,0.0,-2.5,44.0,10.0,56.0
2019_17_GB_DET,2019,17,DET,GB,-11.5646,46.7509,65.0241,66.1276,131.1517,1.0,0.12,-10.2964,-6.0765,0.0,-6.0765,-6.0765,-3.2442,1.0,0.0,0.0,-11.5646,1.0,0.0,0.2927,1.0,0.0,0.0,-13.5,44.0,-3.0,43.0
2019_17_LAC_KC,2019,17,KC,LAC,9.8365,50.9658,62.596,64.7344,127.3304,1.0,0.0,8.8804,0.0,0.0,0.0,0.0,3.9676,1.0,0.0,0.0,9.8365,2.0,0.0,1.3666,0.0,6.0,5.0,10.0,46.0,10.0,52.0
2019_17_CHI_MIN,2019,17,MIN,CHI,5.3289,37.6905,64.6563,67.7223,132.3786,1.0,-0.12,3.6634,-3.2902,0.0,-3.2902,-3.2902,0.648,1.0,0.0,0.0,5.3289,0.0,0.0,0.3553,1.0,0.0,0.0,-5.5,36.5,-2.0,40.0
2019_17_MIA_NE,2019,17,NE,MIA,12.0182,42.242,72.7547,64.3674,137.1221,1.0,0.0,14.3499,0.0,0.0,0.0,0.0,7.3925,1.0,0.0,0.0,12.0182,0.0,0.0,1.2258,0.0,0.0,2.0,17.5,46.0,-3.0,51.0
2019_17_ATL_TB,2019,17,TB,ATL,3.9148,45.6706,68.5914,70.9334,139.5248,1.0,0.0,-0.5155,0.0,0.0,0.0,0.0,4.8743,1.0,0.0,0.0,3.9148,0.0,0.0,0.4149,0.0,2.0,0.0,1.0,48.0,-6.0,50.0
2019_17_PIT_BAL,2019,17,BAL,PIT,9.9323,40.4544,65.6528,60.4864,126.1392,1.0,0.0,8.2651,-6.8662,0.7127,-7.5789,-6.1536,0.9743,1.0,0.0,0.0,9.9323,0.0,0.0,0.1972,0.0,0.0,0.0,-2.0,35.0,18.0,38.0
2019_17_WAS_DAL,2019,17,DAL,WAS,10.2074,52.0878,70.5772,60.8026,131.3799,1.0,0.0,9.2959,0.0,3.9064,-3.9064,3.9064,1.8047,1.0,0.0,0.0,10.2074,-1.0,0.0,1.2074,1.0,0.0,0.0,13.0,47.5,31.0,63.0
2019_17_OAK_DEN,2019,17,DEN,OAK,-0.526,44.8489,63.0256,64.8709,127.8965,1.0,0.0,3.0603,0.0,6.7411,-6.7411,6.7411,-0.4304,1.0,0.0,0.0,-0.526,1.0,0.0,0.9345,0.0,0.0,14.0,5.5,41.5,1.0,31.0
2019_17_TEN_HOU,2019,17,HOU,TEN,0.0965,48.8978,67.722,62.7098,130.4319,1.0,0.0,1.748,-5.8066,0.0,-5.8066,-5.8066,2.8844,1.0,0.0,0.0,0.0965,0.0,0.0,0.6715,1.0,0.0,0.0,-10.0,43.0,-21.0,49.0
2019_17_IND_JAX,2019,17,JAX,IND,-9.4148,43.9788,65.0285,65.1156,130.1441,1.0,0.0,-6.0427,0.0,0.0,0.0,0.0,5.0491,1.0,0.0,0.0,-9.4148,0.0,0.0,0.7002,0.0,0.0,0.0,-5.0,41.5,18.0,58.0
2019_17_ARI_LA,2019,17,LA,ARI,5.0541,50.718,69.0191,64.8594,133.8785,1.0,0.0,6.6227,0.0,0.0,0.0,0.0,1.3648,1.0,0.0,0.0,5.0541,-1.0,0.0,0.3503,0.0,0.0,0.0,7.0,46.0,7.0,55.0
2019_17_PHI_NYG,2019,17,NYG,PHI,-6.0154,50.1572,61.8568,73.0449,134.9017,1.0,0.0,-8.1781,0.0,0.0,0.0,0.0,-0.8323,1.0,0.0,0.0,-6.0154,0.0,0.0,0.0854,0.0,0.0,3.0,-4.0,44.0,-17.0,51.0
2019_17_SF_SEA,2019,17,SEA,SF,-3.8657,43.7782,65.5328,65.3279,130.8607,1.0,0.0,-1.1191,0.0,0.0,0.0,0.0,-3.7796,1.0,1.0,1.0,-3.8657,0.0,0.0,0.7045,0.0,0.0,0.0,-3.5,47.0,-5.0,47.0
2019_18_BUF_HOU,2019,18,HOU,BUF,-2.1157,44.1758,63.8167,65.5178,129.3344,1.0,0.0,0.9295,0.0,0.0,0.0,0.0,-0.7524,0.0,0.0,0.0,-0.0,-1.0,0.0,1.2902,1.0,0.0,0.0,2.5,43.0,3.0,41.0
2019_18_TEN_NE,2019,18,NE,TEN,1.3172,44.9431,70.7854,59.318,130.1035,1.0,0.0,3.5612,0.0,0.0,0.0,0.0,3.4454,0.0,1.0,1.0,0.0,1.0,0.0,0.9246,0.0,0.0,1.0,4.5,45.0,-7.0,33.0
2019_18_MIN_NO,2019,18,NO,MIN,3.3643,46.0778,67.0959,63.0762,130.1721,1.0,0.0,4.053,0.0,0.0,0.0,0.0,3.0308,0.0,0.0,0.0,0.0,0.0,0.0,1.0523,1.0,0.0,0.0,7.5,50.0,-6.0,46.0
2019_18_SEA_PHI,2019,18,PHI,SEA,-0.7791,46.8505,70.0563,64.6011,134.6574,1.0,0.0,0.1823,0.0,0.0,0.0,0.0,5.477,0.0,0.0,0.0,-0.0,3.0,0.0,2.375,0.0,7.0,4.0,1.0,44.0,-8.0,26.0
2019_19_MIN_SF,2019,19,SF,MIN,3.3759,43.8246,64.389,63.8379,128.2269,1.0,0.84,0.1622,0.0,0.0,0.0,0.0,-0.7513,0.0,0.0,0.0,0.0,-2.0,0.0,1.5721,0.0,1.0,0.0,7.0,44.5,17.0,37.0
2019_19_TEN_BAL,2019,19,BAL,TEN,7.1296,52.324,67.4583,57.5892,125.0475,1.0,0.72,5.9405,0.0,0.0,0.0,0.0,5.8457,0.0,1.0,1.0,0.0,1.0,0.0,0.5945,0.0,2.0,0.0,10.0,47.5,-16.0,40.0
2019_19_HOU_KC,2019,19,KC,HOU,7.4502,53.62,66.2122,66.6765,132.8887,1.0,0.72,5.6774,0.0,0.0,0.0,0.0,3.4698,0.0,0.0,0.0,0.0,0.0,0.0,0.6492,0.0,0.0,0.0,10.0,50.5,20.0,82.0
2019_19_SEA_GB,2019,19,GB,SEA,0.6462,45.6465,65.8874,64.7764,130.6638,1.0,0.84,1.2344,0.0,0.0,0.0,0.0,5.1239,0.0,0.0,0.0,0.0,2.0,0.0,1.6437,0.0,0.0,22.0,4.5,46.0,5.0,51.0
2019_20_TEN_KC,2019,20,KC,TEN,3.0053,55.3225,67.2017,62.9227,130.1244,1.0,-0.12,2.8812,0.0,0.0,0.0,0.0,6.3007,0.0,0.0,0.0,0.0,0.0,0.0,0.4666,0.0,0.0,0.0,7.5,51.0,11.0,59.0
2019_20_GB_SF,2019,20,SF,GB,3.4661,45.0434,61.8244,64.2186,126.043,1.0,0.12,0.8242,0.0,0.0,0.0,0.0,-0.5078,0.0,0.0,0.0,0.0,-2.0,0.0,1.8218,0.0,0.0,0.0,8.0,46.5,17.0,57.0
2019_21_SF_KC,2019,21,KC,SF,0.2707,53.5037,62.2106,64.3453,126.5559,0.0,0.0,2.0419,0.0,0.0,0.0,0.0,2.0298,0.0,0.0,0.0,0.0,0.0,0.0,0.0,0.0,0.0,0.0,1.5,52.5,11.0,51.0
2020_01_HOU_KC,2020,1,KC,HOU,8.2472,55.9489,65.7635,67.4106,133.1742,1.0,0.0,5.5512,0.0,0.0,0.0,0.0,2.6758,0.0,1.0,1.0,0.0,0.0,0.0,0.6492,0.0,0.0,0.0,9.5,53.5,14.0,54.0
2020_01_SEA_ATL,2020,1,ATL,SEA,-3.0492,49.6713,69.3676,64.5066,133.8742,1.0,0.0,-1.0628,0.0,0.0,0.0,0.0,0.42,0.0,0.0,0.0,-0.0,3.0,1.0,2.1774,1.0,0.0,0.0,1.0,49.5,-13.0,63.0
2020_01_CLE_BAL,2020,1,BAL,CLE,9.8882,50.3107,67.2664,60.2849,127.5513,1.0,0.0,8.2859,0.0,0.0,0.0,0.0,1.9986,1.0,0.0,0.0,9.8882,0.0,0.0,0.3083,0.0,0.0,0.0,7.0,47.0,32.0,44.0
2020_01_NYJ_BUF,2020,1,BUF,NYJ,5.4057,38.4506,67.026,62.0654,129.0914,1.0,0.0,2.4279,0.0,0.0,0.0,0.0,1.8707,1.0,0.0,0.0,5.4057,0.0,0.0,0.2779,0.0,5.0,0.0,6.5,39.5,10.0,44.0
2020_01_LV_CAR,2020,1,CAR,LV,-2.932,49.0809,66.9164,64.8617,131.7781,1.0,0.0,-0.3618,1.7613,0.0,1.7613,1.7613,1.0668,0.0,0.0,0.0,-0.0,3.0,1.0,1.9183,0.0,0.0,0.0,-3.0,48.0,-4.0,64.0
2020_01_CHI_DET,2020,1,DET,CHI,-4.0466,42.0515,66.0336,69.301,135.3346,1.0,0.0,-4.9492,0.0,0.0,0.0,0.0,-1.8588,1.0,0.0,0.0,-4.0466,1.0,0.0,0.2366,1.0,0.0,0.0,2.5,42.5,-4.0,50.0
2020_01_IND_JAX,2020,1,JAX,IND,-5.4255,44.4702,64.9279,64.5025,129.4304,1.0,0.0,-2.0713,0.0,1.7185,-1.7185,1.7185,4.9684,1.0,0.0,0.0,-5.4255,0.0,0.0,0.7002,0.0,0.0,0.0,-7.0,44.0,7.0,47.0
2020_01_GB_MIN,2020,1,MIN,GB,-0.7252,44.2621,61.1152,66.3405,127.4557,1.0,0.0,-0.2588,0.0,0.0,0.0,0.0,-0.7693,1.0,0.0,0.0,-0.7252,0.0,0.0,0.257,1.0,0.0,0.0,1.0,45.0,-9.0,77.0
2020_01_MIA_NE,2020,1,NE,MIA,9.9422,42.9644,70.5217,64.237,134.7588,1.0,0.0,7.7195,-2.2308,0.0,-2.2308,-2.2308,6.2212,1.0,0.0,0.0,9.9422,0.0,0.0,1.2258,0.0,0.0,0.0,7.5,41.5,10.0,32.0
2020_01_PHI_WAS,2020,1,WAS,PHI,-8.1745,45.5437,57.8833,72.8093,130.6926,1.0,0.0,-6.593,0.0,0.0,0.0,0.0,-2.108,1.0,0.0,0.0,-8.1745,0.0,0.0,0.1136,0.0,0.0,0.0,-5.5,41.5,10.0,44.0
2020_01_LAC_CIN,2020,1,CIN,LAC,-4.7498,46.5332,62.983,64.8137,127.7967,1.0,0.0,-3.7253,-3.3272,-2.6733,-0.6539,-6.0004,3.1366,0.0,0.0,0.0,-0.0,3.0,0.0,1.9001,0.0,0.0,0.0,-2.5,41.5,-3.0,29.0
2020_01_TB_NO,2020,1,NO,TB,1.7579,42.3018,67.3119,69.0048,136.3167,1.0,0.0,5.2056,0.0,-1.0563,1.0563,-1.0563,2.0188,1.0,0.0,0.0,1.7579,-1.0,0.0,0.4779,1.0,0.0,0.0,4.0,48.5,11.0,57.0
2020_01_ARI_SF,2020,1,SF,ARI,10.342,49.9975,66.2614,62.9451,129.2066,1.0,0.0,7.0227,0.0,0.0,0.0,0.0,-0.9936,1.0,0.0,0.0,10.342,-1.0,0.0,0.608,0.0,0.0,0.0,7.0,48.5,-4.0,44.0
2020_01_DAL_LA,2020,1,LA,DAL,-0.1781,47.6737,68.1091,69.6974,137.8065,1.0,0.0,0.6794,0.0,0.0,0.0,0.0,0.8745,0.0,1.0,1.0,-0.0,-2.0,0.0,1.2269,1.0,0.0,0.0,1.0,52.0,3.0,37.0
2020_01_PIT_NYG,2020,1,NYG,PIT,-6.1309,38.1299,66.6924,64.7066,131.399,1.0,0.0,-5.0093,0.0,-0.0304,0.0304,-0.0304,-3.5442,0.0,1.0,1.0,-0.0,0.0,0.0,0.3125,0.0,0.0,0.0,-6.0,44.0,-10.0,42.0
2020_01_TEN_DEN,2020,1,DEN,TEN,-3.6695,46.2899,65.8438,60.8971,126.7409,1.0,0.0,-3.9665,2.0817,0.0,2.0817,2.0817,2.3123,0.0,1.0,1.0,-0.0,-1.0,0.0,1.0225,0.0,0.0,0.0,-3.0,41.0,-2.0,30.0
2020_02_CIN_CLE,2020,2,CLE,CIN,3.7254,44.6295,65.6296,65.6738,131.3034,1.0,0.0,2.0931,0.0,-1.0596,1.0596,-1.0596,-0.4878,1.0,1.0,1.0,3.7254,0.0,0.0,0.2231,0.0,0.0,0.0,6.0,44.5,5.0,65.0
2020_02_NYG_CHI,2020,2,CHI,NYG,5.6369,43.6684,67.6049,67.0322,134.6371,1.0,0.12,6.5634,0.0,0.0,0.0,0.0,1.2185,0.0,0.0,0.0,0.0,-1.0,0.0,0.7056,0.0,2.0,0.0,4.5,42.5,4.0,30.0
2020_02_ATL_DAL,2020,2,DAL,ATL,3.9753,50.5979,66.3466,71.7249,138.0715,1.0,0.0,1.0678,0.0,0.0,0.0,0.0,2.3976,0.0,0.0,0.0,0.0,-1.0,0.0,0.7363,1.0,0.0,0.0,3.0,53.0,1.0,79.0
2020_02_DET_GB,2020,2,GB,DET,8.5823,48.6592,68.7289,63.5776,132.3066,1.0,0.0,8.3808,0.0,0.0,0.0,0.0,3.4615,1.0,0.0,0.0,8.5823,-1.0,0.0,0.2927,0.0,2.0,0.0,7.0,51.0,21.0,63.0
2020_02_MIN_IND,2020,2,IND,MIN,-2.7344,44.667,68.1614,59.1627,127.3241,1.0,0.0,-3.2066,2.2446,0.0,2.2446,2.2446,-1.3669,0.0,0.0,0.0,-0.0,1.0,0.0,0.5104,1.0,0.0,0.0,3.5,49.0,17.0,39.0
2020_02_BUF_MIA,2020,2,MIA,BUF,-8.7592,45.3949,63.5445,69.4373,132.9818,1.0,0.0,-5.3609,0.0,0.0,0.0,0.0,-5.2018,1.0,0.0,0.0,-8.7592,0.0,0.0,1.1648,0.0,0.0,0.0,-5.5,42.5,-3.0,59.0
2020_02_SF_NYJ,2020,2,NYJ,SF,-11.5476,42.4197,62.2525,65.848,128.1004,1.0,0.0,-6.0799,0.0,0.0,0.0,0.0,-1.165,0.0,0.0,0.0,-0.0,3.0,1.0,2.5468,0.0,0.0,0.0,-7.0,41.5,-18.0,44.0
2020_02_LA_PHI,2020,2,PHI,LA,-4.7487,42.1461,71.3142,65.7721,137.0863,1.0,0.0,-2.5242,0.0,0.0,0.0,0.0,-1.1279,0.0,0.0,0.0,-0.0,3.0,1.0,2.3962,0.0,2.0,0.0,2.0,46.0,-18.0,56.0
2020_02_DEN_PIT,2020,2,PIT,DEN,2.6926,36.0777,63.961,63.4383,127.3993,1.0,0.0,2.3176,2.129,0.0,2.129,2.129,2.7665,0.0,0.0,0.0,0.0,2.0,1.0,1.3181,0.0,0.0,0.0,6.0,41.0,5.0,47.0
2020_02_CAR_TB,2020,2,TB,CAR,7.9038,40.6667,68.4609,70.4391,138.9,1.0,0.0,2.9771,-1.5923,2.3403,-3.9326,0.748,-0.7014,1.0,0.0,0.0,7.9038,0.0,0.0,0.5103,0.0,7.0,0.0,7.5,47.0,14.0,48.0
2020_02_JAX_TEN,2020,2,TEN,JAX,8.2514,48.4037,63.1827,66.2111,129.3938,1.0,-0.12,5.5393,0.0,0.0,0.0,0.0,-5.0024,1.0,0.0,0.0,8.2514,-1.0,0.0,0.5008,0.0,0.0,0.0,7.0,44.5,3.0,63.0
2020_02_WAS_ARI,2020,2,ARI,WAS,5.5598,47.3462,68.8149,63.1529,131.9678,1.0,0.0,2.2426,0.0,0.0,0.0,0.0,2.4555,0.0,0.0,0.0,0.0,-2.0,0.0,1.9951,1.0,0.0,0.0,7.5,46.5,15.0,45.0
2020_02_BAL_HOU,2020,2,HOU,BAL,-8.9821,51.9368,62.3698,67.6799,130.0497,1.0,0.36,-5.5388,0.0,0.0,0.0,0.0,-3.9855,0.0,0.0,0.0,-0.0,-1.0,0.0,1.2549,1.0,0.0,0.0,-7.5,49.5,-17.0,49.0
2020_02_KC_LAC,2020,2,LAC,KC,-8.7875,51.1972,66.285,62.0454,128.3304,1.0,-0.36,-7.7793,-6.4092,0.0,-6.4092,-6.4092,-3.0622,1.0,0.0,0.0,-8.7875,-2.0,0.0,1.3666,1.0,0.0,0.0,-8.5,47.0,-3.0,43.0
2020_02_NE_SEA,2020,2,SEA,NE,-1.9708,43.379,62.9467,68.4609,131.4076,1.0,0.0,-0.923,0.0,-1.8336,1.8336,-1.8336,-5.3663,0.0,1.0,1.0,-0.0,-3.0,0.0,2.4847,0.0,0.0,0.0,4.0,45.0,5.0,65.0
2020_02_NO_LV,2020,2,LV,NO,-5.6031,52.1721,64.9863,63.721,128.7073,1.0,0.0,-7.4459,0.0,0.0,0.0,0.0,-2.3255,0.0,1.0,1.0,-0.0,-2.0,0.0,1.5101,1.0,0.0,0.0,-4.0,47.5,10.0,58.0
2020_03_MIA_JAX,2020,3,JAX,MIA,2.0884,53.5949,65.897,65.9816,131.8786,1.0,0.0,2.6684,0.0,0.0,0.0,0.0,6.9538,0.0,1.0,1.0,0.0,0.0,0.0,0.3135,0.0,2.0,0.0,3.0,49.0,-18.0,44.0
2020_03_CHI_ATL,2020,3,ATL,CHI,-1.303,42.5259,71.4621,65.8043,137.2664,1.0,0.0,-2.1005,0.0,0.0,0.0,0.0,-1.7584,0.0,0.0,0.0,-0.0,1.0,0.0,0.5869,1.0,0.0,0.0,2.5,46.0,-4.0,56.0
2020_03_LA_BUF,2020,3,BUF,LA,-0.931,44.2527,69.0692,66.0615,135.1307,1.0,0.0,-2.262,0.0,0.0,0.0,0.0,0.6226,0.0,0.0,0.0,-0.0,3.0,1.0,2.2057,0.0,6.0,0.0,1.5,46.5,3.0,67.0
2020_03_WAS_CLE,2020,3,CLE,WAS,6.6785,44.4441,67.7515,62.9809,130.7324,1.0,0.36,2.306,0.0,0.0,0.0,0.0,2.6354,0.0,0.0,0.0,0.0,0.0,0.0,0.3119,0.0,8.0,0.0,7.5,45.0,14.0,54.0
2020_03_TEN_MIN,2020,3,MIN,TEN,-3.8069,48.1926,63.076,64.9291,128.005,1.0,0.0,-3.5086,0.0,0.0,0.0,0.0,1.9394,0.0,0.0,0.0,-0.0,0.0,0.0,0.6967,1.0,0.0,0.0,-3.0,49.5,-1.0,61.0
2020_03_LV_NE,2020,3,NE,LV,4.5762,49.7916,66.1122,63.012,129.1243,1.0,0.12,4.3273,0.7277,0.0,0.7277,0.7277,0.2219,0.0,0.0,0.0,0.0,3.0,1.0,2.3651,0.0,0.0,0.0,7.0,47.0,16.0,56.0
2020_03_SF_NYG,2020,3,NYG,SF,-13.5537,46.4797,65.1106,63.981,129.0916,1.0,0.0,-9.4308,0.0,-5.5941,5.5941,-5.5941,0.9641,0.0,0.0,0.0,-0.0,3.0,1.0,2.5468,0.0,0.0,0.0,-3.0,44.0,-27.0,45.0
2020_03_CIN_PHI,2020,3,PHI,CIN,4.3252,43.9969,68.2952,67.3282,135.6234,1.0,-0.36,4.6456,0.0,1.0691,-1.0691,1.0691,-0.2332,0.0,0.0,0.0,0.0,0.0,0.0,0.5013,0.0,0.0,0.0,5.5,46.5,0.0,46.0
2020_03_HOU_PIT,2020,3,PIT,HOU,4.0446,39.5684,63.3533,66.1376,129.4908,1.0,0.0,2.0309,2.2909,0.0,2.2909,2.2909,6.3527,0.0,0.0,0.0,0.0,1.0,0.0,1.1419,0.0,0.0,0.0,4.0,46.5,7.0,49.0
2020_03_NYJ_IND,2020,3,IND,NYJ,6.1502,41.7247,68.3096,58.8781,127.1878,1.0,0.0,3.3298,2.3211,0.0,2.3211,2.3211,-0.6704,0.0,0.0,0.0,0.0,0.0,0.0,0.6408,1.0,0.0,0.0,12.5,44.0,29.0,43.0
2020_03_CAR_LAC,2020,3,LAC,CAR,5.8468,43.3393,67.419,66.4989,133.918,1.0,0.0,3.7879,-2.9412,1.6013,-4.5425,-1.34,-0.9771,0.0,0.0,0.0,0.0,-3.0,0.0,2.1215,1.0,0.0,0.0,6.0,43.5,-5.0,37.0
2020_03_DET_ARI,2020,3,ARI,DET,5.5647,51.3802,69.7051,67.7912,137.4963,1.0,0.0,3.7134,0.0,0.0,0.0,0.0,5.0094,0.0,0.0,0.0,0.0,-2.0,0.0,1.6944,1.0,0.0,0.0,4.5,55.5,-3.0,49.0
2020_03_TB_DEN,2020,3,DEN,TB,-5.6366,37.9406,67.1655,68.0367,135.2021,1.0,0.0,-1.202,0.0277,-1.5411,1.5688,-1.5134,-4.4138,0.0,0.0,0.0,-0.0,-2.0,0.0,1.5198,0.0,0.0,0.0,-6.0,42.5,-18.0,38.0
2020_03_DAL_SEA,2020,3,SEA,DAL,3.265,51.6883,66.9876,70.7235,137.7111,1.0,0.0,2.633,0.0,0.0,0.0,0.0,-4.248,0.0,0.0,0.0,0.0,-2.0,0.0,1.6688,0.0,0.0,0.0,5.5,58.0,7.0,69.0
2020_03_GB_NO,2020,3,NO,GB,-1.9017,47.9675,60.6293,68.7755,129.4048,1.0,-0.12,-0.4221,0.0,0.0,0.0,0.0,0.1429,0.0,1.0,1.0,-0.0,0.0,0.0,1.0114,1.0,0.0,0.0,3.5,52.0,-7.0,67.0
2020_03_KC_BAL,2020,3,BAL,KC,3.7856,53.0749,67.4998,62.8594,130.3592,1.0,0.0,-0.568,0.0,0.0,0.0,0.0,1.0046,0.0,1.0,1.0,0.0,1.0,0.0,0.9555,0.0,0.0,0.0,3.5,55.0,-14.0,54.0
2020_04_DEN_NYJ,2020,4,NYJ,DEN,-3.8803,40.3775,63.563,64.8575,128.4205,1.0,0.0,-1.7102,0.0,-0.5939,0.5939,-0.5939,2.6828,0.0,1.0,1.0,-0.0,2.0,0.0,1.6245,0.0,0.0,0.0,1.0,41.0,-9.0,65.0
2020_04_ARI_CAR,2020,4,CAR,ARI,-3.6367,45.1927,67.7506,67.7968,135.5474,1.0,0.0,-1.8985,1.7378,0.0,1.7378,1.7378,-3.0959,0.0,0.0,0.0,-0.0,2.0,1.0,1.7877,0.0,0.0,0.0,-3.0,52.5,10.0,52.0
2020_04_JAX_CIN,2020,4,CIN,JAX,-1.558,47.8937,68.2473,67.2852,135.5324,1.0,-0.36,-1.9826,0.0,0.0,0.0,0.0,-3.4455,0.0,0.0,0.0,-0.0,0.0,0.0,0.6277,0.0,0.0,0.0,1.0,50.0,8.0,58.0
2020_04_CLE_DAL,2020,4,DAL,CLE,0.2552,50.288,71.783,66.6228,138.4058,1.0,0.0,2.4675,0.0,0.0,0.0,0.0,-0.4444,0.0,0.0,0.0,0.0,-1.0,0.0,1.0393,1.0,0.0,0.0,3.5,56.5,-11.0,87.0
2020_04_NO_DET,2020,4,DET,NO,-7.082,49.6053,67.6603,65.8514,133.5117,1.0,0.0,-7.2082,0.0,0.0,0.0,0.0,-4.5726,0.0,0.0,0.0,-0.0,1.0,0.0,0.9409,1.0,0.0,0.0,-3.0,51.5,-6.0,64.0
2020_04_MIN_HOU,2020,4,HOU,MIN,-3.2697,46.6648,65.0915,62.51,127.6016,1.0,0.0,-1.0157,0.0,0.0,0.0,0.0,-0.8921,0.0,0.0,0.0,-0.0,0.0,0.0,1.0629,1.0,0.0,0.0,3.5,52.5,-8.0,54.0
2020_04_SEA_MIA,2020,4,MIA,SEA,-7.7309,54.6984,68.209,66.4242,134.6332,1.0,0.36,-7.6849,0.0,0.0,0.0,0.0,-0.1805,0.0,0.0,0.0,-0.0,3.0,1.0,2.7199,0.0,3.0,0.0,-4.5,55.0,-8.0,54.0
2020_04_LAC_TB,2020,4,TB,LAC,6.9022,36.6702,63.9644,70.8913,134.8557,1.0,0.0,2.7246,-1.0062,-3.243,2.2368,-4.2492,2.8576,0.0,0.0,0.0,0.0,3.0,1.0,2.1518,0.0,0.0,0.0,7.5,42.5,7.0,69.0
2020_04_BAL_WAS,2020,4,WAS,BAL,-12.6266,43.6587,60.2727,67.4512,127.7239,1.0,0.12,-11.4638,0.0,0.0,0.0,0.0,-2.9147,0.0,0.0,0.0,-0.0,0.0,0.0,0.0287,0.0,0.0,0.0,-14.5,45.0,-14.0,48.0
2020_04_NYG_LA,2020,4,LA,NYG,12.0809,49.0127,69.4373,65.4958,134.933,1.0,0.0,9.0002,0.0,0.0,0.0,0.0,1.154,0.0,0.0,0.0,0.0,-3.0,0.0,2.4495,1.0,0.0,0.0,13.5,49.5,8.0,26.0
2020_04_IND_CHI,2020,4,CHI,IND,-2.2387,39.5437,63.1986,66.4286,129.6272,1.0,0.0,1.7493,-0.5306,2.778,-3.3086,2.2474,-0.6056,0.0,0.0,0.0,-0.0,-1.0,0.0,0.1639,0.0,0.0,0.0,-3.5,43.5,-8.0,30.0
2020_04_BUF_LV,2020,4,LV,BUF,-4.1811,52.3721,64.0164,65.1596,129.176,1.0,0.0,-3.5284,0.0,0.0,0.0,0.0,-0.2904,0.0,0.0,0.0,-0.0,-3.0,0.0,1.9802,1.0,0.0,0.0,-3.0,53.0,-7.0,53.0
2020_04_PHI_SF,2020,4,SF,PHI,11.3,44.2642,63.0869,69.4102,132.4971,1.0,0.0,5.9211,-1.9275,0.0,-1.9275,-1.9275,-5.0654,0.0,1.0,1.0,0.0,-3.0,0.0,2.5025,0.0,2.0,0.0,8.5,45.5,-5.0,45.0
2020_04_NE_KC,2020,4,KC,NE,2.5878,49.7091,64.0026,67.7607,131.7633,1.0,-0.12,4.6556,0.0,-3.8579,3.8579,-3.8579,0.5629,0.0,1.0,1.0,0.0,-1.0,0.0,1.2328,0.0,4.0,0.0,7.0,52.5,16.0,36.0
2020_04_ATL_GB,2020,4,GB,ATL,6.0979,51.751,67.3328,66.0153,133.348,1.0,0.0,6.2409,0.0,0.0,0.0,0.0,3.2274,0.0,1.0,1.0,0.0,-1.0,0.0,0.7678,0.0,0.0,0.0,5.0,56.5,14.0,46.0
2020_05_TB_CHI,2020,5,CHI,TB,-6.0208,38.4941,66.8759,68.4107,135.2866,1.0,0.0,-0.1467,-0.7532,-0.463,-0.2902,-1.2163,-2.1144,0.0,1.0,1.0,-0.0,-1.0,0.0,1.0018,0.0,0.0,0.0,-3.5,44.0,1.0,39.0
2020_05_CAR_ATL,2020,5,ATL,CAR,0.0742,46.7494,69.7447,67.8274,137.5722,1.0,-0.12,1.3194,0.0,0.0,0.0,0.0,-2.981,1.0,0.0,0.0,0.0742,0.0,0.0,0.2261,1.0,0.0,0.0,2.5,53.5,-7.0,39.0
2020_05_CIN_BAL,2020,5,BAL,CIN,11.468,46.7163,65.5647,68.5581,134.1228,1.0,0.0,10.8278,0.0,0.0,0.0,0.0,4.2001,1.0,0.0,0.0,11.468,0.0,0.0,0.4228,0.0,0.0,0.0,12.5,49.0,24.0,30.0
2020_05_JAX_HOU,2020,5,HOU,JAX,2.3119,53.4354,62.7975,66.4214,129.2189,1.0,0.0,2.7686,0.0,0.0,0.0,0.0,-3.4159,1.0,0.0,0.0,2.3119,-1.0,0.0,0.8248,1.0,0.0,0.0,6.5,55.0,16.0,44.0
2020_05_LV_KC,2020,5,KC,LV,10.0158,57.777,63.991,67.0141,131.0051,1.0,-0.12,11.5652,0.0,0.0,0.0,0.0,1.1268,1.0,0.0,0.0,10.0158,2.0,0.0,1.1493,0.0,6.0,0.0,11.0,54.5,-8.0,72.0
2020_05_ARI_NYJ,2020,5,NYJ,ARI,-5.6729,45.6188,66.0183,66.5194,132.5377,1.0,0.36,-2.496,0.4975,0.0,0.4975,0.4975,-3.7231,0.0,0.0,0.0,-0.0,2.0,1.0,2.1441,0.0,0.0,0.0,-7.0,48.5,-20.0,40.0
2020_05_PHI_PIT,2020,5,PIT,PHI,5.3506,37.1026,64.08,69.4734,133.5534,1.0,0.84,2.6873,0.0,0.0,0.0,0.0,2.1287,0.0,0.0,0.0,0.0,0.0,0.0,0.2587,0.0,0.0,0.0,7.5,44.0,9.0,67.0
2020_05_LA_WAS,2020,5,WAS,LA,-10.7223,42.5684,64.5316,67.4432,131.9748,1.0,0.0,-9.3767,2.3456,0.0,2.3456,2.3456,-2.256,0.0,0.0,0.0,-0.0,3.0,1.0,2.311,0.0,0.0,0.0,-7.0,45.0,-20.0,40.0
2020_05_MIA_SF,2020,5,SF,MIA,9.3207,49.1198,64.4421,64.4172,128.8593,1.0,0.0,7.4968,0.0,0.0,0.0,0.0,0.4572,0.0,0.0,0.0,0.0,-3.0,0.0,2.5549,0.0,0.0,0.0,8.5,50.5,-26.0,60.0
2020_05_IND_CLE,2020,5,CLE,IND,-0.6226,46.1664,61.222,68.3999,129.6219,1.0,0.0,-2.3174,0.0,2.9942,-2.9942,2.9942,-0.7654,0.0,0.0,0.0,-0.0,0.0,0.0,0.2633,0.0,6.0,0.0,1.0,48.5,9.0,55.0
2020_05_NYG_DAL,2020,5,DAL,NYG,6.5093,48.0417,71.7441,67.1759,138.92,1.0,0.0,5.6227,0.0,0.0,0.0,0.0,0.8713,1.0,0.0,0.0,6.5093,-1.0,0.0,1.3851,1.0,0.0,0.0,7.5,52.0,3.0,71.0
2020_05_MIN_SEA,2020,5,SEA,MIN,2.0788,47.7337,67.5228,64.068,131.5907,1.0,0.0,3.711,0.0,0.0,0.0,0.0,-0.5148,0.0,1.0,1.0,0.0,-2.0,0.0,1.3918,0.0,0.0,0.0,6.5,54.0,1.0,53.0
2020_05_LAC_NO,2020,5,NO,LAC,3.8901,46.6809,62.5772,67.7245,130.3017,1.0,0.0,5.8876,0.0,-1.7374,1.7374,-1.7374,3.4507,0.0,1.0,1.0,0.0,2.0,0.0,1.6742,1.0,0.0,0.0,7.0,49.5,3.0,57.0
2020_05_BUF_TEN,2020,5,TEN,BUF,-1.6871,50.145,64.0376,67.4362,131.4737,1.0,0.84,1.561,0.0,0.0,0.0,0.0,-1.8025,0.0,1.0,1.0,-0.0,-1.0,0.0,0.6238,0.0,0.0,0.0,-3.0,52.0,26.0,58.0
2020_06_CHI_CAR,2020,6,CAR,CHI,-0.1545,40.3027,67.9038,65.254,133.1577,1.0,-0.36,-3.3661,0.0,-0.9247,0.9247,-0.9247,0.8672,0.0,0.0,0.0,-0.0,1.0,0.0,0.586,0.0,0.0,0.0,2.0,45.0,-7.0,39.0
2020_06_CIN_IND,2020,6,IND,CIN,7.883,40.1216,66.1048,66.3755,132.4802,1.0,0.0,5.6973,0.0,0.0,0.0,0.0,3.0456,0.0,0.0,0.0,0.0,0.0,0.0,0.0992,1.0,0.0,0.0,7.5,46.0,4.0,58.0
2020_06_DET_JAX,2020,6,JAX,DET,-1.4709,53.2798,68.0486,64.6236,132.6722,1.0,-0.84,-0.648,0.0,0.0,0.0,0.0,3.9173,0.0,0.0,0.0,-0.0,0.0,0.0,0.8339,0.0,0.0,0.0,-3.0,52.5,-18.0,50.0
2020_06_ATL_MIN,2020,6,MIN,ATL,4.4655,47.9714,64.5656,69.7972,134.3628,1.0,0.0,3.3775,0.0,0.0,0.0,0.0,-0.0359,0.0,0.0,0.0,0.0,-1.0,0.0,0.9069,1.0,0.0,0.0,3.5,53.0,-17.0,63.0
2020_06_DEN_NE,2020,6,NE,DEN,4.9878,39.2469,69.6555,60.8727,130.5282,1.0,-0.48,5.1675,-0.4839,0.0,-0.4839,-0.4839,3.738,0.0,0.0,0.0,0.0,2.0,1.0,1.7585,0.0,0.0,0.0,7.0,43.5,-6.0,30.0
2020_06_WAS_NYG,2020,6,NYG,WAS,0.298,40.646,65.7865,62.74,128.5264,1.0,0.0,0.0991,0.0,2.3347,-2.3347,2.3347,1.1115,1.0,0.0,0.0,0.298,0.0,0.0,0.1981,0.0,0.0,0.0,2.0,42.5,1.0,39.0
2020_06_BAL_PHI,2020,6,PHI,BAL,-10.2218,45.1783,67.9473,64.0888,132.0361,1.0,0.0,-7.3709,0.0,0.0,0.0,0.0,-2.0804,0.0,0.0,0.0,-0.0,0.0,0.0,0.0886,0.0,0.0,0.0,-10.5,46.5,-2.0,58.0
2020_06_CLE_PIT,2020,6,PIT,CLE,0.0872,45.7675,66.4845,64.6099,131.0945,1.0,0.0,2.7205,0.0,0.0,0.0,0.0,5.8694,1.0,0.0,0.0,0.0872,0.0,0.0,0.1143,0.0,0.0,0.0,3.0,50.0,31.0,45.0
2020_06_HOU_TEN,2020,6,TEN,HOU,6.021,51.9378,66.2255,64.1887,130.4142,1.0,-0.24,6.1398,0.0,0.0,0.0,0.0,0.2958,1.0,0.0,0.0,6.021,0.0,0.0,0.6715,0.0,0.0,0.0,4.0,52.0,6.0,78.0
2020_06_NYJ_MIA,2020,6,MIA,NYJ,7.9258,48.873,66.8763,64.2417,131.118,1.0,0.0,4.5103,0.0,0.6898,-0.6898,0.6898,-0.6657,1.0,0.0,0.0,7.9258,0.0,0.0,1.0856,0.0,5.0,0.0,9.5,46.0,24.0,24.0
2020_06_GB_TB,2020,6,TB,GB,-1.3106,46.3316,64.4466,65.643,130.0896,1.0,-0.36,-4.537,0.0,0.0,0.0,0.0,-0.7302,0.0,0.0,0.0,-0.0,1.0,0.0,1.1824,0.0,2.0,0.0,-3.0,55.0,28.0,48.0
2020_06_LA_SF,2020,6,SF,LA,-2.3431,45.9497,64.8386,64.4586,129.2971,1.0,0.0,-2.0704,0.0,0.0,0.0,0.0,-4.8929,1.0,1.0,1.0,-2.3431,0.0,0.0,0.3135,0.0,0.0,0.0,-2.0,51.0,8.0,40.0
2020_06_KC_BUF,2020,6,BUF,KC,-3.9619,53.1322,67.2818,66.1526,133.4345,1.0,-0.24,-6.2922,0.0,0.0,0.0,0.0,-2.0414,0.0,0.0,0.0,-0.0,1.0,0.0,0.8576,0.0,0.0,0.0,-5.5,55.0,-9.0,43.0
2020_06_ARI_DAL,2020,6,DAL,ARI,0.559,51.5261,72.5947,69.0714,141.6661,1.0,0.0,1.3414,-4.9961,0.0,-4.9961,-4.9961,-2.0491,0.0,1.0,1.0,0.0,1.0,0.0,0.8785,1.0,0.0,0.0,1.0,55.5,-28.0,48.0
2020_07_NYG_PHI,2020,7,PHI,NYG,3.4812,43.0612,69.3738,63.8245,133.1984,1.0,0.0,5.1373,0.0,0.0,0.0,0.0,0.6536,1.0,1.0,1.0,3.4812,0.0,0.0,0.0854,0.0,0.0,0.0,5.0,44.5,1.0,43.0
2020_07_DET_ATL,2020,7,ATL,DET,2.7113,51.2782,71.0621,65.9111,136.9732,1.0,0.0,2.3886,0.0,0.0,0.0,0.0,0.8398,0.0,0.0,0.0,0.0,0.0,0.0,0.5977,1.0,0.0,0.0,1.0,54.0,-1.0,45.0
2020_07_CLE_CIN,2020,7,CIN,CLE,-6.5178,47.052,70.1733,65.8468,136.0201,1.0,0.0,-4.6861,0.0,0.0,0.0,0.0,-2.4914,1.0,0.0,0.0,-6.5178,0.0,0.0,0.2231,0.0,0.0,0.0,-4.5,50.0,-3.0,71.0
2020_07_GB_HOU,2020,7,HOU,GB,-5.901,54.7585,60.1945,67.7566,127.951,1.0,0.0,-5.5046,0.0,0.0,0.0,0.0,-1.9391,0.0,0.0,0.0,-0.0,0.0,0.0,1.0998,1.0,0.0,0.0,-2.5,55.5,-15.0,55.0
2020_07_CAR_NO,2020,7,NO,CAR,3.3019,46.3208,64.6256,67.7232,132.3489,1.0,0.72,6.2959,0.0,0.0,0.0,0.0,0.9363,1.0,0.0,0.0,3.3019,-1.0,0.0,0.6487,1.0,0.0,0.0,7.0,49.5,3.0,51.0
2020_07_BUF_NYJ,2020,7,NYJ,BUF,-10.8479,45.1224,65.8977,64.6362,130.5339,1.0,0.12,-8.2045,0.0,0.0,0.0,0.0,-2.641,1.0,0.0,0.0,-10.8479,0.0,0.0,0.2779,0.0,0.0,0.0,-9.5,47.0,-8.0,28.0
2020_07_PIT_TEN,2020,7,TEN,PIT,-1.2774,47.6069,63.581,66.8917,130.4727,1.0,0.0,1.5755,0.0,0.0,0.0,0.0,-7.6026,0.0,0.0,0.0,-0.0,-1.0,0.0,0.4705,0.0,0.0,0.0,1.0,51.0,-3.0,51.0
2020_07_DAL_WAS,2020,7,WAS,DAL,-4.5335,45.6914,65.3205,71.1736,136.4942,1.0,0.12,-4.9211,2.464,-5.3381,7.8021,-2.8741,-2.8271,1.0,0.0,0.0,-4.5335,1.0,0.0,1.2074,0.0,0.0,0.0,-1.0,44.5,22.0,28.0
2020_07_TB_LV,2020,7,LV,TB,-5.9684,49.0769,65.8163,65.8862,131.7025,1.0,0.84,-3.7756,0.0,0.0,0.0,0.0,-1.0798,0.0,0.0,0.0,-0.0,-3.0,0.0,1.9842,1.0,0.0,0.0,-3.5,51.5,-25.0,65.0
2020_07_KC_DEN,2020,7,DEN,KC,-8.3815,49.6098,64.1592,67.1304,131.2896,1.0,0.12,-9.2576,0.0,0.0,0.0,0.0,-4.9039,1.0,0.0,0.0,-8.3815,-1.0,0.0,0.5643,0.0,1.0,31.0,-7.0,46.0,-27.0,59.0
2020_07_JAX_LAC,2020,7,LAC,JAX,7.2557,46.8232,67.2822,65.6552,132.9374,1.0,0.72,3.8569,0.0,0.0,0.0,0.0,-4.2945,0.0,0.0,0.0,0.0,-3.0,0.0,2.1506,1.0,0.0,0.0,8.0,48.0,10.0,68.0
2020_07_SF_NE,2020,7,NE,SF,-2.4912,41.4696,64.6583,61.6868,126.3451,1.0,0.0,-0.3664,-2.1192,0.0,-2.1192,-2.1192,2.7087,0.0,0.0,0.0,-0.0,3.0,0.0,2.6737,0.0,0.0,0.0,3.0,44.0,-27.0,39.0
2020_07_SEA_ARI,2020,7,ARI,SEA,-2.3776,51.955,70.3179,67.9867,138.3046,1.0,-0.96,-5.1198,0.0,0.0,0.0,0.0,7.0653,1.0,1.0,1.0,-2.3776,1.0,0.0,1.1043,1.0,0.0,0.0,-3.5,55.5,3.0,71.0
2020_07_CHI_LA,2020,7,LA,CHI,2.3378,42.1857,66.8048,65.9413,132.7461,1.0,0.0,0.6821,0.0,-0.5368,0.5368,-0.5368,3.1958,0.0,1.0,1.0,0.0,-2.0,0.0,1.7509,1.0,0.0,0.0,6.5,44.0,14.0,34.0
2020_08_ATL_CAR,2020,8,CAR,ATL,0.4272,49.4392,63.5544,69.6261,133.1805,1.0,0.0,-1.4665,0.0,0.0,0.0,0.0,1.9744,1.0,1.0,1.0,0.4272,0.0,0.0,0.2261,0.0,0.0,0.0,1.5,52.0,-8.0,42.0
2020_08_PIT_BAL,2020,8,BAL,PIT,1.9267,41.0547,61.6411,66.2735,127.9146,1.0,0.84,2.1241,0.0,0.0,0.0,0.0,-1.5327,1.0,0.0,0.0,1.9267,0.0,0.0,0.1972,0.0,0.0,0.0,4.0,44.0,-4.0,52.0
2020_08_NE_BUF,2020,8,BUF,NE,2.1507,44.0277,62.2907,64.6508,126.9415,1.0,0.0,0.6034,0.0,0.0,0.0,0.0,1.6992,1.0,0.0,0.0,2.1507,0.0,0.0,0.3864,0.0,7.0,4.0,4.0,41.0,3.0,45.0
2020_08_TEN_CIN,2020,8,CIN,TEN,-8.0431,54.7671,72.9953,64.2805,137.2757,1.0,0.0,-10.5921,0.0,0.0,0.0,0.0,-0.8596,0.0,0.0,0.0,-0.0,1.0,0.0,0.237,0.0,14.0,0.0,-7.5,49.5,11.0,51.0
2020_08_LV_CLE,2020,8,CLE,LV,1.3574,58.2922,63.2953,67.6494,130.9447,1.0,0.0,1.8557,0.0,0.0,0.0,0.0,-1.5077,0.0,0.0,0.0,0.0,3.0,1.0,1.8296,0.0,25.0,0.0,1.0,48.0,-10.0,22.0
2020_08_IND_DET,2020,8,DET,IND,-2.9981,47.1175,63.7245,66.356,130.0805,1.0,-0.84,-4.0167,0.0,0.0,0.0,0.0,-2.3938,0.0,0.0,0.0,-0.0,0.0,0.0,0.2412,1.0,0.0,0.0,-3.5,49.0,-20.0,62.0
2020_08_MIN_GB,2020,8,GB,MIN,4.9353,47.054,66.6879,60.9303,127.6182,1.0,-0.84,5.4743,0.0,0.0,0.0,0.0,3.419,1.0,0.0,0.0,4.9353,0.0,0.0,0.257,0.0,13.0,11.0,5.5,47.0,-6.0,50.0
2020_08_NYJ_KC,2020,8,KC,NYJ,17.3944,47.0623,65.4351,65.5984,131.0335,1.0,0.0,16.7439,0.0,0.0,0.0,0.0,5.3443,0.0,0.0,0.0,0.0,-1.0,0.0,1.0858,0.0,1.0,0.0,20.0,49.0,26.0,44.0
2020_08_LA_MIA,2020,8,MIA,LA,-4.3132,48.1579,65.3318,65.694,131.0258,1.0,0.96,-5.078,-3.2927,0.0,-3.2927,-3.2927,-3.0843,0.0,0.0,0.0,-0.0,3.0,1.0,2.3327,0.0,0.0,0.0,-3.5,46.5,11.0,45.0
2020_08_LAC_DEN,2020,8,DEN,LAC,-3.6351,37.9933,64.9111,66.655,131.5661,1.0,0.0,0.7086,0.0,0.0,0.0,0.0,0.1365,1.0,0.0,0.0,-3.6351,1.0,0.0,0.8369,0.0,0.0,0.0,-3.0,44.5,1.0,61.0
2020_08_NO_CHI,2020,8,CHI,NO,-2.991,43.5128,64.1272,67.412,131.5391,1.0,-0.12,-2.6364,0.0,0.0,0.0,0.0,-2.909,0.0,0.0,0.0,-0.0,0.0,0.0,0.8344,0.0,10.0,5.0,-5.5,41.0,-3.0,49.0
2020_08_SF_SEA,2020,8,SEA,SF,-3.2387,50.4358,63.3522,70.8003,134.1525,1.0,0.0,0.2027,0.0,0.0,0.0,0.0,-1.6764,1.0,0.0,0.0,-3.2387,0.0,0.0,0.7045,0.0,0.0,0.0,1.0,54.5,10.0,64.0
2020_08_DAL_PHI,2020,8,PHI,DAL,2.7849,45.8925,71.0428,71.2284,142.2712,1.0,0.36,2.4268,0.0,-5.7929,5.7929,-5.7929,-0.4335,1.0,1.0,1.0,2.7849,1.0,0.0,1.3126,0.0,7.0,0.0,10.0,43.0,14.0,32.0
2020_08_TB_NYG,2020,8,NYG,TB,-13.5455,42.2848,62.1031,69.0405,131.1435,1.0,0.36,-10.2911,0.0,0.0,0.0,0.0,-3.7631,0.0,1.0,1.0,-0.0,0.0,0.0,1.0076,0.0,0.0,6.0,-13.0,47.0,-2.0,48.0
2020_09_GB_SF,2020,9,SF,GB,1.4108,52.8048,62.3531,62.993,125.3461,1.0,0.0,-0.5891,-1.6484,0.0,-1.6484,-1.6484,-4.2299,0.0,1.0,1.0,0.0,-2.0,0.0,1.8218,0.0,0.0,0.0,-6.0,48.5,-17.0,51.0
2020_09_DEN_ATL,2020,9,ATL,DEN,1.5625,44.5428,70.7087,63.4413,134.1499,1.0,0.36,0.7161,0.0,0.0,0.0,0.0,1.3066,0.0,0.0,0.0,0.0,2.0,1.0,1.2109,1.0,0.0,0.0,4.5,50.0,7.0,61.0
2020_09_SEA_BUF,2020,9,BUF,SEA,-1.6772,54.1217,69.3334,65.6024,134.9357,1.0,0.0,-3.1901,0.0,0.0,0.0,0.0,4.4459,0.0,0.0,0.0,-0.0,3.0,1.0,2.1182,0.0,0.0,0.0,-3.0,55.0,10.0,78.0
2020_09_BAL_IND,2020,9,IND,BAL,-3.8448,43.2982,64.3263,63.631,127.9573,1.0,0.0,-3.9587,0.0,0.0,0.0,0.0,-2.5447,0.0,0.0,0.0,-0.0,0.0,0.0,0.5094,1.0,0.0,0.0,1.0,48.0,-14.0,34.0
2020_09_HOU_JAX,2020,9,JAX,HOU,-4.7217,54.0869,66.8321,64.4655,131.2977,1.0,0.0,-4.9564,-4.929,0.0,-4.929,-4.929,2.1254,1.0,0.0,0.0,-4.7217,1.0,0.0,0.8248,0.0,4.0,0.0,-7.0,49.0,-2.0,52.0
2020_09_CAR_KC,2020,9,KC,CAR,10.3969,51.9328,64.9589,63.6233,128.5822,1.0,-0.36,12.9227,0.0,0.0,0.0,0.0,1.42,0.0,0.0,0.0,0.0,-1.0,0.0,0.795,0.0,9.0,0.0,10.0,51.5,2.0,64.0
2020_09_DET_MIN,2020,9,MIN,DET,4.8164,48.2986,64.3215,67.0869,131.4084,1.0,0.0,4.526,0.0,0.0,0.0,0.0,-0.8691,1.0,0.0,0.0,4.8164,-1.0,0.0,0.5415,1.0,0.0,0.0,3.0,51.5,14.0,54.0
2020_09_CHI_TEN,2020,9,TEN,CHI,3.0369,47.6833,66.9764,68.6952,135.6716,1.0,0.0,2.5707,0.0,0.0,0.0,0.0,-0.8048,0.0,0.0,0.0,0.0,0.0,0.0,0.3962,0.0,4.0,0.0,6.5,46.5,7.0,41.0
2020_09_NYG_WAS,2020,9,WAS,NYG,0.7024,42.7318,65.8087,61.5392,127.3479,1.0,0.96,1.2348,3.0117,0.0,3.0117,3.0117,0.8586,1.0,0.0,0.0,0.7024,0.0,0.0,0.1981,0.0,0.0,0.0,3.0,43.0,-3.0,43.0
2020_09_LV_LAC,2020,9,LAC,LV,1.2759,51.7507,67.8205,65.7675,133.5881,1.0,0.0,-1.3801,0.0,0.0,0.0,0.0,-0.7316,1.0,0.0,0.0,1.2759,0.0,0.0,0.2317,1.0,0.0,0.0,-1.0,52.5,-5.0,57.0
2020_09_MIA_ARI,2020,9,ARI,MIA,-0.4382,45.1836,70.0869,68.1341,138.221,1.0,0.84,0.5852,0.0,-4.6705,4.6705,-4.6705,4.8117,0.0,0.0,0.0,-0.0,-2.0,0.0,1.9824,1.0,0.0,0.0,6.0,49.0,-3.0,65.0
2020_09_PIT_DAL,2020,9,DAL,PIT,-12.949,39.9227,70.4729,66.196,136.6689,1.0,0.0,-9.5559,-5.5073,0.0,-5.5073,-5.5073,-6.5231,0.0,0.0,0.0,-0.0,-1.0,0.0,1.0838,1.0,0.0,0.0,-14.0,44.0,-5.0,43.0
2020_09_NO_TB,2020,9,TB,NO,3.8785,46.9007,66.5763,66.5887,133.165,1.0,-0.12,-0.4867,0.0,0.0,0.0,0.0,1.172,1.0,1.0,1.0,3.8785,1.0,0.0,0.4779,0.0,7.0,0.0,3.0,51.0,-35.0,41.0
2020_09_NE_NYJ,2020,9,NYJ,NE,-7.9489,41.0685,60.0639,65.2193,125.2832,1.0,0.0,-8.2022,0.4075,0.0,0.4075,0.4075,-3.9691,1.0,1.0,1.0,-7.9489,0.0,0.0,0.1702,0.0,0.0,0.0,-9.5,41.5,-3.0,57.0
2020_10_IND_TEN,2020,10,TEN,IND,1.9765,47.0408,61.8531,69.5644,131.4175,1.0,0.0,2.9033,0.0,0.0,0.0,0.0,-3.4729,1.0,1.0,1.0,1.9765,-1.0,0.0,0.2505,0.0,0.0,0.0,-1.0,49.0,-17.0,51.0
2020_10_TB_CAR,2020,10,CAR,TB,-4.3278,46.7646,65.7211,64.7786,130.4997,1.0,0.0,-6.2514,0.0,0.0,0.0,0.0,-1.6019,1.0,0.0,0.0,-4.3278,0.0,0.0,0.5103,0.0,5.0,0.0,-6.0,49.5,-23.0,69.0
2020_10_HOU_CLE,2020,10,CLE,HOU,2.8667,54.3436,63.9687,64.8743,128.843,1.0,0.84,0.4235,0.0,0.0,0.0,0.0,0.2013,0.0,0.0,0.0,0.0,1.0,0.0,1.12,0.0,15.0,0.0,4.5,46.0,3.0,17.0
2020_10_WAS_DET,2020,10,DET,WAS,0.0055,46.6026,64.9268,64.3638,129.2907,1.0,0.0,1.4289,0.0,0.1048,-0.1048,0.1048,-1.5018,0.0,0.0,0.0,0.0,0.0,0.0,0.4015,1.0,0.0,0.0,2.5,46.0,3.0,57.0
2020_10_JAX_GB,2020,10,GB,JAX,12.3513,54.0867,66.0494,61.7706,127.82,1.0,0.36,12.4939,0.0,-1.0733,1.0733,-1.0733,0.9926,0.0,0.0,0.0,0.0,-1.0,0.0,1.0403,0.0,13.0,7.0,13.5,47.0,4.0,44.0
2020_10_PHI_NYG,2020,10,NYG,PHI,-3.5311,39.94,65.9493,68.9086,134.8579,1.0,-0.84,-5.6971,0.0,0.0,0.0,0.0,-1.886,1.0,0.0,0.0,-3.5311,0.0,0.0,0.0854,0.0,8.0,0.0,-4.5,45.0,10.0,44.0
2020_10_BUF_ARI,2020,10,ARI,BUF,-2.0255,51.9175,67.0559,68.0585,135.1144,1.0,0.0,-3.0925,0.0,0.0,0.0,0.0,2.1213,0.0,0.0,0.0,-0.0,-2.0,0.0,1.9131,1.0,0.0,0.0,3.0,55.5,2.0,62.0
2020_10_DEN_LV,2020,10,LV,DEN,3.5447,48.8656,66.0834,65.4823,131.5657,1.0,0.0,1.623,0.0,0.0,0.0,0.0,1.2205,1.0,0.0,0.0,3.5447,-1.0,0.0,0.6083,1.0,0.0,0.0,3.5,50.5,25.0,49.0
2020_10_LAC_MIA,2020,10,MIA,LAC,-0.1583,45.2225,60.7986,73.5177,134.3163,1.0,0.0,3.592,-2.7431,0.0,-2.7431,-2.7431,0.6373,0.0,0.0,0.0,-0.0,3.0,0.0,2.3327,0.0,0.0,0.0,1.0,48.5,8.0,50.0
2020_10_SEA_LA,2020,10,LA,SEA,1.2642,46.8309,72.8473,64.4953,137.3425,1.0,0.84,-1.4465,0.0,0.0,0.0,0.0,4.5998,1.0,0.0,0.0,1.2642,0.0,0.0,0.9651,1.0,0.0,0.0,3.0,55.0,7.0,39.0
2020_10_SF_NO,2020,10,NO,SF,2.7098,49.3859,64.1864,63.0178,127.2043,1.0,-0.36,3.9828,0.0,-2.0799,2.0799,-2.0799,6.5811,0.0,0.0,0.0,0.0,2.0,0.0,1.8945,1.0,0.0,0.0,9.5,49.5,14.0,40.0
2020_10_CIN_PIT,2020,10,PIT,CIN,9.3312,45.4816,64.4963,69.8442,134.3405,1.0,-0.84,10.0085,0.0,0.0,0.0,0.0,9.0607,1.0,0.0,0.0,9.3312,0.0,0.0,0.2566,0.0,11.0,0.0,6.5,45.5,26.0,46.0
2020_10_BAL_NE,2020,10,NE,BAL,-8.4475,43.048,65.1044,60.2203,125.3246,1.0,-0.12,-6.0988,0.0,0.0,0.0,0.0,-2.366,0.0,1.0,1.0,-0.0,0.0,0.0,0.3414,0.0,3.0,0.0,-7.0,44.0,6.0,40.0
2020_10_MIN_CHI,2020,10,CHI,MIN,-4.4528,39.5405,69.4312,62.6673,132.0985,1.0,0.0,-0.8104,0.0,0.0,0.0,0.0,1.8657,1.0,1.0,1.0,-4.4528,0.0,0.0,0.3553,0.0,1.0,1.0,-3.5,44.0,-6.0,32.0
2020_11_ARI_SEA,2020,11,SEA,ARI,-1.5495,52.9802,69.9476,72.2738,142.2214,1.0,0.0,2.8841,0.0,0.0,0.0,0.0,-6.8844,1.0,1.0,1.0,-1.5495,-1.0,0.0,1.1043,0.0,1.0,0.0,3.0,56.5,7.0,49.0
2020_11_TEN_BAL,2020,11,BAL,TEN,2.4841,50.0688,69.3947,62.3593,131.754,1.0,-0.36,3.2827,0.0,0.0,0.0,0.0,6.0474,0.0,0.0,0.0,0.0,1.0,0.0,0.5945,0.0,0.0,0.0,6.0,50.5,-6.0,54.0
2020_11_DET_CAR,2020,11,CAR,DET,2.4372,55.1979,66.8355,65.5648,132.4004,1.0,0.0,-0.39,-5.4104,0.0,-5.4104,-5.4104,1.2253,0.0,0.0,0.0,0.0,0.0,0.0,0.5055,0.0,0.0,0.0,-3.0,47.0,20.0,20.0
2020_11_PHI_CLE,2020,11,CLE,PHI,3.8026,45.5809,64.341,68.5152,132.8561,1.0,0.0,0.5532,0.0,0.0,0.0,0.0,0.0443,0.0,0.0,0.0,0.0,0.0,0.0,0.3596,0.0,0.0,7.0,2.5,45.5,5.0,39.0
2020_11_NE_HOU,2020,11,HOU,NE,-2.3617,52.118,58.0793,66.3107,124.39,1.0,0.0,-3.9346,0.0,0.0,0.0,0.0,-0.5043,0.0,0.0,0.0,-0.0,-1.0,0.0,1.5919,1.0,0.0,0.0,-2.5,49.5,7.0,47.0
2020_11_PIT_JAX,2020,11,JAX,PIT,-14.3875,43.1593,65.1144,66.3264,131.4407,1.0,0.0,-13.5722,-2.3883,0.0,-2.3883,-2.3883,-6.223,0.0,0.0,0.0,-0.0,0.0,0.0,0.7054,0.0,0.0,0.0,-11.0,47.0,-24.0,30.0
2020_11_ATL_NO,2020,11,NO,ATL,4.3595,50.2248,64.5427,68.137,132.6797,1.0,-0.84,6.4274,-4.1323,0.0,-4.1323,-4.1323,3.3435,1.0,0.0,0.0,4.3595,-1.0,0.0,0.4244,1.0,0.0,0.0,3.5,49.5,15.0,33.0
2020_11_CIN_WAS,2020,11,WAS,CIN,-1.2861,47.3465,65.2927,68.0298,133.3225,1.0,0.0,-1.7554,2.0105,0.0,2.0105,2.0105,0.9744,0.0,0.0,0.0,-0.0,0.0,0.0,0.411,0.0,0.0,0.0,2.0,48.0,11.0,29.0
2020_11_MIA_DEN,2020,11,DEN,MIA,-6.8865,41.0051,68.6361,63.3501,131.9862,1.0,0.0,-3.8868,0.0,-1.7746,1.7746,-1.7746,-2.754,0.0,0.0,0.0,-0.0,-2.0,0.0,1.7159,0.0,0.0,0.0,-4.0,46.0,7.0,33.0
2020_11_NYJ_LAC,2020,11,LAC,NYJ,9.1114,46.6017,71.395,59.6914,131.0865,1.0,-0.72,4.5022,0.0,1.5217,-1.5217,1.5217,1.9477,0.0,0.0,0.0,0.0,-3.0,0.0,2.4495,1.0,0.0,0.0,10.0,47.0,6.0,62.0
2020_11_GB_IND,2020,11,IND,GB,-3.1044,47.1497,62.4189,63.4848,125.9037,1.0,0.36,-2.6925,0.0,0.0,0.0,0.0,0.2959,0.0,0.0,0.0,-0.0,1.0,0.0,0.3417,1.0,0.0,0.0,1.5,52.0,3.0,65.0
2020_11_DAL_MIN,2020,11,MIN,DAL,9.5144,42.8567,64.0291,72.1885,136.2176,1.0,-0.96,6.4352,0.0,-5.6334,5.6334,-5.6334,-0.4484,0.0,0.0,0.0,0.0,0.0,0.0,0.8694,1.0,0.0,0.0,7.0,50.0,-3.0,59.0
2020_11_KC_LV,2020,11,LV,KC,-5.3073,57.455,66.9408,64.7859,131.7266,1.0,-0.84,-8.5662,0.0,0.0,0.0,0.0,-1.1488,1.0,1.0,1.0,-5.3073,-2.0,0.0,1.1493,1.0,0.0,0.0,-7.5,56.5,-4.0,66.0
2020_11_LA_TB,2020,11,TB,LA,0.9683,40.8778,65.2467,66.8283,132.075,1.0,0.0,-0.1347,0.0,0.0,0.0,0.0,-0.2039,0.0,1.0,1.0,0.0,3.0,0.0,2.1518,0.0,0.0,0.0,4.0,47.5,-3.0,51.0
2020_12_HOU_DET,2020,12,DET,HOU,-3.3214,54.2953,65.465,65.2401,130.705,1.0,0.0,-3.9683,0.0,0.0,0.0,0.0,-2.0316,0.0,0.0,0.0,-0.0,1.0,0.0,1.112,1.0,0.0,0.0,-3.0,52.5,-16.0,66.0
2020_12_WAS_DAL,2020,12,DAL,WAS,-1.141,43.0659,69.1083,65.9633,135.0716,1.0,0.0,1.712,-5.4744,0.0,-5.4744,-5.4744,0.5598,1.0,0.0,0.0,-1.141,-1.0,0.0,1.2074,1.0,0.0,0.0,2.5,46.0,-25.0,57.0
2020_12_LV_ATL,2020,12,ATL,LV,-2.4061,55.9545,69.5767,64.0115,133.5882,1.0,0.0,-0.691,0.0,0.0,0.0,0.0,-2.3193,0.0,0.0,0.0,-0.0,3.0,1.0,1.7441,1.0,0.0,0.0,-3.5,53.0,37.0,49.0
2020_12_LAC_BUF,2020,12,BUF,LAC,0.0151,48.548,62.1554,71.122,133.2774,1.0,0.84,5.6467,0.0,0.0,0.0,0.0,2.3808,0.0,0.0,0.0,0.0,3.0,1.0,2.2057,0.0,0.0,0.0,4.5,51.0,10.0,44.0
2020_12_NYG_CIN,2020,12,CIN,NYG,0.2407,48.917,69.7923,63.9305,133.7228,1.0,-0.84,-0.9039,-3.9849,0.0,-3.9849,-3.9849,-0.7216,0.0,0.0,0.0,0.0,0.0,0.0,0.5653,0.0,0.0,0.0,-6.5,45.0,-2.0,36.0
2020_12_TEN_IND,2020,12,IND,TEN,-0.8026,50.3938,70.7304,62.2243,132.9547,1.0,0.0,-0.4104,0.0,0.0,0.0,0.0,4.4141,1.0,0.0,0.0,-0.8026,1.0,0.0,0.2505,1.0,0.0,0.0,3.0,51.5,-19.0,71.0
2020_12_CLE_JAX,2020,12,JAX,CLE,-9.9868,46.2375,65.4578,63.5802,129.038,1.0,0.0,-7.5541,-1.8279,0.0,-1.8279,-1.8279,-0.6481,0.0,0.0,0.0,-0.0,0.0,0.0,0.7727,0.0,0.0,0.0,-7.5,48.5,-2.0,52.0
2020_12_CAR_MIN,2020,12,MIN,CAR,2.8448,49.0074,62.5654,64.7185,127.2839,1.0,0.0,4.6265,0.0,0.0,0.0,0.0,-3.6597,0.0,0.0,0.0,0.0,-1.0,0.0,0.9379,1.0,0.0,0.0,3.0,50.0,1.0,55.0
2020_12_ARI_NE,2020,12,NE,ARI,-2.7348,50.6579,68.7141,62.9974,131.7115,1.0,-0.36,0.9087,0.0,0.0,0.0,0.0,-4.7167,0.0,0.0,0.0,-0.0,2.0,1.0,2.2914,0.0,0.0,0.0,-1.0,51.0,3.0,37.0
2020_12_MIA_NYJ,2020,12,NYJ,MIA,-9.227,45.8623,63.9796,65.1666,129.1462,1.0,0.0,-8.6458,0.0,0.0,0.0,0.0,-4.6176,1.0,0.0,0.0,-9.227,0.0,0.0,1.0856,0.0,0.0,0.0,-7.5,46.0,-17.0,23.0
2020_12_NO_DEN,2020,12,DEN,NO,-8.569,40.3947,64.8328,66.7457,131.5785,1.0,0.0,-9.0114,-1.9498,-3.7397,1.7899,-5.6895,-4.6366,0.0,0.0,0.0,-0.0,-1.0,0.0,1.0816,0.0,0.0,7.0,-17.0,36.5,-28.0,34.0
2020_12_SF_LA,2020,12,LA,SF,4.3743,41.8307,65.2657,64.8753,130.1411,1.0,-0.96,2.624,0.0,-2.1777,2.1777,-2.1777,5.9091,1.0,0.0,0.0,4.3743,0.0,0.0,0.3135,1.0,0.0,0.0,5.0,44.5,-3.0,43.0
2020_12_KC_TB,2020,12,TB,KC,-1.8092,52.6019,67.1653,65.2133,132.3786,1.0,-0.12,-6.9427,0.0,0.0,0.0,0.0,0.3852,0.0,0.0,0.0,-0.0,1.0,0.0,1.0285,0.0,0.0,0.0,-3.5,56.0,-3.0,51.0
2020_12_CHI_GB,2020,12,GB,CHI,6.1069,40.5885,65.971,63.4237,129.3947,1.0,-0.72,5.1541,0.0,2.2789,-2.2789,2.2789,4.1691,1.0,1.0,1.0,6.1069,0.0,0.0,0.1837,0.0,3.0,8.0,7.5,44.0,16.0,66.0
2020_12_SEA_PHI,2020,12,PHI,SEA,-3.5871,47.1647,71.8374,67.5497,139.3871,1.0,-0.36,-5.8485,0.0,0.0,0.0,0.0,1.8688,0.0,1.0,1.0,-0.0,3.0,0.0,2.375,0.0,6.0,0.0,-6.5,50.0,-6.0,40.0
2020_12_BAL_PIT,2020,12,PIT,BAL,3.5752,41.7093,65.4422,64.4318,129.874,1.0,0.0,1.5451,0.0,-6.2699,6.2699,-6.2699,2.8332,1.0,0.0,0.0,3.5752,0.0,0.0,0.1972,0.0,4.0,9.0,10.5,41.5,5.0,33.0
2020_13_NO_ATL,2020,13,ATL,NO,-4.8187,43.8189,65.6486,64.498,130.1467,1.0,0.0,-6.6913,0.0,-4.9666,4.9666,-4.9666,-5.0714,1.0,0.0,0.0,-4.8187,1.0,0.0,0.4244,1.0,0.0,0.0,-2.5,46.0,-5.0,37.0
2020_13_DET_CHI,2020,13,CHI,DET,2.9707,42.441,66.5891,67.245,133.8341,1.0,-0.36,5.1021,2.2701,0.0,2.2701,2.2701,-0.4667,1.0,0.0,0.0,2.9707,-1.0,0.0,0.2366,0.0,0.0,10.0,3.0,44.0,-4.0,64.0
2020_13_IND_HOU,2020,13,HOU,IND,-1.2275,51.7049,59.8195,70.2737,130.0933,1.0,0.36,-2.2366,0.0,0.0,0.0,0.0,-0.0766,1.0,0.0,0.0,-1.2275,-1.0,0.0,0.8709,1.0,0.0,0.0,-3.5,50.0,-6.0,46.0
2020_13_CIN_MIA,2020,13,MIA,CIN,5.9489,45.4894,63.4332,68.0794,131.5126,1.0,0.0,6.8762,-2.8992,-5.7681,2.8689,-8.6673,3.5159,0.0,0.0,0.0,0.0,0.0,0.0,0.941,0.0,0.0,0.0,10.5,43.0,12.0,26.0
2020_13_JAX_MIN,2020,13,MIN,JAX,8.4522,48.949,64.3543,64.8295,129.1838,1.0,0.0,9.4138,0.0,-1.1851,1.1851,-1.1851,-2.5254,0.0,0.0,0.0,0.0,-1.0,0.0,1.1925,1.0,0.0,0.0,10.5,51.0,3.0,51.0
2020_13_LV_NYJ,2020,13,NYJ,LV,-8.81,48.8374,63.2147,67.6472,130.8619,1.0,0.0,-8.17,0.0,0.0,0.0,0.0,-4.7599,0.0,0.0,0.0,-0.0,3.0,1.0,2.2277,0.0,8.0,6.0,-7.5,48.0,-3.0,59.0
2020_13_CLE_TEN,2020,13,TEN,CLE,3.3089,58.4007,65.358,66.2256,131.5836,1.0,0.0,4.8879,0.0,0.0,0.0,0.0,-3.0451,0.0,0.0,0.0,0.0,-1.0,0.0,0.4588,0.0,0.0,0.0,4.0,54.0,-6.0,76.0
2020_13_LA_ARI,2020,13,ARI,LA,-1.7188,40.7854,68.1269,69.4681,137.5949,1.0,0.0,-3.9849,0.0,0.0,0.0,0.0,0.6415,1.0,0.0,0.0,-1.7188,1.0,0.0,0.3503,1.0,0.0,0.0,-2.5,49.0,-10.0,66.0
2020_13_NYG_SEA,2020,13,SEA,NYG,3.3737,51.1016,64.6836,69.9193,134.603,1.0,-0.12,8.6599,0.0,-2.8586,2.8586,-2.8586,-2.9725,0.0,0.0,0.0,0.0,-3.0,0.0,2.3957,0.0,0.0,0.0,11.0,48.5,-5.0,29.0
2020_13_PHI_GB,2020,13,GB,PHI,8.5111,46.8888,66.5085,66.4286,132.937,1.0,0.12,7.7881,0.0,0.0,0.0,0.0,4.7837,0.0,0.0,0.0,0.0,-1.0,0.0,0.7315,0.0,0.0,11.0,8.0,50.0,14.0,46.0
2020_13_NE_LAC,2020,13,LAC,NE,2.417,48.5337,67.9905,61.0882,129.0788,1.0,0.0,-4.7798,0.0,0.0,0.0,0.0,2.0788,0.0,0.0,0.0,0.0,-3.0,0.0,2.5896,1.0,0.0,0.0,2.5,47.0,-45.0,45.0
2020_13_DEN_KC,2020,13,KC,DEN,11.321,50.3052,67.9798,64.1929,132.1726,1.0,0.0,12.4754,0.0,0.0,0.0,0.0,3.1008,1.0,1.0,1.0,11.321,1.0,0.0,0.5643,0.0,0.0,4.0,13.0,51.0,6.0,38.0
2020_13_WAS_PIT,2020,13,PIT,WAS,10.1848,39.0133,65.492,63.2605,128.7524,1.0,-0.72,10.83,0.0,0.0,0.0,0.0,7.3792,0.0,0.0,0.0,0.0,0.0,0.0,0.1985,0.0,0.0,11.0,5.5,43.5,-6.0,40.0
2020_13_BUF_SF,2020,13,SF,BUF,-0.871,46.8236,67.9682,61.8683,129.8366,0.0,0.0,-0.8539,0.0,0.0,0.0,0.0,-3.5825,0.0,1.0,0.0,-0.0,0.0,0.0,0.0,1.0,0.0,0.0,1.5,48.0,-10.0,58.0
2020_13_DAL_BAL,2020,13,BAL,DAL,8.191,43.0253,65.2978,68.7307,134.0285,1.0,-0.72,9.5964,0.0,-6.2099,6.2099,-6.2099,2.4882,0.0,1.0,1.0,0.0,1.0,0.0,1.2265,0.0,0.0,7.0,8.5,46.0,17.0,51.0
2020_14_NE_LA,2020,14,LA,NE,4.0753,40.9578,65.7754,63.7855,129.5609,1.0,0.0,1.82,0.0,0.0,0.0,0.0,2.7186,0.0,1.0,1.0,0.0,-3.0,0.0,2.5896,1.0,0.0,0.0,5.0,43.5,21.0,27.0
2020_14_DEN_CAR,2020,14,CAR,DEN,3.0868,43.7447,64.6625,64.2034,128.8658,1.0,0.84,-0.9792,0.0,0.0,0.0,0.0,3.5415,0.0,0.0,0.0,0.0,2.0,1.0,1.3569,0.0,0.0,0.0,4.0,46.0,-5.0,59.0
2020_14_HOU_CHI,2020,14,CHI,HOU,-2.2692,46.8828,67.7484,63.0266,130.775,1.0,0.0,-0.8297,2.6252,0.0,2.6252,2.6252,-2.8044,0.0,0.0,0.0,-0.0,0.0,0.0,0.9471,0.0,0.0,11.0,-1.0,46.0,29.0,43.0
2020_14_DAL_CIN,2020,14,CIN,DAL,0.3196,46.807,65.9083,70.7312,136.6395,1.0,0.24,-0.9565,-6.0654,0.0,-6.0654,-6.0654,-4.6241,0.0,0.0,0.0,0.0,1.0,0.0,0.8281,0.0,0.0,1.0,-3.0,44.0,-23.0,37.0
2020_14_TEN_JAX,2020,14,JAX,TEN,-9.6943,56.0935,68.1874,68.0787,136.2661,1.0,0.0,-12.0595,-1.8473,0.0,-1.8473,-1.8473,4.0505,1.0,0.0,0.0,-9.6943,1.0,0.0,0.5008,0.0,0.0,0.0,-7.5,53.0,-21.0,41.0
2020_14_KC_MIA,2020,14,MIA,KC,-5.3528,54.8233,63.2003,65.8933,129.0936,1.0,0.0,-8.9981,-2.1534,0.0,-2.1534,-2.1534,0.4255,0.0,0.0,0.0,-0.0,1.0,0.0,1.2246,0.0,0.0,0.0,-7.5,51.5,-6.0,60.0
2020_14_ARI_NYG,2020,14,NYG,ARI,-1.5557,46.145,67.6637,67.144,134.8078,1.0,0.0,-1.9012,0.0,0.0,0.0,0.0,-2.9547,0.0,0.0,0.0,-0.0,2.0,1.0,2.1441,0.0,5.0,0.0,-3.0,47.0,-19.0,33.0
2020_14_MIN_TB,2020,14,TB,MIN,3.1881,45.9304,66.3134,66.4101,132.7235,1.0,0.84,0.9117,0.0,0.0,0.0,0.0,5.5126,0.0,0.0,0.0,0.0,1.0,0.0,1.315,0.0,0.0,0.0,7.0,52.5,12.0,40.0
2020_14_IND_LV,2020,14,LV,IND,-1.775,50.1931,63.9529,68.465,132.4179,1.0,0.0,-3.1901,0.0,0.0,0.0,0.0,0.96,0.0,0.0,0.0,-0.0,-3.0,0.0,1.5947,1.0,0.0,0.0,-2.5,51.5,-17.0,71.0
2020_14_NYJ_SEA,2020,14,SEA,NYJ,7.7246,49.2761,69.9297,63.9463,133.876,1.0,0.0,12.6325,0.0,0.0,0.0,0.0,0.9219,0.0,0.0,0.0,0.0,-3.0,0.0,2.3957,0.0,0.0,2.0,16.5,49.5,37.0,43.0
2020_14_GB_DET,2020,14,DET,GB,-12.3824,55.0866,64.2077,65.7845,129.9923,1.0,0.0,-10.9482,0.0,0.0,0.0,0.0,-4.8051,1.0,0.0,0.0,-12.3824,1.0,0.0,0.2927,1.0,0.0,0.0,-9.5,55.5,-7.0,55.0
2020_14_ATL_LAC,2020,14,LAC,ATL,-2.1264,44.3842,71.7821,65.8241,137.6061,1.0,0.0,-5.412,0.0,0.0,0.0,0.0,1.4223,0.0,0.0,0.0,-0.0,-3.0,0.0,1.9385,1.0,0.0,0.0,1.0,49.0,3.0,37.0
2020_14_NO_PHI,2020,14,PHI,NO,-11.8593,41.7301,64.1409,67.0904,131.2312,1.0,0.0,-11.2093,0.843,-4.2293,5.0722,-3.3863,-6.2964,0.0,0.0,0.0,-0.0,1.0,0.0,1.0866,0.0,0.0,0.0,-7.5,43.0,3.0,45.0
2020_14_WAS_SF,2020,14,SF,WAS,1.9789,42.5668,64.7518,63.5982,128.35,0.0,0.0,3.953,0.0,0.0,0.0,0.0,-1.4153,0.0,0.0,0.0,0.0,0.0,0.0,0.0,1.0,0.0,0.0,3.0,43.5,-8.0,38.0
2020_14_PIT_BUF,2020,14,BUF,PIT,-3.6173,44.9092,64.1532,68.4468,132.6,1.0,0.0,-1.9024,0.0,0.0,0.0,0.0,-6.0016,0.0,1.0,1.0,-0.0,0.0,0.0,0.1729,0.0,1.0,10.0,2.0,48.5,11.0,41.0
2020_14_BAL_CLE,2020,14,CLE,BAL,-0.5887,49.2949,64.3272,64.0761,128.4033,1.0,0.24,-3.6771,0.0,0.0,0.0,0.0,-2.3272,1.0,1.0,1.0,-0.5887,0.0,0.0,0.3083,0.0,8.0,11.0,-3.0,45.5,-5.0,89.0
2020_15_LAC_LV,2020,15,LV,LAC,-2.2928,51.6606,62.6529,72.0058,134.6587,1.0,0.0,2.4594,0.0,0.0,0.0,0.0,1.7993,1.0,1.0,1.0,-2.2928,0.0,0.0,0.2317,1.0,0.0,0.0,3.5,52.0,-3.0,57.0
2020_15_BUF_DEN,2020,15,DEN,BUF,-7.0422,45.3278,64.0041,66.7611,130.7652,1.0,0.0,-6.7735,0.0,0.0,0.0,0.0,-3.1621,0.0,0.0,0.0,-0.0,-2.0,0.0,1.3729,0.0,14.0,0.0,-5.5,49.0,-29.0,67.0
2020_15_CAR_GB,2020,15,GB,CAR,8.0124,55.6579,63.6111,63.0749,126.686,1.0,0.0,10.2976,0.0,0.0,0.0,0.0,1.7311,0.0,1.0,1.0,0.0,-1.0,0.0,0.7456,0.0,0.0,12.0,9.5,53.0,8.0,40.0
2020_15_TB_ATL,2020,15,ATL,TB,-3.4611,48.4979,69.1774,64.9497,134.1271,1.0,0.0,-3.2106,0.0,0.0,0.0,0.0,-4.5043,1.0,0.0,0.0,-3.4611,0.0,0.0,0.4149,1.0,0.0,0.0,-6.0,49.5,-4.0,58.0
2020_15_JAX_BAL,2020,15,BAL,JAX,10.5766,47.735,65.4747,67.407,132.8816,1.0,-0.12,13.928,0.0,0.0,0.0,0.0,-0.4639,0.0,0.0,0.0,0.0,0.0,0.0,0.6807,0.0,0.0,6.0,13.0,49.5,26.0,54.0
2020_15_SF_DAL,2020,15,DAL,SF,-4.7938,41.8681,65.6057,67.4988,133.1045,1.0,0.0,-4.4561,0.0,0.0,0.0,0.0,3.5974,0.0,0.0,0.0,-0.0,2.0,0.0,1.4385,1.0,0.0,0.0,-4.0,46.0,8.0,74.0
2020_15_HOU_IND,2020,15,IND,HOU,4.4037,52.6661,68.2954,60.7589,129.0543,1.0,0.0,5.9917,0.0,0.0,0.0,0.0,1.2403,1.0,0.0,0.0,4.4037,1.0,0.0,0.8709,1.0,0.0,0.0,7.5,52.5,7.0,47.0
2020_15_NE_MIA,2020,15,MIA,NE,2.3243,43.5137,62.4072,62.7759,125.1831,1.0,-0.36,-0.6433,-2.0109,0.0,-2.0109,-2.0109,3.7738,1.0,0.0,0.0,2.3243,0.0,0.0,1.2258,0.0,0.0,0.0,-1.5,40.0,10.0,34.0
2020_15_CHI_MIN,2020,15,MIN,CHI,2.0225,42.3837,68.415,64.0343,132.4493,1.0,0.0,1.3364,0.0,3.0899,-3.0899,3.0899,-3.4431,1.0,0.0,0.0,2.0225,0.0,0.0,0.3553,1.0,0.0,0.0,2.5,47.5,-6.0,60.0
2020_15_DET_TEN,2020,15,TEN,DET,8.6678,59.3383,66.799,69.3533,136.1523,1.0,0.0,9.8218,0.0,0.0,0.0,0.0,-2.1473,0.0,0.0,0.0,0.0,-1.0,0.0,0.4707,0.0,0.0,0.0,9.5,54.5,21.0,71.0
2020_15_SEA_WAS,2020,15,WAS,SEA,-0.6794,43.1894,66.4174,67.1254,133.5428,1.0,0.0,-5.2189,-1.0463,0.0,-1.0463,-1.0463,0.8401,0.0,0.0,0.0,-0.0,3.0,1.0,2.3298,0.0,0.0,2.0,-6.0,44.5,-5.0,35.0
2020_15_PHI_ARI,2020,15,ARI,PHI,4.8206,45.8991,68.7705,68.0787,136.8492,1.0,0.0,1.9512,0.0,1.7086,-1.7086,1.7086,5.0669,0.0,0.0,0.0,0.0,-2.0,0.0,2.0857,1.0,0.0,0.0,6.5,49.5,7.0,59.0
2020_15_NYJ_LA,2020,15,LA,NYJ,14.553,39.5133,71.9453,60.1883,132.1336,1.0,0.36,14.6883,0.0,0.0,0.0,0.0,6.9334,0.0,0.0,0.0,0.0,-3.0,0.0,2.4495,1.0,0.0,0.0,17.5,44.5,-3.0,43.0
2020_15_KC_NO,2020,15,NO,KC,-0.2962,54.5079,67.3742,63.3993,130.7735,1.0,0.0,-3.0757,0.0,0.0,0.0,0.0,0.9015,0.0,0.0,0.0,-0.0,0.0,0.0,0.6765,1.0,0.0,0.0,-2.5,53.5,-3.0,61.0
2020_15_CLE_NYG,2020,15,NYG,CLE,-2.9531,48.5965,63.5419,65.7465,129.2883,1.0,0.12,-4.8394,-3.2727,0.0,-3.2727,-3.2727,-2.4206,0.0,1.0,1.0,-0.0,0.0,0.0,0.3994,0.0,0.0,9.0,-6.0,44.5,-14.0,26.0
2020_15_PIT_CIN,2020,15,CIN,PIT,-13.5079,39.4879,65.9761,65.691,131.6671,1.0,0.0,-12.655,-8.3858,0.0,-8.3858,-8.3858,-10.3148,1.0,1.0,1.0,-13.5079,0.0,0.0,0.2566,0.0,0.0,2.0,-14.5,40.5,10.0,44.0
2020_16_MIN_NO,2020,16,NO,MIN,4.8494,44.3948,64.0963,67.0026,131.0989,1.0,0.0,7.2071,0.0,0.0,0.0,0.0,7.5563,0.0,0.0,0.0,0.0,0.0,0.0,1.0523,1.0,0.0,0.0,6.5,49.0,19.0,85.0
2020_16_TB_DET,2020,16,DET,TB,-10.3569,55.4149,66.9623,65.198,132.1604,1.0,0.0,-9.7546,0.0,0.0,0.0,0.0,-3.6797,0.0,0.0,0.0,-0.0,0.0,0.0,0.993,1.0,0.0,0.0,-12.0,55.0,-40.0,54.0
2020_16_SF_ARI,2020,16,ARI,SF,1.8027,44.3415,65.3828,70.8169,136.1997,1.0,0.0,1.251,0.0,-0.8735,0.8735,-0.8735,8.5906,1.0,0.0,0.0,1.8027,1.0,0.0,0.608,1.0,0.0,0.0,6.0,49.0,-8.0,32.0
2020_16_MIA_LV,2020,16,LV,MIA,-4.5356,51.7393,64.9424,66.0045,130.947,1.0,0.36,-3.9559,0.0,0.0,0.0,0.0,0.173,0.0,1.0,1.0,-0.0,-3.0,0.0,2.1707,1.0,0.0,0.0,-2.0,50.0,-1.0,51.0
2020_16_NYG_BAL,2020,16,BAL,NYG,6.0063,45.0845,63.3435,63.9579,127.3014,1.0,0.0,10.7314,0.0,0.0,0.0,0.0,4.5892,0.0,0.0,0.0,0.0,0.0,0.0,0.1715,0.0,0.0,7.0,10.0,43.5,14.0,40.0
2020_16_CIN_HOU,2020,16,HOU,CIN,1.7946,49.5411,61.9405,65.8379,127.7785,1.0,0.12,3.7007,0.0,-4.5488,4.5488,-4.5488,2.7057,0.0,0.0,0.0,0.0,-1.0,0.0,0.8979,1.0,0.0,0.0,7.5,46.0,-6.0,68.0
2020_16_CHI_JAX,2020,16,JAX,CHI,-7.0186,43.1499,65.9666,67.1482,133.1147,1.0,0.0,-9.1217,-2.7314,0.0,-2.7314,-2.7314,2.0813,0.0,0.0,0.0,-0.0,1.0,0.0,0.8638,0.0,0.0,0.0,-9.5,47.0,-24.0,58.0
2020_16_ATL_KC,2020,16,KC,ATL,7.7204,52.8445,69.2863,67.5533,136.8395,1.0,0.0,11.568,0.0,0.0,0.0,0.0,2.5008,0.0,0.0,0.0,0.0,-1.0,0.0,0.6689,0.0,0.0,0.0,11.0,54.0,3.0,31.0
2020_16_CLE_NYJ,2020,16,NYJ,CLE,-9.1537,51.1799,60.2648,68.0543,128.3191,1.0,0.0,-9.9715,0.0,0.0,0.0,0.0,-4.3169,0.0,0.0,0.0,-0.0,0.0,0.0,0.3994,0.0,0.0,8.0,-6.5,45.0,7.0,39.0
2020_16_IND_PIT,2020,16,PIT,IND,1.8688,38.9956,65.2466,64.2215,129.4681,1.0,-0.12,-0.6382,0.0,0.0,0.0,0.0,5.363,0.0,0.0,0.0,0.0,0.0,0.0,0.3283,0.0,0.0,8.0,-1.0,43.0,4.0,52.0
2020_16_DEN_LAC,2020,16,LAC,DEN,3.1048,44.8011,72.347,61.852,134.199,1.0,0.24,-0.6644,0.0,0.0,0.0,0.0,1.3692,1.0,0.0,0.0,3.1048,-1.0,0.0,0.8369,1.0,0.0,0.0,2.5,47.5,3.0,35.0
2020_16_CAR_WAS,2020,16,WAS,CAR,1.8775,43.5891,65.2225,64.1173,129.3398,1.0,-0.12,2.4351,-0.5122,0.0,-0.5122,-0.5122,-2.4525,0.0,0.0,0.0,0.0,0.0,0.0,0.3362,0.0,0.0,4.0,-1.0,41.0,-7.0,33.0
2020_16_PHI_DAL,2020,16,DAL,PHI,-2.1195,43.4646,67.9323,70.2466,138.1789,1.0,0.0,-0.5093,0.0,2.7827,-2.7827,2.7827,2.0412,1.0,0.0,0.0,-2.1195,-1.0,0.0,1.3126,1.0,0.0,0.0,-3.0,50.0,20.0,54.0
2020_16_LA_SEA,2020,16,SEA,LA,-1.8208,41.3139,64.5581,69.3653,133.9234,1.0,0.0,-0.1165,0.0,0.0,0.0,0.0,-3.3571,1.0,0.0,0.0,-1.8208,0.0,0.0,0.9651,0.0,0.0,0.0,1.5,48.0,11.0,29.0
2020_16_TEN_GB,2020,16,GB,TEN,3.4657,61.6682,67.3631,64.5643,131.9274,1.0,0.12,1.6301,0.0,0.0,0.0,0.0,6.7065,0.0,1.0,1.0,0.0,0.0,0.0,0.5799,0.0,5.0,17.0,3.0,52.5,26.0,54.0
2020_16_BUF_NE,2020,16,NE,BUF,-8.5097,49.9402,63.0782,64.7477,127.8259,1.0,-0.12,-5.163,0.0,0.0,0.0,0.0,-2.3946,1.0,1.0,1.0,-8.5097,0.0,0.0,0.3864,0.0,0.0,4.0,-7.0,47.0,-29.0,47.0
2020_17_MIA_BUF,2020,17,BUF,MIA,5.3914,49.6452,64.8664,64.179,129.0454,1.0,-0.24,4.7938,0.0,0.0,0.0,0.0,0.4969,1.0,0.0,0.0,5.3914,0.0,0.0,1.1648,0.0,0.0,10.0,-3.5,42.5,30.0,82.0
2020_17_BAL_CIN,2020,17,CIN,BAL,-8.5675,49.1645,67.2922,61.6314,128.9236,1.0,0.0,-11.2274,-2.324,0.0,-2.324,-2.324,-5.846,1.0,0.0,0.0,-8.5675,0.0,0.0,0.4228,0.0,0.0,6.0,-13.5,46.0,-35.0,41.0
2020_17_PIT_CLE,2020,17,CLE,PIT,-3.6405,42.0005,65.3859,65.3088,130.6948,1.0,0.0,-3.9125,0.0,-3.6272,3.6272,-3.6272,-5.7856,1.0,0.0,0.0,-3.6405,0.0,0.0,0.1143,0.0,0.0,7.0,10.5,45.0,2.0,46.0
2020_17_MIN_DET,2020,17,DET,MIN,-8.2883,54.2644,64.2977,68.4742,132.7719,1.0,-0.12,-5.8989,0.0,0.0,0.0,0.0,1.629,1.0,0.0,0.0,-8.2883,1.0,0.0,0.5415,1.0,0.0,0.0,-3.0,54.0,-2.0,72.0
2020_17_NYJ_NE,2020,17,NE,NYJ,0.0934,43.0517,65.4923,60.3317,125.824,1.0,-0.12,7.1765,0.0,0.0,0.0,0.0,0.1352,1.0,0.0,0.0,0.0934,0.0,0.0,0.1702,0.0,0.0,12.0,3.0,41.0,14.0,42.0
2020_17_DAL_NYG,2020,17,NYG,DAL,-0.6941,44.0111,65.2289,67.6335,132.8624,1.0,0.0,-3.3675,0.0,0.0,0.0,0.0,-1.9034,1.0,0.0,0.0,-0.6941,1.0,0.0,1.3851,0.0,0.0,12.0,-1.5,44.5,4.0,42.0
2020_17_ATL_TB,2020,17,TB,ATL,5.2989,46.8573,66.0275,67.3396,133.3671,1.0,0.12,5.0975,0.0,0.0,0.0,0.0,5.271,1.0,0.0,0.0,5.2989,0.0,0.0,0.4149,0.0,0.0,0.0,7.5,51.0,17.0,71.0
2020_17_NO_CAR,2020,17,CAR,NO,-6.5446,47.5532,64.3153,65.0941,129.4094,1.0,-0.24,-11.0111,0.0,0.0,0.0,0.0,-1.6914,1.0,0.0,0.0,-6.5446,1.0,0.0,0.6487,0.0,0.0,0.0,-6.0,47.0,-26.0,40.0
2020_17_GB_CHI,2020,17,CHI,GB,-8.907,49.7368,63.7341,64.3734,128.1075,1.0,0.0,-6.323,0.0,0.0,0.0,0.0,-4.0483,1.0,0.0,0.0,-8.907,0.0,0.0,0.1837,0.0,0.0,13.0,-4.5,48.5,-19.0,51.0
2020_17_LV_DEN,2020,17,DEN,LV,-1.41,49.9262,65.0058,66.7642,131.77,1.0,-0.12,-0.7208,0.0,0.0,0.0,0.0,-2.9278,1.0,0.0,0.0,-1.41,1.0,0.0,0.6083,0.0,0.0,0.0,-2.5,50.5,-1.0,63.0
2020_17_TEN_HOU,2020,17,HOU,TEN,-5.5534,61.8292,64.2803,65.7078,129.9882,1.0,0.0,-7.3449,0.0,0.0,0.0,0.0,2.6105,1.0,0.0,0.0,-5.5534,0.0,0.0,0.6715,1.0,0.0,0.0,-7.0,55.5,-3.0,79.0
2020_17_JAX_IND,2020,17,IND,JAX,11.4495,48.403,68.1877,63.2532,131.441,1.0,0.0,12.8771,0.0,-2.9739,2.9739,-2.9739,-2.4611,1.0,0.0,0.0,11.4495,0.0,0.0,0.7002,1.0,0.0,0.0,15.5,48.0,14.0,42.0
2020_17_LAC_KC,2020,17,KC,LAC,5.8286,53.4373,67.1527,70.003,137.1556,1.0,0.0,14.0069,-9.3498,0.0,-9.3498,-9.3498,2.623,1.0,0.0,0.0,5.8286,2.0,0.0,1.3666,0.0,0.0,10.0,-7.0,43.0,-17.0,59.0
2020_17_ARI_LA,2020,17,LA,ARI,2.9623,39.0884,69.0368,67.815,136.8518,1.0,-0.12,3.9665,-5.6542,-5.4815,-0.1727,-11.1357,-3.1194,1.0,0.0,0.0,2.9623,-1.0,0.0,0.3503,1.0,0.0,0.0,1.0,42.0,11.0,25.0
2020_17_SEA_SF,2020,17,SF,SEA,-1.5286,43.4765,70.0196,63.8905,133.91,0.0,0.12,-4.801,-0.4844,0.0,-0.4844,-0.4844,-2.7503,1.0,0.0,0.0,-1.5286,0.0,0.0,0.0,1.0,0.0,0.0,-7.0,45.0,-3.0,49.0
2020_17_WAS_PHI,2020,17,PHI,WAS,-2.2487,37.6024,67.6297,67.7072,135.3369,1.0,0.0,-0.6939,2.0635,1.2131,0.8504,3.2766,-0.4382,1.0,1.0,1.0,-2.2487,0.0,0.0,0.1136,0.0,0.0,7.0,-6.5,43.5,-6.0,34.0
2020_18_IND_BUF,2020,18,BUF,IND,5.0431,51.3797,65.5095,65.9353,131.4448,1.0,0.0,3.823,0.0,0.0,0.0,0.0,1.1141,0.0,0.0,0.0,0.0,0.0,0.0,0.4358,0.0,0.0,11.0,7.0,50.5,3.0,51.0
2020_18_LA_SEA,2020,18,SEA,LA,-0.9916,38.7829,62.8724,70.7561,133.6285,1.0,0.0,1.4024,0.0,-2.4597,2.4597,-2.4597,-2.4963,1.0,0.0,0.0,-0.9916,0.0,0.0,0.9651,0.0,0.0,6.0,3.0,42.0,-10.0,50.0
2020_18_TB_WAS,2020,18,WAS,TB,-7.8574,42.1171,67.0417,64.534,131.5756,1.0,0.0,-7.3645,2.6425,0.0,2.6425,2.6425,-2.899,0.0,1.0,1.0,-0.0,0.0,0.0,0.8219,0.0,0.0,5.0,-10.0,45.0,-8.0,54.0
2020_18_BAL_TEN,2020,18,TEN,BAL,-4.2806,58.4933,64.2771,66.362,130.6391,1.0,0.0,-2.3848,0.0,0.0,0.0,0.0,-6.9551,0.0,0.0,0.0,-0.0,-1.0,0.0,0.5945,0.0,0.0,12.0,-3.5,53.0,-7.0,33.0
2020_18_CHI_NO,2020,18,NO,CHI,7.8462,43.0397,64.247,65.6307,129.8777,1.0,0.0,7.8554,0.0,0.0,0.0,0.0,2.3505,0.0,0.0,0.0,0.0,0.0,0.0,0.8344,1.0,0.0,0.0,11.0,48.0,12.0,30.0
2020_18_CLE_PIT,2020,18,PIT,CLE,1.3411,44.3159,65.4457,64.7037,130.1495,1.0,0.0,2.9149,0.0,0.0,0.0,0.0,5.3744,1.0,1.0,1.0,1.3411,0.0,0.0,0.1143,0.0,0.0,11.0,5.0,47.5,-11.0,85.0
2020_19_LA_GB,2020,19,GB,LA,4.2712,41.6959,60.3301,67.4257,127.7558,1.0,0.72,2.8901,0.0,0.0,0.0,0.0,0.2809,0.0,0.0,0.0,0.0,2.0,0.0,1.7637,0.0,3.0,10.0,7.0,45.0,14.0,50.0
2020_19_BAL_BUF,2020,19,BUF,BAL,1.4648,53.7746,63.6696,65.0932,128.7628,1.0,0.12,0.7022,0.0,0.0,0.0,0.0,-1.6342,0.0,1.0,1.0,0.0,0.0,0.0,0.2666,0.0,3.0,11.0,2.5,50.0,14.0,20.0
2020_19_CLE_KC,2020,19,KC,CLE,2.5074,59.2557,67.9084,66.1058,134.0142,1.0,0.84,7.5935,0.0,0.0,0.0,0.0,0.863,0.0,0.0,0.0,0.0,-1.0,0.0,0.6943,0.0,3.0,5.0,7.5,55.5,5.0,39.0
2020_19_TB_NO,2020,19,NO,TB,-0.1063,49.8756,67.3061,63.5768,130.8829,1.0,-0.12,2.7966,0.0,0.0,0.0,0.0,0.0498,1.0,0.0,0.0,-0.1063,-1.0,0.0,0.4779,1.0,0.0,0.0,2.5,53.0,-10.0,50.0
2020_20_TB_GB,2020,20,GB,TB,2.1506,58.7946,64.0343,63.6054,127.6396,1.0,0.12,1.9315,0.0,0.0,0.0,0.0,0.8404,0.0,0.0,0.0,0.0,-1.0,0.0,1.1824,0.0,0.0,16.0,3.0,53.0,-5.0,57.0
2020_20_BUF_KC,2020,20,KC,BUF,-2.1643,57.1758,68.3247,64.7983,133.1229,1.0,-0.12,1.0028,0.0,0.0,0.0,0.0,0.3813,0.0,0.0,0.0,-0.0,-1.0,0.0,0.8576,0.0,0.0,5.0,3.0,54.5,14.0,62.0
2020_21_KC_TB,2020,21,TB,KC,0.0926,58.423,65.9211,67.0559,132.977,0.0,0.0,-2.9288,0.0,0.0,0.0,0.0,-0.0549,0.0,0.0,0.0,0.0,0.0,0.0,0.0,0.0,0.0,0.0,-3.0,55.0,22.0,40.0
2021_01_DAL_TB,2021,1,TB,DAL,12.0491,51.0624,66.6161,69.7034,136.3195,1.0,0.0,7.935,0.0,1.8952,-1.8952,1.8952,2.5531,0.0,1.0,1.0,0.0,1.0,0.0,0.9293,0.0,0.0,0.0,10.0,52.5,2.0,60.0
2021_01_PHI_ATL,2021,1,ATL,PHI,3.3738,46.6089,68.8432,68.5447,137.3879,1.0,0.0,2.277,0.0,2.3552,-2.3552,2.3552,-0.7764,0.0,0.0,0.0,0.0,0.0,0.0,0.6635,0.0,0.0,0.0,3.5,49.0,-26.0,38.0
2021_01_PIT_BUF,2021,1,BUF,PIT,2.9421,46.9547,63.9996,68.4224,132.422,1.0,0.0,3.7172,0.0,0.0,0.0,0.0,-5.0263,0.0,0.0,0.0,0.0,0.0,0.0,0.1729,0.0,7.0,0.0,6.5,48.0,-7.0,39.0
2021_01_NYJ_CAR,2021,1,CAR,NYJ,3.7616,47.5865,67.1458,61.5523,128.6981,1.0,0.0,2.6537,-5.2992,-0.6429,-4.6563,-5.9421,3.0856,0.0,0.0,0.0,0.0,0.0,0.0,0.5337,0.0,0.0,0.0,3.5,44.5,5.0,33.0
2021_01_MIN_CIN,2021,1,CIN,MIN,-4.6023,51.4233,64.9931,66.0756,131.0688,1.0,0.0,-3.707,0.0,0.0,0.0,0.0,1.7034,0.0,0.0,0.0,-0.0,1.0,0.0,0.6045,0.0,5.0,0.0,-3.0,47.0,3.0,51.0
2021_01_SF_DET,2021,1,DET,SF,-6.432,50.9611,63.0354,69.03,132.0654,1.0,0.0,-4.4848,-2.0096,1.251,-3.2606,-0.7586,1.8266,0.0,0.0,0.0,-0.0,3.0,1.0,2.0737,1.0,0.0,0.0,-9.5,46.0,-8.0,74.0
2021_01_JAX_HOU,2021,1,HOU,JAX,5.4275,54.2787,63.6915,65.66,129.3515,1.0,0.0,3.7312,-5.5966,-5.1657,-0.4308,-10.7623,-0.9335,1.0,0.0,0.0,5.4275,-1.0,0.0,0.8248,1.0,0.0,0.0,-3.5,45.5,16.0,58.0
2021_01_SEA_IND,2021,1,IND,SEA,1.1015,50.5064,69.4197,63.6918,133.1115,1.0,0.0,-0.6121,-6.4286,0.0,-6.4286,-6.4286,2.505,0.0,0.0,0.0,0.0,3.0,1.0,1.8677,1.0,0.0,0.0,-3.0,49.0,-12.0,44.0
2021_01_ARI_TEN,2021,1,TEN,ARI,1.2913,56.9039,66.4926,70.0156,136.5082,1.0,0.0,2.8807,0.0,0.0,0.0,0.0,-6.8061,0.0,0.0,0.0,0.0,1.0,0.0,1.4528,0.0,0.0,0.0,2.5,54.0,-25.0,51.0
2021_01_LAC_WAS,2021,1,WAS,LAC,-2.976,42.8765,65.2072,69.215,134.4222,1.0,0.0,-1.1761,4.9174,0.0,4.9174,4.9174,0.4239,0.0,0.0,0.0,-0.0,3.0,1.0,2.311,0.0,0.0,0.0,2.5,45.5,-4.0,36.0
2021_01_CLE_KC,2021,1,KC,CLE,4.1421,60.1149,67.5608,65.6552,133.216,1.0,0.0,5.0205,0.0,0.0,0.0,0.0,1.0601,0.0,0.0,0.0,0.0,-1.0,0.0,0.6943,0.0,0.0,0.0,5.5,54.5,4.0,62.0
2021_01_MIA_NE,2021,1,NE,MIA,-3.2523,48.3942,61.2194,63.9568,125.1762,1.0,0.0,-0.7761,-3.3552,0.0,-3.3552,-3.3552,-3.4767,1.0,0.0,0.0,-3.2523,0.0,0.0,1.2258,0.0,5.0,0.0,3.5,43.5,-1.0,33.0
2021_01_GB_NO,2021,1,NO,GB,-2.5553,52.438,64.1393,62.7735,126.9128,0.0,0.0,-0.4406,-2.3695,0.0,-2.3695,-2.3695,-0.1854,0.0,0.0,0.0,-0.0,0.0,0.0,0.0,0.0,0.0,0.0,-4.0,49.0,35.0,41.0
2021_01_DEN_NYG,2021,1,NYG,DEN,0.2132,41.9381,63.4718,66.9825,130.4544,1.0,0.0,-0.8659,0.0,3.7309,-3.7309,3.7309,-1.1392,0.0,0.0,0.0,0.0,2.0,0.0,1.6245,0.0,9.0,0.0,-3.0,41.5,-14.0,40.0
2021_01_CHI_LA,2021,1,LA,CHI,5.0598,38.0184,67.1483,63.3716,130.5199,1.0,0.0,3.0882,2.0096,-1.8165,3.8261,0.1931,1.1922,0.0,1.0,1.0,0.0,-2.0,0.0,1.7509,1.0,0.0,0.0,9.5,46.0,20.0,48.0
2021_01_BAL_LV,2021,1,LV,BAL,-5.713,53.4836,64.7782,65.3951,130.1733,1.0,0.0,-5.5871,0.0,0.0,0.0,0.0,-0.5201,0.0,1.0,1.0,-0.0,-3.0,0.0,2.1041,1.0,0.0,0.0,-3.0,50.5,6.0,60.0
2021_02_NYG_WAS,2021,2,WAS,NYG,1.5482,41.3805,66.3482,63.1094,129.4576,1.0,0.0,1.7787,2.9713,0.0,2.9713,2.9713,-0.1466,1.0,1.0,1.0,1.5482,0.0,0.0,0.1981,0.0,0.0,0.0,4.0,42.0,1.0,59.0
2021_02_NO_CAR,2021,2,CAR,NO,-7.3959,45.3687,61.9378,64.516,126.4538,1.0,0.0,-8.4397,-5.8684,0.6642,-6.5326,-5.2042,-1.6145,1.0,0.0,0.0,-7.3959,1.0,0.0,0.6487,0.0,0.0,0.0,-3.0,45.0,19.0,33.0
2021_02_CIN_CHI,2021,2,CHI,CIN,-0.0666,46.7582,66.5066,64.2337,130.7403,1.0,0.0,2.3877,-2.416,0.0,-2.416,-2.416,3.0582,0.0,0.0,0.0,-0.0,-1.0,0.0,0.2512,0.0,0.0,0.0,2.0,44.5,3.0,37.0
2021_02_HOU_CLE,2021,2,CLE,HOU,4.0306,59.7084,66.4028,63.8868,130.2896,1.0,0.0,2.7153,0.0,-3.2058,3.2058,-3.2058,1.7018,0.0,0.0,0.0,0.0,1.0,0.0,1.12,0.0,2.0,0.0,13.5,48.5,10.0,52.0
2021_02_LA_IND,2021,2,IND,LA,-4.9749,43.1258,65.9605,62.6924,128.653,1.0,0.0,-2.5713,-6.1256,3.3559,-9.4815,-2.7698,-0.006,0.0,0.0,0.0,-0.0,3.0,1.0,1.8132,1.0,0.0,0.0,-4.0,48.0,-3.0,51.0
2021_02_DEN_JAX,2021,2,JAX,DEN,-8.5218,46.6693,65.0294,68.6327,133.6621,1.0,0.0,-5.9223,-2.3925,4.7739,-7.1664,2.3813,2.3659,0.0,0.0,0.0,-0.0,2.0,1.0,1.4683,0.0,0.0,0.0,-6.0,45.0,-10.0,36.0
2021_02_BUF_MIA,2021,2,MIA,BUF,-3.7229,50.2022,64.0891,66.4808,130.5698,1.0,0.0,-3.0427,0.0,0.0,0.0,0.0,1.2679,1.0,0.0,0.0,-3.7229,0.0,0.0,1.1648,0.0,0.0,0.0,-3.5,48.0,-35.0,35.0
2021_02_NE_NYJ,2021,2,NYJ,NE,-3.9461,46.657,59.4898,66.0547,125.5444,1.0,0.0,-5.5531,1.0969,0.8112,0.2857,1.9082,0.3167,1.0,0.0,0.0,-3.9461,0.0,0.0,0.1702,0.0,3.0,0.0,-5.5,43.0,-19.0,31.0
2021_02_SF_PHI,2021,2,PHI,SF,-3.1269,42.6055,69.1838,66.8713,136.0551,1.0,0.0,-2.0714,3.5014,2.9952,0.5063,6.4966,3.6385,0.0,0.0,0.0,-0.0,3.0,1.0,2.5025,0.0,3.0,0.0,-3.0,49.0,-6.0,28.0
2021_02_LV_PIT,2021,2,PIT,LV,3.6741,45.6063,67.0455,68.9241,135.9696,1.0,0.12,3.061,0.0,0.0,0.0,0.0,3.0234,0.0,0.0,0.0,0.0,3.0,1.0,1.9185,0.0,0.0,0.0,5.5,46.5,-9.0,43.0
2021_02_MIN_ARI,2021,2,ARI,MIN,4.259,50.4795,67.6444,69.5878,137.2322,1.0,0.0,1.7279,0.0,0.0,0.0,0.0,7.6809,0.0,0.0,0.0,0.0,-1.0,0.0,1.2828,1.0,0.0,0.0,4.0,51.0,1.0,67.0
2021_02_ATL_TB,2021,2,TB,ATL,7.9559,51.6615,65.9,70.2918,136.1918,1.0,0.36,8.6363,0.0,0.0,0.0,0.0,5.5348,1.0,0.0,0.0,7.9559,0.0,0.0,0.4149,0.0,0.0,0.0,13.5,52.0,23.0,73.0
2021_02_DAL_LAC,2021,2,LAC,DAL,4.3749,49.8558,71.6416,67.6366,139.2782,1.0,-0.36,2.0075,0.0,3.5109,-3.5109,3.5109,1.5485,0.0,0.0,0.0,0.0,-2.0,0.0,1.2269,1.0,0.0,0.0,3.0,55.0,-3.0,37.0
2021_02_TEN_SEA,2021,2,SEA,TEN,4.8665,56.4271,65.8603,68.2006,134.0609,1.0,0.0,3.4342,0.0,0.0,0.0,0.0,2.5429,0.0,0.0,0.0,0.0,-2.0,0.0,1.9707,0.0,4.0,0.0,6.5,53.5,-3.0,63.0
2021_02_KC_BAL,2021,2,BAL,KC,-3.4055,55.7578,64.3778,66.5418,130.9196,1.0,-0.12,-3.1933,0.0,0.0,0.0,0.0,-0.5292,0.0,1.0,1.0,-0.0,1.0,0.0,0.9555,0.0,0.0,0.0,-3.5,53.5,1.0,71.0
2021_02_DET_GB,2021,2,GB,DET,11.638,59.7555,63.8477,64.8306,128.6783,1.0,0.0,8.9994,0.0,-3.3559,3.3559,-3.3559,3.7576,1.0,1.0,1.0,11.638,-1.0,0.0,0.2927,0.0,2.0,0.0,11.5,49.5,18.0,52.0
2021_03_CAR_HOU,2021,3,HOU,CAR,-4.1244,53.2167,60.6142,66.1446,126.7588,1.0,0.0,-2.0833,-5.5747,-5.2059,-0.3687,-10.7806,-3.3748,0.0,1.0,1.0,-0.0,-1.0,0.0,0.9299,1.0,0.0,0.0,-8.0,43.0,-15.0,33.0
2021_03_WAS_BUF,2021,3,BUF,WAS,7.2229,45.0059,67.7119,66.4753,134.1872,1.0,-0.36,7.7384,0.0,0.0,0.0,0.0,0.6784,0.0,0.0,0.0,0.0,0.0,0.0,0.2854,0.0,11.0,0.0,7.5,45.5,22.0,64.0
2021_03_CHI_CLE,2021,3,CLE,CHI,2.8555,50.8216,61.7444,64.9989,126.7433,1.0,0.0,1.9046,0.0,-3.3239,3.3239,-3.3239,-0.5113,0.0,0.0,0.0,0.0,1.0,0.0,0.3063,0.0,12.0,0.0,7.5,45.0,20.0,32.0
2021_03_BAL_DET,2021,3,DET,BAL,-10.7922,54.7387,65.3052,65.2817,130.5869,1.0,-0.12,-9.1249,-3.6868,0.0,-3.6868,-3.6868,-2.7902,0.0,0.0,0.0,-0.0,0.0,0.0,0.3968,1.0,0.0,0.0,-7.5,51.0,-2.0,36.0
2021_03_ARI_JAX,2021,3,JAX,ARI,-11.6357,49.1886,64.9911,69.8596,134.8507,1.0,0.0,-8.7983,-3.3225,0.0,-3.3225,-3.3225,-2.041,0.0,0.0,0.0,-0.0,2.0,1.0,1.8031,0.0,0.0,0.0,-8.0,51.5,-12.0,50.0
2021_03_LAC_KC,2021,3,KC,LAC,4.0275,58.1871,62.5145,70.6875,133.202,1.0,0.0,6.7837,0.0,0.0,0.0,0.0,0.8859,1.0,0.0,0.0,4.0275,2.0,0.0,1.3666,0.0,9.0,0.0,6.5,55.0,-6.0,54.0
2021_03_NO_NE,2021,3,NE,NO,-5.2019,45.6784,63.0427,61.4265,124.4692,1.0,0.0,-4.0538,0.3316,-1.4005,1.7322,-1.0689,-1.5993,0.0,0.0,0.0,-0.0,1.0,0.0,1.3399,0.0,1.0,0.0,3.0,44.0,-15.0,41.0
2021_03_ATL_NYG,2021,3,NYG,ATL,-0.1886,47.8867,63.3801,69.5546,132.9347,1.0,0.36,-1.6658,0.0,0.0,0.0,0.0,0.5618,0.0,0.0,0.0,-0.0,0.0,0.0,0.7475,0.0,3.0,0.0,3.0,48.0,-3.0,31.0
2021_03_CIN_PIT,2021,3,PIT,CIN,6.525,40.6854,65.8721,65.6532,131.5253,1.0,0.0,5.1331,0.0,0.0,0.0,0.0,6.7564,1.0,0.0,0.0,6.525,0.0,0.0,0.2566,0.0,0.0,0.0,2.5,42.5,-14.0,34.0
2021_03_IND_TEN,2021,3,TEN,IND,-1.4201,55.7662,64.4246,67.6073,132.0319,1.0,0.0,0.5679,0.0,-5.9027,5.9027,-5.9027,-2.7974,1.0,0.0,0.0,-1.4201,-1.0,0.0,0.2505,0.0,0.0,0.0,4.5,47.0,9.0,41.0
2021_03_NYJ_DEN,2021,3,DEN,NYJ,6.3009,43.0152,67.0994,62.5132,129.6126,1.0,0.0,6.0935,5.0794,-1.8696,6.949,3.2098,0.399,0.0,0.0,0.0,0.0,-2.0,0.0,1.6245,0.0,0.0,0.0,10.5,42.0,26.0,26.0
2021_03_MIA_LV,2021,3,LV,MIA,2.1898,49.9006,67.4075,65.0599,132.4674,1.0,0.0,0.8278,0.0,-2.3997,2.3997,-2.3997,0.7649,0.0,0.0,0.0,0.0,-3.0,0.0,2.1707,1.0,0.0,0.0,4.0,45.0,3.0,59.0
2021_03_TB_LA,2021,3,LA,TB,-1.2115,45.0893,67.1133,63.8754,130.9887,1.0,0.0,-2.4295,3.6868,0.0,3.6868,3.6868,-0.6512,0.0,0.0,0.0,-0.0,-3.0,0.0,2.1518,1.0,0.0,0.0,-1.0,55.0,10.0,58.0
2021_03_SEA_MIN,2021,3,MIN,SEA,-4.1609,51.9501,72.8051,62.4397,135.2448,1.0,0.0,-4.2873,0.0,0.0,0.0,0.0,-2.846,0.0,0.0,0.0,-0.0,2.0,0.0,1.3918,1.0,0.0,0.0,-2.0,53.5,13.0,47.0
2021_03_GB_SF,2021,3,SF,GB,-2.5189,52.5618,62.9313,63.6664,126.5978,1.0,0.12,-2.7886,3.4134,0.0,3.4134,3.4134,-3.9328,0.0,1.0,1.0,-0.0,-2.0,0.0,1.8218,0.0,5.0,0.0,3.5,50.5,-2.0,58.0
2021_03_PHI_DAL,2021,3,DAL,PHI,-0.3844,46.0252,70.8252,68.1687,138.9939,1.0,0.0,0.8612,0.0,3.8522,-3.8522,3.8522,-0.0543,1.0,1.0,1.0,-0.3844,-1.0,0.0,1.3126,0.0,0.0,0.0,3.5,51.5,20.0,62.0
2021_04_JAX_CIN,2021,4,CIN,JAX,7.2659,44.9969,64.8584,67.0316,131.89,1.0,0.0,5.9785,0.0,0.0,0.0,0.0,-3.3597,0.0,1.0,1.0,0.0,0.0,0.0,0.6277,0.0,0.0,0.0,7.5,46.0,3.0,45.0
2021_04_WAS_ATL,2021,4,ATL,WAS,0.8216,44.5926,69.4183,65.0782,134.4964,1.0,0.0,0.501,0.0,0.0,0.0,0.0,-3.0085,0.0,0.0,0.0,0.0,0.0,0.0,0.5499,0.0,0.0,0.0,-1.0,47.5,-4.0,64.0
2021_04_HOU_BUF,2021,4,BUF,HOU,9.8117,54.7337,68.7193,62.2022,130.9215,1.0,-0.36,9.6014,0.0,-6.373,6.373,-6.373,2.2015,0.0,0.0,0.0,0.0,1.0,0.0,1.2902,0.0,2.0,0.0,19.0,47.5,40.0,40.0
2021_04_DET_CHI,2021,4,CHI,DET,3.9237,48.4259,62.0831,64.9715,127.0545,1.0,0.0,4.3851,-5.9777,-4.3178,-1.6599,-10.2956,1.0277,1.0,0.0,0.0,3.9237,-1.0,0.0,0.2366,0.0,0.0,0.0,3.0,42.0,10.0,38.0
2021_04_CAR_DAL,2021,4,DAL,CAR,-2.6433,46.4062,65.417,66.3429,131.7599,1.0,-0.48,-0.8881,0.0,-4.8371,4.8371,-4.8371,-3.4031,0.0,0.0,0.0,-0.0,-1.0,0.0,0.945,1.0,0.0,0.0,4.5,51.5,8.0,64.0
2021_04_IND_MIA,2021,4,MIA,IND,-0.5881,44.3872,64.379,67.5313,131.9104,1.0,0.0,-0.4645,-1.6034,-6.206,4.6026,-7.8094,3.6818,0.0,0.0,0.0,-0.0,0.0,0.0,1.0132,0.0,6.0,0.0,2.5,41.5,-10.0,44.0
2021_04_CLE_MIN,2021,4,MIN,CLE,-1.2465,57.2079,66.001,63.604,129.605,1.0,0.0,-2.08,0.0,0.0,0.0,0.0,-4.5119,0.0,0.0,0.0,-0.0,-1.0,0.0,0.6285,1.0,0.0,0.0,-1.0,52.0,-7.0,21.0
2021_04_NYG_NO,2021,4,NO,NYG,8.8258,45.2721,63.702,63.7804,127.4824,1.0,0.0,10.5835,-0.9291,0.0,-0.9291,-0.9291,1.5705,0.0,0.0,0.0,0.0,-1.0,0.0,1.1699,1.0,0.0,0.0,7.5,43.0,-6.0,48.0
2021_04_TEN_NYJ,2021,4,NYJ,TEN,-7.3895,49.5167,62.8343,67.7588,130.5932,1.0,0.0,-9.1838,0.0,0.0,0.0,0.0,-1.082,0.0,0.0,0.0,-0.0,1.0,0.0,0.7571,0.0,0.0,0.0,-5.5,44.5,3.0,51.0
2021_04_KC_PHI,2021,4,PHI,KC,-7.3411,54.804,65.8757,68.1194,133.9951,1.0,-0.12,-8.1997,0.0,0.0,0.0,0.0,0.013,0.0,0.0,0.0,-0.0,1.0,0.0,1.0299,0.0,0.0,0.0,-7.5,53.5,-12.0,72.0
2021_04_ARI_LA,2021,4,LA,ARI,3.0831,45.6436,65.0571,66.9175,131.9745,1.0,0.0,3.6635,4.3178,0.0,4.3178,4.3178,-3.8497,1.0,0.0,0.0,3.0831,-1.0,0.0,0.3503,1.0,0.0,0.0,3.5,53.5,-17.0,57.0
2021_04_SEA_SF,2021,4,SF,SEA,-0.0577,49.6547,71.5502,61.9387,133.4889,1.0,0.0,-1.0507,0.0,0.0,0.0,0.0,-2.6419,1.0,0.0,0.0,-0.0577,0.0,0.0,0.7045,0.0,0.0,0.0,2.5,52.0,-7.0,49.0
2021_04_BAL_DEN,2021,4,DEN,BAL,-0.4407,47.1853,65.0307,62.5385,127.5692,1.0,0.0,-3.6405,5.6797,0.0,5.6797,5.6797,-1.7412,0.0,0.0,0.0,-0.0,-2.0,0.0,1.5078,0.0,1.0,0.0,1.0,44.0,-16.0,30.0
2021_04_PIT_GB,2021,4,GB,PIT,3.9487,50.2709,62.0619,64.742,126.8039,1.0,0.0,4.5632,0.0,0.0,0.0,0.0,-0.3526,0.0,0.0,0.0,0.0,-1.0,0.0,0.4963,0.0,0.0,0.0,6.5,45.0,10.0,44.0
2021_04_TB_NE,2021,4,NE,TB,-7.5355,49.9388,66.9042,63.2261,130.1303,1.0,0.0,-5.9473,0.0,0.0,0.0,0.0,-3.4772,0.0,1.0,1.0,-0.0,0.0,0.0,1.1619,0.0,0.0,0.0,-6.0,49.5,-2.0,36.0
2021_04_LV_LAC,2021,4,LAC,LV,1.1733,54.2633,71.0033,68.4636,139.4669,1.0,0.0,-0.7218,0.0,0.0,0.0,0.0,-1.4045,1.0,1.0,1.0,1.1733,0.0,0.0,0.2317,1.0,0.0,0.0,3.0,52.0,14.0,42.0
2021_05_LA_SEA,2021,5,SEA,LA,-2.5484,48.6684,62.1883,70.1745,132.3629,1.0,0.0,-0.885,0.0,4.068,-4.068,4.068,-1.8148,1.0,1.0,1.0,-2.5484,0.0,0.0,0.9651,0.0,0.0,0.0,-2.5,53.5,-9.0,43.0
2021_05_NYJ_ATL,2021,5,ATL,NYJ,4.3219,45.8635,72.182,62.7728,134.9547,0.0,0.0,3.4556,0.0,0.0,0.0,0.0,-1.9841,0.0,0.0,0.0,0.0,0.0,0.0,0.0,0.0,0.0,0.0,3.0,45.5,7.0,47.0
2021_05_PHI_CAR,2021,5,CAR,PHI,4.1525,48.0894,68.1205,61.8816,130.0021,1.0,0.0,3.4086,0.0,0.0,0.0,0.0,0.4262,0.0,0.0,0.0,0.0,0.0,0.0,0.4485,0.0,3.0,0.0,2.5,46.0,-3.0,39.0
2021_05_GB_CIN,2021,5,CIN,GB,-6.4956,54.6788,60.043,65.1775,125.2205,1.0,0.36,-7.0448,0.0,0.0,0.0,0.0,-4.2647,0.0,0.0,0.0,-0.0,1.0,0.0,0.4157,0.0,2.0,0.0,-2.0,50.0,-3.0,47.0
2021_05_NE_HOU,2021,5,HOU,NE,-2.8943,47.5846,60.2308,65.5627,125.7936,1.0,0.0,-3.5523,-9.6157,0.0,-9.6157,-9.6157,1.0777,0.0,0.0,0.0,-0.0,-1.0,0.0,1.5919,1.0,0.0,0.0,-8.0,39.5,-3.0,47.0
2021_05_TEN_JAX,2021,5,JAX,TEN,-6.8737,56.7323,63.1593,71.3621,134.5214,1.0,0.36,-9.677,0.0,0.0,0.0,0.0,4.0009,1.0,0.0,0.0,-6.8737,1.0,0.0,0.5008,0.0,1.0,0.0,-4.0,49.0,-18.0,56.0
2021_05_DET_MIN,2021,5,MIN,DET,7.7199,54.6738,65.7669,66.009,131.7758,1.0,0.0,5.7084,0.0,0.0,0.0,0.0,-1.5456,1.0,0.0,0.0,7.7199,-1.0,0.0,0.5415,1.0,0.0,0.0,10.0,49.5,2.0,36.0
2021_05_DEN_PIT,2021,5,PIT,DEN,-1.3026,40.9157,64.5516,64.8972,129.4488,1.0,0.0,0.318,0.0,5.7674,-5.7674,5.7674,4.1049,0.0,0.0,0.0,-0.0,2.0,1.0,1.3181,0.0,0.0,0.0,-2.0,40.0,8.0,46.0
2021_05_MIA_TB,2021,5,TB,MIA,8.0527,47.3095,67.6375,66.5432,134.1806,1.0,0.0,7.5547,0.0,0.0,0.0,0.0,0.8918,0.0,0.0,0.0,0.0,0.0,0.0,0.1972,0.0,0.0,0.0,11.0,48.0,28.0,62.0
2021_05_NO_WAS,2021,5,WAS,NO,-8.3439,45.6096,64.3472,65.8141,130.1613,1.0,0.0,-6.4271,0.0,0.2085,-0.2085,0.2085,0.1496,0.0,0.0,0.0,-0.0,1.0,0.0,0.9731,0.0,2.0,0.0,-2.5,43.5,-11.0,55.0
2021_05_CLE_LAC,2021,5,LAC,CLE,0.9987,48.8198,67.7269,64.9903,132.7171,1.0,-0.12,-1.621,0.0,0.0,0.0,0.0,-3.1727,0.0,0.0,0.0,0.0,-3.0,0.0,2.0526,1.0,0.0,0.0,2.5,46.5,5.0,89.0
2021_05_CHI_LV,2021,5,LV,CHI,1.847,46.1244,67.5921,64.4523,132.0444,1.0,-0.12,1.0247,0.0,-5.0831,5.0831,-5.0831,1.71,0.0,0.0,0.0,0.0,-2.0,0.0,1.5262,1.0,0.0,0.0,5.5,46.0,-11.0,29.0
2021_05_SF_ARI,2021,5,ARI,SF,2.492,48.0045,66.5052,67.5778,134.083,1.0,0.0,2.9615,0.0,-2.2054,2.2054,-2.2054,6.8471,1.0,0.0,0.0,2.492,1.0,0.0,0.608,1.0,0.0,0.0,6.0,48.5,7.0,27.0
2021_05_NYG_DAL,2021,5,DAL,NYG,4.4225,49.0279,68.9687,64.6274,133.5961,1.0,0.0,4.3291,0.0,0.0,0.0,0.0,2.2465,1.0,0.0,0.0,4.4225,-1.0,0.0,1.3851,1.0,0.0,0.0,7.5,53.0,24.0,64.0
2021_05_BUF_KC,2021,5,KC,BUF,-4.407,57.1805,63.7089,68.7127,132.4216,1.0,0.0,-0.7984,0.0,0.0,0.0,0.0,0.0637,0.0,1.0,1.0,-0.0,-1.0,0.0,0.8576,0.0,0.0,0.0,2.5,57.0,-18.0,58.0
2021_05_IND_BAL,2021,5,BAL,IND,3.0414,46.9712,62.0828,65.1665,127.2493,1.0,0.0,3.7642,0.0,0.0,0.0,0.0,3.4468,0.0,1.0,1.0,0.0,0.0,0.0,0.5094,0.0,0.0,0.0,7.5,46.5,6.0,56.0
2021_06_TB_PHI,2021,6,PHI,TB,-8.4076,48.513,66.1783,68.7445,134.9228,1.0,0.0,-9.4777,0.0,0.0,0.0,0.0,-1.7134,0.0,1.0,1.0,-0.0,0.0,0.0,0.9242,0.0,0.0,0.0,-7.0,53.0,-6.0,50.0
2021_06_MIA_JAX,2021,6,JAX,MIA,-4.8209,49.8697,66.0312,65.0194,131.0506,0.0,0.0,-6.8639,0.0,0.967,-0.967,0.967,-0.5442,0.0,0.0,0.0,-0.0,0.0,0.0,0.0,0.0,1.0,0.0,-2.5,47.5,3.0,43.0
2021_06_LAC_BAL,2021,6,BAL,LAC,-1.6487,52.1024,65.0267,68.8579,133.8846,1.0,-0.12,2.9955,0.0,0.0,0.0,0.0,3.3336,0.0,0.0,0.0,-0.0,3.0,1.0,2.322,0.0,5.0,0.0,3.0,50.5,28.0,40.0
2021_06_MIN_CAR,2021,6,CAR,MIN,1.0017,43.8819,66.4837,63.3646,129.8483,1.0,0.0,-0.5922,0.0,0.0,0.0,0.0,2.0828,0.0,0.0,0.0,0.0,1.0,0.0,0.9379,0.0,0.0,0.0,-2.5,45.5,-6.0,62.0
2021_06_GB_CHI,2021,6,CHI,GB,-4.5099,49.454,60.6812,63.4763,124.1575,1.0,0.0,-5.1386,0.0,0.0,0.0,0.0,-3.3055,1.0,0.0,0.0,-4.5099,0.0,0.0,0.1837,0.0,0.0,0.0,-5.5,44.0,-10.0,38.0
2021_06_CIN_DET,2021,6,DET,CIN,-5.5425,49.8399,67.551,60.6883,128.2393,1.0,0.0,-4.2465,0.0,0.0,0.0,0.0,0.5713,0.0,0.0,0.0,-0.0,0.0,0.0,0.237,1.0,0.0,0.0,-3.5,46.5,-23.0,45.0
2021_06_HOU_IND,2021,6,IND,HOU,3.7618,52.0136,67.5515,58.7803,126.3318,1.0,-0.12,5.0444,0.0,-7.1348,7.1348,-7.1348,-1.1594,1.0,0.0,0.0,3.7618,1.0,0.0,0.8709,0.0,0.0,0.0,10.5,43.5,28.0,34.0
2021_06_LA_NYG,2021,6,NYG,LA,-8.1486,48.6725,65.0884,66.4409,131.5293,1.0,-0.36,-9.3107,0.0,0.0,0.0,0.0,-2.9955,0.0,0.0,0.0,-0.0,3.0,1.0,2.4495,0.0,3.0,0.0,-7.5,49.5,-27.0,49.0
2021_06_KC_WAS,2021,6,WAS,KC,-6.5364,59.0002,65.9065,69.0768,134.9833,1.0,0.0,-6.9866,0.0,0.0,0.0,0.0,1.0009,0.0,0.0,0.0,-0.0,1.0,0.0,0.945,0.0,3.0,0.0,-6.0,54.0,-18.0,44.0
2021_06_ARI_CLE,2021,6,CLE,ARI,-3.0699,51.3565,67.3731,65.4906,132.8637,1.0,0.0,-1.278,0.0,0.0,0.0,0.0,-0.8279,0.0,0.0,0.0,-0.0,2.0,0.0,1.7527,0.0,13.0,0.0,3.0,48.0,-23.0,51.0
2021_06_LV_DEN,2021,6,DEN,LV,-0.0819,47.151,66.3988,66.2368,132.6356,1.0,0.0,-0.5923,0.0,0.0,0.0,0.0,-3.1449,1.0,0.0,0.0,-0.0819,1.0,0.0,0.6083,0.0,0.0,0.0,5.0,45.5,-10.0,58.0
2021_06_DAL_NE,2021,6,NE,DAL,-7.1636,46.553,64.9409,67.1808,132.1217,1.0,0.0,-1.2917,0.0,0.0,0.0,0.0,-3.1652,0.0,0.0,0.0,-0.0,1.0,0.0,1.5496,0.0,1.0,0.0,-3.5,50.5,-6.0,64.0
2021_06_SEA_PIT,2021,6,PIT,SEA,-0.9975,46.7963,70.907,60.5278,131.4348,1.0,-0.36,-1.7116,0.0,-3.0189,3.0189,-3.0189,3.6978,0.0,1.0,1.0,-0.0,3.0,0.0,2.1317,0.0,0.0,0.0,5.5,43.0,3.0,43.0
2021_06_BUF_TEN,2021,6,TEN,BUF,-11.1199,50.191,69.1517,66.3288,135.4805,1.0,0.0,-5.8581,0.0,0.0,0.0,0.0,-4.5669,0.0,1.0,1.0,-0.0,-1.0,0.0,0.6238,0.0,0.0,0.0,-6.0,53.5,3.0,65.0
2021_07_DEN_CLE,2021,7,CLE,DEN,1.5982,50.2211,63.587,65.8122,129.3992,1.0,0.0,3.65,-5.2014,0.0,-5.2014,-5.2014,5.1789,0.0,1.0,1.0,0.0,2.0,0.0,1.2253,0.0,17.0,0.0,2.0,40.5,3.0,31.0
2021_07_CIN_BAL,2021,7,BAL,CIN,3.5191,47.8222,66.4493,61.5162,127.9655,1.0,0.0,7.3112,0.0,0.0,0.0,0.0,3.3326,1.0,0.0,0.0,3.5191,0.0,0.0,0.4228,0.0,0.0,0.0,6.5,45.5,-24.0,58.0
2021_07_WAS_GB,2021,7,GB,WAS,8.696,53.5961,65.6062,63.3061,128.9123,1.0,0.0,9.4612,0.0,0.0,0.0,0.0,0.0332,0.0,0.0,0.0,0.0,-1.0,0.0,0.694,0.0,1.0,0.0,8.5,48.0,14.0,34.0
2021_07_ATL_MIA,2021,7,MIA,ATL,-4.067,51.2837,63.6428,70.3352,133.9779,1.0,-0.84,-0.4828,1.7236,0.0,1.7236,1.7236,5.0538,0.0,0.0,0.0,-0.0,0.0,0.0,0.5935,0.0,0.0,0.0,-1.5,48.5,-2.0,58.0
2021_07_NYJ_NE,2021,7,NE,NYJ,4.4019,43.5413,67.1222,62.7396,129.8618,1.0,-0.84,6.1462,0.0,0.0,0.0,0.0,-3.1632,1.0,0.0,0.0,4.4019,0.0,0.0,0.1702,0.0,0.0,0.0,7.0,43.0,41.0,67.0
2021_07_CAR_NYG,2021,7,NYG,CAR,-3.2912,44.2121,63.4249,69.0766,132.5016,1.0,0.0,-3.36,0.0,0.0,0.0,0.0,-1.9693,0.0,0.0,0.0,-0.0,0.0,0.0,0.5337,0.0,0.0,0.0,-3.0,42.5,22.0,28.0
2021_07_KC_TEN,2021,7,TEN,KC,-3.1919,65.0466,66.9536,69.7473,136.7009,1.0,-0.12,-2.6048,0.0,0.0,0.0,0.0,-3.1381,0.0,0.0,0.0,-0.0,0.0,0.0,0.4666,0.0,4.0,0.0,-4.0,57.5,24.0,30.0
2021_07_DET_LA,2021,7,LA,DET,15.2955,48.0473,63.1608,67.6726,130.8334,1.0,0.0,12.879,0.0,0.0,0.0,0.0,2.473,0.0,0.0,0.0,0.0,-3.0,0.0,1.9875,1.0,0.0,0.0,17.0,51.0,9.0,47.0
2021_07_PHI_LV,2021,7,LV,PHI,4.3535,45.9283,68.9001,67.3348,136.2348,1.0,-0.36,3.3668,0.0,0.0,0.0,0.0,1.4254,0.0,0.0,0.0,0.0,-3.0,0.0,2.1765,1.0,0.0,0.0,1.0,48.0,11.0,55.0
2021_07_HOU_ARI,2021,7,ARI,HOU,13.093,48.7577,66.1358,62.4402,128.576,1.0,0.0,10.1957,0.0,0.0,0.0,0.0,5.4555,0.0,0.0,0.0,0.0,-1.0,0.0,1.0253,1.0,0.0,0.0,20.5,47.0,26.0,36.0
2021_07_CHI_TB,2021,7,TB,CHI,6.949,50.443,65.7147,61.2136,126.9283,1.0,0.36,7.2499,0.0,0.0,0.0,0.0,4.8881,0.0,0.0,0.0,0.0,1.0,0.0,1.0018,0.0,0.0,0.0,12.5,47.0,35.0,41.0
2021_07_IND_SF,2021,7,SF,IND,-1.1509,46.745,65.0276,62.9672,127.9948,1.0,0.84,-1.5772,0.0,0.0,0.0,0.0,0.7561,0.0,1.0,1.0,-0.0,-3.0,0.0,1.928,0.0,6.0,0.0,3.5,41.5,-12.0,48.0
2021_07_NO_SEA,2021,7,SEA,NO,-4.231,47.8793,63.0585,67.6694,130.7279,1.0,-0.84,-3.6544,-4.0036,0.0,-4.0036,-4.0036,-2.1388,0.0,1.0,1.0,-0.0,-2.0,0.0,2.0982,0.0,6.0,0.0,-6.0,42.0,-3.0,23.0
2021_08_GB_ARI,2021,8,ARI,GB,4.0737,51.8639,65.7119,61.3883,127.1002,1.0,0.0,-1.1519,0.0,0.0,0.0,0.0,2.9736,0.0,1.0,1.0,0.0,-1.0,0.0,1.4959,0.0,0.0,0.0,6.5,51.0,-3.0,45.0
2021_08_CAR_ATL,2021,8,ATL,CAR,1.2961,45.6536,66.5679,66.9111,133.4791,1.0,0.0,1.3071,0.0,0.0,0.0,0.0,-2.3775,1.0,0.0,0.0,1.2961,0.0,0.0,0.2261,0.0,0.0,0.0,2.5,47.0,-6.0,32.0
2021_08_MIA_BUF,2021,8,BUF,MIA,12.0968,46.2968,68.3962,63.8155,132.2117,1.0,0.72,10.2315,0.0,0.0,0.0,0.0,-2.2758,1.0,0.0,0.0,12.0968,0.0,0.0,1.1648,0.0,0.0,0.0,15.0,48.5,15.0,37.0
2021_08_SF_CHI,2021,8,CHI,SF,-1.5339,41.2038,61.4373,64.6621,126.0995,1.0,0.0,0.4588,0.0,0.0,0.0,0.0,0.4728,0.0,0.0,0.0,-0.0,2.0,0.0,1.8413,0.0,2.0,0.0,-4.5,40.0,-11.0,55.0
2021_08_PIT_CLE,2021,8,CLE,PIT,-0.7524,48.0217,65.2176,64.434,129.6516,1.0,-0.48,0.6069,0.0,0.0,0.0,0.0,0.158,1.0,0.0,0.0,-0.7524,0.0,0.0,0.1143,0.0,3.0,0.0,5.5,43.0,-5.0,25.0
2021_08_PHI_DET,2021,8,DET,PHI,-3.7421,48.4849,68.523,63.0427,131.5657,1.0,0.0,-3.7506,0.0,0.0,0.0,0.0,-2.0923,0.0,0.0,0.0,-0.0,0.0,0.0,0.4431,1.0,0.0,0.0,-3.0,48.5,-38.0,50.0
2021_08_LA_HOU,2021,8,HOU,LA,-13.2654,49.4885,63.8431,63.7861,127.6292,1.0,0.0,-11.1556,0.0,0.0,0.0,0.0,-2.3841,0.0,0.0,0.0,-0.0,2.0,0.0,1.375,1.0,0.0,0.0,-17.0,47.0,-16.0,60.0
2021_08_TEN_IND,2021,8,IND,TEN,1.1125,52.9005,65.9887,65.2727,131.2614,1.0,0.0,-1.6049,0.0,0.0,0.0,0.0,-0.1496,1.0,0.0,0.0,1.1125,1.0,0.0,0.2505,0.0,0.0,0.0,3.0,51.0,-3.0,65.0
2021_08_CIN_NYJ,2021,8,NYJ,CIN,-11.2862,46.1123,63.5522,67.5037,131.056,1.0,0.0,-8.2591,2.9782,0.0,2.9782,2.9782,2.2389,0.0,0.0,0.0,-0.0,0.0,0.0,0.5653,0.0,1.0,0.0,-11.5,43.5,3.0,65.0
2021_08_NE_LAC,2021,8,LAC,NE,3.0768,50.879,68.8681,63.3456,132.2137,1.0,0.84,1.4973,0.0,0.0,0.0,0.0,2.197,0.0,0.0,0.0,0.0,-3.0,0.0,2.5896,1.0,0.0,0.0,3.5,50.5,-3.0,51.0
2021_08_JAX_SEA,2021,8,SEA,JAX,9.2071,50.9279,62.1128,69.7899,131.9027,1.0,-0.96,9.1251,-4.2162,0.0,-4.2162,-4.2162,-3.6178,0.0,0.0,0.0,0.0,-3.0,0.0,2.4527,0.0,0.0,0.0,4.0,44.0,24.0,38.0
2021_08_WAS_DEN,2021,8,DEN,WAS,1.7318,47.1215,66.3661,63.9963,130.3623,1.0,0.36,0.7461,0.0,0.0,0.0,0.0,-3.1327,0.0,0.0,0.0,0.0,-2.0,0.0,1.4998,0.0,0.0,4.0,4.0,45.0,7.0,27.0
2021_08_TB_NO,2021,8,NO,TB,-3.9877,48.8949,62.4066,67.8749,130.2815,1.0,-0.12,-1.913,0.0,0.0,0.0,0.0,-2.3485,1.0,0.0,0.0,-3.9877,-1.0,0.0,0.4779,1.0,0.0,0.0,-4.0,48.5,9.0,63.0
2021_08_DAL_MIN,2021,8,MIN,DAL,-1.7497,48.6295,68.4432,70.9104,139.3536,1.0,0.0,-1.5684,0.0,-8.7958,8.7958,-8.7958,-2.6281,0.0,1.0,1.0,-0.0,0.0,0.0,0.8694,1.0,0.0,0.0,4.5,49.5,-4.0,36.0
2021_08_NYG_KC,2021,8,KC,NYG,3.4048,55.4838,70.616,64.9001,135.5161,1.0,0.0,7.4633,0.0,0.0,0.0,0.0,0.9174,0.0,1.0,1.0,0.0,-1.0,0.0,1.0858,0.0,0.0,6.0,10.5,53.0,3.0,37.0
2021_09_NYJ_IND,2021,9,IND,NYJ,9.3687,46.1813,69.1782,62.7337,131.9119,1.0,0.0,8.5997,0.0,3.7234,-3.7234,3.7234,-2.5545,0.0,1.0,1.0,0.0,0.0,0.0,0.6408,1.0,0.0,0.0,10.5,46.0,15.0,75.0
2021_09_MIN_BAL,2021,9,BAL,MIN,-0.8559,48.864,67.7782,66.9813,134.7595,1.0,0.84,4.4202,0.0,0.0,0.0,0.0,2.6151,0.0,0.0,0.0,-0.0,1.0,0.0,0.9366,0.0,0.0,0.0,7.5,51.0,3.0,65.0
2021_09_NE_CAR,2021,9,CAR,NE,-0.2714,41.5844,67.5278,62.6788,130.2067,1.0,0.0,-2.7413,0.0,0.0,0.0,0.0,1.7332,0.0,0.0,0.0,-0.0,0.0,0.0,0.7011,0.0,6.0,0.0,-3.5,41.5,-18.0,30.0
2021_09_CLE_CIN,2021,9,CIN,CLE,1.5069,51.0492,61.0827,67.9921,129.0748,1.0,0.0,-0.7738,0.0,0.0,0.0,0.0,-4.8743,1.0,0.0,0.0,1.5069,0.0,0.0,0.2231,0.0,0.0,0.0,2.5,47.5,-25.0,57.0
2021_09_DEN_DAL,2021,9,DAL,DEN,7.3848,49.2119,69.252,62.9027,132.1547,1.0,0.0,4.8947,0.0,0.0,0.0,0.0,4.4469,0.0,0.0,0.0,0.0,1.0,0.0,0.6543,1.0,0.0,0.0,10.5,50.0,-14.0,46.0
2021_09_BUF_JAX,2021,9,JAX,BUF,-15.8728,49.6321,64.3636,67.6215,131.9851,1.0,0.0,-15.8328,0.0,0.0,0.0,0.0,-0.7044,0.0,0.0,0.0,-0.0,0.0,0.0,0.8745,0.0,6.0,0.0,-14.5,48.0,3.0,15.0
2021_09_HOU_MIA,2021,9,MIA,HOU,3.3972,47.7831,65.1607,63.32,128.4807,1.0,0.0,2.4281,-2.2242,7.1054,-9.3296,4.8812,3.4553,0.0,0.0,0.0,0.0,1.0,0.0,0.9614,0.0,9.0,0.0,4.0,45.0,8.0,26.0
2021_09_ATL_NO,2021,9,NO,ATL,6.5209,48.6778,65.1821,66.0389,131.221,1.0,0.0,9.2353,-3.8346,0.0,-3.8346,-3.8346,4.0537,1.0,0.0,0.0,6.5209,-1.0,0.0,0.4244,1.0,0.0,0.0,7.0,43.0,-2.0,52.0
2021_09_LV_NYG,2021,9,NYG,LV,-4.1712,46.7011,67.6709,68.7875,136.4585,1.0,-0.96,-4.6558,0.0,0.0,0.0,0.0,-3.801,0.0,0.0,0.0,-0.0,3.0,1.0,2.2277,0.0,0.0,0.0,-3.0,47.0,7.0,39.0
2021_09_LAC_PHI,2021,9,PHI,LAC,-2.5906,46.7771,65.0479,68.6875,133.7355,1.0,0.0,-3.3834,0.0,0.0,0.0,0.0,2.2584,0.0,0.0,0.0,-0.0,3.0,0.0,2.3962,0.0,1.0,0.0,-1.0,49.5,-3.0,51.0
2021_09_GB_KC,2021,9,KC,GB,-4.9518,61.6944,68.0018,62.0926,130.0944,1.0,-0.48,-3.1199,0.0,-8.1615,8.1615,-8.1615,-0.7899,0.0,0.0,0.0,-0.0,0.0,0.0,0.5011,0.0,2.0,0.0,7.0,48.0,6.0,20.0
2021_09_ARI_SF,2021,9,SF,ARI,-8.272,46.6049,63.2786,65.6199,128.8985,1.0,-0.36,-5.0415,0.0,-5.8719,5.8719,-5.8719,-5.4648,1.0,0.0,0.0,-8.272,-1.0,0.0,0.608,0.0,0.0,0.0,5.5,44.5,-14.0,48.0
2021_09_TEN_LA,2021,9,LA,TEN,5.1396,53.5964,66.7472,69.2726,136.0198,1.0,0.0,1.5865,0.0,0.0,0.0,0.0,3.974,0.0,1.0,1.0,0.0,-2.0,0.0,1.7842,1.0,0.0,0.0,7.0,53.5,-12.0,44.0
2021_09_CHI_PIT,2021,9,PIT,CHI,3.5282,43.225,65.0151,61.7623,126.7775,1.0,0.0,3.6875,0.0,0.0,0.0,0.0,5.0897,0.0,1.0,1.0,0.0,1.0,0.0,0.4072,0.0,0.0,0.0,7.0,40.0,2.0,56.0
2021_10_BAL_MIA,2021,10,MIA,BAL,-3.6299,49.5723,63.8523,71.2657,135.118,1.0,0.0,-7.5207,-2.0654,0.0,-2.0654,-2.0654,0.462,0.0,1.0,1.0,-0.0,0.0,0.0,0.9439,0.0,0.0,0.0,-8.5,46.5,12.0,32.0
2021_10_ATL_DAL,2021,10,DAL,ATL,3.0884,51.2601,70.9191,65.5168,136.4359,1.0,0.0,3.3472,0.0,0.0,0.0,0.0,6.1556,0.0,0.0,0.0,0.0,-1.0,0.0,0.7363,1.0,0.0,0.0,8.0,55.0,40.0,46.0
2021_10_JAX_IND,2021,10,IND,JAX,8.0187,50.2599,65.7654,64.5485,130.3139,1.0,0.36,9.7779,0.0,0.0,0.0,0.0,-2.1213,1.0,0.0,0.0,8.0187,0.0,0.0,0.7002,1.0,0.0,0.0,10.5,47.5,6.0,40.0
2021_10_CLE_NE,2021,10,NE,CLE,-1.1174,48.0926,64.1329,63.651,127.784,1.0,0.0,-0.4312,0.0,0.0,0.0,0.0,-4.2635,0.0,0.0,0.0,-0.0,0.0,0.0,0.5387,0.0,0.0,0.0,2.5,45.5,38.0,52.0
2021_10_BUF_NYJ,2021,10,NYJ,BUF,-13.4545,47.352,63.7093,69.8283,133.5376,1.0,0.36,-13.7078,4.4753,0.0,4.4753,4.4753,-0.6912,1.0,0.0,0.0,-13.4545,0.0,0.0,0.2779,0.0,0.0,0.0,-13.0,47.0,-28.0,62.0
2021_10_DET_PIT,2021,10,PIT,DET,11.3748,47.4337,65.3278,64.0222,129.3501,1.0,-0.96,10.7711,-1.582,0.0,-1.582,-1.582,6.0727,0.0,0.0,0.0,0.0,0.0,0.0,0.2044,0.0,2.0,8.0,9.0,43.0,0.0,32.0
2021_10_NO_TEN,2021,10,TEN,NO,0.9148,46.9172,66.0158,68.5318,134.5475,1.0,0.0,-0.2221,0.0,-4.2914,4.2914,-4.2914,-3.5702,0.0,0.0,0.0,0.0,0.0,0.0,0.4702,0.0,2.0,0.0,3.0,44.0,2.0,44.0
2021_10_TB_WAS,2021,10,WAS,TB,-11.3227,52.0249,65.912,67.2392,133.1511,1.0,0.0,-10.8193,0.0,0.0,0.0,0.0,-2.0809,0.0,0.0,0.0,-0.0,0.0,0.0,0.8219,0.0,0.0,0.0,-10.0,51.0,10.0,48.0
2021_10_CAR_ARI,2021,10,ARI,CAR,12.1851,39.8316,63.8935,65.7388,129.6323,1.0,0.0,8.864,-3.8711,-0.6715,-3.1996,-4.5426,3.177,0.0,0.0,0.0,0.0,-2.0,0.0,1.7877,1.0,0.0,0.0,7.0,42.0,-24.0,44.0
2021_10_MIN_LAC,2021,10,LAC,MIN,-0.2232,51.393,71.2611,67.0186,138.2797,1.0,0.0,1.6404,0.0,0.0,0.0,0.0,1.9025,0.0,0.0,0.0,-0.0,-2.0,0.0,1.5302,1.0,0.0,0.0,3.0,53.5,-7.0,47.0
2021_10_PHI_DEN,2021,10,DEN,PHI,2.0043,49.4117,66.1685,62.2742,128.4427,1.0,0.0,2.4109,0.0,0.0,0.0,0.0,-3.0644,0.0,0.0,0.0,0.0,-2.0,0.0,1.5768,0.0,9.0,0.0,1.0,44.5,-17.0,43.0
2021_10_SEA_GB,2021,10,GB,SEA,1.9503,52.6648,68.6676,59.0164,127.684,1.0,-0.84,4.8382,0.0,0.0,0.0,0.0,3.147,0.0,0.0,0.0,0.0,2.0,0.0,1.6437,0.0,1.0,10.0,3.0,49.5,17.0,17.0
2021_10_KC_LV,2021,10,LV,KC,0.7987,54.9401,65.0647,70.7321,135.7968,1.0,0.0,-5.063,0.0,0.0,0.0,0.0,2.8836,1.0,1.0,1.0,0.7987,-2.0,0.0,1.1493,1.0,0.0,0.0,-2.5,53.5,-27.0,55.0
2021_10_LA_SF,2021,10,SF,LA,-6.4693,48.5099,63.5939,65.3759,128.9698,1.0,0.0,-5.8398,0.0,0.0,0.0,0.0,-2.8738,1.0,1.0,1.0,-6.4693,0.0,0.0,0.3135,0.0,0.0,0.0,-3.5,50.0,21.0,41.0
2021_11_NE_ATL,2021,11,ATL,NE,-4.4633,49.7665,63.2756,66.4011,129.6766,1.0,0.0,-5.9234,0.0,0.0,0.0,0.0,-3.6234,0.0,1.0,1.0,-0.0,0.0,0.0,0.9171,1.0,0.0,0.0,-7.0,47.5,-25.0,25.0
2021_11_IND_BUF,2021,11,BUF,IND,4.6093,46.0356,66.0249,64.9313,130.9562,1.0,0.0,4.492,0.0,0.0,0.0,0.0,2.1844,0.0,0.0,0.0,0.0,0.0,0.0,0.4358,0.0,2.0,0.0,7.5,49.5,-26.0,56.0
2021_11_WAS_CAR,2021,11,CAR,WAS,3.1931,39.8981,65.9521,63.3534,129.3055,1.0,0.0,1.5023,2.4202,0.0,2.4202,2.4202,0.8337,0.0,0.0,0.0,0.0,0.0,0.0,0.3362,0.0,0.0,0.0,3.5,43.0,-6.0,48.0
2021_11_BAL_CHI,2021,11,CHI,BAL,-3.0942,50.2883,61.176,68.4236,129.5995,1.0,0.36,-5.5208,0.0,-5.4073,5.4073,-5.4073,-5.3537,0.0,0.0,0.0,-0.0,-1.0,0.0,0.6035,0.0,0.0,0.0,-5.0,43.0,-3.0,29.0
2021_11_DET_CLE,2021,11,CLE,DET,7.4298,51.3678,64.0881,65.9533,130.0414,1.0,0.0,9.2538,0.0,0.1085,-0.1085,0.1085,6.3262,0.0,0.0,0.0,0.0,0.0,0.0,0.0901,0.0,0.0,3.0,13.0,42.5,3.0,23.0
2021_11_SF_JAX,2021,11,JAX,SF,-5.7349,51.0983,63.9501,63.2268,127.177,1.0,0.12,-8.4057,0.0,0.0,0.0,0.0,1.4079,0.0,0.0,0.0,-0.0,3.0,1.0,2.3469,0.0,7.0,0.0,-6.5,45.0,-20.0,40.0
2021_11_GB_MIN,2021,11,MIN,GB,-3.9123,50.791,66.0609,67.3416,133.4026,1.0,0.0,-6.3085,0.0,0.0,0.0,0.0,-1.38,1.0,0.0,0.0,-3.9123,0.0,0.0,0.257,1.0,0.0,0.0,-1.0,48.0,3.0,65.0
2021_11_MIA_NYJ,2021,11,NYJ,MIA,-7.051,46.2749,68.2975,67.1988,135.4962,1.0,-0.36,-6.0233,0.6773,2.2159,-1.5386,2.8933,-0.506,1.0,0.0,0.0,-7.051,0.0,0.0,1.0856,0.0,0.0,0.0,-3.5,44.5,-7.0,41.0
2021_11_NO_PHI,2021,11,PHI,NO,-2.8849,46.6495,62.1067,66.1576,128.2643,1.0,0.0,-7.1971,0.0,-3.4133,3.4133,-3.4133,-1.4615,0.0,0.0,0.0,-0.0,1.0,0.0,1.0866,0.0,0.0,0.0,2.5,42.5,11.0,69.0
2021_11_HOU_TEN,2021,11,TEN,HOU,12.3892,48.4366,66.7458,65.4559,132.2017,1.0,-0.84,12.6008,0.0,4.8927,-4.8927,4.8927,-0.7208,1.0,0.0,0.0,12.3892,0.0,0.0,0.6715,0.0,0.0,0.0,10.5,44.5,-9.0,35.0
2021_11_CIN_LV,2021,11,LV,CIN,0.7918,49.5717,65.7451,65.3317,131.0768,1.0,-0.84,0.2637,0.0,0.0,0.0,0.0,5.2038,0.0,0.0,0.0,0.0,-3.0,0.0,1.6838,1.0,0.0,0.0,-1.0,50.5,-19.0,45.0
2021_11_DAL_KC,2021,11,KC,DAL,-3.7988,54.9568,68.7889,67.3701,136.159,1.0,0.0,3.5869,0.0,0.0,0.0,0.0,-1.5517,0.0,0.0,0.0,-0.0,0.0,0.0,0.4592,0.0,7.0,0.0,2.5,56.0,10.0,28.0
2021_11_ARI_SEA,2021,11,SEA,ARI,-6.3082,45.4992,60.6207,71.2451,131.8658,1.0,0.0,-2.9129,0.0,-5.5583,5.5583,-5.5583,-4.6873,1.0,0.0,0.0,-6.3082,-1.0,0.0,1.1043,0.0,0.0,0.0,2.5,46.0,-10.0,36.0
2021_11_PIT_LAC,2021,11,LAC,PIT,0.5942,47.4365,65.1113,69.4496,134.5609,1.0,0.0,-1.4427,0.0,0.0,0.0,0.0,-3.8919,0.0,1.0,1.0,0.0,-3.0,0.0,2.139,1.0,0.0,0.0,5.5,47.5,4.0,78.0
2021_11_NYG_TB,2021,11,TB,NYG,6.3373,49.4391,67.7714,64.6851,132.4564,1.0,-0.84,8.1253,0.0,0.0,0.0,0.0,6.5871,0.0,1.0,1.0,0.0,0.0,0.0,1.0076,0.0,0.0,0.0,11.5,49.5,20.0,40.0
2021_12_CHI_DET,2021,12,DET,CHI,-5.8147,44.8257,65.115,63.7895,128.9044,1.0,0.0,-6.0572,0.0,2.4315,-2.4315,2.4315,-2.2286,1.0,0.0,0.0,-5.8147,1.0,0.0,0.2366,1.0,0.0,0.0,-2.0,41.5,-2.0,30.0
2021_12_LV_DAL,2021,12,DAL,LV,4.8057,46.8903,72.1246,62.8402,134.9648,1.0,0.0,4.1621,0.0,0.0,0.0,0.0,0.1963,0.0,0.0,0.0,0.0,2.0,0.0,1.0549,1.0,0.0,0.0,7.0,51.0,-3.0,69.0
2021_12_BUF_NO,2021,12,NO,BUF,-4.2931,42.7175,65.2776,65.0763,130.3539,1.0,0.0,-0.8803,0.0,0.0,0.0,0.0,1.3969,0.0,1.0,1.0,-0.0,-1.0,0.0,1.0841,1.0,0.0,0.0,-7.0,45.0,-25.0,37.0
2021_12_PIT_CIN,2021,12,CIN,PIT,0.9121,46.0947,64.1427,67.4077,131.5504,1.0,0.0,-1.1674,0.0,0.0,0.0,0.0,-5.1797,1.0,0.0,0.0,0.9121,0.0,0.0,0.2566,0.0,2.0,2.0,3.5,43.5,31.0,51.0
2021_12_NYJ_HOU,2021,12,HOU,NYJ,2.866,47.9196,64.2248,67.7344,131.9592,1.0,0.0,2.9929,5.4161,-3.0591,8.4752,2.357,0.4577,0.0,0.0,0.0,0.0,-1.0,0.0,1.4226,1.0,0.0,0.0,3.0,44.5,-7.0,35.0
2021_12_TB_IND,2021,12,IND,TB,-2.2242,53.28,65.3824,65.0444,130.4267,1.0,0.12,-1.5553,0.0,0.0,0.0,0.0,-6.7141,0.0,0.0,0.0,-0.0,0.0,0.0,0.8407,1.0,0.0,0.0,-3.0,53.0,-7.0,69.0
2021_12_ATL_JAX,2021,12,JAX,ATL,-2.8399,49.8125,64.6931,63.164,127.8571,1.0,-0.36,-4.6604,0.0,0.0,0.0,0.0,4.962,0.0,0.0,0.0,-0.0,0.0,0.0,0.2871,0.0,0.0,0.0,-1.5,46.0,-7.0,35.0
2021_12_CAR_MIA,2021,12,MIA,CAR,-0.8941,38.4848,63.7252,67.0938,130.819,1.0,0.0,1.2767,0.0,2.7408,-2.7408,2.7408,-0.4623,0.0,0.0,0.0,-0.0,0.0,0.0,0.6414,0.0,0.0,0.0,-1.0,41.0,23.0,43.0
2021_12_TEN_NE,2021,12,NE,TEN,2.5748,45.4802,66.6763,65.5775,132.2538,1.0,0.36,-0.8404,0.0,0.0,0.0,0.0,2.981,0.0,0.0,0.0,0.0,1.0,0.0,0.9246,0.0,0.0,12.0,7.5,43.0,23.0,49.0
2021_12_PHI_NYG,2021,12,NYG,PHI,-4.5404,45.3851,64.1833,68.0746,132.2578,1.0,-0.12,-2.9536,0.0,0.0,0.0,0.0,-2.8047,1.0,0.0,0.0,-4.5404,0.0,0.0,0.0854,0.0,0.0,6.0,-4.0,45.5,6.0,20.0
2021_12_LAC_DEN,2021,12,DEN,LAC,-3.7991,53.2566,65.1793,64.9697,130.149,1.0,0.84,-2.9864,0.0,0.0,0.0,0.0,-2.0591,1.0,0.0,0.0,-3.7991,1.0,0.0,0.8369,0.0,0.0,0.0,-2.5,47.5,15.0,41.0
2021_12_LA_GB,2021,12,GB,LA,2.1512,52.992,64.3737,63.1483,127.5221,1.0,-0.72,2.8751,0.0,0.0,0.0,0.0,-1.1369,0.0,0.0,0.0,0.0,2.0,0.0,1.7637,0.0,4.0,8.0,-2.0,47.0,8.0,64.0
2021_12_MIN_SF,2021,12,SF,MIN,0.5056,54.4919,66.0496,65.1362,131.1858,1.0,0.0,-0.1281,0.0,0.0,0.0,0.0,0.4871,0.0,0.0,0.0,0.0,-2.0,0.0,1.5721,0.0,0.0,0.0,3.5,49.0,8.0,60.0
2021_12_CLE_BAL,2021,12,BAL,CLE,-1.4175,50.4085,68.7313,61.9213,130.6526,1.0,0.0,2.7518,0.0,0.0,0.0,0.0,0.6776,1.0,1.0,1.0,-1.4175,0.0,0.0,0.3083,0.0,0.0,2.0,3.0,47.0,6.0,26.0
2021_12_SEA_WAS,2021,12,WAS,SEA,-1.516,48.7632,73.1725,57.4965,130.669,1.0,0.0,-1.9132,0.0,0.0,0.0,0.0,2.49,0.0,1.0,1.0,-0.0,3.0,0.0,2.3298,0.0,0.0,4.0,-1.0,47.0,2.0,32.0
2021_13_DAL_NO,2021,13,NO,DAL,-3.0824,43.1525,65.6104,69.1847,134.7952,1.0,0.0,1.9351,1.5363,0.0,1.5363,1.5363,-1.2838,0.0,1.0,1.0,-0.0,0.0,0.0,0.4566,1.0,0.0,0.0,-6.0,46.0,-10.0,44.0
2021_13_TB_ATL,2021,13,ATL,TB,-8.3189,53.7785,62.9755,68.1259,131.1013,1.0,0.0,-9.6847,0.0,0.0,0.0,0.0,-9.6183,1.0,0.0,0.0,-8.3189,0.0,0.0,0.4149,1.0,0.0,0.0,-11.0,51.0,-13.0,47.0
2021_13_ARI_CHI,2021,13,CHI,ARI,-10.1098,47.5113,61.7993,65.702,127.5012,1.0,-0.48,-6.9332,3.1701,0.0,3.1701,3.1701,-4.2018,0.0,0.0,0.0,-0.0,1.0,0.0,1.4588,0.0,0.0,11.0,-7.5,43.5,-11.0,55.0
2021_13_LAC_CIN,2021,13,CIN,LAC,0.2641,52.1456,65.1812,65.6051,130.7863,1.0,0.0,1.5415,0.0,0.0,0.0,0.0,-1.7557,0.0,0.0,0.0,0.0,3.0,1.0,1.9001,0.0,1.0,0.0,2.5,49.5,-19.0,63.0
2021_13_MIN_DET,2021,13,DET,MIN,-9.1096,49.0046,65.4278,67.6497,133.0775,1.0,0.36,-9.4754,0.0,0.0,0.0,0.0,-3.7662,1.0,0.0,0.0,-9.1096,1.0,0.0,0.5415,1.0,0.0,0.0,-7.0,47.5,2.0,56.0
2021_13_IND_HOU,2021,13,HOU,IND,-8.5191,45.6166,61.5176,67.5198,129.0374,1.0,0.0,-9.4266,4.3546,0.0,4.3546,4.3546,0.8645,1.0,0.0,0.0,-8.5191,-1.0,0.0,0.8709,1.0,0.0,0.0,-10.0,45.5,-31.0,31.0
2021_13_NYG_MIA,2021,13,MIA,NYG,1.6971,41.2298,70.3436,63.7361,134.0798,1.0,0.0,2.4853,0.0,-1.5755,1.5755,-1.5755,5.7888,0.0,0.0,0.0,0.0,0.0,0.0,1.0856,0.0,1.0,0.0,6.5,40.0,11.0,29.0
2021_13_PHI_NYJ,2021,13,NYJ,PHI,-7.0619,49.0153,65.7385,65.2324,130.9709,1.0,0.0,-5.8427,0.0,-0.2551,0.2551,-0.2551,-0.6325,0.0,0.0,0.0,-0.0,0.0,0.0,0.0854,0.0,0.0,0.0,-5.0,44.0,-15.0,51.0
2021_13_JAX_LA,2021,13,LA,JAX,7.7822,48.6199,63.6039,66.0163,129.6202,1.0,0.0,11.859,0.0,0.0,0.0,0.0,1.1689,0.0,0.0,0.0,0.0,-3.0,0.0,2.1506,1.0,0.0,0.0,14.0,48.0,30.0,44.0
2021_13_WAS_LV,2021,13,LV,WAS,0.9105,52.5931,61.5945,70.8921,132.4866,1.0,0.48,-0.2896,0.0,0.0,0.0,0.0,-0.1559,0.0,0.0,0.0,0.0,-3.0,0.0,2.0942,1.0,0.0,0.0,1.0,47.5,-2.0,32.0
2021_13_BAL_PIT,2021,13,PIT,BAL,-2.2059,46.1124,65.1326,71.2676,136.4002,1.0,0.0,-4.4635,0.0,0.0,0.0,0.0,0.1384,1.0,0.0,0.0,-2.2059,0.0,0.0,0.1972,0.0,0.0,0.0,-4.0,44.0,1.0,39.0
2021_13_SF_SEA,2021,13,SEA,SF,-4.3374,49.6712,55.6342,71.4722,127.1064,1.0,-0.12,-2.399,0.0,0.0,0.0,0.0,-2.2925,1.0,0.0,0.0,-4.3374,0.0,0.0,0.7045,0.0,0.0,4.0,-3.0,44.5,7.0,53.0
2021_13_DEN_KC,2021,13,KC,DEN,3.0006,53.8708,68.1545,62.0158,130.1703,1.0,0.84,7.3086,0.0,0.0,0.0,0.0,2.146,1.0,1.0,1.0,3.0006,1.0,0.0,0.5643,0.0,12.0,0.0,8.5,46.5,13.0,31.0
2021_13_NE_BUF,2021,13,BUF,NE,0.7746,43.8418,63.6154,63.0684,126.6838,1.0,0.36,1.4434,0.0,0.0,0.0,0.0,0.5186,1.0,1.0,1.0,0.7746,0.0,0.0,0.3864,0.0,17.0,9.0,3.0,40.0,-4.0,24.0
2021_14_PIT_MIN,2021,14,MIN,PIT,3.473,52.1383,67.8885,69.5147,137.4032,1.0,0.0,-0.1476,0.0,0.0,0.0,0.0,-3.53,0.0,1.0,1.0,0.0,-1.0,0.0,0.7403,1.0,0.0,0.0,3.5,45.0,8.0,64.0
2021_14_ATL_CAR,2021,14,CAR,ATL,1.2979,43.8869,67.0447,61.6957,128.7404,1.0,0.84,0.4077,1.919,0.0,1.919,1.919,5.8042,1.0,0.0,0.0,1.2979,0.0,0.0,0.2261,0.0,0.0,0.0,2.5,41.0,-8.0,50.0
2021_14_BAL_CLE,2021,14,CLE,BAL,1.3661,48.8519,61.0428,70.6138,131.6566,1.0,0.84,-3.4622,0.0,0.0,0.0,0.0,-0.3005,1.0,0.0,0.0,1.3661,0.0,0.0,0.3083,0.0,4.0,0.0,3.0,44.0,2.0,46.0
2021_14_SEA_HOU,2021,14,HOU,SEA,-6.5556,39.9146,67.1137,61.4765,128.5902,1.0,0.0,-7.1847,0.0,0.0,0.0,0.0,1.8414,0.0,0.0,0.0,-0.0,2.0,0.0,1.8913,0.0,0.0,0.0,-10.0,40.5,-20.0,46.0
2021_14_LV_KC,2021,14,KC,LV,4.4894,55.2787,70.9452,64.2491,135.1943,1.0,0.0,9.0796,0.0,0.0,0.0,0.0,-0.3393,1.0,0.0,0.0,4.4894,2.0,0.0,1.1493,0.0,9.0,0.0,10.0,48.0,39.0,57.0
2021_14_NO_NYJ,2021,14,NYJ,NO,-5.8518,47.2872,64.9987,65.8372,130.8359,1.0,-0.36,-9.5307,0.0,-0.1444,0.1444,-0.1444,-1.7904,0.0,0.0,0.0,-0.0,1.0,0.0,1.1699,0.0,3.0,0.0,-4.5,42.0,-21.0,39.0
2021_14_JAX_TEN,2021,14,TEN,JAX,8.2058,50.7127,66.4773,65.4119,131.8893,1.0,0.84,12.8981,0.0,0.0,0.0,0.0,-1.0067,1.0,0.0,0.0,8.2058,-1.0,0.0,0.5008,0.0,0.0,0.0,8.5,44.5,20.0,20.0
2021_14_DAL_WAS,2021,14,WAS,DAL,-3.7588,48.7189,69.0995,64.7007,133.8001,1.0,-0.36,-3.1012,0.0,0.0,0.0,0.0,-1.4888,1.0,0.0,0.0,-3.7588,1.0,0.0,1.2074,0.0,7.0,0.0,-6.5,48.0,-7.0,47.0
2021_14_DET_DEN,2021,14,DEN,DET,7.4934,45.1085,66.3813,62.0441,128.4254,1.0,0.0,7.0416,0.0,0.0,0.0,0.0,2.4026,0.0,0.0,0.0,0.0,-2.0,0.0,1.1558,0.0,0.0,0.0,13.0,42.0,28.0,48.0
2021_14_NYG_LAC,2021,14,LAC,NYG,4.6741,46.9423,69.7317,64.5901,134.3218,1.0,0.0,4.2777,0.0,-2.2799,2.2799,-2.2799,4.0711,0.0,0.0,0.0,0.0,-3.0,0.0,2.4495,1.0,0.0,0.0,9.5,44.0,16.0,58.0
2021_14_SF_CIN,2021,14,CIN,SF,-2.6195,47.6112,62.9314,62.3144,125.2459,1.0,0.0,-1.2409,0.0,0.0,0.0,0.0,-0.8612,0.0,0.0,0.0,-0.0,3.0,0.0,2.0214,0.0,0.0,0.0,-2.5,49.0,-3.0,49.0
2021_14_BUF_TB,2021,14,TB,BUF,0.8551,49.1983,64.2611,65.4657,129.7268,1.0,0.12,1.237,0.0,0.0,0.0,0.0,5.263,0.0,0.0,0.0,0.0,0.0,0.0,1.0434,0.0,0.0,0.0,3.5,52.5,6.0,60.0
2021_14_CHI_GB,2021,14,GB,CHI,8.9159,52.5233,63.196,62.5414,125.7374,1.0,0.84,9.6968,0.0,0.0,0.0,0.0,1.9193,1.0,1.0,1.0,8.9159,0.0,0.0,0.1837,0.0,0.0,9.0,11.5,43.0,15.0,75.0
2021_14_LA_ARI,2021,14,ARI,LA,5.9451,47.4478,66.6975,64.2052,130.9027,1.0,0.0,2.1516,0.0,0.0,0.0,0.0,0.6991,1.0,1.0,1.0,5.9451,1.0,0.0,0.3503,0.0,0.0,0.0,3.0,51.0,-7.0,53.0
2021_15_KC_LAC,2021,15,LAC,KC,-1.4674,54.6937,65.8744,68.724,134.5984,1.0,0.0,-5.553,0.0,0.0,0.0,0.0,-1.2086,1.0,1.0,1.0,-1.4674,-2.0,0.0,1.3666,1.0,0.0,0.0,-3.0,54.0,-6.0,62.0
2021_15_NE_IND,2021,15,IND,NE,-1.4096,47.5014,63.8534,60.6942,124.5475,1.0,0.12,-1.8926,0.0,0.0,0.0,0.0,-1.1035,0.0,1.0,1.0,-0.0,0.0,0.0,0.7933,1.0,0.0,0.0,-1.0,46.0,10.0,44.0
2021_15_CAR_BUF,2021,15,BUF,CAR,6.2071,41.1723,64.1443,64.1061,128.2504,1.0,0.0,9.3408,0.0,1.7617,-1.7617,1.7617,-0.7636,0.0,0.0,0.0,0.0,0.0,0.0,0.5332,0.0,0.0,15.0,14.0,43.0,17.0,45.0
2021_15_ARI_DET,2021,15,DET,ARI,-14.798,47.267,62.6615,67.9317,130.5932,1.0,0.12,-13.0924,0.0,0.0,0.0,0.0,-5.3379,0.0,0.0,0.0,-0.0,2.0,1.0,1.6944,1.0,0.0,0.0,-13.0,48.0,18.0,42.0
2021_15_HOU_JAX,2021,15,JAX,HOU,0.1306,43.1794,64.0717,62.9641,127.0357,1.0,0.0,-2.1538,0.0,0.0,0.0,0.0,1.8014,1.0,0.0,0.0,0.1306,1.0,0.0,0.8248,0.0,2.0,0.0,6.0,40.0,-14.0,46.0
2021_15_NYJ_MIA,2021,15,MIA,NYJ,9.2108,48.331,68.2237,65.2114,133.4351,1.0,0.84,9.0288,0.0,0.0,0.0,0.0,2.7134,1.0,0.0,0.0,9.2108,0.0,0.0,1.0856,0.0,0.0,0.0,10.5,42.0,7.0,55.0
2021_15_DAL_NYG,2021,15,NYG,DAL,-7.87,41.208,64.8969,73.2123,138.1092,1.0,0.0,-6.6295,-2.6914,0.0,-2.6914,-2.6914,-6.197,1.0,0.0,0.0,-7.87,1.0,0.0,1.3851,0.0,0.0,8.0,-11.5,43.0,-15.0,27.0
2021_15_TEN_PIT,2021,15,PIT,TEN,-5.8448,49.0605,67.8277,68.0389,135.8666,1.0,0.36,-4.4414,0.0,0.0,0.0,0.0,5.3065,0.0,0.0,0.0,-0.0,1.0,0.0,0.4705,0.0,1.0,13.0,1.0,44.0,6.0,32.0
2021_15_CIN_DEN,2021,15,DEN,CIN,1.6707,47.0522,64.2217,63.5199,127.7416,1.0,0.0,-0.0139,0.0,0.0,0.0,0.0,-0.3477,0.0,0.0,0.0,0.0,-2.0,0.0,1.093,0.0,9.0,0.0,3.0,45.0,-5.0,25.0
2021_15_ATL_SF,2021,15,SF,ATL,4.2807,52.3333,65.8524,61.3973,127.2497,1.0,0.0,4.2959,0.0,0.0,0.0,0.0,4.9419,0.0,0.0,0.0,0.0,-3.0,0.0,2.1123,0.0,0.0,0.0,9.5,48.0,18.0,44.0
2021_15_GB_BAL,2021,15,BAL,GB,-9.5891,52.3032,68.9954,61.8683,130.8637,1.0,0.0,-3.7176,-4.67,0.0,-4.67,-4.67,-0.1513,0.0,0.0,0.0,-0.0,1.0,0.0,0.6893,0.0,1.0,2.0,-9.5,45.5,-1.0,61.0
2021_15_NO_TB,2021,15,TB,NO,7.5001,48.2114,67.5119,66.9231,134.435,1.0,0.0,5.2848,0.0,0.4816,-0.4816,0.4816,4.8469,1.0,1.0,1.0,7.5001,1.0,0.0,0.4779,0.0,0.0,0.0,11.5,45.5,-9.0,9.0
2021_15_LV_CLE,2021,15,CLE,LV,4.0942,50.1026,66.218,64.7578,130.9759,1.0,0.0,3.6076,-2.5449,0.0,-2.5449,-2.5449,0.4355,0.0,0.0,0.0,0.0,3.0,0.0,1.8296,0.0,0.0,5.0,-3.0,41.0,-2.0,30.0
2021_15_MIN_CHI,2021,15,CHI,MIN,-6.495,51.0573,66.687,65.114,131.801,1.0,-0.36,-3.9229,0.0,0.0,0.0,0.0,-1.7364,1.0,1.0,1.0,-6.495,0.0,0.0,0.3553,0.0,0.0,8.0,-7.0,48.0,-8.0,26.0
2021_15_SEA_LA,2021,15,LA,SEA,5.0966,48.4409,70.3515,61.7508,132.1022,1.0,-0.12,2.9434,0.0,0.0,0.0,0.0,4.4341,1.0,1.0,1.0,5.0966,0.0,0.0,0.9651,1.0,0.0,0.0,7.5,47.0,10.0,30.0
2021_15_WAS_PHI,2021,15,PHI,WAS,2.6917,48.8286,62.7267,66.3042,129.0309,1.0,0.84,1.2641,0.0,-2.1085,2.1085,-2.1085,-0.0629,1.0,1.0,1.0,2.6917,0.0,0.0,0.1136,0.0,0.0,3.0,10.0,39.5,10.0,44.0
2021_16_SF_TEN,2021,16,TEN,SF,-3.8504,49.5485,65.3767,62.7267,128.1034,1.0,0.0,0.5231,0.0,0.0,0.0,0.0,-2.5833,0.0,1.0,1.0,-0.0,2.0,0.0,1.9384,0.0,0.0,0.0,-3.5,45.5,3.0,37.0
2021_16_CLE_GB,2021,16,GB,CLE,4.6955,54.9936,64.8634,61.7981,126.6615,1.0,0.0,6.9978,0.0,0.0,0.0,0.0,-0.6663,0.0,0.0,0.0,0.0,-1.0,0.0,0.3822,0.0,1.0,10.0,7.5,46.5,2.0,46.0
2021_16_IND_ARI,2021,16,ARI,IND,-1.6132,49.6347,65.4951,63.69,129.1851,1.0,0.0,-2.4265,0.0,0.0,0.0,0.0,3.6555,0.0,1.0,1.0,-0.0,-2.0,0.0,1.5035,1.0,0.0,0.0,3.0,48.0,-6.0,38.0
2021_16_DET_ATL,2021,16,ATL,DET,1.6709,48.6481,65.1557,64.7373,129.893,1.0,0.0,3.8208,0.0,-2.0623,2.0623,-2.0623,-2.812,0.0,0.0,0.0,0.0,0.0,0.0,0.5977,0.0,0.0,0.0,7.5,42.5,4.0,36.0
2021_16_TB_CAR,2021,16,CAR,TB,-10.4779,46.5521,66.8438,66.6054,133.4492,1.0,0.0,-10.8892,0.0,0.0,0.0,0.0,-4.6334,1.0,0.0,0.0,-10.4779,0.0,0.0,0.5103,0.0,0.0,0.0,-11.5,44.5,-26.0,38.0
2021_16_BAL_CIN,2021,16,CIN,BAL,3.2371,47.9184,61.1356,70.967,132.1026,1.0,0.0,-3.1139,0.0,-1.4697,1.4697,-1.4697,-2.4223,1.0,0.0,0.0,3.2371,0.0,0.0,0.4228,0.0,0.0,0.0,7.5,43.0,20.0,62.0
2021_16_LAC_HOU,2021,16,HOU,LAC,-11.8417,47.6099,64.3087,69.0789,133.3876,1.0,-0.36,-7.6605,0.0,0.0,0.0,0.0,-2.0315,0.0,0.0,0.0,-0.0,2.0,0.0,1.375,1.0,0.0,0.0,-13.5,46.0,12.0,70.0
2021_16_LA_MIN,2021,16,MIN,LA,-2.8181,49.0031,68.1204,66.7999,134.9203,1.0,-0.12,-3.2879,0.0,0.0,0.0,0.0,-1.8717,0.0,0.0,0.0,-0.0,2.0,0.0,1.5302,1.0,0.0,0.0,-3.5,48.5,-7.0,53.0
2021_16_BUF_NE,2021,16,NE,BUF,-0.3484,45.4462,63.1296,62.8005,125.9301,1.0,0.0,-0.6574,0.0,0.0,0.0,0.0,0.8165,1.0,0.0,0.0,-0.3484,0.0,0.0,0.3864,0.0,3.0,7.0,1.0,43.5,-12.0,54.0
2021_16_JAX_NYJ,2021,16,NYJ,JAX,0.0674,50.3566,63.601,64.8217,128.4228,1.0,0.0,2.0534,0.0,0.0,0.0,0.0,-0.5932,0.0,0.0,0.0,0.0,0.0,0.0,0.8394,0.0,0.0,0.0,2.5,42.5,5.0,47.0
2021_16_NYG_PHI,2021,16,PHI,NYG,5.3845,47.3837,68.7542,62.0479,130.8021,1.0,0.0,4.758,0.0,-0.322,0.322,-0.322,3.6346,1.0,0.0,0.0,5.3845,0.0,0.0,0.0854,0.0,0.0,0.0,11.0,41.0,24.0,44.0
2021_16_CHI_SEA,2021,16,SEA,CHI,5.2612,45.4605,57.8313,70.2683,128.0996,1.0,0.12,4.4481,0.0,0.1457,-0.1457,0.1457,-1.4078,0.0,0.0,0.0,0.0,-2.0,0.0,1.7341,0.0,1.0,20.0,7.0,41.0,-1.0,49.0
2021_16_PIT_KC,2021,16,KC,PIT,8.0003,49.7331,69.8488,66.087,135.9358,1.0,0.36,7.6534,0.0,0.0,0.0,0.0,-1.7796,0.0,0.0,0.0,0.0,-1.0,0.0,0.7738,0.0,12.0,0.0,10.5,44.0,26.0,46.0
2021_16_DEN_LV,2021,16,LV,DEN,-2.446,50.3531,62.1832,67.075,129.2582,1.0,0.0,-0.6054,0.0,-5.4168,5.4168,-5.4168,3.0141,1.0,0.0,0.0,-2.446,-1.0,0.0,0.6083,1.0,0.0,0.0,-1.0,42.0,4.0,30.0
2021_16_WAS_DAL,2021,16,DAL,WAS,8.5994,44.4515,67.9751,67.1337,135.1088,1.0,0.0,5.9862,0.0,0.0,0.0,0.0,2.7515,1.0,1.0,1.0,8.5994,-1.0,0.0,1.2074,1.0,0.0,0.0,10.5,45.5,42.0,70.0
2021_16_MIA_NO,2021,16,NO,MIA,0.4794,36.8962,64.3131,67.967,132.2801,1.0,0.0,2.5818,-2.5908,0.0,-2.5908,-2.5908,-1.8913,0.0,1.0,1.0,0.0,-1.0,0.0,0.6607,1.0,0.0,0.0,-3.0,37.5,-17.0,23.0
2021_17_LA_BAL,2021,17,BAL,LA,-9.6731,49.421,70.7864,62.4238,133.2101,1.0,0.0,-3.5741,-3.4362,0.0,-3.4362,-3.4362,0.2317,0.0,0.0,0.0,-0.0,3.0,1.0,2.322,0.0,0.0,0.0,-7.0,47.0,-1.0,39.0
2021_17_ATL_BUF,2021,17,BUF,ATL,10.1771,51.6814,67.982,61.7234,129.7054,1.0,0.0,9.5007,0.0,0.0,0.0,0.0,6.4839,0.0,0.0,0.0,0.0,0.0,0.0,0.6932,0.0,1.0,19.0,14.0,46.5,14.0,44.0
2021_17_NYG_CHI,2021,17,CHI,NYG,-0.6957,43.5654,67.9616,62.235,130.1966,1.0,0.0,1.5878,2.1819,-3.5313,5.7132,-1.3495,0.4025,0.0,0.0,0.0,-0.0,-1.0,0.0,0.7056,0.0,3.0,20.0,7.0,36.5,26.0,32.0
2021_17_KC_CIN,2021,17,CIN,KC,-5.2296,50.5882,66.1409,67.2945,133.4354,1.0,0.0,-6.9701,0.0,0.0,0.0,0.0,-1.9265,0.0,0.0,0.0,-0.0,1.0,0.0,0.5345,0.0,3.0,12.0,-3.5,51.0,3.0,65.0
2021_17_LV_IND,2021,17,IND,LV,6.6308,50.3298,64.2417,63.8324,128.0742,1.0,0.12,7.154,0.0,0.0,0.0,0.0,-3.8278,0.0,0.0,0.0,0.0,3.0,1.0,1.5947,1.0,0.0,0.0,8.5,46.5,-3.0,43.0
2021_17_JAX_NE,2021,17,NE,JAX,9.6326,48.196,62.049,62.1971,124.2461,1.0,0.0,14.9129,0.0,0.0,0.0,0.0,0.1881,0.0,0.0,0.0,0.0,0.0,0.0,0.9961,0.0,0.0,0.0,17.5,42.0,40.0,60.0
2021_17_TB_NYJ,2021,17,NYJ,TB,-15.4589,56.1759,65.3859,69.6315,135.0174,1.0,0.0,-14.9171,0.0,0.0,0.0,0.0,-6.3905,0.0,0.0,0.0,-0.0,0.0,0.0,1.0076,0.0,0.0,0.0,-14.5,48.0,-4.0,52.0
2021_17_MIA_TEN,2021,17,TEN,MIA,-1.0329,40.4263,65.8463,65.7055,131.5518,1.0,0.48,0.9099,0.0,0.0,0.0,0.0,-7.4672,0.0,0.0,0.0,-0.0,-1.0,0.0,0.8039,0.0,3.0,2.0,3.0,41.0,31.0,37.0
2021_17_PHI_WAS,2021,17,WAS,PHI,-6.6668,47.9513,65.0225,64.505,129.5275,1.0,0.0,-4.1273,0.0,0.0,0.0,0.0,-1.5954,1.0,0.0,0.0,-6.6668,0.0,0.0,0.1136,0.0,0.0,0.0,-6.5,44.5,-4.0,36.0
2021_17_DEN_LAC,2021,17,LAC,DEN,1.2697,51.5405,64.1947,65.3612,129.556,1.0,0.0,1.988,0.0,-5.4411,5.4411,-5.4411,1.954,1.0,0.0,0.0,1.2697,-1.0,0.0,0.8369,1.0,0.0,0.0,8.0,45.5,21.0,47.0
2021_17_HOU_SF,2021,17,SF,HOU,9.8304,47.7888,64.1254,60.8743,124.9997,1.0,0.36,6.9302,-3.793,0.0,-3.793,-3.793,2.746,0.0,0.0,0.0,0.0,-2.0,0.0,1.6133,0.0,0.0,0.0,14.0,44.0,16.0,30.0
2021_17_ARI_DAL,2021,17,DAL,ARI,3.5935,44.7137,69.1894,67.2289,136.4183,1.0,-0.12,2.4837,0.0,0.0,0.0,0.0,-1.3653,0.0,0.0,0.0,0.0,1.0,0.0,0.8785,1.0,0.0,0.0,6.5,53.0,-3.0,47.0
2021_17_CAR_NO,2021,17,NO,CAR,4.4603,34.036,62.8117,66.7858,129.5976,1.0,-0.12,7.1661,0.2483,0.0,0.2483,0.2483,0.2739,1.0,0.0,0.0,4.4603,-1.0,0.0,0.6487,1.0,0.0,0.0,7.0,37.0,8.0,28.0
2021_17_DET_SEA,2021,17,SEA,DET,4.8444,46.7706,59.5758,69.8627,129.4385,1.0,0.0,7.6559,0.0,-1.4836,1.4836,-1.4836,0.1175,0.0,0.0,0.0,0.0,-3.0,0.0,1.9331,0.0,0.0,8.0,8.5,41.5,22.0,80.0
2021_17_MIN_GB,2021,17,GB,MIN,4.6641,56.2772,66.9219,65.1561,132.078,1.0,0.12,6.8331,0.0,-7.5354,7.5354,-7.5354,1.2079,1.0,1.0,1.0,4.6641,0.0,0.0,0.257,0.0,0.0,34.0,13.0,42.0,27.0,47.0
2021_17_CLE_PIT,2021,17,PIT,CLE,-5.1572,44.9573,65.7767,65.8371,131.6138,1.0,-0.12,-0.4661,0.0,0.0,0.0,0.0,2.1672,1.0,1.0,1.0,-5.1572,0.0,0.0,0.1143,0.0,2.0,20.0,-1.0,43.5,12.0,40.0
2021_18_KC_DEN,2021,18,DEN,KC,-6.7512,51.1796,64.7387,64.6877,129.4264,1.0,0.0,-10.6431,-5.1952,0.0,-5.1952,-5.1952,-2.6057,1.0,0.0,0.0,-6.7512,-1.0,0.0,0.5643,0.0,0.0,4.0,-11.5,44.5,-4.0,52.0
2021_18_DAL_PHI,2021,18,PHI,DAL,-2.6108,45.7566,66.0446,68.553,134.5976,1.0,0.0,-2.0565,0.1584,0.0,0.1584,0.1584,-2.1919,1.0,1.0,1.0,-2.6108,1.0,0.0,1.3126,0.0,0.0,14.0,-6.5,46.0,-25.0,77.0
2021_18_PIT_BAL,2021,18,BAL,PIT,-1.813,48.1957,72.5459,64.5878,137.1338,1.0,0.12,0.9762,-3.5983,0.0,-3.5983,-3.5983,-3.0222,1.0,0.0,0.0,-1.813,0.0,0.0,0.1972,0.0,0.0,9.0,3.0,41.0,-3.0,29.0
2021_18_CIN_CLE,2021,18,CLE,CIN,-1.5329,48.5162,63.6213,66.4731,130.0944,1.0,-0.12,-2.8594,-2.9554,-5.4528,2.4974,-8.4082,1.4557,1.0,0.0,0.0,-1.5329,0.0,0.0,0.2231,0.0,12.0,7.0,6.5,38.0,5.0,37.0
2021_18_GB_DET,2021,18,DET,GB,-13.5429,55.5061,62.2221,65.4378,127.6598,1.0,0.0,-16.0722,0.0,0.0,0.0,0.0,-3.4897,1.0,0.0,0.0,-13.5429,1.0,0.0,0.2927,1.0,0.0,0.0,-4.0,45.0,7.0,67.0
2021_18_TEN_HOU,2021,18,HOU,TEN,-7.8174,42.1471,62.3875,67.7308,130.1184,1.0,0.0,-9.9473,0.0,0.0,0.0,0.0,0.9278,1.0,0.0,0.0,-7.8174,0.0,0.0,0.6715,1.0,0.0,0.0,-10.5,43.0,-3.0,53.0
2021_18_IND_JAX,2021,18,JAX,IND,-12.6221,50.2534,61.5113,63.9633,125.4746,1.0,0.0,-16.2085,0.0,0.0,0.0,0.0,1.708,1.0,0.0,0.0,-12.6221,0.0,0.0,0.7002,0.0,9.0,0.0,-14.0,43.0,15.0,37.0
2021_18_CHI_MIN,2021,18,MIN,CHI,4.3228,45.0601,62.4542,68.787,131.2412,1.0,0.0,2.726,0.0,1.9601,-1.9601,1.9601,-0.1877,1.0,0.0,0.0,4.3228,0.0,0.0,0.3553,1.0,0.0,0.0,3.5,45.5,14.0,48.0
2021_18_WAS_NYG,2021,18,NYG,WAS,-1.4766,42.655,62.8906,67.7036,130.5942,1.0,0.0,-2.4765,-2.2364,0.0,-2.2364,-2.2364,-1.4933,1.0,0.0,0.0,-1.4766,0.0,0.0,0.1981,0.0,0.0,7.0,-6.0,36.0,-15.0,29.0
2021_18_SEA_ARI,2021,18,ARI,SEA,4.3877,51.775,72.3677,59.7481,132.1158,1.0,0.0,1.8019,0.0,0.0,0.0,0.0,6.1846,1.0,0.0,0.0,4.3877,1.0,0.0,1.1043,0.0,0.0,0.0,5.5,48.0,-8.0,68.0
2021_18_NO_ATL,2021,18,ATL,NO,-3.0608,40.3535,61.5492,64.6302,126.1794,1.0,0.0,-5.7169,0.0,0.0,0.0,0.0,-7.0943,1.0,0.0,0.0,-3.0608,1.0,0.0,0.4244,1.0,0.0,0.0,-4.5,40.0,-10.0,50.0
2021_18_NYJ_BUF,2021,18,BUF,NYJ,13.3062,53.5154,69.5708,62.7748,132.3457,1.0,0.0,15.1293,0.0,0.0,0.0,0.0,1.7782,1.0,0.0,0.0,13.3062,0.0,0.0,0.2779,0.0,9.0,9.0,16.0,43.0,17.0,37.0
2021_18_SF_LA,2021,18,LA,SF,0.4161,47.764,61.7479,64.5728,126.3207,1.0,0.0,3.3333,0.0,0.0,0.0,0.0,-0.4279,1.0,0.0,0.0,0.4161,0.0,0.0,0.3135,1.0,0.0,0.0,3.0,46.5,-3.0,51.0
2021_18_NE_MIA,2021,18,MIA,NE,-3.6501,42.9412,63.2629,62.3266,125.5896,1.0,0.0,-2.6844,0.0,0.0,0.0,0.0,3.1122,1.0,0.0,0.0,-3.6501,0.0,0.0,1.2258,0.0,0.0,0.0,-6.0,41.0,9.0,57.0
2021_18_CAR_TB,2021,18,TB,CAR,11.547,46.9183,66.2157,66.7225,132.9383,1.0,0.0,12.3778,0.0,0.0,0.0,0.0,6.3578,1.0,0.0,0.0,11.547,0.0,0.0,0.5103,0.0,0.0,0.0,11.0,43.0,24.0,58.0
2021_18_LAC_LV,2021,18,LV,LAC,-2.9309,52.8978,65.9067,65.4719,131.3786,1.0,0.0,-1.5133,0.0,0.0,0.0,0.0,1.1976,1.0,1.0,1.0,-2.9309,0.0,0.0,0.2317,1.0,0.0,0.0,-3.5,48.0,3.0,67.0
2021_19_LV_CIN,2021,19,CIN,LV,1.503,51.6011,65.4546,65.4032,130.8578,1.0,0.0,1.5317,0.0,0.0,0.0,0.0,-3.3432,0.0,0.0,0.0,0.0,3.0,0.0,1.6838,0.0,2.0,14.0,6.0,48.5,7.0,45.0
2021_19_NE_BUF,2021,19,BUF,NE,3.0845,47.1982,65.5107,61.3902,126.9009,1.0,0.0,4.0775,0.0,0.0,0.0,0.0,1.6596,1.0,1.0,1.0,3.0845,0.0,0.0,0.3864,0.0,0.0,38.0,4.5,43.0,30.0,64.0
2021_19_PHI_TB,2021,19,TB,PHI,4.9766,55.8546,66.2315,67.0017,133.2332,1.0,-0.12,7.0022,0.0,0.0,0.0,0.0,5.8853,0.0,0.0,0.0,0.0,0.0,0.0,0.9242,0.0,11.0,0.0,7.5,45.5,16.0,46.0
2021_19_SF_DAL,2021,19,DAL,SF,2.1063,51.119,66.442,65.2379,131.6799,1.0,0.12,1.7724,0.0,0.0,0.0,0.0,0.4468,0.0,0.0,0.0,0.0,2.0,0.0,1.4385,1.0,0.0,0.0,3.0,51.0,-6.0,40.0
2021_19_PIT_KC,2021,19,KC,PIT,7.4038,49.2176,70.6866,67.7508,138.4375,1.0,0.12,6.6168,0.0,0.0,0.0,0.0,-2.7262,0.0,1.0,1.0,0.0,-1.0,0.0,0.7738,0.0,0.0,15.0,13.0,46.0,21.0,63.0
2021_19_ARI_LA,2021,19,LA,ARI,1.7861,47.6942,62.601,69.4474,132.0484,1.0,0.0,3.5771,0.0,0.0,0.0,0.0,-4.1905,1.0,1.0,1.0,1.7861,-1.0,0.0,0.3503,1.0,0.0,0.0,4.0,49.5,23.0,45.0
2021_20_CIN_TEN,2021,20,TEN,CIN,1.931,50.4939,67.4635,62.1694,129.6329,1.0,0.72,2.6785,0.0,0.0,0.0,0.0,-1.1263,0.0,0.0,0.0,0.0,-1.0,0.0,0.237,0.0,0.0,10.0,4.0,48.5,-3.0,35.0
2021_20_SF_GB,2021,20,GB,SF,0.2238,55.9461,63.7772,61.7475,125.5247,1.0,0.84,2.8655,0.0,0.0,0.0,0.0,-1.9837,0.0,1.0,1.0,0.0,2.0,0.0,1.8218,0.0,2.0,30.0,5.5,47.0,-3.0,23.0
2021_20_LA_TB,2021,20,TB,LA,0.3035,50.1324,68.2511,64.8661,133.1171,1.0,0.12,1.9762,0.0,0.0,0.0,0.0,6.0469,0.0,0.0,0.0,0.0,3.0,0.0,2.1518,0.0,1.0,0.0,2.5,48.0,-3.0,57.0
2021_20_BUF_KC,2021,20,KC,BUF,-1.2048,52.7984,64.7873,67.3152,132.1025,1.0,-0.12,0.5734,0.0,0.0,0.0,0.0,-1.705,0.0,0.0,0.0,-0.0,-1.0,0.0,0.8576,0.0,0.0,10.0,2.5,54.0,6.0,78.0
2021_21_CIN_KC,2021,21,KC,CIN,4.8717,58.3709,67.3367,64.1838,131.5205,1.0,-0.12,6.4207,0.0,0.0,0.0,0.0,3.2488,0.0,0.0,0.0,0.0,-1.0,0.0,0.5345,0.0,0.0,4.0,7.0,54.5,-3.0,51.0
2021_21_SF_LA,2021,21,LA,SF,2.0262,45.9837,62.4476,64.0195,126.467,1.0,-0.12,1.7455,0.0,0.0,0.0,0.0,-2.4748,1.0,0.0,0.0,2.0262,0.0,0.0,0.3135,1.0,0.0,0.0,3.5,45.5,3.0,37.0
2021_22_LA_CIN,2021,22,CIN,LA,-5.3525,47.5976,64.0291,64.6864,128.7155,0.0,0.0,-3.3814,0.0,0.0,0.0,0.0,-1.6733,0.0,0.0,0.0,-0.0,0.0,0.0,0.0,1.0,0.0,0.0,-4.5,48.5,-3.0,43.0
2022_01_BUF_LA,2022,1,LA,BUF,0.6505,45.774,63.1617,66.9373,130.099,1.0,0.0,-0.002,0.0,0.0,0.0,0.0,-1.5131,0.0,1.0,1.0,0.0,-3.0,0.0,2.2057,1.0,0.0,0.0,-1.0,51.5,-21.0,41.0
2022_01_NO_ATL,2022,1,ATL,NO,-5.0496,41.4416,61.2023,65.2753,126.4776,1.0,0.0,-4.6813,-0.4108,2.6016,-3.0125,2.1908,-6.8144,1.0,0.0,0.0,-5.0496,1.0,0.0,0.4244,1.0,0.0,0.0,-6.0,43.5,-1.0,53.0
2022_01_CLE_CAR,2022,1,CAR,CLE,-5.5748,39.9138,65.8578,62.1807,128.0384,1.0,0.0,-3.7871,2.4975,-1.112,3.6095,1.3855,-1.2021,0.0,0.0,0.0,-0.0,0.0,0.0,0.4364,0.0,0.0,0.0,2.5,42.5,-2.0,50.0
2022_01_SF_CHI,2022,1,CHI,SF,-7.5319,44.992,64.4324,59.4487,123.8811,1.0,0.0,-5.0283,0.0,-2.2493,2.2493,-2.2493,-2.4459,0.0,0.0,0.0,-0.0,2.0,0.0,1.8413,0.0,0.0,0.0,-6.5,38.0,9.0,29.0
2022_01_PIT_CIN,2022,1,CIN,PIT,4.0538,42.2564,66.0756,67.1755,133.2511,1.0,0.0,1.5102,0.0,0.6743,-0.6743,0.6743,-5.9417,1.0,0.0,0.0,4.0538,0.0,0.0,0.2566,0.0,0.0,0.0,7.5,44.5,-3.0,43.0
2022_01_PHI_DET,2022,1,DET,PHI,-4.8393,47.8017,64.1152,65.1771,129.2922,1.0,0.0,-4.3212,0.0,0.0,0.0,0.0,-1.7109,0.0,0.0,0.0,-0.0,0.0,0.0,0.4431,1.0,0.0,0.0,-6.0,49.0,-3.0,73.0
2022_01_IND_HOU,2022,1,HOU,IND,-8.0426,44.7033,61.904,64.9416,126.8456,1.0,0.0,-5.9448,0.0,-1.1557,1.1557,-1.1557,1.4971,1.0,0.0,0.0,-8.0426,-1.0,0.0,0.8709,1.0,0.0,0.0,-7.0,46.0,0.0,40.0
2022_01_NE_MIA,2022,1,MIA,NE,-1.1698,43.2494,63.8447,63.1388,126.9835,1.0,0.0,0.0451,0.0,0.0,0.0,0.0,3.022,1.0,0.0,0.0,-1.1698,0.0,0.0,1.2258,0.0,0.0,0.0,3.0,47.0,13.0,27.0
2022_01_BAL_NYJ,2022,1,NYJ,BAL,-3.5654,50.5877,61.6588,72.3966,134.0554,1.0,0.0,-6.2455,3.3473,0.0,3.3473,3.3473,-1.3398,0.0,0.0,0.0,-0.0,0.0,0.0,0.1715,0.0,0.0,0.0,-6.5,44.0,-15.0,33.0
2022_01_JAX_WAS,2022,1,WAS,JAX,2.7216,47.3173,64.1217,62.2687,126.3904,1.0,0.0,4.6953,1.551,0.0,1.551,1.551,-1.0018,0.0,0.0,0.0,0.0,0.0,0.0,0.652,0.0,0.0,0.0,3.0,43.5,6.0,50.0
2022_01_KC_ARI,2022,1,ARI,KC,-1.0119,54.0855,66.742,66.5462,133.2882,1.0,0.0,-5.1279,0.0,0.0,0.0,0.0,3.0391,0.0,0.0,0.0,-0.0,-1.0,0.0,1.0589,1.0,0.0,0.0,-6.0,54.0,-23.0,65.0
2022_01_LV_LAC,2022,1,LAC,LV,2.6631,51.2774,68.7912,67.9847,136.7759,1.0,0.0,0.6917,0.0,0.0,0.0,0.0,-1.2028,1.0,0.0,0.0,2.6631,0.0,0.0,0.2317,1.0,0.0,0.0,3.5,52.5,5.0,43.0
2022_01_GB_MIN,2022,1,MIN,GB,-3.6064,50.1651,62.6217,67.787,130.4088,1.0,0.0,-3.5096,0.0,0.0,0.0,0.0,-1.2858,1.0,0.0,0.0,-3.6064,0.0,0.0,0.257,1.0,0.0,0.0,2.5,47.0,16.0,30.0
2022_01_NYG_TEN,2022,1,TEN,NYG,8.1581,40.0035,68.4987,62.8427,131.3414,1.0,0.0,7.4144,0.0,0.0,0.0,0.0,-0.2438,0.0,0.0,0.0,0.0,-1.0,0.0,0.7571,0.0,0.0,0.0,5.5,43.5,-1.0,41.0
2022_01_TB_DAL,2022,1,DAL,TB,-0.4362,49.1351,70.1596,68.77,138.9297,1.0,0.0,-2.1086,0.0,0.0,0.0,0.0,-3.6614,0.0,1.0,1.0,-0.0,-1.0,0.0,0.9293,1.0,0.0,0.0,-2.5,49.5,-16.0,22.0
2022_01_DEN_SEA,2022,1,SEA,DEN,2.3693,46.4305,58.5291,68.6774,127.2066,1.0,0.0,3.28,-1.1786,-1.664,0.4854,-2.8425,-1.3183,0.0,1.0,1.0,0.0,-1.0,0.0,1.0178,0.0,0.0,0.0,-6.0,44.0,1.0,33.0
2022_02_LAC_KC,2022,2,KC,LAC,2.9236,56.9897,68.6538,67.0876,135.7414,1.0,0.0,5.7202,0.0,0.0,0.0,0.0,-1.1473,1.0,1.0,1.0,2.9236,2.0,0.0,1.3666,0.0,0.0,0.0,4.0,52.5,3.0,51.0
2022_02_MIA_BAL,2022,2,BAL,MIA,-4.565,42.5058,66.2498,66.0184,132.2682,1.0,0.0,-1.0546,0.0,0.0,0.0,0.0,-1.5842,0.0,0.0,0.0,-0.0,0.0,0.0,0.9439,0.0,0.0,0.0,3.0,44.0,-4.0,80.0
2022_02_NYJ_CLE,2022,2,CLE,NYJ,8.8001,45.6722,66.7384,63.7804,130.5188,1.0,0.0,6.6791,-1.7208,2.2275,-3.9483,0.5067,1.9039,0.0,0.0,0.0,0.0,0.0,0.0,0.3994,0.0,0.0,0.0,6.5,38.5,-1.0,61.0
2022_02_WAS_DET,2022,2,DET,WAS,-3.0101,48.428,64.0845,66.6689,130.7534,1.0,0.0,-3.5687,0.0,2.0582,-2.0582,2.0582,-2.7835,0.0,0.0,0.0,-0.0,0.0,0.0,0.4015,1.0,0.0,0.0,-1.0,48.5,9.0,63.0
2022_02_IND_JAX,2022,2,JAX,IND,-7.106,47.6488,63.2592,66.9923,130.2514,1.0,0.0,-8.8425,0.0,-1.3118,1.3118,-1.3118,1.713,1.0,0.0,0.0,-7.106,0.0,0.0,0.7002,0.0,0.0,0.0,-3.0,43.5,24.0,24.0
2022_02_TB_NO,2022,2,NO,TB,-6.3061,42.7401,64.4601,67.5154,131.9755,1.0,0.0,-3.4846,0.0,0.0,0.0,0.0,-5.374,1.0,0.0,0.0,-6.3061,-1.0,0.0,0.4779,1.0,0.0,0.0,-2.5,44.0,-10.0,30.0
2022_02_CAR_NYG,2022,2,NYG,CAR,-1.1456,37.9356,63.0277,66.1772,129.2049,1.0,0.0,-0.2467,0.0,2.634,-2.634,2.634,-2.3249,0.0,0.0,0.0,-0.0,0.0,0.0,0.5337,0.0,0.0,0.0,-1.0,44.0,3.0,35.0
2022_02_NE_PIT,2022,2,PIT,NE,-0.944,41.5663,63.4077,67.8974,131.3052,1.0,0.0,0.6038,0.3596,0.0,0.3596,0.3596,2.0693,0.0,0.0,0.0,-0.0,0.0,0.0,0.4683,0.0,0.0,0.0,-3.0,40.0,-3.0,31.0
2022_02_ATL_LA,2022,2,LA,ATL,7.9953,47.9288,65.3503,62.3123,127.6626,1.0,0.36,6.2609,0.0,-0.7777,0.7777,-0.7777,2.1743,0.0,0.0,0.0,0.0,-3.0,0.0,1.9385,1.0,0.0,0.0,10.5,46.5,4.0,58.0
2022_02_SEA_SF,2022,2,SF,SEA,1.3007,47.8338,67.8472,57.7487,125.5959,1.0,0.12,0.4364,-3.2508,-1.6149,-1.6359,-4.8657,3.4002,1.0,0.0,0.0,1.3007,0.0,0.0,0.7045,0.0,0.0,0.0,8.5,40.0,20.0,34.0
2022_02_CIN_DAL,2022,2,DAL,CIN,2.0604,42.5582,68.1778,67.2405,135.4182,1.0,0.0,0.1407,-3.6162,0.0,-3.6162,-3.6162,3.8683,0.0,0.0,0.0,0.0,-1.0,0.0,0.8281,1.0,0.0,0.0,-7.5,42.0,3.0,37.0
2022_02_HOU_DEN,2022,2,DEN,HOU,5.1696,44.2167,66.8606,61.0938,127.9544,1.0,-0.12,1.3912,-0.7488,0.0,-0.7488,-0.7488,-0.2385,0.0,0.0,0.0,0.0,-1.0,0.0,0.8826,0.0,0.0,0.0,10.5,46.0,7.0,25.0
2022_02_ARI_LV,2022,2,LV,ARI,-2.5879,48.1048,64.5815,66.7859,131.3674,1.0,0.0,-0.6158,0.0,0.0,0.0,0.0,-2.3451,0.0,0.0,0.0,-0.0,-1.0,0.0,0.2425,1.0,0.0,0.0,5.5,51.5,-6.0,52.0
2022_02_CHI_GB,2022,2,GB,CHI,5.0957,47.5127,61.261,62.1067,123.3677,1.0,0.0,3.9269,0.0,0.0,0.0,0.0,2.4213,1.0,1.0,1.0,5.0957,0.0,0.0,0.1837,0.0,0.0,0.0,10.5,42.0,17.0,37.0
2022_02_TEN_BUF,2022,2,BUF,TEN,5.0033,46.0241,64.1227,65.0656,129.1883,1.0,0.36,3.9208,0.0,0.0,0.0,0.0,5.1516,0.0,1.0,1.0,0.0,1.0,0.0,0.6238,0.0,0.0,0.0,10.0,47.5,34.0,48.0
2022_02_MIN_PHI,2022,2,PHI,MIN,-1.6368,47.8268,68.4745,64.8365,133.311,1.0,0.0,-1.5558,0.0,0.0,0.0,0.0,1.0966,0.0,1.0,1.0,-0.0,1.0,0.0,0.9842,0.0,0.0,0.0,2.5,49.5,17.0,31.0
2022_03_PIT_CLE,2022,3,CLE,PIT,2.9197,42.7788,70.4681,64.5887,135.0567,1.0,0.0,-0.5418,0.2496,0.0833,0.1663,0.3329,-2.1482,1.0,1.0,1.0,2.9197,0.0,0.0,0.1143,0.0,0.0,0.0,4.5,38.0,12.0,46.0
2022_03_NO_CAR,2022,3,CAR,NO,-3.026,34.1252,64.5413,63.8591,128.4004,1.0,0.0,-6.1096,2.0385,0.0,2.0385,2.0385,1.6363,1.0,0.0,0.0,-3.026,1.0,0.0,0.6487,0.0,0.0,0.0,-2.0,41.0,8.0,36.0
2022_03_HOU_CHI,2022,3,CHI,HOU,2.4747,41.8047,65.5121,61.8471,127.3592,1.0,0.0,2.5864,0.0,0.0,0.0,0.0,-0.6371,0.0,0.0,0.0,0.0,0.0,0.0,0.9471,0.0,0.0,0.0,3.0,40.0,3.0,43.0
2022_03_KC_IND,2022,3,IND,KC,-7.3058,52.1957,66.077,66.7449,132.8219,1.0,-0.36,-6.4998,-2.4881,0.0,-2.4881,-2.4881,-4.5864,0.0,0.0,0.0,-0.0,1.0,0.0,0.4468,0.0,0.0,0.0,-4.5,51.0,3.0,37.0
2022_03_BUF_MIA,2022,3,MIA,BUF,-6.4763,45.4638,64.2553,63.6446,127.9,1.0,0.12,-3.9069,0.0,0.0,0.0,0.0,-1.7591,1.0,0.0,0.0,-6.4763,0.0,0.0,1.1648,0.0,0.0,0.0,-4.0,54.0,2.0,40.0
2022_03_DET_MIN,2022,3,MIN,DET,5.723,46.2705,65.9531,67.0579,133.011,1.0,-0.12,4.5652,0.0,0.0,0.0,0.0,0.649,1.0,0.0,0.0,5.723,-1.0,0.0,0.5415,1.0,0.0,0.0,6.5,52.0,4.0,52.0
2022_03_BAL_NE,2022,3,NE,BAL,3.4387,49.1773,64.3363,63.4377,127.7739,1.0,0.0,0.4722,0.0,0.0,0.0,0.0,0.4828,0.0,0.0,0.0,0.0,0.0,0.0,0.3414,0.0,0.0,0.0,-2.5,45.5,-11.0,63.0
2022_03_CIN_NYJ,2022,3,NYJ,CIN,-7.5152,46.9484,65.2924,67.9783,133.2707,1.0,0.0,-6.7967,3.8402,0.0,3.8402,3.8402,1.4271,0.0,0.0,0.0,-0.0,0.0,0.0,0.5653,0.0,0.0,0.0,-6.5,46.0,-15.0,39.0
2022_03_LV_TEN,2022,3,TEN,LV,1.6952,46.1462,67.6688,64.1014,131.7702,1.0,-0.12,3.3632,0.0,0.0,0.0,0.0,-1.5986,0.0,0.0,0.0,0.0,2.0,0.0,1.5799,0.0,0.0,0.0,-1.5,45.5,2.0,46.0
2022_03_PHI_WAS,2022,3,WAS,PHI,-6.379,49.7966,66.1062,65.5485,131.6547,1.0,0.12,-3.7998,2.2832,0.0,2.2832,2.2832,1.181,1.0,0.0,0.0,-6.379,0.0,0.0,0.1136,0.0,0.0,0.0,-6.0,47.0,-16.0,32.0
2022_03_JAX_LAC,2022,3,LAC,JAX,6.0751,48.9899,66.335,64.13,130.465,1.0,0.36,5.5746,0.0,0.0,0.0,0.0,-0.1721,0.0,0.0,0.0,0.0,-3.0,0.0,2.1506,1.0,0.0,0.0,6.5,46.0,-28.0,48.0
2022_03_LA_ARI,2022,3,ARI,LA,-4.4388,45.1649,66.8951,64.2988,131.194,1.0,0.0,-3.4323,0.0,0.0,0.0,0.0,4.2297,1.0,0.0,0.0,-4.4388,1.0,0.0,0.3503,1.0,0.0,0.0,-3.5,49.0,-8.0,32.0
2022_03_ATL_SEA,2022,3,SEA,ATL,2.4274,49.5775,58.8475,67.7526,126.6001,1.0,0.0,3.3696,-2.2619,0.396,-2.658,-1.8659,1.699,0.0,0.0,0.0,0.0,-3.0,0.0,2.1774,0.0,0.0,0.0,1.0,43.0,-4.0,50.0
2022_03_GB_TB,2022,3,TB,GB,3.7366,48.7329,62.1695,65.5347,127.7042,1.0,0.0,3.0857,0.0,0.0,0.0,0.0,3.3565,0.0,0.0,0.0,0.0,1.0,0.0,1.1824,0.0,0.0,0.0,1.0,41.5,-2.0,26.0
2022_03_SF_DEN,2022,3,DEN,SF,-2.1781,45.4727,61.4452,61.7168,123.162,1.0,0.0,-4.4477,-0.8041,0.0,-0.8041,-0.8041,-3.3353,0.0,1.0,1.0,-0.0,1.0,0.0,0.9284,0.0,0.0,0.0,-1.0,44.0,1.0,21.0
2022_03_DAL_NYG,2022,3,NYG,DAL,-8.0364,40.5757,64.8558,68.1589,133.0147,1.0,0.0,-5.8634,0.0,-3.1572,3.1572,-3.1572,-4.5742,1.0,1.0,1.0,-8.0364,1.0,0.0,1.3851,0.0,0.0,0.0,1.0,38.5,-7.0,39.0
2022_04_MIA_CIN,2022,4,CIN,MIA,-0.9777,43.554,67.6272,64.1408,131.768,1.0,0.0,-2.033,0.0,0.0,0.0,0.0,-4.4445,0.0,1.0,1.0,-0.0,0.0,0.0,0.941,0.0,0.0,0.0,4.0,48.5,12.0,42.0
2022_04_MIN_NO,2022,4,NO,MIN,-2.4532,38.2918,67.823,64.8401,132.6631,0.0,0.0,-0.6562,-2.1276,0.0,-2.1276,-2.1276,1.1706,0.0,0.0,0.0,-0.0,0.0,0.0,0.0,0.0,0.0,0.0,-4.0,42.0,-3.0,53.0
2022_04_CLE_ATL,2022,4,ATL,CLE,-4.7947,53.3199,60.7812,67.1672,127.9483,1.0,-0.36,-3.2,2.2325,0.6379,1.5947,2.8704,-4.2102,0.0,0.0,0.0,-0.0,0.0,0.0,0.5555,0.0,0.0,0.0,-1.0,48.0,3.0,43.0
2022_04_BUF_BAL,2022,4,BAL,BUF,-9.5654,51.3474,61.8054,69.0686,130.874,1.0,0.0,-4.6778,0.0,0.0,0.0,0.0,-3.0011,0.0,0.0,0.0,-0.0,0.0,0.0,0.2666,0.0,0.0,0.0,-3.0,50.0,-3.0,43.0
2022_04_WAS_DAL,2022,4,DAL,WAS,7.067,45.818,66.207,68.3767,134.5837,1.0,-0.12,5.8275,-2.688,0.0,-2.688,-2.688,2.902,1.0,0.0,0.0,7.067,-1.0,0.0,1.2074,1.0,0.0,0.0,3.0,40.5,15.0,35.0
2022_04_SEA_DET,2022,4,DET,SEA,-0.7008,50.834,68.8678,61.8225,130.6903,1.0,0.0,-3.6842,0.0,0.0,0.0,0.0,0.4394,0.0,0.0,0.0,-0.0,3.0,1.0,1.9331,1.0,0.0,0.0,3.0,48.5,-3.0,93.0
2022_04_LAC_HOU,2022,4,HOU,LAC,-6.0047,44.5547,63.5231,69.9737,133.4968,1.0,0.0,-3.3654,0.0,0.0,0.0,0.0,0.1115,0.0,0.0,0.0,-0.0,2.0,0.0,1.375,1.0,0.0,0.0,-5.5,45.0,-10.0,58.0
2022_04_TEN_IND,2022,4,IND,TEN,-2.3593,45.5793,65.1209,63.9089,129.0298,1.0,0.0,-0.7637,-1.6,0.0,-1.6,-1.6,-2.3325,1.0,0.0,0.0,-2.3593,1.0,0.0,0.2505,0.0,0.0,0.0,4.5,43.0,-7.0,41.0
2022_04_CHI_NYG,2022,4,NYG,CHI,-3.0394,41.6143,63.1455,62.0512,125.1967,1.0,-0.12,-3.0456,0.0,0.0,0.0,0.0,-1.4064,0.0,0.0,0.0,-0.0,1.0,0.0,0.7056,0.0,0.0,0.0,3.0,39.0,8.0,32.0
2022_04_JAX_PHI,2022,4,PHI,JAX,5.4466,47.4989,64.9728,66.3951,131.3679,1.0,0.0,5.6402,0.0,0.0,0.0,0.0,-0.4877,0.0,0.0,0.0,0.0,0.0,0.0,0.7555,0.0,0.0,0.0,6.5,44.0,8.0,50.0
2022_04_NYJ_PIT,2022,4,PIT,NYJ,6.583,42.263,65.561,72.1687,137.7297,1.0,0.36,6.1796,-0.5466,-1.9751,1.4286,-2.5217,3.045,0.0,0.0,0.0,0.0,0.0,0.0,0.3125,0.0,0.0,0.0,3.0,41.0,-4.0,44.0
2022_04_ARI_CAR,2022,4,CAR,ARI,-1.8308,42.1736,61.2919,70.0201,131.312,1.0,0.0,-3.0925,1.8531,0.0,1.8531,1.8531,-3.4069,0.0,0.0,0.0,-0.0,2.0,0.0,1.7877,0.0,0.0,0.0,1.0,44.0,-10.0,42.0
2022_04_NE_GB,2022,4,GB,NE,4.0585,48.5797,60.1367,59.4454,119.5821,1.0,0.0,3.9958,0.0,-0.0602,0.0602,-0.0602,-0.3203,0.0,0.0,0.0,0.0,-1.0,0.0,0.8594,0.0,0.0,0.0,10.0,40.5,3.0,51.0
2022_04_DEN_LV,2022,4,LV,DEN,-3.3333,44.1923,62.2992,66.3746,128.6738,1.0,0.0,-0.8476,0.0,-1.3621,1.3621,-1.3621,1.5155,1.0,0.0,0.0,-3.3333,-1.0,0.0,0.6083,1.0,0.0,0.0,2.5,45.5,9.0,55.0
2022_04_KC_TB,2022,4,TB,KC,0.0561,47.8208,67.1567,67.2995,134.4562,1.0,0.0,0.0254,0.0,0.0,0.0,0.0,3.5876,0.0,1.0,1.0,0.0,1.0,0.0,1.0285,0.0,0.0,0.0,1.0,46.5,-10.0,72.0
2022_04_LA_SF,2022,4,SF,LA,-2.7102,41.651,64.4754,60.766,125.2414,1.0,0.0,-2.0684,0.0,0.0,0.0,0.0,3.8288,1.0,1.0,1.0,-2.7102,0.0,0.0,0.3135,0.0,0.0,0.0,1.0,42.0,15.0,33.0
2022_05_IND_DEN,2022,5,DEN,IND,2.3983,40.5541,62.552,63.6665,126.2185,1.0,0.0,-2.2891,0.0,0.0,0.0,0.0,2.5127,0.0,1.0,1.0,0.0,-2.0,0.0,0.9998,0.0,0.0,0.0,3.5,42.0,-3.0,21.0
2022_05_NYG_GB,2022,5,GB,NYG,7.2786,45.3903,64.4391,60.9251,125.3642,0.0,0.0,7.8718,0.0,0.0,0.0,0.0,3.9235,0.0,0.0,0.0,0.0,0.0,0.0,0.0,0.0,0.0,0.0,8.5,42.0,-5.0,49.0
2022_05_PIT_BUF,2022,5,BUF,PIT,9.5505,43.8234,72.1566,61.7959,133.9524,1.0,0.0,8.2163,0.0,1.2119,-1.2119,1.2119,0.6904,0.0,0.0,0.0,0.0,0.0,0.0,0.1729,0.0,0.0,0.0,14.0,44.0,35.0,41.0
2022_05_LAC_CLE,2022,5,CLE,LAC,-1.5957,50.5645,66.4741,64.2669,130.741,1.0,0.0,0.8656,0.0,0.0,0.0,0.0,-1.7456,0.0,0.0,0.0,-0.0,3.0,1.0,2.0526,0.0,0.0,0.0,-1.0,47.0,-2.0,58.0
2022_05_HOU_JAX,2022,5,JAX,HOU,6.1903,42.7681,66.4239,62.559,128.9828,1.0,0.0,1.8621,0.0,0.0,0.0,0.0,2.5659,1.0,0.0,0.0,6.1903,1.0,0.0,0.8248,0.0,0.0,0.0,7.0,44.0,-7.0,19.0
2022_05_CHI_MIN,2022,5,MIN,CHI,3.6846,46.9225,64.0097,64.3887,128.3984,1.0,0.0,3.9185,0.0,0.0,0.0,0.0,1.6107,1.0,0.0,0.0,3.6846,0.0,0.0,0.3553,1.0,0.0,0.0,10.0,44.0,7.0,51.0
2022_05_DET_NE,2022,5,NE,DET,4.8279,50.6233,64.6796,63.71,128.3896,1.0,0.0,4.429,-2.642,0.0,-2.642,-2.642,0.7047,0.0,0.0,0.0,0.0,0.0,0.0,0.6027,0.0,0.0,0.0,3.0,46.5,29.0,29.0
2022_05_SEA_NO,2022,5,NO,SEA,-1.3991,46.833,67.3608,61.422,128.7828,1.0,0.0,-0.0588,-1.2968,0.0,-1.2968,-1.2968,0.7194,0.0,0.0,0.0,-0.0,2.0,0.0,2.0982,1.0,0.0,0.0,5.5,45.5,7.0,71.0
2022_05_MIA_NYJ,2022,5,NYJ,MIA,-9.2604,46.8836,67.8104,64.1703,131.9808,1.0,-0.36,-8.2309,-1.576,-1.1354,-0.4406,-2.7115,-0.7857,1.0,0.0,0.0,-9.2604,0.0,0.0,1.0856,0.0,0.0,0.0,-3.0,46.0,23.0,57.0
2022_05_ATL_TB,2022,5,TB,ATL,6.995,47.7137,67.2456,63.4121,130.6577,1.0,0.0,6.6559,0.0,1.2003,-1.2003,1.2003,8.4068,1.0,0.0,0.0,6.995,0.0,0.0,0.4149,0.0,0.0,0.0,10.5,46.0,6.0,36.0
2022_05_TEN_WAS,2022,5,WAS,TEN,-6.369,46.3509,67.289,61.9568,129.2458,1.0,0.0,-6.3748,0.0,0.0,0.0,0.0,0.8741,0.0,0.0,0.0,-0.0,1.0,0.0,0.5745,0.0,0.0,0.0,-1.0,43.0,-4.0,38.0
2022_05_SF_CAR,2022,5,CAR,SF,-8.124,36.5817,60.9597,64.0888,125.0486,1.0,0.12,-7.9352,0.0,0.0,0.0,0.0,-2.9603,0.0,0.0,0.0,-0.0,3.0,0.0,2.2761,0.0,0.0,0.0,-6.0,40.0,-22.0,52.0
2022_05_PHI_ARI,2022,5,ARI,PHI,-5.5872,43.3254,68.529,64.6034,133.1325,1.0,0.0,-2.3873,0.0,0.0,0.0,0.0,1.9896,0.0,0.0,0.0,-0.0,-2.0,0.0,2.0857,1.0,0.0,0.0,-5.5,48.5,-3.0,37.0
2022_05_DAL_LA,2022,5,LA,DAL,-0.472,44.7641,65.796,65.4408,131.2368,1.0,-0.12,0.2957,0.0,-2.4883,2.4883,-2.4883,-5.9513,0.0,0.0,0.0,-0.0,-2.0,0.0,1.2269,1.0,0.0,0.0,5.5,42.0,-12.0,32.0
2022_05_CIN_BAL,2022,5,BAL,CIN,-3.5802,46.697,65.9716,67.3235,133.2951,1.0,-0.36,-1.207,0.0,0.0,0.0,0.0,1.1936,1.0,1.0,1.0,-3.5802,0.0,0.0,0.4228,0.0,0.0,0.0,3.0,47.5,2.0,36.0
2022_05_LV_KC,2022,5,KC,LV,8.4385,53.4484,67.4407,67.2404,134.6811,1.0,0.0,8.4274,0.0,0.0,0.0,0.0,0.6175,1.0,1.0,1.0,8.4385,2.0,0.0,1.1493,0.0,0.0,0.0,7.5,51.5,1.0,59.0
2022_06_WAS_CHI,2022,6,CHI,WAS,0.2353,44.7493,59.8451,66.9765,126.8216,1.0,0.0,1.3851,0.0,0.0,0.0,0.0,-4.5236,0.0,1.0,1.0,0.0,-1.0,0.0,0.6011,0.0,0.0,0.0,-1.0,38.5,-5.0,19.0
2022_06_SF_ATL,2022,6,ATL,SF,-7.7722,47.1873,61.0233,64.9851,126.0084,1.0,0.0,-6.2353,0.0,0.0,0.0,0.0,-7.8082,0.0,0.0,0.0,-0.0,3.0,1.0,2.1123,0.0,0.0,0.0,-3.5,46.0,14.0,42.0
2022_06_NE_CLE,2022,6,CLE,NE,-0.9652,49.0604,64.9502,60.6983,125.6485,1.0,0.0,-0.6791,0.0,-1.5691,1.5691,-1.5691,-1.0769,0.0,0.0,0.0,-0.0,0.0,0.0,0.5387,0.0,0.0,0.0,2.5,43.0,-23.0,53.0
2022_06_NYJ_GB,2022,6,GB,NYJ,6.639,48.6202,65.1335,62.1209,127.2544,1.0,0.0,7.3737,0.0,0.0,0.0,0.0,-0.5404,0.0,0.0,0.0,0.0,-1.0,0.0,0.7539,0.0,0.0,0.0,7.5,44.5,-17.0,37.0
2022_06_JAX_IND,2022,6,IND,JAX,-1.1467,39.3706,66.1148,64.061,130.1757,1.0,0.36,5.2596,0.0,0.0,0.0,0.0,-6.4272,1.0,0.0,0.0,-1.1467,0.0,0.0,0.7002,0.0,0.0,0.0,1.0,41.0,7.0,61.0
2022_06_MIN_MIA,2022,6,MIA,MIN,0.8824,50.0269,64.6131,65.9034,130.5166,1.0,0.0,-1.2228,-1.2376,0.0,-1.2376,-1.2376,0.2298,0.0,0.0,0.0,0.0,1.0,0.0,1.5,0.0,0.0,0.0,-3.0,45.0,-8.0,40.0
2022_06_CIN_NO,2022,6,NO,CIN,-3.1878,38.6853,64.7594,65.7963,130.5557,1.0,0.0,-1.5967,-1.4378,0.0,-1.4378,-1.4378,0.6653,0.0,0.0,0.0,-0.0,-1.0,0.0,0.7065,1.0,0.0,0.0,-3.0,42.5,-4.0,56.0
2022_06_BAL_NYG,2022,6,NYG,BAL,-2.1999,47.4305,65.1483,64.8103,129.9587,1.0,0.0,-4.3223,0.0,0.0,0.0,0.0,-1.9661,0.0,0.0,0.0,-0.0,0.0,0.0,0.1715,0.0,0.0,0.0,-5.5,46.0,4.0,44.0
2022_06_TB_PIT,2022,6,PIT,TB,-8.708,41.098,67.5375,69.8072,137.3447,1.0,0.0,-7.124,0.9631,0.0,0.9631,0.9631,-4.9798,0.0,0.0,0.0,-0.0,0.0,0.0,0.8732,0.0,0.0,0.0,-10.0,47.0,2.0,38.0
2022_06_CAR_LA,2022,6,LA,CAR,6.8743,36.9495,65.4824,61.1066,126.589,1.0,0.0,7.2532,0.0,0.3199,-0.3199,0.3199,-2.5498,0.0,0.0,0.0,0.0,-3.0,0.0,2.1215,1.0,0.0,0.0,10.0,41.5,14.0,34.0
2022_06_ARI_SEA,2022,6,SEA,ARI,-1.3841,51.7209,58.085,73.3005,131.3855,1.0,0.0,-0.6959,0.0,0.0,0.0,0.0,-4.329,1.0,0.0,0.0,-1.3841,-1.0,0.0,1.1043,0.0,0.0,0.0,-2.5,50.0,10.0,28.0
2022_06_BUF_KC,2022,6,KC,BUF,-2.0434,55.0685,65.8933,66.4864,132.3797,1.0,-0.12,-0.2623,0.0,0.0,0.0,0.0,-1.7263,0.0,0.0,0.0,-0.0,-1.0,0.0,0.8576,0.0,0.0,0.0,-2.5,54.0,-4.0,44.0
2022_06_DAL_PHI,2022,6,PHI,DAL,0.8462,43.9574,70.0226,64.1463,134.1688,1.0,0.0,-0.8849,0.0,-3.055,3.055,-3.055,-2.2296,1.0,1.0,1.0,0.8462,1.0,0.0,1.3126,0.0,0.0,0.0,6.5,42.5,9.0,43.0
2022_06_DEN_LAC,2022,6,LAC,DEN,2.1253,43.3536,66.291,64.2975,130.5884,1.0,-0.36,2.7198,0.0,0.0,0.0,0.0,1.7668,1.0,1.0,1.0,2.1253,-1.0,0.0,0.8369,1.0,0.0,0.0,3.5,45.5,3.0,35.0
2022_07_NO_ARI,2022,7,ARI,NO,0.4727,40.8388,67.9179,63.7346,131.6525,1.0,0.0,-0.9435,0.0,-1.0743,1.0743,-1.0743,3.3302,0.0,1.0,1.0,0.0,-1.0,0.0,1.324,0.0,0.0,0.0,2.5,44.0,8.0,76.0
2022_07_CLE_BAL,2022,7,BAL,CLE,0.5369,52.31,63.0299,67.4879,130.5177,1.0,0.0,2.6077,0.0,0.0,0.0,0.0,1.5785,1.0,0.0,0.0,0.5369,0.0,0.0,0.3083,0.0,0.0,0.0,6.5,46.0,3.0,43.0
2022_07_TB_CAR,2022,7,CAR,TB,-10.4002,38.6242,62.3233,67.8805,130.2038,1.0,0.0,-10.2227,-0.8004,0.0,-0.8004,-0.8004,-5.2323,1.0,0.0,0.0,-10.4002,0.0,0.0,0.5103,0.0,0.0,0.0,-13.0,39.5,18.0,24.0
2022_07_ATL_CIN,2022,7,CIN,ATL,3.9734,49.3042,66.8186,62.3322,129.1508,1.0,0.0,3.4681,0.0,0.0,0.0,0.0,3.3088,0.0,0.0,0.0,0.0,0.0,0.0,0.369,0.0,0.0,0.0,6.5,47.5,18.0,52.0
2022_07_DET_DAL,2022,7,DAL,DET,9.5788,45.6408,65.7224,67.9586,133.681,1.0,-0.84,8.7707,3.6305,0.0,3.6305,3.6305,3.553,0.0,0.0,0.0,0.0,-1.0,0.0,1.0133,1.0,0.0,0.0,7.0,49.5,18.0,30.0
2022_07_NYG_JAX,2022,7,JAX,NYG,0.8407,47.6555,63.4279,64.796,128.2239,1.0,0.0,-3.3585,0.0,0.0,0.0,0.0,4.1966,0.0,0.0,0.0,0.0,0.0,0.0,0.8394,0.0,0.0,0.0,3.0,44.0,-6.0,40.0
2022_07_IND_TEN,2022,7,TEN,IND,3.7583,45.1607,61.8454,67.4075,129.2528,1.0,0.84,1.9775,0.0,0.0,0.0,0.0,-0.102,1.0,0.0,0.0,3.7583,-1.0,0.0,0.2505,0.0,0.0,0.0,2.5,43.0,9.0,29.0
2022_07_GB_WAS,2022,7,WAS,GB,-3.9001,44.5626,61.1519,65.2801,126.4321,1.0,0.36,-5.1263,-0.3581,0.0,-0.3581,-0.3581,1.2199,0.0,0.0,0.0,-0.0,1.0,0.0,0.694,0.0,0.0,0.0,-4.0,41.5,2.0,44.0
2022_07_NYJ_DEN,2022,7,DEN,NYJ,4.2065,36.6532,65.3512,67.3279,132.6791,1.0,-0.12,-0.7927,-1.1047,0.0,-1.1047,-1.1047,-2.5666,0.0,0.0,0.0,0.0,-2.0,0.0,1.6245,0.0,0.0,0.0,-2.0,37.0,-7.0,25.0
2022_07_HOU_LV,2022,7,LV,HOU,5.5023,45.6859,69.1299,62.7544,131.8843,1.0,-0.12,3.1034,0.0,0.0,0.0,0.0,2.2299,0.0,0.0,0.0,0.0,-2.0,0.0,1.2269,1.0,0.0,0.0,7.0,46.0,18.0,58.0
2022_07_SEA_LAC,2022,7,LAC,SEA,3.1178,52.3449,73.3701,59.9848,133.355,1.0,-0.12,0.2449,0.0,0.0,0.0,0.0,2.6747,0.0,0.0,0.0,0.0,0.0,0.0,0.9651,1.0,0.0,0.0,5.5,51.5,-14.0,60.0
2022_07_KC_SF,2022,7,SF,KC,-2.4875,50.9937,63.754,66.0685,129.8225,1.0,0.0,-3.5907,0.0,0.0,0.0,0.0,2.8676,0.0,0.0,0.0,-0.0,-2.0,0.0,1.4906,0.0,0.0,0.0,-1.0,49.0,-21.0,67.0
2022_07_PIT_MIA,2022,7,MIA,PIT,2.8483,42.4824,68.449,63.0249,131.4739,1.0,0.0,1.1645,0.0,0.8393,-0.8393,0.8393,-2.8965,0.0,1.0,1.0,0.0,0.0,0.0,1.0012,0.0,0.0,0.0,7.5,44.5,6.0,26.0
2022_07_CHI_NE,2022,7,NE,CHI,6.8151,44.0426,61.8747,60.2799,122.1546,1.0,-0.36,5.5164,0.0,0.0,0.0,0.0,7.0809,0.0,1.0,1.0,0.0,1.0,0.0,0.8389,0.0,0.0,0.0,9.5,40.0,-19.0,47.0
2022_08_BAL_TB,2022,8,TB,BAL,3.0087,46.0429,66.5089,64.3177,130.8266,1.0,0.0,1.631,0.0,0.0,0.0,0.0,4.0773,0.0,1.0,1.0,0.0,0.0,0.0,0.8506,0.0,0.0,0.0,2.0,46.0,-5.0,49.0
2022_08_DEN_JAX,2022,8,JAX,DEN,-2.7453,39.8925,66.3421,67.119,133.461,0.0,0.0,-1.7693,0.0,0.0,0.0,0.0,2.2033,0.0,0.0,0.0,-0.0,0.0,0.0,0.0,0.0,0.0,0.0,1.0,41.0,-4.0,38.0
2022_08_CAR_ATL,2022,8,ATL,CAR,0.9804,42.7497,61.4179,61.2609,122.6788,1.0,0.0,2.4428,0.0,0.0447,-0.0447,0.0447,-3.2511,1.0,0.0,0.0,0.9804,0.0,0.0,0.2261,1.0,0.0,0.0,4.5,41.0,3.0,71.0
2022_08_CHI_DAL,2022,8,DAL,CHI,5.5108,42.1189,62.1767,63.5168,125.6935,1.0,0.12,5.7659,0.0,0.0,0.0,0.0,7.9989,0.0,0.0,0.0,0.0,0.0,0.0,0.8162,0.0,0.0,0.0,10.5,43.0,20.0,78.0
2022_08_MIA_DET,2022,8,DET,MIA,-7.2304,44.8487,64.436,65.256,129.692,1.0,0.0,-6.3646,0.0,0.0,0.0,0.0,0.828,0.0,0.0,0.0,-0.0,0.0,0.0,1.1431,1.0,0.0,0.0,-3.5,52.0,-4.0,58.0
2022_08_ARI_MIN,2022,8,MIN,ARI,0.726,44.8138,64.1935,70.489,134.6825,1.0,0.48,3.1203,0.0,0.0,0.0,0.0,-3.1587,0.0,0.0,0.0,0.0,1.0,0.0,1.2828,1.0,0.0,0.0,4.0,48.5,8.0,60.0
2022_08_LV_NO,2022,8,NO,LV,-1.9824,48.2475,66.2022,63.2429,129.4451,1.0,0.36,-0.1844,0.9096,0.0,0.9096,0.9096,-0.2033,0.0,0.0,0.0,-0.0,2.0,0.0,1.5101,1.0,0.0,0.0,-1.0,48.5,24.0,24.0
2022_08_NE_NYJ,2022,8,NYJ,NE,-3.719,41.3856,63.8398,64.192,128.0318,1.0,0.12,-1.674,0.0,0.0,0.0,0.0,-0.6562,1.0,0.0,0.0,-3.719,0.0,0.0,0.1702,0.0,0.0,0.0,-3.0,40.0,-5.0,39.0
2022_08_PIT_PHI,2022,8,PHI,PIT,8.9471,44.1098,70.89,65.6315,136.5214,1.0,0.84,6.0188,0.0,0.0,0.0,0.0,0.2082,0.0,0.0,0.0,0.0,0.0,0.0,0.2587,0.0,0.0,0.0,11.0,43.0,22.0,48.0
2022_08_TEN_HOU,2022,8,HOU,TEN,-7.828,44.9911,61.9895,63.8103,125.7998,1.0,0.0,-8.9425,0.0,-2.484,2.484,-2.484,0.1932,1.0,0.0,0.0,-7.828,0.0,0.0,0.6715,1.0,0.0,0.0,-1.0,39.0,-7.0,27.0
2022_08_WAS_IND,2022,8,IND,WAS,-0.5094,40.7823,66.7007,65.4341,132.1348,1.0,0.0,3.1853,-2.9356,-0.3219,-2.6137,-3.2575,-2.6673,0.0,0.0,0.0,-0.0,0.0,0.0,0.5002,1.0,0.0,0.0,3.0,40.5,-1.0,33.0
2022_08_SF_LA,2022,8,LA,SF,-0.2336,42.5856,62.6773,60.5752,123.2525,1.0,0.84,0.8038,0.0,0.0,0.0,0.0,-4.5509,1.0,0.0,0.0,-0.2336,0.0,0.0,0.3135,1.0,0.0,0.0,-1.0,42.0,-17.0,45.0
2022_08_NYG_SEA,2022,8,SEA,NYG,2.6567,51.1934,61.46,69.327,130.7869,1.0,0.0,2.3633,0.0,0.0,0.0,0.0,2.0251,0.0,0.0,0.0,0.0,-3.0,0.0,2.3957,0.0,0.0,0.0,3.0,44.5,14.0,40.0
2022_08_GB_BUF,2022,8,BUF,GB,8.1051,48.068,62.4949,63.1051,125.6,1.0,0.84,6.905,0.0,0.0,0.0,0.0,1.1844,0.0,1.0,1.0,0.0,1.0,0.0,0.4786,0.0,0.0,0.0,10.5,47.0,10.0,44.0
2022_08_CIN_CLE,2022,8,CLE,CIN,-4.9238,50.6359,65.9167,64.0478,129.9645,1.0,0.0,-5.452,0.0,0.0,0.0,0.0,-0.3556,1.0,1.0,1.0,-4.9238,0.0,0.0,0.2231,0.0,0.0,0.0,-3.0,45.0,19.0,45.0
2022_09_PHI_HOU,2022,9,HOU,PHI,-13.6016,46.2295,62.7515,67.7789,130.5304,1.0,0.0,-10.4665,0.0,0.0,0.0,0.0,-3.5819,0.0,1.0,1.0,-0.0,-1.0,0.0,1.3434,1.0,0.0,0.0,-14.0,45.5,-12.0,46.0
2022_09_LAC_ATL,2022,9,ATL,LAC,-2.7282,51.0076,60.3369,72.1251,132.462,1.0,-0.84,-0.108,0.0,0.0,0.0,0.0,-6.5397,0.0,0.0,0.0,-0.0,3.0,1.0,1.9385,0.0,0.0,0.0,-2.5,49.5,-3.0,37.0
2022_09_MIA_CHI,2022,9,CHI,MIA,-4.2184,47.9931,62.6265,62.0143,124.6408,1.0,0.0,-3.5737,0.0,0.0,0.0,0.0,-4.332,0.0,0.0,0.0,-0.0,-1.0,0.0,1.1764,0.0,7.0,0.0,-4.0,46.0,-3.0,67.0
2022_09_CAR_CIN,2022,9,CIN,CAR,6.3958,39.6254,65.7897,61.2242,127.0139,1.0,-0.12,6.282,0.0,0.4523,-0.4523,0.4523,-0.1462,0.0,0.0,0.0,0.0,0.0,0.0,0.3349,0.0,1.0,0.0,7.0,43.0,21.0,63.0
2022_09_GB_DET,2022,9,DET,GB,-4.9706,50.2885,61.1749,64.9037,126.0786,1.0,0.0,-7.052,0.0,0.0,0.0,0.0,-2.9322,1.0,0.0,0.0,-4.9706,1.0,0.0,0.2927,1.0,0.0,0.0,-4.0,49.5,6.0,24.0
2022_09_LV_JAX,2022,9,JAX,LV,-0.582,50.5572,65.9793,65.0403,131.0196,1.0,0.0,-4.4847,0.0,0.0,0.0,0.0,3.7031,0.0,0.0,0.0,-0.0,3.0,1.0,1.9698,0.0,4.0,0.0,-2.5,47.5,7.0,47.0
2022_09_IND_NE,2022,9,NE,IND,4.4434,39.7215,61.4185,65.692,127.1106,1.0,0.0,0.9399,0.0,0.1594,-0.1594,0.1594,3.6108,0.0,0.0,0.0,0.0,0.0,0.0,0.7933,0.0,3.0,0.0,5.0,40.0,23.0,29.0
2022_09_BUF_NYJ,2022,9,NYJ,BUF,-10.9692,44.9097,63.3008,68.3785,131.6793,1.0,0.0,-10.6972,0.0,0.0,0.0,0.0,-0.0479,1.0,0.0,0.0,-10.9692,0.0,0.0,0.2779,0.0,7.0,0.0,-11.0,46.0,3.0,37.0
2022_09_MIN_WAS,2022,9,WAS,MIN,-4.3575,42.3378,69.1095,63.8641,132.9736,1.0,0.0,-6.0208,-0.1418,0.0,-0.1418,-0.1418,2.2525,0.0,0.0,0.0,-0.0,1.0,0.0,0.9387,0.0,1.0,0.0,-3.0,43.5,-3.0,37.0
2022_09_SEA_ARI,2022,9,ARI,SEA,-1.4256,44.9308,72.968,62.106,135.074,1.0,0.0,-2.7593,0.0,0.0,0.0,0.0,3.6877,1.0,0.0,0.0,-1.4256,1.0,0.0,1.1043,0.0,0.0,0.0,1.5,49.5,-10.0,52.0
2022_09_LA_TB,2022,9,TB,LA,1.2664,41.7569,62.2684,64.2212,126.4896,1.0,0.36,0.9139,0.0,0.0,0.0,0.0,5.6287,0.0,0.0,0.0,0.0,3.0,0.0,2.1518,0.0,0.0,0.0,3.0,43.0,3.0,29.0
2022_09_TEN_KC,2022,9,KC,TEN,3.0037,51.3803,64.9136,63.6887,128.6024,1.0,0.84,3.4779,0.0,-3.9472,3.9472,-3.9472,3.5106,0.0,1.0,1.0,0.0,0.0,0.0,0.4666,0.0,0.0,0.0,14.0,45.0,3.0,37.0
2022_09_BAL_NO,2022,9,NO,BAL,0.1123,45.7626,65.6201,63.057,128.6771,1.0,-0.36,-2.0542,0.0,0.0,0.0,0.0,0.4191,0.0,1.0,1.0,0.0,-1.0,0.0,0.9985,1.0,0.0,0.0,-1.0,46.0,-14.0,40.0
2022_10_ATL_CAR,2022,10,CAR,ATL,-2.836,44.5722,63.0876,62.7697,125.8573,1.0,0.0,-3.1519,-1.3594,0.0,-1.3594,-1.3594,5.3928,1.0,1.0,1.0,-2.836,0.0,0.0,0.2261,0.0,2.0,0.0,-2.5,41.5,10.0,40.0
2022_10_SEA_TB,2022,10,TB,SEA,-1.5015,44.2992,71.0002,62.9605,133.9607,0.0,0.0,-0.2169,0.0,0.0,0.0,0.0,5.6196,0.0,0.0,0.0,-0.0,0.0,0.0,0.0,0.0,0.0,0.0,2.5,45.0,5.0,37.0
2022_10_MIN_BUF,2022,10,BUF,MIN,5.8242,48.471,67.0119,64.3784,131.3904,1.0,0.0,3.846,0.0,0.0,0.0,0.0,4.1453,0.0,0.0,0.0,0.0,1.0,0.0,0.7356,0.0,1.0,7.0,6.5,47.0,-3.0,63.0
2022_10_DET_CHI,2022,10,CHI,DET,1.4897,51.421,65.6571,61.0959,126.753,1.0,0.0,2.1368,0.0,0.0,0.0,0.0,-3.68,1.0,0.0,0.0,1.4897,-1.0,0.0,0.2366,0.0,3.0,11.0,3.0,48.5,-1.0,61.0
2022_10_JAX_KC,2022,10,KC,JAX,8.5286,56.098,70.0965,66.3884,136.4849,1.0,0.0,13.2,0.0,0.0,0.0,0.0,-1.243,0.0,0.0,0.0,0.0,-1.0,0.0,0.945,0.0,0.0,12.0,10.0,51.5,10.0,44.0
2022_10_CLE_MIA,2022,10,MIA,CLE,0.7872,51.7854,61.4126,66.2821,127.6948,1.0,-0.72,1.8534,0.0,0.0,0.0,0.0,-0.1662,0.0,0.0,0.0,0.0,0.0,0.0,1.0776,0.0,0.0,0.0,3.0,49.0,22.0,56.0
2022_10_HOU_NYG,2022,10,NYG,HOU,6.5887,46.0218,65.8407,61.1166,126.9573,1.0,0.48,4.2851,0.0,0.0,0.0,0.0,0.2839,0.0,0.0,0.0,0.0,1.0,0.0,1.4226,0.0,5.0,0.0,5.5,41.5,8.0,40.0
2022_10_NO_PIT,2022,10,PIT,NO,-2.43,42.0281,65.3027,65.8495,131.1522,1.0,0.96,-1.6265,0.0,0.0,0.0,0.0,-1.7344,0.0,0.0,0.0,-0.0,1.0,0.0,0.92,0.0,5.0,8.0,1.0,39.5,10.0,30.0
2022_10_DEN_TEN,2022,10,TEN,DEN,3.2677,36.5829,62.3821,66.8522,129.2343,1.0,-0.84,7.139,0.0,0.0,0.0,0.0,-2.218,0.0,0.0,0.0,0.0,1.0,0.0,1.0225,0.0,0.0,9.0,2.5,40.0,7.0,27.0
2022_10_IND_LV,2022,10,LV,IND,1.0369,44.4701,61.8699,66.8968,128.7667,1.0,0.0,-1.7769,0.0,0.0,0.0,0.0,2.3488,0.0,0.0,0.0,0.0,-3.0,0.0,1.5947,1.0,0.0,0.0,4.5,41.0,-5.0,45.0
2022_10_DAL_GB,2022,10,GB,DAL,-6.5305,44.1793,67.2081,59.6358,126.8439,1.0,-0.84,-4.4863,0.0,0.0,0.0,0.0,-0.8355,0.0,0.0,0.0,-0.0,0.0,0.0,0.9459,0.0,0.0,12.0,-3.5,44.5,3.0,59.0
2022_10_ARI_LA,2022,10,LA,ARI,1.0208,39.349,63.3506,66.4007,129.7513,1.0,0.0,2.479,-4.0526,-0.5925,-3.4601,-4.6451,-6.2687,1.0,0.0,0.0,1.0208,-1.0,0.0,0.3503,1.0,0.0,0.0,3.5,38.0,-10.0,44.0
2022_10_LAC_SF,2022,10,SF,LAC,2.746,47.1401,62.2911,67.1718,129.463,1.0,0.84,3.4292,0.0,0.0,0.0,0.0,0.328,0.0,1.0,1.0,0.0,0.0,0.0,0.3135,0.0,0.0,0.0,8.5,45.5,6.0,38.0
2022_10_WAS_PHI,2022,10,PHI,WAS,9.3484,44.0594,65.1259,66.5366,131.6625,1.0,0.36,8.0372,0.0,-0.6444,0.6444,-0.6444,0.0792,1.0,1.0,1.0,9.3484,0.0,0.0,0.1136,0.0,0.0,2.0,11.0,43.0,-11.0,53.0
2022_11_TEN_GB,2022,11,GB,TEN,-4.1019,42.7525,67.7601,58.9369,126.697,1.0,0.0,-3.5633,0.0,0.0,0.0,0.0,2.7372,0.0,1.0,1.0,-0.0,0.0,0.0,0.5799,0.0,1.0,20.0,3.0,40.5,-10.0,44.0
2022_11_CHI_ATL,2022,11,ATL,CHI,-0.2385,53.3065,57.9236,66.6807,124.6043,1.0,0.36,0.7933,0.0,0.0,0.0,0.0,-1.2501,0.0,0.0,0.0,-0.0,1.0,0.0,0.5869,1.0,0.0,0.0,3.0,48.5,3.0,51.0
2022_11_CAR_BAL,2022,11,BAL,CAR,5.2636,43.1072,66.4976,59.8759,126.3736,1.0,0.36,7.0401,0.0,-1.3257,1.3257,-1.3257,-0.2992,0.0,0.0,0.0,0.0,0.0,0.0,0.3639,0.0,0.0,9.0,13.0,42.0,10.0,16.0
2022_11_CLE_BUF,2022,11,BUF,CLE,7.9789,52.0422,63.8615,67.1222,130.9837,0.0,0.0,8.3612,0.0,0.0,0.0,0.0,5.2361,0.0,0.0,0.0,0.0,0.0,0.0,0.0,1.0,0.0,0.0,7.5,50.5,8.0,54.0
2022_11_WAS_HOU,2022,11,HOU,WAS,-6.0889,42.1236,59.5477,67.8074,127.3551,1.0,0.12,-5.1709,0.0,0.0,0.0,0.0,-2.753,0.0,0.0,0.0,-0.0,-1.0,0.0,1.2321,1.0,0.0,0.0,-3.0,41.0,-13.0,33.0
2022_11_PHI_IND,2022,11,IND,PHI,-7.8204,43.4026,67.5503,63.7123,131.2626,1.0,0.12,-4.0591,-3.0758,0.0,-3.0758,-3.0758,-4.0542,0.0,0.0,0.0,-0.0,0.0,0.0,0.5832,1.0,0.0,0.0,-6.5,45.5,-1.0,33.0
2022_11_NYJ_NE,2022,11,NE,NYJ,2.7048,36.6081,65.2469,62.6622,127.9091,1.0,0.0,3.3194,0.0,0.0,0.0,0.0,-0.7872,1.0,0.0,0.0,2.7048,0.0,0.0,0.1702,0.0,0.0,3.0,3.5,38.5,7.0,13.0
2022_11_LA_NO,2022,11,NO,LA,-1.666,39.6065,61.1323,62.8105,123.9428,1.0,0.0,-1.4551,0.0,0.0,0.0,0.0,5.0733,0.0,0.0,0.0,-0.0,2.0,0.0,1.6742,1.0,0.0,0.0,2.5,39.5,7.0,47.0
2022_11_DET_NYG,2022,11,NYG,DET,4.2711,49.2677,66.2719,63.5391,129.8111,1.0,0.0,3.557,0.0,0.0,0.0,0.0,-0.5855,0.0,0.0,0.0,0.0,0.0,0.0,0.4753,0.0,11.0,10.0,3.0,44.0,-13.0,49.0
2022_11_LV_DEN,2022,11,DEN,LV,4.9324,42.7651,66.3626,65.4805,131.8432,1.0,0.0,-0.2717,0.0,0.0,0.0,0.0,-1.8055,1.0,0.0,0.0,4.9324,1.0,0.0,0.6083,0.0,1.0,0.0,2.5,41.5,-6.0,38.0
2022_11_DAL_MIN,2022,11,MIN,DAL,-1.8367,44.1297,68.7634,67.7898,136.5532,1.0,0.0,0.9467,0.0,0.0,0.0,0.0,-4.6773,0.0,0.0,0.0,-0.0,0.0,0.0,0.8694,1.0,0.0,0.0,-1.5,48.5,-37.0,43.0
2022_11_CIN_PIT,2022,11,PIT,CIN,-6.6502,44.9279,66.3729,64.739,131.1119,1.0,-0.84,-4.1041,0.0,0.0,0.0,0.0,-0.6728,1.0,0.0,0.0,-6.6502,0.0,0.0,0.2566,0.0,2.0,18.0,-3.5,39.0,-7.0,67.0
2022_11_KC_LAC,2022,11,LAC,KC,-8.1484,51.2711,68.4152,68.3983,136.8135,1.0,0.0,-8.772,0.0,0.0,0.0,0.0,-0.1306,1.0,1.0,1.0,-8.1484,-2.0,0.0,1.3666,1.0,0.0,0.0,-5.5,52.5,-3.0,57.0
2022_11_SF_ARI,2022,11,ARI,SF,-2.6843,44.3119,65.9735,63.9319,129.9054,0.0,0.0,-4.0568,-0.022,0.0,-0.022,-0.022,0.4368,1.0,1.0,0.0,-2.6843,0.0,0.0,0.0,0.0,0.0,0.0,-10.0,43.5,-28.0,48.0
2022_12_BUF_DET,2022,12,DET,BUF,-9.1026,51.1811,65.4725,67.1503,132.6228,1.0,0.0,-10.9207,0.0,0.0,0.0,0.0,-1.9464,0.0,0.0,0.0,-0.0,0.0,0.0,0.2188,1.0,0.0,0.0,-10.0,54.0,-3.0,53.0
2022_12_NYG_DAL,2022,12,DAL,NYG,5.5449,46.3616,65.0655,67.3318,132.3973,1.0,0.0,8.007,0.0,0.0,0.0,0.0,5.8076,1.0,0.0,0.0,5.5449,-1.0,0.0,1.3851,1.0,0.0,0.0,10.5,45.5,8.0,48.0
2022_12_NE_MIN,2022,12,MIN,NE,-3.2554,37.7863,63.7431,65.99,129.7331,1.0,0.0,0.4756,0.0,0.0,0.0,0.0,-5.9603,0.0,1.0,1.0,-0.0,-1.0,0.0,1.116,1.0,0.0,0.0,2.5,42.5,7.0,59.0
2022_12_DEN_CAR,2022,12,CAR,DEN,-4.0108,33.7429,62.1151,67.8985,130.0137,1.0,0.0,0.5461,-0.8271,0.0,-0.8271,-0.8271,4.3402,0.0,0.0,0.0,-0.0,2.0,1.0,1.3569,0.0,5.0,0.0,-1.0,36.5,13.0,33.0
2022_12_TB_CLE,2022,12,CLE,TB,-2.421,47.436,65.8734,65.9251,131.7985,1.0,-0.84,-5.131,0.0,0.0,0.0,0.0,-6.7659,0.0,0.0,0.0,-0.0,0.0,0.0,0.936,0.0,4.0,0.0,-3.0,42.0,6.0,40.0
2022_12_BAL_JAX,2022,12,JAX,BAL,-4.6306,47.9273,63.9093,65.4593,129.3686,1.0,0.84,-9.2692,0.0,0.0,0.0,0.0,0.013,0.0,0.0,0.0,-0.0,0.0,0.0,0.6807,0.0,9.0,0.0,-3.5,43.0,1.0,55.0
2022_12_HOU_MIA,2022,12,MIA,HOU,12.1156,47.7589,64.752,61.1791,125.931,1.0,0.84,9.6957,0.0,2.5709,-2.5709,2.5709,2.612,0.0,0.0,0.0,0.0,1.0,0.0,0.9614,0.0,3.0,0.0,14.0,47.0,15.0,45.0
2022_12_CHI_NYJ,2022,12,NYJ,CHI,2.1468,44.6779,58.4431,66.5199,124.963,1.0,0.0,1.9664,2.2066,0.0498,2.1569,2.2564,7.4195,0.0,0.0,0.0,0.0,1.0,0.0,0.7056,0.0,0.0,0.0,8.5,36.5,21.0,41.0
2022_12_CIN_TEN,2022,12,TEN,CIN,-0.1301,46.0736,60.1901,67.2656,127.4557,1.0,0.36,1.5145,0.0,0.0,0.0,0.0,-0.7942,0.0,0.0,0.0,-0.0,-1.0,0.0,0.237,0.0,4.0,0.0,-1.0,43.0,-4.0,36.0
2022_12_ATL_WAS,2022,12,WAS,ATL,3.2236,43.5214,69.971,57.4798,127.4508,1.0,0.0,1.5071,0.0,0.0,0.0,0.0,5.372,0.0,0.0,0.0,0.0,0.0,0.0,0.5499,0.0,0.0,0.0,3.5,40.5,6.0,32.0
2022_12_LAC_ARI,2022,12,ARI,LAC,-0.1923,43.9737,68.1836,67.0347,135.2183,1.0,-0.12,-0.3185,0.0,0.0,0.0,0.0,2.9888,0.0,0.0,0.0,-0.0,1.0,0.0,0.3503,1.0,0.0,0.0,-2.5,48.5,-1.0,49.0
2022_12_LV_SEA,2022,12,SEA,LV,3.6216,51.3669,62.0597,66.964,129.0237,1.0,0.84,4.8494,0.0,0.0,0.0,0.0,-1.5708,0.0,0.0,0.0,0.0,0.0,0.0,0.875,0.0,0.0,1.0,4.0,47.5,-6.0,74.0
2022_12_LA_KC,2022,12,KC,LA,9.1711,49.1557,65.7614,63.0257,128.7871,1.0,0.0,9.4064,0.0,-4.1579,4.1579,-4.1579,4.6014,0.0,0.0,0.0,0.0,2.0,0.0,1.3666,0.0,0.0,1.0,16.5,42.0,16.0,36.0
2022_12_NO_SF,2022,12,SF,NO,6.0595,46.9215,63.3429,60.8123,124.1552,1.0,-0.12,5.4897,0.0,0.0,0.0,0.0,2.2754,0.0,0.0,0.0,0.0,-2.0,0.0,1.8945,0.0,0.0,0.0,9.5,44.0,13.0,13.0
2022_12_GB_PHI,2022,12,PHI,GB,6.2233,48.4957,63.2495,66.1118,129.3612,1.0,-0.36,4.3032,0.0,0.0,0.0,0.0,-0.4231,0.0,1.0,1.0,0.0,1.0,0.0,0.7315,0.0,14.0,0.0,6.5,46.0,7.0,73.0
2022_12_PIT_IND,2022,12,IND,PIT,1.1615,38.8487,65.3316,67.6246,132.9562,1.0,0.0,1.5705,0.0,0.0,0.0,0.0,-1.5556,0.0,1.0,1.0,0.0,0.0,0.0,0.3283,1.0,0.0,0.0,2.5,40.0,-7.0,41.0
2022_13_BUF_NE,2022,13,NE,BUF,-3.5323,43.2181,63.8153,64.6341,128.4494,1.0,0.0,-5.8287,0.0,0.0,0.0,0.0,-0.4982,1.0,1.0,1.0,-3.5323,0.0,0.0,0.3864,0.0,0.0,10.0,-3.5,43.5,-14.0,34.0
2022_13_PIT_ATL,2022,13,ATL,PIT,-2.0229,48.0566,59.6715,70.5456,130.2171,1.0,0.12,-1.6351,0.0,0.0,0.0,0.0,-4.3279,0.0,0.0,0.0,-0.0,0.0,0.0,0.5215,1.0,0.0,0.0,-1.0,43.0,-3.0,35.0
2022_13_DEN_BAL,2022,13,BAL,DEN,3.1283,39.7003,67.1233,63.8292,130.9525,1.0,0.0,8.8578,0.0,0.0,0.0,0.0,6.3787,0.0,0.0,0.0,0.0,2.0,1.0,1.5078,0.0,0.0,0.0,9.5,40.5,1.0,19.0
2022_13_GB_CHI,2022,13,CHI,GB,-1.5104,52.6929,63.4918,59.1732,122.6651,1.0,0.0,-3.9488,0.0,0.0,0.0,0.0,-5.961,1.0,0.0,0.0,-1.5104,0.0,0.0,0.1837,0.0,2.0,7.0,-4.0,45.0,-9.0,47.0
2022_13_JAX_DET,2022,13,DET,JAX,0.6474,50.1683,65.3674,67.8022,133.1696,1.0,0.36,1.397,0.0,0.0,0.0,0.0,-1.3948,0.0,0.0,0.0,0.0,0.0,0.0,0.8339,1.0,0.0,0.0,1.0,51.5,26.0,54.0
2022_13_CLE_HOU,2022,13,HOU,CLE,-9.3661,45.9916,59.8942,69.7143,129.6085,1.0,0.0,-6.9034,0.091,-4.9242,5.0152,-4.8332,0.3493,0.0,0.0,0.0,-0.0,-1.0,0.0,1.12,1.0,0.0,0.0,-7.5,47.0,-13.0,41.0
2022_13_NYJ_MIN,2022,13,MIN,NYJ,0.0577,41.206,67.0801,64.2151,131.2952,1.0,0.36,4.6373,0.0,4.1224,-4.1224,4.1224,-6.7146,0.0,0.0,0.0,0.0,-1.0,0.0,1.01,1.0,0.0,0.0,3.0,44.0,5.0,49.0
2022_13_WAS_NYG,2022,13,NYG,WAS,-1.4836,42.5451,62.5396,66.8674,129.4069,1.0,0.36,-2.9118,0.0,0.0,0.0,0.0,-1.8242,1.0,0.0,0.0,-1.4836,0.0,0.0,0.1981,0.0,0.0,5.0,-2.5,40.0,0.0,40.0
2022_13_TEN_PHI,2022,13,PHI,TEN,0.8952,46.8634,68.3686,60.5664,128.9351,1.0,0.0,0.3526,0.0,0.0,0.0,0.0,3.4284,0.0,0.0,0.0,0.0,1.0,0.0,0.6815,0.0,0.0,0.0,5.0,44.5,25.0,45.0
2022_13_SEA_LA,2022,13,LA,SEA,-2.3234,43.9992,65.2768,61.2263,126.5031,1.0,0.0,-2.5934,-5.2786,0.0,-5.2786,-5.2786,-2.2942,1.0,0.0,0.0,-2.3234,0.0,0.0,0.9651,1.0,0.0,0.0,-7.0,41.0,-4.0,50.0
2022_13_MIA_SF,2022,13,SF,MIA,0.6642,48.0149,62.8665,62.5925,125.459,1.0,0.0,2.4283,0.0,0.0,0.0,0.0,2.0153,0.0,0.0,0.0,0.0,-3.0,0.0,2.5549,0.0,0.0,7.0,4.5,46.0,16.0,50.0
2022_13_KC_CIN,2022,13,CIN,KC,-2.224,53.7154,64.5719,67.4029,131.9748,1.0,0.0,-4.5604,0.0,0.0,0.0,0.0,-1.8516,0.0,0.0,0.0,-0.0,1.0,0.0,0.5345,0.0,0.0,0.0,-2.5,53.0,3.0,51.0
2022_13_LAC_LV,2022,13,LV,LAC,-0.7973,51.6701,64.9493,67.0786,132.0279,1.0,0.0,-0.914,0.0,0.0,0.0,0.0,2.5512,1.0,0.0,0.0,-0.7973,0.0,0.0,0.2317,1.0,0.0,0.0,2.5,49.0,7.0,47.0
2022_13_IND_DAL,2022,13,DAL,IND,8.3484,38.6878,65.7532,65.9598,131.713,1.0,0.48,7.1712,0.0,0.0,0.0,0.0,6.286,0.0,1.0,1.0,0.0,-1.0,0.0,0.7773,1.0,0.0,0.0,11.0,44.5,35.0,73.0
2022_13_NO_TB,2022,13,TB,NO,3.6526,41.1415,68.3452,61.9494,130.2946,1.0,0.0,3.9201,0.0,0.0,0.0,0.0,4.0131,1.0,1.0,1.0,3.6526,1.0,0.0,0.4779,0.0,0.0,0.0,3.5,41.0,1.0,33.0
2022_14_LV_LA,2022,14,LA,LV,-2.2472,46.2699,62.7869,63.9053,126.6922,1.0,0.0,-1.1988,-4.5147,0.0,-4.5147,-4.5147,-6.1541,0.0,1.0,1.0,-0.0,0.0,0.0,0.2317,1.0,0.0,0.0,-6.5,42.5,1.0,33.0
2022_14_NYJ_BUF,2022,14,BUF,NYJ,7.488,44.872,67.789,65.1187,132.9076,1.0,0.36,9.722,0.0,3.4025,-3.4025,3.4025,-1.386,1.0,0.0,0.0,7.488,0.0,0.0,0.2779,0.0,1.0,9.0,10.0,43.5,8.0,32.0
2022_14_CLE_CIN,2022,14,CIN,CLE,4.9327,49.2637,64.2952,65.2291,129.5242,1.0,0.0,4.8761,0.0,-3.3379,3.3379,-3.3379,4.5686,1.0,0.0,0.0,4.9327,0.0,0.0,0.2231,0.0,0.0,0.0,4.5,47.0,13.0,33.0
2022_14_HOU_DAL,2022,14,DAL,HOU,16.3465,38.7067,67.2724,62.0904,129.3627,1.0,0.0,14.5385,0.0,0.0,0.0,0.0,5.4676,0.0,0.0,0.0,0.0,0.0,0.0,0.2338,1.0,0.0,0.0,17.0,44.5,4.0,50.0
2022_14_MIN_DET,2022,14,DET,MIN,-1.1856,48.3257,68.8163,67.5081,136.3243,1.0,0.0,-6.7511,0.0,0.0,0.0,0.0,3.951,1.0,0.0,0.0,-1.1856,1.0,0.0,0.5415,1.0,0.0,0.0,2.5,51.5,11.0,57.0
2022_14_PHI_NYG,2022,14,NYG,PHI,-8.5352,50.779,64.8047,68.7121,133.5169,1.0,0.0,-8.4848,0.0,0.0,0.0,0.0,-2.7525,1.0,0.0,0.0,-8.5352,0.0,0.0,0.0854,0.0,0.0,8.0,-7.5,44.5,-26.0,70.0
2022_14_BAL_PIT,2022,14,PIT,BAL,-2.3381,44.7516,65.1394,64.628,129.7674,1.0,0.0,-4.0317,0.0,-2.5945,2.5945,-2.5945,-2.2511,1.0,0.0,0.0,-2.3381,0.0,0.0,0.1972,0.0,2.0,3.0,1.5,37.0,-2.0,30.0
2022_14_JAX_TEN,2022,14,TEN,JAX,6.3662,47.9479,61.4597,66.9812,128.4409,1.0,0.0,9.1218,0.0,0.0,0.0,0.0,-3.2793,1.0,0.0,0.0,6.3662,-1.0,0.0,0.5008,0.0,0.0,0.0,3.0,42.0,-14.0,58.0
2022_14_KC_DEN,2022,14,DEN,KC,-7.3757,46.6921,64.4522,69.5591,134.0113,1.0,0.0,-13.5738,0.0,0.0,0.0,0.0,-5.1252,1.0,0.0,0.0,-7.3757,-1.0,0.0,0.5643,0.0,0.0,0.0,-8.5,44.5,-6.0,62.0
2022_14_CAR_SEA,2022,14,SEA,CAR,2.4758,42.9753,63.8537,64.1012,127.9549,1.0,-0.84,4.9338,0.0,-0.3711,0.3711,-0.3711,-2.8267,0.0,0.0,0.0,0.0,-3.0,0.0,2.2805,0.0,0.0,0.0,3.5,44.5,-6.0,54.0
2022_14_TB_SF,2022,14,SF,TB,4.8148,42.2742,64.6794,65.1853,129.8647,1.0,0.12,3.2207,-4.7394,0.0,-4.7394,-4.7394,-2.3884,0.0,0.0,0.0,0.0,-3.0,0.0,2.367,0.0,0.0,0.0,3.5,38.0,28.0,42.0
2022_14_MIA_LAC,2022,14,LAC,MIA,-5.1864,45.8359,68.6112,62.269,130.8802,1.0,0.0,-3.38,0.0,0.0,0.0,0.0,-3.7052,0.0,1.0,1.0,-0.0,-3.0,0.0,2.3327,1.0,0.0,0.0,-3.0,54.5,6.0,40.0
2022_14_NE_ARI,2022,14,ARI,NE,-2.716,39.4179,66.9744,61.0233,127.9977,1.0,0.48,-2.6687,0.0,0.0,0.0,0.0,1.7621,0.0,1.0,1.0,-0.0,-2.0,0.0,2.2914,1.0,0.0,0.0,-2.0,44.0,-14.0,40.0
2022_15_SF_SEA,2022,15,SEA,SF,-8.0688,49.1046,59.9596,68.1433,128.1029,1.0,0.0,-6.0254,0.0,-3.549,3.549,-3.549,-2.2477,1.0,1.0,1.0,-8.0688,0.0,0.0,0.7045,0.0,0.0,0.0,-3.0,43.0,-8.0,34.0
2022_15_IND_MIN,2022,15,MIN,IND,3.511,41.0385,65.5323,69.3016,134.8339,1.0,-0.84,4.842,0.0,0.0,0.0,0.0,-1.1718,0.0,0.0,0.0,0.0,-1.0,0.0,0.5104,1.0,0.0,0.0,3.5,46.5,3.0,75.0
2022_15_BAL_CLE,2022,15,CLE,BAL,-2.6511,44.8351,64.3324,63.9919,128.3242,1.0,0.0,-4.5116,-2.6958,-2.4102,-0.2855,-5.106,-5.0362,1.0,0.0,0.0,-2.6511,0.0,0.0,0.3083,0.0,2.0,11.0,2.5,39.5,10.0,16.0
2022_15_MIA_BUF,2022,15,BUF,MIA,4.2998,49.9658,67.8971,63.0998,130.9968,1.0,0.0,7.559,0.0,0.0,0.0,0.0,0.7698,1.0,1.0,1.0,4.2998,0.0,0.0,1.1648,0.0,0.0,16.0,7.0,44.0,3.0,61.0
2022_15_PIT_CAR,2022,15,CAR,PIT,-0.1519,41.1039,60.2511,66.7708,127.0219,1.0,0.0,-1.2291,-0.3957,0.0,-0.3957,-0.3957,1.3609,0.0,0.0,0.0,-0.0,0.0,0.0,0.3636,0.0,0.0,0.0,2.5,36.5,-8.0,40.0
2022_15_PHI_CHI,2022,15,CHI,PHI,-11.8493,55.0732,61.9704,62.9279,124.8982,1.0,0.84,-11.6919,0.0,0.0,0.0,0.0,-8.397,0.0,0.0,0.0,-0.0,-1.0,0.0,0.6637,0.0,7.0,28.0,-8.5,48.0,-5.0,45.0
2022_15_KC_HOU,2022,15,HOU,KC,-16.7786,46.5244,62.301,68.5627,130.8637,1.0,0.0,-16.6127,0.0,0.0,0.0,0.0,-2.5486,0.0,0.0,0.0,-0.0,0.0,0.0,0.6492,1.0,0.0,0.0,-14.5,48.5,-6.0,54.0
2022_15_DAL_JAX,2022,15,JAX,DAL,-7.9189,46.9619,65.5116,68.0158,133.5274,1.0,0.0,-10.8698,0.0,0.0,0.0,0.0,-0.6938,0.0,0.0,0.0,-0.0,1.0,0.0,0.9247,0.0,0.0,0.0,-4.0,48.5,6.0,74.0
2022_15_ATL_NO,2022,15,NO,ATL,1.5553,47.0176,63.2524,61.174,124.4264,1.0,-0.12,1.7164,0.0,-3.8885,3.8885,-3.8885,4.642,1.0,0.0,0.0,1.5553,-1.0,0.0,0.4244,1.0,0.0,0.0,5.0,43.5,3.0,39.0
2022_15_DET_NYJ,2022,15,NYJ,DET,-2.2387,42.5641,66.5462,66.1497,132.6959,1.0,0.0,-0.1885,0.0,0.0,0.0,0.0,2.2718,0.0,0.0,0.0,-0.0,0.0,0.0,0.4753,0.0,3.0,7.0,2.0,44.0,-3.0,37.0
2022_15_ARI_DEN,2022,15,DEN,ARI,1.345,37.056,63.8754,70.4678,134.3432,1.0,0.12,-3.1718,-2.3271,-3.1002,0.7731,-5.4273,-7.0641,0.0,0.0,0.0,0.0,0.0,0.0,0.5876,0.0,0.0,8.0,1.5,37.5,9.0,39.0
2022_15_NE_LV,2022,15,LV,NE,-2.8799,43.4459,64.3574,61.5136,125.871,1.0,0.48,-3.1389,0.0,0.0,0.0,0.0,-0.9394,0.0,0.0,0.0,-0.0,-3.0,0.0,2.3651,1.0,0.0,0.0,1.0,45.0,6.0,54.0
2022_15_TEN_LAC,2022,15,LAC,TEN,-1.9776,45.5408,71.5725,59.0149,130.5874,1.0,0.0,-2.0281,0.0,0.0,0.0,0.0,0.6799,0.0,0.0,0.0,-0.0,-2.0,0.0,1.7842,1.0,0.0,0.0,3.0,46.5,3.0,31.0
2022_15_CIN_TB,2022,15,TB,CIN,-6.8148,46.2327,67.7602,64.7024,132.4626,1.0,0.0,-3.4914,0.0,0.0,0.0,0.0,2.2493,0.0,0.0,0.0,-0.0,0.0,0.0,0.777,0.0,0.0,0.0,-3.5,47.0,-11.0,57.0
2022_15_NYG_WAS,2022,15,WAS,NYG,3.513,43.3514,69.8964,62.352,132.2484,1.0,0.84,3.4986,0.0,0.0,0.0,0.0,0.3807,1.0,1.0,1.0,3.513,0.0,0.0,0.1981,0.0,3.0,10.0,4.5,40.5,-8.0,32.0
2022_15_LA_GB,2022,15,GB,LA,2.5535,45.7166,61.8817,60.7484,122.6302,1.0,0.48,1.7143,0.0,-4.3291,4.3291,-4.3291,5.5196,0.0,1.0,1.0,0.0,2.0,0.0,1.7637,0.0,0.0,30.0,8.0,39.5,12.0,36.0
2022_16_JAX_NYJ,2022,16,NYJ,JAX,0.2272,43.6951,67.2539,65.7173,132.9713,1.0,0.0,1.1819,0.0,0.0,0.0,0.0,-0.9165,0.0,1.0,1.0,0.0,0.0,0.0,0.8394,0.0,7.0,2.0,2.5,36.5,-16.0,22.0
2022_16_ATL_BAL,2022,16,BAL,ATL,5.5102,48.9218,65.565,58.1459,123.7109,1.0,0.12,6.4152,-3.455,-2.3299,-1.1251,-5.7849,5.5953,0.0,0.0,0.0,0.0,0.0,0.0,0.5759,0.0,0.0,28.0,6.5,35.0,8.0,26.0
2022_16_DET_CAR,2022,16,CAR,DET,-3.313,45.4714,61.4736,66.3333,127.8069,1.0,0.0,-2.1938,0.4035,0.0,0.4035,0.4035,-0.8409,0.0,0.0,0.0,-0.0,0.0,0.0,0.5055,0.0,2.0,25.0,-2.5,43.5,14.0,60.0
2022_16_BUF_CHI,2022,16,CHI,BUF,-9.4397,53.4596,62.9665,63.783,126.7495,1.0,-0.12,-14.5387,0.0,0.0,0.0,0.0,-6.4269,0.0,0.0,0.0,-0.0,-1.0,0.0,0.4553,0.0,7.0,38.0,-8.0,40.0,-22.0,48.0
2022_16_NO_CLE,2022,16,CLE,NO,1.5899,44.694,69.3416,59.8168,129.1584,1.0,0.12,1.609,-2.4784,0.0,-2.4784,-2.4784,-3.3402,0.0,0.0,0.0,0.0,1.0,0.0,0.9255,0.0,17.0,39.0,3.0,32.0,-7.0,27.0
2022_16_SEA_KC,2022,16,KC,SEA,10.4552,56.6805,70.5967,62.4414,133.0381,1.0,-0.36,8.2248,0.0,0.0,0.0,0.0,3.02,0.0,0.0,0.0,0.0,2.0,0.0,1.5089,0.0,0.0,33.0,10.5,50.5,14.0,34.0
2022_16_NYG_MIN,2022,16,MIN,NYG,0.7783,48.3057,69.421,69.2018,138.6228,1.0,0.12,5.5334,0.0,0.0,0.0,0.0,-4.233,0.0,0.0,0.0,0.0,-1.0,0.0,1.01,1.0,0.0,0.0,4.5,48.0,3.0,51.0
2022_16_CIN_NE,2022,16,NE,CIN,-4.1866,42.1872,60.8621,65.193,126.0551,1.0,0.0,-4.9488,0.0,0.0,0.0,0.0,0.2642,0.0,0.0,0.0,-0.0,0.0,0.0,0.7246,0.0,0.0,24.0,-3.0,42.0,-4.0,40.0
2022_16_HOU_TEN,2022,16,TEN,HOU,8.5789,39.1084,62.6318,64.4731,127.1049,1.0,0.0,9.3712,-4.949,0.0,-4.949,-4.949,-0.6993,1.0,0.0,0.0,8.5789,0.0,0.0,0.6715,0.0,4.0,23.0,3.0,34.0,-5.0,33.0
2022_16_WAS_SF,2022,16,SF,WAS,7.8772,40.1837,61.3421,65.3047,126.6469,1.0,0.36,8.5393,-2.7868,0.0,-2.7868,-2.7868,2.9858,0.0,0.0,0.0,0.0,-3.0,0.0,2.4278,0.0,0.0,0.0,6.5,37.5,17.0,57.0
2022_16_PHI_DAL,2022,16,DAL,PHI,-2.5599,47.2413,65.8273,67.9759,133.8032,1.0,0.0,-1.2282,0.0,-2.3991,2.3991,-2.3991,-2.6333,1.0,0.0,0.0,-2.5599,-1.0,0.0,1.3126,1.0,0.0,0.0,4.0,48.0,6.0,74.0
2022_16_LV_PIT,2022,16,PIT,LV,0.9615,50.0052,66.8702,61.3122,128.1824,1.0,0.0,0.2316,0.0,0.0,0.0,0.0,-1.764,0.0,1.0,1.0,0.0,3.0,0.0,1.9185,0.0,11.0,36.0,2.5,38.5,3.0,23.0
2022_16_GB_MIA,2022,16,MIA,GB,2.7238,51.083,58.7498,66.0012,124.751,1.0,0.24,0.1118,0.0,0.0,0.0,0.0,-1.4874,0.0,0.0,0.0,0.0,1.0,0.0,1.3536,0.0,4.0,0.0,3.5,49.0,-6.0,46.0
2022_16_DEN_LA,2022,16,LA,DEN,-4.4127,36.869,62.0315,64.3532,126.3847,1.0,-0.12,2.2509,-4.4139,0.0,-4.4139,-4.4139,0.8615,0.0,0.0,0.0,-0.0,-1.0,0.0,0.8369,1.0,0.0,0.0,-3.0,36.5,37.0,65.0
2022_16_TB_ARI,2022,16,ARI,TB,-2.5255,39.021,67.0571,68.4883,135.5454,1.0,0.0,-4.5768,-3.7055,0.0,-3.7055,-3.7055,-0.5475,0.0,1.0,1.0,-0.0,-2.0,0.0,1.8017,0.0,0.0,0.0,-7.5,41.5,-3.0,35.0
2022_16_LAC_IND,2022,16,IND,LAC,-1.5464,38.6771,64.819,70.5019,135.3208,1.0,0.12,-2.3219,1.0348,0.0,1.0348,1.0348,-0.574,0.0,1.0,1.0,-0.0,3.0,0.0,1.8132,1.0,0.0,0.0,-3.5,44.5,-17.0,23.0
2022_17_DAL_TEN,2022,17,TEN,DAL,-6.9274,45.8571,62.0709,70.2191,132.29,1.0,0.0,-6.1952,-5.5115,0.0,-5.5115,-5.5115,-3.228,0.0,1.0,1.0,-0.0,0.0,0.0,0.6334,0.0,0.0,0.0,-14.0,41.0,-14.0,40.0
2022_17_ARI_ATL,2022,17,ATL,ARI,-0.2805,45.3952,62.3333,67.7834,130.1168,1.0,0.12,-0.0646,-2.3035,-2.311,0.0075,-4.6144,-5.878,0.0,0.0,0.0,-0.0,2.0,1.0,1.5979,1.0,0.0,0.0,7.0,41.0,1.0,39.0
2022_17_CHI_DET,2022,17,DET,CHI,4.6174,53.1632,63.2385,63.2798,126.5183,1.0,0.0,4.0557,0.0,0.0,0.0,0.0,5.6893,1.0,0.0,0.0,4.6174,1.0,0.0,0.2366,1.0,0.0,0.0,4.5,52.5,31.0,51.0
2022_17_JAX_HOU,2022,17,HOU,JAX,-6.4385,42.8183,63.4478,67.1597,130.6074,1.0,-0.24,-5.3741,0.0,0.0,0.0,0.0,-4.2864,1.0,0.0,0.0,-6.4385,-1.0,0.0,0.8248,1.0,0.0,0.0,-3.5,43.0,-28.0,34.0
2022_17_DEN_KC,2022,17,KC,DEN,10.2812,46.3978,67.9158,66.4393,134.3551,1.0,0.12,14.5181,0.0,0.0,0.0,0.0,7.8643,1.0,0.0,0.0,10.2812,1.0,0.0,0.5643,0.0,0.0,0.0,13.5,46.0,3.0,51.0
2022_17_MIA_NE,2022,17,NE,MIA,-1.3588,43.8315,62.761,62.0933,124.8543,1.0,0.12,0.7525,0.0,-2.3583,2.3583,-2.3583,0.8106,1.0,0.0,0.0,-1.3588,0.0,0.0,1.2258,0.0,0.0,0.0,3.0,41.5,2.0,44.0
2022_17_IND_NYG,2022,17,NYG,IND,1.8717,40.0748,67.0,67.4472,134.4472,1.0,0.24,0.7112,0.0,-1.8326,1.8326,-1.8326,3.4268,0.0,0.0,0.0,0.0,0.0,0.0,0.6408,0.0,4.0,0.0,5.5,38.5,28.0,48.0
2022_17_NO_PHI,2022,17,PHI,NO,7.3779,47.9711,69.5789,59.7282,129.3072,1.0,0.0,5.8849,-0.6828,0.0,-0.6828,-0.6828,4.4283,0.0,0.0,0.0,0.0,1.0,0.0,1.0866,0.0,1.0,0.0,5.5,41.5,-10.0,30.0
2022_17_CAR_TB,2022,17,TB,CAR,0.3746,41.5234,70.5884,61.3104,131.8988,1.0,-0.12,3.3106,0.0,0.0,0.0,0.0,2.5424,1.0,0.0,0.0,0.3746,0.0,0.0,0.5103,0.0,0.0,0.0,3.5,40.5,6.0,54.0
2022_17_CLE_WAS,2022,17,WAS,CLE,-0.7066,40.6332,65.6435,63.2877,128.9312,1.0,0.0,-1.0684,0.4226,-3.7149,4.1375,-3.2922,1.3641,0.0,0.0,0.0,-0.0,0.0,0.0,0.3119,0.0,0.0,0.0,1.0,41.5,-14.0,34.0
2022_17_SF_LV,2022,17,LV,SF,-8.7823,47.1862,62.5443,64.0156,126.5599,1.0,0.0,-8.4209,-2.4014,-2.2759,-0.1254,-4.6773,-0.4991,0.0,0.0,0.0,-0.0,0.0,0.0,0.3864,1.0,0.0,0.0,-10.0,41.5,-3.0,71.0
2022_17_NYJ_SEA,2022,17,SEA,NYJ,-0.1824,41.629,64.2049,65.9675,130.1724,1.0,-0.24,3.3001,0.0,3.6031,-3.6031,3.6031,-3.0337,0.0,0.0,0.0,-0.0,-3.0,0.0,2.3957,0.0,0.0,0.0,-1.0,43.0,17.0,29.0
2022_17_MIN_GB,2022,17,GB,MIN,0.6381,48.3499,67.5834,63.9964,131.5798,1.0,-0.12,-1.7525,0.0,0.0,0.0,0.0,7.0798,1.0,0.0,0.0,0.6381,0.0,0.0,0.257,0.0,0.0,6.0,3.0,47.5,24.0,58.0
2022_17_LA_LAC,2022,17,LAC,LA,3.0878,42.3425,67.4311,58.4259,125.857,1.0,-0.12,2.5317,0.0,-3.7924,3.7924,-3.7924,0.4814,0.0,0.0,0.0,0.0,0.0,0.0,0.0,1.0,0.0,0.0,6.5,41.5,21.0,41.0
2022_17_PIT_BAL,2022,17,BAL,PIT,0.7928,45.5094,59.5657,64.4873,124.053,1.0,0.0,2.6345,-3.4652,0.0,-3.4652,-3.4652,1.2317,1.0,1.0,1.0,0.7928,0.0,0.0,0.1972,0.0,0.0,1.0,1.0,35.5,-3.0,29.0
2022_18_KC_LV,2022,18,LV,KC,-9.0921,55.7395,65.6164,66.4816,132.0981,1.0,0.0,-9.817,-1.0368,0.0,-1.0368,-1.0368,-2.1121,1.0,0.0,0.0,-9.0921,-2.0,0.0,1.1493,1.0,0.0,0.0,-9.0,51.5,-18.0,44.0
2022_18_TEN_JAX,2022,18,JAX,TEN,3.4977,46.7675,69.0602,62.8716,131.9318,1.0,-0.36,-0.2338,0.0,-3.4325,3.4325,-3.4325,7.2098,1.0,1.0,1.0,3.4977,1.0,0.0,0.5008,0.0,0.0,0.0,6.0,39.5,4.0,36.0
2022_18_TB_ATL,2022,18,ATL,TB,-5.7775,46.1756,61.9341,70.7768,132.7109,1.0,0.0,-5.7323,-1.9765,-3.8577,1.8811,-5.8342,-6.1034,1.0,0.0,0.0,-5.7775,0.0,0.0,0.4149,1.0,0.0,0.0,6.0,40.5,13.0,47.0
2022_18_NE_BUF,2022,18,BUF,NE,5.4609,44.732,68.3556,60.8389,129.1945,1.0,-0.12,8.0256,0.0,0.0,0.0,0.0,0.2447,1.0,0.0,0.0,5.4609,0.0,0.0,0.3864,0.0,0.0,15.0,8.0,44.0,12.0,58.0
2022_18_MIN_CHI,2022,18,CHI,MIN,-4.4459,47.4283,64.6924,65.0178,129.7102,1.0,0.0,-8.8479,0.68,0.0,0.68,0.68,-1.4733,1.0,0.0,0.0,-4.4459,0.0,0.0,0.3553,0.0,0.0,13.0,-6.5,42.5,-16.0,42.0
2022_18_BAL_CIN,2022,18,CIN,BAL,5.7673,48.3981,64.5937,61.2317,125.8254,1.0,-0.12,4.2098,0.0,-2.6622,2.6622,-2.6622,0.2377,1.0,0.0,0.0,5.7673,0.0,0.0,0.4228,0.0,0.0,7.0,11.0,39.0,11.0,43.0
2022_18_HOU_IND,2022,18,IND,HOU,2.9509,31.5558,66.2021,64.1541,130.3562,1.0,0.0,3.8679,-2.1284,0.0,-2.1284,-2.1284,-0.4268,1.0,0.0,0.0,2.9509,1.0,0.0,0.8709,1.0,0.0,0.0,3.0,38.0,-1.0,63.0
2022_18_NYJ_MIA,2022,18,MIA,NYJ,5.5486,42.1199,62.7681,66.4064,129.1745,1.0,0.0,3.889,-7.4642,1.0229,-8.4871,-6.4413,-2.1154,1.0,0.0,0.0,5.5486,0.0,0.0,1.0856,0.0,0.0,0.0,3.5,37.5,5.0,17.0
2022_18_CAR_NO,2022,18,NO,CAR,1.8614,42.7015,62.1327,62.7779,124.9106,1.0,0.0,3.5346,0.0,0.0,0.0,0.0,-0.9337,1.0,0.0,0.0,1.8614,-1.0,0.0,0.6487,1.0,0.0,0.0,3.5,41.5,-3.0,17.0
2022_18_CLE_PIT,2022,18,PIT,CLE,1.3009,45.9601,65.2799,61.3724,126.6524,1.0,0.0,0.5754,0.0,-2.8863,2.8863,-2.8863,2.3764,1.0,0.0,0.0,1.3009,0.0,0.0,0.1143,0.0,0.0,9.0,2.5,40.0,14.0,42.0
2022_18_LAC_DEN,2022,18,DEN,LAC,-3.6596,38.3361,61.8299,68.5045,130.3345,1.0,0.0,-7.741,0.0,0.0,0.0,0.0,-4.9878,1.0,0.0,0.0,-3.6596,1.0,0.0,0.8369,0.0,0.0,2.0,6.0,38.5,3.0,59.0
2022_18_NYG_PHI,2022,18,PHI,NYG,6.5012,49.4486,67.3699,64.6013,131.9712,1.0,0.0,6.0315,0.0,-4.9289,4.9289,-4.9289,4.4326,1.0,0.0,0.0,6.5012,0.0,0.0,0.0854,0.0,2.0,2.0,16.5,42.5,6.0,38.0
2022_18_LA_SEA,2022,18,SEA,LA,1.5691,46.4346,63.5509,61.4364,124.9874,1.0,0.0,2.8094,0.0,-4.1034,4.1034,-4.1034,1.3035,1.0,0.0,0.0,1.5691,0.0,0.0,0.9651,0.0,0.0,0.0,5.5,41.5,3.0,35.0
2022_18_ARI_SF,2022,18,SF,ARI,12.1128,42.1196,63.8366,68.2428,132.0794,1.0,0.0,12.2572,-1.7045,-1.8689,0.1645,-3.5734,0.6952,1.0,0.0,0.0,12.1128,-1.0,0.0,0.608,0.0,0.0,0.0,14.0,40.0,25.0,51.0
2022_18_DAL_WAS,2022,18,WAS,DAL,-8.3512,43.0445,69.1544,63.6824,132.8368,1.0,-0.36,-9.4129,-2.8955,0.0,-2.8955,-2.8955,-2.2533,1.0,0.0,0.0,-8.3512,1.0,0.0,1.2074,0.0,0.0,3.0,-7.5,40.5,20.0,32.0
2022_18_DET_GB,2022,18,GB,DET,-0.5386,51.9287,63.3637,62.0427,125.4064,1.0,0.0,4.0387,0.0,0.0,0.0,0.0,1.8237,1.0,1.0,1.0,-0.5386,-1.0,0.0,0.2927,0.0,0.0,24.0,5.5,49.0,-4.0,36.0
2022_19_SEA_SF,2022,19,SF,SEA,10.5649,47.5488,64.5949,62.9623,127.5572,1.0,0.0,7.4158,-1.3132,0.0,-1.3132,-1.3132,2.9356,1.0,0.0,0.0,10.5649,0.0,0.0,0.7045,0.0,1.0,0.0,10.0,42.0,18.0,64.0
2022_19_LAC_JAX,2022,19,JAX,LAC,0.5063,47.1746,60.5098,70.1951,130.7049,1.0,0.12,-1.7226,0.0,0.0,0.0,0.0,4.861,0.0,1.0,1.0,0.0,3.0,0.0,2.1506,0.0,0.0,8.0,-2.0,46.5,1.0,61.0
2022_19_MIA_BUF,2022,19,BUF,MIA,5.2417,50.7686,66.097,62.3206,128.4176,1.0,0.0,9.4396,0.0,-7.7537,7.7537,-7.7537,1.0787,1.0,0.0,0.0,5.2417,0.0,0.0,1.1648,0.0,0.0,18.0,14.0,44.0,3.0,65.0
2022_19_NYG_MIN,2022,19,MIN,NYG,-0.1476,47.7743,69.0121,66.7181,135.7302,1.0,0.0,4.5828,0.0,0.0,0.0,0.0,-3.3754,0.0,0.0,0.0,-0.0,-1.0,0.0,1.01,1.0,0.0,0.0,2.5,48.0,-7.0,55.0
2022_19_BAL_CIN,2022,19,CIN,BAL,8.4053,44.8794,64.9024,63.4521,128.3545,1.0,0.0,5.3375,0.0,-3.0587,3.0587,-3.0587,0.8562,1.0,1.0,1.0,8.4053,0.0,0.0,0.4228,0.0,0.0,15.0,7.5,40.0,7.0,41.0
2022_19_DAL_TB,2022,19,TB,DAL,-4.6879,42.3239,70.7097,68.7138,139.4235,1.0,0.0,-4.4085,0.0,0.0,0.0,0.0,1.3809,0.0,1.0,1.0,-0.0,1.0,0.0,0.9293,0.0,0.0,0.0,-2.5,45.5,-17.0,45.0
2022_20_JAX_KC,2022,20,KC,JAX,8.9503,52.8811,67.7221,66.1908,133.9128,1.0,0.84,9.6272,0.0,0.0,0.0,0.0,-1.5791,0.0,0.0,0.0,0.0,-1.0,0.0,0.945,0.0,0.0,9.0,10.0,52.5,7.0,47.0
2022_20_NYG_PHI,2022,20,PHI,NYG,5.6682,50.7912,67.0283,64.61,131.6384,1.0,0.84,5.6462,0.0,0.0,0.0,0.0,4.3886,1.0,1.0,1.0,5.6682,0.0,0.0,0.0854,0.0,0.0,5.0,8.0,48.0,31.0,45.0
2022_20_CIN_BUF,2022,20,BUF,CIN,-1.7747,47.9754,66.2268,66.1882,132.415,1.0,0.0,2.0442,0.0,0.0,0.0,0.0,-1.6321,0.0,0.0,0.0,-0.0,0.0,0.0,0.3923,0.0,0.0,13.0,6.0,48.5,-17.0,37.0
2022_20_DAL_SF,2022,20,SF,DAL,3.3133,49.0476,65.7894,66.6888,132.4782,1.0,0.24,2.8267,0.0,0.0,0.0,0.0,0.7337,0.0,0.0,0.0,0.0,-2.0,0.0,1.4385,0.0,9.0,0.0,3.5,46.5,7.0,31.0
2022_21_SF_PHI,2022,21,PHI,SF,-1.8801,49.0384,64.964,62.2916,127.2556,1.0,0.12,-3.8576,0.0,0.0,0.0,0.0,4.5085,0.0,0.0,0.0,-0.0,3.0,0.0,2.5025,0.0,4.0,0.0,2.5,45.0,24.0,38.0
2022_21_CIN_KC,2022,21,KC,CIN,0.0682,54.002,65.244,67.0077,132.2517,1.0,0.12,0.578,0.0,0.0,0.0,0.0,0.4442,0.0,0.0,0.0,0.0,-1.0,0.0,0.5345,0.0,3.0,23.0,2.0,48.5,3.0,43.0
2022_22_KC_PHI,2022,22,PHI,KC,0.2804,51.4844,68.1414,62.6055,130.7469,0.0,0.0,-3.166,0.0,0.0,0.0,0.0,2.8278,0.0,0.0,0.0,0.0,0.0,0.0,0.0,1.0,0.0,0.0,1.0,51.0,-3.0,73.0
2023_01_DET_KC,2023,1,KC,DET,7.9004,55.8518,65.3111,67.2216,132.5327,1.0,0.0,7.1811,0.0,0.0,0.0,0.0,0.8002,0.0,1.0,1.0,0.0,-1.0,0.0,0.6403,0.0,0.0,0.0,4.0,53.0,-1.0,41.0
2023_01_CAR_ATL,2023,1,ATL,CAR,-1.5731,45.6455,63.3652,60.9674,124.3326,1.0,0.0,-0.5715,-0.9979,-1.2893,0.2914,-2.2873,-3.5536,1.0,0.0,0.0,-1.5731,0.0,0.0,0.2261,1.0,0.0,0.0,3.5,40.5,14.0,34.0
2023_01_HOU_BAL,2023,1,BAL,HOU,7.5435,37.9096,65.4752,61.2433,126.7186,1.0,0.0,6.3306,0.0,-1.2294,1.2294,-1.2294,3.9433,0.0,0.0,0.0,0.0,1.0,0.0,1.2549,0.0,0.0,0.0,9.5,43.5,16.0,34.0
2023_01_CIN_CLE,2023,1,CLE,CIN,-7.5027,46.1581,66.3855,64.9231,131.3087,1.0,0.0,-5.9057,-2.8105,0.0,-2.8105,-2.8105,-4.5346,1.0,0.0,0.0,-7.5027,0.0,0.0,0.2231,0.0,0.0,0.0,-1.0,46.5,21.0,27.0
2023_01_JAX_IND,2023,1,IND,JAX,-4.4902,40.0028,67.9988,65.5049,133.5036,1.0,0.0,-2.9132,-2.1621,0.0,-2.1621,-2.1621,-6.1012,1.0,0.0,0.0,-4.4902,0.0,0.0,0.7002,1.0,0.0,0.0,-4.0,45.5,-10.0,52.0
2023_01_TB_MIN,2023,1,MIN,TB,-0.0059,43.5912,66.7963,71.3343,138.1305,1.0,0.0,1.19,0.0,-3.5579,3.5579,-3.5579,-7.1884,0.0,0.0,0.0,-0.0,-1.0,0.0,1.315,1.0,0.0,0.0,4.0,45.0,-3.0,37.0
2023_01_TEN_NO,2023,1,NO,TEN,0.5679,40.4422,63.4036,62.3949,125.7985,1.0,0.0,1.2748,0.3778,0.0,0.3778,0.3778,3.597,0.0,0.0,0.0,0.0,0.0,0.0,0.4702,1.0,0.0,0.0,3.0,41.0,1.0,31.0
2023_01_SF_PIT,2023,1,PIT,SF,-5.0126,46.7089,65.5911,60.0172,125.6084,1.0,0.0,-3.844,0.0,0.0,0.0,0.0,-1.0624,0.0,0.0,0.0,-0.0,3.0,1.0,2.2439,0.0,0.0,0.0,-1.5,41.5,-23.0,37.0
2023_01_ARI_WAS,2023,1,WAS,ARI,2.8875,35.8131,67.4071,64.466,131.8731,1.0,0.0,2.3304,-0.3412,-1.091,0.7497,-1.4322,-2.2743,0.0,0.0,0.0,0.0,2.0,1.0,1.9951,0.0,0.0,0.0,7.0,38.0,4.0,36.0
2023_01_GB_CHI,2023,1,CHI,GB,-4.4073,48.8069,57.8141,61.9794,119.7936,1.0,0.0,-6.268,0.0,-0.4753,0.4753,-0.4753,-7.2699,1.0,0.0,0.0,-4.4073,0.0,0.0,0.1837,0.0,0.0,0.0,1.0,41.0,-18.0,58.0
2023_01_LV_DEN,2023,1,DEN,LV,0.6969,42.938,65.5973,65.4651,131.0624,1.0,0.0,-2.42,0.0,2.1257,-2.1257,2.1257,-4.5308,1.0,0.0,0.0,0.6969,1.0,0.0,0.6083,0.0,0.0,0.0,3.0,43.0,-1.0,33.0
2023_01_MIA_LAC,2023,1,LAC,MIA,0.3665,44.6477,68.6225,60.177,128.7996,1.0,0.0,0.663,0.0,0.0,0.0,0.0,-0.6546,0.0,0.0,0.0,0.0,-3.0,0.0,2.3327,1.0,0.0,0.0,3.0,50.5,-2.0,70.0
2023_01_PHI_NE,2023,1,NE,PHI,-6.4059,43.4203,59.0359,68.0034,127.0394,1.0,0.0,-3.8249,0.0,0.0,0.0,0.0,-4.3685,0.0,0.0,0.0,-0.0,0.0,0.0,0.2536,0.0,0.0,0.0,-3.5,44.5,-5.0,45.0
2023_01_LA_SEA,2023,1,SEA,LA,1.6519,44.7977,63.5051,61.7365,125.2416,1.0,0.0,2.0552,0.0,0.0,0.0,0.0,2.7814,1.0,0.0,0.0,1.6519,0.0,0.0,0.9651,0.0,0.0,0.0,4.5,45.0,-17.0,43.0
2023_01_DAL_NYG,2023,1,NYG,DAL,-5.7601,47.3818,66.4616,67.5108,133.9724,1.0,0.0,-4.611,0.0,0.0,0.0,0.0,-1.7704,1.0,1.0,1.0,-5.7601,1.0,0.0,1.3851,0.0,0.0,0.0,-3.5,44.5,-40.0,40.0
2023_01_BUF_NYJ,2023,1,NYJ,BUF,-7.7629,41.8202,65.5109,66.7669,132.2778,1.0,0.0,-8.6289,1.6461,0.0,1.6461,1.6461,1.2361,1.0,1.0,1.0,-7.7629,0.0,0.0,0.2779,0.0,0.0,0.0,-2.5,44.5,6.0,38.0
2023_02_MIN_PHI,2023,2,PHI,MIN,8.5653,47.1324,68.62,65.2288,133.8488,1.0,0.0,4.5498,0.0,0.0,0.0,0.0,8.7263,0.0,1.0,1.0,0.0,1.0,0.0,0.9842,0.0,0.0,0.0,6.0,49.0,6.0,62.0
2023_02_GB_ATL,2023,2,ATL,GB,-2.8298,46.9268,58.965,64.2698,123.2348,1.0,0.0,-2.8219,-1.342,1.9508,-3.2928,0.6088,-4.3712,0.0,0.0,0.0,-0.0,1.0,0.0,0.7678,0.0,0.0,0.0,3.0,40.5,1.0,49.0
2023_02_LV_BUF,2023,2,BUF,LV,5.6488,51.5753,65.6416,63.1061,128.7478,1.0,-0.12,5.1837,0.0,2.8984,-2.8984,2.8984,1.1738,0.0,0.0,0.0,0.0,3.0,1.0,1.9802,0.0,0.0,0.0,7.5,47.0,28.0,48.0
2023_02_BAL_CIN,2023,2,CIN,BAL,4.5364,43.1606,64.5923,64.3378,128.9301,1.0,0.0,2.7011,0.0,0.0,0.0,0.0,-0.5791,1.0,0.0,0.0,4.5364,0.0,0.0,0.4228,0.0,0.0,0.0,3.5,45.5,-3.0,51.0
2023_02_SEA_DET,2023,2,DET,SEA,5.7022,51.972,68.201,63.0581,131.2591,1.0,0.36,1.3154,0.0,0.0,0.0,0.0,3.0693,0.0,0.0,0.0,0.0,3.0,1.0,1.9331,1.0,0.0,0.0,4.5,47.5,-6.0,68.0
2023_02_IND_HOU,2023,2,HOU,IND,-3.3163,30.8893,65.2613,67.7647,133.0261,1.0,0.0,-1.7476,0.4311,0.1364,0.2947,0.5675,0.8008,1.0,0.0,0.0,-3.3163,-1.0,0.0,0.8709,0.0,0.0,0.0,-1.0,40.0,-11.0,51.0
2023_02_KC_JAX,2023,2,JAX,KC,-6.7968,49.823,66.4829,67.5621,134.045,1.0,-0.36,-6.0767,0.0,0.0,0.0,0.0,1.6129,0.0,0.0,0.0,-0.0,1.0,0.0,0.945,0.0,0.0,0.0,-3.5,50.5,-8.0,26.0
2023_02_CHI_TB,2023,2,TB,CHI,5.9582,46.3547,66.7533,62.402,129.1553,1.0,0.0,6.1018,-3.362,0.0,-3.362,-3.362,8.076,0.0,0.0,0.0,0.0,1.0,0.0,1.0018,0.0,0.0,0.0,2.5,41.0,10.0,44.0
2023_02_LAC_TEN,2023,2,TEN,LAC,-1.9851,46.5867,59.9702,70.1792,130.1494,1.0,0.0,-1.2849,0.0,0.0,0.0,0.0,-1.7626,0.0,0.0,0.0,-0.0,2.0,0.0,1.7842,0.0,0.0,0.0,-2.5,45.5,3.0,51.0
2023_02_NYG_ARI,2023,2,ARI,NYG,-0.6178,41.7813,67.0337,65.6,132.6337,1.0,0.0,-1.2927,-1.924,0.0,-1.924,-1.924,2.9072,0.0,0.0,0.0,-0.0,-2.0,0.0,2.1441,1.0,0.0,0.0,-5.0,40.0,-3.0,59.0
2023_02_SF_LA,2023,2,LA,SF,-9.1087,45.9188,61.6914,61.141,122.8324,1.0,0.0,-6.6497,0.0,0.0,0.0,0.0,-2.5338,1.0,0.0,0.0,-9.1087,0.0,0.0,0.3135,1.0,0.0,0.0,-7.5,45.0,-7.0,53.0
2023_02_NYJ_DAL,2023,2,DAL,NYJ,8.1522,38.7872,67.0672,65.3033,132.3705,1.0,0.12,6.763,0.0,0.0,0.0,0.0,1.1803,0.0,0.0,0.0,0.0,-1.0,0.0,1.3851,0.0,0.0,0.0,8.5,38.5,20.0,40.0
2023_02_WAS_DEN,2023,2,DEN,WAS,-1.5402,36.0508,62.258,67.5718,129.8298,1.0,0.0,-3.429,0.0,-1.3935,1.3935,-1.3935,-3.8981,0.0,0.0,0.0,-0.0,-2.0,0.0,1.4998,0.0,0.0,0.0,4.0,38.5,-2.0,68.0
2023_02_MIA_NE,2023,2,NE,MIA,-1.1504,43.842,65.492,63.3869,128.879,1.0,0.0,-0.5252,0.0,0.0,0.0,0.0,0.8778,1.0,1.0,1.0,-1.1504,0.0,0.0,1.2258,0.0,0.0,0.0,-2.0,46.5,-7.0,41.0
2023_02_NO_CAR,2023,2,CAR,NO,-2.5665,38.581,63.2263,61.4001,124.6264,1.0,0.0,-2.6162,0.1818,0.6052,-0.4234,0.787,0.7772,1.0,1.0,1.0,-2.5665,1.0,0.0,0.6487,0.0,0.0,0.0,-3.0,39.5,-3.0,37.0
2023_02_CLE_PIT,2023,2,PIT,CLE,-1.2363,45.1434,64.1488,64.2419,128.3907,1.0,0.0,-0.9997,0.0,-3.4062,3.4062,-3.4062,1.3693,1.0,1.0,1.0,-1.2363,0.0,0.0,0.1143,0.0,0.0,0.0,-2.5,39.0,4.0,48.0
2023_03_NYG_SF,2023,3,SF,NYG,11.6522,48.6174,62.4605,65.4356,127.8961,1.0,0.0,8.3733,0.0,0.0,0.0,0.0,0.8194,0.0,1.0,1.0,0.0,-3.0,0.0,2.5468,0.0,3.0,0.0,10.5,43.5,18.0,42.0
2023_03_IND_BAL,2023,3,BAL,IND,5.227,38.9815,67.2928,64.7674,132.0602,1.0,0.0,5.2951,0.0,1.9325,-1.9325,1.9325,2.7782,0.0,0.0,0.0,0.0,0.0,0.0,0.5094,0.0,0.0,0.0,7.5,43.5,-3.0,41.0
2023_03_TEN_CLE,2023,3,CLE,TEN,0.8222,39.146,70.1909,59.1939,129.3847,1.0,-0.12,1.3728,0.0,0.0,0.0,0.0,2.1708,0.0,0.0,0.0,0.0,1.0,0.0,0.4588,0.0,0.0,0.0,3.5,38.0,24.0,30.0
2023_03_ATL_DET,2023,3,DET,ATL,2.1323,50.0709,65.1207,63.7094,128.83,1.0,0.0,-0.3232,0.0,0.0,0.0,0.0,2.5013,0.0,0.0,0.0,0.0,0.0,0.0,0.5977,1.0,0.0,0.0,3.0,47.5,14.0,26.0
2023_03_NO_GB,2023,3,GB,NO,-1.2075,43.6054,61.534,62.9364,124.4705,1.0,0.12,0.8119,2.5339,0.4796,2.0544,3.0135,0.9155,0.0,0.0,0.0,-0.0,0.0,0.0,1.0114,0.0,0.0,0.0,-1.5,41.5,1.0,35.0
2023_03_HOU_JAX,2023,3,JAX,HOU,8.3355,37.2601,65.3697,67.9397,133.3094,1.0,0.0,6.7787,0.0,1.6193,-1.6193,1.6193,5.2712,1.0,0.0,0.0,8.3355,1.0,0.0,0.8248,0.0,0.0,0.0,7.5,43.5,-20.0,54.0
2023_03_DEN_MIA,2023,3,MIA,DEN,4.492,47.6245,63.2806,67.9453,131.2259,1.0,0.0,5.3488,0.0,0.0,0.0,0.0,5.4778,0.0,0.0,0.0,0.0,2.0,1.0,1.7159,0.0,0.0,0.0,6.0,47.5,50.0,90.0
2023_03_LAC_MIN,2023,3,MIN,LAC,-1.2114,48.8812,63.5271,71.0193,134.5464,1.0,0.36,0.3731,0.0,0.0,0.0,0.0,-3.9292,0.0,0.0,0.0,-0.0,2.0,0.0,1.5302,1.0,0.0,0.0,1.0,54.0,-4.0,52.0
2023_03_NE_NYJ,2023,3,NYJ,NE,-1.2126,36.0675,61.824,67.0565,128.8805,1.0,0.0,-1.5864,0.0,0.0,0.0,0.0,0.368,1.0,0.0,0.0,-1.2126,0.0,0.0,0.1702,0.0,4.0,0.0,-2.5,35.5,-5.0,25.0
2023_03_BUF_WAS,2023,3,WAS,BUF,-3.798,43.3245,65.0248,64.0009,129.0257,1.0,0.0,-5.0019,0.0,0.0,0.0,0.0,-0.2464,0.0,0.0,0.0,-0.0,0.0,0.0,0.2854,0.0,0.0,0.0,-5.5,44.0,-34.0,40.0
2023_03_CAR_SEA,2023,3,SEA,CAR,1.3804,44.9487,63.9597,64.7686,128.7283,1.0,0.12,2.3971,0.0,2.9076,-2.9076,2.9076,-0.1851,0.0,0.0,0.0,0.0,-3.0,0.0,2.2805,0.0,0.0,0.0,5.0,42.5,10.0,64.0
2023_03_DAL_ARI,2023,3,ARI,DAL,-9.7075,38.9155,66.646,68.0534,134.6994,1.0,0.0,-9.2417,-0.6602,0.0,-0.6602,-0.6602,-1.933,0.0,0.0,0.0,-0.0,-1.0,0.0,0.8785,0.0,0.0,0.0,-11.5,43.5,12.0,44.0
2023_03_CHI_KC,2023,3,KC,CHI,14.8852,52.2987,63.767,62.7234,126.4905,1.0,0.0,13.2507,0.0,0.0,0.0,0.0,7.2696,0.0,0.0,0.0,0.0,0.0,0.0,0.4099,0.0,0.0,0.0,13.0,48.0,31.0,51.0
2023_03_PIT_LV,2023,3,LV,PIT,-2.1295,47.3979,60.8911,65.3081,126.1992,1.0,0.12,-2.3565,2.7038,0.0,2.7038,2.7038,-0.5921,0.0,1.0,1.0,-0.0,-3.0,0.0,1.9185,1.0,0.0,0.0,3.0,43.5,-5.0,41.0
2023_03_PHI_TB,2023,3,TB,PHI,-6.3097,42.9852,67.03,66.4723,133.5024,1.0,-0.36,-4.4392,-2.2851,0.0,-2.2851,-2.2851,0.4676,0.0,1.0,1.0,-0.0,0.0,0.0,0.9242,0.0,0.0,0.0,-6.0,44.0,-14.0,36.0
2023_03_LA_CIN,2023,3,CIN,LA,5.4033,46.7871,61.5577,66.1621,127.7198,1.0,0.0,4.3889,0.0,0.0,0.0,0.0,1.1098,0.0,1.0,1.0,0.0,3.0,0.0,1.9001,0.0,0.0,0.0,3.0,45.5,3.0,35.0
2023_04_DET_GB,2023,4,GB,DET,-0.942,47.5783,63.6622,65.2635,128.9258,1.0,0.0,1.8038,2.2521,0.0,2.2521,2.2521,2.4881,1.0,1.0,1.0,-0.942,-1.0,0.0,0.2927,0.0,0.0,0.0,-2.5,45.0,-14.0,54.0
2023_04_ATL_JAX,2023,4,JAX,ATL,1.0434,42.4929,65.3943,64.4532,129.8476,0.0,0.0,-0.4132,0.0,0.0,0.0,0.0,4.0309,0.0,0.0,0.0,0.0,0.0,0.0,0.0,0.0,0.0,0.0,3.5,42.5,16.0,30.0
2023_04_MIA_BUF,2023,4,BUF,MIA,1.6431,51.5579,68.8958,60.0421,128.9379,1.0,0.0,4.087,0.0,0.0,0.0,0.0,0.2663,1.0,0.0,0.0,1.6431,0.0,0.0,1.1648,0.0,0.0,0.0,2.5,53.0,28.0,68.0
2023_04_MIN_CAR,2023,4,CAR,MIN,-1.4195,44.0522,66.4882,67.6459,134.1342,1.0,0.0,-2.4823,0.0,0.0,0.0,0.0,5.5607,0.0,0.0,0.0,-0.0,1.0,0.0,0.9379,0.0,0.0,0.0,-4.5,46.5,-8.0,34.0
2023_04_DEN_CHI,2023,4,CHI,DEN,-4.7292,49.6465,61.4853,64.6944,126.1798,1.0,0.0,-1.5183,0.0,0.0,0.0,0.0,1.049,0.0,0.0,0.0,-0.0,1.0,0.0,0.9203,0.0,0.0,0.0,-3.0,47.0,-3.0,59.0
2023_04_BAL_CLE,2023,4,CLE,BAL,-0.5823,38.8174,70.1908,60.5879,130.7788,1.0,0.0,0.295,-1.5532,0.0,-1.5532,-1.5532,-1.635,1.0,0.0,0.0,-0.5823,0.0,0.0,0.3083,0.0,0.0,0.0,-2.0,38.5,-25.0,31.0
2023_04_PIT_HOU,2023,4,HOU,PIT,-7.9565,40.0494,65.4211,64.8969,130.3179,1.0,0.0,-6.7524,3.2473,0.0,3.2473,3.2473,-2.4743,0.0,0.0,0.0,-0.0,-1.0,0.0,1.1419,0.0,0.0,0.0,-3.0,41.5,24.0,36.0
2023_04_LA_IND,2023,4,IND,LA,-0.3945,36.9429,65.3654,66.87,132.2354,1.0,0.12,-1.1742,0.4408,0.0,0.4408,0.4408,1.3025,0.0,0.0,0.0,-0.0,3.0,1.0,1.8132,0.0,0.0,0.0,-1.0,44.5,-6.0,52.0
2023_04_TB_NO,2023,4,NO,TB,2.1088,39.2367,63.3517,66.6898,130.0415,1.0,0.12,0.7461,0.074,-2.3359,2.4098,-2.2619,-3.9411,1.0,0.0,0.0,2.1088,-1.0,0.0,0.4779,1.0,0.0,0.0,4.0,41.0,-17.0,35.0
2023_04_WAS_PHI,2023,4,PHI,WAS,8.6977,40.2544,66.2712,63.5083,129.7794,1.0,-0.12,7.0657,0.0,0.0,0.0,0.0,6.0287,1.0,0.0,0.0,8.6977,0.0,0.0,0.1136,0.0,0.0,0.0,9.5,43.0,3.0,65.0
2023_04_CIN_TEN,2023,4,TEN,CIN,-7.256,44.8167,61.2729,66.711,127.9839,1.0,0.12,-5.4291,0.0,0.0,0.0,0.0,-4.565,0.0,0.0,0.0,-0.0,-1.0,0.0,0.237,0.0,0.0,0.0,-2.5,41.5,24.0,30.0
2023_04_LV_LAC,2023,4,LAC,LV,4.5533,52.2611,68.2492,62.2205,130.4697,1.0,0.0,2.3551,0.0,-4.592,4.592,-4.592,1.336,1.0,0.0,0.0,4.5533,0.0,0.0,0.2317,1.0,0.0,0.0,7.0,49.0,7.0,41.0
2023_04_NE_DAL,2023,4,DAL,NE,4.8242,40.5294,68.209,64.396,132.6051,1.0,0.0,4.0698,0.0,0.0,0.0,0.0,2.5667,0.0,0.0,0.0,0.0,-1.0,0.0,1.5496,1.0,0.0,0.0,6.5,43.0,35.0,41.0
2023_04_ARI_SF,2023,4,SF,ARI,9.764,44.2162,66.5316,64.052,130.5836,1.0,0.36,9.7861,0.0,-0.2167,0.2167,-0.2167,0.6966,1.0,0.0,0.0,9.764,-1.0,0.0,0.608,0.0,0.0,0.0,15.0,44.0,19.0,51.0
2023_04_KC_NYJ,2023,4,NYJ,KC,-11.3236,43.8217,61.5027,68.7654,130.2681,1.0,0.0,-10.6995,0.0,0.0,0.0,0.0,-1.362,0.0,1.0,1.0,-0.0,1.0,0.0,1.0858,0.0,0.0,0.0,-9.5,41.5,-3.0,43.0
2023_04_SEA_NYG,2023,4,NYG,SEA,-3.4703,53.1847,67.0568,65.1668,132.2236,1.0,0.36,-2.4518,0.0,0.0,0.0,0.0,-0.3779,0.0,1.0,1.0,-0.0,3.0,0.0,2.3957,0.0,0.0,0.0,-2.5,46.5,-21.0,27.0
2023_05_CHI_WAS,2023,5,WAS,CHI,7.2308,47.4777,65.7657,60.4762,126.2419,1.0,0.0,5.771,0.0,0.0,0.0,0.0,3.702,0.0,1.0,1.0,0.0,1.0,0.0,0.6011,0.0,0.0,0.0,6.0,45.5,-20.0,60.0
2023_05_JAX_BUF,2023,5,BUF,JAX,7.2205,44.6836,65.6109,62.0166,127.6276,0.0,0.0,7.574,0.0,0.0,0.0,0.0,1.0566,0.0,0.0,0.0,0.0,0.0,0.0,0.0,0.0,0.0,0.0,5.5,48.5,-5.0,45.0
2023_05_HOU_ATL,2023,5,ATL,HOU,0.0177,40.8807,63.3996,65.0018,128.4014,1.0,0.0,0.9599,0.0,0.0,0.0,0.0,0.4537,0.0,0.0,0.0,0.0,1.0,0.0,0.7051,0.0,0.0,0.0,2.5,42.0,2.0,40.0
2023_05_CAR_DET,2023,5,DET,CAR,6.4823,41.7574,65.5568,64.9753,130.5321,1.0,0.36,5.633,0.0,0.0,0.0,0.0,-0.2392,0.0,0.0,0.0,0.0,0.0,0.0,0.5055,1.0,0.0,0.0,9.5,43.5,18.0,66.0
2023_05_TEN_IND,2023,5,IND,TEN,-2.5129,38.9001,66.8423,65.6317,132.474,1.0,0.0,-3.1145,1.6336,0.0,1.6336,1.6336,2.45,1.0,0.0,0.0,-2.5129,1.0,0.0,0.2505,0.0,0.0,0.0,-2.5,43.5,7.0,39.0
2023_05_NYG_MIA,2023,5,MIA,NYG,9.5173,50.7724,63.9222,65.8262,129.7485,1.0,0.12,4.4774,0.0,0.0,0.0,0.0,3.9473,0.0,0.0,0.0,0.0,0.0,0.0,1.0856,0.0,0.0,0.0,12.5,47.5,15.0,47.0
2023_05_NO_NE,2023,5,NE,NO,-1.3504,35.1592,65.0934,63.2561,128.3495,1.0,0.0,-0.5744,0.0,0.0,0.0,0.0,1.4961,0.0,0.0,0.0,-0.0,1.0,0.0,1.3399,0.0,0.0,0.0,2.5,38.5,-34.0,34.0
2023_05_BAL_PIT,2023,5,PIT,BAL,-6.0287,39.8902,64.9675,65.7622,130.7298,1.0,0.0,-2.8885,0.0,0.0,0.0,0.0,-1.2734,1.0,0.0,0.0,-6.0287,0.0,0.0,0.1972,0.0,3.0,0.0,-4.5,38.5,7.0,27.0
2023_05_CIN_ARI,2023,5,ARI,CIN,-3.3443,45.876,66.2527,64.6769,130.9296,1.0,0.0,-5.1809,0.0,0.0,0.0,0.0,-0.9643,0.0,0.0,0.0,-0.0,-2.0,0.0,1.5853,1.0,0.0,0.0,-3.0,45.5,-14.0,54.0
2023_05_PHI_LA,2023,5,LA,PHI,-5.9935,48.6227,64.5219,66.7754,131.2973,1.0,0.0,-6.8023,0.0,0.0,0.0,0.0,-5.6824,0.0,0.0,0.0,-0.0,-3.0,0.0,2.3962,1.0,0.0,0.0,-3.5,50.5,-9.0,37.0
2023_05_NYJ_DEN,2023,5,DEN,NYJ,-1.1541,43.3933,65.9045,62.8327,128.7372,1.0,0.0,-0.7626,0.0,0.0,0.0,0.0,-4.4081,0.0,0.0,0.0,-0.0,-2.0,0.0,1.6245,0.0,0.0,0.0,2.5,42.5,-10.0,52.0
2023_05_KC_MIN,2023,5,MIN,KC,-8.6049,48.2706,64.3198,68.6861,133.0059,1.0,0.0,-7.6015,0.0,0.0,0.0,0.0,-6.4789,0.0,0.0,0.0,-0.0,0.0,0.0,0.4142,1.0,0.0,0.0,-3.5,52.5,-7.0,47.0
2023_05_DAL_SF,2023,5,SF,DAL,2.6205,48.1877,61.7782,67.563,129.3411,1.0,0.0,2.8965,0.0,0.0,0.0,0.0,-0.9118,0.0,1.0,1.0,0.0,-2.0,0.0,1.4385,0.0,0.0,0.0,3.5,45.0,32.0,52.0
2023_05_GB_LV,2023,5,LV,GB,-3.4422,48.2038,63.7672,62.1604,125.9276,1.0,-0.36,-3.4196,2.6493,0.0,2.6493,2.6493,-2.3497,0.0,1.0,1.0,-0.0,-2.0,0.0,1.5339,1.0,0.0,0.0,1.0,45.0,4.0,30.0
2023_06_DEN_KC,2023,6,KC,DEN,13.6967,51.0699,67.4366,62.615,130.0516,1.0,0.0,13.3586,0.0,0.0,0.0,0.0,5.6638,1.0,1.0,1.0,13.6967,1.0,0.0,0.5643,0.0,0.0,0.0,10.5,47.5,11.0,27.0
2023_06_BAL_TEN,2023,6,TEN,BAL,-3.8584,43.3569,62.3105,65.5161,127.8266,0.0,0.0,-2.938,0.0,0.0,0.0,0.0,-4.1495,0.0,0.0,0.0,-0.0,0.0,0.0,0.0,0.0,0.0,0.0,-5.5,42.5,-8.0,40.0
2023_06_WAS_ATL,2023,6,ATL,WAS,0.1398,41.3012,63.011,66.4661,129.4771,1.0,-0.36,0.6177,0.0,0.0,0.0,0.0,-0.7938,0.0,0.0,0.0,0.0,0.0,0.0,0.5499,1.0,0.0,0.0,1.5,42.0,-8.0,40.0
2023_06_MIN_CHI,2023,6,CHI,MIN,-2.9551,49.8616,64.3702,64.3789,128.7491,1.0,0.36,-4.7895,0.0,0.0,0.0,0.0,-0.0144,1.0,0.0,0.0,-2.9551,0.0,0.0,0.3553,0.0,6.0,0.0,-3.0,44.5,-6.0,32.0
2023_06_SEA_CIN,2023,6,CIN,SEA,1.627,47.1063,69.2947,63.0198,132.3145,1.0,-0.72,1.4137,0.0,0.0,0.0,0.0,-0.1204,0.0,0.0,0.0,0.0,3.0,1.0,1.9669,0.0,5.0,0.0,3.0,45.5,4.0,30.0
2023_06_SF_CLE,2023,6,CLE,SF,-11.0663,41.8911,66.6011,59.2381,125.8392,1.0,0.84,-8.1834,0.3015,0.0,0.3015,0.3015,-1.6204,0.0,0.0,0.0,-0.0,3.0,1.0,2.1476,0.0,5.0,0.0,-9.5,36.0,2.0,36.0
2023_06_NO_HOU,2023,6,HOU,NO,-5.6952,37.5218,64.5426,64.8046,129.3472,1.0,0.0,-4.8271,0.0,0.0,0.0,0.0,-1.3259,0.0,0.0,0.0,-0.0,0.0,0.0,0.32,1.0,0.0,0.0,-2.0,42.5,7.0,33.0
2023_06_IND_JAX,2023,6,JAX,IND,4.346,39.5486,70.9898,65.7859,136.7757,1.0,0.0,2.647,0.0,1.7847,-1.7847,1.7847,1.4179,1.0,0.0,0.0,4.346,0.0,0.0,0.7002,0.0,0.0,0.0,4.0,44.0,17.0,57.0
2023_06_CAR_MIA,2023,6,MIA,CAR,8.6207,48.8326,61.2196,67.5965,128.8161,1.0,0.0,6.588,0.0,0.0,0.0,0.0,2.1728,0.0,0.0,0.0,0.0,0.0,0.0,0.6414,0.0,2.0,0.0,14.0,47.5,21.0,63.0
2023_06_NE_LV,2023,6,LV,NE,-0.4595,38.7102,63.1855,62.7438,125.9293,1.0,-0.12,0.6569,0.0,0.0,0.0,0.0,-2.3067,0.0,0.0,0.0,-0.0,-3.0,0.0,2.3651,1.0,0.0,0.0,3.0,41.5,4.0,38.0
2023_06_ARI_LA,2023,6,LA,ARI,2.2435,47.1658,67.494,64.5967,132.0907,1.0,0.0,2.7592,0.0,0.0,0.0,0.0,-1.5253,1.0,0.0,0.0,2.2435,-1.0,0.0,0.3503,1.0,0.0,0.0,7.0,48.0,17.0,35.0
2023_06_PHI_NYJ,2023,6,NYJ,PHI,-8.5423,43.9685,59.8171,72.0869,131.904,1.0,0.0,-9.4431,0.0,0.0,0.0,0.0,-3.8056,0.0,0.0,0.0,-0.0,0.0,0.0,0.0854,0.0,1.0,0.0,-6.5,43.0,6.0,34.0
2023_06_DET_TB,2023,6,TB,DET,-2.5605,42.0078,66.2098,65.8488,132.0586,1.0,0.84,-0.7481,-1.5828,0.0,-1.5828,-1.5828,3.8293,0.0,0.0,0.0,-0.0,0.0,0.0,0.993,0.0,3.0,0.0,-3.0,43.5,-14.0,26.0
2023_06_NYG_BUF,2023,6,BUF,NYG,13.4066,48.2615,63.5945,64.3703,127.9648,1.0,0.0,9.7363,0.0,0.6262,-0.6262,0.6262,6.8688,0.0,1.0,1.0,0.0,0.0,0.0,0.2779,0.0,0.0,0.0,15.5,43.5,5.0,23.0
2023_06_DAL_LAC,2023,6,LAC,DAL,-1.9951,46.8322,65.8601,67.4861,133.3461,1.0,0.84,-2.8663,0.0,0.0,0.0,0.0,0.5508,0.0,1.0,1.0,-0.0,-2.0,0.0,1.2269,1.0,0.0,0.0,-1.5,49.5,-3.0,37.0
2023_07_JAX_NO,2023,7,NO,JAX,-1.5345,39.1016,66.2805,66.1073,132.3878,1.0,0.0,-1.141,0.0,0.0,0.0,0.0,-1.7668,0.0,1.0,1.0,-0.0,-1.0,0.0,0.5051,1.0,0.0,0.0,2.5,41.0,-7.0,55.0
2023_07_DET_BAL,2023,7,BAL,DET,-2.8721,42.1578,65.2037,65.966,131.1697,1.0,0.0,-0.6146,0.0,0.0,0.0,0.0,2.6185,0.0,0.0,0.0,-0.0,0.0,0.0,0.3968,0.0,6.0,0.0,3.0,43.5,32.0,44.0
2023_07_LV_CHI,2023,7,CHI,LV,-1.115,48.0161,61.3112,61.5289,122.8401,1.0,0.0,-4.3908,-1.634,-3.1074,1.4734,-4.7414,-3.3668,0.0,0.0,0.0,-0.0,2.0,0.0,1.5262,0.0,0.0,0.0,-2.5,38.5,18.0,42.0
2023_07_CLE_IND,2023,7,IND,CLE,-2.6361,34.3727,62.4035,72.0367,134.4402,1.0,0.0,-3.898,0.0,0.0,0.0,0.0,0.7809,0.0,0.0,0.0,-0.0,0.0,0.0,0.2633,0.0,0.0,0.0,-3.5,40.0,-1.0,77.0
2023_07_BUF_NE,2023,7,NE,BUF,-9.1696,42.8148,62.9376,64.7496,127.6872,1.0,0.0,-9.3057,0.0,0.0,0.0,0.0,-3.1235,1.0,0.0,0.0,-9.1696,0.0,0.0,0.3864,0.0,3.0,0.0,-7.5,41.0,4.0,54.0
2023_07_WAS_NYG,2023,7,NYG,WAS,-4.2516,42.4235,67.0157,64.1981,131.2138,1.0,0.0,-2.1724,0.5121,0.0,0.5121,0.5121,-1.9182,1.0,0.0,0.0,-4.2516,0.0,0.0,0.1981,0.0,4.0,0.0,-3.0,37.0,7.0,21.0
2023_07_ATL_TB,2023,7,TB,ATL,4.2911,40.6478,62.3346,66.4789,128.8135,1.0,0.0,3.3966,0.0,0.0,0.0,0.0,3.0935,1.0,0.0,0.0,4.2911,0.0,0.0,0.4149,0.0,0.0,0.0,3.0,37.5,-3.0,29.0
2023_07_PIT_LA,2023,7,LA,PIT,1.5095,43.3996,65.8276,63.6548,129.4825,1.0,-0.84,-1.0693,0.0,0.0,0.0,0.0,-2.6407,0.0,0.0,0.0,0.0,-3.0,0.0,2.139,1.0,0.0,0.0,3.5,44.0,-7.0,41.0
2023_07_ARI_SEA,2023,7,SEA,ARI,4.876,45.9626,65.5718,68.1107,133.6825,1.0,0.0,5.6015,0.0,0.0,0.0,0.0,2.22,1.0,0.0,0.0,4.876,-1.0,0.0,1.1043,0.0,0.0,0.0,9.5,43.5,10.0,30.0
2023_07_GB_DEN,2023,7,DEN,GB,-3.3956,45.3349,62.0618,63.5825,125.6443,1.0,-0.36,-5.4972,0.0,0.0,0.0,0.0,-5.8886,0.0,0.0,0.0,-0.0,-1.0,0.0,0.927,0.0,0.0,0.0,1.5,44.0,2.0,36.0
2023_07_LAC_KC,2023,7,KC,LAC,7.0423,50.2702,67.0516,65.8961,132.9477,1.0,0.48,7.913,0.0,0.0,0.0,0.0,1.1432,1.0,0.0,0.0,7.0423,2.0,0.0,1.3666,0.0,0.0,0.0,5.5,48.5,14.0,48.0
2023_07_MIA_PHI,2023,7,PHI,MIA,0.4093,55.609,71.5132,61.1419,132.6551,1.0,0.0,3.405,0.0,0.0,0.0,0.0,0.4945,0.0,1.0,1.0,0.0,0.0,0.0,1.0068,0.0,7.0,0.0,3.0,52.0,14.0,48.0
2023_07_SF_MIN,2023,7,MIN,SF,-11.1776,45.1932,63.7301,65.7734,129.5035,1.0,0.0,-7.7069,0.0,0.0,0.0,0.0,-5.1776,0.0,1.0,1.0,-0.0,2.0,0.0,1.5721,1.0,0.0,0.0,-7.0,44.5,5.0,39.0
2023_08_TB_BUF,2023,8,BUF,TB,5.5821,47.0865,65.4064,64.5478,129.9542,1.0,0.0,5.7665,0.0,0.0,0.0,0.0,1.6751,0.0,1.0,1.0,0.0,0.0,0.0,1.0434,0.0,0.0,0.0,10.0,43.0,6.0,42.0
2023_08_HOU_CAR,2023,8,CAR,HOU,-2.7589,42.5849,68.8599,63.1236,131.9834,1.0,0.0,-2.3383,0.0,0.0,0.0,0.0,0.8045,0.0,0.0,0.0,-0.0,1.0,0.0,0.9299,0.0,4.0,0.0,-3.0,43.0,2.0,28.0
2023_08_LA_DAL,2023,8,DAL,LA,3.5518,45.8924,65.4084,64.1285,129.5369,1.0,0.72,5.2731,0.0,0.0,0.0,0.0,1.8059,0.0,0.0,0.0,0.0,2.0,0.0,1.2269,1.0,0.0,0.0,6.5,44.5,23.0,63.0
2023_08_MIN_GB,2023,8,GB,MIN,-2.6205,44.8317,62.7619,64.7676,127.5295,1.0,0.12,-1.5777,0.0,0.0,0.0,0.0,5.0839,1.0,0.0,0.0,-2.6205,0.0,0.0,0.257,0.0,0.0,6.0,-1.0,41.5,-14.0,34.0
2023_08_NO_IND,2023,8,IND,NO,-1.4646,37.9328,65.9436,71.012,136.9556,1.0,-0.36,-2.4291,0.0,0.0,0.0,0.0,2.0367,0.0,0.0,0.0,-0.0,1.0,0.0,0.713,1.0,0.0,0.0,-2.0,43.5,-11.0,65.0
2023_08_NE_MIA,2023,8,MIA,NE,7.1987,47.1741,62.5793,64.7941,127.3735,1.0,0.0,4.0314,0.0,0.0,0.0,0.0,3.1264,1.0,0.0,0.0,7.1987,0.0,0.0,1.2258,0.0,7.0,0.0,7.5,46.5,14.0,48.0
2023_08_NYJ_NYG,2023,8,NYG,NYJ,-3.9439,37.0355,68.8937,60.8128,129.7065,1.0,-0.84,-1.7002,1.124,0.0,1.124,1.124,-1.5714,0.0,0.0,0.0,-0.0,0.0,0.0,0.0,0.0,0.0,0.0,-3.0,35.0,-3.0,23.0
2023_08_JAX_PIT,2023,8,PIT,JAX,-3.7291,37.8272,64.5632,67.393,131.9562,1.0,-0.36,-0.2773,0.0,0.0,0.0,0.0,-1.9688,0.0,0.0,0.0,-0.0,0.0,0.0,0.7054,0.0,0.0,0.0,-2.5,41.0,-10.0,30.0
2023_08_ATL_TEN,2023,8,TEN,ATL,2.0894,44.0878,59.5428,66.405,125.9478,1.0,0.84,0.8168,-3.784,0.0,-3.784,-3.784,-5.0746,0.0,0.0,0.0,0.0,-1.0,0.0,0.2139,0.0,0.0,0.0,-2.5,35.0,5.0,51.0
2023_08_PHI_WAS,2023,8,WAS,PHI,-10.1751,45.1079,62.7524,70.0646,132.817,1.0,0.0,-9.2028,0.0,0.0,0.0,0.0,-6.3871,1.0,0.0,0.0,-10.1751,0.0,0.0,0.1136,0.0,0.0,0.0,-7.0,42.5,-7.0,69.0
2023_08_CLE_SEA,2023,8,SEA,CLE,2.6361,37.194,60.0246,71.9245,131.9492,1.0,0.0,0.4977,0.0,-0.5589,0.5589,-0.5589,0.5035,0.0,0.0,0.0,0.0,-3.0,0.0,2.0203,0.0,0.0,0.0,4.0,39.5,4.0,44.0
2023_08_BAL_ARI,2023,8,ARI,BAL,-9.4424,41.5411,66.7345,65.6581,132.3926,1.0,0.0,-8.8826,0.0,0.0,0.0,0.0,-5.5936,0.0,0.0,0.0,-0.0,-2.0,0.0,2.0081,1.0,0.0,0.0,-9.5,44.5,-7.0,55.0
2023_08_KC_DEN,2023,8,DEN,KC,-13.6368,50.7576,59.8681,67.6135,127.4816,1.0,0.0,-13.5729,0.0,0.0,0.0,0.0,-6.1955,1.0,0.0,0.0,-13.6368,-1.0,0.0,0.5643,0.0,0.0,19.0,-7.0,45.5,15.0,33.0
2023_08_CIN_SF,2023,8,SF,CIN,6.1635,47.5613,63.0732,63.6247,126.6979,1.0,-0.96,3.4056,0.0,0.0,0.0,0.0,-0.2983,0.0,0.0,0.0,0.0,-3.0,0.0,2.0214,0.0,0.0,0.0,4.0,44.0,-14.0,48.0
2023_08_CHI_LAC,2023,8,LAC,CHI,4.5728,49.6601,65.0181,64.1336,129.1518,1.0,0.0,4.396,0.0,-0.1513,0.1513,-0.1513,4.157,0.0,1.0,1.0,0.0,-2.0,0.0,1.7509,1.0,0.0,0.0,9.5,46.0,17.0,43.0
2023_08_LV_DET,2023,8,DET,LV,7.9684,46.5472,65.8683,62.395,128.2633,1.0,0.0,4.7521,0.0,0.0,0.0,0.0,0.0276,0.0,1.0,1.0,0.0,3.0,0.0,1.7625,1.0,0.0,0.0,7.0,46.0,12.0,40.0
2023_09_TEN_PIT,2023,9,PIT,TEN,-0.0597,41.8006,62.9883,63.5139,126.5022,1.0,0.0,1.7602,0.0,0.16,-0.16,0.16,4.259,0.0,1.0,1.0,-0.0,1.0,0.0,0.4705,0.0,0.0,5.0,3.5,37.0,4.0,36.0
2023_09_MIA_KC,2023,9,KC,MIA,1.4943,53.3479,66.19,61.9778,128.1678,0.0,0.0,4.5841,0.0,0.0,0.0,0.0,-2.1189,0.0,0.0,0.0,0.0,0.0,0.0,0.0,0.0,0.0,0.0,1.0,51.0,7.0,35.0
2023_09_MIN_ATL,2023,9,ATL,MIN,-6.557,42.1139,66.7016,64.0016,130.7032,1.0,0.0,-5.2178,1.9525,-3.1998,5.1523,-1.2472,4.3878,0.0,0.0,0.0,-0.0,1.0,0.0,0.9069,0.0,0.0,0.0,3.5,38.5,-3.0,59.0
2023_09_SEA_BAL,2023,9,BAL,SEA,3.8238,43.8408,68.2285,64.5162,132.7447,1.0,0.0,2.2167,0.0,0.0,0.0,0.0,0.7756,0.0,0.0,0.0,0.0,3.0,1.0,2.3283,0.0,0.0,0.0,6.0,44.5,34.0,40.0
2023_09_ARI_CLE,2023,9,CLE,ARI,4.1877,36.8887,70.4835,62.0137,132.4972,1.0,0.0,5.8967,0.0,1.0525,-1.0525,1.0525,1.3898,0.0,0.0,0.0,0.0,2.0,1.0,1.7527,0.0,0.0,0.0,13.0,38.0,27.0,27.0
2023_09_LA_GB,2023,9,GB,LA,-3.6775,47.8899,62.2491,64.6964,126.9456,1.0,0.0,0.1295,0.0,-3.5977,3.5977,-3.5977,3.53,0.0,0.0,0.0,-0.0,2.0,0.0,1.7637,0.0,0.0,0.0,3.5,38.0,17.0,23.0
2023_09_TB_HOU,2023,9,HOU,TB,-1.1343,41.9163,64.7974,67.5116,132.309,1.0,-0.36,-2.4603,0.0,0.0,0.0,0.0,-0.6863,0.0,0.0,0.0,-0.0,-1.0,0.0,0.7898,1.0,0.0,0.0,2.5,39.5,2.0,76.0
2023_09_WAS_NE,2023,9,NE,WAS,1.095,40.7674,62.134,67.9057,130.0397,1.0,0.0,0.1818,0.0,0.0,0.0,0.0,1.2561,0.0,0.0,0.0,0.0,0.0,0.0,0.3672,0.0,0.0,0.0,2.5,40.5,-3.0,37.0
2023_09_CHI_NO,2023,9,NO,CHI,5.6008,45.3688,66.4501,62.3447,128.7948,1.0,0.0,5.1607,0.0,-0.8917,0.8917,-0.8917,3.4723,0.0,0.0,0.0,0.0,0.0,0.0,0.8344,1.0,0.0,0.0,9.0,42.0,7.0,41.0
2023_09_IND_CAR,2023,9,CAR,IND,-2.4195,42.7383,69.2522,65.4469,134.6991,1.0,0.0,-0.5258,0.0,0.0,0.0,0.0,-1.3183,0.0,0.0,0.0,-0.0,0.0,0.0,0.4276,0.0,0.0,0.0,-1.5,45.0,-14.0,40.0
2023_09_NYG_LV,2023,9,LV,NYG,-0.1982,38.7185,60.8233,68.1616,128.9849,1.0,-0.12,0.3305,-3.0158,0.0,-3.0158,-3.0158,0.9188,0.0,0.0,0.0,-0.0,-3.0,0.0,2.2277,1.0,0.0,0.0,1.0,38.5,24.0,36.0
2023_09_DAL_PHI,2023,9,PHI,DAL,0.2759,47.4802,67.605,63.1607,130.7657,1.0,0.0,2.0734,0.0,0.0,0.0,0.0,2.4062,1.0,0.0,0.0,0.2759,1.0,0.0,1.3126,0.0,0.0,0.0,3.5,46.5,5.0,51.0
2023_09_BUF_CIN,2023,9,CIN,BUF,-0.7129,50.4977,63.2413,64.8779,128.1192,1.0,-0.36,-0.7797,0.0,0.0,0.0,0.0,-2.3464,0.0,1.0,1.0,-0.0,0.0,0.0,0.3923,0.0,0.0,0.0,1.5,51.0,6.0,42.0
2023_09_LAC_NYJ,2023,9,NYJ,LAC,-3.9697,40.2831,62.5117,70.1727,132.6844,1.0,0.0,-1.4612,0.0,0.0,0.0,0.0,-0.7654,0.0,1.0,1.0,-0.0,3.0,0.0,2.4495,0.0,0.0,0.0,-3.0,41.0,-21.0,33.0
2023_10_CAR_CHI,2023,10,CHI,CAR,2.4809,43.279,61.0546,65.7026,126.7572,1.0,0.0,0.3752,-0.6691,0.0,-0.6691,-0.6691,-3.0484,0.0,1.0,1.0,0.0,-1.0,0.0,0.586,0.0,0.0,0.0,3.0,38.0,3.0,29.0
2023_10_IND_NE,2023,10,NE,IND,-3.9709,39.7205,64.8999,69.4505,134.3505,0.0,0.0,-0.4264,0.0,0.0,0.0,0.0,-0.1749,0.0,0.0,0.0,-0.0,0.0,0.0,0.0,0.0,0.0,0.0,-1.0,42.0,-4.0,16.0
2023_10_CLE_BAL,2023,10,BAL,CLE,6.2469,32.9775,60.6108,70.177,130.7878,1.0,0.0,4.1581,0.0,0.0,0.0,0.0,3.1135,1.0,0.0,0.0,6.2469,0.0,0.0,0.3083,0.0,0.0,0.0,6.0,38.5,-2.0,64.0
2023_10_HOU_CIN,2023,10,CIN,HOU,6.0562,47.8039,66.1983,63.4473,129.6456,1.0,0.0,8.4499,0.0,0.0,0.0,0.0,1.8895,0.0,0.0,0.0,0.0,1.0,0.0,0.8979,0.0,0.0,0.0,5.5,46.0,-3.0,57.0
2023_10_SF_JAX,2023,10,JAX,SF,-1.2658,45.7798,65.3269,64.7256,130.0525,1.0,0.0,-2.4885,0.0,0.0,0.0,0.0,0.3959,0.0,0.0,0.0,-0.0,3.0,1.0,2.3469,0.0,1.0,0.0,-3.0,44.5,-31.0,37.0
2023_10_NO_MIN,2023,10,MIN,NO,0.6155,42.6897,65.3222,68.11,133.4323,1.0,0.0,2.0718,-3.7566,0.0,-3.7566,-3.7566,-3.1014,0.0,0.0,0.0,0.0,0.0,0.0,1.0523,1.0,0.0,0.0,-3.0,41.0,8.0,46.0
2023_10_GB_PIT,2023,10,PIT,GB,3.1932,42.0454,62.2378,66.0993,128.337,1.0,0.36,1.7407,0.0,0.0,0.0,0.0,-0.9299,0.0,0.0,0.0,0.0,1.0,0.0,0.4963,0.0,0.0,0.0,3.0,38.5,4.0,42.0
2023_10_TEN_TB,2023,10,TB,TEN,-0.5866,48.0955,65.5856,63.5669,129.1525,1.0,-0.36,0.2324,0.0,-0.2234,0.2234,-0.2234,5.8004,0.0,0.0,0.0,-0.0,1.0,0.0,0.6185,0.0,0.0,0.0,2.5,39.5,14.0,26.0
2023_10_ATL_ARI,2023,10,ARI,ATL,-2.0676,38.6437,64.5014,67.1296,131.631,1.0,0.0,-2.5435,1.7619,2.0553,-0.2934,3.8172,-4.7837,0.0,0.0,0.0,-0.0,-2.0,0.0,1.5979,1.0,0.0,0.0,-2.0,43.5,2.0,48.0
2023_10_DET_LAC,2023,10,LAC,DET,-0.482,45.4896,63.1079,70.3913,133.4992,1.0,-0.84,-0.6698,0.0,0.0,0.0,0.0,-1.1924,0.0,0.0,0.0,-0.0,-3.0,0.0,1.9875,1.0,0.0,0.0,-2.5,48.5,-3.0,79.0
2023_10_NYG_DAL,2023,10,DAL,NYG,10.9677,41.2678,64.5782,65.4229,130.0011,1.0,0.0,9.0906,0.0,-2.9415,2.9415,-2.9415,4.1242,1.0,0.0,0.0,10.9677,-1.0,0.0,1.3851,1.0,0.0,0.0,17.5,38.5,32.0,66.0
2023_10_WAS_SEA,2023,10,SEA,WAS,4.1054,46.6503,61.6691,70.9366,132.6057,1.0,0.0,3.5402,0.0,0.0,0.0,0.0,3.4501,0.0,0.0,0.0,0.0,-3.0,0.0,2.3298,0.0,0.0,0.0,6.0,44.0,3.0,55.0
2023_10_NYJ_LV,2023,10,LV,NYJ,-0.1765,33.9093,63.5741,64.3949,127.969,1.0,0.12,-0.1367,-1.9535,0.0,-1.9535,-1.9535,-0.7256,0.0,1.0,1.0,-0.0,-3.0,0.0,2.2277,1.0,0.0,0.0,-1.0,35.5,4.0,28.0
2023_10_DEN_BUF,2023,10,BUF,DEN,6.4648,52.6341,65.1246,61.8835,127.0082,1.0,-0.84,8.1865,0.0,0.0,0.0,0.0,7.026,0.0,1.0,1.0,0.0,2.0,0.0,1.3729,0.0,0.0,0.0,7.5,47.5,-2.0,46.0
2023_11_CIN_BAL,2023,11,BAL,CIN,4.083,42.8847,64.8343,64.93,129.7643,1.0,0.0,-0.0526,0.0,0.0,0.0,0.0,2.5831,1.0,1.0,1.0,4.083,0.0,0.0,0.4228,0.0,0.0,0.0,4.0,46.5,14.0,54.0
2023_11_DAL_CAR,2023,11,CAR,DAL,-12.033,41.4741,64.4311,64.9656,129.3967,1.0,0.36,-11.1297,0.0,0.0,0.0,0.0,-2.8135,0.0,0.0,0.0,-0.0,1.0,0.0,0.945,0.0,0.0,0.0,-11.0,43.0,-23.0,43.0
2023_11_PIT_CLE,2023,11,CLE,PIT,0.8157,36.2477,73.5365,57.2669,130.8033,1.0,0.0,0.098,-2.2527,0.0,-2.2527,-2.2527,-0.2639,1.0,0.0,0.0,0.8157,0.0,0.0,0.1143,0.0,1.0,0.0,2.5,34.0,3.0,23.0
2023_11_CHI_DET,2023,11,DET,CHI,7.4972,47.5902,65.914,62.7411,128.6551,1.0,-0.36,8.1407,0.0,0.0,0.0,0.0,3.0546,1.0,0.0,0.0,7.4972,1.0,0.0,0.2366,1.0,0.0,0.0,8.0,48.0,5.0,57.0
2023_11_LAC_GB,2023,11,GB,LAC,-4.6445,50.3544,65.5821,66.1752,131.7573,1.0,0.0,-2.3104,0.0,0.0,0.0,0.0,2.6499,0.0,0.0,0.0,-0.0,2.0,0.0,1.7637,0.0,0.0,0.0,-3.0,44.0,3.0,43.0
2023_11_ARI_HOU,2023,11,HOU,ARI,7.1395,44.8963,66.5779,66.333,132.911,1.0,0.0,3.4769,0.0,0.7813,-0.7813,0.7813,2.9699,0.0,0.0,0.0,0.0,1.0,0.0,1.0253,1.0,0.0,0.0,5.5,48.0,5.0,37.0
2023_11_TEN_JAX,2023,11,JAX,TEN,3.9669,41.9575,65.3392,64.2851,129.6243,1.0,0.0,4.217,0.0,-1.2735,1.2735,-1.2735,7.6506,1.0,0.0,0.0,3.9669,1.0,0.0,0.5008,0.0,0.0,0.0,6.5,40.0,20.0,48.0
2023_11_LV_MIA,2023,11,MIA,LV,6.5373,46.1835,63.7438,61.7439,125.4878,1.0,0.84,3.5618,0.0,-2.8443,2.8443,-2.8443,5.0008,0.0,0.0,0.0,0.0,3.0,1.0,2.1707,0.0,0.0,0.0,14.0,44.5,7.0,33.0
2023_11_NYG_WAS,2023,11,WAS,NYG,3.9537,40.5533,66.3513,67.0269,133.3782,1.0,0.0,2.4185,0.0,-3.5863,3.5863,-3.5863,1.4092,1.0,0.0,0.0,3.9537,0.0,0.0,0.1981,0.0,0.0,0.0,7.5,39.0,-12.0,50.0
2023_11_TB_SF,2023,11,SF,TB,7.6364,48.3785,62.7404,63.7084,126.4487,1.0,0.0,7.1987,0.0,0.0,0.0,0.0,0.0162,0.0,0.0,0.0,0.0,-3.0,0.0,2.367,0.0,0.0,0.0,13.5,41.5,13.0,41.0
2023_11_NYJ_BUF,2023,11,BUF,NYJ,4.3785,39.4324,64.9651,64.1516,129.1168,1.0,-0.12,6.9731,0.0,0.0,0.0,0.0,3.3274,1.0,0.0,0.0,4.3785,0.0,0.0,0.2779,0.0,0.0,5.0,8.0,39.5,26.0,38.0
2023_11_SEA_LA,2023,11,LA,SEA,-1.2415,45.6379,66.6083,63.085,129.6933,1.0,0.84,-4.1392,0.0,0.0,0.0,0.0,-1.6389,1.0,0.0,0.0,-1.2415,0.0,0.0,0.9651,1.0,0.0,0.0,2.5,45.0,1.0,33.0
2023_11_MIN_DEN,2023,11,DEN,MIN,-5.4876,45.4668,63.951,65.9984,129.9494,1.0,-0.12,-5.8185,0.0,-3.0157,3.0157,-3.0157,-0.8281,0.0,1.0,1.0,-0.0,-1.0,0.0,0.6999,0.0,0.0,0.0,2.5,43.5,1.0,41.0
2023_11_PHI_KC,2023,11,KC,PHI,1.3179,50.223,63.668,66.7356,130.4036,1.0,0.0,0.1084,0.0,0.0,0.0,0.0,-0.7994,0.0,1.0,1.0,0.0,-1.0,0.0,1.0299,0.0,2.0,0.0,2.5,46.0,-4.0,38.0
2023_12_GB_DET,2023,12,DET,GB,4.0903,48.4852,66.5978,63.8222,130.42,1.0,0.0,3.8278,0.0,0.0,0.0,0.0,-0.9563,1.0,0.0,0.0,4.0903,1.0,0.0,0.2927,1.0,0.0,0.0,8.5,47.0,-7.0,51.0
2023_12_WAS_DAL,2023,12,DAL,WAS,11.3856,47.9649,67.5096,65.3552,132.8648,1.0,0.0,9.2753,0.0,0.0,0.0,0.0,3.7852,1.0,0.0,0.0,11.3856,-1.0,0.0,1.2074,1.0,0.0,0.0,13.0,48.0,35.0,55.0
2023_12_SF_SEA,2023,12,SEA,SF,-8.8209,50.3532,62.5718,64.3692,126.941,1.0,0.0,-6.105,0.0,0.0,0.0,0.0,-0.8398,1.0,1.0,1.0,-8.8209,0.0,0.0,0.7045,0.0,0.0,6.0,-7.0,43.5,-18.0,44.0
2023_12_MIA_NYJ,2023,12,NYJ,MIA,-7.4865,37.5926,62.8157,65.9391,128.7549,1.0,0.0,-5.6072,1.6066,0.0,1.6066,1.6066,-4.062,1.0,0.0,0.0,-7.4865,0.0,0.0,1.0856,0.0,1.0,0.0,-9.5,40.0,-21.0,47.0
2023_12_NO_ATL,2023,12,ATL,NO,-4.3574,40.8756,66.6432,66.5004,133.1436,1.0,0.0,-3.7785,0.0,0.0,0.0,0.0,0.7349,1.0,0.0,0.0,-4.3574,1.0,0.0,0.4244,1.0,0.0,0.0,-2.0,42.0,9.0,39.0
2023_12_PIT_CIN,2023,12,CIN,PIT,1.8871,45.5748,66.8598,62.2425,129.1023,1.0,0.36,2.6917,-3.7584,0.0,-3.7584,-3.7584,0.5207,1.0,0.0,0.0,1.8871,0.0,0.0,0.2566,0.0,0.0,0.0,-2.0,36.0,-6.0,26.0
2023_12_JAX_HOU,2023,12,HOU,JAX,-3.0365,43.6142,64.3896,66.7256,131.1152,1.0,0.0,-4.0428,0.0,0.0,0.0,0.0,-1.0558,1.0,0.0,0.0,-3.0365,-1.0,0.0,0.8248,1.0,0.0,0.0,-1.0,48.0,-3.0,45.0
2023_12_TB_IND,2023,12,IND,TB,-0.3513,44.175,65.8676,68.3693,134.2369,1.0,0.84,-1.6192,0.0,0.0,0.0,0.0,0.1231,0.0,0.0,0.0,-0.0,0.0,0.0,0.8407,1.0,0.0,0.0,2.5,45.0,7.0,47.0
2023_12_NE_NYG,2023,12,NYG,NE,-2.4549,35.9154,66.1888,63.9813,130.1701,1.0,-0.84,0.165,-2.6436,0.0,-2.6436,-2.6436,-3.1302,0.0,0.0,0.0,-0.0,0.0,0.0,0.1702,0.0,0.0,2.0,-4.5,36.5,3.0,17.0
2023_12_CAR_TEN,2023,12,TEN,CAR,3.9591,43.6532,59.3634,66.3888,125.7521,1.0,0.0,3.6568,-0.7596,0.0,-0.7596,-0.7596,-3.5899,0.0,0.0,0.0,0.0,-1.0,0.0,0.3384,0.0,3.0,0.0,3.5,36.0,7.0,27.0
2023_12_LA_ARI,2023,12,ARI,LA,-4.429,40.4694,63.9938,65.283,129.2768,1.0,0.0,-3.5828,0.4423,0.0,0.4423,0.4423,-2.4674,1.0,0.0,0.0,-4.429,1.0,0.0,0.3503,1.0,0.0,0.0,-3.0,45.0,-23.0,51.0
2023_12_CLE_DEN,2023,12,DEN,CLE,-2.6377,37.9239,56.8288,71.3461,128.1749,1.0,0.0,-4.4901,0.0,-2.5879,2.5879,-2.5879,-2.4993,0.0,0.0,0.0,-0.0,-2.0,0.0,1.2253,0.0,0.0,5.0,1.5,37.5,17.0,41.0
2023_12_KC_LV,2023,12,LV,KC,-9.3057,40.2344,59.9116,67.0493,126.9608,1.0,0.12,-9.0215,0.0,0.0,0.0,0.0,-3.1875,1.0,0.0,0.0,-9.3057,-2.0,0.0,1.1493,1.0,0.0,0.0,-9.0,42.5,-14.0,48.0
2023_12_BUF_PHI,2023,12,PHI,BUF,3.5885,53.0239,66.0308,64.4653,130.4961,1.0,-0.12,3.306,0.0,0.0,0.0,0.0,-1.1434,0.0,0.0,0.0,0.0,0.0,0.0,0.2732,0.0,0.0,0.0,2.5,49.0,3.0,71.0
2023_12_BAL_LAC,2023,12,LAC,BAL,-5.112,49.1507,66.5216,67.0212,133.5428,1.0,-0.36,-5.0105,0.0,0.0,0.0,0.0,-3.7117,0.0,1.0,1.0,-0.0,-3.0,0.0,2.322,1.0,0.0,0.0,-3.0,49.0,-10.0,30.0
2023_12_CHI_MIN,2023,12,MIN,CHI,6.0335,44.2042,65.3056,65.0058,130.3114,1.0,0.0,8.1525,-2.7888,0.0,-2.7888,-2.7888,-0.7952,1.0,1.0,1.0,6.0335,0.0,0.0,0.3553,1.0,0.0,0.0,3.0,43.5,-2.0,22.0
2023_13_SEA_DAL,2023,13,DAL,SEA,9.2137,48.4086,68.1451,61.7112,129.8563,1.0,0.0,5.3297,0.0,0.0,0.0,0.0,2.9381,0.0,1.0,1.0,0.0,2.0,0.0,1.6688,1.0,0.0,0.0,9.5,47.5,6.0,76.0
2023_13_DEN_HOU,2023,13,HOU,DEN,0.8734,48.7906,66.0241,64.0329,130.057,1.0,0.0,-1.1181,0.0,0.0,0.0,0.0,2.3246,0.0,0.0,0.0,0.0,1.0,0.0,0.8826,1.0,0.0,0.0,3.5,47.5,5.0,39.0
2023_13_LAC_NE,2023,13,NE,LAC,-4.3834,45.0796,65.7588,65.9138,131.6726,1.0,0.0,-4.5529,1.0253,0.0,1.0253,1.0253,0.4808,0.0,0.0,0.0,-0.0,3.0,1.0,2.5896,0.0,0.0,1.0,-4.5,38.5,-6.0,6.0
2023_13_DET_NO,2023,13,NO,DET,-1.1281,46.4024,65.7725,68.0348,133.8073,1.0,-0.36,-3.4428,0.0,0.0,0.0,0.0,0.6796,0.0,0.0,0.0,-0.0,-1.0,0.0,0.9409,1.0,0.0,0.0,-4.0,47.5,-5.0,61.0
2023_13_ATL_NYJ,2023,13,NYJ,ATL,-1.5439,31.5606,62.9883,68.3775,131.3658,1.0,0.24,-1.2053,-0.0269,0.0,-0.0269,-0.0269,-1.4066,0.0,0.0,0.0,-0.0,0.0,0.0,0.7475,0.0,0.0,0.0,-2.0,33.0,-5.0,21.0
2023_13_ARI_PIT,2023,13,PIT,ARI,8.8004,40.3517,63.9057,65.6034,129.5091,1.0,0.0,9.1492,0.0,0.7763,-0.7763,0.7763,2.7544,0.0,0.0,0.0,0.0,2.0,1.0,1.8317,0.0,2.0,0.0,6.0,41.0,-14.0,34.0
2023_13_IND_TEN,2023,13,TEN,IND,-3.2501,45.646,61.6852,67.9451,129.6303,1.0,0.0,-1.0568,0.0,0.0,0.0,0.0,-7.6047,1.0,0.0,0.0,-3.2501,-1.0,0.0,0.2505,0.0,3.0,0.0,-1.5,42.0,-3.0,59.0
2023_13_MIA_WAS,2023,13,WAS,MIA,-10.466,48.047,67.4496,63.5245,130.9741,1.0,0.12,-7.7092,0.0,0.0,0.0,0.0,-6.6269,0.0,0.0,0.0,-0.0,0.0,0.0,0.916,0.0,0.0,0.0,-8.5,50.0,-30.0,60.0
2023_13_CAR_TB,2023,13,TB,CAR,5.281,42.9299,62.2789,67.0271,129.306,1.0,0.0,5.6701,0.0,0.0,0.0,0.0,2.6606,1.0,0.0,0.0,5.281,0.0,0.0,0.5103,0.0,0.0,0.0,4.0,37.0,3.0,39.0
2023_13_CLE_LA,2023,13,LA,CLE,0.5546,37.4139,59.2248,70.9612,130.186,1.0,0.0,-2.1729,0.0,-0.1574,0.1574,-0.1574,-0.2331,0.0,0.0,0.0,0.0,-3.0,0.0,2.0526,1.0,0.0,0.0,3.5,39.5,17.0,55.0
2023_13_SF_PHI,2023,13,PHI,SF,-4.4837,51.9667,64.9248,64.7765,129.7013,1.0,-0.36,0.4893,0.0,0.0,0.0,0.0,1.032,0.0,0.0,0.0,-0.0,3.0,0.0,2.5025,0.0,34.0,0.0,-3.0,46.5,-23.0,61.0
2023_13_KC_GB,2023,13,GB,KC,-5.2482,47.5847,61.1528,66.772,127.9249,1.0,0.36,-6.744,0.0,0.0,0.0,0.0,-0.3456,0.0,1.0,1.0,-0.0,0.0,0.0,0.5011,0.0,0.0,14.0,-5.5,43.5,8.0,46.0
2023_13_CIN_JAX,2023,13,JAX,CIN,2.8776,45.06,66.8093,60.5083,127.3176,1.0,0.0,0.0012,0.0,-3.8443,3.8443,-3.8443,2.0436,0.0,1.0,1.0,0.0,0.0,0.0,0.6277,0.0,0.0,0.0,10.0,41.0,-3.0,65.0
2023_14_NE_PIT,2023,14,PIT,NE,4.1396,35.7125,61.9035,64.097,126.0005,1.0,0.0,5.7006,1.3652,0.0759,1.2893,1.4411,1.3478,0.0,1.0,1.0,0.0,0.0,0.0,0.4683,0.0,0.0,3.0,6.0,30.0,-3.0,39.0
2023_14_TB_ATL,2023,14,ATL,TB,-1.1561,40.6741,67.0883,64.7575,131.8458,1.0,0.0,-0.7536,0.0,0.0,0.0,0.0,-0.5731,1.0,0.0,0.0,-1.1561,0.0,0.0,0.4149,1.0,0.0,0.0,1.5,41.5,-4.0,54.0
2023_14_LA_BAL,2023,14,BAL,LA,4.9224,41.019,65.8929,64.8327,130.7256,1.0,0.84,6.5052,0.0,0.0,0.0,0.0,2.677,0.0,0.0,0.0,0.0,3.0,1.0,2.322,0.0,0.0,0.0,7.5,42.0,6.0,68.0
2023_14_DET_CHI,2023,14,CHI,DET,-4.2133,44.6899,63.9913,64.5227,128.514,1.0,0.72,-7.5501,0.0,0.0,0.0,0.0,-0.4122,1.0,0.0,0.0,-4.2133,-1.0,0.0,0.2366,0.0,2.0,9.0,-3.0,44.5,15.0,41.0
2023_14_IND_CIN,2023,14,CIN,IND,1.2076,47.9295,66.3879,67.3124,133.7002,1.0,-0.12,4.5182,-1.2286,0.0,-1.2286,-1.2286,-2.6981,0.0,0.0,0.0,0.0,0.0,0.0,0.0992,0.0,0.0,5.0,3.0,45.0,20.0,48.0
2023_14_JAX_CLE,2023,14,CLE,JAX,-3.7721,37.9317,69.9431,61.4924,131.4355,1.0,0.12,-2.6126,-0.4992,0.0,-0.4992,-0.4992,-1.4994,0.0,0.0,0.0,-0.0,0.0,0.0,0.7727,0.0,1.0,6.0,2.5,37.5,4.0,58.0
2023_14_CAR_NO,2023,14,NO,CAR,5.0814,40.3516,64.3334,65.6971,130.0305,1.0,0.0,5.8073,0.0,0.0,0.0,0.0,1.7997,1.0,0.0,0.0,5.0814,-1.0,0.0,0.6487,1.0,0.0,0.0,5.5,39.0,22.0,34.0
2023_14_HOU_NYJ,2023,14,NYJ,HOU,-6.1228,34.2927,64.3108,67.3522,131.663,1.0,0.0,-3.4454,0.0,0.0,0.0,0.0,-1.5038,0.0,0.0,0.0,-0.0,1.0,0.0,1.4226,0.0,0.0,0.0,-3.5,33.5,24.0,36.0
2023_14_MIN_LV,2023,14,LV,MIN,-4.7923,39.5988,61.3606,66.3887,127.7494,1.0,0.12,-4.9192,0.0,-3.7972,3.7972,-3.7972,1.2575,0.0,0.0,0.0,-0.0,-2.0,0.0,1.2989,1.0,0.0,0.0,-3.0,40.5,-3.0,3.0
2023_14_SEA_SF,2023,14,SF,SEA,11.5536,51.7672,65.4399,62.4096,127.8495,1.0,-0.36,9.4598,0.0,-2.713,2.713,-2.713,1.7757,1.0,0.0,0.0,11.5536,0.0,0.0,0.7045,0.0,0.0,0.0,14.5,44.5,12.0,44.0
2023_14_BUF_KC,2023,14,KC,BUF,1.5183,52.8193,64.8969,64.2765,129.1734,1.0,-0.84,1.7306,0.0,0.0,0.0,0.0,-1.8969,0.0,0.0,0.0,0.0,-1.0,0.0,0.8576,0.0,0.0,0.0,2.0,49.5,-3.0,37.0
2023_14_DEN_LAC,2023,14,LAC,DEN,2.4563,46.2969,66.2502,63.9934,130.2436,1.0,0.0,2.1913,0.0,0.0,0.0,0.0,2.3706,1.0,0.0,0.0,2.4563,-1.0,0.0,0.8369,1.0,0.0,0.0,3.0,45.0,-17.0,31.0
2023_14_PHI_DAL,2023,14,DAL,PHI,3.2134,55.9128,69.477,65.9997,135.4767,1.0,0.36,-0.9876,0.0,0.0,0.0,0.0,0.5612,1.0,1.0,1.0,3.2134,-1.0,0.0,1.3126,1.0,0.0,0.0,3.5,52.5,20.0,46.0
2023_14_TEN_MIA,2023,14,MIA,TEN,8.9524,49.1635,65.4326,60.0852,125.5178,1.0,0.0,7.2189,0.0,0.0,0.0,0.0,11.294,0.0,1.0,1.0,0.0,1.0,0.0,0.8039,0.0,0.0,0.0,14.0,45.0,-1.0,55.0
2023_14_GB_NYG,2023,14,NYG,GB,-8.2571,40.1282,65.0514,64.8557,129.9071,1.0,0.84,-5.1843,-2.5416,0.0,-2.5416,-2.5416,-6.1833,0.0,1.0,1.0,-0.0,1.0,0.0,0.7539,0.0,4.0,6.0,-6.0,37.5,2.0,46.0
2023_15_LAC_LV,2023,15,LV,LAC,-2.9024,39.361,62.6338,66.3347,128.9686,1.0,0.0,-2.2786,0.0,-3.3345,3.3345,-3.3345,0.066,1.0,1.0,1.0,-2.9024,0.0,0.0,0.2317,1.0,0.0,0.0,3.0,36.0,42.0,84.0
2023_15_MIN_CIN,2023,15,CIN,MIN,-1.0466,44.6383,61.3474,66.8684,128.2159,1.0,0.0,1.5307,-0.5782,-1.3561,0.7779,-1.9342,2.9629,0.0,0.0,0.0,-0.0,1.0,0.0,0.6045,0.0,0.0,0.0,3.0,41.5,3.0,51.0
2023_15_PIT_IND,2023,15,IND,PIT,0.517,40.8594,66.132,65.6894,131.8214,1.0,-0.36,-1.4651,0.0,0.1984,-0.1984,0.1984,3.2481,0.0,0.0,0.0,0.0,0.0,0.0,0.3283,1.0,0.0,0.0,1.5,41.5,17.0,43.0
2023_15_DEN_DET,2023,15,DET,DEN,0.9544,44.9186,67.9073,61.3396,129.2469,1.0,0.0,1.6438,0.0,0.0,0.0,0.0,1.2582,0.0,1.0,1.0,0.0,2.0,0.0,1.1558,1.0,0.0,0.0,5.5,49.0,25.0,59.0
2023_15_ATL_CAR,2023,15,CAR,ATL,-5.5195,35.8315,68.5688,62.4592,131.0279,1.0,0.0,-5.3654,0.0,0.0,0.0,0.0,-2.1283,1.0,0.0,0.0,-5.5195,0.0,0.0,0.2261,0.0,1.0,0.0,-3.0,32.0,2.0,16.0
2023_15_CHI_CLE,2023,15,CLE,CHI,0.5747,36.9924,68.3333,61.802,130.1352,1.0,0.0,3.5536,-0.7324,0.0,-0.7324,-0.7324,2.3505,0.0,0.0,0.0,0.0,1.0,0.0,0.3063,0.0,5.0,0.0,3.0,38.0,3.0,37.0
2023_15_TB_GB,2023,15,GB,TB,2.5614,49.6533,65.2203,65.0926,130.3129,1.0,-0.12,1.8979,0.0,0.0,0.0,0.0,0.4637,0.0,0.0,0.0,0.0,-1.0,0.0,1.1824,0.0,0.0,3.0,4.0,41.5,-14.0,54.0
2023_15_NYJ_MIA,2023,15,MIA,NYJ,8.7237,35.3282,65.793,62.2323,128.0254,1.0,-0.12,6.9749,0.0,0.0,0.0,0.0,6.0203,1.0,0.0,0.0,8.7237,0.0,0.0,1.0856,0.0,5.0,0.0,7.5,36.0,30.0,30.0
2023_15_KC_NE,2023,15,NE,KC,-5.9834,42.2246,61.5328,65.0865,126.6193,1.0,0.36,-9.9712,0.6221,0.0,0.6221,0.6221,-2.7824,0.0,0.0,0.0,-0.0,1.0,0.0,1.2328,0.0,0.0,0.0,-10.0,39.5,-10.0,44.0
2023_15_NYG_NO,2023,15,NO,NYG,3.078,35.85,67.0058,63.2938,130.2996,1.0,0.12,1.7497,0.0,0.0,0.0,0.0,2.7169,0.0,0.0,0.0,0.0,-1.0,0.0,1.1699,1.0,0.0,0.0,6.0,39.5,18.0,30.0
2023_15_HOU_TEN,2023,15,TEN,HOU,-1.2104,48.6505,63.602,66.2991,129.9011,1.0,-0.12,-0.0474,0.0,-3.6865,3.6865,-3.6865,-5.9967,1.0,0.0,0.0,-1.2104,0.0,0.0,0.6715,0.0,0.0,0.0,3.0,38.0,-3.0,35.0
2023_15_SF_ARI,2023,15,ARI,SF,-15.2494,48.3822,63.3526,61.809,125.1616,1.0,0.84,-15.1707,1.5951,0.0,1.5951,1.5951,-2.9976,1.0,0.0,0.0,-15.2494,1.0,0.0,0.608,0.0,0.0,0.0,-12.5,48.0,-16.0,74.0
2023_15_WAS_LA,2023,15,LA,WAS,8.291,48.827,64.3391,68.3358,132.6749,1.0,-0.84,4.7727,0.0,0.0,0.0,0.0,1.3415,0.0,0.0,0.0,0.0,-3.0,0.0,2.311,1.0,0.0,0.0,6.5,48.5,8.0,48.0
2023_15_DAL_BUF,2023,15,BUF,DAL,-3.7458,54.6557,65.7681,68.2824,134.0505,1.0,0.0,-2.0818,0.0,0.0,0.0,0.0,0.5163,0.0,0.0,0.0,-0.0,1.0,0.0,1.2123,0.0,0.0,0.0,2.0,49.5,21.0,41.0
2023_15_BAL_JAX,2023,15,JAX,BAL,-4.5195,42.5011,68.6352,65.6616,134.2968,1.0,0.0,-5.1331,0.0,0.0,0.0,0.0,-3.4989,0.0,1.0,1.0,-0.0,0.0,0.0,0.6807,0.0,3.0,0.0,-4.0,42.5,-16.0,30.0
2023_15_PHI_SEA,2023,15,SEA,PHI,-3.7908,53.601,65.7544,68.1465,133.9009,1.0,0.0,-6.2473,-2.7261,0.0,-2.7261,-2.7261,-0.9242,0.0,1.0,1.0,-0.0,-3.0,0.0,2.375,0.0,0.0,0.0,-5.0,46.0,3.0,37.0
2023_16_NO_LA,2023,16,LA,NO,2.4193,43.5037,66.038,65.8893,131.9273,1.0,0.0,0.3303,0.0,0.0,0.0,0.0,-1.1226,0.0,1.0,1.0,0.0,-2.0,0.0,1.6742,1.0,0.0,0.0,4.0,45.5,8.0,52.0
2023_16_CIN_PIT,2023,16,PIT,CIN,-4.2025,46.835,63.1459,63.2033,126.3492,1.0,0.0,-5.948,-0.4006,0.1629,-0.5636,-0.2377,-0.8892,1.0,0.0,0.0,-4.2025,0.0,0.0,0.2566,0.0,0.0,0.0,-3.0,39.5,23.0,45.0
2023_16_BUF_LAC,2023,16,LAC,BUF,-8.1263,48.6987,64.4903,68.5767,133.067,1.0,0.36,-8.8171,-4.0463,0.0,-4.0463,-4.0463,-3.3951,0.0,1.0,1.0,-0.0,-3.0,0.0,2.2057,1.0,0.0,0.0,-13.0,44.5,-2.0,46.0
2023_16_IND_ATL,2023,16,ATL,IND,-3.7535,40.309,67.1431,66.5571,133.7002,1.0,-0.12,-2.7913,1.2584,0.0,1.2584,1.2584,-2.574,0.0,0.0,0.0,-0.0,0.0,0.0,0.4262,1.0,0.0,0.0,3.0,44.0,19.0,39.0
2023_16_GB_CAR,2023,16,CAR,GB,-5.0139,44.2699,67.6397,59.0999,126.7396,1.0,0.0,-7.5381,0.0,0.0,0.0,0.0,-3.405,0.0,0.0,0.0,-0.0,1.0,0.0,0.7456,0.0,0.0,0.0,-3.5,39.5,-3.0,63.0
2023_16_CLE_HOU,2023,16,HOU,CLE,-0.8482,35.9989,62.6643,71.3688,134.0331,1.0,0.0,-2.8692,-3.6577,0.0,-3.6577,-3.6577,-0.0095,0.0,0.0,0.0,-0.0,-1.0,0.0,1.12,1.0,0.0,0.0,-3.0,40.0,-14.0,58.0
2023_16_DET_MIN,2023,16,MIN,DET,-0.1265,44.7239,65.6413,65.8353,131.4766,1.0,0.0,-0.1862,0.0328,0.0,0.0328,0.0328,-3.2256,1.0,0.0,0.0,-0.1265,-1.0,0.0,0.5415,1.0,0.0,0.0,-2.5,47.5,-6.0,54.0
2023_16_WAS_NYJ,2023,16,NYJ,WAS,2.8305,34.1211,63.4186,67.3671,130.7857,1.0,0.0,1.7516,1.6414,0.0,1.6414,1.6414,-0.2217,0.0,0.0,0.0,0.0,0.0,0.0,0.1981,0.0,0.0,0.0,3.0,36.5,2.0,58.0
2023_16_SEA_TEN,2023,16,TEN,SEA,-0.9568,49.6257,65.2846,65.3017,130.5864,1.0,0.12,-3.7956,-0.3341,0.0,-0.3341,-0.3341,-5.6609,0.0,0.0,0.0,-0.0,2.0,0.0,1.9707,0.0,0.0,0.0,-3.0,42.0,-3.0,37.0
2023_16_JAX_TB,2023,16,TB,JAX,-0.8121,47.1224,64.8345,67.5264,132.3609,1.0,0.0,-0.1818,0.0,0.0,0.0,0.0,-0.7644,0.0,0.0,0.0,-0.0,0.0,0.0,0.1704,0.0,1.0,0.0,-2.0,43.0,18.0,42.0
2023_16_ARI_CHI,2023,16,CHI,ARI,6.8657,40.706,65.7957,63.798,129.5937,1.0,0.0,2.1371,0.0,0.0,0.0,0.0,0.9683,0.0,0.0,0.0,0.0,1.0,0.0,1.4588,0.0,0.0,0.0,4.5,42.0,11.0,43.0
2023_16_DAL_MIA,2023,16,MIA,DAL,1.6464,51.2125,62.806,65.8066,128.6127,1.0,0.0,-1.7967,0.0,0.0,0.0,0.0,3.6121,0.0,0.0,0.0,0.0,1.0,0.0,1.1165,0.0,5.0,0.0,1.5,48.5,2.0,42.0
2023_16_NE_DEN,2023,16,DEN,NE,2.0732,37.4085,61.9705,63.2177,125.1882,1.0,0.12,3.6324,0.0,-0.168,0.168,-0.168,-0.4079,0.0,1.0,1.0,0.0,-2.0,0.0,1.7585,0.0,0.0,17.0,7.0,37.5,-3.0,49.0
2023_16_LV_KC,2023,16,KC,LV,5.8712,42.4958,65.956,59.2845,125.2405,1.0,-0.36,7.5065,0.0,0.0,0.0,0.0,2.1314,1.0,0.0,0.0,5.8712,2.0,0.0,1.1493,0.0,1.0,7.0,11.0,40.5,-6.0,34.0
2023_16_NYG_PHI,2023,16,PHI,NYG,8.8018,44.2236,66.5961,65.2593,131.8554,1.0,-0.12,9.007,0.0,0.0,0.0,0.0,5.6797,1.0,0.0,0.0,8.8018,0.0,0.0,0.0854,0.0,0.0,0.0,14.0,41.0,8.0,58.0
2023_16_BAL_SF,2023,16,SF,BAL,4.6841,50.1622,61.596,65.5632,127.1592,1.0,0.0,2.4314,0.0,0.0,0.0,0.0,-1.0031,0.0,1.0,1.0,0.0,-3.0,0.0,2.4352,0.0,0.0,0.0,6.5,47.5,-14.0,52.0
2023_17_NYJ_CLE,2023,17,CLE,NYJ,5.8498,23.7573,71.2459,63.7287,134.9745,1.0,0.0,5.2768,0.0,0.6587,-0.6587,0.6587,2.4662,0.0,1.0,1.0,0.0,0.0,0.0,0.3994,0.0,0.0,0.0,6.5,33.5,17.0,57.0
2023_17_DET_DAL,2023,17,DAL,DET,1.6518,54.7903,65.3782,66.0156,131.3938,1.0,0.0,2.2719,0.0,0.0,0.0,0.0,-0.3176,0.0,1.0,1.0,0.0,-1.0,0.0,1.0133,1.0,0.0,0.0,5.5,53.0,1.0,39.0
2023_17_MIA_BAL,2023,17,BAL,MIA,1.3117,43.9517,64.3797,65.4001,129.7797,1.0,-0.12,4.2695,0.0,0.0,0.0,0.0,-4.007,0.0,0.0,0.0,0.0,0.0,0.0,0.9439,0.0,0.0,0.0,3.0,47.0,37.0,75.0
2023_17_NE_BUF,2023,17,BUF,NE,7.0321,42.345,65.5786,61.3254,126.9039,1.0,0.12,10.7375,0.0,0.2998,-0.2998,0.2998,3.0892,1.0,0.0,0.0,7.0321,0.0,0.0,0.3864,0.0,0.0,10.0,15.0,40.0,6.0,48.0
2023_17_ATL_CHI,2023,17,CHI,ATL,2.5176,37.3564,67.2171,63.1026,130.3196,1.0,0.0,-0.781,0.0,1.8794,-1.8794,1.8794,-2.5303,0.0,0.0,0.0,0.0,-1.0,0.0,0.5869,0.0,0.0,13.0,3.0,39.0,20.0,54.0
2023_17_TEN_HOU,2023,17,HOU,TEN,-0.9521,46.7452,68.4336,64.6432,133.0768,1.0,0.0,0.7441,0.0,0.0,0.0,0.0,8.3285,1.0,0.0,0.0,-0.9521,0.0,0.0,0.6715,1.0,0.0,0.0,5.0,44.0,23.0,29.0
2023_17_LV_IND,2023,17,IND,LV,0.1764,38.4471,68.127,61.9012,130.0283,1.0,0.12,-1.402,0.0,0.0,0.0,0.0,2.1737,0.0,0.0,0.0,0.0,3.0,1.0,1.5947,1.0,0.0,0.0,3.5,42.5,3.0,43.0
2023_17_CAR_JAX,2023,17,JAX,CAR,6.0987,40.139,62.3101,68.2241,130.5342,1.0,0.0,7.6882,-3.8192,0.0,-3.8192,-3.8192,4.4402,0.0,0.0,0.0,0.0,0.0,0.0,0.3418,0.0,0.0,0.0,3.5,38.0,26.0,26.0
2023_17_LA_NYG,2023,17,NYG,LA,-11.4055,40.8294,62.5389,67.735,130.2739,1.0,-0.48,-4.834,3.4621,0.0,3.4621,3.4621,-3.1035,0.0,0.0,0.0,-0.0,3.0,1.0,2.4495,0.0,0.0,4.0,-6.0,43.5,-1.0,51.0
2023_17_ARI_PHI,2023,17,PHI,ARI,10.1599,51.3361,66.7373,66.6178,133.3551,1.0,-0.12,11.872,0.0,0.0,0.0,0.0,4.7329,0.0,0.0,0.0,0.0,2.0,1.0,2.0857,0.0,0.0,0.0,12.0,48.0,-4.0,66.0
2023_17_NO_TB,2023,17,TB,NO,2.9554,44.6681,65.1546,65.1537,130.3083,1.0,-0.36,2.694,0.0,0.0,0.0,0.0,0.2479,1.0,0.0,0.0,2.9554,1.0,0.0,0.4779,0.0,0.0,0.0,2.5,42.5,-10.0,36.0
2023_17_SF_WAS,2023,17,WAS,SF,-15.8715,50.7264,65.9022,63.4763,129.3786,1.0,0.12,-14.668,0.0,0.0,0.0,0.0,-1.8786,0.0,0.0,0.0,-0.0,3.0,1.0,2.4278,0.0,0.0,0.0,-14.0,49.0,-17.0,37.0
2023_17_PIT_SEA,2023,17,SEA,PIT,0.3039,45.4188,62.461,64.5427,127.0037,1.0,-0.12,0.6048,0.0,1.3572,-1.3572,1.3572,1.1486,0.0,0.0,0.0,0.0,-3.0,0.0,2.1317,0.0,0.0,0.0,4.5,40.5,-7.0,53.0
2023_17_LAC_DEN,2023,17,DEN,LAC,0.9203,41.2059,63.2541,66.083,129.3371,1.0,-0.12,0.7134,0.5874,-3.8191,4.4065,-3.2316,-0.7348,1.0,0.0,0.0,0.9203,1.0,0.0,0.8369,0.0,0.0,4.0,3.5,39.5,7.0,25.0
2023_17_CIN_KC,2023,17,KC,CIN,4.6126,50.4234,66.0006,59.8353,125.8359,1.0,-0.24,1.8546,0.0,-0.6618,0.6618,-0.6618,2.3737,0.0,0.0,0.0,0.0,-1.0,0.0,0.5345,0.0,2.0,9.0,7.5,46.0,8.0,42.0
2023_17_GB_MIN,2023,17,MIN,GB,1.4884,51.1372,65.4081,63.977,129.3851,1.0,0.0,1.1612,-2.6999,0.0,-2.6999,-2.6999,-6.2051,1.0,1.0,1.0,1.4884,0.0,0.0,0.257,1.0,0.0,0.0,1.0,42.5,-23.0,43.0
2023_18_PIT_BAL,2023,18,BAL,PIT,8.2906,42.2653,63.9438,64.6086,128.5524,1.0,0.0,8.5499,-2.8015,2.7644,-5.566,-0.0371,1.3907,1.0,0.0,0.0,8.2906,0.0,0.0,0.1972,0.0,5.0,7.0,-3.0,34.0,-7.0,27.0
2023_18_HOU_IND,2023,18,IND,HOU,1.719,45.3476,66.3456,68.1562,134.5018,1.0,0.0,0.8327,0.0,0.0,0.0,0.0,-1.3984,1.0,1.0,1.0,1.719,1.0,0.0,0.8709,1.0,0.0,0.0,-1.5,47.5,-4.0,42.0
2023_18_TB_CAR,2023,18,CAR,TB,-7.306,42.1327,67.0171,59.9667,126.9838,1.0,0.0,-8.8966,0.0,0.0,0.0,0.0,-2.9237,1.0,0.0,0.0,-7.306,0.0,0.0,0.5103,0.0,9.0,0.0,-5.0,36.5,-9.0,9.0
2023_18_CLE_CIN,2023,18,CIN,CLE,-3.4034,41.3928,63.0331,69.0865,132.1196,1.0,-0.36,0.1191,0.0,0.7871,-0.7871,0.7871,-1.6288,1.0,0.0,0.0,-3.4034,0.0,0.0,0.2231,0.0,2.0,7.0,7.5,37.0,17.0,45.0
2023_18_MIN_DET,2023,18,DET,MIN,4.4784,45.0665,68.2692,62.7107,130.98,1.0,0.12,3.1544,0.0,0.0112,-0.0112,0.0112,6.1863,1.0,0.0,0.0,4.4784,1.0,0.0,0.5415,1.0,0.0,0.0,3.5,47.5,10.0,50.0
2023_18_NYJ_NE,2023,18,NE,NYJ,2.8226,25.9228,61.006,65.9377,126.9437,1.0,-0.36,-0.1017,-0.3776,0.0526,-0.4302,-0.3249,0.2247,1.0,0.0,0.0,2.8226,0.0,0.0,0.1702,0.0,4.0,12.0,2.5,28.5,-14.0,20.0
2023_18_ATL_NO,2023,18,NO,ATL,1.4698,39.8485,66.3588,64.0317,130.3905,1.0,0.0,3.3258,0.0,0.0,0.0,0.0,-0.6481,1.0,0.0,0.0,1.4698,-1.0,0.0,0.4244,1.0,0.0,0.0,3.5,41.5,31.0,65.0
2023_18_JAX_TEN,2023,18,TEN,JAX,-4.5175,43.6314,62.3843,67.8017,130.1861,1.0,0.0,-5.1609,0.2754,0.0,0.2754,0.2754,-8.5923,1.0,0.0,0.0,-4.5175,-1.0,0.0,0.5008,0.0,1.0,4.0,-3.5,41.5,8.0,48.0
2023_18_SEA_ARI,2023,18,ARI,SEA,-3.4152,52.1456,68.4771,60.4391,128.9162,1.0,0.0,-5.2788,0.0,0.0,0.0,0.0,-2.1698,1.0,0.0,0.0,-3.4152,1.0,0.0,1.1043,1.0,0.0,0.0,-2.5,48.0,-1.0,41.0
2023_18_CHI_GB,2023,18,GB,CHI,-0.3347,49.0161,62.5045,66.133,128.6376,1.0,0.0,3.385,0.0,0.0,0.0,0.0,3.6747,1.0,0.0,0.0,-0.3347,0.0,0.0,0.1837,0.0,0.0,11.0,2.5,45.5,8.0,26.0
2023_18_KC_LAC,2023,18,LAC,KC,-6.6568,43.3618,63.4896,65.6723,129.1619,1.0,0.0,-8.7772,-3.3478,-7.2323,3.8845,-10.5801,-3.6839,1.0,0.0,0.0,-6.6568,-2.0,0.0,1.3666,1.0,0.0,0.0,3.5,35.0,-1.0,25.0
2023_18_DEN_LV,2023,18,LV,DEN,0.1871,36.995,62.0834,63.896,125.9794,1.0,0.0,0.2409,0.0,1.145,-1.145,1.145,2.0878,1.0,0.0,0.0,0.1871,-1.0,0.0,0.6083,1.0,0.0,0.0,3.5,37.5,13.0,41.0
2023_18_PHI_NYG,2023,18,NYG,PHI,-8.6926,46.4676,65.8479,66.4103,132.2582,1.0,0.0,-8.7972,3.4324,0.0,3.4324,3.4324,-6.2017,1.0,0.0,0.0,-8.6926,0.0,0.0,0.0854,0.0,2.0,9.0,-4.5,43.0,17.0,37.0
2023_18_LA_SF,2023,18,SF,LA,4.8523,51.0611,62.7159,64.2019,126.9177,1.0,0.0,7.9548,-6.5595,-3.3793,-3.1802,-9.9387,1.962,1.0,0.0,0.0,4.8523,0.0,0.0,0.3135,0.0,1.0,0.0,5.5,40.0,-1.0,41.0
2023_18_DAL_WAS,2023,18,WAS,DAL,-13.1686,51.3572,63.3883,69.5099,132.8982,1.0,-0.12,-11.9904,0.0,0.0,0.0,0.0,-3.2415,1.0,0.0,0.0,-13.1686,1.0,0.0,1.2074,0.0,3.0,0.0,-13.0,47.5,-28.0,48.0
2023_18_BUF_MIA,2023,18,MIA,BUF,-1.0464,49.2366,63.0891,63.8428,126.9319,1.0,0.0,-3.0448,0.0,0.0,0.0,0.0,2.9257,1.0,1.0,1.0,-1.0464,0.0,0.0,1.1648,0.0,0.0,0.0,-2.5,47.5,-7.0,35.0
2023_19_CLE_HOU,2023,19,HOU,CLE,-1.5049,35.4212,64.1661,69.5282,133.6943,1.0,0.12,-2.6307,0.0,0.0,0.0,0.0,2.7558,0.0,0.0,0.0,-0.0,-1.0,0.0,1.12,1.0,0.0,0.0,-2.5,45.0,31.0,59.0
2023_19_MIA_KC,2023,19,KC,MIA,-0.7014,46.5633,63.4422,63.0972,126.5394,1.0,0.0,2.5739,0.0,0.0,0.0,0.0,-4.1505,0.0,1.0,1.0,-0.0,-1.0,0.0,1.2246,0.0,9.0,49.0,4.5,43.5,19.0,33.0
2023_19_GB_DAL,2023,19,DAL,GB,3.2829,56.2299,65.2659,61.877,127.1429,1.0,0.0,3.9216,0.0,0.0,0.0,0.0,-1.6887,0.0,0.0,0.0,0.0,0.0,0.0,0.9459,1.0,0.0,0.0,7.0,52.5,-16.0,80.0
2023_19_LA_DET,2023,19,DET,LA,0.6332,49.6174,66.9587,65.0497,132.0084,1.0,0.0,2.2966,0.0,0.0,0.0,0.0,2.9685,0.0,1.0,1.0,0.0,3.0,0.0,1.9875,1.0,0.0,0.0,3.5,52.5,1.0,47.0
2023_19_PIT_BUF,2023,19,BUF,PIT,2.8664,43.4179,65.1694,60.8839,126.0533,1.0,-0.12,5.2084,0.0,2.4053,-2.4053,2.4053,1.6637,0.0,0.0,0.0,0.0,0.0,0.0,0.1729,0.0,0.0,28.0,10.0,39.5,14.0,48.0
2023_19_PHI_TB,2023,19,TB,PHI,0.3033,51.7943,66.4368,65.1119,131.5487,1.0,0.0,-2.0459,0.0,0.0,0.0,0.0,-1.304,0.0,1.0,1.0,0.0,0.0,0.0,0.9242,0.0,0.0,0.0,-2.5,43.0,23.0,41.0
2023_20_HOU_BAL,2023,20,BAL,HOU,5.7642,42.9688,65.7554,64.6,130.3555,1.0,0.84,8.3996,0.0,0.0,0.0,0.0,-1.0286,0.0,0.0,0.0,0.0,1.0,0.0,1.2549,0.0,6.0,18.0,10.0,44.0,24.0,44.0
2023_20_GB_SF,2023,20,SF,GB,3.0168,56.8101,62.3036,62.1223,124.4259,1.0,0.84,4.8224,0.0,0.0,0.0,0.0,-2.6632,0.0,1.0,1.0,0.0,-2.0,0.0,1.8218,0.0,0.0,0.0,10.5,50.5,3.0,45.0
2023_20_TB_DET,2023,20,DET,TB,2.9647,49.2862,64.8136,63.1584,127.972,1.0,0.12,1.6563,0.0,0.0,0.0,0.0,2.0847,0.0,0.0,0.0,0.0,0.0,0.0,0.993,1.0,0.0,0.0,6.0,49.5,8.0,54.0
2023_20_KC_BUF,2023,20,BUF,KC,2.3971,45.0486,66.0827,63.6068,129.6895,1.0,-0.24,1.6765,0.0,0.0,0.0,0.0,1.1044,0.0,0.0,0.0,0.0,1.0,0.0,0.8576,0.0,1.0,20.0,2.5,45.5,-3.0,51.0
2023_21_KC_BAL,2023,21,BAL,KC,3.3378,42.8176,65.2341,63.7976,129.0317,1.0,0.12,1.8329,0.0,0.0,0.0,0.0,0.9302,0.0,0.0,0.0,0.0,1.0,0.0,0.9555,0.0,0.0,0.0,4.5,44.0,-7.0,27.0
2023_21_DET_SF,2023,21,SF,DET,3.2853,54.5654,60.9584,64.6425,125.6009,1.0,0.12,4.3078,0.0,0.0,0.0,0.0,-1.5281,0.0,0.0,0.0,0.0,-3.0,0.0,2.0737,0.0,0.0,0.0,7.5,52.5,3.0,65.0
2023_22_SF_KC,2023,22,KC,SF,-2.2352,49.8311,64.6274,62.1107,126.7381,0.0,0.0,-1.0331,0.0,0.0,0.0,0.0,0.0975,0.0,0.0,0.0,-0.0,0.0,0.0,0.0,1.0,0.0,0.0,-1.5,47.0,3.0,47.0
2024_01_BAL_KC,2024,1,KC,BAL,-1.5361,41.2037,66.8335,64.2801,131.1136,1.0,0.0,0.4964,0.0,0.0,0.0,0.0,-0.4307,0.0,1.0,1.0,-0.0,-1.0,0.0,0.9555,0.0,0.0,0.0,3.0,46.0,7.0,47.0
2024_01_GB_PHI,2024,1,PHI,GB,-3.232,55.7154,65.752,65.7777,131.5297,0.0,0.0,-1.1812,0.0,0.0,0.0,0.0,-0.9448,0.0,1.0,0.0,-0.0,0.0,0.0,0.0,0.0,0.0,0.0,2.0,49.5,5.0,63.0
2024_01_PIT_ATL,2024,1,ATL,PIT,-2.2712,38.6084,64.5872,63.7038,128.2911,1.0,0.0,-3.9117,2.1646,1.3331,0.8315,3.4978,0.7368,0.0,0.0,0.0,-0.0,0.0,0.0,0.5215,1.0,0.0,0.0,4.0,43.0,-8.0,28.0
2024_01_ARI_BUF,2024,1,BUF,ARI,9.4748,49.9255,66.0209,62.7214,128.7422,1.0,0.0,8.706,0.0,0.0,0.0,0.0,5.568,0.0,0.0,0.0,0.0,2.0,1.0,1.9131,0.0,10.0,0.0,6.5,46.0,6.0,62.0
2024_01_TEN_CHI,2024,1,CHI,TEN,2.0056,43.9016,67.3466,60.0607,127.4073,1.0,0.0,1.0814,-3.0735,0.0,-3.0735,-3.0735,5.1933,0.0,0.0,0.0,0.0,0.0,0.0,0.3962,0.0,0.0,0.0,4.0,43.0,7.0,41.0
2024_01_NE_CIN,2024,1,CIN,NE,4.2546,40.062,63.6751,60.8739,124.549,1.0,0.0,5.8892,0.0,3.8018,-3.8018,3.8018,1.051,0.0,0.0,0.0,0.0,0.0,0.0,0.7246,0.0,0.0,0.0,8.0,40.5,-6.0,26.0
2024_01_HOU_IND,2024,1,IND,HOU,-0.364,46.4841,67.0477,65.3812,132.429,1.0,0.0,-1.1105,-0.134,0.0,-0.134,-0.134,-0.3697,1.0,0.0,0.0,-0.364,1.0,0.0,0.8709,1.0,0.0,0.0,-3.0,49.0,-2.0,56.0
2024_01_JAX_MIA,2024,1,MIA,JAX,2.0394,45.9583,63.0751,66.3432,129.4184,1.0,0.0,2.044,0.0,0.0,0.0,0.0,3.7286,0.0,0.0,0.0,0.0,0.0,0.0,0.3135,0.0,0.0,0.0,3.5,49.5,3.0,37.0
2024_01_CAR_NO,2024,1,NO,CAR,7.3402,38.0776,62.0311,65.4326,127.4637,1.0,0.0,6.591,0.0,0.0,0.0,0.0,2.4634,1.0,0.0,0.0,7.3402,-1.0,0.0,0.6487,1.0,0.0,0.0,3.5,41.5,37.0,57.0
2024_01_MIN_NYG,2024,1,NYG,MIN,-5.1055,36.4488,64.1893,65.9532,130.1425,1.0,0.0,-1.3266,-0.2003,-1.613,1.4126,-1.8133,1.6928,0.0,0.0,0.0,-0.0,1.0,0.0,1.01,0.0,0.0,0.0,-1.0,42.5,-22.0,34.0
2024_01_LV_LAC,2024,1,LAC,LV,-1.8764,38.8788,67.048,62.6713,129.7193,1.0,0.0,-2.2268,0.0,1.1477,-1.1477,1.1477,-0.3401,1.0,0.0,0.0,-1.8764,0.0,0.0,0.2317,1.0,0.0,0.0,3.0,41.0,12.0,32.0
2024_01_DEN_SEA,2024,1,SEA,DEN,0.3162,48.3512,61.9806,65.5291,127.5097,1.0,0.0,1.4571,0.0,-2.9774,2.9774,-2.9774,3.0172,0.0,0.0,0.0,0.0,-1.0,0.0,1.0178,0.0,0.0,0.0,6.5,42.0,6.0,46.0
2024_01_DAL_CLE,2024,1,CLE,DAL,-4.3834,40.782,66.4955,65.2988,131.7943,1.0,0.0,-3.2709,0.2052,0.0,0.2052,0.2052,-1.3505,0.0,0.0,0.0,-0.0,1.0,0.0,1.0393,0.0,7.0,0.0,2.5,42.0,-16.0,50.0
2024_01_WAS_TB,2024,1,TB,WAS,8.1465,46.8131,66.2126,64.1277,130.3403,1.0,0.0,5.5115,0.0,-1.0796,1.0796,-1.0796,2.6306,0.0,0.0,0.0,0.0,0.0,0.0,0.8219,0.0,0.0,0.0,4.0,42.0,17.0,57.0
2024_01_LA_DET,2024,1,DET,LA,0.3792,51.1325,66.0627,64.2843,130.347,1.0,0.0,2.0159,0.0,0.0,0.0,0.0,2.0337,0.0,1.0,1.0,0.0,3.0,0.0,1.9875,1.0,0.0,0.0,5.0,54.0,6.0,46.0
2024_01_NYJ_SF,2024,1,SF,NYJ,11.9635,39.4097,63.0669,65.0739,128.1408,1.0,0.0,7.7033,0.0,3.416,-3.416,3.416,1.1811,0.0,1.0,1.0,0.0,-3.0,0.0,2.5468,0.0,0.0,0.0,3.5,43.0,13.0,51.0
2024_02_BUF_MIA,2024,2,MIA,BUF,-2.2937,51.9142,61.6549,65.1753,126.8302,1.0,0.0,-3.337,0.0,0.0,0.0,0.0,2.1427,1.0,1.0,1.0,-2.2937,0.0,0.0,1.1648,0.0,0.0,0.0,2.5,48.5,-21.0,41.0
2024_02_LV_BAL,2024,2,BAL,LV,6.1575,38.7955,65.4009,61.6757,127.0766,1.0,0.36,5.7162,0.0,0.9294,-0.9294,0.9294,2.5187,0.0,0.0,0.0,0.0,3.0,1.0,2.1041,0.0,0.0,0.0,9.0,41.0,-3.0,49.0
2024_02_LAC_CAR,2024,2,CAR,LAC,-6.2296,37.6232,65.7462,62.2571,128.0033,1.0,0.0,-5.3369,0.0,0.0,0.0,0.0,-2.4417,0.0,0.0,0.0,-0.0,3.0,1.0,2.1215,0.0,3.0,0.0,-5.0,39.0,-23.0,29.0
2024_02_NO_DAL,2024,2,DAL,NO,3.0952,46.2628,66.7192,64.6877,131.4069,1.0,0.0,2.8069,0.0,0.0,0.0,0.0,2.6988,0.0,0.0,0.0,0.0,0.0,0.0,0.4566,1.0,0.0,0.0,6.5,47.0,-25.0,63.0
2024_02_TB_DET,2024,2,DET,TB,2.7377,51.4223,65.2559,63.9699,129.2258,1.0,0.0,1.7586,0.0,0.0,0.0,0.0,2.0642,0.0,0.0,0.0,0.0,0.0,0.0,0.993,1.0,0.0,0.0,7.5,51.5,-4.0,36.0
2024_02_IND_GB,2024,2,GB,IND,4.7025,53.0648,66.7464,64.923,131.6694,1.0,0.24,3.3023,-4.4267,0.5526,-4.9793,-3.8741,-0.7833,0.0,0.0,0.0,0.0,-1.0,0.0,0.3417,0.0,0.0,0.0,-3.0,41.5,6.0,26.0
2024_02_CLE_JAX,2024,2,JAX,CLE,2.82,34.4161,62.2272,69.9953,132.2226,1.0,0.0,0.1855,0.0,0.0,0.0,0.0,2.3082,0.0,0.0,0.0,0.0,0.0,0.0,0.7727,0.0,2.0,0.0,3.0,41.5,-5.0,31.0
2024_02_SF_MIN,2024,2,MIN,SF,-6.5582,49.7001,62.8708,64.4261,127.2969,1.0,0.12,-5.2888,0.1707,0.0,0.1707,0.1707,-3.1621,0.0,0.0,0.0,-0.0,2.0,0.0,1.5721,1.0,0.0,0.0,-4.5,46.5,6.0,40.0
2024_02_SEA_NE,2024,2,NE,SEA,-2.963,39.8832,64.9043,60.7157,125.62,1.0,0.0,-3.2197,3.9305,0.0,3.9305,3.9305,-2.3738,0.0,0.0,0.0,-0.0,3.0,1.0,2.4847,0.0,0.0,0.0,-3.5,39.0,-3.0,43.0
2024_02_NYJ_TEN,2024,2,TEN,NYJ,2.4795,34.2991,63.1811,63.6676,126.8487,1.0,0.12,-0.8239,0.0,3.321,-3.321,3.321,-5.5886,0.0,0.0,0.0,0.0,-1.0,0.0,0.7571,0.0,3.0,0.0,-3.5,41.5,-7.0,41.0
2024_02_NYG_WAS,2024,2,WAS,NYG,-0.439,42.4139,63.2105,66.3115,129.522,1.0,0.0,-1.9694,2.8268,0.0,2.8268,2.8268,2.0471,1.0,0.0,0.0,-0.439,0.0,0.0,0.1981,0.0,1.0,0.0,1.5,42.5,3.0,39.0
2024_02_LA_ARI,2024,2,ARI,LA,-7.5214,50.1017,64.2212,65.5608,129.7821,1.0,0.0,-4.2155,0.0,0.0,0.0,0.0,-1.5515,1.0,0.0,0.0,-7.5214,1.0,0.0,0.3503,1.0,0.0,0.0,-1.0,47.5,31.0,51.0
2024_02_PIT_DEN,2024,2,DEN,PIT,-3.9291,37.5566,62.3192,63.5873,125.9065,1.0,0.0,-3.9203,-2.0223,1.4379,-3.4602,-0.5845,-2.6057,0.0,0.0,0.0,-0.0,-2.0,0.0,1.3181,0.0,0.0,0.0,-3.0,36.5,-7.0,19.0
2024_02_CIN_KC,2024,2,KC,CIN,6.2329,47.6028,63.5269,63.472,126.9989,1.0,0.36,5.3119,0.0,0.0,0.0,0.0,-0.776,0.0,0.0,0.0,0.0,-1.0,0.0,0.5345,0.0,0.0,0.0,6.5,47.5,1.0,51.0
2024_02_CHI_HOU,2024,2,HOU,CHI,1.2013,42.2611,62.9804,63.5758,126.5561,1.0,0.0,1.0602,0.0,-1.4777,1.4777,-1.4777,1.2267,0.0,1.0,1.0,0.0,0.0,0.0,0.9471,1.0,0.0,0.0,6.0,45.5,6.0,32.0
2024_02_ATL_PHI,2024,2,PHI,ATL,3.2551,46.1483,67.6605,66.1362,133.7967,1.0,0.24,5.276,0.0,1.3072,-1.3072,1.3072,0.9242,0.0,1.0,1.0,0.0,0.0,0.0,0.6635,0.0,0.0,0.0,5.5,46.5,-1.0,43.0
2024_03_NE_NYJ,2024,3,NYJ,NE,-0.5776,30.8097,61.8008,63.7283,125.5291,1.0,0.0,1.5253,3.6838,3.9467,-0.2628,7.6305,2.2593,1.0,1.0,1.0,-0.5776,0.0,0.0,0.1702,0.0,0.0,0.0,6.5,39.0,21.0,27.0
2024_03_NYG_CLE,2024,3,CLE,NYG,5.0638,34.1378,70.1053,60.8842,130.9895,1.0,0.0,3.3077,0.0,0.0,0.0,0.0,1.7599,0.0,0.0,0.0,0.0,0.0,0.0,0.3994,0.0,0.0,0.0,6.5,38.0,-6.0,36.0
2024_03_CHI_IND,2024,3,IND,CHI,-1.119,40.1824,61.028,68.0618,129.0898,1.0,0.0,-0.83,0.1698,-3.2127,3.3825,-3.0429,3.2427,0.0,0.0,0.0,-0.0,1.0,0.0,0.1639,1.0,0.0,0.0,1.5,43.0,5.0,37.0
2024_03_HOU_MIN,2024,3,MIN,HOU,1.2148,42.9036,62.58,65.7259,128.3059,1.0,0.0,0.9115,-0.7293,0.0,-0.7293,-0.7293,-4.2287,0.0,0.0,0.0,0.0,0.0,0.0,1.0629,1.0,0.0,0.0,-2.0,46.0,27.0,41.0
2024_03_PHI_NO,2024,3,NO,PHI,5.5077,50.8051,66.0994,66.3308,132.4302,1.0,0.12,1.4344,0.0,0.0,0.0,0.0,-0.3632,0.0,0.0,0.0,0.0,-1.0,0.0,1.0866,1.0,0.0,0.0,2.5,49.0,-3.0,27.0
2024_03_LAC_PIT,2024,3,PIT,LAC,1.1299,36.3027,62.4842,63.8863,126.3705,1.0,0.0,2.9126,1.6057,0.0,1.6057,1.6057,1.0518,0.0,0.0,0.0,0.0,3.0,1.0,2.139,0.0,0.0,0.0,3.0,36.0,10.0,30.0
2024_03_DEN_TB,2024,3,TB,DEN,6.1303,41.7809,62.7293,64.5296,127.2589,1.0,0.0,5.0376,0.0,-2.5437,2.5437,-2.5437,1.0744,0.0,0.0,0.0,0.0,2.0,1.0,1.5198,0.0,0.0,0.0,6.0,40.5,-19.0,33.0
2024_03_GB_TEN,2024,3,TEN,GB,-5.2267,48.6647,63.238,63.9969,127.2349,1.0,0.0,-6.0932,0.0,-2.9513,2.9513,-2.9513,-7.9049,0.0,0.0,0.0,-0.0,0.0,0.0,0.5799,0.0,0.0,0.0,3.0,37.0,-16.0,44.0
2024_03_CAR_LV,2024,3,LV,CAR,7.3956,35.1647,59.7959,62.8125,122.6084,1.0,0.0,7.0927,0.8534,5.519,-4.6656,6.3723,1.3212,0.0,0.0,0.0,0.0,-3.0,0.0,1.9183,1.0,0.0,0.0,5.5,40.0,-14.0,58.0
2024_03_MIA_SEA,2024,3,SEA,MIA,-0.4406,49.6459,59.6817,68.7185,128.4002,1.0,-0.36,0.288,0.0,-4.7615,4.7615,-4.7615,-2.9985,0.0,0.0,0.0,-0.0,-3.0,0.0,2.7199,0.0,0.0,0.0,4.0,41.5,21.0,27.0
2024_03_DET_ARI,2024,3,ARI,DET,-4.0494,50.2559,63.6405,65.2095,128.85,1.0,0.0,-4.9824,0.0,0.0,0.0,0.0,-2.2903,0.0,0.0,0.0,-0.0,-2.0,0.0,1.6944,1.0,0.0,0.0,-3.0,51.5,-7.0,33.0
2024_03_BAL_DAL,2024,3,DAL,BAL,-1.477,48.1239,67.431,64.3099,131.7409,1.0,0.0,-1.3629,0.0,0.0,0.0,0.0,0.0668,0.0,0.0,0.0,-0.0,-1.0,0.0,1.2265,1.0,0.0,0.0,-1.5,47.5,-3.0,53.0
2024_03_SF_LA,2024,3,LA,SF,-5.6612,51.1974,63.0645,64.0703,127.1348,1.0,0.0,-6.52,0.0,0.0,0.0,0.0,-2.4307,1.0,0.0,0.0,-5.6612,0.0,0.0,0.3135,1.0,0.0,0.0,-6.0,44.5,3.0,51.0
2024_03_KC_ATL,2024,3,ATL,KC,-6.1034,42.4294,64.3916,66.3942,130.7858,1.0,-0.12,-9.6623,1.8981,0.0,1.8981,1.8981,0.569,0.0,1.0,1.0,-0.0,1.0,0.0,0.6689,1.0,0.0,0.0,-3.0,46.0,-5.0,39.0
2024_03_JAX_BUF,2024,3,BUF,JAX,7.1738,47.2026,65.016,63.0869,128.103,1.0,0.36,8.0269,0.0,0.0,0.0,0.0,1.9844,0.0,1.0,1.0,0.0,0.0,0.0,0.8745,0.0,0.0,0.0,4.0,46.5,37.0,57.0
2024_03_WAS_CIN,2024,3,CIN,WAS,6.8292,51.4512,63.0056,63.2007,126.2063,1.0,0.0,5.5076,0.0,3.7582,-3.7582,3.7582,2.6097,0.0,1.0,1.0,0.0,0.0,0.0,0.411,0.0,0.0,0.0,7.5,46.0,-5.0,71.0
2024_04_DAL_NYG,2024,4,NYG,DAL,-3.8322,45.6048,62.5711,68.9056,131.4768,1.0,0.0,-4.5729,0.0,0.0,0.0,0.0,-4.9406,1.0,1.0,1.0,-3.8322,1.0,0.0,1.3851,0.0,0.0,0.0,-5.5,45.0,-5.0,35.0
2024_04_NO_ATL,2024,4,ATL,NO,-5.5572,41.786,62.9905,65.8388,128.8293,1.0,0.0,-5.6226,2.0778,0.0,2.0778,2.0778,-0.6879,1.0,0.0,0.0,-5.5572,1.0,0.0,0.4244,1.0,0.0,0.0,2.5,41.5,2.0,50.0
2024_04_CIN_CAR,2024,4,CAR,CIN,-5.3631,45.9913,62.5336,60.6284,123.162,1.0,0.12,-5.9687,7.055,0.0,7.055,7.055,-2.3968,0.0,0.0,0.0,-0.0,0.0,0.0,0.3349,0.0,0.0,0.0,-4.5,47.0,-10.0,58.0
2024_04_LA_CHI,2024,4,CHI,LA,-0.9799,41.2964,67.543,62.1567,129.6997,1.0,0.0,-1.459,0.0,0.0,0.0,0.0,2.3222,0.0,0.0,0.0,-0.0,2.0,0.0,1.7509,0.0,6.0,0.0,3.0,40.0,6.0,42.0
2024_04_MIN_GB,2024,4,GB,MIN,0.2459,45.1477,65.7864,62.0883,127.8747,1.0,0.0,-0.0726,0.0,0.0,0.0,0.0,4.6845,1.0,0.0,0.0,0.2459,0.0,0.0,0.257,0.0,5.0,0.0,2.5,44.0,-2.0,60.0
2024_04_JAX_HOU,2024,4,HOU,JAX,3.6568,44.3863,65.5445,64.5118,130.0563,1.0,0.12,2.0246,0.0,0.0,0.0,0.0,2.3221,1.0,0.0,0.0,3.6568,-1.0,0.0,0.8248,1.0,0.0,0.0,5.5,44.5,4.0,44.0
2024_04_PIT_IND,2024,4,IND,PIT,-3.7477,38.6631,58.8747,69.1908,128.0655,1.0,0.0,-4.8405,-0.6238,0.0,-0.6238,-0.6238,0.2289,0.0,0.0,0.0,-0.0,0.0,0.0,0.3283,1.0,0.0,0.0,-2.5,40.0,3.0,51.0
2024_04_DEN_NYJ,2024,4,NYJ,DEN,1.1066,33.9614,63.1944,63.5041,126.6985,1.0,0.36,0.4571,5.962,-1.5062,7.4682,4.4558,1.1302,0.0,0.0,0.0,0.0,2.0,1.0,1.6245,0.0,0.0,0.0,7.5,39.5,-1.0,19.0
2024_04_PHI_TB,2024,4,TB,PHI,-1.4084,49.1753,61.9637,68.2163,130.18,1.0,0.0,-1.3785,0.0,0.0,0.0,0.0,-1.6477,0.0,0.0,0.0,-0.0,0.0,0.0,0.9242,0.0,0.0,0.0,-1.0,42.0,17.0,49.0
2024_04_WAS_ARI,2024,4,ARI,WAS,2.5448,53.8093,64.1963,61.6829,125.8792,1.0,0.12,0.4995,0.0,6.1399,-6.1399,6.1399,1.103,0.0,0.0,0.0,0.0,-2.0,0.0,1.9951,1.0,0.0,0.0,3.5,49.0,-28.0,56.0
2024_04_NE_SF,2024,4,SF,NE,9.0447,45.8194,65.2765,59.3147,124.5912,1.0,-0.36,8.4367,0.0,3.4184,-3.4184,3.4184,4.6136,0.0,0.0,0.0,0.0,-3.0,0.0,2.6737,0.0,0.0,0.0,10.5,41.5,17.0,43.0
2024_04_KC_LAC,2024,4,LAC,KC,-4.304,41.7982,63.8397,64.136,127.9757,1.0,0.0,-7.8707,0.0,0.0,0.0,0.0,-1.8223,1.0,0.0,0.0,-4.304,-2.0,0.0,1.3666,1.0,0.0,0.0,-7.5,41.5,-7.0,27.0
2024_04_CLE_LV,2024,4,LV,CLE,1.9241,33.0693,60.1525,69.1834,129.3359,1.0,0.0,-0.5659,0.3253,0.0,0.3253,0.3253,0.7978,0.0,0.0,0.0,0.0,-3.0,0.0,1.8296,1.0,0.0,0.0,-2.5,36.5,4.0,36.0
2024_04_BUF_BAL,2024,4,BAL,BUF,-4.0291,48.2729,65.0757,64.6866,129.7623,1.0,0.12,-2.4126,0.0,0.0,0.0,0.0,-0.1724,0.0,1.0,1.0,-0.0,0.0,0.0,0.2666,0.0,0.0,0.0,2.5,46.5,25.0,45.0
2024_04_TEN_MIA,2024,4,MIA,TEN,2.2153,42.6316,64.5944,59.152,123.7464,1.0,0.0,4.6283,-3.2543,0.0,-3.2543,-3.2543,8.5578,0.0,1.0,1.0,0.0,1.0,0.0,0.8039,0.0,0.0,0.0,2.5,37.0,-19.0,43.0
2024_04_SEA_DET,2024,4,DET,SEA,2.2813,47.2996,69.7782,61.2379,131.016,1.0,0.0,1.0312,0.0,0.0,0.0,0.0,-0.6569,0.0,1.0,1.0,0.0,3.0,0.0,1.9331,1.0,0.0,0.0,3.5,46.5,13.0,71.0
2024_05_TB_ATL,2024,5,ATL,TB,-3.4311,43.7513,62.8443,66.0294,128.8736,1.0,0.0,-4.7084,0.0,0.0,0.0,0.0,-0.8711,1.0,1.0,1.0,-3.4311,0.0,0.0,0.4149,1.0,0.0,0.0,2.5,44.0,6.0,66.0
2024_05_NYJ_MIN,2024,5,MIN,NYJ,7.5665,35.2183,62.1004,66.8436,128.944,0.0,0.0,4.2022,0.0,0.0,0.0,0.0,-1.4595,0.0,0.0,0.0,0.0,0.0,0.0,0.0,0.0,0.0,0.0,2.5,42.0,6.0,40.0
2024_05_CAR_CHI,2024,5,CHI,CAR,7.083,37.8728,64.8182,61.9672,126.7854,1.0,0.0,5.1932,0.0,7.2254,-7.2254,7.2254,1.2352,0.0,0.0,0.0,0.0,-1.0,0.0,0.586,0.0,0.0,0.0,4.0,40.0,26.0,46.0
2024_05_BAL_CIN,2024,5,CIN,BAL,-6.0144,51.2585,63.3515,63.7732,127.1247,1.0,0.0,-5.0827,0.0,0.0,0.0,0.0,-3.5646,1.0,0.0,0.0,-6.0144,0.0,0.0,0.4228,0.0,0.0,0.0,-2.5,48.5,-3.0,79.0
2024_05_BUF_HOU,2024,5,HOU,BUF,-4.33,48.3943,64.751,62.1138,126.8648,1.0,0.0,-5.2249,0.0,0.0,0.0,0.0,-1.2366,0.0,0.0,0.0,-0.0,-1.0,0.0,1.2902,1.0,0.0,0.0,1.0,48.0,3.0,43.0
2024_05_IND_JAX,2024,5,JAX,IND,-4.3251,44.2104,69.1696,63.7397,132.9093,1.0,0.0,-1.7625,0.0,-0.4847,0.4847,-0.4847,-1.4782,1.0,0.0,0.0,-4.3251,0.0,0.0,0.7002,0.0,0.0,0.0,3.5,45.0,3.0,71.0
2024_05_MIA_NE,2024,5,NE,MIA,-1.4585,36.5049,59.4193,64.5905,124.0098,1.0,0.12,-2.5839,0.0,-4.4226,4.4226,-4.4226,-6.7478,1.0,0.0,0.0,-1.4585,0.0,0.0,1.2258,0.0,0.0,0.0,-2.0,37.0,-5.0,25.0
2024_05_CLE_WAS,2024,5,WAS,CLE,2.2323,45.1145,61.6565,67.356,129.0125,1.0,0.0,-0.0788,7.1558,0.0,7.1558,7.1558,1.7966,0.0,0.0,0.0,0.0,0.0,0.0,0.3119,0.0,0.0,0.0,3.0,44.0,21.0,47.0
2024_05_LV_DEN,2024,5,DEN,LV,0.7722,35.2292,62.847,62.3827,125.2297,1.0,0.0,0.5461,0.0,0.0,0.0,0.0,2.0174,1.0,0.0,0.0,0.7722,1.0,0.0,0.6083,0.0,0.0,0.0,3.0,36.0,16.0,52.0
2024_05_ARI_SF,2024,5,SF,ARI,10.7224,49.9796,63.784,61.3717,125.1557,1.0,0.0,9.3572,0.0,0.0,0.0,0.0,3.2928,1.0,0.0,0.0,10.7224,-1.0,0.0,0.608,0.0,0.0,0.0,7.0,48.5,-1.0,47.0
2024_05_GB_LA,2024,5,LA,GB,-3.0738,52.7505,63.6956,65.2538,128.9494,1.0,0.0,-3.6908,0.0,0.0,0.0,0.0,-3.7929,0.0,0.0,0.0,-0.0,-2.0,0.0,1.7637,1.0,0.0,0.0,-3.0,49.5,-5.0,43.0
2024_05_NYG_SEA,2024,5,SEA,NYG,3.0189,43.3948,64.7696,65.067,129.8366,1.0,-0.48,4.5369,0.0,0.0,0.0,0.0,3.5123,0.0,0.0,0.0,0.0,-3.0,0.0,2.3957,0.0,0.0,0.0,7.0,42.5,-9.0,49.0
2024_05_DAL_PIT,2024,5,PIT,DAL,-0.8058,45.1801,63.5183,64.5118,128.0301,1.0,-0.36,0.1041,0.0,0.0,0.0,0.0,-1.1013,0.0,1.0,1.0,-0.0,1.0,0.0,1.0838,0.0,0.0,0.0,2.5,43.5,-3.0,37.0
2024_05_NO_KC,2024,5,KC,NO,0.4758,42.056,63.7727,64.5182,128.2908,1.0,0.0,5.653,0.0,0.0,0.0,0.0,1.1751,0.0,1.0,1.0,0.0,0.0,0.0,0.6765,0.0,0.0,0.0,5.5,43.0,13.0,39.0
2024_06_SF_SEA,2024,6,SEA,SF,-6.5634,50.5118,61.6913,65.5917,127.2831,1.0,0.0,-4.3164,0.0,0.0,0.0,0.0,0.5589,1.0,1.0,1.0,-6.5634,0.0,0.0,0.7045,0.0,0.0,0.0,-3.5,49.0,-12.0,60.0
2024_06_JAX_CHI,2024,6,CHI,JAX,4.0074,42.2886,68.711,60.4707,129.1817,0.0,0.0,1.4712,0.0,0.0,0.0,0.0,0.6851,0.0,0.0,0.0,0.0,0.0,0.0,0.0,0.0,0.0,0.0,-1.5,44.5,19.0,51.0
2024_06_WAS_BAL,2024,6,BAL,WAS,5.4368,54.2733,64.793,64.6449,129.4379,1.0,0.0,7.0817,0.0,0.0,0.0,0.0,2.9839,0.0,0.0,0.0,0.0,0.0,0.0,0.0287,0.0,0.0,0.0,6.5,51.5,7.0,53.0
2024_06_ARI_GB,2024,6,GB,ARI,5.899,48.2554,63.7237,63.4965,127.2201,1.0,0.0,6.9568,0.0,0.0,0.0,0.0,2.6083,0.0,0.0,0.0,0.0,1.0,0.0,1.4959,0.0,0.0,0.0,5.5,47.0,21.0,47.0
2024_06_HOU_NE,2024,6,NE,HOU,-7.5963,38.729,60.5094,67.0744,127.5838,1.0,0.0,-5.9413,0.5814,0.0,0.5814,0.5814,-7.1548,0.0,0.0,0.0,-0.0,1.0,0.0,1.5919,0.0,0.0,0.0,-6.5,38.5,-20.0,62.0
2024_06_TB_NO,2024,6,NO,TB,1.2758,46.9736,65.7376,62.9275,128.6651,1.0,-0.48,0.2463,-5.7632,0.0,-5.7632,-5.7632,-1.5112,1.0,0.0,0.0,1.2758,-1.0,0.0,0.4779,1.0,0.0,0.0,-3.5,42.5,-24.0,78.0
2024_06_CLE_PHI,2024,6,PHI,CLE,5.1336,39.2174,63.5625,68.3731,131.9356,1.0,0.84,3.9931,0.0,0.0,0.0,0.0,2.0706,0.0,0.0,0.0,0.0,0.0,0.0,0.3596,0.0,0.0,0.0,8.0,42.0,4.0,36.0
2024_06_IND_TEN,2024,6,TEN,IND,-2.309,41.9433,66.1752,61.2635,127.4386,1.0,0.72,-1.7362,0.0,0.8663,-0.8663,0.8663,-5.1174,1.0,0.0,0.0,-2.309,-1.0,0.0,0.2505,0.0,2.0,0.0,2.5,42.0,-3.0,37.0
2024_06_LAC_DEN,2024,6,DEN,LAC,-0.5697,33.7891,61.298,63.2087,124.5067,1.0,-0.84,1.5707,0.0,0.0,0.0,0.0,3.8175,1.0,0.0,0.0,-0.5697,1.0,0.0,0.8369,0.0,0.0,0.0,-3.0,37.0,-7.0,39.0
2024_06_PIT_LV,2024,6,LV,PIT,-2.8367,37.8408,61.3049,62.743,124.0479,1.0,0.0,-4.1943,-0.2639,0.0,-0.2639,-0.2639,-0.9437,0.0,0.0,0.0,-0.0,-3.0,0.0,1.9185,1.0,0.0,0.0,-3.5,36.5,-19.0,45.0
2024_06_ATL_CAR,2024,6,CAR,ATL,-7.8099,43.8371,65.47,63.8495,129.3195,1.0,-0.36,-5.3187,5.4008,0.0,5.4008,5.4008,-0.2657,1.0,0.0,0.0,-7.8099,0.0,0.0,0.2261,0.0,0.0,0.0,-6.0,45.5,-18.0,58.0
2024_06_DET_DAL,2024,6,DAL,DET,-2.5652,52.5749,68.7385,64.0503,132.7888,1.0,-0.72,-0.9568,0.0,0.0,0.0,0.0,1.6744,0.0,0.0,0.0,-0.0,-1.0,0.0,1.0133,1.0,0.0,0.0,-3.5,52.5,-38.0,56.0
2024_06_CIN_NYG,2024,6,NYG,CIN,-1.9135,48.9466,65.2659,62.0228,127.2888,1.0,0.0,-2.2712,0.0,0.0,0.0,0.0,-0.6178,0.0,1.0,1.0,-0.0,0.0,0.0,0.5653,0.0,0.0,0.0,-4.5,46.0,-10.0,24.0
2024_06_BUF_NYJ,2024,6,NYJ,BUF,-6.0938,38.7243,64.7727,62.7589,127.5316,1.0,0.0,-6.225,0.0,0.0,0.0,0.0,-1.6492,1.0,1.0,1.0,-6.0938,0.0,0.0,0.2779,0.0,4.0,0.0,-1.0,42.0,-3.0,43.0
2024_07_DEN_NO,2024,7,NO,DEN,1.7713,36.5905,65.8423,63.8413,129.6836,1.0,0.0,0.5905,-5.2727,0.0,-5.2727,-5.2727,-3.153,0.0,1.0,1.0,0.0,1.0,0.0,1.0816,1.0,0.0,0.0,-2.5,37.0,-23.0,43.0
2024_07_NE_JAX,2024,7,JAX,NE,3.33,42.4095,64.0847,64.0768,128.1615,0.0,0.0,2.6422,0.0,-0.4394,0.4394,-0.4394,5.4407,0.0,0.0,0.0,0.0,0.0,0.0,0.0,0.0,2.0,0.0,6.5,42.0,16.0,48.0
2024_07_SEA_ATL,2024,7,ATL,SEA,2.0513,48.9371,65.0089,67.4325,132.4415,1.0,-0.36,-0.3793,0.0,0.0,0.0,0.0,-3.8549,0.0,0.0,0.0,0.0,3.0,1.0,2.1774,1.0,0.0,0.0,3.0,51.5,-20.0,48.0
2024_07_TEN_BUF,2024,7,BUF,TEN,6.2419,45.869,62.3349,61.6036,123.9384,1.0,-0.12,8.9419,0.0,2.5681,-2.5681,2.5681,6.5935,0.0,0.0,0.0,0.0,1.0,0.0,0.6238,0.0,2.0,0.0,9.5,41.0,24.0,44.0
2024_07_CIN_CLE,2024,7,CLE,CIN,-7.5292,42.8035,67.6995,59.8949,127.5944,1.0,0.0,-4.5611,0.0,0.0,0.0,0.0,-3.5154,1.0,0.0,0.0,-7.5292,0.0,0.0,0.2231,0.0,0.0,0.0,-5.5,42.0,-7.0,35.0
2024_07_HOU_GB,2024,7,GB,HOU,1.4941,44.8053,64.0767,65.8559,129.9325,1.0,0.0,1.6545,0.0,0.0,0.0,0.0,-0.7206,0.0,0.0,0.0,0.0,0.0,0.0,1.0998,0.0,0.0,0.0,3.0,48.0,2.0,46.0
2024_07_MIA_IND,2024,7,IND,MIA,4.1354,41.8546,60.1559,68.8711,129.027,1.0,-0.84,0.1766,-0.8036,-6.7177,5.914,-7.5213,-1.2885,0.0,0.0,0.0,0.0,0.0,0.0,1.0132,1.0,0.0,0.0,3.0,44.0,6.0,26.0
2024_07_DET_MIN,2024,7,MIN,DET,0.8325,42.8797,64.7703,68.355,133.1254,1.0,0.84,-1.7442,0.0,0.0,0.0,0.0,-1.8079,1.0,0.0,0.0,0.8325,-1.0,0.0,0.5415,1.0,0.0,0.0,1.0,50.5,-2.0,60.0
2024_07_PHI_NYG,2024,7,NYG,PHI,-1.7873,43.9985,66.0232,62.322,128.3452,1.0,0.0,-4.2632,0.0,0.0,0.0,0.0,-0.0563,1.0,0.0,0.0,-1.7873,0.0,0.0,0.0854,0.0,0.0,0.0,-3.0,42.0,-25.0,31.0
2024_07_LV_LA,2024,7,LA,LV,3.5935,43.1798,64.0021,61.6732,125.6753,1.0,0.84,1.1526,0.0,0.0,0.0,0.0,-3.136,0.0,0.0,0.0,0.0,0.0,0.0,0.2317,1.0,0.0,0.0,7.0,43.0,5.0,35.0
2024_07_CAR_WAS,2024,7,WAS,CAR,7.8388,52.1994,63.3821,63.4176,126.7998,1.0,0.0,6.8099,0.0,5.1412,-5.1412,5.1412,2.1485,0.0,0.0,0.0,0.0,0.0,0.0,0.3362,0.0,0.0,0.0,10.0,51.0,33.0,47.0
2024_07_KC_SF,2024,7,SF,KC,0.6155,47.123,63.5009,64.088,127.5888,1.0,-0.36,-2.6525,0.0,0.0,0.0,0.0,-1.2857,0.0,0.0,0.0,0.0,-2.0,0.0,1.4906,0.0,0.0,0.0,2.5,47.5,-10.0,46.0
2024_07_NYJ_PIT,2024,7,PIT,NYJ,1.7829,35.8021,63.9992,63.6029,127.6021,1.0,0.12,4.7075,-1.1467,0.0,-1.1467,-1.1467,0.2936,0.0,1.0,1.0,0.0,0.0,0.0,0.3125,0.0,0.0,0.0,-3.0,40.0,22.0,52.0
2024_07_BAL_TB,2024,7,TB,BAL,-2.6306,49.2082,63.0914,68.4966,131.5881,1.0,0.0,-4.1114,0.0,0.0,0.0,0.0,-1.6591,0.0,1.0,1.0,-0.0,0.0,0.0,0.8506,0.0,0.0,0.0,-4.5,51.0,-10.0,72.0
2024_07_LAC_ARI,2024,7,ARI,LAC,-5.1857,43.0287,60.0274,63.3079,123.3353,1.0,0.0,-4.2127,0.0,0.0,0.0,0.0,1.3907,0.0,1.0,1.0,-0.0,1.0,0.0,0.3503,1.0,0.0,0.0,-1.0,44.0,2.0,32.0
2024_08_MIN_LA,2024,8,LA,MIN,-5.7576,42.4267,65.6326,63.6668,129.2994,1.0,0.0,-4.849,0.0,0.0,0.0,0.0,-1.6048,0.0,1.0,1.0,-0.0,-2.0,0.0,1.5302,1.0,0.0,0.0,-3.0,47.5,10.0,50.0
2024_08_PHI_CIN,2024,8,CIN,PHI,-1.3358,52.6221,60.5348,67.8859,128.4207,1.0,0.0,-0.5698,0.0,0.0,0.0,0.0,-0.5316,0.0,0.0,0.0,-0.0,0.0,0.0,0.5013,0.0,0.0,0.0,2.5,47.5,-20.0,54.0
2024_08_BAL_CLE,2024,8,CLE,BAL,-13.2335,41.5026,68.7911,61.9672,130.7584,1.0,0.12,-11.2818,3.0655,0.0,3.0655,3.0655,-6.8303,1.0,0.0,0.0,-13.2335,0.0,0.0,0.3083,0.0,0.0,0.0,-7.5,44.5,5.0,53.0
2024_08_TEN_DET,2024,8,DET,TEN,9.5628,43.6105,63.1065,63.7605,126.8671,1.0,0.0,10.2032,0.0,2.4247,-2.4247,2.4247,5.4159,0.0,0.0,0.0,0.0,1.0,0.0,0.4707,1.0,0.0,0.0,12.5,45.0,38.0,66.0
2024_08_IND_HOU,2024,8,HOU,IND,2.3876,41.3173,68.5141,61.3978,129.912,1.0,0.0,1.6806,0.0,0.0,0.0,0.0,0.5301,1.0,0.0,0.0,2.3876,-1.0,0.0,0.8709,1.0,0.0,0.0,5.0,45.0,3.0,43.0
2024_08_GB_JAX,2024,8,JAX,GB,-8.3786,51.7786,62.5847,65.894,128.4787,1.0,0.0,-6.0051,0.0,0.0,0.0,0.0,-1.455,0.0,0.0,0.0,-0.0,1.0,0.0,1.0403,0.0,0.0,0.0,-3.5,49.0,-3.0,57.0
2024_08_ARI_MIA,2024,8,MIA,ARI,-1.1339,42.1661,66.1587,58.7465,124.9052,1.0,0.12,2.2992,-6.3405,0.0,-6.3405,-6.3405,1.3125,0.0,0.0,0.0,-0.0,2.0,1.0,1.9824,0.0,4.0,0.0,4.0,46.5,-1.0,55.0
2024_08_NYJ_NE,2024,8,NE,NYJ,-5.9435,37.5424,62.4559,64.8012,127.2571,1.0,0.0,-4.2768,0.8727,0.0,0.8727,0.8727,-4.3312,1.0,0.0,0.0,-5.9435,0.0,0.0,0.1702,0.0,0.0,0.0,-7.0,41.0,3.0,47.0
2024_08_ATL_TB,2024,8,TB,ATL,4.1233,50.1023,65.5967,67.2118,132.8085,1.0,-0.12,4.0075,0.0,0.0,0.0,0.0,4.2572,1.0,0.0,0.0,4.1233,0.0,0.0,0.4149,0.0,0.0,0.0,-1.5,47.0,-5.0,57.0
2024_08_NO_LAC,2024,8,LAC,NO,3.2542,40.664,65.1959,61.4088,126.6047,1.0,-0.48,0.7328,0.0,-7.5187,7.5187,-7.5187,0.2092,0.0,0.0,0.0,0.0,-2.0,0.0,1.6742,1.0,0.0,0.0,7.0,41.5,18.0,34.0
2024_08_BUF_SEA,2024,8,SEA,BUF,-6.1676,52.1248,65.9883,63.3465,129.3348,1.0,0.0,-4.9349,0.0,0.0,0.0,0.0,-0.1764,0.0,0.0,0.0,-0.0,-3.0,0.0,2.1182,0.0,4.0,0.0,-3.0,45.5,-21.0,41.0
2024_08_CAR_DEN,2024,8,DEN,CAR,10.0054,38.1079,62.3249,64.2267,126.5517,1.0,0.36,9.281,0.0,-3.9718,3.9718,-3.9718,4.5323,0.0,0.0,0.0,0.0,-2.0,0.0,1.3569,0.0,0.0,0.0,13.0,40.5,14.0,42.0
2024_08_KC_LV,2024,8,LV,KC,-10.9576,35.8381,63.0135,63.8915,126.905,1.0,0.0,-12.5084,0.526,0.0,0.526,0.526,-2.2703,1.0,0.0,0.0,-10.9576,-2.0,0.0,1.1493,1.0,0.0,0.0,-9.0,42.0,-7.0,47.0
2024_08_CHI_WAS,2024,8,WAS,CHI,-1.2614,46.57,61.1796,63.2252,124.4048,1.0,-0.84,-1.0191,0.0,0.0,0.0,0.0,-0.4814,0.0,0.0,0.0,-0.0,1.0,0.0,0.6011,0.0,0.0,0.0,1.5,46.5,3.0,33.0
2024_08_DAL_SF,2024,8,SF,DAL,6.5968,51.0387,63.4412,66.4389,129.88,1.0,-0.84,2.8064,0.0,0.0,0.0,0.0,-0.8283,0.0,1.0,1.0,0.0,-2.0,0.0,1.4385,0.0,0.0,0.0,5.5,48.0,6.0,54.0
2024_08_NYG_PIT,2024,8,PIT,NYG,4.6532,38.0065,62.3553,63.192,125.5473,1.0,0.0,7.4962,-0.5769,0.0,-0.5769,-0.5769,0.5383,0.0,1.0,1.0,0.0,0.0,0.0,0.3125,0.0,0.0,0.0,6.0,37.5,8.0,44.0
2024_09_HOU_NYJ,2024,9,NYJ,HOU,-4.0489,38.1164,62.1787,66.5251,128.7038,1.0,0.0,-4.9017,0.0,0.0,0.0,0.0,-2.386,0.0,1.0,1.0,-0.0,1.0,0.0,1.4226,0.0,0.0,0.0,2.5,43.5,8.0,34.0
2024_09_DAL_ATL,2024,9,ATL,DAL,2.2517,51.7776,64.2797,68.4377,132.7173,1.0,0.0,-2.4802,0.0,0.0,0.0,0.0,-3.8046,0.0,0.0,0.0,0.0,1.0,0.0,0.7363,1.0,0.0,0.0,3.0,52.0,6.0,48.0
2024_09_DEN_BAL,2024,9,BAL,DEN,5.4092,45.0851,67.0187,64.5698,131.5885,1.0,0.0,5.2748,0.0,0.0,0.0,0.0,-0.6312,0.0,0.0,0.0,0.0,2.0,1.0,1.5078,0.0,0.0,0.0,9.0,46.5,31.0,51.0
2024_09_MIA_BUF,2024,9,BUF,MIA,10.5608,44.3532,60.4134,65.2479,125.6613,1.0,0.0,8.6143,0.0,0.0,0.0,0.0,2.1725,1.0,0.0,0.0,10.5608,0.0,0.0,1.1648,0.0,0.0,0.0,6.5,49.0,3.0,57.0
2024_09_NO_CAR,2024,9,CAR,NO,-7.7288,41.8677,63.64,66.046,129.686,1.0,0.0,-6.3797,0.0,0.0,0.0,0.0,0.49,1.0,0.0,0.0,-7.7288,1.0,0.0,0.6487,0.0,0.0,0.0,-7.0,43.5,1.0,45.0
2024_09_LV_CIN,2024,9,CIN,LV,5.5324,42.4214,59.3556,65.8374,125.193,1.0,0.0,4.5349,0.0,0.0,0.0,0.0,1.6383,0.0,0.0,0.0,0.0,3.0,1.0,1.6838,0.0,0.0,0.0,8.0,45.0,17.0,65.0
2024_09_LAC_CLE,2024,9,CLE,LAC,-7.4427,34.2006,65.4742,61.1834,126.6576,1.0,0.0,-3.0161,4.5155,0.0,4.5155,4.5155,-0.9478,0.0,0.0,0.0,-0.0,3.0,1.0,2.0526,0.0,0.0,0.0,-2.0,42.5,-17.0,37.0
2024_09_WAS_NYG,2024,9,NYG,WAS,-5.8457,44.9885,62.8495,62.9411,125.7905,1.0,-0.12,-4.1292,0.0,-5.0863,5.0863,-5.0863,-2.1692,1.0,0.0,0.0,-5.8457,0.0,0.0,0.1981,0.0,0.0,0.0,-4.5,44.5,-5.0,49.0
2024_09_NE_TEN,2024,9,TEN,NE,3.9757,38.9887,64.7459,59.6419,124.3878,1.0,0.0,1.4942,1.4691,0.6121,0.857,2.0812,0.0029,0.0,0.0,0.0,0.0,-1.0,0.0,0.9246,0.0,0.0,0.0,3.0,38.5,3.0,37.0
2024_09_CHI_ARI,2024,9,ARI,CHI,-2.9149,45.6058,60.3337,65.6867,126.0204,1.0,0.0,-3.6105,0.0,0.0,0.0,0.0,0.2577,0.0,0.0,0.0,-0.0,-1.0,0.0,1.4588,1.0,0.0,0.0,1.5,44.5,20.0,38.0
2024_09_JAX_PHI,2024,9,PHI,JAX,6.1173,53.4055,65.7773,60.862,126.6393,1.0,0.0,6.3775,0.0,0.0,0.0,0.0,0.0958,0.0,0.0,0.0,0.0,0.0,0.0,0.7555,0.0,0.0,0.0,7.5,46.0,5.0,51.0
2024_09_DET_GB,2024,9,GB,DET,-1.7459,47.1507,66.611,62.245,128.856,1.0,0.0,-2.3368,0.0,0.0,0.0,0.0,1.6753,1.0,0.0,0.0,-1.7459,-1.0,0.0,0.2927,0.0,5.0,0.0,-2.5,47.5,-10.0,38.0
2024_09_LA_SEA,2024,9,SEA,LA,-4.0745,48.9632,63.3593,66.1506,129.5099,1.0,-0.36,0.0445,0.0,0.0,0.0,0.0,1.8067,1.0,0.0,0.0,-4.0745,0.0,0.0,0.9651,0.0,0.0,0.0,-1.5,48.5,-6.0,46.0
2024_09_IND_MIN,2024,9,MIN,IND,5.3112,42.3858,64.6446,64.6681,129.3127,1.0,0.36,2.9517,0.0,1.4928,-1.4928,1.4928,-1.2676,0.0,1.0,1.0,0.0,-1.0,0.0,0.5104,1.0,0.0,0.0,6.5,47.0,8.0,34.0
2024_09_TB_KC,2024,9,KC,TB,5.1151,45.7498,67.8298,63.4245,131.2543,1.0,0.0,8.3163,0.0,0.0,0.0,0.0,-0.2364,0.0,1.0,1.0,0.0,-1.0,0.0,1.0285,0.0,0.0,0.0,9.0,45.5,6.0,54.0
2024_10_CIN_BAL,2024,10,BAL,CIN,5.559,57.4805,66.3152,63.4495,129.7648,1.0,0.0,5.772,0.0,0.0,0.0,0.0,1.7139,1.0,1.0,1.0,5.559,0.0,0.0,0.4228,0.0,0.0,0.0,6.0,53.0,1.0,69.0
2024_10_NYG_CAR,2024,10,CAR,NYG,-6.1019,43.5023,58.7469,67.5021,126.249,0.0,0.0,-3.8032,3.4222,0.0,3.4222,3.4222,-0.4912,0.0,0.0,0.0,-0.0,0.0,0.0,0.0,0.0,0.0,0.0,-6.5,40.5,3.0,37.0
2024_10_NE_CHI,2024,10,CHI,NE,7.5032,38.2802,67.6757,61.0522,128.7278,1.0,0.0,5.0037,0.0,0.0,0.0,0.0,4.0087,0.0,0.0,0.0,0.0,-1.0,0.0,0.8389,0.0,0.0,0.0,6.5,37.5,-16.0,22.0
2024_10_BUF_IND,2024,10,IND,BUF,-6.2801,47.0328,60.8722,66.546,127.4181,1.0,0.0,-7.9356,0.9734,0.0,0.9734,0.9734,-2.4244,0.0,0.0,0.0,-0.0,0.0,0.0,0.4358,1.0,0.0,0.0,-4.5,46.5,-10.0,50.0
2024_10_MIN_JAX,2024,10,JAX,MIN,-10.1529,46.1525,61.6207,64.4765,126.0972,1.0,0.0,-5.8124,-4.1012,0.0,-4.1012,-4.1012,0.0466,0.0,0.0,0.0,-0.0,1.0,0.0,1.1925,0.0,0.0,0.0,-7.0,42.5,-5.0,19.0
2024_10_DEN_KC,2024,10,KC,DEN,6.509,38.7213,68.6328,61.3187,129.9515,1.0,-0.12,9.0186,0.0,0.0,0.0,0.0,-0.5705,1.0,0.0,0.0,6.509,1.0,0.0,0.5643,0.0,2.0,0.0,7.5,42.5,2.0,30.0
2024_10_ATL_NO,2024,10,NO,ATL,-3.8496,45.4407,68.6572,63.9861,132.6434,1.0,0.0,-2.3277,0.0,0.0,0.0,0.0,0.386,1.0,0.0,0.0,-3.8496,-1.0,0.0,0.4244,1.0,0.0,0.0,-3.5,46.5,3.0,37.0
2024_10_SF_TB,2024,10,TB,SF,-4.0898,50.0714,63.0211,67.9367,130.9578,1.0,-0.96,-4.4411,0.0,0.0,0.0,0.0,1.7052,0.0,0.0,0.0,-0.0,3.0,1.0,2.367,0.0,0.0,0.0,-6.5,50.5,-3.0,43.0
2024_10_PIT_WAS,2024,10,WAS,PIT,1.6814,48.7427,63.2719,61.676,124.9478,1.0,-0.72,-3.4733,-5.7099,-0.3467,-5.3631,-6.0566,0.8906,0.0,0.0,0.0,0.0,0.0,0.0,0.1985,0.0,0.0,0.0,1.5,45.0,-1.0,55.0
2024_10_TEN_LAC,2024,10,LAC,TEN,6.3357,36.043,60.5977,65.3116,125.9093,1.0,0.0,5.2653,0.0,0.0,0.0,0.0,-0.3309,0.0,0.0,0.0,0.0,-2.0,0.0,1.7842,1.0,0.0,0.0,8.0,40.0,10.0,44.0
2024_10_NYJ_ARI,2024,10,ARI,NYJ,-0.3323,45.8623,63.0324,63.9827,127.0151,1.0,-0.36,-0.3422,0.0,0.0,0.0,0.0,1.1802,0.0,0.0,0.0,-0.0,-2.0,0.0,2.1441,1.0,0.0,0.0,-2.0,45.5,25.0,37.0
2024_10_PHI_DAL,2024,10,DAL,PHI,-7.2496,48.7747,64.8778,63.656,128.5338,1.0,0.0,-3.7879,-4.5228,0.0,-4.5228,-4.5228,0.6858,1.0,0.0,0.0,-7.2496,-1.0,0.0,1.3126,1.0,0.0,0.0,-7.5,44.5,-28.0,40.0
2024_10_DET_HOU,2024,10,HOU,DET,-5.8629,42.8578,68.6022,59.9586,128.5608,1.0,0.36,-6.5448,0.0,0.0,0.0,0.0,0.9611,0.0,1.0,1.0,-0.0,-1.0,0.0,1.112,1.0,0.0,0.0,-4.5,49.0,-3.0,49.0
2024_10_MIA_LA,2024,10,LA,MIA,5.3786,44.2521,62.9199,66.1075,129.0274,1.0,0.0,2.8532,0.0,0.0,0.0,0.0,-0.3361,0.0,1.0,1.0,0.0,-3.0,0.0,2.3327,1.0,0.0,0.0,2.5,49.5,-8.0,38.0
2024_11_WAS_PHI,2024,11,PHI,WAS,2.4864,48.6379,63.8958,61.7053,125.6011,1.0,0.0,4.9059,0.0,-4.7533,4.7533,-4.7533,-1.9916,1.0,1.0,1.0,2.4864,0.0,0.0,0.1136,0.0,0.0,0.0,4.5,49.5,8.0,44.0
2024_11_GB_CHI,2024,11,CHI,GB,-5.8652,41.1827,64.0165,62.7964,126.8129,1.0,-0.84,-6.1942,0.0,0.0,0.0,0.0,-2.2317,1.0,0.0,0.0,-5.8652,0.0,0.0,0.1837,0.0,0.0,0.0,-6.0,41.0,-1.0,39.0
2024_11_JAX_DET,2024,11,DET,JAX,11.1412,48.3866,65.5142,61.2344,126.7486,1.0,0.0,11.1199,0.0,-4.3682,4.3682,-4.3682,-0.0777,0.0,0.0,0.0,0.0,0.0,0.0,0.8339,1.0,0.0,0.0,14.0,47.5,46.0,58.0
2024_11_LV_MIA,2024,11,MIA,LV,5.1923,36.4698,63.4247,61.4698,124.8946,1.0,-0.96,3.3922,0.0,0.0,0.0,0.0,3.312,0.0,0.0,0.0,0.0,3.0,1.0,2.1707,0.0,6.0,0.0,8.0,43.5,15.0,53.0
2024_11_LA_NE,2024,11,NE,LA,-7.3869,40.7371,62.4654,66.677,129.1424,1.0,0.12,-4.4291,0.0,0.0,0.0,0.0,-2.7623,0.0,0.0,0.0,-0.0,3.0,1.0,2.5896,0.0,0.0,0.0,-4.0,42.5,-6.0,50.0
2024_11_CLE_NO,2024,11,NO,CLE,3.4094,37.1483,61.9386,69.6195,131.5581,1.0,-0.84,1.6212,0.0,2.8556,-2.8556,2.8556,0.5878,0.0,0.0,0.0,0.0,-1.0,0.0,0.9255,1.0,0.0,0.0,-1.0,44.0,21.0,49.0
2024_11_IND_NYJ,2024,11,NYJ,IND,0.0982,39.3251,66.5764,63.0201,129.5965,1.0,0.0,-1.4397,0.0,0.0,0.0,0.0,0.0899,0.0,0.0,0.0,0.0,0.0,0.0,0.6408,0.0,0.0,0.0,4.0,43.0,-1.0,55.0
2024_11_BAL_PIT,2024,11,PIT,BAL,-3.8149,50.6337,68.5922,63.078,131.6702,1.0,-0.36,-2.9175,0.1252,0.0,0.1252,0.1252,-3.4484,1.0,0.0,0.0,-3.8149,0.0,0.0,0.1972,0.0,0.0,0.0,-3.0,48.0,2.0,34.0
2024_11_MIN_TEN,2024,11,TEN,MIN,-8.4379,39.1571,63.2024,61.4868,124.6892,1.0,0.0,-7.9715,1.7841,0.0,1.7841,1.7841,-4.3159,0.0,0.0,0.0,-0.0,0.0,0.0,0.6967,0.0,0.0,0.0,-6.0,40.0,-10.0,36.0
2024_11_ATL_DEN,2024,11,DEN,ATL,-1.414,43.3509,64.2603,66.1553,130.4155,1.0,0.0,1.332,0.0,0.0,0.0,0.0,6.4465,0.0,0.0,0.0,-0.0,-2.0,0.0,1.2109,0.0,0.0,0.0,2.0,44.5,32.0,44.0
2024_11_SEA_SF,2024,11,SF,SEA,9.0395,47.4325,67.0935,63.9717,131.0653,1.0,-0.84,6.4476,0.0,0.0,0.0,0.0,0.3218,1.0,0.0,0.0,9.0395,0.0,0.0,0.7045,0.0,0.0,0.0,6.0,49.0,-3.0,37.0
2024_11_KC_BUF,2024,11,BUF,KC,0.7972,47.8719,60.9823,66.7632,127.7454,1.0,0.0,-2.2661,0.0,0.0,0.0,0.0,1.1722,0.0,0.0,0.0,0.0,1.0,0.0,0.8576,0.0,0.0,0.0,2.5,46.5,9.0,51.0
2024_11_CIN_LAC,2024,11,LAC,CIN,2.3171,49.0318,63.6994,62.2306,125.93,1.0,-0.36,0.515,0.0,0.0,0.0,0.0,-1.6423,0.0,1.0,1.0,0.0,-3.0,0.0,1.9001,1.0,0.0,0.0,1.0,48.0,7.0,61.0
2024_11_HOU_DAL,2024,11,DAL,HOU,-7.0295,41.6162,64.633,66.0496,130.6826,1.0,0.0,-1.2873,-6.1692,0.0,-6.1692,-6.1692,0.9578,0.0,1.0,1.0,-0.0,0.0,0.0,0.2338,1.0,0.0,0.0,-7.5,41.5,-24.0,44.0
2024_12_PIT_CLE,2024,12,CLE,PIT,-8.0947,34.9495,66.7401,62.931,129.6711,1.0,0.0,-9.5412,3.7817,0.0,3.7817,3.7817,-1.748,1.0,1.0,1.0,-8.0947,0.0,0.0,0.1143,0.0,3.0,9.0,-3.5,36.5,5.0,43.0
2024_12_KC_CAR,2024,12,CAR,KC,-12.8131,44.9063,58.9362,69.4055,128.3416,1.0,0.84,-16.4274,3.4083,0.0,3.4083,3.4083,-1.9416,0.0,0.0,0.0,-0.0,1.0,0.0,0.795,0.0,0.0,0.0,-11.0,43.0,-3.0,57.0
2024_12_MIN_CHI,2024,12,CHI,MIN,-7.9402,36.9579,64.3162,61.4137,125.73,1.0,0.0,-7.0267,0.0,0.0,0.0,0.0,-1.9558,1.0,0.0,0.0,-7.9402,0.0,0.0,0.3553,0.0,0.0,0.0,-3.0,39.5,-3.0,57.0
2024_12_TEN_HOU,2024,12,HOU,TEN,7.6343,37.4763,64.744,63.9168,128.6608,1.0,-0.12,6.9,0.0,1.4731,-1.4731,1.4731,4.347,1.0,0.0,0.0,7.6343,0.0,0.0,0.6715,1.0,0.0,0.0,8.0,40.5,-5.0,59.0
2024_12_DET_IND,2024,12,IND,DET,-9.2599,41.0156,62.7656,65.967,128.7326,1.0,0.0,-9.524,0.0,0.0,0.0,0.0,0.2145,0.0,0.0,0.0,-0.0,0.0,0.0,0.2412,1.0,0.0,0.0,-7.0,50.5,-18.0,30.0
2024_12_NE_MIA,2024,12,MIA,NE,6.5348,42.7687,63.9583,62.5058,126.4641,1.0,0.0,5.0581,0.0,0.0,0.0,0.0,2.5043,1.0,0.0,0.0,6.5348,0.0,0.0,1.2258,0.0,0.0,0.0,7.5,46.0,19.0,49.0
2024_12_TB_NYG,2024,12,NYG,TB,-4.4885,45.7727,68.7944,61.6644,130.4588,1.0,0.0,-5.5025,-0.5232,0.0,-0.5232,-0.5232,-3.9577,0.0,0.0,0.0,-0.0,0.0,0.0,1.0076,0.0,3.0,0.0,-6.5,40.5,-23.0,37.0
2024_12_DAL_WAS,2024,12,WAS,DAL,8.064,48.747,63.4262,67.3596,130.7857,1.0,0.48,1.9509,-4.4959,-6.7323,2.2364,-11.2281,1.6337,1.0,0.0,0.0,8.064,1.0,0.0,1.2074,0.0,0.0,0.0,10.5,45.0,-8.0,60.0
2024_12_DEN_LV,2024,12,LV,DEN,-8.2529,37.2842,63.7512,62.7643,126.5155,1.0,0.0,-6.5231,0.0,0.0,0.0,0.0,-5.7473,1.0,0.0,0.0,-8.2529,-1.0,0.0,0.6083,1.0,0.0,0.0,-6.5,41.5,-10.0,48.0
2024_12_SF_GB,2024,12,GB,SF,-1.15,49.9017,61.1484,63.517,124.6654,1.0,0.0,-1.1992,0.0,-10.0,10.0,-10.0,0.7871,0.0,0.0,0.0,-0.0,2.0,0.0,1.8218,0.0,1.0,2.0,6.5,44.5,28.0,48.0
2024_12_ARI_SEA,2024,12,SEA,ARI,-3.8793,48.2939,65.2486,63.2886,128.5373,1.0,-0.84,0.8695,0.0,0.0,0.0,0.0,-1.5285,1.0,0.0,0.0,-3.8793,-1.0,0.0,1.1043,0.0,0.0,0.0,-1.0,46.5,10.0,22.0
2024_12_PHI_LA,2024,12,LA,PHI,-3.5594,43.3277,61.8548,66.2752,128.13,1.0,-0.36,-5.5528,0.0,0.0,0.0,0.0,0.4471,0.0,1.0,1.0,-0.0,-3.0,0.0,2.3962,1.0,0.0,0.0,-3.0,49.0,-17.0,57.0
2024_12_BAL_LAC,2024,12,LAC,BAL,-2.2306,47.2769,66.1422,64.1181,130.2603,1.0,0.0,-4.3566,0.0,0.0,0.0,0.0,-4.386,0.0,1.0,1.0,-0.0,-3.0,0.0,2.322,1.0,0.0,0.0,-3.0,51.0,-7.0,53.0
2024_13_CHI_DET,2024,13,DET,CHI,10.6472,43.216,61.5404,65.8733,127.4137,1.0,0.0,12.0813,0.0,0.0,0.0,0.0,-1.5009,1.0,0.0,0.0,10.6472,1.0,0.0,0.2366,1.0,0.0,0.0,9.5,47.5,3.0,43.0
2024_13_NYG_DAL,2024,13,DAL,NYG,1.4531,40.1501,65.6186,64.6784,130.2969,1.0,0.0,5.2384,-5.6154,1.2402,-6.8556,-4.3751,2.8591,1.0,0.0,0.0,1.4531,-1.0,0.0,1.3851,1.0,0.0,0.0,4.5,39.0,7.0,47.0
2024_13_MIA_GB,2024,13,GB,MIA,4.0805,46.6465,62.3814,62.2985,124.6799,1.0,0.0,4.5655,0.0,0.0,0.0,0.0,0.3168,0.0,1.0,1.0,0.0,-1.0,0.0,1.3536,0.0,0.0,18.0,3.5,47.5,13.0,47.0
2024_13_LV_KC,2024,13,KC,LV,11.4944,43.1436,67.0476,62.4289,129.4765,1.0,0.0,14.4912,0.0,0.0,0.0,0.0,3.642,1.0,0.0,0.0,11.4944,2.0,0.0,1.1493,0.0,0.0,8.0,13.5,42.0,2.0,36.0
2024_13_LAC_ATL,2024,13,ATL,LAC,-2.9722,47.1164,64.6209,63.7346,128.3556,1.0,0.96,-3.8652,0.0,0.0,0.0,0.0,-2.7808,0.0,0.0,0.0,-0.0,3.0,1.0,1.9385,1.0,0.0,0.0,-1.0,47.0,-4.0,30.0
2024_13_PIT_CIN,2024,13,CIN,PIT,0.2804,46.4648,63.0962,67.9951,131.0913,1.0,0.48,-3.2842,0.0,0.0,0.0,0.0,-0.9248,1.0,0.0,0.0,0.2804,0.0,0.0,0.2566,0.0,0.0,13.0,3.0,46.0,-6.0,82.0
2024_13_HOU_JAX,2024,13,JAX,HOU,-8.618,42.5439,58.5653,69.9636,128.529,1.0,0.84,-4.5575,0.0,0.0,0.0,0.0,-1.4803,1.0,0.0,0.0,-8.618,1.0,0.0,0.8248,0.0,0.0,0.0,-3.5,44.5,-3.0,43.0
2024_13_ARI_MIN,2024,13,MIN,ARI,6.6805,44.6749,65.5258,60.1888,125.7147,1.0,0.0,6.1421,0.0,0.0,0.0,0.0,-1.4248,0.0,0.0,0.0,0.0,1.0,0.0,1.2828,1.0,0.0,0.0,3.5,45.5,1.0,45.0
2024_13_IND_NE,2024,13,NE,IND,-5.6183,38.854,67.1505,61.4854,128.636,1.0,0.0,-4.1859,0.0,-0.1928,0.1928,-0.1928,-2.6817,0.0,0.0,0.0,-0.0,0.0,0.0,0.7933,0.0,0.0,9.0,-2.5,41.5,-1.0,49.0
2024_13_SEA_NYJ,2024,13,NYJ,SEA,-0.4942,41.6628,63.1305,65.8883,129.0188,1.0,0.84,-3.914,0.0,0.0,0.0,0.0,0.3891,0.0,0.0,0.0,-0.0,3.0,1.0,2.3957,0.0,2.0,8.0,1.0,41.5,-5.0,47.0
2024_13_TEN_WAS,2024,13,WAS,TEN,2.6559,43.8989,62.2127,63.5942,125.8069,1.0,0.0,2.8739,-3.7745,1.3136,-5.0881,-2.4609,4.8076,0.0,0.0,0.0,0.0,1.0,0.0,0.5745,0.0,0.0,3.0,6.0,45.0,23.0,61.0
2024_13_TB_CAR,2024,13,CAR,TB,-10.0049,51.0533,62.7029,67.5351,130.2379,1.0,0.0,-8.9433,2.8326,0.0,2.8326,2.8326,-5.1632,1.0,0.0,0.0,-10.0049,0.0,0.0,0.5103,0.0,0.0,0.0,-6.5,46.0,-3.0,49.0
2024_13_LA_NO,2024,13,NO,LA,-3.5162,46.1698,65.3926,65.771,131.1637,1.0,0.84,-0.6744,0.0,0.0,0.0,0.0,0.0482,0.0,0.0,0.0,-0.0,2.0,0.0,1.6742,1.0,0.0,0.0,-2.5,48.5,-7.0,35.0
2024_13_PHI_BAL,2024,13,BAL,PHI,-0.3894,50.1052,61.2507,69.8004,131.051,1.0,-0.12,0.8688,0.0,0.0,0.0,0.0,2.9976,0.0,0.0,0.0,-0.0,0.0,0.0,0.0886,0.0,0.0,4.0,3.0,50.0,-5.0,43.0
2024_13_SF_BUF,2024,13,BUF,SF,2.6091,49.3878,63.411,61.3707,124.7817,1.0,0.84,4.8949,0.0,0.0,0.0,0.0,2.4035,0.0,1.0,1.0,0.0,3.0,0.0,2.2874,0.0,1.0,17.0,6.5,45.0,25.0,45.0
2024_13_CLE_DEN,2024,13,DEN,CLE,7.8253,35.8754,61.0666,68.5727,129.6393,1.0,-0.36,5.7192,0.0,0.0,0.0,0.0,3.7766,0.0,1.0,1.0,0.0,-2.0,0.0,1.2253,0.0,0.0,0.0,6.5,41.5,9.0,73.0
2024_14_GB_DET,2024,14,DET,GB,3.9036,49.1454,62.9862,62.1532,125.1393,1.0,0.0,3.44,0.0,0.0,0.0,0.0,-1.284,1.0,1.0,1.0,3.9036,1.0,0.0,0.2927,1.0,0.0,0.0,3.0,53.0,3.0,65.0
2024_14_NYJ_MIA,2024,14,MIA,NYJ,3.1249,43.4765,65.6566,60.2532,125.9098,1.0,0.36,3.5914,0.0,0.0,0.0,0.0,0.8036,1.0,0.0,0.0,3.1249,0.0,0.0,1.0856,0.0,2.0,0.0,6.5,45.0,6.0,58.0
2024_14_ATL_MIN,2024,14,MIN,ATL,5.5716,43.2587,62.9327,66.5903,129.523,1.0,0.0,7.056,0.0,0.0,0.0,0.0,1.7178,0.0,0.0,0.0,0.0,-1.0,0.0,0.9069,1.0,0.0,0.0,6.0,46.5,21.0,63.0
2024_14_NO_NYG,2024,14,NYG,NO,-4.2451,41.7308,65.5815,63.6479,129.2295,1.0,0.36,-4.4761,-0.5005,0.0,-0.5005,-0.5005,-2.7116,0.0,0.0,0.0,-0.0,1.0,0.0,1.1699,0.0,3.0,0.0,-5.5,41.0,-3.0,25.0
2024_14_CAR_PHI,2024,14,PHI,CAR,13.9702,46.2383,69.2885,60.3693,129.6578,1.0,0.0,15.5174,0.0,2.2775,-2.2775,2.2775,2.05,0.0,0.0,0.0,0.0,0.0,0.0,0.4485,0.0,6.0,0.0,14.0,44.5,6.0,38.0
2024_14_CLE_PIT,2024,14,PIT,CLE,8.0943,37.8116,63.9411,66.4794,130.4205,1.0,0.12,8.6589,0.0,0.0,0.0,0.0,0.9245,1.0,0.0,0.0,8.0943,0.0,0.0,0.1143,0.0,2.0,0.0,6.0,43.0,13.0,41.0
2024_14_LV_TB,2024,14,TB,LV,7.6482,43.8963,65.7599,66.9791,132.7389,1.0,-0.24,7.137,0.0,0.0,0.0,0.0,5.9183,0.0,0.0,0.0,0.0,3.0,1.0,1.9842,0.0,0.0,0.0,7.0,47.0,15.0,41.0
2024_14_JAX_TEN,2024,14,TEN,JAX,1.4834,44.0253,66.4988,58.7976,125.2963,1.0,0.0,-0.7318,1.0635,-3.6772,4.7407,-2.6137,-4.4525,1.0,0.0,0.0,1.4834,-1.0,0.0,0.5008,0.0,0.0,0.0,3.0,40.0,-4.0,16.0
2024_14_SEA_ARI,2024,14,ARI,SEA,1.1665,45.2152,64.0069,63.384,127.3908,1.0,0.0,-3.1164,0.0,0.0,0.0,0.0,3.0228,1.0,0.0,0.0,1.1665,1.0,0.0,1.1043,1.0,0.0,0.0,3.0,45.5,-12.0,48.0
2024_14_BUF_LA,2024,14,LA,BUF,-6.1919,50.7325,60.302,64.9017,125.2037,1.0,0.0,-8.7031,0.0,0.0,0.0,0.0,-5.1732,0.0,0.0,0.0,-0.0,-3.0,0.0,2.2057,1.0,0.0,0.0,-3.5,49.5,2.0,86.0
2024_14_CHI_SF,2024,14,SF,CHI,3.201,43.7001,59.7689,64.637,124.4059,1.0,-0.36,6.2114,0.0,0.0,0.0,0.0,0.409,0.0,0.0,0.0,0.0,-2.0,0.0,1.8413,0.0,0.0,0.0,3.0,43.5,25.0,51.0
2024_14_LAC_KC,2024,14,KC,LAC,0.7669,43.4451,68.8891,59.6992,128.5883,1.0,0.24,6.5202,0.0,0.0,0.0,0.0,1.5208,1.0,1.0,1.0,0.7669,2.0,0.0,1.3666,0.0,0.0,0.0,5.0,43.5,2.0,36.0
2024_14_CIN_DAL,2024,14,DAL,CIN,-2.5582,48.6693,69.766,64.113,133.879,1.0,0.36,-0.4005,-5.514,0.0,-5.514,-5.514,4.2444,0.0,1.0,1.0,-0.0,-1.0,0.0,0.8281,1.0,0.0,0.0,-5.0,51.0,-7.0,47.0
2024_15_LA_SF,2024,15,SF,LA,1.5639,50.3871,62.2796,61.7149,123.9944,1.0,0.0,2.4284,0.0,0.0,0.0,0.0,3.8699,1.0,1.0,1.0,1.5639,0.0,0.0,0.3135,0.0,0.0,0.0,3.0,48.5,-6.0,18.0
2024_15_DAL_CAR,2024,15,CAR,DAL,-2.9367,43.0906,62.3324,70.7329,133.0652,1.0,0.12,-6.8059,0.0,0.0,0.0,0.0,-4.217,0.0,0.0,0.0,-0.0,1.0,0.0,0.945,0.0,0.0,0.0,2.5,42.0,-16.0,44.0
2024_15_KC_CLE,2024,15,CLE,KC,-8.6002,42.8592,66.6323,64.8179,131.4502,1.0,0.0,-13.5374,0.0,0.0,0.0,0.0,0.7212,0.0,0.0,0.0,-0.0,1.0,0.0,0.6943,0.0,8.0,5.0,-4.5,41.5,-14.0,28.0
2024_15_MIA_HOU,2024,15,HOU,MIA,2.1681,40.8276,63.7159,65.4032,129.1191,1.0,0.84,1.1607,0.0,0.0,0.0,0.0,-1.5094,0.0,0.0,0.0,0.0,-1.0,0.0,0.9614,1.0,0.0,0.0,2.5,46.5,8.0,32.0
2024_15_NYJ_JAX,2024,15,JAX,NYJ,-2.7081,46.8867,60.5615,65.5269,126.0884,1.0,0.0,0.9689,-3.2148,0.0,-3.2148,-3.2148,0.0794,0.0,0.0,0.0,-0.0,0.0,0.0,0.8394,0.0,0.0,0.0,-3.5,41.5,-7.0,57.0
2024_15_WAS_NO,2024,15,NO,WAS,-4.0877,46.9248,63.6229,67.541,131.1639,1.0,-0.84,-1.4269,-3.9669,0.0,-3.9669,-3.9669,-0.6784,0.0,0.0,0.0,-0.0,-1.0,0.0,0.9731,1.0,0.0,0.0,-7.5,44.5,-1.0,39.0
2024_15_BAL_NYG,2024,15,NYG,BAL,-13.6426,44.7084,68.3824,63.396,131.7784,1.0,-0.84,-13.6576,-0.5006,0.0,-0.5006,-0.5006,-6.8794,0.0,0.0,0.0,-0.0,0.0,0.0,0.1715,0.0,0.0,9.0,-16.5,43.5,-21.0,49.0
2024_15_CIN_TEN,2024,15,TEN,CIN,-4.6896,47.6804,64.3083,63.7564,128.0648,1.0,0.12,-6.2573,0.0,0.0,0.0,0.0,-2.7548,0.0,0.0,0.0,-0.0,-1.0,0.0,0.237,0.0,2.0,0.0,-6.0,46.5,-10.0,64.0
2024_15_NE_ARI,2024,15,ARI,NE,5.579,45.9328,62.5308,63.787,126.3178,1.0,-0.84,3.4113,0.0,0.0,0.0,0.0,4.3076,0.0,0.0,0.0,0.0,-2.0,0.0,2.2914,1.0,0.0,0.0,6.0,46.5,13.0,47.0
2024_15_IND_DEN,2024,15,DEN,IND,4.1794,37.6527,66.5727,64.5311,131.1038,1.0,-0.12,4.0644,0.0,0.0,0.0,0.0,3.6592,0.0,0.0,0.0,0.0,-2.0,0.0,0.9998,0.0,5.0,0.0,4.5,43.5,18.0,44.0
2024_15_BUF_DET,2024,15,DET,BUF,1.528,52.4858,64.2641,61.3977,125.6619,1.0,0.36,0.7815,0.0,0.0,0.0,0.0,-2.2295,0.0,0.0,0.0,0.0,0.0,0.0,0.2188,1.0,0.0,0.0,2.5,55.5,-6.0,90.0
2024_15_TB_LAC,2024,15,LAC,TB,0.0808,44.3024,63.2371,66.7881,130.0253,1.0,0.0,0.3299,0.0,0.0,0.0,0.0,-4.6243,0.0,0.0,0.0,0.0,-3.0,0.0,2.1518,1.0,0.0,0.0,3.0,46.0,-23.0,57.0
2024_15_PIT_PHI,2024,15,PHI,PIT,4.6785,39.9053,63.0534,65.1824,128.2358,1.0,0.0,2.645,0.0,0.0,0.0,0.0,1.5523,0.0,0.0,0.0,0.0,0.0,0.0,0.2587,0.0,0.0,8.0,5.5,43.0,14.0,40.0
2024_15_GB_SEA,2024,15,SEA,GB,-4.154,44.2508,64.2523,63.0847,127.337,1.0,-0.36,-2.9863,0.0,0.0,0.0,0.0,-0.1862,0.0,1.0,1.0,-0.0,-2.0,0.0,1.6437,0.0,0.0,2.0,-3.0,48.0,-17.0,43.0
2024_15_CHI_MIN,2024,15,MIN,CHI,9.4792,41.5129,61.6571,66.5251,128.1822,1.0,0.0,9.0166,0.0,0.0,0.0,0.0,-0.6572,1.0,1.0,1.0,9.4792,0.0,0.0,0.3553,1.0,0.0,0.0,7.0,43.5,18.0,42.0
2024_15_ATL_LV,2024,15,LV,ATL,-6.7307,43.2365,62.9917,66.4883,129.48,1.0,0.0,-3.1306,0.4263,0.0,0.4263,0.4263,0.3773,0.0,1.0,1.0,-0.0,-3.0,0.0,1.7441,1.0,0.0,0.0,-6.5,44.5,-6.0,24.0
2024_16_DEN_LAC,2024,16,LAC,DEN,-1.9757,36.6453,63.9232,65.4463,129.3695,1.0,0.0,-2.4093,0.0,0.0,0.0,0.0,-6.5386,1.0,1.0,1.0,-1.9757,-1.0,0.0,0.8369,1.0,0.0,0.0,3.0,41.5,7.0,61.0
2024_16_HOU_KC,2024,16,KC,HOU,1.2188,38.3185,67.9885,61.7649,129.7534,1.0,0.0,7.311,0.0,0.0,0.0,0.0,-0.8129,0.0,0.0,0.0,0.0,0.0,0.0,0.6492,0.0,0.0,15.0,3.5,42.5,8.0,46.0
2024_16_PIT_BAL,2024,16,BAL,PIT,5.7563,47.4943,63.6954,66.4763,130.1717,1.0,0.0,2.8254,0.0,0.0,0.0,0.0,4.0211,1.0,0.0,0.0,5.7563,0.0,0.0,0.1972,0.0,5.0,10.0,7.0,44.5,17.0,51.0
2024_16_NYG_ATL,2024,16,ATL,NYG,7.389,43.2917,64.4221,64.3732,128.7953,1.0,-0.12,4.9362,-1.7458,-0.4954,-1.2504,-2.2412,1.9906,0.0,0.0,0.0,0.0,0.0,0.0,0.7475,1.0,0.0,0.0,9.5,42.5,27.0,41.0
2024_16_ARI_CAR,2024,16,CAR,ARI,-6.9645,49.2565,59.8026,67.0864,126.889,1.0,0.0,-6.7269,0.0,0.0,0.0,0.0,-4.9872,0.0,0.0,0.0,-0.0,2.0,1.0,1.7877,0.0,0.0,8.0,-5.5,47.0,6.0,66.0
2024_16_DET_CHI,2024,16,CHI,DET,-11.5276,46.6139,63.8964,65.9029,129.7992,1.0,-0.12,-12.7341,0.0,0.0,0.0,0.0,-0.2857,1.0,0.0,0.0,-11.5276,-1.0,0.0,0.2366,0.0,0.0,16.0,-7.0,47.5,-17.0,51.0
2024_16_CLE_CIN,2024,16,CIN,CLE,7.7154,46.0429,64.0313,69.2757,133.307,1.0,0.0,6.1811,0.0,0.0,0.0,0.0,-1.235,1.0,0.0,0.0,7.7154,0.0,0.0,0.2231,0.0,0.0,12.0,10.0,46.5,18.0,30.0
2024_16_TEN_IND,2024,16,IND,TEN,3.6492,34.6208,62.1301,66.0949,128.225,1.0,0.0,3.8067,0.9085,2.7398,-1.8313,3.6483,1.9784,1.0,0.0,0.0,3.6492,1.0,0.0,0.2505,1.0,0.0,0.0,4.0,42.5,8.0,68.0
2024_16_LA_NYJ,2024,16,NYJ,LA,-4.3569,50.5944,62.1932,67.0189,129.2121,1.0,-0.36,-5.2723,0.0,0.0,0.0,0.0,1.5145,0.0,0.0,0.0,-0.0,3.0,1.0,2.4495,0.0,0.0,22.0,-3.0,47.0,-10.0,28.0
2024_16_PHI_WAS,2024,16,WAS,PHI,-5.7941,46.9235,64.3369,62.8772,127.2141,1.0,0.0,-8.2197,0.0,0.0,0.0,0.0,0.5478,1.0,0.0,0.0,-5.7941,0.0,0.0,0.1136,0.0,0.0,13.0,-4.0,47.0,3.0,69.0
2024_16_MIN_SEA,2024,16,SEA,MIN,-7.0228,40.4369,65.2853,66.124,131.4093,1.0,0.12,-4.2815,0.0,0.0,0.0,0.0,0.8145,0.0,0.0,0.0,-0.0,-2.0,0.0,1.3918,0.0,0.0,0.0,-2.5,43.0,-3.0,51.0
2024_16_NE_BUF,2024,16,BUF,NE,14.8432,53.9084,63.4137,63.4278,126.8415,1.0,0.0,16.1948,0.0,0.0,0.0,0.0,6.283,1.0,0.0,0.0,14.8432,0.0,0.0,0.3864,0.0,0.0,31.0,14.0,48.0,3.0,45.0
2024_16_JAX_LV,2024,16,LV,JAX,-2.1211,43.0554,66.9726,61.0609,128.0335,1.0,-0.12,-2.5534,0.4267,-2.5359,2.9626,-2.1092,-0.4463,0.0,0.0,0.0,-0.0,-3.0,0.0,1.9698,1.0,0.0,0.0,2.5,41.5,5.0,33.0
2024_16_SF_MIA,2024,16,MIA,SF,-2.7763,44.4693,63.1368,58.2982,121.435,1.0,-0.36,-2.8968,0.0,0.0,0.0,0.0,0.6281,0.0,0.0,0.0,-0.0,3.0,0.0,2.5549,0.0,2.0,0.0,-2.0,44.0,12.0,46.0
2024_16_TB_DAL,2024,16,DAL,TB,-4.8992,44.7182,68.4138,64.7841,133.1979,1.0,0.0,-3.9431,0.0,0.0,0.0,0.0,-1.0101,0.0,1.0,1.0,-0.0,-1.0,0.0,0.9293,1.0,0.0,0.0,-4.5,47.5,2.0,50.0
2024_16_NO_GB,2024,16,GB,NO,9.3584,46.9821,64.2868,63.4709,127.7578,1.0,0.0,8.0701,0.0,-5.1716,5.1716,-5.1716,-0.0826,0.0,1.0,1.0,0.0,0.0,0.0,1.0114,0.0,2.0,11.0,14.0,44.0,34.0,34.0
2024_17_KC_PIT,2024,17,PIT,KC,-4.846,43.1321,61.4978,67.5142,129.012,1.0,0.0,-6.3009,0.0,0.0,0.0,0.0,-1.4742,0.0,0.0,0.0,-0.0,1.0,0.0,0.7738,0.0,0.0,6.0,-3.0,43.5,-19.0,39.0
2024_17_BAL_HOU,2024,17,HOU,BAL,-5.5238,45.6032,65.1033,64.2743,129.3776,1.0,0.0,-6.052,0.0,0.0,0.0,0.0,-4.9079,0.0,0.0,0.0,-0.0,-1.0,0.0,1.2549,1.0,0.0,0.0,-5.5,46.5,-29.0,33.0
2024_17_SEA_CHI,2024,17,CHI,SEA,-5.7041,40.6515,66.1316,63.291,129.4226,1.0,0.0,-5.3933,0.0,0.0,0.0,0.0,0.9714,0.0,1.0,1.0,-0.0,2.0,0.0,1.7341,0.0,0.0,0.0,-3.5,43.5,-3.0,9.0
2024_17_LAC_NE,2024,17,NE,LAC,-7.0663,43.9788,66.5266,59.9155,126.4421,1.0,-0.36,-8.5512,0.0,0.0,0.0,0.0,-0.3564,0.0,0.0,0.0,-0.0,3.0,1.0,2.5896,0.0,0.0,5.0,-6.0,42.0,-33.0,47.0
2024_17_DEN_CIN,2024,17,CIN,DEN,-0.0761,47.2773,67.3666,64.7408,132.1074,1.0,-0.36,-0.3338,0.0,0.0,0.0,0.0,-5.8893,0.0,0.0,0.0,-0.0,2.0,0.0,1.093,0.0,0.0,0.0,3.5,50.5,6.0,54.0
2024_17_ARI_LA,2024,17,LA,ARI,4.1411,49.2785,61.4992,64.6429,126.142,1.0,0.0,5.7155,0.0,0.0,0.0,0.0,-5.5324,1.0,1.0,1.0,4.1411,-1.0,0.0,0.3503,1.0,0.0,0.0,6.5,48.0,4.0,22.0
2024_17_NYJ_BUF,2024,17,BUF,NYJ,9.8578,55.4259,64.4241,63.4264,127.8504,1.0,0.0,13.4607,0.0,0.0,0.0,0.0,4.6068,1.0,0.0,0.0,9.8578,0.0,0.0,0.2779,0.0,5.0,0.0,10.0,44.5,26.0,54.0
2024_17_TEN_JAX,2024,17,JAX,TEN,0.512,43.5668,61.0994,65.6633,126.7626,1.0,0.0,1.5107,0.0,3.0111,-3.0111,3.0111,2.5573,1.0,0.0,0.0,0.512,1.0,0.0,0.5008,0.0,6.0,0.0,-1.0,38.0,7.0,33.0
2024_17_LV_NO,2024,17,NO,LV,2.5242,36.4847,63.0926,68.0074,131.1001,1.0,-0.12,3.6655,-5.171,0.5809,-5.7519,-4.5901,1.2953,0.0,0.0,0.0,0.0,2.0,0.0,1.5101,1.0,0.0,0.0,-2.0,37.5,-15.0,35.0
2024_17_IND_NYG,2024,17,NYG,IND,-7.9692,35.2668,66.8336,61.9351,128.7687,1.0,0.0,-6.2743,-0.4953,0.7674,-1.2627,0.2721,-2.3604,0.0,0.0,0.0,-0.0,0.0,0.0,0.6408,0.0,0.0,0.0,-7.5,40.5,12.0,78.0
2024_17_DAL_PHI,2024,17,PHI,DAL,9.7805,41.1711,65.7598,64.328,130.0879,1.0,0.0,7.7123,0.0,0.0,0.0,0.0,-3.1017,1.0,0.0,0.0,9.7805,1.0,0.0,1.3126,0.0,0.0,0.0,7.5,37.5,34.0,48.0
2024_17_CAR_TB,2024,17,TB,CAR,8.3192,51.3526,69.8472,62.4924,132.3396,1.0,0.0,10.6282,0.0,0.0,0.0,0.0,6.544,1.0,0.0,0.0,8.3192,0.0,0.0,0.5103,0.0,0.0,0.0,9.5,47.5,34.0,62.0
2024_17_MIA_CLE,2024,17,CLE,MIA,-7.4931,39.1512,64.9666,63.6389,128.6055,1.0,0.0,-5.9137,0.0,-6.9543,6.9543,-6.9543,-2.8405,0.0,0.0,0.0,-0.0,0.0,0.0,1.0776,0.0,5.0,0.0,-3.0,32.5,-17.0,23.0
2024_17_GB_MIN,2024,17,MIN,GB,-1.9187,46.9466,63.3844,63.5183,126.9027,1.0,0.12,-0.8298,0.0,0.0,0.0,0.0,-2.32,1.0,0.0,0.0,-1.9187,0.0,0.0,0.257,1.0,0.0,0.0,-1.0,49.0,2.0,52.0
2024_17_ATL_WAS,2024,17,WAS,ATL,-0.2494,46.9114,64.7893,64.3589,129.1482,1.0,0.0,2.4754,0.0,-0.9308,0.9308,-0.9308,3.3082,0.0,1.0,1.0,-0.0,0.0,0.0,0.5499,0.0,0.0,0.0,3.5,46.5,6.0,54.0
2024_17_DET_SF,2024,17,SF,DET,-5.1753,49.1713,59.8796,64.4609,124.3405,1.0,0.0,-7.3771,0.0,0.0,0.0,0.0,0.457,0.0,1.0,1.0,-0.0,-3.0,0.0,2.0737,0.0,0.0,0.0,-4.0,50.5,-6.0,74.0
2024_18_CLE_BAL,2024,18,BAL,CLE,17.682,41.2009,61.0662,69.4242,130.4904,1.0,0.48,14.7091,0.0,-3.1344,3.1344,-3.1344,2.994,1.0,0.0,0.0,17.682,0.0,0.0,0.3083,0.0,6.0,14.0,19.5,42.5,25.0,45.0
2024_18_CIN_PIT,2024,18,PIT,CIN,-4.1502,48.7459,65.4058,65.8057,131.2114,1.0,0.36,-0.0144,0.0,0.0,0.0,0.0,-0.2704,1.0,1.0,1.0,-4.1502,0.0,0.0,0.2566,0.0,0.0,26.0,-2.5,48.5,-2.0,36.0
2024_18_CAR_ATL,2024,18,ATL,CAR,7.9041,49.6063,69.4587,60.7778,130.2366,1.0,0.0,6.0249,-1.0097,0.0,-1.0097,-1.0097,2.5523,1.0,0.0,0.0,7.9041,0.0,0.0,0.2261,1.0,0.0,0.0,7.5,48.5,-6.0,82.0
2024_18_WAS_DAL,2024,18,DAL,WAS,-4.3175,43.8241,64.9767,67.7063,132.683,1.0,0.0,-2.0468,-0.5995,0.0,-0.5995,-0.5995,0.7658,1.0,0.0,0.0,-4.3175,-1.0,0.0,1.2074,1.0,0.0,0.0,-7.0,43.5,-4.0,42.0
2024_18_CHI_GB,2024,18,GB,CHI,11.7012,43.2142,60.5806,63.8634,124.4441,1.0,-0.36,11.3542,0.0,0.0,0.0,0.0,0.1588,1.0,0.0,0.0,11.7012,0.0,0.0,0.1837,0.0,3.0,29.0,10.0,41.5,-2.0,46.0
2024_18_JAX_IND,2024,18,IND,JAX,2.9804,44.9691,66.3927,61.9147,128.3074,1.0,0.0,1.4218,1.2678,0.0,1.2678,1.2678,-0.9533,1.0,0.0,0.0,2.9804,0.0,0.0,0.7002,1.0,0.0,0.0,3.5,45.5,3.0,49.0
2024_18_BUF_NE,2024,18,NE,BUF,-15.4772,51.1692,63.8761,64.2397,128.1158,1.0,0.12,-17.2613,-4.1766,-7.957,3.7804,-12.1336,-7.0586,1.0,0.0,0.0,-15.4772,0.0,0.0,0.3864,0.0,4.0,12.0,-3.0,36.5,7.0,39.0
2024_18_NYG_PHI,2024,18,PHI,NYG,17.1388,42.5289,65.6028,61.9625,127.5653,1.0,0.0,14.7797,-3.4328,1.3301,-4.7629,-2.1027,3.0269,1.0,0.0,0.0,17.1388,0.0,0.0,0.0854,0.0,9.0,14.0,3.0,36.5,7.0,33.0
2024_18_NO_TB,2024,18,TB,NO,9.6932,46.8789,70.0295,61.7631,131.7926,1.0,0.0,6.9962,0.0,-8.2307,8.2307,-8.2307,4.273,1.0,0.0,0.0,9.6932,1.0,0.0,0.4779,0.0,0.0,0.0,14.5,44.5,8.0,46.0
2024_18_HOU_TEN,2024,18,TEN,HOU,-7.6202,36.2606,64.6516,61.3383,125.9899,1.0,-0.48,-8.0236,3.0848,-2.4962,5.581,0.5885,-0.6836,1.0,0.0,0.0,-7.6202,0.0,0.0,0.6715,0.0,0.0,10.0,2.5,36.5,-9.0,37.0
2024_18_SF_ARI,2024,18,ARI,SF,-2.8753,49.2096,63.8734,59.1372,123.0106,1.0,0.24,-4.3118,0.0,-8.0504,8.0504,-8.0504,1.3935,1.0,0.0,0.0,-2.8753,1.0,0.0,0.608,1.0,0.0,0.0,4.5,42.5,23.0,71.0
2024_18_KC_DEN,2024,18,DEN,KC,-4.2783,44.7833,61.9873,72.0717,134.059,1.0,-0.36,-8.8814,0.0,-4.0712,4.0712,-4.0712,4.0866,1.0,0.0,0.0,-4.2783,-1.0,0.0,0.5643,0.0,0.0,17.0,10.5,40.5,38.0,38.0
2024_18_SEA_LA,2024,18,LA,SEA,3.2315,41.6022,63.232,64.3382,127.5702,1.0,-0.24,1.8375,-3.9787,0.0,-3.9787,-3.9787,-2.1207,1.0,0.0,0.0,3.2315,0.0,0.0,0.9651,1.0,0.0,0.0,-7.5,38.5,-5.0,55.0
2024_18_LAC_LV,2024,18,LV,LAC,-7.1615,37.0754,66.9664,61.5066,128.473,1.0,-0.12,-7.0186,0.0,0.0,0.0,0.0,1.1378,1.0,0.0,0.0,-7.1615,0.0,0.0,0.2317,1.0,0.0,0.0,-7.0,42.5,-14.0,54.0
2024_18_MIA_NYJ,2024,18,NYJ,MIA,-3.624,44.4731,61.5064,66.1913,127.6977,1.0,0.0,-5.6855,0.0,0.0,0.0,0.0,-2.8385,1.0,0.0,0.0,-3.624,0.0,0.0,1.0856,0.0,0.0,11.0,1.5,39.5,12.0,52.0
2024_18_MIN_DET,2024,18,DET,MIN,0.016,50.4355,67.269,63.6959,130.9649,1.0,-0.12,2.9081,0.0,0.0,0.0,0.0,1.187,1.0,1.0,1.0,0.016,1.0,0.0,0.5415,1.0,0.0,0.0,3.0,56.5,22.0,40.0
2024_19_LAC_HOU,2024,19,HOU,LAC,-2.6443,40.4817,62.108,63.2767,125.3847,1.0,0.0,-1.6728,0.0,0.0,0.0,0.0,-0.0697,0.0,0.0,0.0,-0.0,2.0,0.0,1.375,1.0,0.0,0.0,-3.0,41.5,20.0,44.0
2024_19_PIT_BAL,2024,19,BAL,PIT,11.8547,45.8658,63.8458,64.5652,128.4111,1.0,0.0,6.6819,0.0,0.0,0.0,0.0,5.3081,1.0,1.0,1.0,11.8547,0.0,0.0,0.1972,0.0,2.0,13.0,9.5,44.5,14.0,42.0
2024_19_DEN_BUF,2024,19,BUF,DEN,2.2379,48.6591,65.6377,63.9475,129.5852,1.0,0.0,4.7576,0.0,0.0,0.0,0.0,-2.7783,0.0,0.0,0.0,0.0,2.0,1.0,1.3729,0.0,0.0,13.0,7.5,48.5,24.0,38.0
2024_19_GB_PHI,2024,19,PHI,GB,3.1,43.8274,64.7033,59.6503,124.3535,1.0,0.0,2.6119,0.0,0.0,0.0,0.0,0.3522,0.0,0.0,0.0,0.0,1.0,0.0,0.7315,0.0,0.0,5.0,5.5,45.5,12.0,32.0
2024_19_WAS_TB,2024,19,TB,WAS,2.0928,51.4663,66.7178,65.7987,132.5165,1.0,0.0,1.5379,0.0,0.0,0.0,0.0,3.6045,0.0,1.0,1.0,0.0,0.0,0.0,0.8219,0.0,0.0,0.0,3.0,51.5,-3.0,43.0
2024_19_MIN_LA,2024,19,LA,MIN,-4.4234,44.2652,63.7709,65.2891,129.06,0.0,0.0,-3.3745,0.0,0.0,0.0,0.0,-1.9461,0.0,1.0,0.0,-0.0,0.0,0.0,0.0,1.0,0.0,0.0,-2.5,47.5,18.0,36.0
2024_20_HOU_KC,2024,20,KC,HOU,0.6576,40.429,64.4102,62.8924,127.3025,1.0,0.72,5.9498,0.0,0.0,0.0,0.0,0.0702,0.0,0.0,0.0,0.0,0.0,0.0,0.6492,0.0,7.0,22.0,9.5,41.5,9.0,37.0
2024_20_WAS_DET,2024,20,DET,WAS,4.7815,53.1992,65.1576,66.0563,131.2139,1.0,0.84,7.3518,0.0,0.0,0.0,0.0,0.3858,0.0,1.0,1.0,0.0,0.0,0.0,0.4015,1.0,0.0,0.0,8.5,55.5,-14.0,76.0
2024_20_LA_PHI,2024,20,PHI,LA,5.0005,42.3713,66.2349,59.5254,125.7603,1.0,0.12,5.4356,0.0,0.0,0.0,0.0,1.5576,0.0,0.0,0.0,0.0,3.0,0.0,2.3962,0.0,0.0,11.0,7.0,43.5,6.0,50.0
2024_20_BAL_BUF,2024,20,BUF,BAL,-3.2999,56.1214,63.3238,62.7466,126.0703,1.0,-0.12,-0.2609,0.0,0.0,0.0,0.0,-0.0582,0.0,0.0,0.0,-0.0,0.0,0.0,0.2666,0.0,0.0,26.0,-1.5,51.5,2.0,52.0
2024_21_WAS_PHI,2024,21,PHI,WAS,5.5145,46.1493,63.8977,65.6969,129.5946,1.0,-0.12,5.1139,0.0,0.0,0.0,0.0,-2.2928,1.0,0.0,0.0,5.5145,0.0,0.0,0.1136,0.0,1.0,5.0,6.0,46.5,32.0,78.0
2024_21_BUF_KC,2024,21,KC,BUF,-3.4554,54.2817,61.2668,64.0681,125.3349,1.0,0.12,-0.5345,0.0,0.0,0.0,0.0,-3.2522,0.0,0.0,0.0,-0.0,-1.0,0.0,0.8576,0.0,0.0,14.0,1.5,49.5,3.0,61.0
2024_22_KC_PHI,2024,22,PHI,KC,5.9587,47.0445,65.5713,62.6799,128.2512,0.0,0.0,0.5658,0.0,0.0,0.0,0.0,-1.6426,0.0,0.0,0.0,0.0,0.0,0.0,0.0,1.0,0.0,0.0,-1.5,48.5,18.0,62.0
2025_01_DAL_PHI,2025,1,PHI,DAL,12.4902,40.5548,64.8801,65.0626,129.9428,1.0,0.0,8.2901,0.0,0.7683,-0.7683,0.7683,-3.0628,1.0,1.0,1.0,12.4902,1.0,0.0,1.3126,0.0,1.0,0.0,8.5,47.5,4.0,44.0
2025_01_KC_LAC,2025,1,LAC,KC,-0.3423,46.5799,62.1503,63.6708,125.821,0.0,0.0,-4.3565,0.0,0.0,0.0,0.0,-1.4883,1.0,1.0,0.0,-0.3423,0.0,0.0,0.0,1.0,0.0,0.0,-3.0,47.5,6.0,48.0
2025_01_TB_ATL,2025,1,ATL,TB,-2.7651,52.0784,66.1879,64.9803,131.1682,1.0,0.0,-4.0777,-0.0698,0.0,-0.0698,-0.0698,-5.5931,1.0,0.0,0.0,-2.7651,0.0,0.0,0.4149,1.0,0.0,0.0,-1.5,47.5,-3.0,43.0
2025_01_CIN_CLE,2025,1,CLE,CIN,-10.3951,44.3078,68.28,64.259,132.539,1.0,0.0,-6.258,1.1397,0.0,1.1397,1.1397,0.6008,1.0,0.0,0.0,-10.3951,0.0,0.0,0.2231,0.0,0.0,0.0,-5.5,47.5,-1.0,33.0
2025_01_MIA_IND,2025,1,IND,MIA,-0.2813,41.3807,62.3179,66.6834,129.0012,1.0,0.0,-1.8276,0.413,0.0,0.413,0.413,-1.116,0.0,0.0,0.0,-0.0,0.0,0.0,1.0132,1.0,0.0,0.0,1.5,47.5,25.0,41.0
2025_01_CAR_JAX,2025,1,JAX,CAR,0.254,53.7227,65.6474,64.5061,130.1535,1.0,0.0,1.5293,0.281,0.0,0.281,0.281,1.1212,0.0,0.0,0.0,0.0,0.0,0.0,0.3418,0.0,0.0,0.0,4.5,45.5,16.0,36.0
2025_01_LV_NE,2025,1,NE,LV,-0.3233,40.6239,63.489,65.3595,128.8485,1.0,0.0,-0.6794,0.0,2.8251,-2.8251,2.8251,-2.0988,0.0,0.0,0.0,-0.0,3.0,1.0,2.3651,0.0,0.0,0.0,2.5,44.5,-7.0,33.0
2025_01_ARI_NO,2025,1,NO,ARI,-4.1109,48.1468,62.5021,66.9778,129.4799,1.0,0.0,-1.5076,0.0,0.0,0.0,0.0,-2.6966,0.0,0.0,0.0,-0.0,1.0,0.0,1.324,1.0,0.0,0.0,-6.0,44.5,-7.0,33.0
2025_01_PIT_NYJ,2025,1,NYJ,PIT,-0.1155,43.8287,62.8142,65.1393,127.9535,1.0,0.0,-3.1519,0.1254,-0.0753,0.2007,0.0502,2.0444,0.0,0.0,0.0,-0.0,0.0,0.0,0.3125,0.0,0.0,0.0,-3.0,37.5,-2.0,66.0
2025_01_NYG_WAS,2025,1,WAS,NYG,8.6407,49.6691,66.9582,62.952,129.9102,1.0,0.0,6.8449,0.0,1.8339,-1.8339,1.8339,3.4473,1.0,0.0,0.0,8.6407,0.0,0.0,0.1981,0.0,0.0,0.0,6.0,45.5,15.0,27.0
2025_01_TEN_DEN,2025,1,DEN,TEN,8.7364,40.9932,60.9464,66.0497,126.9961,1.0,0.0,7.0745,0.0,-0.9638,0.9638,-0.9638,7.9263,0.0,0.0,0.0,0.0,-1.0,0.0,1.0225,0.0,0.0,0.0,8.5,42.5,8.0,32.0
2025_01_SF_SEA,2025,1,SEA,SF,-0.7576,46.4041,61.6138,63.4426,125.0565,1.0,0.0,1.6727,0.1177,0.0,0.1177,0.1177,-0.4028,1.0,0.0,0.0,-0.7576,0.0,0.0,0.7045,0.0,0.0,0.0,-2.5,43.5,-4.0,30.0
2025_01_DET_GB,2025,1,GB,DET,-1.3011,50.9615,62.8035,64.6471,127.4507,1.0,0.0,-2.3557,0.0,0.0,0.0,0.0,-0.4694,1.0,0.0,0.0,-1.3011,-1.0,0.0,0.2927,0.0,0.0,0.0,1.5,48.5,14.0,40.0
2025_01_HOU_LA,2025,1,LA,HOU,-0.0706,40.5469,61.7304,64.8732,126.6036,1.0,0.0,0.6382,0.0,0.0,0.0,0.0,-0.7962,0.0,0.0,0.0,-0.0,-2.0,0.0,1.375,1.0,0.0,0.0,3.5,43.5,5.0,23.0
2025_01_BAL_BUF,2025,1,BUF,BAL,-2.2555,58.0129,63.4135,62.4503,125.8638,1.0,0.0,0.0105,0.0,0.0,0.0,0.0,-0.2972,0.0,1.0,1.0,-0.0,0.0,0.0,0.2666,0.0,0.0,0.0,-1.5,50.5,1.0,81.0
2025_01_MIN_CHI,2025,1,CHI,MIN,-8.7005,38.5367,65.0511,63.242,128.2931,1.0,0.0,-5.6404,0.0,-4.6477,4.6477,-4.6477,1.1247,1.0,1.0,1.0,-8.7005,0.0,0.0,0.3553,0.0,0.0,0.0,-1.5,43.5,-3.0,51.0
2025_02_WAS_GB,2025,2,GB,WAS,2.6963,50.5761,60.954,66.4882,127.4422,1.0,0.0,1.6373,0.0,0.0,0.0,0.0,-1.5836,0.0,1.0,1.0,0.0,-1.0,0.0,0.694,0.0,0.0,0.0,3.5,48.5,9.0,45.0
2025_02_CLE_BAL,2025,2,BAL,CLE,14.7698,44.8325,60.2872,69.0111,129.2982,1.0,0.0,10.046,0.0,1.0602,-1.0602,1.0602,0.9869,1.0,0.0,0.0,14.7698,0.0,0.0,0.3083,0.0,0.0,0.0,12.5,46.5,24.0,58.0
2025_02_JAX_CIN,2025,2,CIN,JAX,5.0179,52.057,67.1207,63.7054,130.826,1.0,0.0,4.664,0.0,0.0,0.0,0.0,-1.743,0.0,0.0,0.0,0.0,0.0,0.0,0.6277,0.0,0.0,0.0,3.5,49.5,4.0,58.0
2025_02_NYG_DAL,2025,2,DAL,NYG,4.2176,41.8218,66.0139,63.5438,129.5576,1.0,0.36,3.9058,0.0,0.0901,-0.0901,0.0901,5.1104,1.0,0.0,0.0,4.2176,-1.0,0.0,1.3851,1.0,0.0,0.0,4.5,44.5,3.0,77.0
2025_02_CHI_DET,2025,2,DET,CHI,7.1253,45.3829,63.4571,63.1982,126.6553,1.0,0.12,7.8279,0.0,0.0,0.0,0.0,-1.8679,1.0,0.0,0.0,7.1253,1.0,0.0,0.2366,1.0,0.0,0.0,6.0,46.5,31.0,73.0
2025_02_NE_MIA,2025,2,MIA,NE,3.0616,43.4045,63.6302,63.9746,127.6049,1.0,0.0,3.8797,0.0,0.0,0.0,0.0,2.4504,1.0,0.0,0.0,3.0616,0.0,0.0,1.2258,0.0,0.0,0.0,1.5,43.5,-6.0,60.0
2025_02_SF_NO,2025,2,NO,SF,-6.3917,47.1394,61.7937,66.3976,128.1913,1.0,0.0,-4.0217,0.0,-4.4707,4.4707,-4.4707,0.2472,0.0,0.0,0.0,-0.0,2.0,0.0,1.8945,1.0,0.0,0.0,-3.0,40.5,-5.0,47.0
2025_02_BUF_NYJ,2025,2,NYJ,BUF,-6.422,56.3293,60.4105,65.6043,126.0148,1.0,0.0,-8.5958,0.5551,0.0,0.5551,0.5551,-3.4717,1.0,0.0,0.0,-6.422,0.0,0.0,0.2779,0.0,0.0,0.0,-6.0,47.5,-20.0,40.0
2025_02_SEA_PIT,2025,2,PIT,SEA,-0.2863,42.5473,64.5537,62.021,126.5747,1.0,0.0,1.0094,1.1769,-1.0879,2.2648,0.089,-2.3866,0.0,0.0,0.0,-0.0,3.0,1.0,2.1317,0.0,0.0,0.0,3.5,40.5,-14.0,48.0
2025_02_LA_TEN,2025,2,TEN,LA,-8.6466,39.8533,63.7896,61.9665,125.756,1.0,0.0,-8.1117,0.2921,0.0,0.2921,0.2921,-2.8592,0.0,0.0,0.0,-0.0,2.0,0.0,1.7842,0.0,0.0,0.0,-5.5,41.5,-14.0,52.0
2025_02_CAR_ARI,2025,2,ARI,CAR,7.4739,52.1352,68.2153,61.8435,130.0588,1.0,0.0,5.1501,0.0,0.0,0.0,0.0,2.8228,0.0,0.0,0.0,0.0,-2.0,0.0,1.7877,1.0,0.0,0.0,7.0,45.5,5.0,49.0
2025_02_DEN_IND,2025,2,IND,DEN,-2.2335,39.2362,66.1682,63.2783,129.4465,1.0,0.0,-2.7138,1.4438,0.0,1.4438,1.4438,-6.3159,0.0,0.0,0.0,-0.0,2.0,0.0,0.9998,1.0,0.0,0.0,-2.5,43.5,1.0,57.0
2025_02_PHI_KC,2025,2,KC,PHI,-6.1396,48.0822,61.5598,64.9223,126.4822,1.0,-0.12,-3.0656,0.0,0.0,0.0,0.0,0.3926,0.0,0.0,0.0,-0.0,-1.0,0.0,1.0299,0.0,2.0,0.0,-1.5,46.5,-3.0,37.0
2025_02_ATL_MIN,2025,2,MIN,ATL,4.0682,44.8512,63.0748,67.3622,130.437,1.0,-0.12,5.6834,-2.4192,1.6213,-4.0405,-0.7979,0.4309,0.0,1.0,1.0,0.0,-1.0,0.0,0.9069,1.0,0.0,0.0,3.5,44.5,-16.0,28.0
2025_02_TB_HOU,2025,2,HOU,TB,-1.1446,43.0847,65.451,62.6683,128.1193,1.0,0.0,-1.5216,0.0,0.0,0.0,0.0,-4.4865,0.0,1.0,1.0,-0.0,-1.0,0.0,0.7898,1.0,0.0,0.0,2.5,42.5,-1.0,39.0
2025_02_LAC_LV,2025,2,LV,LAC,-7.1977,40.9728,64.0018,62.6768,126.6786,1.0,-0.24,-4.8082,3.5338,0.0,3.5338,3.5338,0.1395,1.0,1.0,1.0,-7.1977,0.0,0.0,0.2317,1.0,0.0,0.0,-3.5,46.5,-11.0,29.0
2025_03_MIA_BUF,2025,3,BUF,MIA,10.6403,52.3445,64.6082,59.1399,123.7481,1.0,0.0,9.0351,0.0,0.0,0.0,0.0,4.9385,1.0,1.0,1.0,10.6403,0.0,0.0,1.1648,0.0,0.0,0.0,12.5,50.5,10.0,52.0
2025_03_ATL_CAR,2025,3,CAR,ATL,-8.5445,48.813,61.5543,68.6519,130.2062,1.0,0.0,-4.9078,0.0,0.6316,-0.6316,0.6316,-1.3753,1.0,0.0,0.0,-8.5445,0.0,0.0,0.2261,0.0,0.0,0.0,-5.5,44.5,30.0,30.0
2025_03_GB_CLE,2025,3,CLE,GB,-13.9668,37.3975,68.0973,58.7469,126.8443,1.0,-0.36,-9.7723,-0.6005,0.0,-0.6005,-0.6005,-0.77,0.0,0.0,0.0,-0.0,1.0,0.0,0.3822,0.0,0.0,0.0,-8.5,41.5,3.0,23.0
2025_03_HOU_JAX,2025,3,JAX,HOU,-2.8637,42.2603,62.8207,65.1653,127.986,1.0,0.12,-3.2719,0.0,0.0,0.0,0.0,1.9471,1.0,0.0,0.0,-2.8637,1.0,0.0,0.8248,0.0,1.0,0.0,1.5,43.5,7.0,27.0
2025_03_CIN_MIN,2025,3,MIN,CIN,2.0217,43.8202,64.5064,65.4439,129.9503,1.0,0.0,-1.1187,-1.9966,-4.4179,2.4213,-6.4146,0.611,0.0,0.0,0.0,0.0,-1.0,0.0,0.6045,1.0,0.0,0.0,3.0,41.5,38.0,58.0
2025_03_PIT_NE,2025,3,NE,PIT,-2.1276,46.665,63.6611,62.1809,125.842,1.0,0.0,-4.3724,0.0,-0.2933,0.2933,-0.2933,-0.6891,0.0,0.0,0.0,-0.0,0.0,0.0,0.4683,0.0,0.0,0.0,-1.5,44.5,-7.0,35.0
2025_03_LA_PHI,2025,3,PHI,LA,4.7629,44.0766,64.9228,60.4135,125.3363,1.0,0.0,4.9197,0.0,0.0,0.0,0.0,0.3057,0.0,0.0,0.0,0.0,3.0,1.0,2.3962,0.0,0.0,0.0,3.5,45.5,7.0,59.0
2025_03_NYJ_TB,2025,3,TB,NYJ,6.5959,52.0507,66.5761,60.8367,127.4128,1.0,-0.12,5.6154,0.0,0.4824,-0.4824,0.4824,4.0124,0.0,0.0,0.0,0.0,0.0,0.0,1.0076,0.0,0.0,0.0,6.5,43.5,2.0,56.0
2025_03_IND_TEN,2025,3,TEN,IND,-7.3708,42.1168,62.2816,64.5641,126.8457,1.0,0.0,-5.9378,-0.0632,2.2523,-2.3155,2.1892,-3.246,1.0,0.0,0.0,-7.3708,-1.0,0.0,0.2505,0.0,0.0,0.0,-6.0,43.5,-21.0,61.0
2025_03_LV_WAS,2025,3,WAS,LV,6.9486,43.9544,66.8556,64.6385,131.4942,1.0,0.48,5.4784,-2.4985,2.4648,-4.9633,-0.0337,1.3798,0.0,0.0,0.0,0.0,3.0,1.0,2.0942,0.0,0.0,0.0,2.5,43.5,17.0,65.0
2025_03_DEN_LAC,2025,3,LAC,DEN,2.1964,43.2218,63.2416,63.7415,126.983,1.0,-0.12,0.8717,0.0,0.0,0.0,0.0,-7.3949,1.0,0.0,0.0,2.1964,-1.0,0.0,0.8369,1.0,0.0,0.0,2.5,45.5,3.0,43.0
2025_03_NO_SEA,2025,3,SEA,NO,3.9989,42.0297,64.7226,66.3812,131.1038,1.0,0.0,5.9904,0.1435,0.0,0.1435,0.1435,-0.0332,0.0,0.0,0.0,0.0,-2.0,0.0,2.0982,0.0,0.0,0.0,7.5,41.5,31.0,57.0
2025_03_DAL_CHI,2025,3,CHI,DAL,-1.8254,44.1965,64.6683,65.5396,130.2079,1.0,0.0,-3.0726,0.0,0.0,0.0,0.0,-1.3113,0.0,0.0,0.0,-0.0,0.0,0.0,0.8162,0.0,0.0,0.0,-1.5,49.5,17.0,45.0
2025_03_ARI_SF,2025,3,SF,ARI,1.7585,48.9944,66.2677,61.8285,128.0962,1.0,0.0,1.0528,-4.0742,0.0,-4.0742,-4.0742,-1.2528,1.0,0.0,0.0,1.7585,-1.0,0.0,0.608,0.0,0.0,0.0,1.5,44.5,1.0,31.0
2025_03_KC_NYG,2025,3,NYG,KC,-7.7077,48.7207,64.2183,65.4646,129.6829,1.0,0.0,-9.417,0.4092,0.0,0.4092,0.4092,-0.9457,0.0,1.0,1.0,-0.0,1.0,0.0,1.0858,0.0,0.0,0.0,-6.0,44.5,-13.0,31.0
2025_03_DET_BAL,2025,3,BAL,DET,2.599,55.25,60.6686,66.7583,127.4269,1.0,0.0,1.072,0.0,0.0,0.0,0.0,2.7213,0.0,1.0,1.0,0.0,0.0,0.0,0.3968,0.0,0.0,0.0,4.5,53.5,-8.0,68.0
2025_04_SEA_ARI,2025,4,ARI,SEA,1.34,45.0989,65.6377,63.4416,129.0793,1.0,0.0,-2.7266,0.0,0.3789,-0.3789,0.3789,1.0317,1.0,1.0,1.0,1.34,1.0,0.0,1.1043,1.0,0.0,0.0,-1.5,43.5,-3.0,43.0
2025_04_MIN_PIT,2025,4,PIT,MIN,-6.5367,37.5299,61.4287,62.797,124.2257,0.0,0.0,-1.9875,0.5515,-1.5955,2.1469,-1.044,-0.2876,0.0,0.0,0.0,-0.0,0.0,0.0,0.0,0.0,0.0,0.0,-2.5,41.5,3.0,45.0
2025_04_WAS_ATL,2025,4,ATL,WAS,-1.3278,48.9448,66.1588,63.18,129.3388,1.0,0.0,-5.3479,0.0,0.0,0.0,0.0,-1.3796,0.0,0.0,0.0,-0.0,0.0,0.0,0.5499,1.0,0.0,0.0,2.5,43.5,7.0,61.0
2025_04_NO_BUF,2025,4,BUF,NO,11.3972,53.4731,66.5943,62.3271,128.9214,1.0,0.36,11.9782,0.0,0.0,0.0,0.0,3.2233,0.0,0.0,0.0,0.0,1.0,0.0,1.0841,0.0,0.0,0.0,15.5,48.5,12.0,50.0
2025_04_CLE_DET,2025,4,DET,CLE,13.4214,43.6053,62.1854,66.0446,128.23,1.0,-0.12,9.9304,0.0,0.0,0.0,0.0,-0.451,0.0,0.0,0.0,0.0,0.0,0.0,0.0901,1.0,0.0,0.0,10.0,44.5,24.0,44.0
2025_04_TEN_HOU,2025,4,HOU,TEN,8.5719,36.2699,60.6213,64.6827,125.304,1.0,0.0,6.4961,0.0,0.0,0.0,0.0,3.0814,1.0,0.0,0.0,8.5719,0.0,0.0,0.6715,1.0,0.0,0.0,7.5,39.5,26.0,26.0
2025_04_CAR_NE,2025,4,NE,CAR,-0.8014,47.9501,66.5886,61.5357,128.1243,1.0,0.0,-0.3899,0.0,0.0,0.0,0.0,0.7006,0.0,0.0,0.0,-0.0,0.0,0.0,0.7011,0.0,0.0,0.0,5.5,42.5,29.0,55.0
2025_04_LAC_NYG,2025,4,NYG,LAC,-10.8382,45.3053,63.7998,66.8103,130.6102,1.0,0.0,-9.1434,-0.8548,0.0,-0.8548,-0.8548,-0.2509,0.0,0.0,0.0,-0.0,3.0,1.0,2.4495,0.0,0.0,0.0,-6.0,43.5,3.0,39.0
2025_04_PHI_TB,2025,4,TB,PHI,-2.4892,46.6317,64.5458,64.1655,128.7113,1.0,0.0,-5.7233,0.0,0.0,0.0,0.0,3.5471,0.0,0.0,0.0,-0.0,0.0,0.0,0.9242,0.0,0.0,0.0,-3.5,44.5,-6.0,56.0
2025_04_IND_LA,2025,4,LA,IND,1.5439,46.678,62.0792,65.0956,127.1748,1.0,0.0,2.0519,0.0,0.0,0.0,0.0,-1.0894,0.0,0.0,0.0,0.0,-3.0,0.0,1.8132,1.0,0.0,0.0,3.5,49.5,7.0,47.0
2025_04_JAX_SF,2025,4,SF,JAX,3.8362,47.2326,66.3257,62.3273,128.6531,1.0,0.0,2.9865,0.0,0.0,0.0,0.0,-2.1358,0.0,0.0,0.0,0.0,-3.0,0.0,2.3469,0.0,0.0,0.0,3.5,45.5,-5.0,47.0
2025_04_BAL_KC,2025,4,KC,BAL,-3.7002,54.8643,65.3884,60.961,126.3494,1.0,0.12,-0.5019,0.0,0.0,0.0,0.0,-2.6394,0.0,0.0,0.0,-0.0,-1.0,0.0,0.9555,0.0,0.0,0.0,-2.5,48.5,17.0,57.0
2025_04_CHI_LV,2025,4,LV,CHI,-3.259,41.1953,63.5006,63.4753,126.9758,1.0,0.0,-1.3761,0.0,0.0,0.0,0.0,-3.2301,0.0,0.0,0.0,-0.0,-2.0,0.0,1.5262,1.0,0.0,0.0,1.5,47.5,-1.0,49.0
2025_04_GB_DAL,2025,4,DAL,GB,-10.5708,49.29,68.4256,61.0675,129.4932,1.0,0.0,-6.3437,0.0,0.0,0.0,0.0,-0.0285,0.0,1.0,1.0,-0.0,0.0,0.0,0.9459,1.0,0.0,0.0,-7.0,47.5,0.0,80.0
2025_04_NYJ_MIA,2025,4,MIA,NYJ,-0.9194,46.973,63.9118,60.5249,124.4367,1.0,0.36,0.6762,0.0,-0.3124,0.3124,-0.3124,1.5085,1.0,1.0,1.0,-0.9194,0.0,0.0,1.0856,0.0,7.0,0.0,2.5,44.5,6.0,48.0
2025_04_CIN_DEN,2025,4,DEN,CIN,4.7456,44.359,64.1944,67.3974,131.5918,1.0,0.0,0.3484,0.0,-8.1259,8.1259,-8.1259,9.9398,0.0,1.0,1.0,0.0,-2.0,0.0,1.093,0.0,2.0,0.0,7.5,44.5,25.0,31.0
2025_05_SF_LA,2025,5,LA,SF,3.5514,45.838,62.4525,64.6718,127.1243,1.0,0.0,3.0867,0.0,-3.6048,3.6048,-3.6048,0.3991,1.0,1.0,1.0,3.5514,0.0,0.0,0.3135,1.0,0.0,0.0,8.5,43.5,-3.0,49.0
2025_05_MIN_CLE,2025,5,CLE,MIN,-10.3608,30.0481,66.2535,59.8501,126.1036,0.0,0.0,-6.5774,2.6172,-1.3787,3.9959,1.2385,0.5002,0.0,0.0,0.0,-0.0,0.0,0.0,0.0,0.0,4.0,0.0,-3.5,35.5,-4.0,38.0
2025_05_HOU_BAL,2025,5,BAL,HOU,3.1378,46.1881,59.8162,65.3937,125.2099,1.0,0.0,3.8023,-9.3378,0.0,-9.3378,-9.3378,0.6511,0.0,0.0,0.0,0.0,1.0,0.0,1.2549,0.0,0.0,0.0,-2.5,41.5,-34.0,54.0
2025_05_MIA_CAR,2025,5,CAR,MIA,-1.7408,48.4242,62.7004,61.7774,124.4778,1.0,0.12,-3.6789,0.0,0.0,0.0,0.0,-2.2191,0.0,0.0,0.0,-0.0,0.0,0.0,0.6414,0.0,0.0,0.0,-1.5,44.5,3.0,51.0
2025_05_LV_IND,2025,5,IND,LV,6.8265,41.0669,63.405,63.7026,127.1077,1.0,0.0,4.3743,0.0,0.0,0.0,0.0,1.1893,0.0,0.0,0.0,0.0,3.0,1.0,1.5947,1.0,0.0,0.0,7.0,46.5,34.0,46.0
2025_05_NYG_NO,2025,5,NO,NYG,-0.3767,43.9992,68.5272,66.2061,134.7333,1.0,0.0,-0.036,0.0,-0.8483,0.8483,-0.8483,2.0479,0.0,0.0,0.0,-0.0,-1.0,0.0,1.1699,1.0,0.0,0.0,1.5,41.5,12.0,40.0
2025_05_DAL_NYJ,2025,5,NYJ,DAL,-1.6569,54.1965,62.6376,69.3575,131.9951,1.0,-0.12,-1.9353,0.48,0.0,0.48,0.48,-3.7431,0.0,0.0,0.0,-0.0,1.0,0.0,1.3851,0.0,0.0,0.0,1.5,48.5,-15.0,59.0
2025_05_DEN_PHI,2025,5,PHI,DEN,4.4729,41.2656,65.2196,63.2949,128.5145,1.0,0.12,6.4186,0.0,0.0,0.0,0.0,-7.5298,0.0,0.0,0.0,0.0,2.0,1.0,1.5768,0.0,0.0,0.0,3.5,44.5,-4.0,38.0
2025_05_TEN_ARI,2025,5,ARI,TEN,9.099,43.3141,63.143,64.49,127.633,1.0,0.36,6.62,0.0,0.0,0.0,0.0,5.2439,0.0,0.0,0.0,0.0,-1.0,0.0,1.4528,1.0,0.0,0.0,7.5,41.5,-1.0,43.0
2025_05_TB_SEA,2025,5,SEA,TB,-0.7726,45.3026,61.6168,68.6989,130.3157,1.0,0.36,0.6069,1.1783,0.0,1.1783,1.1783,-3.0613,0.0,0.0,0.0,-0.0,-3.0,0.0,2.5227,0.0,0.0,0.0,3.5,44.5,-3.0,73.0
2025_05_DET_CIN,2025,5,CIN,DET,-10.297,51.2031,60.7071,67.4963,128.2034,1.0,-0.12,-6.2544,-8.6672,0.0,-8.6672,-8.6672,-3.8866,0.0,0.0,0.0,-0.0,0.0,0.0,0.237,0.0,0.0,0.0,-10.5,49.5,-13.0,61.0
2025_05_WAS_LAC,2025,5,LAC,WAS,3.151,48.6106,63.64,65.078,128.718,1.0,0.0,0.9337,0.0,0.0,0.0,0.0,-2.6241,0.0,0.0,0.0,0.0,-3.0,0.0,2.311,1.0,0.0,0.0,2.5,47.5,-17.0,37.0
2025_05_NE_BUF,2025,5,BUF,NE,9.6265,55.2782,63.3298,59.9282,123.2581,1.0,0.0,10.847,0.0,0.0,0.0,0.0,3.7788,1.0,1.0,1.0,9.6265,0.0,0.0,0.3864,0.0,0.0,0.0,7.5,49.5,-3.0,43.0
2025_05_KC_JAX,2025,5,JAX,KC,-3.709,49.2348,62.4648,66.1252,128.59,1.0,0.0,-6.5239,0.0,0.0,0.0,0.0,1.5188,0.0,1.0,1.0,-0.0,1.0,0.0,0.945,0.0,2.0,0.0,-3.5,45.5,3.0,59.0
2025_06_PHI_NYG,2025,6,NYG,PHI,-13.5827,39.587,66.7276,65.5187,132.2463,1.0,0.0,-14.1332,-2.0276,0.0,-2.0276,-2.0276,-1.3211,1.0,1.0,1.0,-13.5827,0.0,0.0,0.0854,0.0,0.0,0.0,-7.0,40.5,17.0,51.0
2025_06_DEN_NYJ,2025,6,NYJ,DEN,-8.8666,45.5453,64.3536,64.7967,129.1503,0.0,0.0,-8.4849,0.7608,0.0,0.7608,0.7608,-9.9537,0.0,0.0,0.0,-0.0,0.0,0.0,0.0,0.0,0.0,0.0,-7.5,43.5,-2.0,24.0
2025_06_LA_BAL,2025,6,BAL,LA,-2.2149,52.4625,60.9061,66.4835,127.3897,1.0,-0.36,-0.4931,-9.8372,0.0,-9.8372,-9.8372,-0.2051,0.0,0.0,0.0,-0.0,3.0,1.0,2.322,0.0,5.0,0.0,-7.0,43.5,-14.0,20.0
2025_06_DAL_CAR,2025,6,CAR,DAL,-2.7343,54.7399,66.3624,66.0913,132.4536,1.0,0.0,-4.1229,0.0,0.0,0.0,0.0,-5.5904,0.0,0.0,0.0,-0.0,1.0,0.0,0.945,0.0,5.0,0.0,-3.0,47.5,3.0,57.0
2025_06_ARI_IND,2025,6,IND,ARI,2.7577,46.5489,65.3999,64.959,130.359,1.0,0.0,2.1227,0.0,-4.8793,4.8793,-4.8793,-0.7115,0.0,0.0,0.0,0.0,2.0,1.0,1.5035,1.0,0.0,0.0,8.5,46.5,4.0,58.0
2025_06_SEA_JAX,2025,6,JAX,SEA,-2.0511,47.3217,64.4943,63.5534,128.0477,1.0,-0.12,-2.4987,0.0,0.0,0.0,0.0,0.324,0.0,0.0,0.0,-0.0,3.0,1.0,2.4527,0.0,0.0,0.0,-1.5,47.5,-8.0,32.0
2025_06_LAC_MIA,2025,6,MIA,LAC,-4.4563,45.5418,60.7803,63.2526,124.0329,1.0,0.0,-3.7576,0.0,0.0,0.0,0.0,3.4022,0.0,0.0,0.0,-0.0,3.0,1.0,2.3327,0.0,0.0,0.0,-3.5,45.5,-2.0,56.0
2025_06_NE_NO,2025,6,NO,NE,-0.7409,46.1233,65.2685,63.5352,128.8037,1.0,0.0,-1.5101,0.0,0.0,0.0,0.0,3.2735,0.0,0.0,0.0,-0.0,-1.0,0.0,1.3399,1.0,0.0,0.0,-3.5,46.5,-6.0,44.0
2025_06_CLE_PIT,2025,6,PIT,CLE,6.9106,37.2572,57.9287,69.7136,127.6423,1.0,0.84,6.1634,0.0,2.4652,-2.4652,2.4652,1.6825,1.0,0.0,0.0,6.9106,0.0,0.0,0.1143,0.0,0.0,0.0,5.5,37.5,14.0,32.0
2025_06_TEN_LV,2025,6,LV,TEN,1.6979,38.5366,63.5124,62.0049,125.5174,1.0,0.0,2.0078,0.0,0.0,0.0,0.0,1.8577,0.0,0.0,0.0,0.0,-2.0,0.0,1.5799,1.0,0.0,0.0,3.5,41.5,10.0,30.0
2025_06_CIN_GB,2025,6,GB,CIN,11.0537,50.0739,66.4694,62.4865,128.9559,1.0,0.84,4.7285,0.0,-6.6221,6.6221,-6.6221,5.3434,0.0,0.0,0.0,0.0,-1.0,0.0,0.4157,0.0,4.0,0.0,14.0,44.5,9.0,45.0
2025_06_SF_TB,2025,6,TB,SF,1.802,51.2998,65.1303,65.4394,130.5697,1.0,-0.36,1.9601,0.0,-2.7226,2.7226,-2.7226,6.1736,0.0,0.0,0.0,0.0,3.0,0.0,2.367,0.0,0.0,0.0,3.5,46.5,11.0,49.0
2025_06_DET_KC,2025,6,KC,DET,-3.6869,51.7223,62.7186,62.3557,125.0743,1.0,-0.12,-2.1547,0.0,0.0,0.0,0.0,1.2117,0.0,1.0,1.0,-0.0,-1.0,0.0,0.6403,0.0,3.0,0.0,2.5,51.5,13.0,47.0
2025_06_BUF_ATL,2025,6,ATL,BUF,-2.7251,51.2247,62.6699,61.3438,124.0137,1.0,0.84,-8.2003,0.0,0.0,0.0,0.0,-2.054,0.0,1.0,1.0,-0.0,0.0,0.0,0.6932,1.0,0.0,0.0,-3.5,49.5,10.0,38.0
2025_06_CHI_WAS,2025,6,WAS,CHI,3.9258,46.8088,61.9003,64.3588,126.2591,1.0,-0.84,5.2754,0.0,0.0,0.0,0.0,-0.2379,0.0,1.0,1.0,0.0,1.0,0.0,0.6011,0.0,2.0,0.0,5.5,49.5,-1.0,49.0
2025_07_PIT_CIN,2025,7,CIN,PIT,-5.6317,45.931,65.5256,61.852,127.3777,1.0,0.0,-3.0871,-5.9396,0.0,-5.9396,-5.9396,-5.0705,1.0,1.0,1.0,-5.6317,0.0,0.0,0.2566,0.0,0.0,0.0,-5.5,45.5,2.0,64.0
2025_07_LA_JAX,2025,7,JAX,LA,-5.6194,42.8657,67.3356,63.0988,130.4344,0.0,0.0,-4.844,0.0,0.0,0.0,0.0,-2.2462,0.0,0.0,0.0,-0.0,0.0,0.0,0.0,0.0,0.0,0.0,-3.0,44.5,-28.0,42.0
2025_07_NO_CHI,2025,7,CHI,NO,2.7993,42.8808,64.7534,63.1159,127.8693,1.0,-0.12,3.032,0.0,0.0,0.0,0.0,0.3773,0.0,0.0,0.0,0.0,0.0,0.0,0.8344,0.0,0.0,0.0,4.5,43.5,12.0,40.0
2025_07_MIA_CLE,2025,7,CLE,MIA,-3.6438,41.2277,68.3583,58.0157,126.374,1.0,0.0,-2.2256,0.6036,0.0,0.6036,0.6036,-3.5095,0.0,0.0,0.0,-0.0,0.0,0.0,1.0776,0.0,7.0,0.0,2.5,34.5,25.0,37.0
2025_07_LV_KC,2025,7,KC,LV,7.9108,46.0475,62.9925,61.0853,124.0779,1.0,0.0,10.352,0.0,0.0,0.0,0.0,2.4746,1.0,0.0,0.0,7.9108,2.0,0.0,1.1493,0.0,0.0,0.0,13.5,44.5,31.0,31.0
2025_07_PHI_MIN,2025,7,MIN,PHI,-2.3331,38.4375,63.5665,61.9982,125.5647,1.0,0.48,-3.8185,-1.9858,0.0,-1.9858,-1.9858,-0.8279,0.0,0.0,0.0,-0.0,-1.0,0.0,0.9842,1.0,0.0,0.0,-2.5,43.5,-6.0,50.0
2025_07_CAR_NYJ,2025,7,NYJ,CAR,-2.6231,46.0672,60.8391,63.9033,124.7424,1.0,0.0,-0.7872,0.0,0.0,0.0,0.0,-1.2686,0.0,0.0,0.0,-0.0,0.0,0.0,0.5337,0.0,3.0,0.0,1.5,39.5,-7.0,19.0
2025_07_NE_TEN,2025,7,TEN,NE,-6.8696,42.9195,61.2434,61.7017,122.9451,1.0,0.0,-5.8437,0.0,0.0,0.0,0.0,-0.9932,0.0,0.0,0.0,-0.0,-1.0,0.0,0.9246,0.0,8.0,0.0,-6.5,40.5,-18.0,44.0
2025_07_NYG_DEN,2025,7,DEN,NYG,6.7165,40.3264,65.8182,66.7559,132.5741,1.0,-0.36,7.9536,0.0,0.0,0.0,0.0,9.043,0.0,0.0,0.0,0.0,-2.0,0.0,1.6245,0.0,0.0,0.0,7.5,39.5,1.0,65.0
2025_07_IND_LAC,2025,7,LAC,IND,-1.5834,45.1229,65.626,62.412,128.038,1.0,0.0,0.2347,0.0,0.0,0.0,0.0,-3.4941,0.0,0.0,0.0,-0.0,-3.0,0.0,1.8132,1.0,0.0,0.0,2.5,48.5,-14.0,62.0
2025_07_GB_ARI,2025,7,ARI,GB,-5.1613,50.907,65.595,64.7123,130.3073,1.0,0.0,-6.3329,-3.8646,0.0,-3.8646,-3.8646,-1.7669,0.0,0.0,0.0,-0.0,-1.0,0.0,1.4959,1.0,0.0,0.0,-7.0,44.5,-4.0,50.0
2025_07_WAS_DAL,2025,7,DAL,WAS,-2.9735,58.2315,65.8809,66.04,131.9209,1.0,0.12,-4.0494,0.0,0.0,0.0,0.0,1.1538,1.0,0.0,0.0,-2.9735,-1.0,0.0,1.2074,1.0,0.0,0.0,1.5,54.5,22.0,66.0
2025_07_ATL_SF,2025,7,SF,ATL,-3.7032,46.6727,62.8954,64.387,127.2824,1.0,0.12,0.6666,0.0,0.0,0.0,0.0,-4.4002,0.0,1.0,1.0,-0.0,-3.0,0.0,2.1123,0.0,0.0,0.0,1.5,46.5,10.0,30.0
2025_07_TB_DET,2025,7,DET,TB,0.5077,53.313,62.7194,62.7967,125.5161,1.0,0.0,2.3202,0.0,0.0,0.0,0.0,-4.3062,0.0,1.0,1.0,0.0,0.0,0.0,0.993,1.0,0.0,0.0,6.0,54.5,15.0,33.0
2025_07_HOU_SEA,2025,7,SEA,HOU,1.1288,41.6908,58.7492,65.5382,124.2875,1.0,-0.84,1.0606,0.0,0.0,0.0,0.0,1.6653,0.0,1.0,1.0,0.0,-2.0,0.0,1.8913,0.0,0.0,0.0,3.0,41.5,8.0,46.0
2025_08_MIN_LAC,2025,8,LAC,MIN,-1.1604,40.2012,63.0927,62.035,125.1277,1.0,0.0,-1.5905,0.0,0.0,0.0,0.0,-2.419,0.0,1.0,1.0,-0.0,-2.0,0.0,1.5302,1.0,0.0,0.0,3.0,45.5,27.0,47.0
2025_08_MIA_ATL,2025,8,ATL,MIA,7.8663,46.8175,64.627,57.5644,122.1914,1.0,0.0,3.0362,-0.2461,0.0,-0.2461,-0.2461,0.7197,0.0,0.0,0.0,0.0,0.0,0.0,0.5935,1.0,0.0,0.0,7.0,44.5,-24.0,44.0
2025_08_CHI_BAL,2025,8,BAL,CHI,-1.3455,45.9461,58.2306,65.6651,123.8957,1.0,0.84,2.2933,-8.8376,0.0,-8.8376,-8.8376,-3.2245,0.0,0.0,0.0,-0.0,1.0,0.0,0.6035,0.0,0.0,0.0,2.5,45.5,14.0,46.0
2025_08_BUF_CAR,2025,8,CAR,BUF,-5.1021,51.9022,62.7062,61.8606,124.5668,1.0,-0.72,-8.6582,0.0,0.0,0.0,0.0,-4.9512,0.0,0.0,0.0,-0.0,0.0,0.0,0.5332,0.0,0.0,0.0,-7.0,47.5,-31.0,49.0
2025_08_NYJ_CIN,2025,8,CIN,NYJ,3.3334,44.6698,62.9024,63.6259,126.5282,1.0,0.36,5.4059,-4.97,0.0,-4.97,-4.97,1.5669,0.0,0.0,0.0,0.0,0.0,0.0,0.5653,0.0,0.0,0.0,5.5,43.5,-1.0,77.0
2025_08_SF_HOU,2025,8,HOU,SF,0.2319,40.7883,63.1903,64.7969,127.9873,1.0,-0.12,0.3082,0.0,0.0,0.0,0.0,2.9902,0.0,0.0,0.0,0.0,2.0,0.0,1.6133,1.0,0.0,0.0,2.5,41.5,11.0,41.0
2025_08_CLE_NE,2025,8,NE,CLE,5.5263,40.2618,59.082,65.342,124.424,1.0,0.0,2.6466,0.0,-0.1677,0.1677,-0.1677,0.4193,0.0,0.0,0.0,0.0,0.0,0.0,0.5387,0.0,0.0,0.0,7.0,40.5,19.0,45.0
2025_08_NYG_PHI,2025,8,PHI,NYG,7.6615,44.1768,64.0162,68.3512,132.3675,1.0,0.0,11.3976,0.0,0.0,0.0,0.0,2.419,1.0,0.0,0.0,7.6615,0.0,0.0,0.0854,0.0,0.0,0.0,7.0,43.5,18.0,58.0
2025_08_TB_NO,2025,8,NO,TB,-7.1935,46.7103,64.2861,65.2028,129.489,1.0,0.12,-8.5104,0.0,0.0,0.0,0.0,-3.2619,1.0,0.0,0.0,-7.1935,-1.0,0.0,0.4779,1.0,0.0,0.0,-4.5,46.5,-20.0,26.0
2025_08_DAL_DEN,2025,8,DEN,DAL,1.128,51.1364,67.4097,67.1588,134.5686,1.0,0.0,3.8795,0.0,0.0,0.0,0.0,4.4522,0.0,0.0,0.0,0.0,-1.0,0.0,0.6543,0.0,0.0,0.0,3.5,51.5,20.0,68.0
2025_08_TEN_IND,2025,8,IND,TEN,14.3839,44.4641,61.6339,63.8862,125.5201,1.0,0.0,11.1009,0.0,0.0,0.0,0.0,4.1777,1.0,0.0,0.0,14.3839,1.0,0.0,0.2505,1.0,0.0,0.0,15.5,47.5,24.0,52.0
2025_08_GB_PIT,2025,8,PIT,GB,-5.7036,52.9839,61.2804,66.9881,128.2685,1.0,0.36,-3.5161,0.0,0.0,0.0,0.0,-0.6215,0.0,1.0,1.0,-0.0,1.0,0.0,0.4963,0.0,0.0,0.0,-3.0,46.5,-10.0,60.0
2025_08_WAS_KC,2025,8,KC,WAS,5.0757,54.2244,65.1052,59.4485,124.5537,1.0,0.0,5.2126,0.0,0.0,0.0,0.0,0.128,0.0,1.0,1.0,0.0,-1.0,0.0,0.945,0.0,0.0,0.0,10.5,48.5,21.0,35.0
2025_09_BAL_MIA,2025,9,MIA,BAL,-2.3335,50.2642,62.5918,58.5142,121.106,1.0,0.0,-4.3835,0.0,0.0,0.0,0.0,2.5356,0.0,1.0,1.0,-0.0,0.0,0.0,0.9439,0.0,0.0,0.0,-7.5,51.5,-22.0,34.0
2025_09_CHI_CIN,2025,9,CIN,CHI,-4.2659,48.5711,60.3644,65.5584,125.9227,1.0,0.0,1.0878,0.0,0.0,0.0,0.0,-4.6102,0.0,0.0,0.0,-0.0,1.0,0.0,0.2512,0.0,0.0,0.0,-3.0,51.5,-5.0,89.0
2025_09_MIN_DET,2025,9,DET,MIN,8.0784,43.2917,62.3171,61.0718,123.3889,1.0,0.36,6.0748,0.0,-4.1383,4.1383,-4.1383,-0.2471,1.0,0.0,0.0,8.0784,1.0,0.0,0.5415,1.0,0.0,0.0,9.5,47.5,-3.0,51.0
2025_09_CAR_GB,2025,9,GB,CAR,11.2343,48.6962,60.818,65.9576,126.7756,1.0,0.0,10.0133,0.0,0.0,0.0,0.0,6.2555,0.0,0.0,0.0,0.0,-1.0,0.0,0.7456,0.0,5.0,0.0,12.5,43.5,-3.0,29.0
2025_09_DEN_HOU,2025,9,HOU,DEN,-0.5094,38.8907,68.178,62.0704,130.2483,1.0,0.0,-2.3778,0.0,0.0,0.0,0.0,-6.6981,0.0,0.0,0.0,-0.0,1.0,0.0,0.8826,1.0,0.0,0.0,1.5,40.5,-3.0,33.0
2025_09_ATL_NE,2025,9,NE,ATL,1.8642,46.1999,60.3272,61.3164,121.6436,1.0,0.0,2.5103,0.0,0.0,0.0,0.0,-3.3903,0.0,0.0,0.0,0.0,0.0,0.0,0.9171,0.0,0.0,0.0,5.5,45.5,1.0,47.0
2025_09_SF_NYG,2025,9,NYG,SF,-1.2784,49.4811,66.0966,66.5726,132.6692,1.0,0.0,-4.7798,0.0,0.0,0.0,0.0,1.4046,0.0,0.0,0.0,-0.0,3.0,1.0,2.5468,0.0,0.0,0.0,-2.5,47.5,-10.0,58.0
2025_09_IND_PIT,2025,9,PIT,IND,-6.996,52.2191,62.7093,65.072,127.7814,1.0,0.0,-2.1296,0.0,0.0,0.0,0.0,0.7285,0.0,0.0,0.0,-0.0,0.0,0.0,0.3283,0.0,0.0,0.0,-3.5,51.5,7.0,47.0
2025_09_LAC_TEN,2025,9,TEN,LAC,-10.9925,43.0285,59.8302,64.3299,124.16,1.0,-0.36,-10.5783,0.0,0.0,0.0,0.0,1.1875,0.0,0.0,0.0,-0.0,2.0,0.0,1.7842,0.0,0.0,0.0,-10.0,44.5,-7.0,47.0
2025_09_NO_LA,2025,9,LA,NO,12.2208,38.4308,63.1541,69.0416,132.1957,1.0,0.84,10.9093,0.0,0.5574,-0.5574,0.5574,1.5432,0.0,0.0,0.0,0.0,-2.0,0.0,1.6742,1.0,0.0,0.0,14.0,44.5,24.0,44.0
2025_09_JAX_LV,2025,9,LV,JAX,-3.9435,40.6959,61.0166,65.9557,126.9723,1.0,0.0,-2.8529,0.0,0.0,0.0,0.0,-0.2409,0.0,0.0,0.0,-0.0,-3.0,0.0,1.9698,1.0,0.0,0.0,-2.5,43.5,-1.0,59.0
2025_09_KC_BUF,2025,9,BUF,KC,-1.7846,54.381,58.9426,63.2545,122.1971,1.0,0.12,-1.0933,0.0,0.0,0.0,0.0,2.1141,0.0,0.0,0.0,-0.0,1.0,0.0,0.8576,0.0,0.0,0.0,-2.5,53.5,7.0,49.0
2025_09_SEA_WAS,2025,9,WAS,SEA,-4.8529,47.745,65.9363,62.4453,128.3817,1.0,-0.84,-3.2651,0.0,0.0,0.0,0.0,0.4351,0.0,1.0,1.0,-0.0,3.0,0.0,2.3298,0.0,0.0,0.0,-2.5,47.5,-24.0,52.0
2025_09_ARI_DAL,2025,9,DAL,ARI,-0.6028,55.8303,66.6621,67.6219,134.2839,1.0,-0.84,1.3287,0.0,-3.48,3.48,-3.48,3.2969,0.0,1.0,1.0,-0.0,1.0,0.0,0.8785,1.0,0.0,0.0,3.5,53.5,-10.0,44.0
2025_10_LV_DEN,2025,10,DEN,LV,7.6808,40.0597,66.879,63.5135,130.3925,1.0,0.0,10.0614,0.0,0.0,0.0,0.0,8.253,1.0,1.0,1.0,7.6808,1.0,0.0,0.6083,0.0,0.0,0.0,9.5,42.5,3.0,17.0
2025_10_ATL_IND,2025,10,IND,ATL,4.2075,46.1941,61.0599,65.6589,126.7188,0.0,0.0,5.0238,0.0,0.0,0.0,0.0,-0.8963,0.0,0.0,0.0,0.0,0.0,0.0,0.0,1.0,0.0,0.0,6.5,48.5,6.0,56.0
2025_10_NO_CAR,2025,10,CAR,NO,3.2101,41.2625,65.1954,60.8619,126.0572,1.0,0.0,3.2625,0.0,0.8846,-0.8846,0.8846,-3.972,1.0,0.0,0.0,3.2101,1.0,0.0,0.6487,0.0,5.0,0.0,5.5,38.5,-10.0,24.0
2025_10_NYG_CHI,2025,10,CHI,NYG,3.9436,49.246,67.3802,63.2252,130.6054,1.0,0.0,4.0938,0.0,0.0,0.0,0.0,2.7114,0.0,0.0,0.0,0.0,-1.0,0.0,0.7056,0.0,0.0,12.0,4.5,45.5,4.0,44.0
2025_10_JAX_HOU,2025,10,HOU,JAX,3.9487,40.6428,66.8817,63.8597,130.7415,1.0,0.0,3.2953,-3.0442,0.0,-3.0442,-3.0442,1.7359,1.0,0.0,0.0,3.9487,-1.0,0.0,0.8248,1.0,0.0,0.0,-1.5,37.5,7.0,65.0
2025_10_BUF_MIA,2025,10,MIA,BUF,-9.6259,50.3912,59.4055,61.1735,120.579,1.0,0.36,-10.2849,0.0,0.0,0.0,0.0,-2.8179,1.0,0.0,0.0,-9.6259,0.0,0.0,1.1648,0.0,0.0,0.0,-8.5,50.5,17.0,43.0
2025_10_BAL_MIN,2025,10,MIN,BAL,-1.3508,43.7108,62.7576,59.303,122.0605,1.0,-0.36,-1.3156,-4.1128,0.0,-4.1128,-4.1128,1.4573,0.0,0.0,0.0,-0.0,-1.0,0.0,0.9366,1.0,0.0,0.0,-4.5,48.5,-8.0,46.0
2025_10_CLE_NYJ,2025,10,NYJ,CLE,-0.6581,35.9335,60.5545,65.6974,126.2519,1.0,0.0,-1.0414,-0.6784,0.0,-0.6784,-0.6784,-3.3144,0.0,0.0,0.0,-0.0,0.0,0.0,0.3994,0.0,2.0,0.0,-1.5,37.5,7.0,47.0
2025_10_NE_TB,2025,10,TB,NE,1.3299,46.8693,60.7046,63.6719,124.3765,1.0,0.84,3.5997,0.0,0.0,0.0,0.0,5.9781,0.0,0.0,0.0,0.0,0.0,0.0,1.1619,0.0,1.0,0.0,2.5,48.5,-5.0,51.0
2025_10_ARI_SEA,2025,10,SEA,ARI,4.1384,46.4692,61.3327,68.8752,130.208,1.0,0.12,5.8592,0.0,-2.879,2.879,-2.879,3.5212,1.0,0.0,0.0,4.1384,-1.0,0.0,1.1043,0.0,0.0,0.0,7.0,44.5,22.0,66.0
2025_10_LA_SF,2025,10,SF,LA,-7.8723,47.5331,66.1776,64.0759,130.2535,1.0,0.0,-4.0694,0.0,0.0,0.0,0.0,-5.6875,1.0,0.0,0.0,-7.8723,0.0,0.0,0.3135,0.0,0.0,0.0,-5.5,49.5,-16.0,68.0
2025_10_DET_WAS,2025,10,WAS,DET,-7.594,49.0596,61.6769,62.7773,124.4541,1.0,0.0,-6.5577,-3.3783,0.0,-3.3783,-3.3783,2.0323,0.0,0.0,0.0,-0.0,0.0,0.0,0.4015,0.0,0.0,0.0,-8.5,49.5,-22.0,66.0
2025_10_PIT_LAC,2025,10,LAC,PIT,2.947,46.1734,70.4753,56.6198,127.0951,1.0,0.0,0.4507,0.0,0.0,0.0,0.0,-5.9278,0.0,1.0,1.0,0.0,-3.0,0.0,2.139,1.0,0.0,0.0,3.0,45.5,15.0,35.0
2025_10_PHI_GB,2025,10,GB,PHI,-0.7836,49.3019,63.1068,61.5939,124.7007,1.0,-0.84,-2.3013,0.0,0.0,0.0,0.0,1.802,0.0,1.0,1.0,-0.0,-1.0,0.0,0.7315,0.0,0.0,12.0,1.5,45.5,-3.0,17.0
2025_11_NYJ_NE,2025,11,NE,NYJ,9.4473,46.4044,63.1091,59.2468,122.3559,1.0,0.0,5.6108,0.0,-0.2285,0.2285,-0.2285,1.4273,1.0,1.0,1.0,9.4473,0.0,0.0,0.1702,0.0,0.0,6.0,12.5,43.5,13.0,41.0
2025_11_WAS_MIA,2025,11,MIA,WAS,1.9099,51.2847,60.5153,59.828,120.3433,0.0,0.0,-0.5869,0.0,-2.2695,2.2695,-2.2695,0.9358,0.0,0.0,0.0,0.0,0.0,0.0,0.0,0.0,0.0,0.0,2.5,47.5,3.0,29.0
2025_11_CAR_ATL,2025,11,ATL,CAR,4.0586,44.505,61.6032,62.5546,124.1578,1.0,0.0,1.0332,0.0,0.0,0.0,0.0,4.4825,1.0,0.0,0.0,4.0586,0.0,0.0,0.2261,1.0,0.0,0.0,4.5,42.5,-3.0,57.0
2025_11_TB_BUF,2025,11,BUF,TB,0.7131,49.4822,64.7657,61.1477,125.9134,1.0,0.0,2.4907,0.0,0.0,0.0,0.0,0.1611,0.0,0.0,0.0,0.0,0.0,0.0,1.0434,0.0,10.0,7.0,6.0,46.5,12.0,76.0
2025_11_LAC_JAX,2025,11,JAX,LAC,-5.5621,44.1596,61.5876,67.3589,128.9465,1.0,0.0,-5.134,0.0,0.0,0.0,0.0,1.991,0.0,0.0,0.0,-0.0,3.0,1.0,2.1506,0.0,0.0,0.0,-3.0,43.5,29.0,41.0
2025_11_CHI_MIN,2025,11,MIN,CHI,-1.6594,42.6589,61.3171,65.2285,126.5456,1.0,0.0,1.3691,-4.3516,0.0,-4.3516,-4.3516,-3.4396,1.0,0.0,0.0,-1.6594,0.0,0.0,0.3553,1.0,0.0,0.0,3.0,47.5,-2.0,36.0
2025_11_GB_NYG,2025,11,NYG,GB,-7.3739,50.6757,66.3152,65.2376,131.5528,1.0,0.12,-10.2093,-2.594,0.0,-2.594,-2.594,-2.898,0.0,0.0,0.0,-0.0,1.0,0.0,0.7539,0.0,7.0,0.0,-7.5,41.5,-7.0,47.0
2025_11_CIN_PIT,2025,11,PIT,CIN,4.3472,52.2492,61.8689,67.6194,129.4882,1.0,-0.84,2.4585,0.0,0.0,0.0,0.0,4.8272,1.0,0.0,0.0,4.3472,0.0,0.0,0.2566,0.0,7.0,0.0,5.5,48.5,22.0,46.0
2025_11_HOU_TEN,2025,11,TEN,HOU,-11.6119,38.5472,58.4805,65.7467,124.2272,1.0,0.84,-11.3579,0.0,-2.2698,2.2698,-2.2698,-2.3427,1.0,0.0,0.0,-11.6119,0.0,0.0,0.6715,0.0,0.0,0.0,-5.5,37.5,-3.0,29.0
2025_11_SF_ARI,2025,11,ARI,SF,1.2336,50.9442,66.7255,64.2026,130.9281,1.0,0.0,-1.552,-3.3792,1.8929,-5.2721,-1.4863,0.1198,1.0,0.0,0.0,1.2336,1.0,0.0,0.608,1.0,0.0,0.0,-3.5,48.5,-19.0,63.0
2025_11_SEA_LA,2025,11,LA,SEA,1.3948,47.2488,68.0102,61.736,129.7462,1.0,0.0,0.401,0.0,0.0,0.0,0.0,-0.7357,1.0,0.0,0.0,1.3948,0.0,0.0,0.9651,1.0,0.0,0.0,3.0,49.5,2.0,40.0
2025_11_BAL_CLE,2025,11,CLE,BAL,-6.1143,39.6073,67.7461,57.1078,124.8539,1.0,0.0,-8.9883,0.0,0.0,0.0,0.0,1.4249,1.0,0.0,0.0,-6.1143,0.0,0.0,0.3083,0.0,10.0,1.0,-7.5,37.5,-7.0,39.0
2025_11_KC_DEN,2025,11,DEN,KC,-1.6096,44.9306,59.8707,67.0042,126.8749,1.0,-0.48,-0.956,0.0,0.0,0.0,0.0,7.2827,1.0,0.0,0.0,-1.6096,-1.0,0.0,0.5643,0.0,0.0,0.0,-3.5,44.5,3.0,41.0
2025_11_DET_PHI,2025,11,PHI,DET,0.6415,47.0975,58.6978,64.1423,122.84,1.0,-0.12,1.1353,0.0,0.0,0.0,0.0,2.0415,0.0,1.0,1.0,0.0,0.0,0.0,0.4431,0.0,5.0,0.0,2.5,46.5,7.0,25.0
2025_11_DAL_LV,2025,11,LV,DAL,-1.9409,48.0786,62.1877,67.7505,129.9382,1.0,-0.36,-3.263,0.0,0.0,0.0,0.0,-3.9477,0.0,1.0,1.0,-0.0,-2.0,0.0,1.0549,1.0,0.0,0.0,-3.5,48.5,-17.0,49.0
2025_12_BUF_HOU,2025,12,HOU,BUF,-1.1741,45.0778,64.7412,60.7309,125.4721,1.0,0.0,-3.3721,-2.0749,0.0,-2.0749,-2.0749,-2.6222,0.0,1.0,1.0,-0.0,-1.0,0.0,1.2902,1.0,0.0,0.0,-5.5,43.5,4.0,42.0
2025_12_NYJ_BAL,2025,12,BAL,NYJ,8.246,44.4145,61.2066,61.5323,122.7388,1.0,-0.36,9.3474,0.0,-0.1379,0.1379,-0.1379,3.8076,0.0,0.0,0.0,0.0,0.0,0.0,0.1715,0.0,0.0,0.0,14.0,44.5,13.0,33.0
2025_12_PIT_CHI,2025,12,CHI,PIT,1.9666,46.1009,71.03,58.691,129.7211,1.0,0.0,-1.8636,0.0,0.3897,-0.3897,0.3897,-0.5937,0.0,0.0,0.0,0.0,-1.0,0.0,0.4072,0.0,0.0,0.0,3.0,46.5,3.0,59.0
2025_12_NE_CIN,2025,12,CIN,NE,-9.9288,56.4083,60.1047,65.0255,125.1303,1.0,-0.36,-3.9481,0.0,0.0,0.0,0.0,0.6149,0.0,0.0,0.0,-0.0,0.0,0.0,0.7246,0.0,0.0,0.0,-7.5,50.5,-6.0,46.0
2025_12_NYG_DET,2025,12,DET,NYG,7.5862,50.2027,64.1064,64.5013,128.6077,1.0,0.0,12.1104,0.0,-1.9934,1.9934,-1.9934,0.0096,0.0,0.0,0.0,0.0,0.0,0.0,0.4753,1.0,0.0,0.0,14.0,50.5,7.0,61.0
2025_12_MIN_GB,2025,12,GB,MIN,6.0427,45.9964,63.3213,62.5315,125.8528,1.0,0.0,4.8614,0.0,0.0,0.0,0.0,1.5534,1.0,0.0,0.0,6.0427,0.0,0.0,0.257,0.0,0.0,2.0,6.5,41.5,17.0,29.0
2025_12_IND_KC,2025,12,KC,IND,0.2823,53.2212,67.111,59.8851,126.9961,1.0,-0.84,3.1649,0.0,0.0,0.0,0.0,-0.8497,0.0,0.0,0.0,0.0,-1.0,0.0,0.4468,0.0,0.0,0.0,3.5,50.5,3.0,43.0
2025_12_SEA_TEN,2025,12,TEN,SEA,-13.9126,41.418,62.8146,62.3334,125.1479,1.0,0.0,-14.4901,0.0,0.0,0.0,0.0,-2.646,0.0,0.0,0.0,-0.0,2.0,0.0,1.9707,0.0,0.0,0.0,-12.5,41.5,-6.0,54.0
2025_12_JAX_ARI,2025,12,ARI,JAX,0.1659,46.7697,67.1031,65.2182,132.3213,1.0,0.0,-2.2312,0.0,0.0,0.0,0.0,-0.2077,0.0,0.0,0.0,0.0,-2.0,0.0,1.8031,1.0,0.0,0.0,-2.5,47.5,-3.0,51.0
2025_12_CLE_LV,2025,12,LV,CLE,0.3924,30.9878,56.9304,66.7821,123.7124,1.0,-0.12,-0.3868,0.0,0.2975,-0.2975,0.2975,-2.3884,0.0,0.0,0.0,0.0,-3.0,0.0,1.8296,1.0,0.0,0.0,3.0,35.5,-14.0,34.0
2025_12_PHI_DAL,2025,12,DAL,PHI,-7.609,49.0594,65.7717,62.8281,128.5998,1.0,-0.12,-9.4058,0.0,0.0,0.0,0.0,0.3907,1.0,0.0,0.0,-7.609,-1.0,0.0,1.3126,1.0,0.0,0.0,-3.0,47.5,3.0,45.0
2025_12_ATL_NO,2025,12,NO,ATL,-3.092,42.0499,63.551,63.4146,126.9656,1.0,0.84,-1.2272,2.4214,-1.2749,3.6963,1.1465,-2.3925,1.0,0.0,0.0,-3.092,-1.0,0.0,0.4244,1.0,0.0,0.0,1.5,41.5,-14.0,34.0
2025_12_TB_LA,2025,12,LA,TB,7.1862,46.8796,62.8029,67.5805,130.3834,1.0,0.0,4.3944,0.0,0.0,0.0,0.0,-2.3563,0.0,1.0,1.0,0.0,-3.0,0.0,2.1518,1.0,0.0,0.0,7.0,49.5,27.0,41.0
2025_12_CAR_SF,2025,12,SF,CAR,3.7438,50.8698,62.073,65.4501,127.5231,1.0,0.0,5.0856,2.1734,0.0,2.1734,2.1734,0.9718,0.0,1.0,1.0,0.0,-3.0,0.0,2.2761,0.0,0.0,0.0,7.5,48.5,11.0,29.0
2025_13_GB_DET,2025,13,DET,GB,-1.4891,51.9098,62.9801,62.8723,125.8524,1.0,0.0,0.7866,0.0,0.0,0.0,0.0,-1.8576,1.0,0.0,0.0,-1.4891,1.0,0.0,0.2927,1.0,0.0,0.0,2.5,48.5,-7.0,55.0
2025_13_KC_DAL,2025,13,DAL,KC,-6.1982,58.2264,61.0129,68.6101,129.623,1.0,0.0,-6.1217,0.0,0.0,0.0,0.0,2.5784,0.0,0.0,0.0,-0.0,0.0,0.0,0.4592,1.0,0.0,0.0,-3.5,53.5,3.0,59.0
2025_13_CIN_BAL,2025,13,BAL,CIN,8.7533,51.5987,63.2702,62.6716,125.9418,1.0,0.0,7.617,0.0,4.8215,-4.8215,4.8215,2.1598,1.0,1.0,1.0,8.7533,0.0,0.0,0.4228,0.0,1.0,7.0,7.0,52.5,-18.0,46.0
2025_13_CHI_PHI,2025,13,PHI,CHI,6.2327,43.3163,61.5773,66.6603,128.2376,1.0,0.0,7.5251,0.0,0.0,0.0,0.0,-0.1394,0.0,0.0,0.0,0.0,1.0,0.0,0.6637,0.0,8.0,3.0,7.0,43.5,-9.0,39.0
2025_13_LA_CAR,2025,13,CAR,LA,-14.8527,43.9865,65.7842,61.7698,127.554,1.0,-0.12,-11.3899,0.0,0.0,0.0,0.0,-4.0973,0.0,0.0,0.0,-0.0,3.0,1.0,2.1215,0.0,0.0,0.0,-10.0,44.5,3.0,59.0
2025_13_SF_CLE,2025,13,CLE,SF,-4.7424,39.056,63.5325,61.5315,125.0639,1.0,0.12,-6.3031,0.2557,1.904,-1.6483,2.1598,2.8935,0.0,0.0,0.0,-0.0,3.0,1.0,2.1476,0.0,10.0,10.0,-5.5,35.5,-18.0,34.0
2025_13_HOU_IND,2025,13,IND,HOU,1.9272,41.5958,60.4037,71.0,131.4037,1.0,-0.36,-0.9459,0.0,0.0,0.0,0.0,-1.7997,1.0,0.0,0.0,1.9272,1.0,0.0,0.8709,1.0,0.0,0.0,3.0,44.5,-4.0,36.0
2025_13_NO_MIA,2025,13,MIA,NO,2.5046,42.5767,59.3302,62.6461,121.9762,1.0,0.84,5.0756,0.0,1.75,-1.75,1.75,1.2343,0.0,0.0,0.0,0.0,1.0,0.0,0.6607,0.0,0.0,0.0,5.5,41.5,4.0,38.0
2025_13_ATL_NYJ,2025,13,NYJ,ATL,-6.2392,45.0189,63.1008,62.5656,125.6664,1.0,0.0,-2.6238,0.2395,-1.4587,1.6982,-1.2192,-7.5942,0.0,0.0,0.0,-0.0,0.0,0.0,0.7475,0.0,0.0,2.0,-3.0,38.5,3.0,51.0
2025_13_ARI_TB,2025,13,TB,ARI,0.7558,46.1467,63.5699,67.9015,131.4714,1.0,0.0,4.3989,0.0,0.0,0.0,0.0,3.9913,0.0,0.0,0.0,0.0,2.0,1.0,1.8017,0.0,0.0,0.0,4.5,44.5,3.0,37.0
2025_13_JAX_TEN,2025,13,TEN,JAX,-8.0726,44.4223,63.3954,64.0582,127.4536,1.0,0.0,-9.5596,0.0,0.0,0.0,0.0,-1.4296,1.0,0.0,0.0,-8.0726,-1.0,0.0,0.5008,0.0,0.0,7.0,-6.0,42.5,-22.0,28.0
2025_13_MIN_SEA,2025,13,SEA,MIN,8.8913,41.1501,61.9938,62.4252,124.419,1.0,0.0,5.8984,0.0,4.325,-4.325,4.325,4.7249,0.0,0.0,0.0,0.0,-2.0,0.0,1.3918,0.0,0.0,0.0,12.5,42.5,26.0,26.0
2025_13_LV_LAC,2025,13,LAC,LV,6.9799,36.9937,64.473,59.0469,123.5199,1.0,0.84,8.6447,0.0,0.0,0.0,0.0,-0.2985,1.0,0.0,0.0,6.9799,0.0,0.0,0.2317,1.0,0.0,0.0,10.0,40.5,17.0,45.0
2025_13_BUF_PIT,2025,13,PIT,BUF,-3.5723,50.2834,58.4731,67.4857,125.9588,1.0,-0.36,-4.0674,0.0,0.0,0.0,0.0,-0.6039,0.0,0.0,0.0,-0.0,0.0,0.0,0.1729,0.0,6.0,11.0,-3.0,44.5,-19.0,33.0
2025_13_DEN_WAS,2025,13,WAS,DEN,-5.1649,47.4697,64.6963,63.2295,127.9257,1.0,0.0,-7.7049,-1.6864,0.0,-1.6864,-1.6864,-5.7262,0.0,1.0,1.0,-0.0,2.0,0.0,1.4998,0.0,3.0,5.0,-6.5,43.5,-1.0,53.0
2025_13_NYG_NE,2025,13,NE,NYG,5.7324,54.0433,64.3096,64.4884,128.798,1.0,0.0,8.1318,0.0,0.0,0.0,0.0,0.229,0.0,1.0,1.0,0.0,0.0,0.0,0.1702,0.0,0.0,15.0,7.0,46.5,18.0,48.0
2025_14_DAL_DET,2025,14,DET,DAL,1.6266,56.7673,64.3983,66.018,130.4163,1.0,0.0,4.7368,0.0,0.0,0.0,0.0,-4.272,0.0,1.0,1.0,0.0,1.0,0.0,1.0133,1.0,0.0,0.0,3.5,55.5,14.0,74.0
2025_14_SEA_ATL,2025,14,ATL,SEA,-7.0083,43.7105,64.3882,63.8569,128.2451,1.0,0.0,-9.5272,-1.0947,0.0,-1.0947,-1.0947,-0.0482,0.0,0.0,0.0,-0.0,3.0,1.0,2.1774,1.0,0.0,0.0,-7.0,44.5,-28.0,46.0
2025_14_PIT_BAL,2025,14,BAL,PIT,1.5419,44.2937,64.8608,60.9162,125.7769,1.0,0.36,2.6496,0.0,0.0,0.0,0.0,-1.092,1.0,0.0,0.0,1.5419,0.0,0.0,0.1972,0.0,0.0,1.0,5.5,43.5,-5.0,49.0
2025_14_TEN_CLE,2025,14,CLE,TEN,3.9906,33.8769,61.7815,60.1991,121.9806,1.0,0.0,4.7676,0.0382,0.0,0.0382,0.0382,2.0154,0.0,0.0,0.0,0.0,1.0,0.0,0.4588,0.0,0.0,12.0,4.5,33.5,-2.0,60.0
2025_14_CHI_GB,2025,14,GB,CHI,4.0958,52.9483,61.0001,67.1091,128.1091,1.0,0.12,4.8799,0.0,0.0,0.0,0.0,0.1055,1.0,0.0,0.0,4.0958,0.0,0.0,0.1837,0.0,0.0,29.0,6.5,44.5,7.0,49.0
2025_14_IND_JAX,2025,14,JAX,IND,-3.128,47.1385,70.66,62.6941,133.3541,1.0,0.0,-0.9167,0.0,0.0,0.0,0.0,0.3322,1.0,0.0,0.0,-3.128,0.0,0.0,0.7002,0.0,0.0,0.0,-2.5,44.5,17.0,55.0
2025_14_WAS_MIN,2025,14,MIN,WAS,-1.1981,45.3904,59.0094,65.4865,124.4959,1.0,0.0,0.888,0.0,0.0,0.0,0.0,-2.1596,0.0,0.0,0.0,-0.0,-1.0,0.0,0.9387,1.0,0.0,0.0,-1.5,43.5,31.0,31.0
2025_14_MIA_NYJ,2025,14,NYJ,MIA,-5.701,46.2455,60.5962,60.5036,121.0997,1.0,0.0,-3.9997,0.4218,0.0,0.4218,0.4218,-4.9245,1.0,0.0,0.0,-5.701,0.0,0.0,1.0856,0.0,0.0,4.0,-2.5,41.5,-24.0,44.0
2025_14_NO_TB,2025,14,TB,NO,5.0151,40.8086,62.8286,63.5909,126.4196,1.0,0.0,8.2226,0.0,0.0,0.0,0.0,1.8298,1.0,0.0,0.0,5.0151,1.0,0.0,0.4779,0.0,0.0,0.0,7.5,41.5,-4.0,44.0
2025_14_DEN_LV,2025,14,LV,DEN,-8.7339,36.2524,65.1145,64.4543,129.5688,1.0,0.0,-13.5936,0.0,0.0,0.0,0.0,-9.0857,1.0,0.0,0.0,-8.7339,-1.0,0.0,0.6083,1.0,0.0,0.0,-8.5,40.5,-7.0,41.0
2025_14_LA_ARI,2025,14,ARI,LA,-9.7261,44.9013,70.9967,59.8791,130.8758,1.0,0.0,-9.7807,0.0,0.0,0.0,0.0,-3.2729,1.0,0.0,0.0,-9.7261,1.0,0.0,0.3503,1.0,0.0,0.0,-9.5,49.5,-28.0,62.0
2025_14_CIN_BUF,2025,14,BUF,CIN,8.9574,52.5349,66.4706,60.4635,126.9341,1.0,-0.36,7.5864,0.0,4.8604,-4.8604,4.8604,3.7258,0.0,0.0,0.0,0.0,0.0,0.0,0.3923,0.0,2.0,14.0,6.0,54.5,5.0,73.0
2025_14_HOU_KC,2025,14,KC,HOU,-0.4848,46.2844,64.5056,62.8506,127.3563,1.0,0.36,1.5616,0.0,0.0,0.0,0.0,-2.8097,0.0,1.0,1.0,-0.0,0.0,0.0,0.6492,0.0,0.0,18.0,4.5,41.5,-10.0,30.0
2025_14_PHI_LAC,2025,14,LAC,PHI,-3.8798,39.7528,67.2776,56.816,124.0936,1.0,-0.24,-4.715,0.0,0.0,0.0,0.0,-4.9231,0.0,1.0,1.0,-0.0,-3.0,0.0,2.3962,1.0,0.0,0.0,-1.5,41.5,3.0,41.0
2025_15_ATL_TB,2025,15,TB,ATL,0.3809,46.476,66.8056,61.2683,128.0739,1.0,0.0,4.7043,0.0,-1.8179,1.8179,-1.8179,1.4056,1.0,1.0,1.0,0.3809,0.0,0.0,0.4149,0.0,0.0,0.0,6.0,43.5,-1.0,57.0
2025_15_CLE_CHI,2025,15,CHI,CLE,5.8304,38.2165,66.2866,61.8076,128.0942,1.0,0.0,7.0425,0.0,0.9075,-0.9075,0.9075,0.2625,0.0,0.0,0.0,0.0,-1.0,0.0,0.3063,0.0,0.0,37.0,7.5,38.5,28.0,34.0
2025_15_BAL_CIN,2025,15,CIN,BAL,-3.6615,51.2444,64.4134,63.548,127.9614,1.0,0.0,-3.6337,5.0489,0.0,5.0489,5.0489,-0.9931,1.0,0.0,0.0,-3.6615,0.0,0.0,0.4228,0.0,0.0,35.0,-2.5,51.5,-24.0,24.0
2025_15_ARI_HOU,2025,15,HOU,ARI,6.7356,40.0345,65.9673,64.7078,130.6751,1.0,0.0,9.0596,0.0,0.0,0.0,0.0,4.5398,0.0,0.0,0.0,0.0,1.0,0.0,1.0253,1.0,0.0,0.0,10.5,42.5,20.0,60.0
2025_15_NYJ_JAX,2025,15,JAX,NYJ,10.9901,44.5133,65.5391,62.2753,127.8144,1.0,0.0,7.7449,0.0,-2.8568,2.8568,-2.8568,4.4619,0.0,0.0,0.0,0.0,0.0,0.0,0.8394,0.0,1.0,0.0,13.5,40.5,28.0,68.0
2025_15_LAC_KC,2025,15,KC,LAC,-0.9861,45.7665,63.5374,62.2858,125.8231,1.0,0.12,1.8037,0.0,0.0,0.0,0.0,2.4568,1.0,0.0,0.0,-0.9861,2.0,0.0,1.3666,0.0,0.0,0.0,5.5,41.5,-3.0,29.0
2025_15_BUF_NE,2025,15,NE,BUF,0.0247,52.2043,59.2191,61.0148,120.2339,1.0,0.72,-3.9146,0.0,0.0,0.0,0.0,-2.4837,1.0,0.0,0.0,0.0247,0.0,0.0,0.3864,0.0,0.0,13.0,-2.5,49.5,-4.0,66.0
2025_15_WAS_NYG,2025,15,NYG,WAS,2.2555,57.8481,65.7624,64.2927,130.0551,1.0,0.72,-3.4004,0.0,-1.9152,1.9152,-1.9152,-2.4552,1.0,0.0,0.0,2.2555,0.0,0.0,0.1981,0.0,3.0,18.0,2.5,46.5,-8.0,50.0
2025_15_LV_PHI,2025,15,PHI,LV,12.3306,34.3668,62.6425,63.029,125.6715,1.0,-0.12,13.699,0.0,0.6214,-0.6214,0.6214,6.365,0.0,0.0,0.0,0.0,3.0,1.0,2.1765,0.0,10.0,15.0,12.5,37.5,31.0,31.0
2025_15_GB_DEN,2025,15,DEN,GB,-4.3304,50.528,65.2652,64.1549,129.4201,1.0,0.0,-0.7395,0.0,0.0,0.0,0.0,3.4718,0.0,0.0,0.0,-0.0,-1.0,0.0,0.927,0.0,0.0,0.0,-1.5,42.5,8.0,60.0
2025_15_DET_LA,2025,15,LA,DET,6.2354,51.2045,63.2762,65.3921,128.6683,1.0,-0.36,0.8727,0.0,0.0,0.0,0.0,3.5384,0.0,0.0,0.0,0.0,-3.0,0.0,1.9875,1.0,0.0,0.0,5.5,54.5,7.0,75.0
2025_15_CAR_NO,2025,15,NO,CAR,-0.6685,41.1058,62.2749,62.0865,124.3614,1.0,-0.84,-2.2709,0.0,0.0,0.0,0.0,2.9746,1.0,0.0,0.0,-0.6685,-1.0,0.0,0.6487,1.0,0.0,0.0,-2.5,41.5,3.0,37.0
2025_15_IND_SEA,2025,15,SEA,IND,4.9793,44.4207,66.0514,63.8115,129.8629,1.0,0.0,6.1317,0.0,-5.6119,5.6119,-5.6119,4.0772,0.0,0.0,0.0,0.0,-3.0,0.0,1.8677,0.0,0.0,0.0,13.5,41.5,2.0,34.0
2025_15_TEN_SF,2025,15,SF,TEN,8.7192,47.8067,62.1771,61.6793,123.8564,1.0,0.84,11.9923,1.8501,0.0,1.8501,1.8501,-1.7137,0.0,0.0,0.0,0.0,-2.0,0.0,1.9384,0.0,0.0,0.0,12.5,44.5,13.0,61.0
2025_15_MIN_DAL,2025,15,DAL,MIN,-0.7036,46.5269,67.276,59.654,126.93,1.0,0.36,0.1105,0.0,0.0,0.0,0.0,4.6338,0.0,1.0,1.0,-0.0,0.0,0.0,0.8694,1.0,0.0,0.0,5.5,47.5,-8.0,60.0
2025_15_MIA_PIT,2025,15,PIT,MIA,-1.4921,45.7777,57.7057,65.1179,122.8236,1.0,0.0,0.9159,0.0,0.0,0.0,0.0,0.3722,0.0,1.0,1.0,-0.0,0.0,0.0,1.0012,0.0,0.0,28.0,3.0,42.5,13.0,43.0
2025_16_LA_SEA,2025,16,SEA,LA,-2.2117,44.2432,63.5233,63.8736,127.3968,1.0,0.0,-0.725,0.0,0.0,0.0,0.0,1.1065,1.0,1.0,1.0,-2.2117,0.0,0.0,0.9651,0.0,7.0,0.0,1.5,42.5,1.0,75.0
2025_16_GB_CHI,2025,16,CHI,GB,-1.4548,53.4691,67.6228,59.4425,127.0653,1.0,0.0,-4.3896,0.0,0.0,0.0,0.0,1.9613,1.0,1.0,1.0,-1.4548,0.0,0.0,0.1837,0.0,0.0,8.0,1.5,45.5,6.0,38.0
2025_16_PHI_WAS,2025,16,WAS,PHI,-10.0753,44.6231,64.1153,62.5716,126.6869,1.0,0.0,-8.4877,0.0,0.0,0.0,0.0,-3.0736,1.0,0.0,0.0,-10.0753,0.0,0.0,0.1136,0.0,0.0,3.0,-7.0,43.5,-11.0,47.0
2025_16_NE_BAL,2025,16,BAL,NE,-2.8074,48.0462,57.9381,63.6832,121.6212,1.0,0.0,1.0149,0.0,0.0,0.0,0.0,0.5352,0.0,1.0,1.0,-0.0,0.0,0.0,0.3414,0.0,0.0,5.0,3.5,48.5,-4.0,52.0
2025_16_TB_CAR,2025,16,CAR,TB,-2.0889,48.4082,60.9292,64.103,125.0322,1.0,-0.36,-4.2967,0.0,0.0,0.0,0.0,-4.6818,1.0,0.0,0.0,-2.0889,0.0,0.0,0.5103,0.0,0.0,0.0,-3.0,44.5,3.0,43.0
2025_16_BUF_CLE,2025,16,CLE,BUF,-9.7279,40.4712,58.8612,63.2941,122.1554,1.0,0.0,-13.2758,0.0,0.0,0.0,0.0,-2.9937,0.0,0.0,0.0,-0.0,0.0,0.0,0.173,0.0,6.0,20.0,-10.5,41.5,-3.0,43.0
2025_16_LAC_DAL,2025,16,DAL,LAC,-5.4479,48.6935,64.2566,65.172,129.4286,1.0,0.0,-4.0075,0.0,0.0,0.0,0.0,3.742,0.0,0.0,0.0,-0.0,2.0,0.0,1.2269,1.0,0.0,0.0,1.5,50.5,-17.0,51.0
2025_16_NYJ_NO,2025,16,NO,NYJ,6.5212,40.8848,64.4696,60.9934,125.463,1.0,0.0,1.3127,0.0,-0.0858,0.0858,-0.0858,3.9914,0.0,0.0,0.0,0.0,-1.0,0.0,1.1699,1.0,0.0,0.0,6.5,39.5,23.0,35.0
2025_16_MIN_NYG,2025,16,NYG,MIN,-1.6188,45.3392,66.8251,59.1779,126.003,1.0,0.0,-8.2252,0.0,0.0,0.0,0.0,-0.3259,0.0,0.0,0.0,-0.0,1.0,0.0,1.01,0.0,10.0,0.0,-2.5,41.5,-3.0,29.0
2025_16_KC_TEN,2025,16,TEN,KC,-9.4794,49.2089,58.9653,66.1384,125.1038,1.0,0.0,-13.2783,0.0,-6.5243,6.5243,-6.5243,-0.0042,0.0,0.0,0.0,-0.0,0.0,0.0,0.4666,0.0,0.0,0.0,-3.5,37.5,17.0,35.0
2025_16_ATL_ARI,2025,16,ARI,ATL,-1.3379,48.2057,69.2903,62.3405,131.6308,1.0,-0.36,-0.7135,0.0,0.0,0.0,0.0,-4.5435,0.0,0.0,0.0,-0.0,-2.0,0.0,1.5979,1.0,0.0,0.0,-2.5,48.5,-7.0,45.0
2025_16_JAX_DEN,2025,16,DEN,JAX,-0.1332,44.2035,66.6514,67.2428,133.8942,1.0,0.0,4.7927,0.0,0.0,0.0,0.0,5.0345,0.0,0.0,0.0,-0.0,-2.0,0.0,1.4683,0.0,0.0,0.0,3.5,46.5,-14.0,54.0
2025_16_PIT_DET,2025,16,DET,PIT,2.7206,49.8745,66.7243,61.2989,128.0232,1.0,0.12,3.4943,0.0,0.0,0.0,0.0,-3.4366,0.0,0.0,0.0,0.0,0.0,0.0,0.2044,1.0,0.0,0.0,7.5,52.5,-5.0,53.0
2025_16_LV_HOU,2025,16,HOU,LV,12.3,35.7688,68.3635,56.5551,124.9186,1.0,0.0,13.4199,0.0,0.0,0.0,0.0,5.4799,0.0,0.0,0.0,0.0,2.0,0.0,1.2269,1.0,0.0,0.0,14.5,39.5,2.0,44.0
2025_16_CIN_MIA,2025,16,MIA,CIN,4.6255,48.6914,58.4909,64.2783,122.7692,1.0,-0.12,2.0742,-3.7847,0.0,-3.7847,-3.7847,2.4176,0.0,0.0,0.0,0.0,0.0,0.0,0.941,0.0,0.0,0.0,-3.5,48.5,-24.0,66.0
2025_16_SF_IND,2025,16,IND,SF,1.3554,51.5614,60.9935,68.1294,129.123,1.0,0.0,-2.5085,-2.9623,0.0,-2.9623,-2.9623,0.9029,0.0,1.0,1.0,0.0,3.0,0.0,1.928,1.0,0.0,0.0,-4.5,46.5,-21.0,75.0
2025_17_DAL_WAS,2025,17,WAS,DAL,-3.3051,61.0507,61.7592,67.2406,128.9998,1.0,0.12,-1.0659,-2.8512,0.0,-2.8512,-2.8512,-1.2751,1.0,0.0,0.0,-3.3051,1.0,0.0,1.2074,0.0,0.0,0.0,-8.5,50.5,-7.0,53.0
2025_17_DET_MIN,2025,17,MIN,DET,-2.5773,41.9137,61.2248,63.9078,125.1326,1.0,0.0,-3.1692,-1.6251,0.0,-1.6251,-1.6251,0.5961,1.0,0.0,0.0,-2.5773,-1.0,0.0,0.5415,1.0,0.0,0.0,-7.0,45.5,13.0,33.0
2025_17_DEN_KC,2025,17,KC,DEN,-2.2542,47.6555,67.7944,63.4927,131.2871,1.0,0.0,-3.6964,-6.313,0.0,-6.313,-6.313,-6.8182,1.0,1.0,1.0,-2.2542,1.0,0.0,0.5643,0.0,0.0,0.0,-13.5,37.5,-7.0,33.0
2025_17_SEA_CAR,2025,17,CAR,SEA,-7.929,43.4872,64.4992,60.555,125.0542,1.0,-0.36,-10.5011,0.0,0.0,0.0,0.0,-5.3558,0.0,0.0,0.0,-0.0,3.0,1.0,2.2805,0.0,0.0,2.0,-6.5,42.5,-17.0,37.0
2025_17_ARI_CIN,2025,17,CIN,ARI,-0.9698,50.8397,64.7391,65.2552,129.9943,1.0,0.0,4.0497,0.0,0.0,0.0,0.0,1.5682,0.0,0.0,0.0,-0.0,2.0,1.0,1.5853,0.0,0.0,0.0,7.0,52.5,23.0,51.0
2025_17_PIT_CLE,2025,17,CLE,PIT,-8.1092,34.9044,67.6057,58.6544,126.2601,1.0,0.0,-9.2878,0.0,0.0,0.0,0.0,-3.9258,1.0,0.0,0.0,-8.1092,0.0,0.0,0.1143,0.0,4.0,0.0,-4.5,35.5,7.0,19.0
2025_17_BAL_GB,2025,17,GB,BAL,3.7623,51.5295,64.4829,59.898,124.381,1.0,0.12,3.039,-3.0286,-5.808,2.7794,-8.8367,-0.2051,0.0,1.0,1.0,0.0,-1.0,0.0,0.6893,0.0,0.0,9.0,2.5,38.5,-17.0,65.0
2025_17_JAX_IND,2025,17,IND,JAX,-2.4081,49.0828,63.5131,68.0543,131.5675,1.0,-0.12,-4.5564,-2.3879,0.0,-2.3879,-2.3879,-1.2041,1.0,0.0,0.0,-2.4081,0.0,0.0,0.7002,1.0,0.0,0.0,-3.5,48.5,-6.0,40.0
2025_17_HOU_LAC,2025,17,LAC,HOU,-0.0842,36.3447,62.3859,63.0886,125.4746,1.0,0.0,-1.3766,0.0,0.0,0.0,0.0,-4.0027,0.0,0.0,0.0,-0.0,-2.0,0.0,1.375,1.0,0.0,0.0,1.5,40.5,-4.0,36.0
2025_17_NYG_LV,2025,17,LV,NYG,-4.0413,42.643,58.1784,66.5074,124.6858,1.0,0.0,-0.5714,0.0,0.0,0.0,0.0,-2.944,0.0,0.0,0.0,-0.0,-3.0,0.0,2.2277,1.0,0.0,0.0,-3.0,40.5,-24.0,44.0
2025_17_TB_MIA,2025,17,MIA,TB,-1.6529,47.4498,57.4074,64.2074,121.6148,1.0,0.0,-1.902,-3.3622,0.0,-3.3622,-3.3622,-2.0648,0.0,0.0,0.0,-0.0,0.0,0.0,0.1972,0.0,0.0,0.0,-5.5,44.5,3.0,37.0
2025_17_NE_NYJ,2025,17,NYJ,NE,-13.7676,48.5014,59.4159,64.3795,123.7954,1.0,0.0,-10.1523,-0.0857,0.0,-0.0857,-0.0857,-3.7709,1.0,0.0,0.0,-13.7676,0.0,0.0,0.1702,0.0,0.0,16.0,-12.5,42.5,-32.0,52.0
2025_17_NO_TEN,2025,17,TEN,NO,-4.1229,37.7467,61.675,63.4595,125.1345,1.0,0.0,-3.7217,0.0,0.0,0.0,0.0,-0.4863,0.0,0.0,0.0,-0.0,0.0,0.0,0.4702,0.0,4.0,0.0,-1.5,39.5,-8.0,60.0
2025_17_PHI_BUF,2025,17,BUF,PHI,-2.4024,44.7759,63.1011,59.0284,122.1294,1.0,-0.12,0.4254,0.0,0.0,0.0,0.0,-1.5805,0.0,0.0,0.0,-0.0,0.0,0.0,0.2732,0.0,0.0,7.0,3.0,45.5,-1.0,25.0
2025_17_CHI_SF,2025,17,SF,CHI,-0.5007,53.3405,62.6606,65.5016,128.1622,1.0,-0.24,1.2707,0.0,0.0,0.0,0.0,-2.9987,0.0,1.0,1.0,-0.0,-2.0,0.0,1.8413,0.0,0.0,0.0,3.5,51.5,4.0,80.0
2025_17_LA_ATL,2025,17,ATL,LA,-11.324,51.2229,66.2725,66.4964,132.7689,1.0,-0.36,-10.1471,0.0,0.0,0.0,0.0,-0.4996,0.0,1.0,1.0,-0.0,3.0,0.0,1.9385,1.0,0.0,0.0,-7.5,48.5,3.0,51.0
2025_18_NO_ATL,2025,18,ATL,NO,2.1495,40.6779,63.723,65.6973,129.4203,1.0,-0.12,1.4005,0.0,0.0,0.0,0.0,-0.0267,1.0,0.0,0.0,2.1495,1.0,0.0,0.4244,1.0,0.0,0.0,4.5,43.5,2.0,36.0
2025_18_NYJ_BUF,2025,18,BUF,NYJ,14.7575,49.496,65.1976,58.314,123.5116,1.0,0.0,14.7928,-5.3869,0.0,-5.3869,-5.3869,6.4286,1.0,0.0,0.0,14.7575,0.0,0.0,0.2779,0.0,3.0,18.0,12.5,39.5,27.0,43.0
2025_18_DET_CHI,2025,18,CHI,DET,2.2211,49.8534,68.6358,63.161,131.7968,1.0,-0.36,-1.0962,0.0,0.0,0.0,0.0,2.87,1.0,0.0,0.0,2.2211,-1.0,0.0,0.2366,0.0,0.0,12.0,3.5,51.5,-3.0,35.0
2025_18_CLE_CIN,2025,18,CIN,CLE,1.5774,38.1698,63.4863,61.2507,124.737,1.0,0.0,4.8371,0.0,0.0,0.0,0.0,1.1854,1.0,0.0,0.0,1.5774,0.0,0.0,0.2231,0.0,0.0,8.0,9.5,47.5,-2.0,38.0
2025_18_LAC_DEN,2025,18,DEN,LAC,-0.2434,42.4478,62.5743,66.0498,128.6241,1.0,0.24,2.8661,0.0,-4.5839,4.5839,-4.5839,10.3945,1.0,0.0,0.0,-0.2434,1.0,0.0,0.8369,0.0,0.0,0.0,14.5,37.5,16.0,22.0
2025_18_IND_HOU,2025,18,HOU,IND,3.1279,41.3298,69.6209,59.371,128.992,1.0,0.12,7.5622,0.0,-3.585,3.585,-3.585,3.1265,1.0,0.0,0.0,3.1279,-1.0,0.0,0.8709,1.0,0.0,0.0,9.5,37.5,8.0,68.0
2025_18_TEN_JAX,2025,18,JAX,TEN,10.8457,44.4176,62.7187,64.1113,126.83,1.0,0.0,12.952,0.0,0.0,0.0,0.0,-0.7144,1.0,0.0,0.0,10.8457,1.0,0.0,0.5008,0.0,0.0,0.0,12.5,46.5,34.0,48.0
2025_18_ARI_LA,2025,18,LA,ARI,12.8058,51.6084,66.1573,66.6339,132.7912,1.0,-0.12,12.5642,0.0,0.0,0.0,0.0,5.8796,1.0,0.0,0.0,12.8058,-1.0,0.0,0.3503,1.0,0.0,0.0,14.5,49.5,17.0,57.0
2025_18_KC_LV,2025,18,LV,KC,-7.3289,41.7591,57.5256,63.8493,121.3748,1.0,-0.36,-10.7007,-1.1189,-7.0434,5.9245,-8.1623,-3.7125,1.0,0.0,0.0,-7.3289,-2.0,0.0,1.1493,1.0,0.0,0.0,-3.5,36.5,2.0,26.0
2025_18_GB_MIN,2025,18,MIN,GB,-2.707,44.6444,59.6171,61.2786,120.8957,1.0,0.24,-1.3919,0.0,-7.3234,7.3234,-7.3234,-1.7239,1.0,0.0,0.0,-2.707,0.0,0.0,0.257,1.0,0.0,0.0,12.5,37.5,13.0,19.0
2025_18_MIA_NE,2025,18,NE,MIA,6.6661,51.3352,62.7166,56.5696,119.2862,1.0,0.0,5.0042,0.0,-2.5705,2.5705,-2.5705,-1.1512,1.0,0.0,0.0,6.6661,0.0,0.0,1.2258,0.0,0.0,16.0,14.0,44.5,28.0,48.0
2025_18_DAL_NYG,2025,18,NYG,DAL,0.7076,59.1155,63.0929,68.2746,131.3675,1.0,-0.36,-5.2466,0.0,0.0,0.0,0.0,-1.7277,1.0,0.0,0.0,0.7076,1.0,0.0,1.3851,0.0,0.0,12.0,-3.0,50.5,17.0,51.0
2025_18_WAS_PHI,2025,18,PHI,WAS,12.4972,46.5719,64.7576,61.5138,126.2714,1.0,-0.36,10.6544,-2.2231,-1.98,-0.243,-4.2031,3.9414,1.0,0.0,0.0,12.4972,0.0,0.0,0.1136,0.0,0.0,10.0,3.0,38.5,-7.0,41.0
2025_18_BAL_PIT,2025,18,PIT,BAL,-1.2162,46.3527,61.3394,63.5394,124.8789,1.0,-0.12,-2.0545,0.0,0.0,0.0,0.0,2.6058,1.0,1.0,1.0,-1.2162,0.0,0.0,0.1972,0.0,0.0,20.0,-4.5,41.5,2.0,50.0
2025_18_SEA_SF,2025,18,SF,SEA,-3.1214,48.4176,67.0591,60.902,127.9612,1.0,0.0,-3.0963,0.0,0.0,0.0,0.0,-2.3308,1.0,1.0,1.0,-3.1214,0.0,0.0,0.7045,0.0,0.0,0.0,-2.5,47.5,-10.0,16.0
2025_18_CAR_TB,2025,18,TB,CAR,1.3621,46.5357,64.3775,58.158,122.5355,1.0,0.0,2.9063,0.0,0.0,0.0,0.0,5.8197,1.0,0.0,0.0,1.3621,0.0,0.0,0.5103,0.0,1.0,0.0,3.0,43.5,2.0,30.0
2025_19_GB_CHI,2025,19,CHI,GB,0.5425,57.2308,67.2878,60.5319,127.8197,1.0,0.0,-1.1604,0.0,0.0,0.0,0.0,1.6981,1.0,1.0,1.0,0.5425,0.0,0.0,0.1837,0.0,0.0,13.0,-2.5,45.5,4.0,58.0
2025_19_BUF_JAX,2025,19,JAX,BUF,-0.5944,48.8282,59.5363,64.3877,123.924,1.0,0.0,-2.3755,0.0,0.0,0.0,0.0,-2.5149,0.0,0.0,0.0,-0.0,0.0,0.0,0.8745,0.0,0.0,0.0,1.5,51.5,-3.0,51.0
2025_19_SF_PHI,2025,19,PHI,SF,3.6991,48.1062,61.5403,64.59,126.1303,1.0,-0.12,2.0985,0.0,0.0,0.0,0.0,5.4314,0.0,0.0,0.0,0.0,3.0,0.0,2.5025,0.0,12.0,0.0,6.0,44.5,-4.0,42.0
2025_19_LAC_NE,2025,19,NE,LAC,5.3188,45.7627,59.5442,62.4431,121.9873,1.0,0.0,1.2693,0.0,0.0,0.0,0.0,3.2143,0.0,1.0,1.0,0.0,3.0,0.0,2.5896,0.0,0.0,10.0,3.5,45.5,13.0,19.0
2025_19_HOU_PIT,2025,19,PIT,HOU,-2.6046,40.338,60.3357,67.7745,128.1102,1.0,0.0,-4.3857,0.0,0.0,0.0,0.0,1.3066,0.0,1.0,1.0,-0.0,1.0,0.0,1.1419,0.0,0.0,13.0,-3.0,38.5,-24.0,36.0
2025_19_LA_CAR,2025,19,CAR,LA,-11.198,50.1603,60.0714,65.2873,125.3587,1.0,0.12,-10.9024,0.0,0.0,0.0,0.0,-6.0759,0.0,0.0,0.0,-0.0,3.0,0.0,2.1215,0.0,6.0,0.0,-10.0,44.5,-3.0,65.0
2025_20_BUF_DEN,2025,20,DEN,BUF,-2.1637,49.2736,59.6162,65.3284,124.9446,1.0,0.84,-0.4188,0.0,0.0,0.0,0.0,3.262,0.0,0.0,0.0,-0.0,-2.0,0.0,1.3729,0.0,0.0,9.0,1.5,45.5,3.0,63.0
2025_20_SF_SEA,2025,20,SEA,SF,4.2982,47.1609,62.4995,62.7561,125.2555,1.0,0.96,4.0018,0.0,0.0,0.0,0.0,3.6835,1.0,1.0,1.0,4.2982,0.0,0.0,0.7045,0.0,0.0,0.0,6.5,44.5,35.0,47.0
2025_20_LA_CHI,2025,20,CHI,LA,-7.0353,55.3375,67.1942,67.0866,134.2808,1.0,0.0,-4.7205,0.0,0.0,0.0,0.0,-2.5295,0.0,0.0,0.0,-0.0,2.0,0.0,1.7509,0.0,0.0,26.0,-3.5,49.5,-3.0,37.0
2025_20_HOU_NE,2025,20,NE,HOU,2.1794,42.9755,60.3638,63.433,123.7968,1.0,0.12,-2.6786,0.0,0.0,0.0,0.0,-1.4688,0.0,0.0,0.0,0.0,1.0,0.0,1.5919,0.0,0.0,10.0,3.0,40.5,12.0,44.0
2025_21_NE_DEN,2025,21,DEN,NE,-3.8458,47.0266,63.661,64.8866,128.5475,1.0,0.12,1.6781,-3.5838,0.0,-3.5838,-3.5838,4.857,0.0,0.0,0.0,-0.0,-2.0,0.0,1.7585,0.0,0.0,19.0,-3.5,43.5,-3.0,17.0
2025_21_LA_SEA,2025,21,SEA,LA,0.8484,43.6474,63.3711,66.8608,130.2318,1.0,0.12,1.8472,0.0,0.0,0.0,0.0,-1.4848,1.0,0.0,0.0,0.8484,0.0,0.0,0.9651,0.0,0.0,4.0,2.5,45.5,4.0,58.0
2025_22_SEA_NE,2025,22,NE,SEA,0.6363,42.2053,62.0108,60.2211,122.2319,0.0,0.0,-3.156,0.0,0.0,0.0,0.0,0.3521,0.0,0.0,0.0,0.0,0.0,0.0,0.0,0.0,0.0,0.0,-4.5,45.5,-16.0,42.0
