game_id,season,stype,week,date,neutral,conf_game,home_id,away_id,home,away,hs,as,ot,spread,total,ml_home,ml_away,open_spread,open_total,book,home_conf,away_conf
401013357,2018,2,1,2018-08-25T21:30Z,0,0,113,2184,UMASS,DUQ,63.000,15.000,0,-21.000,68.000,-1538.000,875.000,,,consensus,18,25
401014972,2018,2,1,2018-08-25T23:00Z,0,0,242,2504,RICE,PVAM,31.000,28.000,0,-22.500,58.500,-2646.000,1150.000,,,consensus,12,31
401022510,2018,2,1,2018-08-25T23:30Z,0,1,36,62,CSU,HAW,34.000,43.000,0,-17.000,57.500,-968.000,649.000,,,consensus,17,17
401013437,2018,2,1,2018-08-26T02:00Z,0,0,166,2751,NMSU,WYO,7.000,29.000,0,5.000,47.000,180.000,-210.000,,,numberfire,18,17
401013328,2018,2,1,2018-08-30T23:00Z,0,0,135,166,MINN,NMSU,48.000,10.000,0,-21.500,47.000,-1600.000,1025.000,,,numberfire,5,18
401019470,2018,2,1,2018-08-30T23:00Z,0,1,41,2116,UCONN,UCF,17.000,56.000,0,22.500,,,,,,consensus,151,151
401020671,2018,2,1,2018-08-30T23:00Z,0,0,2050,2115,BALL,CCSU,42.000,6.000,0,-19.500,61.500,-1272.000,783.000,,,consensus,15,25
401021651,2018,2,1,2018-08-30T23:00Z,0,0,2247,338,GAST,KENN,24.000,20.000,0,,,,,,,,37,40
401012675,2018,2,1,2018-08-31T00:00Z,0,0,254,2692,UTAH,WEB,41.000,10.000,0,-30.500,49.500,-3333.000,1500.000,,,consensus,9,20
401013086,2018,2,1,2018-08-31T00:00Z,0,0,2655,154,TULN,WAKE,17.000,23.000,1,7.500,56.000,229.000,-275.000,,,consensus,151,1
401013342,2018,2,1,2018-08-31T00:00Z,0,1,2509,77,PUR,NW,27.000,31.000,0,-1.000,51.000,-112.000,-107.000,,,consensus,5,5
401013489,2018,2,1,2018-08-31T00:00Z,0,0,197,2623,OKST,MOST,58.000,17.000,0,-46.000,73.000,,,,,consensus,4,21
401014979,2018,2,1,2018-08-31T00:00Z,0,0,5,2542,UAB,SAV,52.000,0.000,0,-39.000,54.500,,,,,consensus,12,24
401021655,2018,2,1,2018-08-31T00:00Z,0,0,2433,2545,ULM,SELA,34.000,31.000,0,-21.000,74.000,-1285.000,825.000,,,consensus,37,30
401012258,2018,2,1,2018-08-31T00:30Z,0,0,245,2466,TA&M,NWST,59.000,7.000,0,-47.000,63.500,,,,,consensus,8,30
401022511,2018,2,1,2018-08-31T02:00Z,0,0,23,302,SJSU,UCD,38.000,44.000,0,,,,,,,,17,20
401020673,2018,2,1,2018-08-31T22:00Z,0,0,2711,183,WMU,SYR,42.000,55.000,0,5.000,66.500,226.000,-229.000,,,consensus,15,1
401020672,2018,2,1,2018-08-31T22:30Z,0,0,2199,2405,EMU,MONM,51.000,17.000,0,-23.500,60.500,-2092.000,1050.000,,,consensus,15,40
401012880,2018,2,1,2018-08-31T23:00Z,0,0,127,328,MSU,USU,38.000,31.000,0,-23.500,52.500,-1103.000,938.000,,,consensus,5,17
401013089,2018,2,1,2018-08-31T23:00Z,0,0,150,349,DUKE,ARMY,34.000,14.000,0,-14.000,45.500,-550.000,421.000,,,consensus,1,18
401013354,2018,2,1,2018-09-01T01:00Z,0,0,275,98,WIS,WKU,34.000,3.000,0,-36.000,52.000,,,,,consensus,5,12
401022512,2018,2,1,2018-09-01T01:00Z,0,0,24,21,STAN,SDSU,31.000,10.000,0,-14.000,49.500,-569.000,429.000,,,consensus,9,17
401022517,2018,2,1,2018-09-01T01:00Z,0,0,2440,2502,NEV,PRST,72.000,19.000,0,-28.000,71.000,-6993.000,2000.000,,,consensus,17,20
401012680,2018,2,1,2018-09-01T01:30Z,1,0,36,38,CSU,COLO,13.000,45.000,0,-7.000,65.500,-278.000,234.000,,,consensus,17,9
401012253,2018,2,1,2018-09-01T16:00Z,1,0,2641,145,TTU,MISS,27.000,47.000,0,1.500,67.000,108.000,-128.000,,,consensus,4,8
401012256,2018,2,1,2018-09-01T16:00Z,0,0,2579,324,SC,CCU,49.000,15.000,0,-30.500,57.000,,,,,consensus,8,37
401012682,2018,2,1,2018-09-01T16:00Z,0,0,194,204,OSU,ORST,77.000,31.000,0,-40.000,63.500,,,,,consensus,5,9
401012804,2018,2,1,2018-09-01T16:00Z,0,0,356,2309,ILL,KENT,31.000,24.000,0,-18.000,55.500,-1014.000,681.000,,,consensus,5,15
401012820,2018,2,1,2018-09-01T16:00Z,0,0,164,326,RUTG,TXST,35.000,7.000,0,-16.500,47.000,-801.000,552.000,,,consensus,5,37
401012872,2018,2,1,2018-09-01T16:00Z,1,0,120,251,MD,TEX,34.000,29.000,0,13.000,54.000,362.000,-355.000,,,consensus,5,4
401013065,2018,2,1,2018-09-01T16:00Z,0,0,201,2226,OKLA,FAU,63.000,14.000,0,-19.000,72.000,-1324.000,814.000,,,consensus,4,12
401013072,2018,2,1,2018-09-01T16:00Z,0,0,2628,2582,TCU,SOU,55.000,7.000,0,-49.000,57.500,,,,,consensus,4,31
401013091,2018,2,1,2018-09-01T16:00Z,0,0,152,256,NCST,JMU,24.000,13.000,0,-14.500,56.500,-755.000,525.000,,,consensus,1,48
401014977,2018,2,1,2018-09-01T16:00Z,0,0,242,248,RICE,HOU,27.000,45.000,0,26.000,55.500,1500.000,-5000.000,,,consensus,12,151
401019473,2018,2,1,2018-09-01T16:00Z,0,0,218,222,TEM,NOVA,17.000,19.000,0,-15.000,38.500,-703.000,497.000,,,consensus,151,48
401013088,2018,2,1,2018-09-01T16:20Z,0,0,228,231,CLEM,FUR,48.000,7.000,0,-50.500,58.500,,,,,consensus,1,29
401013090,2018,2,1,2018-09-01T16:30Z,0,0,59,2016,GT,ALCN,41.000,0.000,0,-43.000,58.500,,,,,consensus,1,31
401013087,2018,2,1,2018-09-01T17:00Z,0,0,103,113,BC,UMASS,55.000,21.000,0,-20.500,63.000,-1301.000,788.000,,,consensus,1,18
401020675,2018,2,1,2018-09-01T18:00Z,0,0,195,47,OHIO,HOW,38.000,32.000,0,-31.000,62.000,,,,,consensus,15,24
401022514,2018,2,1,2018-09-01T18:00Z,0,0,2005,2619,AFA,STON,38.000,0.000,0,-14.500,57.500,-735.000,517.000,,,consensus,17,48
401012248,2018,2,1,2018-09-01T19:30Z,1,0,2,264,AUB,WASH,21.000,16.000,0,-1.000,49.000,-119.000,-101.000,,,consensus,8,9
401012250,2018,2,1,2018-09-01T19:30Z,0,0,61,2046,UGA,PEAY,45.000,0.000,0,-48.000,59.500,,,,,consensus,8,26
401012251,2018,2,1,2018-09-01T19:30Z,0,0,96,2117,UK,CMU,35.000,20.000,0,-17.500,49.000,-800.000,600.000,,,numberfire,8,15
401012257,2018,2,1,2018-09-01T19:30Z,1,0,2633,277,TENN,WVU,14.000,40.000,0,10.000,61.000,309.000,-391.000,,,consensus,8,4
401012683,2018,2,1,2018-09-01T19:30Z,0,0,2751,265,WYO,WSU,19.000,41.000,0,3.000,45.000,146.000,-167.000,,,consensus,17,9
401013092,2018,2,1,2018-09-01T19:30Z,0,0,221,399,PITT,ALBY,33.000,7.000,0,-27.000,43.500,-5000.000,1400.000,,,consensus,1,48
401013349,2018,2,1,2018-09-01T19:30Z,0,0,213,2026,PSU,APP,45.000,38.000,1,-24.500,54.000,-2036.000,1154.000,,,consensus,5,37
401012862,2018,2,1,2018-09-01T19:40Z,0,0,2294,2459,IOWA,NIU,33.000,7.000,0,-9.500,46.500,-364.000,291.000,,,consensus,5,15
401012247,2018,2,1,2018-09-01T20:00Z,0,0,8,2197,ARK,EIU,55.000,20.000,0,-35.000,58.500,,,,,consensus,8,26
401012255,2018,2,1,2018-09-01T20:00Z,0,0,142,2630,MIZ,UTM,51.000,14.000,0,-35.000,57.000,,,,,consensus,8,26
401012678,2018,2,1,2018-09-01T20:00Z,0,0,30,2439,USC,UNLV,43.000,21.000,0,-25.000,63.500,-3797.000,1410.000,,,consensus,9,17
401012684,2018,2,1,2018-09-01T20:00Z,0,0,25,153,CAL,UNC,24.000,17.000,0,-7.000,60.000,-265.000,223.000,,,consensus,9,1
401013094,2018,2,1,2018-09-01T22:00Z,0,0,258,257,UVA,RICH,42.000,13.000,0,-14.500,55.500,-539.000,405.000,,,consensus,1,48
401013448,2018,2,1,2018-09-01T22:00Z,0,0,2335,295,LIB,ODU,52.000,10.000,0,5.000,58.000,184.000,-221.000,,,consensus,18,12
401014973,2018,2,1,2018-09-01T22:00Z,0,0,2429,2230,CHAR,FOR,34.000,10.000,0,-16.500,56.000,-867.000,575.000,,,consensus,12,27
401014975,2018,2,1,2018-09-01T22:00Z,0,0,193,276,M-OH,MRSH,28.000,35.000,0,-1.500,51.000,-126.000,104.000,,,consensus,15,12
401019472,2018,2,1,2018-09-01T22:00Z,0,0,58,2210,USF,ELON,34.000,14.000,0,-27.000,56.500,-3333.000,1150.000,,,consensus,151,48
401020674,2018,2,1,2018-09-01T22:00Z,0,0,2084,2169,BUFF,DSU,48.000,10.000,0,,,,,,,,15,24
401021653,2018,2,1,2018-09-01T22:00Z,0,0,290,2569,GASO,SCST,37.000,6.000,0,-28.000,46.500,,,,,consensus,37,24
401021656,2018,2,1,2018-09-01T22:00Z,0,0,2653,68,TROY,BSU,20.000,56.000,0,9.500,48.000,280.000,-345.000,,,consensus,37,17
401012679,2018,2,1,2018-09-01T23:00Z,0,0,26,2132,UCLA,CIN,17.000,26.000,0,-14.500,62.500,-550.000,445.000,,,numberfire,9,151
401012851,2018,2,1,2018-09-01T23:00Z,0,0,2229,84,FIU,IND,28.000,38.000,0,13.000,54.500,392.000,-503.000,,,consensus,12,5
401013048,2018,2,1,2018-09-01T23:00Z,0,0,2305,2447,KU,NICH,23.000,26.000,1,-8.000,57.000,-322.000,257.000,,,consensus,4,30
401013057,2018,2,1,2018-09-01T23:00Z,0,0,2306,233,KSU,SDAK,27.000,24.000,0,-24.000,63.000,-2915.000,1275.000,,,consensus,4,21
401014974,2018,2,1,2018-09-01T23:00Z,0,0,6,2348,USA,LT,26.000,30.000,0,10.500,51.000,325.000,-413.000,,,consensus,37,12
401014978,2018,2,1,2018-09-01T23:00Z,0,0,2572,2296,USM,JKST,55.000,7.000,0,-33.000,51.000,-1600.000,900.000,,,consensus,12,31
401019474,2018,2,1,2018-09-01T23:00Z,0,0,235,2382,MEM,MER,66.000,14.000,0,,,,,,,,151,29
401019476,2018,2,1,2018-09-01T23:00Z,0,0,202,2110,TLSA,UCA,38.000,27.000,0,-11.500,62.000,-498.000,388.000,,,consensus,151,30
401020676,2018,2,1,2018-09-01T23:00Z,0,0,2649,2678,TOL,VMI,66.000,3.000,0,-48.500,53.000,,,,,consensus,15,29
401021652,2018,2,1,2018-09-01T23:00Z,0,0,2032,2546,ARKST,SEMO,48.000,21.000,0,-32.500,56.000,,,,,consensus,37,26
401021654,2018,2,1,2018-09-01T23:00Z,0,0,309,2755,ULL,GRAM,49.000,17.000,0,-14.000,61.000,-698.000,492.000,,,consensus,37,31
401012249,2018,2,1,2018-09-01T23:30Z,0,0,57,2127,FLA,CHSO,53.000,6.000,0,-43.000,,,,,,consensus,8,40
401012254,2018,2,1,2018-09-01T23:30Z,0,0,344,2617,MSST,SFA,63.000,6.000,0,-47.500,53.000,,,,,consensus,8,30
401012259,2018,2,1,2018-09-01T23:30Z,0,0,238,2393,VAN,MTSU,35.000,7.000,0,-3.000,56.500,-155.000,134.000,,,consensus,8,12
401012888,2018,2,1,2018-09-01T23:30Z,0,0,87,130,ND,MICH,24.000,17.000,0,3.000,46.500,117.000,-120.000,,,consensus,18,5
401014976,2018,2,1,2018-09-01T23:30Z,0,0,249,2567,UNT,SMU,46.000,23.000,0,-3.500,71.000,-168.000,146.000,,,consensus,12,151
401014980,2018,2,1,2018-09-01T23:30Z,0,0,2638,2464,UTEP,NAU,10.000,30.000,0,7.000,52.500,222.000,-271.000,,,consensus,12,20
401012246,2018,2,1,2018-09-02T00:00Z,1,0,333,97,ALA,LOU,51.000,14.000,0,-24.000,62.000,-2837.000,1267.000,,,consensus,8,1
401012681,2018,2,1,2018-09-02T00:00Z,0,0,2483,189,ORE,BGSU,58.000,24.000,0,-34.000,72.500,-1299.000,797.000,,,consensus,9,15
401013026,2018,2,1,2018-09-02T00:00Z,0,0,239,2000,BAY,ACU,55.000,27.000,0,-41.000,,,,,,consensus,4,30
401022515,2018,2,1,2018-09-02T00:00Z,0,0,167,2916,UNM,IW,62.000,30.000,0,-36.000,63.500,,,,,consensus,17,30
401022516,2018,2,1,2018-09-02T02:00Z,0,0,278,70,FRES,IDAHO,79.000,13.000,0,-24.500,43.000,-2398.000,1200.000,,,consensus,17,20
401012677,2018,2,1,2018-09-02T02:30Z,0,0,9,2636,ASU,UTSA,49.000,7.000,0,-17.500,52.000,-973.000,644.000,,,consensus,9,12
401012676,2018,2,1,2018-09-02T02:45Z,0,0,12,252,ARIZ,BYU,23.000,28.000,0,-11.000,60.500,-421.000,331.000,,,consensus,9,18
401019475,2018,2,1,2018-09-02T03:00Z,0,0,62,2426,HAW,NAVY,59.000,41.000,0,13.500,62.000,403.000,-518.000,,,consensus,17,151
401079833,2018,2,1,2018-09-02T19:30Z,0,0,151,2448,ECU,NCAT,23.000,28.000,0,-13.000,64.500,-581.000,430.000,,,consensus,151,24
401013095,2018,2,1,2018-09-02T23:30Z,1,0,99,2390,LSU,MIAMI,33.000,17.000,0,3.000,47.000,143.000,-164.000,,,consensus,8,1
401013096,2018,2,1,2018-09-04T00:00Z,0,1,52,259,FSU,VT,3.000,24.000,0,-7.000,55.500,-236.000,227.000,,,consensus,1,1
401019477,2018,2,2,2018-09-08T00:00Z,0,0,2567,2628,SMU,TCU,12.000,42.000,0,23.500,60.000,1150.000,-2373.000,,,consensus,151,4
401012266,2018,2,2,2018-09-08T16:00Z,0,0,2306,344,KSU,MSST,10.000,31.000,0,7.000,52.500,232.000,-279.000,,,consensus,4,8
401012271,2018,2,2,2018-09-08T16:00Z,0,0,238,2440,VAN,NEV,41.000,10.000,0,-10.000,60.000,-388.000,308.000,,,consensus,8,17
401012726,2018,2,2,2018-09-08T16:00Z,0,0,248,12,HOU,ARIZ,45.000,18.000,0,-3.500,71.500,-165.000,143.000,,,consensus,151,9
401012889,2018,2,2,2018-09-08T16:00Z,0,0,130,2711,MICH,WMU,49.000,3.000,0,-28.000,55.000,,,,,consensus,5,15
401013098,2018,2,2,2018-09-08T16:00Z,0,0,77,150,NW,DUKE,7.000,21.000,0,-2.500,47.500,-141.000,121.000,,,consensus,5,1
401013100,2018,2,2,2018-09-08T16:00Z,0,0,58,59,USF,GT,49.000,38.000,0,3.000,60.000,137.000,-158.000,,,consensus,151,1
401013108,2018,2,2,2018-09-08T16:00Z,0,0,154,119,WAKE,TOWS,51.000,20.000,0,-34.000,57.500,,,,,consensus,1,48
401013352,2018,2,2,2018-09-08T16:00Z,0,0,2509,2199,PUR,EMU,19.000,20.000,0,-15.500,50.500,-704.000,506.000,,,consensus,5,15
401013355,2018,2,2,2018-09-08T16:00Z,0,0,275,167,WIS,UNM,45.000,14.000,0,-35.500,58.500,-2000.000,1000.000,,,consensus,5,17
401013367,2018,2,2,2018-09-08T16:00Z,0,0,349,2335,ARMY,LIB,38.000,14.000,0,-7.500,57.500,-295.000,242.000,,,consensus,18,18
401013104,2018,2,2,2018-09-08T16:30Z,0,0,152,2247,NCST,GAST,41.000,7.000,0,-24.500,56.500,-10000.000,6500.000,,,numberfire,1,37
401012728,2018,2,2,2018-09-08T17:00Z,0,0,201,26,OKLA,UCLA,49.000,21.000,0,-31.000,65.500,,,,,consensus,4,9
401013097,2018,2,2,2018-09-08T17:00Z,0,0,103,107,BC,HC,62.000,14.000,0,,,,,,,,1,27
401012731,2018,2,2,2018-09-08T18:00Z,0,0,2483,2502,ORE,PRST,62.000,14.000,0,-49.500,,,,,,consensus,9,20
401013107,2018,2,2,2018-09-08T18:00Z,0,0,259,2729,VT,W&M,62.000,17.000,0,-42.000,,,,,,consensus,1,48
401014983,2018,2,2,2018-09-08T18:00Z,0,0,2226,2005,FAU,AFA,33.000,27.000,0,-8.000,61.000,-300.000,246.000,,,consensus,12,17
401013049,2018,2,2,2018-09-08T19:00Z,0,0,2117,2305,CMU,KU,7.000,31.000,0,-3.000,48.000,-160.000,135.000,,,numberfire,15,4
401012260,2018,2,2,2018-09-08T19:30Z,0,0,333,2032,ALA,ARKST,57.000,7.000,0,-37.000,63.000,,,,,consensus,8,37
401012268,2018,2,2,2018-09-08T19:30Z,0,1,2579,61,SC,UGA,17.000,41.000,0,9.000,53.000,274.000,-339.000,,,consensus,8,8
401012729,2018,2,2,2018-09-08T19:30Z,0,0,158,38,NEB,COLO,28.000,33.000,0,-3.500,64.000,-156.000,134.000,,,consensus,5,9
401012821,2018,2,2,2018-09-08T19:30Z,0,1,194,164,OSU,RUTG,52.000,3.000,0,-35.500,58.500,,,,,consensus,5,5
401013103,2018,2,2,2018-09-08T19:30Z,0,0,151,153,ECU,UNC,41.000,19.000,0,16.000,60.000,493.000,-682.000,,,consensus,151,1
401013106,2018,2,2,2018-09-08T19:30Z,0,0,183,2681,SYR,WAG,62.000,10.000,0,,,,,,,,1,25
401013377,2018,2,2,2018-09-08T19:30Z,0,0,87,2050,ND,BALL,24.000,16.000,0,-34.500,60.500,,,,,consensus,18,15
401019478,2018,2,2,2018-09-08T19:30Z,0,0,218,2084,TEM,BUFF,29.000,36.000,0,-4.000,52.000,-195.000,165.000,,,numberfire,151,15
401019479,2018,2,2,2018-09-08T19:30Z,0,1,2426,235,NAVY,MEM,22.000,21.000,0,7.000,67.000,225.000,-270.000,,,consensus,151,151
401020677,2018,2,2,2018-09-08T19:30Z,0,0,2309,47,KENT,HOW,54.000,14.000,0,-9.500,,-350.000,285.000,,,consensus,15,24
401020678,2018,2,2,2018-09-08T19:30Z,0,0,2006,2415,AKRON,MORG,41.000,7.000,0,-42.500,,,,,,consensus,15,24
401012265,2018,2,2,2018-09-08T20:00Z,0,0,145,79,MISS,SIU,76.000,41.000,0,-28.000,65.500,,,,,consensus,8,21
401012269,2018,2,2,2018-09-08T20:00Z,0,0,2633,2193,TENN,ETSU,59.000,3.000,0,-37.000,51.500,,,,,consensus,8,29
401013322,2018,2,2,2018-09-08T20:00Z,0,0,2641,2320,TTU,LAM,77.000,0.000,0,-49.000,71.500,,,,,consensus,4,30
401012733,2018,2,2,2018-09-08T21:00Z,0,0,264,155,WASH,UND,45.000,3.000,0,,,,,,,,9,32
401012863,2018,2,2,2018-09-08T21:00Z,0,0,2294,66,IOWA,ISU,13.000,3.000,0,-3.500,46.500,-173.000,151.000,,,consensus,5,4
401012873,2018,2,2,2018-09-08T22:00Z,0,0,189,120,BGSU,MD,14.000,45.000,0,14.000,66.000,426.000,-563.000,,,consensus,15,5
401013102,2018,2,2,2018-09-08T22:00Z,0,0,2390,2542,MIAMI,SAV,77.000,0.000,0,-62.000,63.500,,,,,consensus,1,24
401013326,2018,2,2,2018-09-08T22:00Z,0,0,277,2754,WVU,YSU,52.000,17.000,0,-33.500,63.500,,,,,consensus,4,21
401013358,2018,2,2,2018-09-08T22:00Z,0,0,290,113,GASO,UMASS,34.000,13.000,0,-1.500,60.500,-122.000,102.000,,,consensus,37,18
401014981,2018,2,2,2018-09-08T22:00Z,0,0,2429,2026,CHAR,APP,9.000,45.000,0,15.000,48.000,478.000,-657.000,,,consensus,12,37
401019481,2018,2,2,2018-09-08T22:00Z,0,0,2116,2569,UCF,SCST,38.000,0.000,0,,,,,,,,151,24
401014985,2018,2,2,2018-09-08T22:30Z,0,0,276,2198,MRSH,EKY,32.000,16.000,0,-32.500,,,,,,consensus,12,26
401012264,2018,2,2,2018-09-08T23:00Z,0,0,99,2545,LSU,SELA,31.000,0.000,0,-42.000,57.500,,,,,consensus,8,30
401012267,2018,2,2,2018-09-08T23:00Z,0,0,142,2751,MIZ,WYO,40.000,13.000,0,-19.500,52.500,-1135.000,721.000,,,consensus,8,17
401012270,2018,2,2,2018-09-08T23:00Z,0,0,245,228,TA&M,CLEM,26.000,28.000,0,12.500,51.000,401.000,-523.000,,,consensus,8,1
401013027,2018,2,2,2018-09-08T23:00Z,0,0,2636,239,UTSA,BAY,20.000,37.000,0,17.000,55.000,552.000,-807.000,,,consensus,12,4
401013101,2018,2,2,2018-09-08T23:00Z,0,0,97,282,LOU,INST,31.000,7.000,0,,,,,,,,1,21
401014984,2018,2,2,2018-09-08T23:00Z,0,0,2348,2582,LT,SOU,54.000,17.000,0,-34.000,64.500,,,,,consensus,12,31
401014986,2018,2,2,2018-09-08T23:00Z,0,0,2393,2630,MTSU,UTM,61.000,37.000,0,-19.000,46.500,-1250.000,750.000,,,consensus,12,26
401014989,2018,2,2,2018-09-08T23:00Z,0,0,2572,2433,USM,ULM,20.000,21.000,0,-5.500,67.500,-216.000,181.000,,,consensus,12,37
401014990,2018,2,2,2018-09-08T23:00Z,0,0,324,5,CCU,UAB,47.000,24.000,0,9.000,54.500,269.000,-334.000,,,consensus,37,12
401021657,2018,2,2,2018-09-08T23:00Z,0,0,326,2640,TXST,TXSO,36.000,20.000,0,-34.000,52.500,,,,,consensus,37,31
401021658,2018,2,2,2018-09-08T23:00Z,0,0,2653,50,TROY,FAMU,59.000,7.000,0,-34.500,59.500,,,,,consensus,37,24
401013099,2018,2,2,2018-09-08T23:20Z,0,0,52,2535,FSU,SAM,36.000,26.000,0,-33.000,56.500,,,,,consensus,1,29
401012261,2018,2,2,2018-09-08T23:30Z,0,0,36,8,CSU,ARK,34.000,27.000,0,14.000,70.000,419.000,-553.000,,,consensus,17,8
401012262,2018,2,2,2018-09-08T23:30Z,0,0,2,2011,AUB,ALST,63.000,9.000,0,-62.000,59.500,,,,,consensus,8,31
401012263,2018,2,2,2018-09-08T23:30Z,0,1,57,96,FLA,UK,16.000,27.000,0,-13.500,51.500,-528.000,409.000,,,consensus,8,8
401012730,2018,2,2,2018-09-08T23:30Z,0,0,2459,254,NIU,UTAH,6.000,17.000,0,12.000,47.500,431.000,-558.000,,,consensus,15,9
401012805,2018,2,2,2018-09-08T23:30Z,0,0,356,2710,ILL,WIU,34.000,14.000,0,,,,,,,,5,21
401012852,2018,2,2,2018-09-08T23:30Z,0,0,84,258,IND,UVA,20.000,16.000,0,-5.000,50.000,-243.000,228.000,,,consensus,5,1
401013329,2018,2,2,2018-09-08T23:30Z,0,0,135,278,MINN,FRES,21.000,14.000,0,1.000,50.000,-116.000,-103.000,,,consensus,5,17
401014982,2018,2,2,2018-09-08T23:30Z,0,1,295,2229,ODU,FIU,20.000,28.000,0,3.000,51.500,126.000,-146.000,,,consensus,12,12
401014987,2018,2,2,2018-09-08T23:30Z,0,0,249,2916,UNT,IW,58.000,16.000,0,-43.500,79.000,,,,,consensus,12,30
401014992,2018,2,2,2018-09-08T23:30Z,0,0,98,311,WKU,MAINE,28.000,31.000,0,-10.000,50.500,-386.000,295.000,,,consensus,12,48
401012732,2018,2,2,2018-09-09T00:00Z,0,0,204,253,ORST,SUU,48.000,25.000,0,-11.000,70.000,-432.000,325.000,,,consensus,9,20
401013105,2018,2,2,2018-09-09T00:00Z,0,0,221,213,PITT,PSU,6.000,51.000,0,7.500,50.500,251.000,-306.000,,,consensus,1,5
401013319,2018,2,2,2018-09-09T00:00Z,0,0,251,202,TEX,TLSA,28.000,21.000,0,-22.000,60.000,-2091.000,1071.000,,,consensus,4,151
401013438,2018,2,2,2018-09-09T00:00Z,0,0,328,166,USU,NMSU,60.000,13.000,0,-23.500,62.000,-1900.000,1075.000,,,numberfire,17,18
401013490,2018,2,2,2018-09-09T00:00Z,0,0,197,6,OKST,USA,55.000,13.000,0,-30.500,64.000,,,,,consensus,4,37
401019480,2018,2,2,2018-09-09T00:00Z,0,0,2655,2447,TULN,NICH,42.000,17.000,0,-17.000,49.500,-784.000,545.000,,,consensus,151,30
401019482,2018,2,2,2018-09-09T00:00Z,0,0,193,2132,M-OH,CIN,0.000,21.000,0,-1.500,46.500,-120.000,100.000,,,numberfire,15,151
401012736,2018,2,2,2018-09-09T00:30Z,0,1,24,30,STAN,USC,17.000,3.000,0,-4.500,54.000,-200.000,172.000,,,consensus,9,9
401014991,2018,2,2,2018-09-09T01:00Z,0,0,2439,2638,UNLV,UTEP,52.000,24.000,0,-23.000,55.000,-1593.000,950.000,,,consensus,17,12
401022518,2018,2,2,2018-09-09T01:00Z,0,0,21,16,SDSU,SAC,28.000,14.000,0,-25.500,58.500,-2500.000,1200.000,,,consensus,17,20
401012735,2018,2,2,2018-09-09T02:15Z,0,0,252,25,BYU,CAL,18.000,21.000,0,-2.000,47.000,-131.000,111.000,,,consensus,18,9
401019483,2018,2,2,2018-09-09T02:15Z,0,0,68,41,BSU,UCONN,62.000,7.000,0,-33.500,63.000,,,,,consensus,17,151
401012727,2018,2,2,2018-09-09T02:45Z,0,0,9,127,ASU,MSU,16.000,13.000,0,4.500,54.000,168.000,-193.000,,,consensus,9,5
401012734,2018,2,2,2018-09-09T03:00Z,0,0,265,23,WSU,SJSU,31.000,0.000,0,-32.500,64.000,,,,,numberfire,9,17
401014988,2018,2,2,2018-09-09T03:59Z,0,0,62,242,HAW,RICE,43.000,29.000,0,-17.500,69.000,-934.000,631.000,,,consensus,17,12
401021659,2018,2,3,2018-09-12T18:00Z,0,0,2097,324,CAMP,CCU,21.000,58.000,0,30.500,56.500,0.000,0.000,,,consensus,40,37
401014993,2018,2,3,2018-09-13T20:00Z,0,1,2429,295,CHAR,ODU,28.000,25.000,0,1.500,47.500,-101.000,-120.000,,,consensus,12,12
401013109,2018,2,3,2018-09-13T21:30Z,0,1,154,103,WAKE,BC,34.000,41.000,0,6.000,58.500,330.000,-301.000,,,consensus,1,1
401022519,2018,2,3,2018-09-14T00:00Z,0,0,328,2635,USU,TNTC,73.000,12.000,0,,,,,,,,17,26
401019484,2018,2,3,2018-09-14T23:00Z,0,0,235,2247,MEM,GAST,59.000,22.000,0,-29.000,63.000,290.000,-380.000,,,numberfire,151,37
401012275,2018,2,3,2018-09-15T16:00Z,0,0,61,2393,UGA,MTSU,49.000,7.000,0,-34.000,58.500,,,,,consensus,8,12
401012276,2018,2,3,2018-09-15T16:00Z,0,0,96,93,UK,MURR,48.000,10.000,0,-41.000,56.500,,,,,consensus,8,26
401012281,2018,2,3,2018-09-15T16:00Z,0,0,2633,2638,TENN,UTEP,24.000,0.000,0,-33.500,51.500,,,,,consensus,8,12
401012822,2018,2,3,2018-09-15T16:00Z,0,0,2305,164,KU,RUTG,55.000,14.000,0,-1.000,44.000,-112.000,-109.000,,,consensus,4,5
401012853,2018,2,3,2018-09-15T16:00Z,0,0,84,2050,IND,BALL,38.000,10.000,0,-15.500,60.500,-705.000,494.000,,,consensus,5,15
401012874,2018,2,3,2018-09-15T16:00Z,0,0,120,218,MD,TEM,14.000,35.000,0,-16.000,56.000,-772.000,533.000,,,consensus,5,151
401013039,2018,2,3,2018-09-15T16:00Z,0,1,66,201,ISU,OKLA,27.000,37.000,0,18.500,55.000,750.000,-1244.000,,,consensus,4,4
401013110,2018,2,3,2018-09-15T16:00Z,0,0,228,290,CLEM,GASO,38.000,7.000,0,-32.000,49.500,,,,,consensus,1,37
401013111,2018,2,3,2018-09-15T16:00Z,0,1,183,52,SYR,FSU,30.000,7.000,0,3.500,69.500,148.000,-171.000,,,consensus,1,1
401013114,2018,2,3,2018-09-15T16:00Z,0,0,2649,2390,TOL,MIAMI,24.000,49.000,0,12.000,58.500,372.000,-483.000,,,consensus,15,1
401013337,2018,2,3,2018-09-15T16:00Z,0,0,158,2653,NEB,TROY,19.000,24.000,0,-10.000,56.500,-374.000,296.000,,,consensus,5,37
401013350,2018,2,3,2018-09-15T16:00Z,0,0,213,2309,PSU,KENT,63.000,10.000,0,-35.500,64.500,,,,,consensus,5,15
401013368,2018,2,3,2018-09-15T16:00Z,0,0,349,62,ARMY,HAW,28.000,21.000,0,-6.500,62.500,-251.000,205.000,,,consensus,18,17
401019486,2018,2,3,2018-09-15T16:00Z,0,0,41,227,UCONN,URI,56.000,49.000,0,,,,,,,,151,48
401013112,2018,2,3,2018-09-15T16:30Z,0,1,221,59,PITT,GT,24.000,19.000,0,3.500,54.500,145.000,-169.000,,,consensus,1,1
401014996,2018,2,3,2018-09-15T17:00Z,0,0,5,2655,UAB,TULN,31.000,24.000,0,3.500,57.000,155.000,-179.000,,,consensus,12,151
401012747,2018,2,3,2018-09-15T18:00Z,0,0,24,302,STAN,UCD,30.000,10.000,0,-31.000,66.500,,,,,consensus,9,20
401012283,2018,2,3,2018-09-15T18:30Z,0,0,87,238,ND,VAN,22.000,17.000,0,-14.000,52.000,-639.000,456.000,,,consensus,18,8
401012273,2018,2,3,2018-09-15T19:30Z,0,1,2,99,AUB,LSU,21.000,22.000,0,-10.000,44.500,-392.000,308.000,,,consensus,8,8
401012806,2018,2,3,2018-09-15T19:30Z,1,0,356,58,ILL,USF,19.000,25.000,0,14.000,59.000,459.000,-639.000,,,consensus,5,151
401012890,2018,2,3,2018-09-15T19:30Z,0,0,130,2567,MICH,SMU,45.000,20.000,0,-37.000,55.000,,,,,consensus,5,151
401013028,2018,2,3,2018-09-15T19:30Z,0,0,239,150,BAY,DUKE,27.000,40.000,0,-2.500,49.500,-138.000,116.000,,,consensus,4,1
401013330,2018,2,3,2018-09-15T19:30Z,0,0,135,193,MINN,M-OH,26.000,3.000,0,-13.500,46.500,-530.000,403.000,,,consensus,5,15
401013356,2018,2,3,2018-09-15T19:30Z,0,0,275,252,WIS,BYU,21.000,24.000,0,-23.500,52.000,-1379.000,1038.000,,,consensus,5,18
401013491,2018,2,3,2018-09-15T19:30Z,0,0,197,68,OKST,BSU,44.000,21.000,0,2.000,67.000,107.000,-128.000,,,consensus,4,17
401019487,2018,2,3,2018-09-15T19:30Z,0,0,2426,2329,NAVY,LEH,51.000,21.000,0,-33.000,57.500,,,,,consensus,151,27
401020679,2018,2,3,2018-09-15T19:30Z,0,1,2459,2117,NIU,CMU,24.000,16.000,0,-14.000,46.000,-570.000,410.000,,,numberfire,15,15
401012272,2018,2,3,2018-09-15T20:00Z,0,0,8,249,ARK,UNT,17.000,44.000,0,-5.500,64.500,-212.000,178.000,,,consensus,8,12
401012274,2018,2,3,2018-09-15T20:00Z,0,0,57,36,FLA,CSU,48.000,10.000,0,-21.000,59.500,-1704.000,925.000,,,consensus,8,17
401013058,2018,2,3,2018-09-15T20:00Z,0,0,2306,2636,KSU,UTSA,41.000,17.000,0,-21.000,46.000,-1752.000,908.000,,,consensus,4,12
401020681,2018,2,3,2018-09-15T20:00Z,0,0,189,2198,BGSU,EKY,42.000,35.000,0,-14.000,65.000,-639.000,450.000,,,consensus,15,26
401022520,2018,2,3,2018-09-15T20:00Z,0,0,2751,2747,WYO,WOF,17.000,14.000,0,-14.000,47.500,-643.000,458.000,,,consensus,17,29
401013323,2018,2,3,2018-09-15T20:15Z,0,0,2641,248,TTU,HOU,63.000,49.000,0,-1.000,69.000,-118.000,-103.000,,,consensus,4,151
401013117,2018,2,3,2018-09-15T20:30Z,0,0,258,195,UVA,OHIO,45.000,31.000,0,-5.000,54.500,-199.000,169.000,,,consensus,1,15
401012741,2018,2,3,2018-09-15T21:00Z,0,0,38,160,COLO,UNH,45.000,14.000,0,-37.000,53.000,,,,,consensus,9,48
401012743,2018,2,3,2018-09-15T21:00Z,0,0,2483,23,ORE,SJSU,35.000,22.000,0,-43.000,70.000,,,,,numberfire,9,17
401012746,2018,2,3,2018-09-15T22:00Z,0,0,25,304,CAL,IDST,45.000,23.000,0,-36.500,58.500,,,,,consensus,9,20
401014994,2018,2,3,2018-09-15T22:00Z,0,0,2226,2065,FAU,BCU,49.000,28.000,0,-41.000,,,,,,consensus,12,24
401020682,2018,2,3,2018-09-15T22:00Z,0,1,2084,2199,BUFF,EMU,35.000,28.000,0,-3.000,54.000,-150.000,130.000,,,numberfire,15,15
401012277,2018,2,3,2018-09-15T23:00Z,0,1,145,333,MISS,ALA,7.000,62.000,0,22.500,71.500,1136.000,-2643.000,,,consensus,8,8
401012744,2018,2,3,2018-09-15T23:00Z,0,0,2440,204,NEV,ORST,37.000,35.000,0,-4.000,68.000,-196.000,195.000,,,consensus,17,9
401019485,2018,2,3,2018-09-15T23:00Z,0,0,2132,2010,CIN,AAMU,63.000,7.000,0,,,,,,,,151,31
401019488,2018,2,3,2018-09-15T23:00Z,0,0,202,2032,TLSA,ARKST,20.000,29.000,0,-1.500,72.000,-125.000,104.000,,,consensus,151,37
401020680,2018,2,3,2018-09-15T23:00Z,0,0,2711,2169,WMU,DSU,68.000,0.000,0,-47.000,,,,,,consensus,15,24
401021660,2018,2,3,2018-09-15T23:00Z,0,1,6,326,USA,TXST,41.000,31.000,0,-9.500,49.000,-375.000,298.000,,,consensus,37,37
401012278,2018,2,3,2018-09-15T23:30Z,0,0,344,309,MSST,ULL,56.000,10.000,0,-34.000,63.500,,,,,consensus,8,37
401012279,2018,2,3,2018-09-15T23:30Z,0,0,2509,142,PUR,MIZ,37.000,40.000,0,5.500,68.000,181.000,-217.000,,,consensus,5,8
401012282,2018,2,3,2018-09-15T23:30Z,0,0,245,2433,TA&M,ULM,48.000,10.000,0,-27.500,66.000,-6993.000,2000.000,,,consensus,8,37
401012864,2018,2,3,2018-09-15T23:30Z,0,0,2294,2460,IOWA,UNI,38.000,14.000,0,-21.000,43.500,-1250.000,650.000,,,consensus,5,21
401013113,2018,2,3,2018-09-15T23:30Z,0,0,97,98,LOU,WKU,20.000,17.000,0,-23.500,54.500,-2110.000,1046.000,,,consensus,1,12
401013343,2018,2,3,2018-09-15T23:30Z,0,0,77,2006,NW,AKRON,34.000,39.000,0,-21.000,47.500,-1867.000,979.000,,,consensus,5,15
401013359,2018,2,3,2018-09-15T23:30Z,0,0,2229,113,FIU,UMASS,63.000,24.000,0,-3.500,65.500,-172.000,149.000,,,consensus,12,18
401012739,2018,2,3,2018-09-16T00:00Z,0,0,251,30,TEX,USC,37.000,14.000,0,-3.000,47.000,-156.000,133.000,,,consensus,4,9
401012745,2018,2,3,2018-09-16T00:00Z,0,0,265,331,WSU,EWU,59.000,24.000,0,-20.000,,,,,,consensus,9,20
401013074,2018,2,3,2018-09-16T00:00Z,1,0,2628,194,TCU,OSU,28.000,40.000,0,12.500,60.000,412.000,-525.000,,,consensus,4,5
401013439,2018,2,3,2018-09-16T00:00Z,0,0,166,167,NMSU,UNM,25.000,42.000,0,3.000,61.000,135.000,-160.000,,,numberfire,18,17
401022521,2018,2,3,2018-09-16T02:00Z,0,0,2439,2504,UNLV,PVAM,46.000,17.000,0,-32.000,67.000,,,,,consensus,17,31
401012742,2018,2,3,2018-09-16T02:10Z,0,1,254,264,UTAH,WASH,7.000,21.000,0,4.000,45.500,160.000,-184.000,,,consensus,9,9
401012738,2018,2,3,2018-09-16T02:30Z,0,0,21,9,SDSU,ASU,28.000,21.000,0,5.000,48.500,177.000,-211.000,,,consensus,17,9
401012740,2018,2,3,2018-09-16T02:30Z,0,0,26,278,UCLA,FRES,14.000,38.000,0,2.500,52.000,120.000,-142.000,,,consensus,9,17
401012737,2018,2,3,2018-09-16T03:00Z,0,0,12,253,ARIZ,SUU,62.000,31.000,0,-26.500,70.500,-5000.000,1050.000,,,consensus,9,20
401019489,2018,2,4,2018-09-20T23:30Z,0,1,218,202,TEM,TLSA,31.000,17.000,0,-6.500,54.000,-248.000,203.000,,,consensus,151,151
401019490,2018,2,4,2018-09-21T23:00Z,0,0,2116,2226,UCF,FAU,56.000,36.000,0,-14.000,75.000,-530.000,390.000,,,numberfire,151,12
401012807,2018,2,4,2018-09-22T01:00Z,0,1,356,213,ILL,PSU,24.000,63.000,0,26.500,60.000,1625.000,-5291.000,,,consensus,5,5
401012748,2018,2,4,2018-09-22T02:30Z,0,1,30,265,USC,WSU,39.000,36.000,0,-4.500,51.000,-197.000,169.000,,,consensus,9,9
401012288,2018,2,4,2018-09-22T16:00Z,0,0,145,2309,MISS,KENT,38.000,17.000,0,-28.500,75.500,,,,,consensus,8,15
401012289,2018,2,4,2018-09-22T16:00Z,0,1,142,61,MIZ,UGA,29.000,43.000,0,15.000,68.500,495.000,-714.000,,,consensus,8,8
401012823,2018,2,4,2018-09-22T16:00Z,0,0,164,2084,RUTG,BUFF,13.000,42.000,0,6.000,54.000,187.000,-213.000,,,teamrankings,5,15
401012875,2018,2,4,2018-09-22T16:00Z,0,1,120,135,MD,MINN,42.000,13.000,0,-1.500,47.000,-131.000,110.000,,,consensus,5,5
401012891,2018,2,4,2018-09-22T16:00Z,0,1,130,158,MICH,NEB,56.000,10.000,0,-18.000,52.000,-1047.000,669.000,,,consensus,5,5
401013040,2018,2,4,2018-09-22T16:00Z,0,0,66,2006,ISU,AKRON,26.000,13.000,0,-19.500,48.000,-1364.000,806.000,,,consensus,4,15
401013119,2018,2,4,2018-09-22T16:00Z,0,0,2509,103,PUR,BC,30.000,13.000,0,6.500,62.500,211.000,-257.000,,,consensus,5,1
401013129,2018,2,4,2018-09-22T16:00Z,0,0,154,87,WAKE,ND,27.000,56.000,0,6.500,59.500,206.000,-250.000,,,consensus,1,18
401019491,2018,2,4,2018-09-22T16:00Z,0,0,2132,195,CIN,OHIO,34.000,30.000,0,-7.000,56.000,-280.000,220.000,,,numberfire,151,15
401019495,2018,2,4,2018-09-22T16:00Z,0,1,2567,2426,SMU,NAVY,31.000,30.000,1,6.500,58.000,203.000,-248.000,,,consensus,151,151
401020685,2018,2,4,2018-09-22T16:00Z,0,0,2649,2440,TOL,NEV,63.000,44.000,0,-10.500,68.000,-386.000,304.000,,,consensus,15,17
401013125,2018,2,4,2018-09-22T16:20Z,0,1,153,221,UNC,PITT,38.000,35.000,0,3.000,49.000,138.000,-161.000,,,consensus,1,1
401013123,2018,2,4,2018-09-22T16:30Z,0,1,258,97,UVA,LOU,27.000,3.000,0,-5.000,52.000,-205.000,174.000,,,consensus,1,1
401020686,2018,2,4,2018-09-22T18:00Z,0,0,2247,2711,GAST,WMU,15.000,34.000,0,8.000,61.000,245.000,-320.000,,,numberfire,37,15
401015000,2018,2,4,2018-09-22T19:00Z,0,0,2050,98,BALL,WKU,20.000,28.000,0,-3.000,52.500,-147.000,125.000,,,consensus,15,12
401020684,2018,2,4,2018-09-22T19:00Z,0,0,2117,311,CMU,MAINE,17.000,5.000,0,,,,,,,,15,48
401020811,2018,2,4,2018-09-22T19:00Z,0,1,189,193,BGSU,M-OH,23.000,38.000,0,6.500,55.000,210.000,-255.000,,,consensus,15,15
401022523,2018,2,4,2018-09-22T19:00Z,0,0,36,2287,CSU,ILST,19.000,35.000,0,-4.000,58.500,-190.000,170.000,,,consensus,17,21
401012284,2018,2,4,2018-09-22T19:30Z,0,1,333,245,ALA,TA&M,45.000,23.000,0,-24.500,59.000,-2185.000,1150.000,,,consensus,8,8
401013029,2018,2,4,2018-09-22T19:30Z,0,1,239,2305,BAY,KU,26.000,7.000,0,-7.500,54.500,-278.000,227.000,,,consensus,4,4
401013059,2018,2,4,2018-09-22T19:30Z,0,1,277,2306,WVU,KSU,35.000,6.000,0,-16.000,60.500,-736.000,508.000,,,consensus,4,4
401013120,2018,2,4,2018-09-22T19:30Z,0,1,59,228,GT,CLEM,21.000,49.000,0,16.500,55.000,536.000,-792.000,,,consensus,1,1
401013121,2018,2,4,2018-09-22T19:30Z,0,0,150,2428,DUKE,NCCU,55.000,13.000,0,-46.000,55.500,,,,,consensus,1,24
401013122,2018,2,4,2018-09-22T19:30Z,0,0,52,2459,FSU,NIU,37.000,19.000,0,-10.000,45.000,-369.000,291.000,,,consensus,1,15
401013124,2018,2,4,2018-09-22T19:30Z,0,0,2390,2229,MIAMI,FIU,31.000,17.000,0,-26.000,58.000,,,,,consensus,1,12
401013128,2018,2,4,2018-09-22T19:30Z,0,0,295,259,ODU,VT,49.000,35.000,0,28.500,52.500,,,,,consensus,12,1
401013346,2018,2,4,2018-09-22T19:30Z,0,0,194,2655,OSU,TULN,49.000,6.000,0,-37.500,67.000,,,,,consensus,5,151
401013360,2018,2,4,2018-09-22T19:30Z,0,0,113,2429,UMASS,CHAR,49.000,31.000,0,-6.000,56.000,-241.000,199.000,,,consensus,18,12
401021661,2018,2,4,2018-09-22T19:30Z,0,0,2026,2241,APP,WEBB,72.000,7.000,0,-45.000,56.000,,,,,consensus,37,40
401012291,2018,2,4,2018-09-22T20:00Z,0,1,238,2579,VAN,SC,14.000,37.000,0,1.500,53.500,104.000,-125.000,,,consensus,8,8
401012750,2018,2,4,2018-09-22T20:00Z,0,1,204,12,ORST,ARIZ,14.000,35.000,0,5.000,73.500,166.000,-191.000,,,consensus,9,9
401013127,2018,2,4,2018-09-22T20:00Z,0,0,183,41,SYR,UCONN,51.000,21.000,0,-30.000,75.500,,,,,consensus,1,151
401013075,2018,2,4,2018-09-22T20:30Z,0,1,251,2628,TEX,TCU,31.000,16.000,0,3.000,50.000,127.000,-149.000,,,consensus,4,4
401013450,2018,2,4,2018-09-22T22:00Z,0,0,2335,249,LIB,UNT,7.000,47.000,0,11.000,68.500,314.000,-398.000,,,consensus,18,12
401016406,2018,2,4,2018-09-22T22:00Z,0,0,252,2377,BYU,MCNS,30.000,3.000,0,-24.500,41.500,,,,,consensus,18,30
401012286,2018,2,4,2018-09-22T23:00Z,0,1,96,344,UK,MSST,28.000,7.000,0,10.000,56.000,298.000,-378.000,,,consensus,8,8
401012287,2018,2,4,2018-09-22T23:00Z,0,0,99,2348,LSU,LT,38.000,21.000,0,-19.500,51.000,-1291.000,769.000,,,consensus,8,12
401012290,2018,2,4,2018-09-22T23:00Z,0,1,2633,57,TENN,FLA,21.000,47.000,0,3.500,46.500,150.000,-173.000,,,consensus,8,8
401013066,2018,2,4,2018-09-22T23:00Z,0,0,201,349,OKLA,ARMY,28.000,21.000,1,-29.500,60.000,,,,,consensus,4,18
401013126,2018,2,4,2018-09-22T23:00Z,0,0,276,152,MRSH,NCST,20.000,37.000,0,6.000,56.000,199.000,-243.000,,,consensus,12,1
401013324,2018,2,4,2018-09-22T23:00Z,0,1,197,2641,OKST,TTU,17.000,41.000,0,-14.500,77.000,-637.000,459.000,,,consensus,4,4
401014998,2018,2,4,2018-09-22T23:00Z,0,1,2572,242,USM,RICE,40.000,22.000,0,-13.500,55.000,-588.000,429.000,,,consensus,12,12
401014999,2018,2,4,2018-09-22T23:00Z,0,0,2636,326,UTSA,TXST,25.000,21.000,0,-7.000,49.000,-292.000,239.000,,,consensus,12,37
401021662,2018,2,4,2018-09-22T23:00Z,0,0,2032,2439,ARKST,UNLV,27.000,20.000,0,-8.000,66.000,-298.000,243.000,,,consensus,37,17
401021663,2018,2,4,2018-09-22T23:00Z,0,1,309,324,ULL,CCU,28.000,30.000,0,-3.000,63.000,-146.000,126.000,,,consensus,37,37
401021664,2018,2,4,2018-09-22T23:00Z,0,1,2433,2653,ULM,TROY,27.000,35.000,0,4.500,58.500,169.000,-198.000,,,consensus,37,37
401012285,2018,2,4,2018-09-22T23:30Z,0,1,2,8,AUB,ARK,34.000,3.000,0,-30.000,57.500,,,,,consensus,8,8
401012854,2018,2,4,2018-09-22T23:30Z,0,1,84,127,IND,MSU,21.000,35.000,0,6.500,51.500,200.000,-242.000,,,consensus,5,5
401013440,2018,2,4,2018-09-22T23:30Z,0,0,2638,166,UTEP,NMSU,20.000,27.000,0,5.500,50.500,175.000,-220.000,,,numberfire,12,18
401012749,2018,2,4,2018-09-23T00:00Z,0,1,2483,24,ORE,STAN,31.000,38.000,1,3.000,59.000,125.000,-147.000,,,consensus,9,9
401019492,2018,2,4,2018-09-23T00:00Z,0,1,58,151,USF,ECU,20.000,13.000,0,-20.000,68.000,-1169.000,713.000,,,consensus,151,151
401019493,2018,2,4,2018-09-23T00:00Z,0,0,248,2640,HOU,TXSO,70.000,14.000,0,-55.000,65.500,,,,,consensus,151,31
401019494,2018,2,4,2018-09-23T00:00Z,0,0,235,6,MEM,USA,52.000,35.000,0,-31.500,66.000,,,,,consensus,151,37
401012865,2018,2,4,2018-09-23T00:35Z,0,1,2294,275,IOWA,WIS,17.000,28.000,0,3.000,43.500,130.000,-153.000,,,consensus,5,5
401012751,2018,2,4,2018-09-23T02:30Z,0,1,264,9,WASH,ASU,27.000,20.000,0,-18.500,53.500,-1183.000,725.000,,,consensus,9,9
401020683,2018,2,4,2018-09-23T02:30Z,0,0,21,2199,SDSU,EMU,23.000,20.000,1,-10.500,48.500,-403.000,318.000,,,consensus,17,15
401022522,2018,2,4,2018-09-23T02:30Z,0,1,328,2005,USU,AFA,42.000,32.000,0,-10.000,61.000,-361.000,287.000,,,consensus,17,17
401022524,2018,2,4,2018-09-23T03:59Z,0,0,62,2184,HAW,DUQ,42.000,21.000,0,-39.000,73.000,,,,,consensus,17,25
401013466,2018,2,5,2018-09-28T00:00Z,0,1,2390,153,MIAMI,UNC,47.000,10.000,0,-18.500,56.000,-1068.000,671.000,,,consensus,1,1
401019496,2018,2,5,2018-09-29T00:00Z,0,1,2655,235,TULN,MEM,40.000,24.000,0,14.500,66.000,446.000,-618.000,,,consensus,151,151
401012752,2018,2,5,2018-09-29T01:00Z,0,1,38,26,COLO,UCLA,38.000,16.000,0,-9.000,57.000,-324.000,259.000,,,consensus,9,9
401012292,2018,2,5,2018-09-29T16:00Z,0,0,333,309,ALA,ULL,56.000,14.000,0,-49.000,69.000,,,,,consensus,8,37
401012293,2018,2,5,2018-09-29T16:00Z,1,1,245,8,TA&M,ARK,24.000,17.000,0,-20.500,56.000,-1345.000,792.000,,,consensus,8,8
401012824,2018,2,5,2018-09-29T16:00Z,0,1,164,84,RUTG,IND,17.000,24.000,0,15.000,51.000,517.000,-751.000,,,consensus,5,5
401012881,2018,2,5,2018-09-29T16:00Z,0,0,127,2117,MSU,CMU,31.000,20.000,0,-28.000,46.000,,,,,numberfire,5,15
401013050,2018,2,5,2018-09-29T16:00Z,0,1,2305,197,KU,OKST,28.000,48.000,0,17.500,56.500,613.000,-930.000,,,consensus,4,4
401013130,2018,2,5,2018-09-29T16:00Z,0,0,103,218,BC,TEM,45.000,35.000,0,-13.000,54.000,-512.000,385.000,,,consensus,1,151
401013131,2018,2,5,2018-09-29T16:00Z,0,1,228,183,CLEM,SYR,27.000,23.000,0,-24.500,64.500,-3663.000,1367.000,,,consensus,1,1
401013134,2018,2,5,2018-09-29T16:00Z,0,0,59,189,GT,BGSU,63.000,17.000,0,-28.000,65.000,,,,,consensus,1,15
401013325,2018,2,5,2018-09-29T16:00Z,0,1,2641,277,TTU,WVU,34.000,42.000,0,3.500,75.000,143.000,-167.000,,,consensus,4,4
401013369,2018,2,5,2018-09-29T16:00Z,0,0,2084,349,BUFF,ARMY,13.000,42.000,0,-7.000,54.500,-285.000,225.000,,,numberfire,15,18
401013135,2018,2,5,2018-09-29T16:20Z,0,1,152,258,NCST,UVA,35.000,21.000,0,-6.500,53.000,-246.000,202.000,,,consensus,1,1
401013361,2018,2,5,2018-09-29T18:00Z,0,0,195,113,OHIO,UMASS,58.000,42.000,0,-11.500,68.500,-466.000,358.000,,,consensus,15,18
401021668,2018,2,5,2018-09-29T18:00Z,0,1,2247,2433,GAST,ULM,46.000,14.000,0,6.000,65.000,185.000,-235.000,,,numberfire,37,37
401020687,2018,2,5,2018-09-29T19:00Z,0,1,2050,2309,BALL,KENT,52.000,24.000,0,-7.500,61.500,-277.000,226.000,,,consensus,15,15
401012295,2018,2,5,2018-09-29T19:30Z,0,1,61,2633,UGA,TENN,38.000,12.000,0,-30.000,54.500,,,,,consensus,8,8
401013030,2018,2,5,2018-09-29T19:30Z,0,1,201,239,OKLA,BAY,66.000,33.000,0,-22.500,68.500,-1867.000,950.000,,,consensus,4,4
401013060,2018,2,5,2018-09-29T19:30Z,0,1,2306,251,KSU,TEX,14.000,19.000,0,8.500,48.500,268.000,-338.000,,,consensus,4,4
401013133,2018,2,5,2018-09-29T19:30Z,0,1,97,52,LOU,FSU,24.000,28.000,0,5.500,47.000,179.000,-215.000,,,consensus,1,1
401013136,2018,2,5,2018-09-29T19:30Z,0,0,2116,221,UCF,PITT,45.000,14.000,0,-13.000,65.500,-510.000,380.000,,,numberfire,151,1
401013137,2018,2,5,2018-09-29T19:30Z,0,0,154,242,WAKE,RICE,56.000,24.000,0,-28.000,66.000,-4739.000,1650.000,,,consensus,1,12
401013338,2018,2,5,2018-09-29T19:30Z,0,1,158,2509,NEB,PUR,28.000,42.000,0,3.500,58.000,143.000,-166.000,,,consensus,5,5
401015006,2018,2,5,2018-09-29T19:30Z,0,0,151,295,ECU,ODU,37.000,35.000,0,-7.000,60.500,-265.000,217.000,,,consensus,151,12
401019497,2018,2,5,2018-09-29T19:30Z,0,1,41,2132,UCONN,CIN,7.000,49.000,0,17.000,62.000,530.000,-775.000,,,numberfire,151,151
401020750,2018,2,5,2018-09-29T19:30Z,0,1,193,2711,M-OH,WMU,39.000,40.000,0,2.500,53.000,120.000,-142.000,,,consensus,15,15
401021665,2018,2,5,2018-09-29T19:30Z,0,1,2026,6,APP,USA,52.000,7.000,0,-25.500,57.500,-4739.000,1600.000,,,consensus,37,37
401021667,2018,2,5,2018-09-29T19:30Z,0,1,2653,324,TROY,CCU,45.000,21.000,0,-14.000,56.500,-637.000,452.000,,,consensus,37,37
401012294,2018,2,5,2018-09-29T20:00Z,0,0,2,2572,AUB,USM,24.000,13.000,0,-27.000,52.000,-5000.000,1600.000,,,consensus,8,12
401012299,2018,2,5,2018-09-29T20:00Z,0,0,238,2634,VAN,TNST,31.000,27.000,0,-28.000,,,,,,consensus,8,26
401022525,2018,2,5,2018-09-29T20:00Z,0,1,2005,2440,AFA,NEV,25.000,28.000,0,-3.500,63.000,-174.000,149.000,,,consensus,17,17
401012892,2018,2,5,2018-09-29T20:47Z,0,1,77,130,NW,MICH,17.000,20.000,0,14.500,47.000,481.000,-695.000,,,consensus,5,5
401012298,2018,2,5,2018-09-29T22:00Z,0,1,344,57,MSST,FLA,6.000,13.000,0,-6.500,50.000,-260.000,213.000,,,consensus,8,8
401012756,2018,2,5,2018-09-29T22:00Z,0,1,265,254,WSU,UTAH,28.000,24.000,0,1.500,49.500,102.000,-124.000,,,consensus,9,9
401013451,2018,2,5,2018-09-29T22:00Z,0,0,167,2335,UNM,LIB,43.000,52.000,0,-7.000,66.000,-265.000,217.000,,,consensus,17,18
401020688,2018,2,5,2018-09-29T22:00Z,0,1,2199,2459,EMU,NIU,23.000,26.000,1,-3.500,49.500,-171.000,147.000,,,consensus,15,15
401021666,2018,2,5,2018-09-29T22:00Z,0,1,290,2032,GASO,ARKST,28.000,21.000,0,3.000,54.000,133.000,-158.000,,,consensus,37,37
401013041,2018,2,5,2018-09-29T23:00Z,0,1,2628,66,TCU,ISU,17.000,14.000,0,-11.000,45.500,-443.000,338.000,,,consensus,4,4
401013132,2018,2,5,2018-09-29T23:00Z,0,1,150,259,DUKE,VT,14.000,31.000,0,-6.500,51.500,-244.000,199.000,,,consensus,1,1
401015001,2018,2,5,2018-09-29T23:00Z,0,1,5,2429,UAB,CHAR,28.000,7.000,0,-15.500,52.500,-754.000,512.000,,,consensus,12,12
401015003,2018,2,5,2018-09-29T23:00Z,0,1,2393,2226,MTSU,FAU,25.000,24.000,0,2.500,63.500,116.000,-138.000,,,consensus,12,12
401015007,2018,2,5,2018-09-29T23:00Z,0,1,2636,2638,UTSA,UTEP,30.000,21.000,0,-10.000,46.000,-400.000,310.000,,,consensus,12,12
401019498,2018,2,5,2018-09-29T23:00Z,0,0,2567,2277,SMU,HBU,63.000,27.000,0,-44.500,,,,,,consensus,151,30
401022526,2018,2,5,2018-09-29T23:00Z,0,1,2751,68,WYO,BSU,14.000,34.000,0,16.000,47.500,548.000,-800.000,,,consensus,17,17
401022527,2018,2,5,2018-09-29T23:00Z,0,1,23,62,SJSU,HAW,41.000,44.000,1,9.500,64.000,270.000,-350.000,,,numberfire,17,17
401012296,2018,2,5,2018-09-29T23:30Z,0,1,96,2579,UK,SC,24.000,10.000,0,1.000,51.500,-103.000,-118.000,,,consensus,8,8
401012758,2018,2,5,2018-09-29T23:30Z,0,0,87,24,ND,STAN,38.000,17.000,0,-4.500,52.500,-203.000,171.000,,,consensus,18,9
401013347,2018,2,5,2018-09-29T23:30Z,0,1,213,194,PSU,OSU,26.000,27.000,0,3.500,69.500,149.000,-173.000,,,consensus,5,5
401015002,2018,2,5,2018-09-29T23:30Z,0,0,2229,2029,FIU,UAPB,55.000,9.000,0,-59.000,,,,,,consensus,12,31
401015004,2018,2,5,2018-09-29T23:30Z,0,1,249,2348,UNT,LT,27.000,29.000,0,-7.000,63.000,-279.000,229.000,,,consensus,12,12
401015005,2018,2,5,2018-09-29T23:30Z,0,1,98,276,WKU,MRSH,17.000,20.000,0,3.500,51.500,151.000,-177.000,,,consensus,12,12
401012755,2018,2,5,2018-09-30T00:30Z,0,0,264,252,WASH,BYU,35.000,7.000,0,-18.500,47.500,-1078.000,683.000,,,consensus,9,18
401012297,2018,2,5,2018-09-30T01:00Z,0,1,99,145,LSU,MISS,45.000,16.000,0,-11.000,60.000,-436.000,335.000,,,consensus,8,8
401012754,2018,2,5,2018-09-30T02:00Z,0,1,9,204,ASU,ORST,52.000,24.000,0,-21.500,64.000,-2015.000,1010.000,,,consensus,9,9
401012753,2018,2,5,2018-09-30T02:30Z,0,1,12,30,ARIZ,USC,20.000,24.000,0,3.500,61.500,150.000,-173.000,,,consensus,9,9
401012757,2018,2,5,2018-09-30T02:30Z,0,1,25,2483,CAL,ORE,24.000,42.000,0,1.500,58.500,105.000,-127.000,,,consensus,9,9
401020689,2018,2,5,2018-09-30T02:30Z,0,0,278,2649,FRES,TOL,49.000,27.000,0,-10.000,61.500,-403.000,311.000,,,consensus,17,15
401021669,2018,2,6,2018-10-04T23:30Z,0,1,2653,2247,TROY,GAST,37.000,20.000,0,-17.000,55.500,-850.000,580.000,,,numberfire,37,37
401019499,2018,2,6,2018-10-05T00:00Z,0,1,248,202,HOU,TLSA,41.000,26.000,0,-18.000,71.000,-962.000,615.000,,,consensus,151,151
401013138,2018,2,6,2018-10-05T23:00Z,0,1,97,59,LOU,GT,31.000,66.000,0,5.500,56.500,183.000,-222.000,,,consensus,1,1
401015010,2018,2,6,2018-10-05T23:30Z,0,1,276,2393,MRSH,MTSU,24.000,34.000,0,-3.000,50.500,-154.000,131.000,,,consensus,12,12
401016407,2018,2,6,2018-10-06T01:00Z,0,0,252,328,BYU,USU,20.000,45.000,0,1.000,55.000,-109.000,-112.000,,,consensus,18,17
401012300,2018,2,6,2018-10-06T16:00Z,0,1,8,333,ARK,ALA,31.000,65.000,0,35.000,59.000,,,,,consensus,8,8
401012305,2018,2,6,2018-10-06T16:00Z,0,1,2579,142,SC,MIZ,37.000,35.000,0,1.000,62.500,-101.000,-121.000,,,consensus,8,8
401012808,2018,2,6,2018-10-06T16:00Z,0,1,164,356,RUTG,ILL,17.000,38.000,0,4.500,50.000,176.000,-211.000,,,consensus,5,5
401012876,2018,2,6,2018-10-06T16:00Z,0,1,130,120,MICH,MD,42.000,21.000,0,-17.500,44.000,-1134.000,680.000,,,consensus,5,5
401012882,2018,2,6,2018-10-06T16:00Z,0,1,127,77,MSU,NW,19.000,29.000,0,-10.500,43.500,-423.000,323.000,,,consensus,5,5
401013051,2018,2,6,2018-10-06T16:00Z,0,1,277,2305,WVU,KU,38.000,22.000,0,-27.500,62.500,,,,,consensus,4,4
401013067,2018,2,6,2018-10-06T16:00Z,1,1,201,251,OKLA,TEX,45.000,48.000,0,-7.000,60.500,-295.000,239.000,,,consensus,4,4
401019501,2018,2,6,2018-10-06T16:00Z,0,1,2132,2655,CIN,TULN,37.000,21.000,0,-7.000,48.000,-270.000,215.000,,,numberfire,151,151
401019503,2018,2,6,2018-10-06T16:00Z,0,1,218,151,TEM,ECU,49.000,6.000,0,-10.000,53.000,-357.000,280.000,,,consensus,151,151
401020752,2018,2,6,2018-10-06T16:00Z,0,1,2117,2084,CMU,BUFF,24.000,34.000,0,6.500,51.000,190.000,-240.000,,,numberfire,15,15
401020753,2018,2,6,2018-10-06T16:00Z,0,1,2711,2199,WMU,EMU,27.000,24.000,0,-4.500,58.500,-192.000,165.000,,,consensus,15,15
401013142,2018,2,6,2018-10-06T16:20Z,0,1,221,183,PITT,SYR,44.000,37.000,1,3.500,58.000,145.000,-169.000,,,consensus,1,1
401013139,2018,2,6,2018-10-06T16:30Z,0,1,152,103,NCST,BC,28.000,23.000,0,-6.500,61.000,-243.000,197.000,,,consensus,1,1
401020754,2018,2,6,2018-10-06T19:00Z,0,1,2050,2459,BALL,NIU,16.000,24.000,0,3.000,52.500,127.000,-150.000,,,consensus,15,15
401012301,2018,2,6,2018-10-06T19:30Z,0,1,57,99,FLA,LSU,27.000,19.000,0,1.000,44.500,-100.000,-121.000,,,consensus,8,8
401012866,2018,2,6,2018-10-06T19:30Z,0,1,135,2294,MINN,IOWA,31.000,48.000,0,7.000,42.000,226.000,-276.000,,,consensus,5,5
401013031,2018,2,6,2018-10-06T19:30Z,0,1,239,2306,BAY,KSU,37.000,34.000,0,-4.000,53.500,-183.000,157.000,,,consensus,4,4
401013042,2018,2,6,2018-10-06T19:30Z,0,1,197,66,OKST,ISU,42.000,48.000,0,-10.000,55.500,-376.000,293.000,,,consensus,4,4
401013140,2018,2,6,2018-10-06T19:30Z,0,1,154,228,WAKE,CLEM,3.000,63.000,0,20.500,61.000,850.000,-1568.000,,,consensus,1,1
401013141,2018,2,6,2018-10-06T19:30Z,0,1,2390,52,MIAMI,FSU,28.000,27.000,0,-14.000,48.500,-579.000,423.000,,,consensus,1,1
401013362,2018,2,6,2018-10-06T19:30Z,0,0,113,58,UMASS,USF,42.000,58.000,0,14.000,72.000,449.000,-626.000,,,consensus,18,151
401019504,2018,2,6,2018-10-06T19:30Z,0,0,2005,2426,AFA,NAVY,35.000,7.000,0,2.500,47.000,112.000,-135.000,,,consensus,17,151
401020751,2018,2,6,2018-10-06T19:30Z,0,1,2649,189,TOL,BGSU,52.000,36.000,0,-22.000,71.500,-2105.000,1044.000,,,consensus,15,15
401020755,2018,2,6,2018-10-06T19:30Z,0,1,2309,195,KENT,OHIO,26.000,27.000,0,12.000,69.000,359.000,-472.000,,,consensus,15,15
401020812,2018,2,6,2018-10-06T19:30Z,0,1,2006,193,AKRON,M-OH,17.000,41.000,0,-5.000,47.500,-202.000,170.000,,,consensus,15,15
401021670,2018,2,6,2018-10-06T19:30Z,0,1,290,6,GASO,USA,48.000,13.000,0,-12.500,57.000,-468.000,356.000,,,consensus,37,37
401022528,2018,2,6,2018-10-06T19:30Z,0,1,68,21,BSU,SDSU,13.000,19.000,0,-13.500,51.000,-540.000,402.000,,,consensus,17,17
401012303,2018,2,6,2018-10-06T20:00Z,0,0,145,2433,MISS,ULM,70.000,21.000,0,-23.000,75.500,-2330.000,1094.000,,,consensus,8,37
401012761,2018,2,6,2018-10-06T20:00Z,0,1,38,9,COLO,ASU,28.000,21.000,0,-2.500,64.000,-137.000,115.000,,,consensus,9,9
401012855,2018,2,6,2018-10-06T20:00Z,0,1,194,84,OSU,IND,49.000,26.000,0,-27.000,64.500,-4444.000,1550.000,,,consensus,5,5
401022530,2018,2,6,2018-10-06T20:00Z,0,1,2439,167,UNLV,UNM,14.000,50.000,0,-8.000,63.000,-318.000,256.000,,,consensus,17,17
401015008,2018,2,6,2018-10-06T21:00Z,0,1,2226,295,FAU,ODU,52.000,33.000,0,-13.500,63.500,-536.000,397.000,,,consensus,12,12
401012306,2018,2,6,2018-10-06T23:00Z,0,1,245,96,TA&M,UK,20.000,14.000,1,-5.500,48.500,-219.000,182.000,,,consensus,8,8
401015009,2018,2,6,2018-10-06T23:00Z,0,1,2348,5,LT,UAB,7.000,28.000,0,-7.500,56.500,-286.000,232.000,,,consensus,12,12
401015012,2018,2,6,2018-10-06T23:00Z,0,1,242,2636,RICE,UTSA,3.000,20.000,0,-1.000,50.000,-116.000,-105.000,,,consensus,12,12
401019500,2018,2,6,2018-10-06T23:00Z,0,1,2116,2567,UCF,SMU,48.000,20.000,0,-25.500,73.500,-330.000,255.000,,,numberfire,151,151
401019502,2018,2,6,2018-10-06T23:00Z,0,1,235,41,MEM,UCONN,55.000,14.000,0,-36.000,77.000,,,,,consensus,151,151
401021671,2018,2,6,2018-10-06T23:00Z,0,1,326,309,TXST,ULL,27.000,42.000,0,3.000,57.500,134.000,-156.000,,,consensus,37,37
401012302,2018,2,6,2018-10-06T23:30Z,0,1,61,238,UGA,VAN,41.000,13.000,0,-26.500,56.000,-4444.000,1550.000,,,consensus,8,8
401012304,2018,2,6,2018-10-06T23:30Z,0,1,344,2,MSST,AUB,23.000,9.000,0,3.000,45.000,137.000,-160.000,,,consensus,8,8
401012760,2018,2,6,2018-10-06T23:30Z,0,1,26,264,UCLA,WASH,24.000,31.000,0,21.000,53.500,938.000,-1855.000,,,consensus,9,9
401013339,2018,2,6,2018-10-06T23:30Z,0,1,275,158,WIS,NEB,41.000,24.000,0,-18.000,60.500,-1053.000,650.000,,,consensus,5,5
401015011,2018,2,6,2018-10-06T23:30Z,0,1,2638,249,UTEP,UNT,24.000,27.000,0,26.500,53.500,1575.000,-3831.000,,,consensus,12,12
401013143,2018,2,6,2018-10-07T00:00Z,0,0,259,87,VT,ND,23.000,45.000,0,6.500,54.500,208.000,-253.000,,,consensus,1,18
401013441,2018,2,6,2018-10-07T00:00Z,0,0,166,2335,NMSU,LIB,49.000,41.000,0,3.000,64.000,140.000,-165.000,,,numberfire,18,18
401012762,2018,2,6,2018-10-07T01:00Z,0,1,204,265,ORST,WSU,37.000,56.000,0,18.500,65.500,675.000,-1105.000,,,consensus,9,9
401012759,2018,2,6,2018-10-07T02:00Z,0,1,12,25,ARIZ,CAL,24.000,17.000,0,2.000,57.500,105.000,-126.000,,,consensus,9,9
401012763,2018,2,6,2018-10-07T02:30Z,0,1,24,254,STAN,UTAH,21.000,40.000,0,-4.000,44.500,-179.000,154.000,,,consensus,9,9
401022529,2018,2,6,2018-10-07T02:30Z,0,1,23,36,SJSU,CSU,30.000,42.000,0,2.500,59.500,125.000,-145.000,,,numberfire,17,17
401022532,2018,2,6,2018-10-07T02:30Z,0,1,2440,278,NEV,FRES,3.000,21.000,0,16.000,59.000,538.000,-804.000,,,consensus,17,17
401022531,2018,2,6,2018-10-07T03:59Z,0,1,62,2751,HAW,WYO,17.000,13.000,0,3.500,52.000,132.000,-153.000,,,consensus,17,17
401021672,2018,2,7,2018-10-10T00:00Z,0,1,2032,2026,ARKST,APP,9.000,35.000,0,10.500,59.500,318.000,-414.000,,,consensus,37,37
401013076,2018,2,7,2018-10-11T23:30Z,0,1,2628,2641,TCU,TTU,14.000,17.000,0,-7.500,57.500,-327.000,259.000,,,consensus,4,4
401021673,2018,2,7,2018-10-11T23:30Z,0,1,326,290,TXST,GASO,13.000,15.000,0,17.500,51.500,595.000,-935.000,,,consensus,37,37
401019505,2018,2,7,2018-10-12T23:00Z,0,1,202,58,TLSA,USF,24.000,25.000,0,9.500,61.000,294.000,-377.000,,,consensus,151,151
401022533,2018,2,7,2018-10-13T01:00Z,0,1,21,2005,SDSU,AFA,21.000,17.000,0,-11.000,42.500,-430.000,331.000,,,consensus,17,17
401012764,2018,2,7,2018-10-13T02:00Z,0,1,254,12,UTAH,ARIZ,42.000,10.000,0,-14.000,53.500,-578.000,428.000,,,consensus,9,9
401012309,2018,2,7,2018-10-13T16:00Z,0,1,2,2633,AUB,TENN,24.000,30.000,0,-15.500,47.000,-751.000,515.000,,,consensus,8,8
401012312,2018,2,7,2018-10-13T16:00Z,0,1,238,57,VAN,FLA,27.000,37.000,0,9.500,51.000,299.000,-386.000,,,consensus,8,8
401012825,2018,2,7,2018-10-13T16:00Z,0,1,120,164,MD,RUTG,34.000,7.000,0,-24.000,51.000,-3413.000,1400.000,,,consensus,5,5
401012856,2018,2,7,2018-10-13T16:00Z,0,1,84,2294,IND,IOWA,16.000,42.000,0,3.500,52.000,150.000,-174.000,,,consensus,5,5
401013061,2018,2,7,2018-10-13T16:00Z,0,1,2306,197,KSU,OKST,31.000,12.000,0,9.000,61.500,268.000,-340.000,,,consensus,4,4
401013331,2018,2,7,2018-10-13T16:00Z,0,1,194,135,OSU,MINN,30.000,14.000,0,-29.500,62.000,-6993.000,2000.000,,,consensus,5,5
401013340,2018,2,7,2018-10-13T16:00Z,0,1,77,158,NW,NEB,34.000,31.000,1,-3.500,58.500,-168.000,144.000,,,consensus,5,5
401020756,2018,2,7,2018-10-13T16:00Z,0,1,2084,2006,BUFF,AKRON,24.000,6.000,0,-12.000,54.000,-450.000,340.000,,,numberfire,15,15
401020759,2018,2,7,2018-10-13T16:00Z,0,1,2199,2649,EMU,TOL,28.000,26.000,0,2.000,62.000,107.000,-127.000,,,consensus,15,15
401013145,2018,2,7,2018-10-13T16:20Z,0,1,59,150,GT,DUKE,14.000,28.000,0,-2.000,55.000,-128.000,107.000,,,consensus,1,1
401013144,2018,2,7,2018-10-13T16:30Z,0,1,103,97,BC,LOU,38.000,20.000,0,-12.000,56.500,-439.000,333.000,,,consensus,1,1
401015018,2018,2,7,2018-10-13T17:00Z,0,1,242,5,RICE,UAB,0.000,42.000,0,17.000,52.500,610.000,-949.000,,,consensus,12,12
401013452,2018,2,7,2018-10-13T18:00Z,0,0,2335,2653,LIB,TROY,22.000,16.000,0,11.000,62.500,327.000,-420.000,,,consensus,18,37
401015017,2018,2,7,2018-10-13T18:00Z,0,1,249,2572,UNT,USM,30.000,7.000,0,-7.000,52.500,-303.000,245.000,,,consensus,12,12
401013148,2018,2,7,2018-10-13T18:30Z,0,0,87,221,ND,PITT,19.000,14.000,0,-21.000,56.000,-2019.000,963.000,,,consensus,18,1
401020810,2018,2,7,2018-10-13T18:30Z,0,1,193,2309,M-OH,KENT,31.000,6.000,0,-11.000,58.000,-435.000,331.000,,,consensus,15,15
401020757,2018,2,7,2018-10-13T19:00Z,0,1,2117,2050,CMU,BALL,23.000,24.000,0,-2.500,54.500,-135.000,115.000,,,numberfire,15,15
401020760,2018,2,7,2018-10-13T19:00Z,0,1,189,2711,BGSU,WMU,35.000,42.000,0,14.500,68.500,471.000,-680.000,,,consensus,15,15
401012310,2018,2,7,2018-10-13T19:30Z,0,1,99,61,LSU,UGA,36.000,16.000,0,7.000,48.500,228.000,-279.000,,,consensus,8,8
401012311,2018,2,7,2018-10-13T19:30Z,0,1,2579,245,SC,TA&M,23.000,26.000,0,2.500,50.500,116.000,-139.000,,,consensus,8,8
401012766,2018,2,7,2018-10-13T19:30Z,0,1,2483,264,ORE,WASH,30.000,27.000,1,3.500,59.500,154.000,-179.000,,,consensus,9,9
401012809,2018,2,7,2018-10-13T19:30Z,0,1,356,2509,ILL,PUR,7.000,46.000,0,10.500,62.000,303.000,-391.000,,,consensus,5,5
401012883,2018,2,7,2018-10-13T19:30Z,0,1,213,127,PSU,MSU,17.000,21.000,0,-13.500,53.000,-545.000,406.000,,,consensus,5,5
401013032,2018,2,7,2018-10-13T19:30Z,0,1,251,239,TEX,BAY,23.000,17.000,0,-14.000,58.500,-602.000,434.000,,,consensus,4,4
401013370,2018,2,7,2018-10-13T19:30Z,1,0,23,349,SJSU,ARMY,3.000,52.000,0,17.500,50.000,620.000,-925.000,,,numberfire,17,18
401015013,2018,2,7,2018-10-13T19:30Z,0,1,2429,98,CHAR,WKU,40.000,14.000,0,9.500,44.000,282.000,-357.000,,,consensus,12,12
401015016,2018,2,7,2018-10-13T19:30Z,0,1,295,276,ODU,MRSH,20.000,42.000,0,3.500,56.500,148.000,-173.000,,,consensus,12,12
401019506,2018,2,7,2018-10-13T19:30Z,0,1,235,2116,MEM,UCF,30.000,31.000,0,5.500,80.500,170.000,-215.000,,,numberfire,151,151
401019508,2018,2,7,2018-10-13T19:30Z,0,1,2426,218,NAVY,TEM,17.000,24.000,0,6.500,49.000,213.000,-260.000,,,consensus,151,151
401020758,2018,2,7,2018-10-13T19:30Z,0,1,2459,195,NIU,OHIO,24.000,21.000,0,-5.500,51.500,-222.000,182.000,,,consensus,15,15
401022535,2018,2,7,2018-10-13T20:00Z,0,1,36,167,CSU,UNM,20.000,18.000,0,1.000,62.500,-104.000,-117.000,,,consensus,17,17
401022536,2018,2,7,2018-10-13T20:00Z,0,1,328,2439,USU,UNLV,59.000,28.000,0,-27.000,65.500,-4739.000,1650.000,,,consensus,17,17
401013442,2018,2,7,2018-10-13T21:00Z,0,0,309,166,ULL,NMSU,66.000,38.000,0,-7.500,66.500,-280.000,220.000,,,numberfire,37,18
401021675,2018,2,7,2018-10-13T21:00Z,0,0,6,2011,USA,ALST,45.000,7.000,0,-27.500,55.500,,,,,consensus,37,31
401021674,2018,2,7,2018-10-13T22:00Z,0,1,324,2433,CCU,ULM,20.000,45.000,0,-7.000,66.000,-263.000,214.000,,,consensus,37,37
401012307,2018,2,7,2018-10-13T23:00Z,0,1,333,142,ALA,MIZ,39.000,10.000,0,-28.500,73.500,-5831.000,1800.000,,,consensus,8,8
401012767,2018,2,7,2018-10-13T23:00Z,0,1,25,26,CAL,UCLA,7.000,37.000,0,-7.000,52.500,-264.000,218.000,,,consensus,9,9
401013043,2018,2,7,2018-10-13T23:00Z,0,1,66,277,ISU,WVU,30.000,14.000,0,4.500,55.000,169.000,-199.000,,,consensus,4,4
401013146,2018,2,7,2018-10-13T23:00Z,0,1,258,2390,UVA,MIAMI,16.000,13.000,0,7.000,46.500,227.000,-282.000,,,consensus,1,1
401013147,2018,2,7,2018-10-13T23:00Z,0,1,153,259,UNC,VT,19.000,22.000,0,6.500,57.500,205.000,-251.000,,,consensus,1,1
401015015,2018,2,7,2018-10-13T23:00Z,0,1,2636,2348,UTSA,LT,3.000,31.000,0,12.500,45.000,407.000,-544.000,,,consensus,12,12
401019507,2018,2,7,2018-10-13T23:00Z,0,1,151,248,ECU,HOU,20.000,42.000,0,16.000,69.500,550.000,-809.000,,,consensus,151,151
401012308,2018,2,7,2018-10-13T23:30Z,0,1,8,145,ARK,MISS,33.000,37.000,0,6.500,66.000,213.000,-261.000,,,consensus,8,8
401012893,2018,2,7,2018-10-13T23:30Z,0,1,130,275,MICH,WIS,38.000,13.000,0,-10.000,47.500,-416.000,318.000,,,consensus,5,5
401015014,2018,2,7,2018-10-13T23:30Z,0,1,2229,2393,FIU,MTSU,24.000,21.000,0,-2.000,60.500,-129.000,108.000,,,consensus,12,12
401016408,2018,2,7,2018-10-14T02:15Z,0,0,252,62,BYU,HAW,49.000,23.000,0,-10.500,57.500,-384.000,299.000,,,consensus,18,17
401012765,2018,2,7,2018-10-14T02:30Z,0,1,30,38,USC,COLO,31.000,20.000,0,-7.000,57.500,-267.000,218.000,,,consensus,9,9
401022534,2018,2,7,2018-10-14T02:30Z,0,1,2440,68,NEV,BSU,27.000,31.000,0,14.000,59.500,494.000,-679.000,,,consensus,17,17
401022537,2018,2,7,2018-10-14T02:30Z,0,1,278,2751,FRES,WYO,27.000,3.000,0,-18.000,44.000,-1135.000,700.000,,,consensus,17,17
401021676,2018,2,8,2018-10-18T23:30Z,0,1,2032,2247,ARKST,GAST,51.000,35.000,0,-13.000,56.500,-563.000,413.000,,,consensus,37,37
401012768,2018,2,8,2018-10-19T01:00Z,0,1,9,24,ASU,STAN,13.000,20.000,0,2.000,57.500,106.000,-128.000,,,consensus,9,9
401022538,2018,2,8,2018-10-20T01:00Z,0,1,68,36,BSU,CSU,56.000,28.000,0,-23.500,61.500,-2362.000,1060.000,,,consensus,17,17
401022539,2018,2,8,2018-10-20T02:00Z,0,1,2439,2005,UNLV,AFA,35.000,41.000,0,9.500,54.000,279.000,-352.000,,,consensus,17,17
401012313,2018,2,8,2018-10-20T16:00Z,0,0,8,202,ARK,TLSA,23.000,0.000,0,-6.000,55.500,-242.000,200.000,,,consensus,8,151
401012316,2018,2,8,2018-10-20T16:00Z,0,1,145,2,MISS,AUB,16.000,31.000,0,4.500,64.000,175.000,-210.000,,,consensus,8,8
401012810,2018,2,8,2018-10-20T16:00Z,0,1,275,356,WIS,ILL,49.000,20.000,0,-24.000,53.000,-2753.000,1217.000,,,consensus,5,5
401012846,2018,2,8,2018-10-20T16:00Z,0,1,164,77,RUTG,NW,15.000,18.000,0,20.500,48.500,880.000,-1663.000,,,consensus,5,5
401012867,2018,2,8,2018-10-20T16:00Z,0,1,2294,120,IOWA,MD,23.000,0.000,0,-9.500,43.500,-380.000,298.000,,,consensus,5,5
401012884,2018,2,8,2018-10-20T16:00Z,0,1,127,130,MSU,MICH,7.000,21.000,0,7.500,39.000,252.000,-313.000,,,consensus,5,5
401013068,2018,2,8,2018-10-20T16:00Z,0,1,2628,201,TCU,OKLA,27.000,52.000,0,8.000,62.000,250.000,-312.000,,,consensus,4,4
401013371,2018,2,8,2018-10-20T16:00Z,0,0,349,193,ARMY,M-OH,31.000,30.000,1,-6.500,47.000,-262.000,215.000,,,consensus,18,15
401019510,2018,2,8,2018-10-20T16:00Z,0,1,218,2132,TEM,CIN,24.000,17.000,1,-2.500,47.000,-139.000,117.000,,,consensus,151,151
401020763,2018,2,8,2018-10-20T16:00Z,0,1,2649,2084,TOL,BUFF,17.000,31.000,0,-3.000,62.000,-146.000,124.000,,,consensus,15,15
401013152,2018,2,8,2018-10-20T16:20Z,0,1,183,153,SYR,UNC,40.000,37.000,1,-10.000,66.500,-369.000,290.000,,,consensus,1,1
401013150,2018,2,8,2018-10-20T16:30Z,0,1,150,258,DUKE,UVA,14.000,28.000,0,-6.500,45.500,-261.000,214.000,,,consensus,1,1
401013453,2018,2,8,2018-10-20T18:00Z,0,0,2335,304,LIB,IDST,48.000,41.000,0,-7.500,,-310.000,250.000,,,consensus,18,20
401020762,2018,2,8,2018-10-20T18:00Z,0,1,195,189,OHIO,BGSU,49.000,14.000,0,-16.500,67.500,-758.000,509.000,,,consensus,15,15
401015021,2018,2,8,2018-10-20T18:30Z,0,1,276,2226,MRSH,FAU,31.000,7.000,0,2.500,60.500,115.000,-138.000,,,consensus,12,12
401022540,2018,2,8,2018-10-20T18:30Z,0,1,2751,328,WYO,USU,16.000,24.000,0,13.500,50.000,400.000,-539.000,,,consensus,17,17
401015019,2018,2,8,2018-10-20T19:00Z,0,1,2393,2429,MTSU,CHAR,21.000,13.000,0,-15.500,50.000,-713.000,493.000,,,consensus,12,12
401020764,2018,2,8,2018-10-20T19:00Z,0,1,2050,2199,BALL,EMU,20.000,42.000,0,3.000,44.000,123.000,-146.000,,,consensus,15,15
401020765,2018,2,8,2018-10-20T19:00Z,0,1,2117,2711,CMU,WMU,10.000,35.000,0,5.000,54.000,176.000,-210.000,,,consensus,15,15
401012318,2018,2,8,2018-10-20T19:30Z,0,1,2633,333,TENN,ALA,21.000,58.000,0,29.000,58.000,2000.000,-6993.000,,,consensus,8,8
401012772,2018,2,8,2018-10-20T19:30Z,0,1,264,38,WASH,COLO,27.000,13.000,0,-17.000,50.000,-978.000,615.000,,,consensus,9,9
401012857,2018,2,8,2018-10-20T19:30Z,0,1,84,213,IND,PSU,28.000,33.000,0,14.000,58.000,457.000,-640.000,,,consensus,5,5
401013052,2018,2,8,2018-10-20T19:30Z,0,1,2641,2305,TTU,KU,48.000,16.000,0,-17.500,59.000,-1075.000,670.000,,,consensus,4,4
401013149,2018,2,8,2018-10-20T19:30Z,0,1,228,152,CLEM,NCST,41.000,7.000,0,-18.500,57.500,-1104.000,680.000,,,consensus,1,1
401013151,2018,2,8,2018-10-20T19:30Z,0,1,52,154,FSU,WAKE,38.000,17.000,0,-10.500,58.500,-380.000,298.000,,,consensus,1,1
401013332,2018,2,8,2018-10-20T19:30Z,0,1,158,135,NEB,MINN,53.000,28.000,0,-5.000,55.500,-200.000,170.000,,,consensus,5,5
401013363,2018,2,8,2018-10-20T19:30Z,0,0,113,324,UMASS,CCU,13.000,24.000,0,-2.500,75.000,-140.000,118.000,,,consensus,18,37
401015022,2018,2,8,2018-10-20T19:30Z,0,1,2348,2638,LT,UTEP,31.000,24.000,0,-22.000,49.000,-2086.000,1000.000,,,consensus,12,12
401019512,2018,2,8,2018-10-20T19:30Z,0,1,2426,248,NAVY,HOU,36.000,49.000,0,11.500,59.000,343.000,-448.000,,,consensus,151,151
401019513,2018,2,8,2018-10-20T19:30Z,0,1,2655,2567,TULN,SMU,23.000,27.000,0,-7.500,55.500,-299.000,243.000,,,consensus,151,151
401020761,2018,2,8,2018-10-20T19:30Z,0,1,2309,2006,KENT,AKRON,23.000,24.000,1,4.500,49.500,171.000,-202.000,,,consensus,15,15
401021677,2018,2,8,2018-10-20T19:30Z,0,1,2026,309,APP,ULL,27.000,17.000,0,-25.500,65.000,-3308.000,1367.000,,,consensus,37,37
401012317,2018,2,8,2018-10-20T20:00Z,0,0,142,235,MIZ,MEM,65.000,33.000,0,-9.500,74.000,-365.000,285.000,,,consensus,8,151
401012771,2018,2,8,2018-10-20T20:00Z,0,1,204,25,ORST,CAL,7.000,49.000,0,6.500,58.500,203.000,-245.000,,,consensus,9,9
401013443,2018,2,8,2018-10-20T22:00Z,0,0,166,290,NMSU,GASO,31.000,48.000,0,9.500,52.500,281.000,-362.000,,,consensus,18,37
401012315,2018,2,8,2018-10-20T23:00Z,0,1,99,344,LSU,MSST,19.000,3.000,0,-5.500,45.000,-233.000,189.000,,,consensus,8,8
401015025,2018,2,8,2018-10-20T23:00Z,0,1,2572,2636,USM,UTSA,27.000,17.000,0,-15.500,44.500,-754.000,511.000,,,consensus,12,12
401019509,2018,2,8,2018-10-20T23:00Z,0,1,151,2116,ECU,UCF,10.000,37.000,0,21.500,65.000,950.000,-1956.000,,,consensus,151,151
401019511,2018,2,8,2018-10-20T23:00Z,0,1,58,41,USF,UCONN,38.000,30.000,0,-31.500,68.000,,,,,consensus,151,151
401021678,2018,2,8,2018-10-20T23:00Z,0,1,2433,326,ULM,TXST,20.000,14.000,0,-10.500,60.000,-387.000,302.000,,,consensus,37,37
401012314,2018,2,8,2018-10-20T23:30Z,0,1,96,238,UK,VAN,14.000,7.000,0,-10.500,45.500,-405.000,311.000,,,consensus,8,8
401012773,2018,2,8,2018-10-20T23:30Z,0,1,265,2483,WSU,ORE,34.000,20.000,0,-3.000,69.500,-164.000,140.000,,,consensus,9,9
401013348,2018,2,8,2018-10-20T23:30Z,0,1,2509,194,PUR,OSU,49.000,20.000,0,12.500,65.500,367.000,-484.000,,,consensus,5,5
401015020,2018,2,8,2018-10-20T23:30Z,0,1,2229,242,FIU,RICE,36.000,17.000,0,-23.500,53.500,-2857.000,1267.000,,,consensus,12,12
401015023,2018,2,8,2018-10-20T23:30Z,0,1,5,249,UAB,UNT,29.000,21.000,0,-1.500,52.500,-126.000,103.000,,,consensus,12,12
401015024,2018,2,8,2018-10-20T23:30Z,0,1,98,295,WKU,ODU,34.000,37.000,0,-4.000,55.000,-184.000,158.000,,,consensus,12,12
401022541,2018,2,8,2018-10-20T23:30Z,0,1,167,278,UNM,FRES,7.000,38.000,0,14.000,52.500,449.000,-632.000,,,consensus,17,17
401012770,2018,2,8,2018-10-21T00:00Z,0,1,254,30,UTAH,USC,41.000,28.000,0,-6.500,48.000,-245.000,203.000,,,consensus,9,9
401012769,2018,2,8,2018-10-21T02:30Z,0,1,26,12,UCLA,ARIZ,31.000,30.000,0,-10.000,56.000,-376.000,295.000,,,consensus,9,9
401022543,2018,2,8,2018-10-21T02:30Z,0,1,21,23,SDSU,SJSU,16.000,13.000,0,-26.000,44.500,,,,,numberfire,17,17
401022542,2018,2,8,2018-10-21T03:59Z,0,1,62,2440,HAW,NEV,22.000,40.000,0,-2.500,67.500,-135.000,113.000,,,consensus,17,17
401021679,2018,2,9,2018-10-24T00:00Z,0,1,6,2653,USA,TROY,17.000,38.000,0,11.000,52.500,333.000,-438.000,,,consensus,37,37
401013033,2018,2,9,2018-10-25T23:00Z,0,1,277,239,WVU,BAY,58.000,14.000,0,-14.500,67.000,-623.000,441.000,,,consensus,4,4
401020766,2018,2,9,2018-10-25T23:00Z,0,1,195,2050,OHIO,BALL,52.000,14.000,0,-10.500,65.500,-421.000,324.000,,,consensus,15,15
401020767,2018,2,9,2018-10-25T23:00Z,0,1,2711,2649,WMU,TOL,24.000,51.000,0,-4.500,69.000,-191.000,163.000,,,consensus,15,15
401013153,2018,2,9,2018-10-25T23:30Z,0,1,259,59,VT,GT,28.000,49.000,0,-3.000,58.500,-156.000,133.000,,,consensus,1,1
401021680,2018,2,9,2018-10-25T23:30Z,0,1,290,2026,GASO,APP,34.000,14.000,0,11.000,47.500,333.000,-429.000,,,consensus,37,37
401015028,2018,2,9,2018-10-26T22:30Z,0,1,2226,2348,FAU,LT,13.000,21.000,0,-3.500,58.500,-169.000,145.000,,,consensus,12,12
401013154,2018,2,9,2018-10-26T23:00Z,0,1,103,2390,BC,MIAMI,27.000,14.000,0,3.500,49.500,155.000,-180.000,,,consensus,1,1
401012858,2018,2,9,2018-10-27T00:00Z,0,1,135,84,MINN,IND,38.000,31.000,0,2.500,54.000,112.000,-134.000,,,consensus,5,5
401022546,2018,2,9,2018-10-27T02:00Z,0,1,36,2751,CSU,WYO,21.000,34.000,0,3.000,47.000,143.000,-168.000,,,consensus,17,17
401012774,2018,2,9,2018-10-27T02:30Z,0,1,26,254,UCLA,UTAH,10.000,41.000,0,10.000,56.000,320.000,-400.000,,,consensus,9,9
401012319,2018,2,9,2018-10-27T16:00Z,0,1,8,238,ARK,VAN,31.000,45.000,0,-1.000,52.000,-116.000,-106.000,,,consensus,8,8
401012885,2018,2,9,2018-10-27T16:00Z,0,1,127,2509,MSU,PUR,23.000,13.000,0,2.500,48.500,117.000,-139.000,,,consensus,5,5
401013044,2018,2,9,2018-10-27T16:00Z,0,1,66,2641,ISU,TTU,40.000,31.000,0,-5.500,57.500,-222.000,183.000,,,consensus,4,4
401013155,2018,2,9,2018-10-27T16:00Z,0,1,52,228,FSU,CLEM,10.000,59.000,0,18.000,49.500,725.000,-1241.000,,,consensus,1,1
401013157,2018,2,9,2018-10-27T16:00Z,0,1,97,154,LOU,WAKE,35.000,56.000,0,-2.500,68.000,-143.000,121.000,,,consensus,1,1
401013344,2018,2,9,2018-10-27T16:00Z,0,1,77,275,NW,WIS,31.000,17.000,0,4.000,50.500,163.000,-191.000,,,consensus,5,5
401013364,2018,2,9,2018-10-27T16:00Z,0,0,41,113,UCONN,UMASS,17.000,22.000,0,3.500,64.000,145.000,-169.000,,,consensus,151,18
401013372,2018,2,9,2018-10-27T16:00Z,0,0,2199,349,EMU,ARMY,22.000,37.000,0,1.500,48.000,104.000,-127.000,,,consensus,15,18
401020768,2018,2,9,2018-10-27T16:00Z,0,1,2006,2117,AKRON,CMU,17.000,10.000,0,-5.500,42.500,-212.000,176.000,,,consensus,15,15
401085385,2018,2,9,2018-10-27T16:00Z,0,0,158,2065,NEB,BCU,45.000,9.000,0,-48.000,,,,,,consensus,5,24
401013158,2018,2,9,2018-10-27T16:20Z,0,1,258,153,UVA,UNC,31.000,21.000,0,-8.000,51.000,-313.000,248.000,,,consensus,1,1
401015026,2018,2,9,2018-10-27T18:00Z,0,1,2429,2572,CHAR,USM,20.000,17.000,0,6.500,44.500,209.000,-254.000,,,consensus,12,12
401021682,2018,2,9,2018-10-27T18:00Z,0,1,2247,324,GAST,CCU,34.000,37.000,0,2.500,60.000,118.000,-141.000,,,consensus,37,37
401012777,2018,2,9,2018-10-27T19:00Z,0,1,38,204,COLO,ORST,34.000,41.000,1,-23.500,63.500,-2000.000,1125.000,,,consensus,9,9
401013053,2018,2,9,2018-10-27T19:00Z,0,1,2305,2628,KU,TCU,27.000,26.000,0,13.500,47.000,383.000,-503.000,,,consensus,4,4
401012320,2018,2,9,2018-10-27T19:30Z,1,1,61,57,UGA,FLA,36.000,17.000,0,-7.000,52.000,-267.000,205.000,,,consensus,8,8
401012776,2018,2,9,2018-10-27T19:30Z,0,1,30,9,USC,ASU,35.000,38.000,0,-3.000,53.000,-150.000,127.000,,,consensus,9,9
401012811,2018,2,9,2018-10-27T19:30Z,0,1,120,356,MD,ILL,63.000,33.000,0,-16.500,55.000,-837.000,550.000,,,consensus,5,5
401012868,2018,2,9,2018-10-27T19:30Z,0,1,213,2294,PSU,IOWA,30.000,24.000,0,-4.500,51.000,-200.000,169.000,,,consensus,5,5
401013062,2018,2,9,2018-10-27T19:30Z,0,1,201,2306,OKLA,KSU,51.000,14.000,0,-24.000,64.000,-3032.000,1194.000,,,consensus,4,4
401013156,2018,2,9,2018-10-27T19:30Z,0,1,221,150,PITT,DUKE,54.000,45.000,0,3.000,46.000,126.000,-149.000,,,consensus,1,1
401015029,2018,2,9,2018-10-27T19:30Z,0,1,295,2393,ODU,MTSU,17.000,51.000,0,4.000,61.500,159.000,-185.000,,,consensus,12,12
401016409,2018,2,9,2018-10-27T19:30Z,0,0,252,2459,BYU,NIU,6.000,7.000,0,-6.500,44.000,-256.000,211.000,,,consensus,18,15
401019514,2018,2,9,2018-10-27T19:30Z,0,1,2567,2132,SMU,CIN,20.000,26.000,1,9.000,50.000,273.000,-347.000,,,consensus,151,151
401019515,2018,2,9,2018-10-27T19:30Z,0,1,248,58,HOU,USF,57.000,36.000,0,-10.000,77.000,-380.000,297.000,,,consensus,151,151
401012322,2018,2,9,2018-10-27T20:00Z,0,1,142,96,MIZ,UK,14.000,15.000,0,-7.500,54.500,-291.000,237.000,,,consensus,8,8
401015030,2018,2,9,2018-10-27T20:00Z,0,1,249,242,UNT,RICE,41.000,17.000,0,-30.000,58.500,,,,,consensus,12,12
401022545,2018,2,9,2018-10-27T20:00Z,0,1,328,167,USU,UNM,61.000,19.000,0,-20.000,64.500,-1059.000,660.000,,,consensus,17,17
401012778,2018,2,9,2018-10-27T22:30Z,0,1,25,264,CAL,WASH,12.000,10.000,0,12.000,46.000,369.000,-478.000,,,consensus,9,9
401022549,2018,2,9,2018-10-27T22:30Z,0,1,23,2439,SJSU,UNLV,50.000,37.000,0,-2.500,57.000,-135.000,115.000,,,numberfire,17,17
401012321,2018,2,9,2018-10-27T23:00Z,0,1,344,245,MSST,TA&M,28.000,13.000,0,-1.000,43.000,-112.000,-110.000,,,consensus,8,8
401012779,2018,2,9,2018-10-27T23:00Z,0,1,24,265,STAN,WSU,38.000,41.000,0,-2.500,55.000,-137.000,116.000,,,consensus,9,9
401013159,2018,2,9,2018-10-27T23:00Z,0,1,183,152,SYR,NCST,51.000,41.000,0,2.000,65.000,109.000,-130.000,,,consensus,1,1
401013444,2018,2,9,2018-10-27T23:00Z,0,0,326,166,TXST,NMSU,27.000,20.000,0,1.000,57.000,-108.000,-114.000,,,consensus,37,18
401019516,2018,2,9,2018-10-27T23:00Z,0,1,202,2655,TLSA,TULN,17.000,24.000,0,-2.500,50.500,-141.000,120.000,,,consensus,151,151
401021681,2018,2,9,2018-10-27T23:00Z,0,1,309,2032,ULL,ARKST,47.000,43.000,0,3.000,69.500,130.000,-152.000,,,consensus,37,37
401022544,2018,2,9,2018-10-27T23:00Z,0,1,2005,68,AFA,BSU,38.000,48.000,0,10.000,58.000,306.000,-393.000,,,consensus,17,17
401012323,2018,2,9,2018-10-27T23:30Z,0,1,2579,2633,SC,TENN,27.000,24.000,0,-10.000,53.000,-372.000,293.000,,,consensus,8,8
401015027,2018,2,9,2018-10-27T23:30Z,0,1,98,2229,WKU,FIU,17.000,38.000,0,3.000,54.000,133.000,-156.000,,,consensus,12,12
401015031,2018,2,9,2018-10-27T23:30Z,0,1,2638,5,UTEP,UAB,0.000,19.000,0,14.500,50.000,477.000,-694.000,,,consensus,12,12
401013189,2018,2,9,2018-10-28T00:00Z,1,0,2426,87,NAVY,ND,22.000,44.000,0,22.000,56.500,975.000,-2092.000,,,consensus,151,18
401013320,2018,2,9,2018-10-28T00:00Z,0,1,197,251,OKST,TEX,38.000,35.000,0,2.500,61.000,114.000,-136.000,,,consensus,4,4
401012775,2018,2,9,2018-10-28T02:30Z,0,1,12,2483,ARIZ,ORE,44.000,15.000,0,8.000,65.000,239.000,-297.000,,,consensus,9,9
401022547,2018,2,9,2018-10-28T02:30Z,0,1,278,62,FRES,HAW,50.000,20.000,0,-25.500,59.500,-3205.000,1350.000,,,consensus,17,17
401022548,2018,2,9,2018-10-28T02:30Z,0,1,2440,21,NEV,SDSU,28.000,24.000,0,1.000,45.500,-105.000,-116.000,,,consensus,17,17
401020769,2018,2,10,2018-10-31T00:00Z,0,1,189,2309,BGSU,KENT,28.000,35.000,0,-1.500,68.000,-113.000,-106.000,,,consensus,15,15
401020770,2018,2,10,2018-10-31T00:00Z,0,1,2084,193,BUFF,M-OH,51.000,42.000,0,-7.000,53.000,-274.000,227.000,,,consensus,15,15
401020771,2018,2,10,2018-10-31T23:30Z,0,1,2649,2050,TOL,BALL,45.000,13.000,0,-19.500,64.000,-2093.000,1083.000,,,consensus,15,15
401020772,2018,2,10,2018-11-01T23:00Z,0,1,2006,2459,AKRON,NIU,26.000,36.000,0,6.000,37.500,199.000,-244.000,,,consensus,15,15
401020773,2018,2,10,2018-11-01T23:00Z,0,1,2711,195,WMU,OHIO,14.000,59.000,0,3.500,65.500,149.000,-174.000,,,consensus,15,15
401019517,2018,2,10,2018-11-01T23:30Z,0,1,2116,218,UCF,TEM,52.000,40.000,0,-10.500,59.000,-428.000,325.000,,,consensus,151,151
401013160,2018,2,10,2018-11-02T23:30Z,0,1,258,221,UVA,PITT,13.000,23.000,0,-7.000,45.500,-278.000,228.000,,,consensus,1,1
401015034,2018,2,10,2018-11-03T00:00Z,0,1,2393,98,MTSU,WKU,29.000,10.000,0,-13.500,53.000,-524.000,397.000,,,consensus,12,12
401012780,2018,2,10,2018-11-03T02:30Z,0,1,12,38,ARIZ,COLO,42.000,34.000,0,-3.500,57.000,-161.000,138.000,,,consensus,9,9
401012324,2018,2,10,2018-11-03T16:00Z,0,1,2,245,AUB,TA&M,28.000,24.000,0,-3.500,47.500,-177.000,151.000,,,consensus,8,8
401012328,2018,2,10,2018-11-03T16:00Z,0,1,145,2579,MISS,SC,44.000,48.000,0,-2.000,69.000,-129.000,108.000,,,consensus,8,8
401012847,2018,2,10,2018-11-03T16:00Z,0,1,275,164,WIS,RUTG,31.000,17.000,0,-29.000,51.500,-5831.000,1800.000,,,consensus,5,5
401012877,2018,2,10,2018-11-03T16:00Z,0,1,120,127,MD,MSU,3.000,24.000,0,3.500,43.000,142.000,-166.000,,,consensus,5,5
401013034,2018,2,10,2018-11-03T16:00Z,0,1,239,197,BAY,OKST,35.000,31.000,0,6.000,69.000,193.000,-238.000,,,consensus,4,4
401013045,2018,2,10,2018-11-03T16:00Z,0,1,2305,66,KU,ISU,3.000,27.000,0,18.000,46.500,730.000,-1238.000,,,consensus,4,4
401013162,2018,2,10,2018-11-03T16:00Z,0,1,228,97,CLEM,LOU,77.000,16.000,0,-38.500,61.000,,,,,consensus,1,1
401013166,2018,2,10,2018-11-03T16:00Z,0,1,154,183,WAKE,SYR,24.000,41.000,0,6.500,78.500,199.000,-243.000,,,consensus,1,1
401013341,2018,2,10,2018-11-03T16:00Z,0,1,194,158,OSU,NEB,36.000,31.000,0,-17.500,75.500,-1019.000,635.000,,,consensus,5,5
401013373,2018,2,10,2018-11-03T16:00Z,0,0,349,2005,ARMY,AFA,17.000,14.000,0,-5.500,41.500,-207.000,173.000,,,consensus,18,17
401019520,2018,2,10,2018-11-03T16:00Z,0,1,151,235,ECU,MEM,41.000,59.000,0,11.000,67.000,295.000,-390.000,,,numberfire,151,151
401020774,2018,2,10,2018-11-03T16:00Z,0,1,2199,2117,EMU,CMU,17.000,7.000,0,-14.000,46.500,-625.000,442.000,,,consensus,15,15
401013165,2018,2,10,2018-11-03T16:15Z,0,1,153,59,UNC,GT,28.000,38.000,0,4.000,64.500,158.000,-182.000,,,consensus,1,1
401021686,2018,2,10,2018-11-03T18:00Z,0,1,2247,326,GAST,TXST,31.000,40.000,0,-7.000,52.500,-280.000,231.000,,,consensus,37,37
401022552,2018,2,10,2018-11-03T18:00Z,0,1,2751,23,WYO,SJSU,24.000,9.000,0,-17.500,38.000,-850.000,570.000,,,numberfire,17,17
401015033,2018,2,10,2018-11-03T19:00Z,0,1,2572,276,USM,MRSH,26.000,24.000,0,2.500,47.500,123.000,-145.000,,,consensus,12,12
401021684,2018,2,10,2018-11-03T19:00Z,0,1,2032,6,ARKST,USA,38.000,14.000,0,-14.000,62.000,-633.000,455.000,,,consensus,37,37
401021685,2018,2,10,2018-11-03T19:00Z,0,1,2433,290,ULM,GASO,44.000,25.000,0,7.000,60.500,217.000,-263.000,,,consensus,37,37
401012326,2018,2,10,2018-11-03T19:30Z,0,1,96,61,UK,UGA,17.000,34.000,0,9.500,47.500,281.000,-355.000,,,consensus,8,8
401012812,2018,2,10,2018-11-03T19:30Z,0,1,356,135,ILL,MINN,55.000,31.000,0,8.500,61.500,263.000,-328.000,,,consensus,5,5
401012869,2018,2,10,2018-11-03T19:30Z,0,1,2509,2294,PUR,IOWA,38.000,36.000,0,-2.000,52.000,-126.000,105.000,,,consensus,5,5
401013063,2018,2,10,2018-11-03T19:30Z,0,1,2628,2306,TCU,KSU,14.000,13.000,0,-10.000,44.500,-365.000,293.000,,,consensus,4,4
401013164,2018,2,10,2018-11-03T19:30Z,0,1,152,52,NCST,FSU,47.000,28.000,0,-9.500,51.500,-357.000,285.000,,,consensus,1,1
401013188,2018,2,10,2018-11-03T19:30Z,0,1,251,277,TEX,WVU,41.000,42.000,0,1.000,58.500,-105.000,-115.000,,,consensus,4,4
401013365,2018,2,10,2018-11-03T19:30Z,0,0,113,2335,UMASS,LIB,62.000,59.000,1,1.000,67.000,-102.000,-119.000,,,consensus,18,18
401015035,2018,2,10,2018-11-03T19:30Z,0,1,242,2638,RICE,UTEP,26.000,34.000,0,1.500,45.000,-101.000,-119.000,,,consensus,12,12
401019518,2018,2,10,2018-11-03T19:30Z,0,1,2132,2426,CIN,NAVY,42.000,0.000,0,-12.000,48.000,-440.000,344.000,,,consensus,151,151
401019521,2018,2,10,2018-11-03T19:30Z,0,1,58,2655,USF,TULN,15.000,41.000,0,-6.000,60.500,-224.000,187.000,,,consensus,151,151
401021687,2018,2,10,2018-11-03T19:30Z,0,1,2653,309,TROY,ULL,26.000,16.000,0,-8.000,64.000,-311.000,250.000,,,consensus,37,37
401012894,2018,2,10,2018-11-03T19:45Z,0,1,130,213,MICH,PSU,42.000,7.000,0,-13.000,49.500,-460.000,369.000,,,consensus,5,5
401013161,2018,2,10,2018-11-03T19:45Z,0,1,259,103,VT,BC,21.000,31.000,0,2.000,57.000,105.000,-126.000,,,consensus,1,1
401012325,2018,2,10,2018-11-03T20:00Z,0,1,57,142,FLA,MIZ,17.000,38.000,0,-6.000,59.000,-218.000,183.000,,,consensus,8,8
401012330,2018,2,10,2018-11-03T20:00Z,0,0,2633,2429,TENN,CHAR,14.000,3.000,0,-21.000,46.000,-1855.000,950.000,,,consensus,8,12
401012781,2018,2,10,2018-11-03T20:00Z,0,1,9,254,ASU,UTAH,38.000,20.000,0,7.500,55.000,235.000,-300.000,,,numberfire,9,9
401013445,2018,2,10,2018-11-03T20:00Z,0,0,166,2016,NMSU,ALCN,52.000,42.000,0,-13.000,,,,,,consensus,18,31
401021683,2018,2,10,2018-11-03T21:00Z,0,1,324,2026,CCU,APP,7.000,23.000,0,13.500,52.000,394.000,-520.000,,,consensus,37,37
401013163,2018,2,10,2018-11-03T23:00Z,0,1,2390,150,MIAMI,DUKE,12.000,20.000,0,-9.500,50.500,-363.000,289.000,,,consensus,1,1
401019519,2018,2,10,2018-11-03T23:00Z,0,1,202,41,TLSA,UCONN,49.000,19.000,0,-18.500,59.500,-1100.000,720.000,,,numberfire,151,151
401019522,2018,2,10,2018-11-03T23:00Z,0,1,2567,248,SMU,HOU,45.000,31.000,0,14.000,71.000,451.000,-622.000,,,consensus,151,151
401013345,2018,2,10,2018-11-03T23:15Z,0,0,77,87,NW,ND,21.000,31.000,0,10.000,50.000,303.000,-383.000,,,consensus,5,18
401012329,2018,2,10,2018-11-03T23:30Z,0,0,344,2348,MSST,LT,45.000,3.000,0,-23.500,48.500,-2277.000,1106.000,,,consensus,8,12
401012782,2018,2,10,2018-11-03T23:30Z,0,1,2483,26,ORE,UCLA,42.000,21.000,0,-10.500,60.000,-401.000,313.000,,,consensus,9,9
401015032,2018,2,10,2018-11-03T23:30Z,0,1,2229,2226,FIU,FAU,14.000,49.000,0,-2.000,59.000,-127.000,106.000,,,consensus,12,12
401015036,2018,2,10,2018-11-03T23:30Z,0,1,5,2636,UAB,UTSA,52.000,3.000,0,-21.500,42.000,-1875.000,967.000,,,consensus,12,12
401012327,2018,2,10,2018-11-04T00:00Z,0,1,99,333,LSU,ALA,0.000,29.000,0,14.000,51.500,443.000,-603.000,,,consensus,8,8
401013069,2018,2,10,2018-11-04T00:00Z,0,1,2641,201,TTU,OKLA,46.000,51.000,0,14.000,78.500,422.000,-573.000,,,consensus,4,4
401012784,2018,2,10,2018-11-04T01:00Z,0,1,264,24,WASH,STAN,27.000,23.000,0,-9.500,44.000,-360.000,283.000,,,consensus,9,9
401012783,2018,2,10,2018-11-04T02:00Z,0,1,204,30,ORST,USC,21.000,38.000,0,14.500,65.000,460.000,-640.000,,,numberfire,9,9
401016410,2018,2,10,2018-11-04T02:15Z,0,0,68,252,BSU,BYU,21.000,16.000,0,-13.000,54.000,-471.000,365.000,,,consensus,17,18
401022550,2018,2,10,2018-11-04T02:15Z,0,1,167,21,UNM,SDSU,23.000,31.000,0,12.500,45.000,389.000,-507.000,,,consensus,17,17
401022553,2018,2,10,2018-11-04T02:30Z,0,1,2439,278,UNLV,FRES,3.000,48.000,0,27.000,59.500,1550.000,-4739.000,,,consensus,17,17
401012785,2018,2,10,2018-11-04T02:45Z,0,1,265,25,WSU,CAL,19.000,13.000,0,-7.500,51.500,-306.000,247.000,,,consensus,9,9
401022551,2018,2,10,2018-11-04T03:59Z,0,1,62,328,HAW,USU,17.000,56.000,0,17.500,73.000,605.000,-957.000,,,consensus,17,17
401020775,2018,2,11,2018-11-07T00:30Z,0,1,2084,2309,BUFF,KENT,48.000,14.000,0,-17.000,48.000,-1010.000,658.000,,,consensus,15,15
401020776,2018,2,11,2018-11-08T00:00Z,0,1,193,195,M-OH,OHIO,30.000,28.000,0,4.500,59.500,154.000,-160.000,,,consensus,15,15
401020777,2018,2,11,2018-11-08T01:00Z,0,1,2459,2649,NIU,TOL,38.000,15.000,0,-3.500,53.500,-162.000,139.000,,,consensus,15,15
401013167,2018,2,11,2018-11-09T00:30Z,0,1,152,154,NCST,WAKE,23.000,27.000,0,-19.000,67.500,-1407.000,810.000,,,consensus,1,1
401013168,2018,2,11,2018-11-10T00:00Z,0,1,183,97,SYR,LOU,54.000,23.000,0,-20.500,69.000,-1412.000,790.000,,,consensus,1,1
401022556,2018,2,11,2018-11-10T03:15Z,0,1,68,278,BSU,FRES,24.000,17.000,0,2.500,55.500,117.000,-138.000,,,consensus,17,17
401012333,2018,2,11,2018-11-10T17:00Z,0,1,57,2579,FLA,SC,35.000,31.000,0,-6.500,55.000,-253.000,208.000,,,consensus,8,8
401012335,2018,2,11,2018-11-10T17:00Z,0,1,142,238,MIZ,VAN,33.000,28.000,0,-14.500,65.000,-604.000,437.000,,,consensus,8,8
401012337,2018,2,11,2018-11-10T17:00Z,0,1,245,145,TA&M,MISS,38.000,24.000,0,-13.000,68.000,-549.000,413.000,,,consensus,8,8
401012813,2018,2,11,2018-11-10T17:00Z,0,1,158,356,NEB,ILL,54.000,35.000,0,-17.500,71.500,-911.000,596.000,,,consensus,5,5
401012859,2018,2,11,2018-11-10T17:00Z,0,1,84,120,IND,MD,34.000,32.000,0,-1.000,54.000,-118.000,-102.000,,,consensus,5,5
401012886,2018,2,11,2018-11-10T17:00Z,0,1,127,194,MSU,OSU,6.000,26.000,0,3.500,49.000,152.000,-176.000,,,consensus,5,5
401013054,2018,2,11,2018-11-10T17:00Z,0,1,2306,2305,KSU,KU,21.000,17.000,0,-9.000,46.000,-372.000,291.000,,,consensus,4,4
401013077,2018,2,11,2018-11-10T17:00Z,0,1,277,2628,WVU,TCU,47.000,10.000,0,-13.500,55.500,-558.000,425.000,,,consensus,4,4
401013351,2018,2,11,2018-11-10T17:00Z,0,1,213,275,PSU,WIS,22.000,10.000,0,-7.500,53.500,-288.000,237.000,,,consensus,5,5
401013366,2018,2,11,2018-11-10T17:00Z,0,1,113,252,UMASS,BYU,16.000,35.000,0,14.000,56.500,450.000,-624.000,,,consensus,18,18
401013374,2018,2,11,2018-11-10T17:00Z,0,0,349,322,ARMY,LAF,31.000,13.000,0,-46.000,53.500,,,,,consensus,18,27
401019523,2018,2,11,2018-11-10T17:00Z,0,1,2116,2426,UCF,NAVY,35.000,24.000,0,-24.000,68.000,-2286.000,1100.000,,,consensus,151,151
401019525,2018,2,11,2018-11-10T17:00Z,0,1,41,2567,UCONN,SMU,50.000,62.000,0,17.000,66.500,590.000,-891.000,,,consensus,151,151
401019528,2018,2,11,2018-11-10T17:00Z,0,1,235,202,MEM,TLSA,47.000,21.000,0,-15.500,65.500,-667.000,475.000,,,consensus,151,151
401020778,2018,2,11,2018-11-10T17:00Z,0,1,2199,2006,EMU,AKRON,27.000,7.000,0,-11.500,41.500,-452.000,351.000,,,consensus,15,15
401013170,2018,2,11,2018-11-10T17:20Z,0,1,150,153,DUKE,UNC,42.000,35.000,0,-7.500,58.500,-311.000,252.000,,,consensus,1,1
401021689,2018,2,11,2018-11-10T18:00Z,0,1,290,2653,GASO,TROY,21.000,35.000,0,2.500,44.500,114.000,-135.000,,,consensus,37,37
401012786,2018,2,11,2018-11-10T19:00Z,0,1,9,26,ASU,UCLA,31.000,28.000,0,-12.000,65.000,-492.000,383.000,,,consensus,9,9
401015037,2018,2,11,2018-11-10T19:30Z,0,1,276,2429,MRSH,CHAR,30.000,13.000,0,-12.500,42.000,-504.000,380.000,,,consensus,12,12
401013174,2018,2,11,2018-11-10T20:00Z,0,0,258,2335,UVA,LIB,45.000,24.000,0,-24.000,58.500,-2978.000,1238.000,,,consensus,1,18
401015041,2018,2,11,2018-11-10T20:00Z,0,1,2638,2393,UTEP,MTSU,32.000,48.000,0,13.500,48.000,401.000,-534.000,,,consensus,12,12
401020779,2018,2,11,2018-11-10T20:00Z,0,1,2117,189,CMU,BGSU,13.000,24.000,0,-7.500,50.000,-276.000,228.000,,,consensus,15,15
401012331,2018,2,11,2018-11-10T20:30Z,0,1,333,344,ALA,MSST,24.000,0.000,0,-22.500,50.500,-1983.000,1013.000,,,consensus,8,8
401012336,2018,2,11,2018-11-10T20:30Z,0,1,2633,96,TENN,UK,24.000,7.000,0,5.000,42.000,172.000,-203.000,,,consensus,8,8
401012788,2018,2,11,2018-11-10T20:30Z,0,1,38,265,COLO,WSU,7.000,31.000,0,5.500,59.000,178.000,-214.000,,,consensus,9,9
401012848,2018,2,11,2018-11-10T20:30Z,0,1,164,130,RUTG,MICH,7.000,42.000,0,37.500,45.000,,,,,consensus,5,5
401012870,2018,2,11,2018-11-10T20:30Z,0,1,2294,77,IOWA,NW,10.000,14.000,0,-11.000,45.000,-437.000,342.000,,,consensus,5,5
401013035,2018,2,11,2018-11-10T20:30Z,0,1,66,239,ISU,BAY,28.000,14.000,0,-17.000,51.000,-941.000,610.000,,,consensus,4,4
401013070,2018,2,11,2018-11-10T20:30Z,0,1,201,197,OKLA,OKST,48.000,47.000,0,-22.000,80.000,-1538.000,860.000,,,consensus,4,4
401013173,2018,2,11,2018-11-10T20:30Z,0,1,221,259,PITT,VT,52.000,22.000,0,-3.500,53.500,-183.000,158.000,,,consensus,1,1
401013333,2018,2,11,2018-11-10T20:30Z,0,1,135,2509,MINN,PUR,41.000,10.000,0,10.000,58.500,308.000,-397.000,,,consensus,5,5
401015042,2018,2,11,2018-11-10T20:30Z,0,1,295,249,ODU,UNT,34.000,31.000,0,14.500,67.000,452.000,-620.000,,,consensus,12,12
401022554,2018,2,11,2018-11-10T20:30Z,0,1,2005,167,AFA,UNM,42.000,24.000,0,-13.500,55.000,-531.000,401.000,,,consensus,17,17
401019526,2018,2,11,2018-11-10T21:00Z,0,1,2655,151,TULN,ECU,24.000,18.000,0,-10.500,53.000,-452.000,390.000,,,consensus,151,151
401021702,2018,2,11,2018-11-10T21:00Z,0,1,326,2026,TXST,APP,7.000,38.000,0,19.000,46.500,730.000,-1180.000,,,consensus,37,37
401022557,2018,2,11,2018-11-10T21:00Z,0,1,328,23,USU,SJSU,62.000,24.000,0,-31.000,63.000,,,,,numberfire,17,17
401015039,2018,2,11,2018-11-10T22:00Z,0,1,2226,98,FAU,WKU,34.000,15.000,0,-18.000,59.500,-900.000,595.000,,,consensus,12,12
401021688,2018,2,11,2018-11-10T22:00Z,0,1,324,2032,CCU,ARKST,16.000,44.000,0,6.500,62.000,202.000,-245.000,,,consensus,37,37
401021690,2018,2,11,2018-11-10T22:00Z,0,1,309,2247,ULL,GAST,36.000,22.000,0,-14.000,69.000,-561.000,417.000,,,consensus,37,37
401021691,2018,2,11,2018-11-10T22:00Z,0,1,6,2433,USA,ULM,10.000,38.000,0,7.500,62.000,243.000,-303.000,,,consensus,37,37
401012789,2018,2,11,2018-11-10T22:30Z,0,1,254,2483,UTAH,ORE,32.000,25.000,0,-3.500,56.500,-175.000,155.000,,,consensus,9,9
401012334,2018,2,11,2018-11-11T00:00Z,0,1,61,2,UGA,AUB,27.000,10.000,0,-13.000,52.500,-595.000,462.000,,,consensus,8,8
401013172,2018,2,11,2018-11-11T00:00Z,0,1,59,2390,GT,MIAMI,27.000,21.000,0,-1.000,51.000,-121.000,100.000,,,consensus,1,1
401015038,2018,2,11,2018-11-11T00:00Z,0,1,2636,2229,UTSA,FIU,7.000,45.000,0,10.500,47.500,321.000,-413.000,,,consensus,12,12
401015040,2018,2,11,2018-11-11T00:00Z,0,1,2348,242,LT,RICE,28.000,13.000,0,-24.000,52.000,-2762.000,1192.000,,,consensus,12,12
401019524,2018,2,11,2018-11-11T00:00Z,0,1,2132,58,CIN,USF,35.000,23.000,0,-14.000,52.000,-739.000,510.000,,,consensus,151,151
401019527,2018,2,11,2018-11-11T00:00Z,0,1,248,218,HOU,TEM,49.000,59.000,0,-3.500,69.500,-173.000,148.000,,,consensus,151,151
401012332,2018,2,11,2018-11-11T00:30Z,0,1,8,99,ARK,LSU,17.000,24.000,0,12.500,49.500,376.000,-482.000,,,consensus,8,8
401013171,2018,2,11,2018-11-11T00:30Z,0,0,87,52,ND,FSU,42.000,13.000,0,-17.000,51.500,-901.000,603.000,,,consensus,18,1
401013321,2018,2,11,2018-11-11T00:30Z,0,1,2641,251,TTU,TEX,34.000,41.000,0,2.000,62.500,108.000,-129.000,,,consensus,4,4
401015043,2018,2,11,2018-11-11T00:30Z,0,1,5,2572,UAB,USM,26.000,23.000,1,-13.000,45.500,-528.000,397.000,,,consensus,12,12
401013169,2018,2,11,2018-11-11T01:00Z,0,1,103,228,BC,CLEM,7.000,27.000,0,17.500,51.000,690.000,-1123.000,,,consensus,1,1
401012790,2018,2,11,2018-11-11T02:00Z,0,1,24,204,STAN,ORST,48.000,17.000,0,-24.000,61.500,-2450.000,1250.000,,,numberfire,9,9
401012787,2018,2,11,2018-11-11T03:30Z,0,1,30,25,USC,CAL,14.000,15.000,0,-5.000,46.000,-205.000,174.000,,,consensus,9,9
401022555,2018,2,11,2018-11-11T03:30Z,0,1,2440,36,NEV,CSU,49.000,10.000,0,-14.000,61.500,-588.000,432.000,,,consensus,17,17
401022558,2018,2,11,2018-11-11T03:30Z,0,1,21,2439,SDSU,UNLV,24.000,27.000,0,-24.000,52.000,-2759.000,1175.000,,,consensus,17,17
401020780,2018,2,12,2018-11-13T23:00Z,0,1,2050,2711,BALL,WMU,42.000,41.000,1,9.500,57.500,253.000,-303.000,,,consensus,15,15
401020781,2018,2,12,2018-11-15T00:00Z,0,1,195,2084,OHIO,BUFF,52.000,17.000,0,-2.500,66.000,-145.000,125.000,,,numberfire,15,15
401020782,2018,2,12,2018-11-15T01:00Z,0,1,2459,193,NIU,M-OH,7.000,13.000,0,-6.000,48.000,-241.000,198.000,,,consensus,15,15
401020783,2018,2,12,2018-11-15T23:00Z,0,1,2309,2649,KENT,TOL,34.000,56.000,0,11.500,57.500,433.000,-527.000,,,consensus,15,15
401019529,2018,2,12,2018-11-16T01:00Z,0,1,248,2655,HOU,TULN,48.000,17.000,0,-7.500,69.000,-292.000,238.000,,,consensus,151,151
401015045,2018,2,12,2018-11-16T02:30Z,0,1,249,2226,UNT,FAU,41.000,38.000,0,-4.000,63.500,-183.000,158.000,,,consensus,12,12
401019530,2018,2,12,2018-11-17T02:00Z,0,1,2567,235,SMU,MEM,18.000,28.000,0,7.500,75.000,254.000,-313.000,,,consensus,151,151
401022560,2018,2,12,2018-11-17T02:00Z,0,1,167,68,UNM,BSU,14.000,45.000,0,21.500,61.500,995.000,-1905.000,,,consensus,17,17
401012338,2018,2,12,2018-11-17T17:00Z,0,0,333,2643,ALA,CIT,50.000,17.000,0,-54.500,62.500,,,,,consensus,8,29
401012340,2018,2,12,2018-11-17T17:00Z,0,0,57,70,FLA,IDAHO,63.000,10.000,0,-43.000,59.000,,,,,consensus,8,20
401012342,2018,2,12,2018-11-17T17:00Z,0,0,96,2393,UK,MTSU,34.000,23.000,0,-16.000,48.000,-695.000,489.000,,,consensus,8,12
401012344,2018,2,12,2018-11-17T17:00Z,0,1,344,8,MSST,ARK,52.000,6.000,0,-23.000,48.500,-2000.000,1013.000,,,consensus,8,8
401012849,2018,2,12,2018-11-17T17:00Z,0,1,164,213,RUTG,PSU,7.000,20.000,0,27.000,49.500,,,,,consensus,5,5
401012878,2018,2,12,2018-11-17T17:00Z,0,1,120,194,MD,OSU,51.000,52.000,1,14.000,61.500,428.000,-579.000,,,consensus,5,5
401012887,2018,2,12,2018-11-17T17:00Z,0,1,158,127,NEB,MSU,9.000,6.000,0,-1.000,48.500,-115.000,-105.000,,,consensus,5,5
401013036,2018,2,12,2018-11-17T17:00Z,0,1,239,2628,BAY,TCU,9.000,16.000,0,0.000,50.500,-108.000,-113.000,,,consensus,4,4
401013181,2018,2,12,2018-11-17T17:00Z,0,1,154,221,WAKE,PITT,13.000,34.000,0,5.500,62.000,178.000,-212.000,,,consensus,1,1
401013334,2018,2,12,2018-11-17T17:00Z,0,1,135,77,MINN,NW,14.000,24.000,0,-3.000,49.000,-153.000,131.000,,,consensus,5,5
401013375,2018,2,12,2018-11-17T17:00Z,0,0,349,2142,ARMY,COLG,28.000,14.000,0,-10.000,37.000,-466.000,360.000,,,consensus,18,27
401019533,2018,2,12,2018-11-17T17:00Z,0,1,218,58,TEM,USF,27.000,17.000,0,-14.000,63.500,-534.000,400.000,,,consensus,151,151
401013178,2018,2,12,2018-11-17T17:20Z,0,1,97,152,LOU,NCST,10.000,52.000,0,16.000,65.000,495.000,-703.000,,,consensus,1,1
401012792,2018,2,12,2018-11-17T18:30Z,0,1,38,254,COLO,UTAH,7.000,30.000,0,7.000,47.000,225.000,-285.000,,,numberfire,9,9
401015044,2018,2,12,2018-11-17T19:00Z,0,1,2429,2229,CHAR,FIU,35.000,42.000,0,4.000,45.000,156.000,-180.000,,,consensus,12,12
401015048,2018,2,12,2018-11-17T19:00Z,0,0,295,2678,ODU,VMI,77.000,14.000,0,-31.500,73.500,,,,,consensus,12,29
401022561,2018,2,12,2018-11-17T19:00Z,0,1,36,328,CSU,USU,24.000,29.000,0,28.500,66.500,1500.000,-4739.000,,,consensus,17,17
401013182,2018,2,12,2018-11-17T19:30Z,1,0,87,183,ND,SYR,36.000,3.000,0,-10.000,64.500,-366.000,288.000,,,consensus,18,1
401015047,2018,2,12,2018-11-17T19:30Z,0,1,276,2636,MRSH,UTSA,23.000,0.000,0,-27.500,47.500,-4739.000,1625.000,,,consensus,12,12
401021692,2018,2,12,2018-11-17T19:30Z,0,1,2026,2247,APP,GAST,45.000,17.000,0,-28.000,54.500,,,,,numberfire,37,37
401013180,2018,2,12,2018-11-17T20:00Z,0,0,153,2717,UNC,WCU,49.000,26.000,0,-31.000,81.500,,,,,consensus,1,29
401021693,2018,2,12,2018-11-17T20:00Z,0,1,2032,2433,ARKST,ULM,31.000,17.000,0,-8.000,68.500,-306.000,248.000,,,consensus,37,37
401022562,2018,2,12,2018-11-17T20:00Z,0,1,23,2440,SJSU,NEV,12.000,21.000,0,14.500,59.500,450.000,-630.000,,,numberfire,17,17
401012346,2018,2,12,2018-11-17T20:30Z,0,1,2633,142,TENN,MIZ,17.000,50.000,0,6.000,57.000,186.000,-226.000,,,consensus,8,8
401012791,2018,2,12,2018-11-17T20:30Z,0,1,26,30,UCLA,USC,34.000,27.000,0,3.000,55.000,130.000,-152.000,,,consensus,9,9
401012814,2018,2,12,2018-11-17T20:30Z,0,1,356,2294,ILL,IOWA,0.000,63.000,0,16.000,60.000,527.000,-767.000,,,consensus,5,5
401013064,2018,2,12,2018-11-17T20:30Z,0,1,2306,2641,KSU,TTU,21.000,6.000,0,6.500,55.500,210.000,-256.000,,,consensus,4,4
401013175,2018,2,12,2018-11-17T20:30Z,0,1,52,103,FSU,BC,22.000,21.000,0,3.000,49.500,127.000,-148.000,,,consensus,1,1
401013177,2018,2,12,2018-11-17T20:30Z,0,1,59,258,GT,UVA,30.000,27.000,1,-6.500,52.500,-237.000,195.000,,,consensus,1,1
401013179,2018,2,12,2018-11-17T20:30Z,0,1,259,2390,VT,MIAMI,14.000,38.000,0,6.500,53.000,213.000,-258.000,,,consensus,1,1
401013327,2018,2,12,2018-11-17T20:30Z,0,1,197,277,OKST,WVU,45.000,41.000,0,6.000,74.500,190.000,-229.000,,,consensus,4,4
401013353,2018,2,12,2018-11-17T20:30Z,0,1,2509,275,PUR,WIS,44.000,47.000,1,-4.000,55.500,-173.000,149.000,,,consensus,5,5
401015046,2018,2,12,2018-11-17T20:30Z,0,1,2572,2348,USM,LT,21.000,20.000,0,-2.000,45.500,-127.000,106.000,,,consensus,12,12
401019534,2018,2,12,2018-11-17T20:30Z,0,1,2426,202,NAVY,TLSA,37.000,29.000,0,-6.000,51.500,-203.000,172.000,,,consensus,151,151
401020784,2018,2,12,2018-11-17T20:30Z,0,1,2006,189,AKRON,BGSU,6.000,21.000,0,-6.500,48.000,-228.000,188.000,,,consensus,15,15
401021696,2018,2,12,2018-11-17T20:30Z,0,1,2653,326,TROY,TXST,12.000,7.000,0,-22.500,48.000,-2211.000,1108.000,,,consensus,37,37
401012339,2018,2,12,2018-11-17T21:00Z,0,0,2,2335,AUB,LIB,53.000,0.000,0,-29.500,64.500,-6993.000,2000.000,,,consensus,8,18
401012341,2018,2,12,2018-11-17T21:00Z,0,0,61,113,UGA,UMASS,66.000,27.000,0,-41.500,66.500,,,,,consensus,8,18
401012860,2018,2,12,2018-11-17T21:00Z,0,1,130,84,MICH,IND,31.000,20.000,0,-28.000,53.500,,,,,consensus,5,5
401022559,2018,2,12,2018-11-17T21:00Z,0,1,2751,2005,WYO,AFA,35.000,27.000,0,-3.000,42.500,-151.000,129.000,,,consensus,17,17
401012794,2018,2,12,2018-11-17T21:30Z,0,1,264,204,WASH,ORST,42.000,23.000,0,-32.500,58.500,,,,,consensus,9,9
401021694,2018,2,12,2018-11-17T22:00Z,0,1,324,290,CCU,GASO,17.000,41.000,0,7.500,53.500,245.000,-307.000,,,consensus,37,37
401021695,2018,2,12,2018-11-17T22:00Z,0,1,309,6,ULL,USA,48.000,38.000,0,-20.000,66.000,-1284.000,775.000,,,consensus,37,37
401012347,2018,2,12,2018-11-18T00:00Z,0,0,245,5,TA&M,UAB,41.000,20.000,0,-17.000,46.000,-965.000,619.000,,,consensus,8,12
401013176,2018,2,12,2018-11-18T00:00Z,0,1,228,150,CLEM,DUKE,35.000,6.000,0,-28.000,58.500,-6993.000,2000.000,,,consensus,1,1
401019532,2018,2,12,2018-11-18T00:00Z,0,1,151,41,ECU,UCONN,55.000,21.000,0,-17.000,70.500,-862.000,569.000,,,consensus,151,151
401012343,2018,2,12,2018-11-18T00:30Z,0,0,99,242,LSU,RICE,42.000,10.000,0,-42.000,51.500,,,,,consensus,8,12
401012345,2018,2,12,2018-11-18T00:30Z,0,0,2579,236,SC,CHAT,49.000,9.000,0,-31.000,49.500,,,,,consensus,8,29
401012348,2018,2,12,2018-11-18T00:30Z,0,1,238,145,VAN,MISS,36.000,29.000,1,-3.000,73.500,-152.000,130.000,,,consensus,8,8
401013055,2018,2,12,2018-11-18T00:30Z,0,1,201,2305,OKLA,KU,55.000,40.000,0,-35.000,69.000,,,,,consensus,4,4
401015049,2018,2,12,2018-11-18T00:30Z,0,1,98,2638,WKU,UTEP,40.000,16.000,0,-6.500,47.500,-254.000,209.000,,,consensus,12,12
401013046,2018,2,12,2018-11-18T01:00Z,0,1,251,66,TEX,ISU,24.000,10.000,0,-2.000,50.500,-130.000,110.000,,,consensus,4,4
401019531,2018,2,12,2018-11-18T01:00Z,0,1,2116,2132,UCF,CIN,38.000,13.000,0,-7.000,60.500,-285.000,225.000,,,numberfire,151,151
401013446,2018,2,12,2018-11-18T03:15Z,0,0,252,166,BYU,NMSU,45.000,10.000,0,-25.500,58.000,-2700.000,1325.000,,,numberfire,18,18
401012793,2018,2,12,2018-11-18T03:30Z,0,1,2483,9,ORE,ASU,31.000,29.000,0,-3.500,66.000,-165.000,142.000,,,consensus,9,9
401012795,2018,2,12,2018-11-18T03:30Z,0,1,265,12,WSU,ARIZ,69.000,28.000,0,-10.500,63.500,-426.000,332.000,,,consensus,9,9
401022563,2018,2,12,2018-11-18T03:30Z,0,1,278,21,FRES,SDSU,23.000,14.000,0,-10.500,42.000,-405.000,316.000,,,consensus,17,17
401022564,2018,2,12,2018-11-18T04:00Z,0,1,62,2439,HAW,UNLV,35.000,28.000,0,-7.000,72.000,-265.000,218.000,,,consensus,17,17
401020785,2018,2,13,2018-11-21T00:00Z,0,1,193,2050,M-OH,BALL,42.000,21.000,0,-15.000,55.500,-672.000,476.000,,,consensus,15,15
401020786,2018,2,13,2018-11-21T00:00Z,0,1,2711,2459,WMU,NIU,28.000,21.000,0,6.500,49.000,183.000,-213.000,,,consensus,15,15
401022565,2018,2,13,2018-11-22T20:30Z,0,1,2005,36,AFA,CSU,27.000,19.000,0,-14.500,64.000,-667.000,477.000,,,consensus,17,17
401012349,2018,2,13,2018-11-23T00:30Z,0,1,145,344,MISS,MSST,3.000,35.000,0,12.500,60.500,383.000,-497.000,,,consensus,8,8
401012871,2018,2,13,2018-11-23T17:00Z,0,1,2294,158,IOWA,NEB,31.000,28.000,0,-8.500,52.500,-348.000,277.000,,,consensus,5,5
401013056,2018,2,13,2018-11-23T17:00Z,0,1,2305,251,KU,TEX,17.000,24.000,0,15.500,51.000,501.000,-711.000,,,consensus,4,4
401019537,2018,2,13,2018-11-23T17:00Z,0,1,235,248,MEM,HOU,52.000,31.000,0,-9.500,76.000,-346.000,276.000,,,consensus,151,151
401020787,2018,2,13,2018-11-23T17:00Z,0,1,195,2006,OHIO,AKRON,49.000,28.000,0,-24.000,57.000,-2593.000,1183.000,,,consensus,15,15
401020788,2018,2,13,2018-11-23T17:00Z,0,1,189,2084,BGSU,BUFF,14.000,44.000,0,15.500,63.000,480.000,-680.000,,,numberfire,15,15
401020789,2018,2,13,2018-11-23T17:00Z,0,1,2649,2117,TOL,CMU,51.000,13.000,0,-19.000,58.500,-1125.000,730.000,,,numberfire,15,15
401020790,2018,2,13,2018-11-23T17:00Z,0,1,2309,2199,KENT,EMU,20.000,28.000,0,13.500,52.500,413.000,-555.000,,,consensus,15,15
401012354,2018,2,13,2018-11-23T19:30Z,0,1,142,8,MIZ,ARK,38.000,0.000,0,-24.000,59.500,-2978.000,1250.000,,,consensus,8,8
401021699,2018,2,13,2018-11-23T20:00Z,0,1,6,324,USA,CCU,31.000,28.000,0,-1.000,58.000,-114.000,-106.000,,,consensus,37,37
401013183,2018,2,13,2018-11-23T20:30Z,0,1,259,258,VT,UVA,34.000,31.000,1,5.500,49.500,163.000,-194.000,,,consensus,1,1
401019536,2018,2,13,2018-11-23T20:30Z,0,1,2132,151,CIN,ECU,56.000,6.000,0,-16.000,49.500,-740.000,520.000,,,numberfire,151,151
401012797,2018,2,13,2018-11-23T21:00Z,0,1,204,2483,ORST,ORE,15.000,55.000,0,17.500,71.000,665.000,-1058.000,,,consensus,9,9
401019535,2018,2,13,2018-11-23T21:15Z,0,1,58,2116,USF,UCF,10.000,38.000,0,16.000,69.500,510.000,-720.000,,,numberfire,151,151
401013071,2018,2,13,2018-11-24T01:00Z,0,1,277,201,WVU,OKLA,56.000,59.000,0,3.000,88.000,133.000,-155.000,,,consensus,4,4
401012798,2018,2,13,2018-11-24T01:30Z,0,1,265,264,WSU,WASH,15.000,28.000,0,-3.000,50.000,-152.000,130.000,,,consensus,9,9
401012351,2018,2,13,2018-11-24T17:00Z,0,0,52,57,FSU,FLA,14.000,41.000,0,8.000,51.500,267.000,-329.000,,,consensus,1,8
401012352,2018,2,13,2018-11-24T17:00Z,0,0,61,59,UGA,GT,45.000,21.000,0,-17.000,59.500,-861.000,578.000,,,consensus,8,1
401012861,2018,2,13,2018-11-24T17:00Z,0,1,84,2509,IND,PUR,21.000,28.000,0,3.500,64.500,150.000,-174.000,,,consensus,5,5
401012895,2018,2,13,2018-11-24T17:00Z,0,1,194,130,OSU,MICH,62.000,39.000,0,4.500,53.000,168.000,-196.000,,,consensus,5,5
401013037,2018,2,13,2018-11-24T17:00Z,1,1,2641,239,TTU,BAY,24.000,35.000,0,-6.000,64.000,-221.000,185.000,,,consensus,4,4
401013184,2018,2,13,2018-11-24T17:00Z,0,1,103,183,BC,SYR,21.000,42.000,0,-5.000,58.500,-225.000,189.000,,,consensus,1,1
401015051,2018,2,13,2018-11-24T17:00Z,0,1,2229,276,FIU,MRSH,25.000,28.000,0,3.500,52.500,147.000,-172.000,,,consensus,12,12
401015052,2018,2,13,2018-11-24T17:00Z,0,1,2348,98,LT,WKU,15.000,30.000,0,-10.500,50.000,-432.000,336.000,,,consensus,12,12
401019539,2018,2,13,2018-11-24T17:00Z,0,1,2655,2426,TULN,NAVY,29.000,28.000,0,-6.500,53.500,-244.000,201.000,,,consensus,151,151
401013187,2018,2,13,2018-11-24T17:20Z,0,1,153,152,UNC,NCST,28.000,34.000,1,7.000,59.000,232.000,-280.000,,,consensus,1,1
401013185,2018,2,13,2018-11-24T17:30Z,0,1,150,154,DUKE,WAKE,7.000,59.000,0,-10.000,61.000,-340.000,273.000,,,consensus,1,1
401015055,2018,2,13,2018-11-24T18:00Z,0,1,242,295,RICE,ODU,27.000,13.000,0,7.500,61.500,245.000,-307.000,,,consensus,12,12
401013447,2018,2,13,2018-11-24T19:00Z,0,0,2335,166,LIB,NMSU,28.000,21.000,0,-7.000,72.500,-290.000,230.000,,,numberfire,18,18
401021700,2018,2,13,2018-11-24T19:00Z,0,1,2247,290,GAST,GASO,14.000,35.000,0,10.000,59.500,295.000,-390.000,,,numberfire,37,37
401021697,2018,2,13,2018-11-24T19:30Z,0,1,2026,2653,APP,TROY,21.000,10.000,0,-11.000,45.500,-442.000,339.000,,,consensus,37,37
401022567,2018,2,13,2018-11-24T19:30Z,0,1,167,2751,UNM,WYO,3.000,31.000,0,7.000,43.500,230.000,-282.000,,,consensus,17,17
401012801,2018,2,13,2018-11-24T20:00Z,0,1,26,24,UCLA,STAN,42.000,49.000,0,7.000,60.500,236.000,-285.000,,,consensus,9,9
401015053,2018,2,13,2018-11-24T20:00Z,0,1,2393,5,MTSU,UAB,27.000,3.000,0,3.000,51.500,129.000,-151.000,,,consensus,12,12
401015056,2018,2,13,2018-11-24T20:00Z,0,1,2638,2572,UTEP,USM,7.000,39.000,0,13.500,44.500,423.000,-571.000,,,consensus,12,12
401021701,2018,2,13,2018-11-24T20:00Z,0,1,2433,309,ULM,ULL,28.000,31.000,0,-1.500,71.000,-125.000,104.000,,,consensus,37,37
401012350,2018,2,13,2018-11-24T20:30Z,0,1,333,2,ALA,AUB,52.000,21.000,0,-26.500,53.000,-4866.000,1488.000,,,consensus,8,8
401012799,2018,2,13,2018-11-24T20:30Z,0,1,12,9,ARIZ,ASU,40.000,41.000,0,1.000,64.500,108.000,-127.000,,,consensus,9,9
401012815,2018,2,13,2018-11-24T20:30Z,0,1,77,356,NW,ILL,24.000,16.000,0,-16.000,57.500,-803.000,550.000,,,consensus,5,5
401012879,2018,2,13,2018-11-24T20:30Z,0,1,213,120,PSU,MD,38.000,3.000,0,-13.000,51.500,-480.000,371.000,,,consensus,5,5
401013186,2018,2,13,2018-11-24T20:30Z,0,1,2390,221,MIAMI,PITT,24.000,3.000,0,-6.000,45.500,-219.000,183.000,,,consensus,1,1
401013335,2018,2,13,2018-11-24T20:30Z,0,1,275,135,WIS,MINN,15.000,37.000,0,-12.500,53.000,-470.000,367.000,,,consensus,5,5
401019538,2018,2,13,2018-11-24T20:30Z,0,1,41,218,UCONN,TEM,7.000,57.000,0,30.500,68.500,2000.000,-6993.000,,,consensus,151,151
401019540,2018,2,13,2018-11-24T20:30Z,0,1,202,2567,TLSA,SMU,27.000,24.000,0,2.500,54.500,126.000,-148.000,,,consensus,151,151
401012357,2018,2,13,2018-11-24T21:00Z,0,1,238,2633,VAN,TENN,38.000,13.000,0,-3.000,52.000,-153.000,131.000,,,consensus,8,8
401012850,2018,2,13,2018-11-24T21:00Z,0,1,127,164,MSU,RUTG,14.000,10.000,0,-24.500,37.500,-1324.000,863.000,,,consensus,5,5
401021698,2018,2,13,2018-11-24T21:00Z,0,1,326,2032,TXST,ARKST,7.000,33.000,0,13.500,49.500,400.000,-521.000,,,consensus,37,37
401015050,2018,2,13,2018-11-24T23:00Z,0,1,2226,2429,FAU,CHAR,24.000,27.000,0,-17.000,54.500,-876.000,585.000,,,consensus,12,12
401012353,2018,2,13,2018-11-25T00:00Z,0,0,97,96,LOU,UK,10.000,56.000,0,17.000,52.500,682.000,-1016.000,,,consensus,1,8
401012355,2018,2,13,2018-11-25T00:00Z,0,0,228,2579,CLEM,SC,56.000,35.000,0,-26.000,58.500,-2122.000,1067.000,,,consensus,1,8
401012803,2018,2,13,2018-11-25T00:00Z,0,1,25,38,CAL,COLO,33.000,21.000,0,-10.500,44.000,-435.000,336.000,,,consensus,9,9
401013047,2018,2,13,2018-11-25T00:00Z,0,1,66,2306,ISU,KSU,42.000,38.000,0,-10.500,42.000,-409.000,322.000,,,consensus,4,4
401015054,2018,2,13,2018-11-25T00:00Z,0,1,2636,249,UTSA,UNT,21.000,24.000,0,24.500,51.500,1267.000,-3135.000,,,consensus,12,12
401022570,2018,2,13,2018-11-25T00:00Z,0,1,278,23,FRES,SJSU,31.000,13.000,0,-31.500,51.000,,,,,numberfire,17,17
401012356,2018,2,13,2018-11-25T00:30Z,0,1,245,99,TA&M,LSU,74.000,72.000,1,-3.000,45.500,-152.000,130.000,,,consensus,8,8
401012800,2018,2,13,2018-11-25T01:00Z,0,0,30,87,USC,ND,17.000,24.000,0,14.000,55.000,446.000,-612.000,,,consensus,9,18
401013078,2018,2,13,2018-11-25T01:00Z,0,1,2628,197,TCU,OKST,31.000,24.000,0,5.500,53.500,187.000,-226.000,,,consensus,4,4
401022569,2018,2,13,2018-11-25T02:30Z,0,1,2439,2440,UNLV,NEV,34.000,29.000,0,14.000,61.000,439.000,-598.000,,,consensus,17,17
401012802,2018,2,13,2018-11-25T03:00Z,0,0,254,252,UTAH,BYU,35.000,27.000,0,-10.500,44.500,-416.000,324.000,,,consensus,9,18
401022566,2018,2,13,2018-11-25T03:15Z,0,1,68,328,BSU,USU,33.000,24.000,0,-2.500,64.500,-144.000,122.000,,,consensus,17,17
401022568,2018,2,13,2018-11-25T03:30Z,0,1,21,62,SDSU,HAW,30.000,31.000,1,-17.500,53.500,-1014.000,640.000,,,consensus,17,17
401056696,2018,2,14,2018-12-01T00:00Z,1,0,2084,2459,BUFF,NIU,29.000,30.000,0,-3.500,51.000,-165.000,140.000,,,numberfire,15,15
401056704,2018,2,14,2018-12-01T01:00Z,1,0,264,254,WASH,UTAH,10.000,3.000,0,-4.500,45.500,-205.000,173.000,,,consensus,9,9
401056698,2018,2,14,2018-12-01T17:00Z,1,0,201,251,OKLA,TEX,39.000,27.000,0,-9.500,79.500,-376.000,296.000,,,consensus,4,4
401056701,2018,2,14,2018-12-01T17:00Z,0,0,2026,309,APP,ULL,30.000,19.000,0,-17.000,55.000,-1014.000,650.000,,,consensus,37,37
401082044,2018,2,14,2018-12-01T17:00Z,0,0,66,2181,ISU,DRKE,27.000,24.000,0,-41.000,,,,,,consensus,4,28
401088766,2018,2,14,2018-12-01T17:00Z,0,0,152,151,NCST,ECU,58.000,3.000,0,-25.500,61.000,-3427.000,1300.000,,,consensus,1,151
401098253,2018,2,14,2018-12-01T17:00Z,0,0,2579,2006,SC,AKRON,28.000,3.000,0,-29.000,56.000,,,,,consensus,8,15
401100159,2018,2,14,2018-12-01T17:00Z,0,0,259,276,VT,MRSH,41.000,20.000,0,-3.500,51.000,-169.000,146.000,,,consensus,1,12
401056703,2018,2,14,2018-12-01T18:30Z,0,0,2393,5,MTSU,UAB,25.000,27.000,0,-1.000,44.000,-120.000,-101.000,,,consensus,12,12
401081953,2018,2,14,2018-12-01T19:00Z,0,0,2335,2450,LIB,NSU,52.000,17.000,0,-30.500,,,,,,consensus,18,24
401099853,2018,2,14,2018-12-01T20:00Z,0,1,25,24,CAL,STAN,13.000,23.000,0,3.000,45.500,137.000,-159.000,,,consensus,9,9
401056699,2018,2,14,2018-12-01T20:45Z,0,0,2116,235,UCF,MEM,56.000,41.000,0,-3.500,64.000,-140.000,120.000,,,numberfire,151,151
401056705,2018,2,14,2018-12-01T21:00Z,1,0,61,333,UGA,ALA,28.000,35.000,0,12.000,63.000,462.000,-553.000,,,consensus,8,8
401056700,2018,2,14,2018-12-02T00:45Z,0,0,68,278,BSU,FRES,16.000,19.000,1,-1.500,50.500,-122.000,101.000,,,consensus,17,17
401056697,2018,2,14,2018-12-02T01:00Z,1,0,221,228,PITT,CLEM,10.000,42.000,0,28.000,53.000,1667.000,-5311.000,,,consensus,1,1
401056702,2018,2,14,2018-12-02T01:00Z,1,0,194,77,OSU,NW,45.000,24.000,0,-16.500,63.500,-839.000,571.000,,,consensus,5,5
401013376,2018,2,15,2018-12-08T20:00Z,1,0,349,2426,ARMY,NAVY,17.000,10.000,0,-7.000,39.000,-324.000,261.000,,,consensus,18,151
401035253,2018,3,1,2018-12-15T18:30Z,1,0,309,2655,ULL,TULN,24.000,41.000,0,3.000,60.500,136.000,-158.000,,,consensus,37,151
401032054,2018,3,1,2018-12-15T19:00Z,1,0,249,328,UNT,USU,13.000,52.000,0,7.000,68.000,214.000,-260.000,,,consensus,12,17
401032055,2018,3,1,2018-12-15T20:30Z,1,0,278,9,FRES,ASU,31.000,20.000,0,-6.000,54.000,-238.000,196.000,,,consensus,17,9
401032056,2018,3,1,2018-12-15T22:30Z,1,0,2199,290,EMU,GASO,21.000,23.000,0,2.500,45.500,147.000,-160.000,,,consensus,15,37
401032057,2018,3,1,2018-12-16T02:00Z,1,0,2026,2393,APP,MTSU,45.000,13.000,0,-6.500,48.000,-251.000,205.000,,,consensus,37,12
401032058,2018,3,1,2018-12-19T00:00Z,1,0,2459,5,NIU,UAB,13.000,37.000,0,0.000,41.500,160.000,-158.000,,,consensus,15,12
401032059,2018,3,1,2018-12-20T01:00Z,1,0,195,21,OHIO,SDSU,27.000,0.000,0,-2.000,48.000,-133.000,113.000,,,consensus,15,17
401032060,2018,3,1,2018-12-21T01:00Z,0,0,58,276,USF,MRSH,20.000,38.000,0,3.000,50.000,142.000,-166.000,,,consensus,151,12
401032061,2018,3,1,2018-12-21T17:30Z,1,0,2649,2229,TOL,FIU,32.000,35.000,0,-7.000,57.500,-271.000,223.000,,,consensus,15,12
401032062,2018,3,1,2018-12-21T21:00Z,1,0,252,2711,BYU,WMU,49.000,18.000,0,-10.000,52.000,-394.000,308.000,,,consensus,18,15
401032063,2018,3,1,2018-12-22T17:00Z,1,0,154,235,WAKE,MEM,37.000,34.000,0,2.500,71.000,115.000,-136.000,,,consensus,1,151
401032064,2018,3,1,2018-12-22T20:30Z,1,0,349,248,ARMY,HOU,70.000,14.000,0,-6.500,57.000,-236.000,195.000,,,consensus,18,151
401032065,2018,3,1,2018-12-23T00:00Z,1,0,2653,2084,TROY,BUFF,42.000,32.000,0,2.000,51.000,110.000,-130.000,,,numberfire,37,15
401032066,2018,3,1,2018-12-23T03:30Z,1,0,2348,62,LT,HAW,31.000,14.000,0,-1.000,61.500,-121.000,100.000,,,consensus,12,17
401032068,2018,3,1,2018-12-26T22:15Z,1,0,59,135,GT,MINN,10.000,34.000,0,-6.000,56.500,-235.000,192.000,,,consensus,1,5
401032069,2018,3,1,2018-12-27T02:00Z,1,0,2628,25,TCU,CAL,10.000,7.000,1,-1.500,38.500,-128.000,107.000,,,consensus,4,9
401032070,2018,3,1,2018-12-27T18:30Z,1,0,150,218,DUKE,TEM,56.000,27.000,0,3.500,53.500,143.000,-167.000,,,consensus,1,151
401032071,2018,3,1,2018-12-27T22:15Z,1,0,275,2390,WIS,MIAMI,35.000,3.000,0,2.500,46.000,117.000,-138.000,,,consensus,5,1
401032072,2018,3,1,2018-12-28T02:00Z,1,0,238,239,VAN,BAY,38.000,45.000,0,-4.000,55.500,-188.000,162.000,,,consensus,8,4
401032073,2018,3,1,2018-12-28T18:30Z,1,0,2,2509,AUB,PUR,63.000,14.000,0,-3.500,55.500,-168.000,145.000,,,consensus,8,5
401032074,2018,3,1,2018-12-28T22:15Z,1,0,183,277,SYR,WVU,34.000,18.000,0,-1.500,66.000,-124.000,103.000,,,consensus,1,4
401032075,2018,3,1,2018-12-29T02:00Z,1,0,265,66,WSU,ISU,28.000,26.000,0,-3.000,56.000,-151.000,130.000,,,consensus,9,4
401032076,2018,3,1,2018-12-29T17:00Z,1,0,130,57,MICH,FLA,15.000,41.000,0,-6.000,50.500,-241.000,197.000,,,consensus,5,8
401032077,2018,3,1,2018-12-29T17:00Z,1,0,258,2579,UVA,SC,28.000,0.000,0,5.500,53.500,181.000,-217.000,,,consensus,1,8
401035252,2018,3,1,2018-12-29T18:15Z,1,0,2440,2032,NEV,ARKST,16.000,13.000,1,1.500,56.000,101.000,-121.000,,,consensus,17,37
401032079,2018,3,1,2018-12-29T21:00Z,1,0,228,87,CLEM,ND,30.000,3.000,0,-10.500,58.000,-390.000,300.000,,,numberfire,1,18
401032078,2018,3,1,2018-12-30T01:00Z,1,0,333,201,ALA,OKLA,45.000,34.000,0,-14.500,80.500,-610.000,440.000,,,numberfire,8,4
401032080,2018,3,1,2018-12-31T17:00Z,1,0,259,2132,VT,CIN,31.000,35.000,0,5.500,49.500,180.000,-225.000,,,numberfire,1,151
401035251,2018,3,1,2018-12-31T19:00Z,1,0,221,24,PITT,STAN,13.000,14.000,0,5.500,52.000,189.000,-231.000,,,consensus,1,9
401035254,2018,3,1,2018-12-31T20:00Z,1,0,2483,127,ORE,MSU,7.000,6.000,0,-2.500,48.000,-136.000,115.000,,,consensus,9,5
401032081,2018,3,1,2018-12-31T20:45Z,1,0,197,142,OKST,MIZ,38.000,33.000,0,8.500,74.500,263.000,-329.000,,,consensus,4,8
401035250,2018,3,1,2019-01-01T00:00Z,1,0,254,77,UTAH,NW,20.000,31.000,0,-7.000,46.000,-287.000,236.000,,,consensus,9,5
401032082,2018,3,1,2019-01-01T00:30Z,1,0,245,152,TA&M,NCST,52.000,13.000,0,-7.000,58.500,-282.000,233.000,,,consensus,8,1
401032083,2018,3,1,2019-01-01T17:00Z,1,0,2294,344,IOWA,MSST,27.000,22.000,0,7.000,43.500,231.000,-281.000,,,consensus,5,8
401032084,2018,3,1,2019-01-01T18:00Z,1,0,2116,99,UCF,LSU,32.000,40.000,0,7.500,58.000,230.000,-290.000,,,numberfire,151,8
401032088,2018,3,1,2019-01-01T18:00Z,1,0,213,96,PSU,UK,24.000,27.000,0,-6.500,47.500,-251.000,207.000,,,consensus,5,8
401032085,2018,3,1,2019-01-01T22:00Z,1,0,194,264,OSU,WASH,28.000,23.000,0,-6.500,58.000,-263.000,219.000,,,consensus,5,9
401032086,2018,3,1,2019-01-02T01:45Z,1,0,61,251,UGA,TEX,21.000,28.000,0,-13.000,58.000,-534.000,403.000,,,consensus,8,4
401032087,2018,3,1,2019-01-08T01:00Z,1,0,333,228,ALA,CLEM,16.000,44.000,0,-5.500,56.500,-235.000,185.000,,,numberfire,8,1
401110723,2019,2,1,2019-08-24T23:00Z,1,0,57,2390,FLA,MIA,24.000,20.000,0,-7.000,46.500,-390.000,330.000,,,consensus,8,1
401114164,2019,2,1,2019-08-25T02:30Z,0,0,62,12,HAW,ARIZ,45.000,38.000,0,10.500,71.000,310.000,-420.000,,,consensus,17,9
401117854,2019,2,1,2019-08-29T23:00Z,0,0,2132,26,CIN,UCLA,24.000,14.000,0,-2.500,55.500,-170.000,165.000,,,consensus,151,9
401117855,2019,2,1,2019-08-29T23:00Z,0,0,41,2681,CONN,WAG,24.000,21.000,0,-23.000,70.500,-2350.000,970.000,,,consensus,151,25
401119254,2019,2,1,2019-08-29T23:00Z,0,0,189,2415,BGSU,MORG,46.000,3.000,0,-24.000,50.500,-2650.000,980.000,,,consensus,15,24
401119255,2019,2,1,2019-08-29T23:00Z,0,0,2084,2523,BUFF,RMU,38.000,10.000,0,-41.500,63.500,,,,,consensus,15,25
401114246,2019,2,1,2019-08-29T23:30Z,0,0,98,2110,WKU,CARK,28.000,35.000,0,-10.000,54.500,-400.000,300.000,,,consensus,12,30
401117853,2019,2,1,2019-08-29T23:30Z,0,0,2116,50,UCF,FAMU,62.000,0.000,0,-44.000,65.500,,,,,consensus,151,24
401135910,2019,2,1,2019-08-29T23:30Z,0,0,2429,2241,CLT,WEBB,49.000,28.000,0,-31.000,54.500,,,,,consensus,12,40
401111653,2019,2,1,2019-08-30T00:00Z,0,1,228,59,CLEM,GT,52.000,14.000,0,-36.500,60.500,-200.000,180.000,,,consensus,1,1
401114236,2019,2,1,2019-08-30T00:00Z,0,0,2655,2229,TULN,FIU,42.000,14.000,0,-3.000,58.500,-155.000,125.000,,,consensus,151,12
401114237,2019,2,1,2019-08-30T00:00Z,0,0,5,2011,UAB,ALST,24.000,19.000,0,-39.000,50.500,,,,,consensus,12,31
401110731,2019,2,1,2019-08-30T00:30Z,0,0,245,326,TA&M,TXST,41.000,7.000,0,-33.000,57.500,-7500.000,2000.000,,,consensus,8,37
401119253,2019,2,1,2019-08-30T00:50Z,0,0,2117,399,CMU,ALB,38.000,21.000,0,-14.500,45.000,-700.000,460.000,,,consensus,15,48
401112229,2019,2,1,2019-08-30T01:00Z,0,0,135,2571,MINN,SDST,28.000,21.000,0,-14.500,56.000,-730.000,480.000,,,consensus,5,21
401114153,2019,2,1,2019-08-30T02:00Z,0,0,9,2309,ASU,KENT,30.000,7.000,0,-24.500,61.500,-2600.000,1000.000,,,consensus,9,15
401117493,2019,2,1,2019-08-30T02:00Z,0,0,23,2458,SJSU,UNCO,35.000,18.000,0,-17.500,59.500,-1150.000,650.000,,,consensus,17,20
401114223,2019,2,1,2019-08-30T02:15Z,0,0,252,254,BYU,UTAH,12.000,30.000,0,5.500,48.500,200.000,-250.000,,,consensus,18,9
401114238,2019,2,1,2019-08-30T22:00Z,0,0,349,242,ARMY,RICE,14.000,7.000,0,-23.500,46.000,-1200.000,860.000,,,consensus,18,12
401112212,2019,2,1,2019-08-30T23:00Z,0,0,127,202,MSU,TLSA,28.000,7.000,0,-23.500,47.500,-2750.000,1150.000,,,consensus,5,151
401112264,2019,2,1,2019-08-30T23:15Z,0,0,164,113,RUTG,MASS,48.000,21.000,0,-17.000,54.000,-990.000,620.000,,,consensus,5,18
401117856,2019,2,1,2019-08-30T23:55Z,0,0,58,275,USF,WIS,0.000,49.000,0,10.500,58.000,520.000,-520.000,,,consensus,151,5
401112430,2019,2,1,2019-08-31T00:00Z,0,0,154,328,WAKE,USU,38.000,35.000,0,-4.500,61.500,-190.000,155.000,,,consensus,1,17
401112262,2019,2,1,2019-08-31T01:30Z,0,0,2440,2509,NEV,PUR,34.000,31.000,0,11.000,58.500,560.000,-550.000,,,consensus,17,5
401114184,2019,2,1,2019-08-31T02:00Z,1,0,38,36,COLO,CSU,52.000,31.000,0,-13.000,55.500,-500.000,370.000,,,consensus,9,17
401112122,2019,2,1,2019-08-31T02:30Z,0,0,204,197,ORST,OKST,36.000,52.000,0,13.500,73.000,380.000,-510.000,,,consensus,9,4
401110724,2019,2,1,2019-08-31T16:00Z,0,0,96,2649,UK,TOL,38.000,24.000,0,-10.000,60.500,-370.000,280.000,,,consensus,8,15
401110726,2019,2,1,2019-08-31T16:00Z,0,0,235,145,MEM,MISS,15.000,10.000,0,-3.500,65.000,-180.000,185.000,,,consensus,151,8
401110727,2019,2,1,2019-08-31T16:00Z,1,0,309,344,UL,MSST,28.000,38.000,0,18.500,60.500,600.000,-990.000,,,consensus,37,8
401112085,2019,2,1,2019-08-31T16:00Z,0,0,66,2460,ISU,UNI,29.000,26.000,1,-23.500,41.500,-970.000,740.000,,,consensus,4,21
401112096,2019,2,1,2019-08-31T16:00Z,0,0,2305,282,KU,INST,24.000,17.000,0,-7.500,53.500,-540.000,370.000,,,consensus,4,21
401112145,2019,2,1,2019-08-31T16:00Z,0,0,356,2006,ILL,AKR,42.000,3.000,0,-18.000,60.000,-1050.000,620.000,,,consensus,5,15
401112157,2019,2,1,2019-08-31T16:00Z,1,0,2050,84,BALL,IND,24.000,34.000,0,18.000,61.500,590.000,-970.000,,,consensus,15,5
401112201,2019,2,1,2019-08-31T16:00Z,0,0,120,47,MD,HOW,79.000,0.000,0,-29.000,65.500,-5150.000,1000.000,,,consensus,5,24
401112238,2019,2,1,2019-08-31T16:00Z,0,0,158,6,NEB,USA,35.000,21.000,0,-35.500,65.500,,,,,consensus,5,37
401112251,2019,2,1,2019-08-31T16:00Z,0,0,194,2226,OSU,FAU,45.000,21.000,0,-28.000,66.000,-4450.000,1400.000,,,consensus,5,12
401112431,2019,2,1,2019-08-31T16:00Z,0,0,52,68,FSU,BSU,31.000,36.000,0,-6.500,54.500,-250.000,200.000,,,consensus,1,17
401112432,2019,2,1,2019-08-31T16:00Z,0,0,152,151,NCST,ECU,34.000,6.000,0,-17.500,51.500,-1050.000,620.000,,,consensus,1,151
401112143,2019,2,1,2019-08-31T18:00Z,0,0,277,256,WVU,JMU,20.000,13.000,0,-7.000,52.500,-260.000,210.000,,,consensus,4,48
401119259,2019,2,1,2019-08-31T18:00Z,0,0,195,227,OHIO,URI,41.000,20.000,0,-25.000,66.500,-3100.000,1250.000,,,consensus,15,48
401114233,2019,2,1,2019-08-31T19:00Z,0,0,264,331,WASH,EWU,47.000,14.000,0,-24.500,64.500,-3400.000,1150.000,,,consensus,9,20
401117859,2019,2,1,2019-08-31T19:00Z,0,0,218,2083,TEM,BUCK,56.000,12.000,0,-42.000,53.500,,,,,consensus,151,27
401110720,2019,2,1,2019-08-31T19:30Z,1,0,333,150,ALA,DUKE,42.000,3.000,0,-34.500,57.000,-5000.000,1550.000,,,consensus,8,1
401110729,2019,2,1,2019-08-31T19:30Z,1,0,153,2579,UNC,SC,24.000,20.000,0,12.000,62.500,340.000,-470.000,,,consensus,1,8
401110730,2019,2,1,2019-08-31T19:30Z,0,0,2633,2247,TENN,GAST,30.000,38.000,0,-24.500,58.500,-2900.000,870.000,,,consensus,8,37
401112257,2019,2,1,2019-08-31T19:30Z,0,0,213,70,PSU,IDHO,79.000,7.000,0,,,,,,,,5,20
401117494,2019,2,1,2019-08-31T19:30Z,0,0,2005,2142,AFA,COLG,48.000,7.000,0,-23.500,43.500,-3100.000,1100.000,,,consensus,17,27
401117857,2019,2,1,2019-08-31T19:30Z,0,0,2426,107,NAVY,HC,45.000,7.000,0,-21.500,53.500,-2950.000,1100.000,,,consensus,151,27
401119256,2019,2,1,2019-08-31T19:30Z,0,0,324,2199,CCU,EMU,23.000,30.000,0,5.000,55.500,170.000,-210.000,,,consensus,37,15
401121934,2019,2,1,2019-08-31T19:30Z,0,0,2026,2193,APP,ETSU,42.000,7.000,0,-33.000,51.500,,,,,consensus,37,29
401110721,2019,2,1,2019-08-31T20:00Z,0,0,8,2502,ARK,PRST,20.000,13.000,0,-29.500,60.500,-5000.000,1000.000,,,consensus,8,20
401112139,2019,2,1,2019-08-31T20:00Z,0,0,2641,147,TTU,MTST,45.000,10.000,0,-28.000,60.000,-5100.000,1000.000,,,consensus,4,20
401112245,2019,2,1,2019-08-31T20:00Z,0,0,24,77,STAN,NW,17.000,7.000,0,-6.500,46.500,-290.000,240.000,,,consensus,9,5
401112435,2019,2,1,2019-08-31T20:00Z,0,1,103,259,BC,VT,35.000,28.000,0,4.500,57.500,155.000,-190.000,,,consensus,1,1
401112434,2019,2,1,2019-08-31T22:00Z,0,0,2335,183,LIB,SYR,0.000,24.000,0,19.500,69.500,650.000,-1100.000,,,consensus,18,1
401114245,2019,2,1,2019-08-31T22:00Z,0,0,2636,2916,UTSA,UIW,35.000,7.000,0,-9.500,58.500,-400.000,290.000,,,consensus,12,30
401117495,2019,2,1,2019-08-31T22:00Z,0,0,167,2534,UNM,SHSU,39.000,31.000,0,-6.500,62.500,-280.000,210.000,,,consensus,17,30
401121935,2019,2,1,2019-08-31T22:00Z,0,0,2653,2097,TROY,CAM,43.000,14.000,0,-35.500,49.000,,,,,consensus,37,40
401114174,2019,2,1,2019-08-31T22:30Z,0,0,25,302,CAL,UCD,27.000,13.000,0,-15.500,48.000,-940.000,570.000,,,consensus,9,20
401114240,2019,2,1,2019-08-31T22:30Z,0,0,276,2678,MRSH,VMI,56.000,17.000,0,-44.000,63.500,,,,,consensus,12,29
401112073,2019,2,1,2019-08-31T23:00Z,0,0,239,2617,BAY,SFA,56.000,17.000,0,-43.500,57.500,,,,,consensus,4,30
401112106,2019,2,1,2019-08-31T23:00Z,0,0,2306,2447,KSU,NICH,49.000,14.000,0,-20.500,47.500,-2050.000,910.000,,,consensus,4,30
401114242,2019,2,1,2019-08-31T23:00Z,0,0,295,2450,ODU,NORF,24.000,21.000,0,-25.500,55.500,-3000.000,880.000,,,consensus,12,24
401114243,2019,2,1,2019-08-31T23:00Z,0,0,2572,2016,USM,ALCN,38.000,10.000,0,-27.000,55.000,-3150.000,1150.000,,,consensus,12,31
401117858,2019,2,1,2019-08-31T23:00Z,0,0,2032,2567,ARST,SMU,30.000,37.000,0,-1.500,57.500,-130.000,105.000,,,consensus,37,151
401119257,2019,2,1,2019-08-31T23:00Z,0,0,2459,2287,NIU,ILST,24.000,10.000,0,-6.500,42.500,-290.000,220.000,,,consensus,15,21
401119258,2019,2,1,2019-08-31T23:00Z,0,0,2711,2405,WMU,MONM,48.000,13.000,0,-24.500,73.500,-2100.000,990.000,,,consensus,15,40
401110722,2019,2,1,2019-08-31T23:30Z,1,0,2,2483,AUB,ORE,27.000,21.000,0,-3.500,55.500,-160.000,145.000,,,consensus,8,9
401110725,2019,2,1,2019-08-31T23:30Z,0,0,99,290,LSU,GASO,55.000,3.000,0,-27.000,51.500,-5150.000,1400.000,,,consensus,8,37
401110728,2019,2,1,2019-08-31T23:30Z,0,0,2751,142,WYO,MIZ,37.000,31.000,0,17.000,53.500,540.000,-850.000,,,consensus,17,8
401110732,2019,2,1,2019-08-31T23:30Z,0,1,238,61,VAN,UGA,6.000,30.000,0,23.500,56.500,930.000,-2150.000,,,consensus,8,8
401112191,2019,2,1,2019-08-31T23:30Z,0,0,2294,193,IOWA,M-OH,38.000,14.000,0,-25.000,47.500,-3600.000,1150.000,,,consensus,5,15
401112222,2019,2,1,2019-08-31T23:30Z,0,0,130,2393,MICH,MTSU,40.000,21.000,0,-36.000,56.000,,,,,consensus,5,12
401112433,2019,2,1,2019-08-31T23:30Z,0,1,221,258,PITT,UVA,14.000,30.000,0,2.500,46.000,110.000,-135.000,,,consensus,1,1
401114241,2019,2,1,2019-08-31T23:30Z,0,0,249,2000,UNT,ACU,51.000,31.000,0,-23.000,58.500,-2000.000,970.000,,,consensus,12,30
401112129,2019,2,1,2019-09-01T00:00Z,0,0,2628,2029,TCU,UAPB,39.000,7.000,0,-55.000,64.500,,,,,consensus,4,31
401112135,2019,2,1,2019-09-01T00:00Z,0,0,251,2348,TEX,LAT,45.000,14.000,0,-19.000,55.000,-1200.000,700.000,,,consensus,4,12
401114244,2019,2,1,2019-09-01T00:00Z,0,0,2638,2277,UTEP,HBAP,36.000,34.000,0,-17.500,61.500,-1000.000,600.000,,,consensus,12,30
401128468,2019,2,1,2019-09-01T00:00Z,0,0,2433,2755,ULM,GRAM,31.000,9.000,0,-28.000,58.500,-4950.000,1000.000,,,consensus,37,31
401117496,2019,2,1,2019-09-01T01:00Z,0,0,21,2692,SDSU,WEB,6.000,0.000,0,-14.000,36.500,-610.000,420.000,,,consensus,17,20
401114228,2019,2,1,2019-09-01T02:00Z,0,0,265,166,WSU,NMSU,58.000,7.000,0,-33.000,65.500,-7450.000,2200.000,,,consensus,9,18
401117497,2019,2,1,2019-09-01T02:00Z,0,0,2439,253,UNLV,SUU,56.000,23.000,0,-24.500,70.500,-4300.000,1350.000,,,consensus,17,20
401114218,2019,2,1,2019-09-01T02:30Z,0,0,30,278,USC,FRES,31.000,23.000,0,-14.000,50.000,-820.000,680.000,,,consensus,9,17
401112114,2019,2,1,2019-09-01T23:30Z,0,0,201,248,OKLA,HOU,49.000,31.000,0,-21.500,79.500,-1550.000,830.000,,,consensus,4,151
401112436,2019,2,1,2019-09-03T00:00Z,0,0,97,87,LOU,ND,17.000,35.000,0,19.500,54.500,730.000,-1250.000,,,consensus,1,18
401112437,2019,2,2,2019-09-07T00:00Z,0,0,258,2729,UVA,W&M,52.000,17.000,0,-32.500,52.500,,,,,consensus,1,48
401112447,2019,2,2,2019-09-07T00:00Z,0,0,242,154,RICE,WAKE,21.000,41.000,0,20.000,59.000,690.000,-1250.000,,,consensus,12,1
401114251,2019,2,2,2019-09-07T01:00Z,0,0,68,276,BSU,MRSH,14.000,7.000,0,-13.500,58.000,-680.000,510.000,,,consensus,17,12
401114154,2019,2,2,2019-09-07T02:00Z,0,0,9,16,ASU,SAC,19.000,7.000,0,-35.000,63.500,,,,,consensus,9,20
401112445,2019,2,2,2019-09-07T15:00Z,0,0,221,195,PITT,OHIO,20.000,10.000,0,-4.000,54.500,-190.000,150.000,,,consensus,1,15
401110781,2019,2,2,2019-09-07T16:00Z,0,0,142,277,MIZ,WVU,38.000,7.000,0,-13.500,63.000,-680.000,650.000,,,consensus,8,4
401110782,2019,2,2,2019-09-07T16:00Z,0,0,2579,2127,SC,CHSO,72.000,10.000,0,-36.500,42.500,,,,,consensus,8,40
401110785,2019,2,2,2019-09-07T16:00Z,0,0,2509,238,PUR,VAN,42.000,24.000,0,-7.000,55.500,-280.000,220.000,,,consensus,5,8
401112107,2019,2,2,2019-09-07T16:00Z,0,0,2306,189,KSU,BGSU,52.000,0.000,0,-25.000,57.500,-2800.000,1050.000,,,consensus,4,15
401112192,2019,2,2,2019-09-07T16:00Z,0,1,2294,164,IOWA,RUTG,30.000,0.000,0,-17.500,48.000,-1150.000,640.000,,,consensus,5,5
401112202,2019,2,2,2019-09-07T16:00Z,0,0,120,183,MD,SYR,63.000,20.000,0,-1.000,59.000,-120.000,-100.000,,,consensus,5,1
401112223,2019,2,2,2019-09-07T16:00Z,0,0,130,349,MICH,ARMY,24.000,21.000,1,-22.000,47.500,-620.000,740.000,,,consensus,5,18
401112252,2019,2,2,2019-09-07T16:00Z,0,0,194,2132,OSU,CIN,42.000,0.000,0,-15.000,52.500,-730.000,490.000,,,consensus,5,151
401112446,2019,2,2,2019-09-07T16:00Z,0,0,259,295,VT,ODU,31.000,17.000,0,-28.500,58.000,-5650.000,1450.000,,,consensus,1,12
401114254,2019,2,2,2019-09-07T16:00Z,0,0,2006,5,AKR,UAB,20.000,31.000,0,7.500,46.500,250.000,-320.000,,,consensus,15,12
401117862,2019,2,2,2019-09-07T16:00Z,0,0,235,2582,MEM,SOU,55.000,24.000,0,-41.000,68.500,,,,,consensus,151,31
401119261,2019,2,2,2019-09-07T16:00Z,0,0,2309,338,KENT,KENN,26.000,23.000,1,,,,,,,,15,40
401112444,2019,2,2,2019-09-07T16:30Z,0,0,152,2717,NCST,WCU,41.000,0.000,0,-41.000,65.500,,,,,consensus,1,29
401114224,2019,2,2,2019-09-07T17:00Z,0,0,254,2459,UTAH,NIU,35.000,17.000,0,-22.500,45.000,-3000.000,1100.000,,,consensus,9,15
401112441,2019,2,2,2019-09-07T18:00Z,0,0,59,58,GT,USF,14.000,10.000,0,-5.000,58.500,-200.000,165.000,,,consensus,1,151
401119260,2019,2,2,2019-09-07T18:00Z,0,0,2050,2230,BALL,FOR,57.000,29.000,0,-29.500,51.000,,,,,consensus,15,27
401119262,2019,2,2,2019-09-07T18:30Z,0,0,193,2635,M-OH,TNTC,48.000,17.000,0,-37.500,60.000,,,,,consensus,15,26
401110780,2019,2,2,2019-09-07T19:30Z,0,0,344,2572,MSST,USM,38.000,15.000,0,-16.500,50.000,-770.000,500.000,,,consensus,8,12
401110784,2019,2,2,2019-09-07T19:30Z,0,0,228,245,CLEM,TA&M,24.000,10.000,0,-16.000,62.000,-1050.000,750.000,,,consensus,1,8
401112146,2019,2,2,2019-09-07T19:30Z,0,0,41,356,CONN,ILL,23.000,31.000,0,21.000,59.500,840.000,-1600.000,,,consensus,151,5
401112158,2019,2,2,2019-09-07T19:30Z,0,0,84,2197,IND,EIU,52.000,0.000,0,-35.500,61.500,,,,,consensus,5,26
401112239,2019,2,2,2019-09-07T19:30Z,0,0,38,158,COLO,NEB,34.000,31.000,1,4.500,63.500,155.000,-185.000,,,consensus,9,5
401112268,2019,2,2,2019-09-07T19:30Z,0,0,275,2117,WIS,CMU,61.000,0.000,0,-35.000,54.000,,,,,consensus,5,15
401112438,2019,2,2,2019-09-07T19:30Z,0,0,103,257,BC,RICH,45.000,13.000,0,-33.500,56.000,,,,,consensus,1,48
401114247,2019,2,2,2019-09-07T19:30Z,0,0,2026,2429,APP,CLT,56.000,41.000,0,-23.500,54.500,-2400.000,1000.000,,,consensus,37,12
401114250,2019,2,2,2019-09-07T19:30Z,0,0,2348,2755,LAT,GRAM,20.000,14.000,0,-30.500,52.000,-9800.000,1150.000,,,consensus,12,31
401114354,2019,2,2,2019-09-07T19:30Z,0,0,113,79,MASS,SIU,20.000,45.000,0,-6.500,79.500,-220.000,170.000,,,consensus,18,21
401110773,2019,2,2,2019-09-07T20:00Z,0,0,333,166,ALA,NMSU,62.000,10.000,0,-55.500,64.500,,,,,consensus,8,18
401110776,2019,2,2,2019-09-07T20:00Z,0,0,61,93,UGA,MURR,63.000,17.000,0,-49.500,61.500,,,,,consensus,8,26
401112074,2019,2,2,2019-09-07T20:00Z,0,0,239,2636,BAY,UTSA,63.000,14.000,0,-25.000,58.500,-3300.000,1150.000,,,consensus,4,12
401117498,2019,2,2,2019-09-07T20:00Z,0,0,36,2710,CSU,WIU,38.000,13.000,0,-12.000,57.500,-510.000,360.000,,,consensus,17,21
401114214,2019,2,2,2019-09-07T20:15Z,0,0,26,21,UCLA,SDSU,14.000,23.000,0,-7.500,45.000,-320.000,250.000,,,consensus,9,17
401112440,2019,2,2,2019-09-07T21:00Z,0,0,52,2433,FSU,ULM,45.000,44.000,1,-22.500,65.500,-1750.000,850.000,,,consensus,1,37
401114229,2019,2,2,2019-09-07T21:00Z,0,0,265,2458,WSU,UNCO,59.000,17.000,0,-42.000,63.000,,,,,consensus,9,20
401112439,2019,2,2,2019-09-07T22:00Z,0,0,150,2448,DUKE,NCAT,45.000,13.000,0,-27.500,52.000,-5000.000,1000.000,,,consensus,1,24
401117860,2019,2,2,2019-09-07T22:00Z,0,0,151,2241,ECU,WEBB,48.000,9.000,0,-31.000,58.500,-7700.000,1100.000,,,consensus,151,40
401121936,2019,2,2,2019-09-07T22:00Z,0,0,290,311,GASO,ME,26.000,18.000,0,-8.500,46.500,-350.000,260.000,,,consensus,37,48
401110783,2019,2,2,2019-09-07T23:00Z,0,0,2633,252,TENN,BYU,26.000,29.000,1,-3.500,52.000,-170.000,140.000,,,consensus,8,18
401112097,2019,2,2,2019-09-07T23:00Z,0,0,2305,324,KU,CCU,7.000,12.000,0,-7.000,53.500,-270.000,210.000,,,consensus,4,37
401112115,2019,2,2,2019-09-07T23:00Z,0,0,201,233,OKLA,SDAK,70.000,14.000,0,-46.500,76.500,-9700.000,1150.000,,,consensus,4,21
401112123,2019,2,2,2019-09-07T23:00Z,0,0,197,2377,OKST,MCN,56.000,14.000,0,-42.000,64.500,,,,,consensus,4,30
401112442,2019,2,2,2019-09-07T23:00Z,0,0,97,2198,LOU,EKU,42.000,0.000,0,-21.000,60.000,-2500.000,980.000,,,consensus,1,26
401114248,2019,2,2,2019-09-07T23:00Z,0,1,2229,98,FIU,WKU,14.000,20.000,0,-7.500,57.000,-310.000,240.000,,,consensus,12,12
401114249,2019,2,2,2019-09-07T23:00Z,0,0,2226,2116,FAU,UCF,14.000,48.000,0,14.000,69.000,560.000,-690.000,,,consensus,12,151
401114252,2019,2,2,2019-09-07T23:00Z,0,0,2393,2634,MTSU,TNST,45.000,26.000,0,-25.500,56.500,-3450.000,1100.000,,,consensus,12,26
401114253,2019,2,2,2019-09-07T23:00Z,0,0,2567,249,SMU,UNT,49.000,27.000,0,-3.500,73.000,-175.000,145.000,,,consensus,151,12
401117500,2019,2,2,2019-09-07T23:00Z,0,0,326,2751,TXST,WYO,14.000,23.000,0,7.500,47.500,230.000,-290.000,,,consensus,37,17
401121937,2019,2,2,2019-09-07T23:00Z,0,0,2247,231,GAST,FUR,48.000,42.000,0,-6.000,61.500,-230.000,180.000,,,consensus,37,29
401121938,2019,2,2,2019-09-07T23:00Z,0,0,6,2296,USA,JKST,37.000,14.000,0,-25.000,47.000,-5750.000,1050.000,,,consensus,37,31
401110774,2019,2,2,2019-09-07T23:30Z,0,0,2,2655,AUB,TULN,24.000,6.000,0,-16.500,51.500,-840.000,540.000,,,consensus,8,151
401110775,2019,2,2,2019-09-07T23:30Z,0,0,57,2630,FLA,UTM,45.000,0.000,0,-44.500,59.500,,,,,consensus,8,26
401110777,2019,2,2,2019-09-07T23:30Z,0,0,96,2199,UK,EMU,38.000,17.000,0,-15.500,52.500,-680.000,460.000,,,consensus,8,15
401110778,2019,2,2,2019-09-07T23:30Z,0,0,251,99,TEX,LSU,38.000,45.000,0,6.500,57.500,240.000,-290.000,,,consensus,4,8
401110779,2019,2,2,2019-09-07T23:30Z,0,1,145,8,MISS,ARK,31.000,17.000,0,-5.500,50.500,-220.000,175.000,,,consensus,8,8
401112213,2019,2,2,2019-09-07T23:30Z,0,0,127,2711,MSU,WMU,51.000,17.000,0,-14.500,46.500,-730.000,490.000,,,consensus,5,15
401112258,2019,2,2,2019-09-07T23:30Z,0,0,213,2084,PSU,BUFF,45.000,13.000,0,-31.000,57.000,-5700.000,1650.000,,,consensus,5,15
401114193,2019,2,2,2019-09-07T23:30Z,0,0,2483,2440,ORE,NEV,77.000,6.000,0,-25.000,62.000,-2450.000,1100.000,,,consensus,9,17
401114347,2019,2,2,2019-09-07T23:30Z,0,0,309,2335,UL,LIB,35.000,14.000,0,-14.000,65.500,-590.000,410.000,,,consensus,37,18
401117499,2019,2,2,2019-09-07T23:30Z,0,0,328,2619,USU,SB,62.000,7.000,0,-31.500,58.000,-9700.000,1150.000,,,consensus,17,48
401112140,2019,2,2,2019-09-08T00:00Z,0,0,2641,2638,TTU,UTEP,38.000,3.000,0,-35.000,64.000,-8000.000,2200.000,,,consensus,4,12
401112443,2019,2,2,2019-09-08T00:00Z,0,1,153,2390,UNC,MIA,28.000,25.000,0,5.000,46.500,175.000,-220.000,,,consensus,1,1
401117861,2019,2,2,2019-09-08T00:00Z,0,0,248,2504,HOU,PV,37.000,17.000,0,-35.000,77.500,,,,,consensus,151,31
401117501,2019,2,2,2019-09-08T01:00Z,0,0,23,202,SJSU,TLSA,16.000,34.000,0,6.500,53.500,185.000,-240.000,,,consensus,17,151
401117502,2019,2,2,2019-09-08T02:00Z,0,0,2439,2032,UNLV,ARST,17.000,43.000,0,-1.000,64.500,-110.000,-115.000,,,consensus,17,37
401112230,2019,2,2,2019-09-08T02:30Z,0,0,278,135,FRES,MINN,35.000,38.000,1,3.000,46.000,125.000,-155.000,,,consensus,17,5
401114175,2019,2,2,2019-09-08T02:30Z,0,1,264,25,WASH,CAL,19.000,20.000,0,-13.500,43.500,-600.000,420.000,,,consensus,9,9
401114207,2019,2,2,2019-09-08T02:30Z,0,1,30,24,USC,STAN,45.000,20.000,0,-3.000,43.500,-145.000,125.000,,,consensus,9,9
401114165,2019,2,2,2019-09-08T02:45Z,0,0,12,2464,ARIZ,NAU,65.000,41.000,0,-28.000,63.500,-3450.000,1100.000,,,consensus,9,20
401114200,2019,2,2,2019-09-08T03:59Z,0,0,62,204,HAW,ORST,31.000,28.000,0,-7.000,78.000,-260.000,210.000,,,consensus,17,9
401112448,2019,2,3,2019-09-13T22:00Z,0,0,154,153,WAKE,UNC,24.000,18.000,0,-3.000,65.000,-180.000,185.000,,,consensus,1,1
401112098,2019,2,3,2019-09-13T23:30Z,0,0,103,2305,BC,KU,24.000,48.000,0,-20.500,51.000,-420.000,580.000,,,consensus,1,4
401114230,2019,2,3,2019-09-14T01:15Z,1,0,248,265,HOU,WSU,24.000,31.000,0,9.000,73.500,300.000,-380.000,,,consensus,151,9
401110788,2019,2,3,2019-09-14T16:00Z,0,0,61,2032,UGA,ARST,55.000,0.000,0,-33.000,58.500,,,,,consensus,8,37
401110792,2019,2,3,2019-09-14T16:00Z,0,0,344,2306,MSST,KSU,24.000,31.000,0,-7.000,50.500,-280.000,220.000,,,consensus,8,4
401110795,2019,2,3,2019-09-14T16:00Z,0,0,2633,236,TENN,UTC,45.000,0.000,0,-30.500,50.000,-9700.000,1150.000,,,consensus,8,29
401112144,2019,2,3,2019-09-14T16:00Z,0,0,277,152,WVU,NCST,44.000,27.000,0,7.000,46.000,220.000,-270.000,,,consensus,4,1
401112147,2019,2,3,2019-09-14T16:00Z,0,0,356,2199,ILL,EMU,31.000,34.000,0,-7.500,57.000,-290.000,230.000,,,consensus,5,15
401112159,2019,2,3,2019-09-14T16:00Z,0,1,84,194,IND,OSU,10.000,51.000,0,17.500,60.000,730.000,-1200.000,,,consensus,5,5
401112203,2019,2,3,2019-09-14T16:00Z,0,0,218,120,TEM,MD,20.000,17.000,0,5.000,66.500,170.000,-200.000,,,consensus,151,5
401112259,2019,2,3,2019-09-14T16:00Z,0,0,213,221,PSU,PITT,17.000,10.000,0,-17.000,53.000,-1100.000,690.000,,,consensus,5,1
401112455,2019,2,3,2019-09-14T16:00Z,0,0,259,231,VT,FUR,24.000,17.000,0,-24.000,64.500,-2800.000,1050.000,,,consensus,1,29
401117863,2019,2,3,2019-09-14T16:00Z,0,0,2132,193,CIN,M-OH,35.000,13.000,0,-17.000,49.500,-930.000,590.000,,,consensus,151,15
401112452,2019,2,3,2019-09-14T16:30Z,0,0,59,2643,GT,CIT,24.000,27.000,1,-25.500,58.500,-3650.000,1200.000,,,consensus,1,29
401114185,2019,2,3,2019-09-14T17:00Z,0,0,38,2005,COLO,AFA,23.000,30.000,1,-3.000,58.500,-155.000,130.000,,,consensus,9,17
401114257,2019,2,3,2019-09-14T18:00Z,0,0,2050,2226,BALL,FAU,31.000,41.000,0,2.500,64.000,120.000,-145.000,,,consensus,15,12
401121939,2019,2,3,2019-09-14T18:00Z,0,0,324,2450,CCU,NORF,46.000,7.000,0,-25.500,48.500,-4400.000,1250.000,,,consensus,37,24
401114336,2019,2,3,2019-09-14T18:30Z,0,0,87,167,ND,UNM,66.000,14.000,0,-35.000,64.000,,,,,consensus,18,17
401119263,2019,2,3,2019-09-14T19:00Z,0,1,2117,2006,CMU,AKR,45.000,24.000,0,-2.500,45.500,-140.000,115.000,,,consensus,15,15
401110794,2019,2,3,2019-09-14T19:30Z,0,1,2579,333,SC,ALA,23.000,47.000,0,26.500,59.500,1300.000,-3350.000,,,consensus,8,8
401112124,2019,2,3,2019-09-14T19:30Z,0,0,202,197,TLSA,OKST,21.000,40.000,0,14.000,64.000,410.000,-570.000,,,consensus,151,4
401112231,2019,2,3,2019-09-14T19:30Z,0,0,135,290,MINN,GASO,35.000,32.000,0,-16.500,45.000,-930.000,590.000,,,consensus,5,37
401112246,2019,2,3,2019-09-14T19:30Z,0,0,77,2439,NW,UNLV,30.000,14.000,0,-18.500,52.000,-1200.000,690.000,,,consensus,5,17
401114208,2019,2,3,2019-09-14T19:30Z,0,0,2116,24,UCF,STAN,45.000,27.000,0,-10.000,58.500,-420.000,410.000,,,consensus,151,9
401114219,2019,2,3,2019-09-14T19:30Z,0,0,252,30,BYU,USC,30.000,27.000,1,4.500,57.500,165.000,-200.000,,,consensus,18,9
401114261,2019,2,3,2019-09-14T19:30Z,0,0,2636,349,UTSA,ARMY,13.000,31.000,0,17.000,44.500,560.000,-880.000,,,consensus,12,18
401117864,2019,2,3,2019-09-14T19:30Z,0,1,2426,151,NAVY,ECU,42.000,10.000,0,-7.500,53.500,-300.000,240.000,,,consensus,151,151
401117865,2019,2,3,2019-09-14T19:30Z,0,0,6,235,USA,MEM,6.000,42.000,0,20.500,55.000,800.000,-1500.000,,,consensus,37,151
401110786,2019,2,3,2019-09-14T20:00Z,0,0,8,36,ARK,CSU,55.000,34.000,0,-10.000,64.000,-360.000,270.000,,,consensus,8,17
401110791,2019,2,3,2019-09-14T20:00Z,0,0,145,2545,MISS,SELA,40.000,29.000,0,-30.500,53.000,-9900.000,1150.000,,,consensus,8,30
401112086,2019,2,3,2019-09-14T20:00Z,0,0,66,2294,ISU,IOWA,17.000,18.000,0,1.500,42.500,100.000,-125.000,,,consensus,4,5
401112214,2019,2,3,2019-09-14T20:00Z,0,0,127,9,MSU,ASU,7.000,10.000,0,-15.500,42.000,-610.000,490.000,,,consensus,5,9
401112453,2019,2,3,2019-09-14T20:00Z,1,0,98,97,WKU,LOU,21.000,38.000,0,10.500,48.500,310.000,-420.000,,,consensus,12,1
401112454,2019,2,3,2019-09-14T20:00Z,0,0,2390,2065,MIA,BCU,63.000,0.000,0,-41.500,56.000,,,,,consensus,1,24
401114176,2019,2,3,2019-09-14T20:15Z,0,0,25,249,CAL,UNT,23.000,17.000,0,-14.000,50.000,-660.000,460.000,,,consensus,9,12
401114201,2019,2,3,2019-09-14T20:15Z,0,0,204,13,ORST,CP,45.000,7.000,0,-16.500,75.500,-690.000,460.000,,,consensus,9,20
401114225,2019,2,3,2019-09-14T20:15Z,0,0,254,304,UTAH,IDST,31.000,0.000,0,-37.500,63.500,,,,,consensus,9,20
401114258,2019,2,3,2019-09-14T21:00Z,0,0,189,2348,BGSU,LAT,7.000,35.000,0,13.000,59.000,370.000,-500.000,,,consensus,15,12
401117504,2019,2,3,2019-09-14T21:00Z,0,0,2751,70,WYO,IDHO,21.000,16.000,0,,,,,,,,17,20
401114255,2019,2,3,2019-09-14T22:00Z,0,0,2429,113,CLT,MASS,52.000,17.000,0,-21.000,66.500,-1700.000,860.000,,,consensus,12,18
401114260,2019,2,3,2019-09-14T22:00Z,0,0,2653,2572,TROY,USM,42.000,47.000,0,-3.000,49.000,-150.000,125.000,,,consensus,37,12
401114348,2019,2,3,2019-09-14T22:00Z,0,0,2335,2084,LIB,BUFF,35.000,17.000,0,5.500,55.000,175.000,-220.000,,,consensus,18,15
401117866,2019,2,3,2019-09-14T22:00Z,0,0,58,2569,USF,SCST,55.000,16.000,0,-25.000,49.500,-4500.000,990.000,,,consensus,151,24
401114259,2019,2,3,2019-09-14T22:30Z,0,0,276,195,MRSH,OHIO,33.000,31.000,0,-4.500,48.000,-195.000,160.000,,,consensus,12,15
401110787,2019,2,3,2019-09-14T23:00Z,0,0,2,2309,AUB,KENT,55.000,16.000,0,-35.500,54.000,,,,,consensus,8,15
401110789,2019,2,3,2019-09-14T23:00Z,0,1,96,57,UK,FLA,21.000,29.000,0,9.500,46.000,270.000,-350.000,,,consensus,8,8
401110796,2019,2,3,2019-09-14T23:00Z,0,0,245,2320,TA&M,LAM,62.000,3.000,0,-45.000,63.000,,,,,consensus,8,30
401112450,2019,2,3,2019-09-14T23:00Z,0,0,2393,150,MTSU,DUKE,18.000,41.000,0,6.500,50.500,210.000,-260.000,,,consensus,12,1
401114256,2019,2,3,2019-09-14T23:00Z,0,0,2229,160,FIU,UNH,30.000,17.000,0,-13.500,43.500,-620.000,410.000,,,consensus,12,48
401117505,2019,2,3,2019-09-14T23:00Z,0,0,2440,2692,NEV,WEB,19.000,13.000,0,-7.500,51.500,-300.000,230.000,,,consensus,17,20
401117867,2019,2,3,2019-09-14T23:00Z,0,0,2567,326,SMU,TXST,47.000,17.000,0,-17.500,62.500,-950.000,590.000,,,consensus,151,37
401119264,2019,2,3,2019-09-14T23:00Z,0,0,2711,2247,WMU,GAST,57.000,10.000,0,-9.000,69.500,-310.000,250.000,,,consensus,15,37
401119265,2019,2,3,2019-09-14T23:00Z,0,0,2649,93,TOL,MURR,45.000,0.000,0,-36.500,70.000,-9700.000,1150.000,,,consensus,15,26
401110790,2019,2,3,2019-09-14T23:30Z,0,0,99,2466,LSU,NWST,65.000,14.000,0,-51.500,68.000,,,,,consensus,8,30
401110793,2019,2,3,2019-09-14T23:30Z,0,0,142,2546,MIZ,SEMO,50.000,0.000,0,-34.000,68.500,-9900.000,1150.000,,,consensus,8,26
401112130,2019,2,3,2019-09-14T23:30Z,0,0,2509,2628,PUR,TCU,13.000,34.000,0,3.000,53.000,125.000,-155.000,,,consensus,5,4
401112449,2019,2,3,2019-09-14T23:30Z,0,1,183,228,SYR,CLEM,6.000,41.000,0,28.000,64.000,1200.000,-2900.000,,,consensus,1,1
401112451,2019,2,3,2019-09-14T23:30Z,0,1,258,52,UVA,FSU,31.000,24.000,0,-7.000,54.000,-290.000,230.000,,,consensus,1,1
401114234,2019,2,3,2019-09-14T23:30Z,0,0,264,62,WASH,HAW,52.000,20.000,0,-21.500,59.000,-1850.000,890.000,,,consensus,9,17
401121940,2019,2,3,2019-09-14T23:30Z,0,0,309,2640,UL,TXSO,77.000,6.000,0,-47.000,75.000,,,,,consensus,37,31
401112116,2019,2,3,2019-09-15T00:00Z,0,0,26,201,UCLA,OKLA,14.000,48.000,0,23.500,71.500,1050.000,-2100.000,,,consensus,9,4
401112136,2019,2,3,2019-09-15T00:00Z,1,0,242,251,RICE,TEX,13.000,48.000,0,32.500,56.000,1150.000,-9600.000,,,consensus,12,4
401112240,2019,2,3,2019-09-15T00:00Z,0,0,158,2459,NEB,NIU,44.000,8.000,0,-14.000,53.500,-630.000,440.000,,,consensus,5,15
401114339,2019,2,3,2019-09-15T00:00Z,0,0,166,21,NMSU,SDSU,10.000,31.000,0,16.500,51.000,550.000,-870.000,,,consensus,18,17
401117868,2019,2,3,2019-09-15T00:00Z,0,0,2655,2623,TULN,MOST,58.000,6.000,0,-31.500,55.000,-6800.000,1100.000,,,consensus,151,21
401117503,2019,2,3,2019-09-15T02:15Z,0,0,68,2502,BSU,PRST,45.000,10.000,0,-32.500,54.000,,,,,consensus,17,20
401112141,2019,2,3,2019-09-15T02:30Z,0,0,12,2641,ARIZ,TTU,28.000,14.000,0,2.000,74.500,-100.000,-115.000,,,consensus,9,4
401114194,2019,2,3,2019-09-15T02:45Z,0,0,2483,149,ORE,MONT,35.000,3.000,0,-38.500,65.500,-9350.000,1150.000,,,consensus,9,20
401117869,2019,2,4,2019-09-20T00:00Z,0,1,2655,248,TULN,HOU,38.000,31.000,0,-4.000,57.500,-190.000,155.000,,,consensus,151,151
401114262,2019,2,4,2019-09-21T00:00Z,0,1,2348,2229,LAT,FIU,43.000,31.000,0,-7.000,51.500,-280.000,220.000,,,consensus,12,12
401114220,2019,2,4,2019-09-21T01:00Z,0,1,30,254,USC,UTAH,30.000,23.000,0,3.500,53.500,135.000,-155.000,,,consensus,9,9
401117506,2019,2,4,2019-09-21T01:00Z,0,1,68,2005,BSU,AFA,30.000,19.000,0,-7.500,53.500,-320.000,250.000,,,consensus,17,17
401110797,2019,2,4,2019-09-21T16:00Z,0,0,333,2572,ALA,USM,49.000,7.000,0,-38.000,63.500,,,,,consensus,8,12
401110799,2019,2,4,2019-09-21T16:00Z,0,1,57,2633,FLA,TENN,34.000,3.000,0,-13.500,49.000,-560.000,400.000,,,consensus,8,8
401110801,2019,2,4,2019-09-21T16:00Z,0,0,145,25,MISS,CAL,20.000,28.000,0,-3.000,42.500,-150.000,125.000,,,consensus,8,9
401110805,2019,2,4,2019-09-21T16:00Z,0,1,238,99,VAN,LSU,38.000,66.000,0,24.000,62.000,1200.000,-3050.000,,,consensus,8,8
401112087,2019,2,4,2019-09-21T16:00Z,0,0,66,2433,ISU,ULM,72.000,20.000,0,-17.500,51.500,-1050.000,630.000,,,consensus,4,37
401112160,2019,2,4,2019-09-21T16:00Z,0,0,84,41,IND,CONN,38.000,3.000,0,-27.000,56.500,-4100.000,1300.000,,,consensus,5,151
401112215,2019,2,4,2019-09-21T16:00Z,0,1,77,127,NW,MSU,10.000,31.000,0,7.500,35.000,260.000,-340.000,,,consensus,5,5
401112224,2019,2,4,2019-09-21T16:00Z,0,1,275,130,WIS,MICH,35.000,14.000,0,-3.000,45.000,-210.000,220.000,,,consensus,5,5
401112265,2019,2,4,2019-09-21T16:00Z,0,0,164,103,RUTG,BC,16.000,30.000,0,7.500,57.500,240.000,-300.000,,,consensus,5,1
401112462,2019,2,4,2019-09-21T16:00Z,0,0,183,2711,SYR,WMU,52.000,33.000,0,-3.500,67.000,-180.000,150.000,,,consensus,1,15
401112464,2019,2,4,2019-09-21T16:00Z,0,0,154,2210,WAKE,ELON,49.000,7.000,0,-29.500,58.500,-4750.000,1000.000,,,consensus,1,48
401114327,2019,2,4,2019-09-21T16:00Z,0,0,349,2415,ARMY,MORG,52.000,21.000,0,-45.500,55.500,,,,,consensus,18,24
401114355,2019,2,4,2019-09-21T17:00Z,0,0,113,324,MASS,CCU,28.000,62.000,0,17.000,62.500,550.000,-860.000,,,consensus,18,37
401119268,2019,2,4,2019-09-21T18:00Z,0,0,195,309,OHIO,UL,25.000,45.000,0,-3.000,67.500,-155.000,130.000,,,consensus,15,37
401119267,2019,2,4,2019-09-21T19:00Z,0,0,2199,2115,EMU,CCSU,34.000,29.000,0,-32.500,63.000,-8700.000,1150.000,,,consensus,15,25
401119269,2019,2,4,2019-09-21T19:00Z,0,0,2006,2653,AKR,TROY,7.000,35.000,0,19.000,57.500,680.000,-1100.000,,,consensus,15,37
401110804,2019,2,4,2019-09-21T19:30Z,0,1,245,2,TA&M,AUB,20.000,28.000,0,-4.000,48.000,-140.000,140.000,,,consensus,8,8
401112131,2019,2,4,2019-09-21T19:30Z,0,0,2628,2567,TCU,SMU,38.000,41.000,0,-7.500,54.500,-310.000,240.000,,,consensus,4,151
401112253,2019,2,4,2019-09-21T19:30Z,0,0,194,193,OSU,M-OH,76.000,5.000,0,-38.500,57.000,,,,,consensus,5,15
401112457,2019,2,4,2019-09-21T19:30Z,0,1,52,97,FSU,LOU,35.000,24.000,0,-6.500,61.000,-250.000,200.000,,,consensus,1,1
401112459,2019,2,4,2019-09-21T19:30Z,0,0,153,2026,UNC,APP,31.000,34.000,0,-2.500,58.000,-135.000,110.000,,,consensus,1,37
401112461,2019,2,4,2019-09-21T19:30Z,0,0,221,2116,PITT,UCF,35.000,34.000,0,10.000,61.000,460.000,-430.000,,,consensus,1,151
401114235,2019,2,4,2019-09-21T19:30Z,0,0,252,264,BYU,WASH,19.000,45.000,0,6.500,51.000,570.000,-340.000,,,consensus,18,9
401114265,2019,2,4,2019-09-21T19:30Z,0,0,5,6,UAB,USA,35.000,3.000,0,-12.000,48.500,-480.000,350.000,,,consensus,12,37
401117509,2019,2,4,2019-09-21T19:30Z,0,0,202,2751,TLSA,WYO,24.000,21.000,0,-5.000,46.000,-220.000,175.000,,,consensus,151,17
401117870,2019,2,4,2019-09-21T19:30Z,0,0,2084,218,BUFF,TEM,38.000,22.000,0,14.000,50.500,430.000,-620.000,,,consensus,15,151
401119266,2019,2,4,2019-09-21T19:30Z,0,1,2309,189,KENT,BGSU,62.000,20.000,0,-12.000,62.000,-450.000,330.000,,,consensus,15,15
401110802,2019,2,4,2019-09-21T20:00Z,0,1,344,96,MSST,UK,28.000,13.000,0,-6.000,48.000,-260.000,370.000,,,consensus,8,8
401110803,2019,2,4,2019-09-21T20:00Z,0,1,142,2579,MIZ,SC,34.000,14.000,0,-9.500,61.000,-360.000,270.000,,,consensus,8,8
401112458,2019,2,4,2019-09-21T20:00Z,0,0,2390,2117,MIA,CMU,17.000,12.000,0,-30.500,48.500,-6500.000,1800.000,,,consensus,1,15
401112099,2019,2,4,2019-09-21T20:30Z,0,1,2305,277,KU,WVU,24.000,29.000,0,4.500,49.000,170.000,-210.000,,,consensus,4,4
401114340,2019,2,4,2019-09-21T20:30Z,0,0,167,166,UNM,NMSU,55.000,52.000,0,-4.000,68.500,-185.000,155.000,,,consensus,17,18
401114263,2019,2,4,2019-09-21T22:00Z,0,0,2226,2681,FAU,WAG,42.000,7.000,0,-37.500,55.500,,,,,consensus,12,25
401114349,2019,2,4,2019-09-21T22:00Z,0,0,2335,2261,LIB,HAMP,62.000,27.000,0,-25.500,58.000,-3300.000,910.000,,,consensus,18,40
401116697,2019,2,4,2019-09-21T22:00Z,0,0,151,2729,ECU,W&M,19.000,7.000,0,-14.000,50.000,-720.000,460.000,,,consensus,151,48
401112075,2019,2,4,2019-09-21T23:00Z,0,0,242,239,RICE,BAY,13.000,21.000,0,27.000,58.000,1300.000,-3750.000,,,consensus,12,4
401112460,2019,2,4,2019-09-21T23:00Z,0,0,152,2050,NCST,BALL,34.000,23.000,0,-19.000,58.500,-1150.000,690.000,,,consensus,1,15
401112463,2019,2,4,2019-09-21T23:00Z,0,0,258,295,UVA,ODU,28.000,17.000,0,-27.000,47.500,-5200.000,1450.000,,,consensus,1,12
401114195,2019,2,4,2019-09-21T23:00Z,0,1,24,2483,STAN,ORE,6.000,21.000,0,12.500,55.500,640.000,-610.000,,,consensus,9,9
401121941,2019,2,4,2019-09-21T23:00Z,0,0,2032,79,ARST,SIU,41.000,28.000,0,-23.000,62.000,-2400.000,990.000,,,consensus,37,21
401121942,2019,2,4,2019-09-21T23:00Z,0,1,326,2247,TXST,GAST,37.000,34.000,1,-3.000,62.500,-155.000,130.000,,,consensus,37,37
401110798,2019,2,4,2019-09-21T23:30Z,0,0,8,23,ARK,SJSU,24.000,31.000,0,-20.000,61.500,-1250.000,720.000,,,consensus,8,17
401112125,2019,2,4,2019-09-21T23:30Z,0,1,251,197,TEX,OKST,36.000,30.000,0,-7.000,72.500,-320.000,320.000,,,consensus,4,4
401112456,2019,2,4,2019-09-21T23:30Z,0,0,228,2429,CLEM,CLT,52.000,10.000,0,-41.500,61.500,,,,,consensus,1,12
401114264,2019,2,4,2019-09-21T23:30Z,0,1,249,2636,UNT,UTSA,45.000,3.000,0,-17.500,57.000,-940.000,580.000,,,consensus,12,12
401110800,2019,2,4,2019-09-22T00:00Z,0,0,61,87,UGA,ND,23.000,17.000,0,-16.000,58.500,-580.000,470.000,,,consensus,8,18
401112148,2019,2,4,2019-09-22T00:00Z,0,1,356,158,ILL,NEB,38.000,42.000,0,13.000,62.500,370.000,-500.000,,,consensus,5,5
401114266,2019,2,4,2019-09-22T00:00Z,0,0,2638,2440,UTEP,NEV,21.000,37.000,0,13.500,51.500,430.000,-620.000,,,consensus,12,17
401114155,2019,2,4,2019-09-22T02:00Z,0,1,9,38,ASU,COLO,31.000,34.000,0,-8.000,48.500,-330.000,260.000,,,consensus,9,9
401117510,2019,2,4,2019-09-22T02:00Z,0,0,278,16,FRES,SAC,34.000,20.000,0,-24.500,54.500,-3000.000,880.000,,,consensus,17,20
401117507,2019,2,4,2019-09-22T02:15Z,0,0,36,2649,CSU,TOL,35.000,41.000,0,6.500,67.000,195.000,-240.000,,,consensus,17,15
401114215,2019,2,4,2019-09-22T02:30Z,0,1,265,26,WSU,UCLA,63.000,67.000,0,-18.500,60.000,-1000.000,640.000,,,consensus,9,9
401117508,2019,2,4,2019-09-22T02:30Z,0,1,21,328,SDSU,USU,17.000,23.000,0,4.000,53.000,155.000,-185.000,,,consensus,17,17
401117511,2019,2,4,2019-09-22T03:59Z,0,0,62,2110,HAW,CARK,35.000,16.000,0,-16.500,66.500,-850.000,510.000,,,consensus,17,30
401117871,2019,2,5,2019-09-27T00:00Z,0,1,235,2426,MEM,NAVY,35.000,23.000,0,-10.500,54.000,-420.000,310.000,,,consensus,151,151
401112465,2019,2,5,2019-09-27T23:00Z,0,1,259,150,VT,DUKE,10.000,45.000,0,-2.500,51.500,-115.000,100.000,,,consensus,1,1
401112204,2019,2,5,2019-09-28T00:00Z,0,1,120,213,MD,PSU,0.000,59.000,0,6.500,61.000,195.000,-250.000,,,consensus,5,5
401117512,2019,2,5,2019-09-28T00:00Z,0,1,2005,23,AFA,SJSU,41.000,24.000,0,-19.500,58.000,-1250.000,710.000,,,consensus,17,17
401114156,2019,2,5,2019-09-28T02:30Z,0,1,25,9,CAL,ASU,17.000,24.000,0,-4.000,43.000,-220.000,170.000,,,consensus,9,9
401110807,2019,2,5,2019-09-28T16:00Z,1,1,8,245,ARK,TA&M,27.000,31.000,0,23.000,60.000,880.000,-1800.000,,,consensus,8,8
401110811,2019,2,5,2019-09-28T16:00Z,0,0,238,2459,VAN,NIU,24.000,18.000,0,-7.000,51.500,-280.000,220.000,,,consensus,8,15
401112100,2019,2,5,2019-09-28T16:00Z,0,1,2628,2305,TCU,KU,51.000,14.000,0,-15.000,48.000,-730.000,490.000,,,consensus,4,4
401112117,2019,2,5,2019-09-28T16:00Z,0,1,201,2641,OKLA,TTU,55.000,16.000,0,-27.000,68.500,-3550.000,1400.000,,,consensus,4,4
401112193,2019,2,5,2019-09-28T16:00Z,0,0,2294,2393,IOWA,MTSU,48.000,3.000,0,-23.500,51.000,-2750.000,1050.000,,,consensus,5,12
401112225,2019,2,5,2019-09-28T16:00Z,0,1,130,164,MICH,RUTG,52.000,0.000,0,-27.500,48.500,-5100.000,1350.000,,,consensus,5,5
401112247,2019,2,5,2019-09-28T16:00Z,0,1,275,77,WIS,NW,24.000,15.000,0,-23.500,46.000,-1150.000,890.000,,,consensus,5,5
401112471,2019,2,5,2019-09-28T16:00Z,0,0,183,107,SYR,HC,41.000,3.000,0,-40.000,55.000,,,,,consensus,1,27
401117213,2019,2,5,2019-09-28T16:00Z,0,0,2649,252,TOL,BYU,28.000,21.000,0,2.500,63.000,110.000,-135.000,,,consensus,15,18
401119270,2019,2,5,2019-09-28T16:00Z,0,1,193,2084,M-OH,BUFF,34.000,20.000,0,2.500,47.000,110.000,-135.000,,,consensus,15,15
401119271,2019,2,5,2019-09-28T16:00Z,0,1,2711,2117,WMU,CMU,31.000,15.000,0,-16.500,60.500,-740.000,490.000,,,consensus,15,15
401112470,2019,2,5,2019-09-28T16:30Z,0,0,221,48,PITT,DEL,17.000,14.000,0,-28.500,50.500,-6300.000,1050.000,,,consensus,1,48
401110806,2019,2,5,2019-09-28T19:30Z,0,1,333,145,ALA,MISS,59.000,31.000,0,-38.000,63.000,,,,,consensus,8,8
401112076,2019,2,5,2019-09-28T19:30Z,0,1,239,66,BAY,ISU,23.000,21.000,0,2.500,55.500,115.000,-135.000,,,consensus,4,4
401112161,2019,2,5,2019-09-28T19:30Z,0,1,127,84,MSU,IND,40.000,31.000,0,-14.000,43.000,-730.000,490.000,,,consensus,5,5
401112232,2019,2,5,2019-09-28T19:30Z,0,1,2509,135,PUR,MINN,31.000,38.000,0,-1.000,56.000,-115.000,-105.000,,,consensus,5,5
401112466,2019,2,5,2019-09-28T19:30Z,0,1,103,154,BC,WAKE,24.000,27.000,0,4.500,69.500,170.000,-210.000,,,consensus,1,1
401112467,2019,2,5,2019-09-28T19:30Z,0,1,153,228,UNC,CLEM,20.000,21.000,0,27.500,60.500,1000.000,-1350.000,,,consensus,1,1
401112469,2019,2,5,2019-09-28T19:30Z,0,0,218,59,TEM,GT,24.000,2.000,0,-9.500,47.500,-350.000,270.000,,,consensus,151,1
401112472,2019,2,5,2019-09-28T19:30Z,0,0,87,258,ND,UVA,35.000,20.000,0,-10.500,46.500,-550.000,430.000,,,consensus,18,1
401114221,2019,2,5,2019-09-28T19:30Z,0,1,264,30,WASH,USC,28.000,14.000,0,-11.000,60.500,-530.000,470.000,,,consensus,9,9
401114267,2019,2,5,2019-09-28T19:30Z,0,1,2429,2226,CLT,FAU,27.000,45.000,0,1.000,63.000,-110.000,-115.000,,,consensus,12,12
401114356,2019,2,5,2019-09-28T19:30Z,0,0,113,2006,MASS,AKR,37.000,29.000,0,9.500,60.500,250.000,-310.000,,,consensus,18,15
401121943,2019,2,5,2019-09-28T19:30Z,0,1,2026,324,APP,CCU,56.000,37.000,0,-16.000,59.000,-680.000,460.000,,,consensus,37,37
401110809,2019,2,5,2019-09-28T20:00Z,0,0,57,119,FLA,TOW,38.000,0.000,0,-37.000,62.500,,,,,consensus,8,48
401117873,2019,2,5,2019-09-28T20:00Z,0,1,58,2567,USF,SMU,21.000,48.000,0,7.500,62.000,230.000,-290.000,,,consensus,151,151
401114269,2019,2,5,2019-09-28T21:00Z,0,0,276,2132,MRSH,CIN,14.000,52.000,0,4.000,47.000,160.000,-200.000,,,consensus,12,151
401114271,2019,2,5,2019-09-28T22:00Z,0,0,295,151,ODU,ECU,21.000,24.000,0,-3.000,47.000,-150.000,125.000,,,consensus,12,151
401114350,2019,2,5,2019-09-28T22:00Z,0,0,2335,167,LIB,UNM,17.000,10.000,0,-7.500,72.000,-280.000,220.000,,,consensus,18,17
401121944,2019,2,5,2019-09-28T22:00Z,0,1,2653,2032,TROY,ARST,43.000,50.000,0,-7.000,59.000,-270.000,220.000,,,consensus,37,37
401121945,2019,2,5,2019-09-28T22:00Z,0,1,290,309,GASO,UL,24.000,37.000,0,3.500,55.500,135.000,-165.000,,,consensus,37,37
401110808,2019,2,5,2019-09-28T23:00Z,0,1,2,344,AUB,MSST,56.000,23.000,0,-7.500,47.000,-430.000,550.000,,,consensus,8,8
401112108,2019,2,5,2019-09-28T23:00Z,0,1,197,2306,OKST,KSU,26.000,13.000,0,-4.000,60.000,-240.000,280.000,,,consensus,4,4
401114202,2019,2,5,2019-09-28T23:00Z,0,1,204,24,ORST,STAN,28.000,31.000,0,3.500,55.500,140.000,-165.000,,,consensus,9,9
401114268,2019,2,5,2019-09-28T23:00Z,0,1,242,2348,RICE,LAT,20.000,23.000,1,9.000,49.000,260.000,-340.000,,,consensus,12,12
401114272,2019,2,5,2019-09-28T23:00Z,0,1,2572,2638,USM,UTEP,31.000,13.000,0,-26.500,49.000,-4450.000,1350.000,,,consensus,12,12
401114273,2019,2,5,2019-09-28T23:00Z,0,1,98,5,WKU,UAB,20.000,13.000,0,3.500,47.500,140.000,-165.000,,,consensus,12,12
401117872,2019,2,5,2019-09-28T23:00Z,0,1,2116,41,UCF,CONN,56.000,21.000,0,-42.000,65.000,,,,,consensus,151,151
401121946,2019,2,5,2019-09-28T23:00Z,0,1,2433,6,ULM,USA,30.000,17.000,0,-14.500,58.500,-640.000,440.000,,,consensus,37,37
401121947,2019,2,5,2019-09-28T23:00Z,0,0,326,2447,TXST,NICH,24.000,3.000,0,-2.500,55.000,-165.000,130.000,,,consensus,37,30
401110810,2019,2,5,2019-09-28T23:30Z,0,1,2579,96,SC,UK,24.000,7.000,0,-3.500,55.000,-170.000,140.000,,,consensus,8,8
401112241,2019,2,5,2019-09-28T23:30Z,0,1,158,194,NEB,OSU,7.000,48.000,0,17.000,65.500,650.000,-930.000,,,consensus,5,5
401112468,2019,2,5,2019-09-28T23:30Z,0,1,52,152,FSU,NCST,31.000,13.000,0,-7.000,62.500,-250.000,200.000,,,consensus,1,1
401117513,2019,2,5,2019-09-28T23:30Z,0,1,328,36,USU,CSU,34.000,24.000,0,-23.000,69.000,-1600.000,820.000,,,consensus,17,17
401114270,2019,2,5,2019-09-29T00:00Z,0,0,249,248,UNT,HOU,25.000,46.000,0,-8.000,59.500,-320.000,250.000,,,consensus,12,151
401114341,2019,2,5,2019-09-29T00:00Z,0,0,166,278,NMSU,FRES,17.000,30.000,0,21.000,63.000,870.000,-1700.000,,,consensus,18,17
401117514,2019,2,5,2019-09-29T00:00Z,0,1,2751,2439,WYO,UNLV,53.000,17.000,0,-8.000,45.000,-350.000,270.000,,,consensus,17,17
401114226,2019,2,5,2019-09-29T02:00Z,0,1,254,265,UTAH,WSU,38.000,13.000,0,-5.500,57.000,-250.000,210.000,,,consensus,9,9
401114166,2019,2,5,2019-09-29T02:30Z,0,1,12,26,ARIZ,UCLA,20.000,17.000,0,-3.500,68.500,-140.000,120.000,,,consensus,9,9
401117515,2019,2,5,2019-09-29T02:30Z,0,1,2440,62,NEV,HAW,3.000,54.000,0,-2.000,63.500,-130.000,105.000,,,consensus,17,17
401121948,2019,2,6,2019-10-03T23:30Z,0,1,6,290,USA,GASO,17.000,20.000,1,9.500,45.000,282.000,-353.000,,,consensus,37,37
401117874,2019,2,6,2019-10-04T00:00Z,0,1,151,218,ECU,TEM,17.000,27.000,0,12.000,46.500,370.000,-510.000,,,consensus,151,151
401117875,2019,2,6,2019-10-05T00:00Z,0,1,2132,2116,CIN,UCF,27.000,24.000,0,3.500,63.500,145.000,-175.000,,,consensus,151,151
401117519,2019,2,6,2019-10-05T02:00Z,0,1,23,167,SJSU,UNM,32.000,21.000,0,-7.000,70.000,-249.000,200.000,,,consensus,17,17
401110813,2019,2,6,2019-10-05T16:00Z,0,0,99,328,LSU,USU,42.000,6.000,0,-27.500,73.500,-3700.000,1300.000,,,consensus,8,17
401112101,2019,2,6,2019-10-05T16:00Z,0,1,2305,201,KU,OKLA,20.000,45.000,0,32.500,67.500,1600.000,-5150.000,,,consensus,4,4
401112126,2019,2,6,2019-10-05T16:00Z,0,1,2641,197,TTU,OKST,45.000,35.000,0,9.500,63.000,270.000,-350.000,,,consensus,4,4
401112194,2019,2,6,2019-10-05T16:00Z,0,1,130,2294,MICH,IOWA,10.000,3.000,0,-4.000,48.500,-250.000,310.000,,,consensus,5,5
401112205,2019,2,6,2019-10-05T16:00Z,0,1,164,120,RUTG,MD,7.000,48.000,0,14.000,55.500,470.000,-690.000,,,consensus,5,5
401112260,2019,2,6,2019-10-05T16:00Z,0,1,213,2509,PSU,PUR,35.000,7.000,0,-28.500,55.500,-5450.000,1500.000,,,consensus,5,5
401112269,2019,2,6,2019-10-05T16:00Z,0,0,275,2309,WIS,KENT,48.000,0.000,0,-35.000,58.000,,,,,consensus,5,15
401114328,2019,2,6,2019-10-05T16:00Z,0,0,349,2655,ARMY,TULN,33.000,42.000,0,2.000,43.000,110.000,-135.000,,,consensus,18,151
401117876,2019,2,6,2019-10-05T16:00Z,0,1,41,58,CONN,USF,22.000,48.000,0,11.000,48.500,330.000,-440.000,,,consensus,151,151
401112473,2019,2,6,2019-10-05T16:30Z,0,1,97,103,LOU,BC,41.000,39.000,0,-4.000,61.000,-185.000,155.000,,,consensus,1,1
401112088,2019,2,6,2019-10-05T18:00Z,0,1,66,2628,ISU,TCU,49.000,24.000,0,-3.000,45.000,-165.000,135.000,,,consensus,4,4
401119273,2019,2,6,2019-10-05T19:00Z,0,1,2117,2199,CMU,EMU,42.000,16.000,0,4.000,54.000,165.000,-195.000,,,consensus,15,15
401110812,2019,2,6,2019-10-05T19:30Z,0,1,57,2,FLA,AUB,24.000,13.000,0,2.500,48.500,105.000,-115.000,,,consensus,8,8
401112077,2019,2,6,2019-10-05T19:30Z,0,1,2306,239,KSU,BAY,12.000,31.000,0,0.000,48.500,-115.000,-110.000,,,consensus,4,4
401112137,2019,2,6,2019-10-05T19:30Z,0,1,277,251,WVU,TEX,31.000,42.000,0,10.500,62.000,571.000,-540.000,,,consensus,4,4
401112149,2019,2,6,2019-10-05T19:30Z,0,1,135,356,MINN,ILL,40.000,17.000,0,-14.000,57.500,-610.000,430.000,,,consensus,5,5
401112476,2019,2,6,2019-10-05T19:30Z,0,1,2390,259,MIA,VT,35.000,42.000,0,-14.000,46.000,-660.000,460.000,,,consensus,1,1
401114275,2019,2,6,2019-10-05T19:30Z,0,1,2393,276,MTSU,MRSH,24.000,13.000,0,4.500,54.500,160.000,-195.000,,,consensus,12,12
401114337,2019,2,6,2019-10-05T19:30Z,0,0,87,189,ND,BGSU,52.000,0.000,0,-45.500,63.500,,,,,consensus,18,15
401117516,2019,2,6,2019-10-05T19:30Z,0,0,2426,2005,NAVY,AFA,34.000,25.000,0,3.000,46.500,130.000,-155.000,,,consensus,151,17
401119272,2019,2,6,2019-10-05T19:30Z,0,1,2459,2050,NIU,BALL,20.000,27.000,0,-3.500,54.500,-175.000,145.000,,,consensus,15,15
401119274,2019,2,6,2019-10-05T19:30Z,0,1,2084,195,BUFF,OHIO,20.000,21.000,1,3.500,51.500,135.000,-160.000,,,consensus,15,15
401119275,2019,2,6,2019-10-05T19:30Z,0,1,2649,2711,TOL,WMU,31.000,24.000,0,-1.500,73.500,-125.000,100.000,,,consensus,15,15
401121949,2019,2,6,2019-10-05T19:30Z,0,1,2247,2032,GAST,ARST,52.000,38.000,0,6.500,69.500,195.000,-250.000,,,consensus,37,37
401117877,2019,2,6,2019-10-05T19:45Z,0,0,2433,235,ULM,MEM,33.000,52.000,0,15.500,63.500,480.000,-720.000,,,consensus,37,151
401110815,2019,2,6,2019-10-05T20:00Z,0,0,142,2653,MIZ,TROY,42.000,10.000,0,-24.500,65.500,-3000.000,1200.000,,,consensus,8,37
401112242,2019,2,6,2019-10-05T20:00Z,0,1,158,77,NEB,NW,13.000,10.000,0,-7.500,48.500,-320.000,240.000,,,consensus,5,5
401112475,2019,2,6,2019-10-05T20:00Z,0,1,59,153,GT,UNC,22.000,38.000,0,10.000,47.000,300.000,-390.000,,,consensus,1,1
401114167,2019,2,6,2019-10-05T20:30Z,0,1,38,12,COLO,ARIZ,30.000,35.000,0,-2.500,63.000,-135.000,110.000,,,consensus,9,9
401114276,2019,2,6,2019-10-05T22:00Z,0,1,295,98,ODU,WKU,3.000,20.000,0,3.000,42.500,125.000,-150.000,,,consensus,12,12
401110816,2019,2,6,2019-10-05T23:00Z,0,1,2633,61,TENN,UGA,14.000,43.000,0,24.500,50.500,1179.000,-3349.000,,,consensus,8,8
401114274,2019,2,6,2019-10-05T23:00Z,0,0,2229,113,FIU,MASS,44.000,0.000,0,-28.000,69.500,-3600.000,1300.000,,,consensus,12,18
401114277,2019,2,6,2019-10-05T23:00Z,0,1,5,242,UAB,RICE,35.000,20.000,0,-10.000,43.500,-420.000,310.000,,,consensus,12,12
401110814,2019,2,6,2019-10-05T23:30Z,0,1,145,238,MISS,VAN,31.000,6.000,0,-7.000,64.500,-260.000,210.000,,,consensus,8,8
401112216,2019,2,6,2019-10-05T23:30Z,0,1,194,127,OSU,MSU,34.000,10.000,0,-20.000,50.500,-1625.000,949.000,,,consensus,5,5
401117878,2019,2,6,2019-10-05T23:30Z,0,1,2567,202,SMU,TLSA,43.000,37.000,1,-12.000,64.000,-454.000,340.000,,,consensus,151,151
401112474,2019,2,6,2019-10-06T00:00Z,0,1,150,221,DUKE,PITT,30.000,33.000,0,-3.500,47.500,-175.000,145.000,,,consensus,1,1
401114177,2019,2,6,2019-10-06T00:00Z,0,1,2483,25,ORE,CAL,17.000,7.000,0,-21.500,46.500,-2250.000,1000.000,,,consensus,9,9
401114278,2019,2,6,2019-10-06T00:00Z,0,1,2638,2636,UTEP,UTSA,16.000,26.000,0,-1.500,46.500,-115.000,-105.000,,,consensus,12,12
401114342,2019,2,6,2019-10-06T00:00Z,0,0,166,2335,NMSU,LIB,13.000,20.000,0,4.000,63.000,155.000,-185.000,,,consensus,18,18
401114203,2019,2,6,2019-10-06T01:00Z,0,1,26,204,UCLA,ORST,31.000,48.000,0,-4.500,64.000,-196.000,162.000,,,consensus,9,9
401117518,2019,2,6,2019-10-06T02:00Z,0,1,36,21,CSU,SDSU,10.000,24.000,0,6.500,48.000,213.000,-265.000,,,consensus,17,17
401114209,2019,2,6,2019-10-06T02:30Z,0,1,24,264,STAN,WASH,23.000,13.000,0,12.500,51.500,344.000,-369.000,,,consensus,9,9
401117517,2019,2,6,2019-10-06T02:30Z,0,1,2439,68,UNLV,BSU,13.000,38.000,0,24.000,57.500,1075.000,-2735.000,,,consensus,17,17
401121950,2019,2,7,2019-10-10T00:00Z,0,1,309,2026,UL,APP,7.000,17.000,0,-2.500,70.000,-145.000,120.000,,,consensus,37,37
401112477,2019,2,7,2019-10-11T00:00Z,0,1,152,183,NCST,SYR,16.000,10.000,0,-4.000,56.000,-190.000,160.000,,,consensus,1,1
401121951,2019,2,7,2019-10-11T01:15Z,0,1,326,2433,TXST,ULM,14.000,24.000,0,3.500,61.000,156.000,-187.000,,,consensus,37,37
401112478,2019,2,7,2019-10-12T00:00Z,0,1,2390,258,MIA,UVA,17.000,9.000,0,-2.500,44.000,-140.000,115.000,,,consensus,1,1
401117522,2019,2,7,2019-10-12T00:00Z,0,1,167,36,UNM,CSU,21.000,35.000,0,5.000,65.500,170.000,-210.000,,,consensus,17,17
401114186,2019,2,7,2019-10-12T02:00Z,0,1,2483,38,ORE,COLO,45.000,3.000,0,-23.000,62.000,-2011.000,982.000,,,consensus,9,9
401110817,2019,2,7,2019-10-12T16:00Z,0,1,61,2579,UGA,SC,17.000,20.000,1,-21.000,52.000,-440.000,710.000,,,consensus,8,8
401110821,2019,2,7,2019-10-12T16:00Z,0,1,2633,344,TENN,MSST,20.000,10.000,0,5.000,53.000,180.000,-230.000,,,consensus,8,8
401112118,2019,2,7,2019-10-12T16:00Z,1,1,251,201,TEX,OKLA,27.000,34.000,0,11.000,77.500,410.000,-480.000,,,consensus,4,4
401112150,2019,2,7,2019-10-12T16:00Z,0,1,356,130,ILL,MICH,25.000,42.000,0,24.000,49.000,1150.000,-2850.000,,,consensus,5,5
401112162,2019,2,7,2019-10-12T16:00Z,0,1,84,164,IND,RUTG,35.000,0.000,0,-27.500,50.000,-5450.000,1450.000,,,consensus,5,5
401112206,2019,2,7,2019-10-12T16:00Z,0,1,2509,120,PUR,MD,40.000,14.000,0,4.000,53.000,150.000,-180.000,,,consensus,5,5
401117881,2019,2,7,2019-10-12T16:00Z,0,1,218,235,TEM,MEM,30.000,28.000,0,4.000,50.500,150.000,-180.000,,,consensus,151,151
401119278,2019,2,7,2019-10-12T16:00Z,0,1,2711,193,WMU,M-OH,38.000,16.000,0,-12.500,57.000,-470.000,350.000,,,consensus,15,15
401119280,2019,2,7,2019-10-12T16:00Z,0,1,189,2649,BGSU,TOL,20.000,7.000,0,27.000,65.000,1250.000,-3500.000,,,consensus,15,15
401112480,2019,2,7,2019-10-12T16:30Z,0,1,150,59,DUKE,GT,41.000,23.000,0,-18.000,47.500,-1200.000,690.000,,,consensus,1,1
401119276,2019,2,7,2019-10-12T18:00Z,0,1,2199,2050,EMU,BALL,23.000,29.000,0,-2.000,57.000,-130.000,105.000,,,consensus,15,15
401114283,2019,2,7,2019-10-12T18:30Z,0,1,276,295,MRSH,ODU,31.000,17.000,0,-16.000,46.000,-880.000,550.000,,,consensus,12,12
401114343,2019,2,7,2019-10-12T19:00Z,0,0,2117,166,CMU,NMSU,42.000,28.000,0,-10.500,57.000,-400.000,310.000,,,consensus,15,18
401110822,2019,2,7,2019-10-12T19:30Z,0,1,245,333,TA&M,ALA,28.000,47.000,0,17.000,61.500,600.000,-950.000,,,consensus,8,8
401112217,2019,2,7,2019-10-12T19:30Z,0,1,275,127,WIS,MSU,38.000,0.000,0,-8.000,40.500,-420.000,430.000,,,consensus,5,5
401112479,2019,2,7,2019-10-12T19:30Z,0,1,228,52,CLEM,FSU,45.000,14.000,0,-26.500,61.000,-3650.000,1250.000,,,consensus,1,1
401114157,2019,2,7,2019-10-12T19:30Z,0,1,9,265,ASU,WSU,38.000,34.000,0,2.500,61.000,110.000,-135.000,,,consensus,9,9
401117214,2019,2,7,2019-10-12T19:30Z,0,0,58,252,USF,BYU,27.000,23.000,0,4.500,49.500,170.000,-200.000,,,consensus,151,18
401117879,2019,2,7,2019-10-12T19:30Z,0,1,248,2132,HOU,CIN,23.000,38.000,0,9.500,51.000,280.000,-370.000,,,consensus,151,151
401119277,2019,2,7,2019-10-12T19:30Z,0,1,2006,2309,AKR,KENT,3.000,26.000,0,14.000,57.500,440.000,-640.000,,,consensus,15,15
401119279,2019,2,7,2019-10-12T19:30Z,0,1,195,2459,OHIO,NIU,36.000,39.000,0,-5.000,51.500,-210.000,170.000,,,consensus,15,15
401117880,2019,2,7,2019-10-12T19:45Z,0,1,2655,41,TULN,CONN,49.000,7.000,0,-34.000,57.500,-5000.000,1500.000,,,consensus,151,151
401110823,2019,2,7,2019-10-12T20:00Z,0,0,238,2439,VAN,UNLV,10.000,34.000,0,-15.500,57.500,-690.000,470.000,,,consensus,8,17
401112078,2019,2,7,2019-10-12T20:00Z,0,1,239,2641,BAY,TTU,33.000,30.000,1,-10.500,59.000,-390.000,300.000,,,consensus,4,4
401112089,2019,2,7,2019-10-12T20:00Z,0,1,277,66,WVU,ISU,14.000,38.000,0,9.500,55.000,280.000,-370.000,,,consensus,4,4
401112482,2019,2,7,2019-10-12T20:00Z,0,0,259,227,VT,URI,34.000,17.000,0,-28.000,65.500,-4200.000,1150.000,,,consensus,1,48
401114280,2019,2,7,2019-10-12T20:00Z,0,1,2226,2393,FAU,MTSU,28.000,13.000,0,-13.000,63.500,-440.000,330.000,,,consensus,12,12
401117524,2019,2,7,2019-10-12T20:00Z,0,1,2440,23,NEV,SJSU,41.000,38.000,0,-3.000,61.000,-145.000,120.000,,,consensus,17,17
401121952,2019,2,7,2019-10-12T21:00Z,0,1,324,2247,CCU,GAST,21.000,31.000,0,-3.500,64.500,-170.000,140.000,,,consensus,37,37
401114284,2019,2,7,2019-10-12T22:00Z,0,1,2636,5,UTSA,UAB,14.000,33.000,0,12.500,46.500,390.000,-530.000,,,consensus,12,12
401110820,2019,2,7,2019-10-12T23:00Z,0,1,142,145,MIZ,MISS,38.000,27.000,0,-12.500,56.500,-480.000,360.000,,,consensus,8,8
401114279,2019,2,7,2019-10-12T23:00Z,0,1,2229,2429,FIU,CLT,48.000,23.000,0,-6.000,57.500,-230.000,185.000,,,consensus,12,12
401114281,2019,2,7,2019-10-12T23:00Z,0,0,2348,113,LAT,MASS,69.000,21.000,0,-31.500,63.500,-6900.000,1550.000,,,consensus,12,18
401114282,2019,2,7,2019-10-12T23:00Z,0,1,2572,249,USM,UNT,45.000,27.000,0,-3.000,59.500,-155.000,130.000,,,consensus,12,12
401114285,2019,2,7,2019-10-12T23:00Z,0,0,98,349,WKU,ARMY,17.000,8.000,0,5.500,43.500,175.000,-220.000,,,consensus,12,18
401117520,2019,2,7,2019-10-12T23:00Z,0,1,2005,278,AFA,FRES,43.000,24.000,0,-3.000,50.500,-148.000,122.000,,,consensus,17,17
401110818,2019,2,7,2019-10-12T23:30Z,0,1,96,8,UK,ARK,24.000,20.000,0,-4.000,52.000,-185.000,155.000,,,consensus,8,8
401112195,2019,2,7,2019-10-12T23:30Z,0,1,2294,213,IOWA,PSU,12.000,17.000,0,3.500,43.500,221.000,-216.000,,,consensus,5,5
401112233,2019,2,7,2019-10-12T23:30Z,0,1,135,158,MINN,NEB,34.000,7.000,0,-7.500,47.500,-295.000,233.000,,,consensus,5,5
401112481,2019,2,7,2019-10-12T23:30Z,0,1,154,97,WAKE,LOU,59.000,62.000,0,-7.000,65.000,-265.000,211.000,,,consensus,1,1
401114222,2019,2,7,2019-10-12T23:30Z,0,0,87,30,ND,USC,30.000,27.000,0,-10.500,59.500,-478.000,395.000,,,consensus,18,9
401117882,2019,2,7,2019-10-12T23:30Z,0,1,202,2426,TLSA,NAVY,17.000,45.000,0,-1.000,52.500,-115.000,-105.000,,,consensus,151,151
401110819,2019,2,7,2019-10-13T00:00Z,0,1,99,57,LSU,FLA,42.000,28.000,0,-14.000,55.000,-657.000,456.000,,,consensus,8,8
401114204,2019,2,7,2019-10-13T00:00Z,0,1,204,254,ORST,UTAH,7.000,52.000,0,14.500,59.500,470.000,-690.000,,,consensus,9,9
401117521,2019,2,7,2019-10-13T02:15Z,0,1,68,62,BSU,HAW,59.000,37.000,0,-12.500,60.000,-475.000,348.000,,,consensus,17,17
401117523,2019,2,7,2019-10-13T02:30Z,0,1,21,2751,SDSU,WYO,26.000,22.000,0,-3.500,38.000,-175.000,146.000,,,consensus,17,17
401114168,2019,2,7,2019-10-13T03:00Z,0,1,12,264,ARIZ,WASH,27.000,51.000,0,6.000,62.500,212.000,-248.000,,,consensus,9,9
401121953,2019,2,8,2019-10-17T00:00Z,0,1,2653,6,TROY,USA,37.000,13.000,0,-17.500,55.000,-1064.000,639.000,,,consensus,37,37
401121954,2019,2,8,2019-10-17T23:30Z,0,1,2032,309,ARST,UL,20.000,37.000,0,6.000,69.000,173.000,-214.000,,,consensus,37,37
401114210,2019,2,8,2019-10-18T01:00Z,0,1,24,26,STAN,UCLA,16.000,34.000,0,-4.500,49.000,-171.000,152.000,,,consensus,9,9
401114288,2019,2,8,2019-10-18T22:30Z,0,1,2226,276,FAU,MRSH,31.000,36.000,0,-4.000,58.500,-146.000,136.000,,,consensus,12,12
401112483,2019,2,8,2019-10-18T23:00Z,0,1,183,221,SYR,PITT,20.000,27.000,0,3.500,53.500,237.000,-222.000,,,consensus,1,1
401112248,2019,2,8,2019-10-19T00:30Z,0,1,77,194,NW,OSU,3.000,52.000,0,27.000,50.000,1383.000,-4550.000,,,consensus,5,5
401117528,2019,2,8,2019-10-19T02:00Z,0,1,278,2439,FRES,UNLV,56.000,27.000,0,-15.500,52.000,-784.000,517.000,,,consensus,17,17
401110825,2019,2,8,2019-10-19T16:00Z,0,1,8,2,ARK,AUB,10.000,51.000,0,19.500,55.500,724.000,-1256.000,,,consensus,8,8
401110829,2019,2,8,2019-10-19T16:00Z,0,1,2579,57,SC,FLA,27.000,38.000,0,3.500,45.000,156.000,-186.000,,,consensus,8,8
401112090,2019,2,8,2019-10-19T16:00Z,0,1,2641,66,TTU,ISU,24.000,34.000,0,8.500,57.000,254.000,-327.000,,,consensus,4,4
401112119,2019,2,8,2019-10-19T16:00Z,0,1,201,277,OKLA,WVU,52.000,14.000,0,-32.000,63.500,-7353.000,1554.000,,,consensus,4,4
401112151,2019,2,8,2019-10-19T16:00Z,0,1,356,275,ILL,WIS,24.000,23.000,0,30.000,52.000,1143.000,-9434.000,,,consensus,5,5
401112196,2019,2,8,2019-10-19T16:00Z,0,1,2294,2509,IOWA,PUR,26.000,20.000,0,-18.000,47.500,-1145.000,673.000,,,consensus,5,5
401112484,2019,2,8,2019-10-19T16:00Z,0,1,103,152,BC,NCST,45.000,24.000,0,4.000,54.500,149.000,-178.000,,,consensus,1,1
401112485,2019,2,8,2019-10-19T16:00Z,0,1,97,228,LOU,CLEM,10.000,45.000,0,24.500,62.500,1101.000,-2429.000,,,consensus,1,1
401112488,2019,2,8,2019-10-19T16:00Z,0,1,2390,59,MIA,GT,21.000,28.000,1,-18.500,46.000,-1307.000,722.000,,,consensus,1,1
401117886,2019,2,8,2019-10-19T16:00Z,0,1,41,248,CONN,HOU,17.000,24.000,0,22.000,56.500,939.000,-2022.000,,,consensus,151,151
401119283,2019,2,8,2019-10-19T16:00Z,0,1,195,2309,OHIO,KENT,45.000,38.000,0,-8.000,63.000,-336.000,259.000,,,consensus,15,15
401119282,2019,2,8,2019-10-19T18:00Z,0,1,189,2117,BGSU,CMU,20.000,38.000,0,11.000,54.500,343.000,-461.000,,,consensus,15,15
401119285,2019,2,8,2019-10-19T18:00Z,0,1,2050,2649,BALL,TOL,52.000,14.000,0,-3.000,58.000,-155.000,129.000,,,consensus,15,15
401112109,2019,2,8,2019-10-19T18:30Z,0,1,2306,2628,KSU,TCU,24.000,17.000,0,4.000,44.000,165.000,-200.000,,,consensus,4,4
401114178,2019,2,8,2019-10-19T18:30Z,0,1,25,204,CAL,ORST,17.000,21.000,0,-10.500,51.500,-430.000,320.000,,,consensus,9,9
401119284,2019,2,8,2019-10-19T18:30Z,0,1,193,2459,M-OH,NIU,27.000,24.000,0,2.500,48.500,112.000,-136.000,,,consensus,15,15
401117526,2019,2,8,2019-10-19T19:00Z,0,1,2751,167,WYO,UNM,23.000,10.000,0,-17.500,48.500,-1192.000,678.000,,,consensus,17,17
401121956,2019,2,8,2019-10-19T19:00Z,0,1,290,324,GASO,CCU,30.000,27.000,1,-7.000,42.500,-274.000,218.000,,,consensus,37,37
401110828,2019,2,8,2019-10-19T19:30Z,0,1,344,99,MSST,LSU,13.000,36.000,0,19.000,62.500,829.000,-1348.000,,,consensus,8,8
401112163,2019,2,8,2019-10-19T19:30Z,0,1,120,84,MD,IND,28.000,34.000,0,6.500,59.500,207.000,-260.000,,,consensus,5,5
401112234,2019,2,8,2019-10-19T19:30Z,0,1,164,135,RUTG,MINN,7.000,42.000,0,29.000,47.000,1700.000,-6452.000,,,consensus,5,5
401112486,2019,2,8,2019-10-19T19:30Z,0,1,258,150,UVA,DUKE,48.000,14.000,0,-3.500,45.000,-172.000,144.000,,,consensus,1,1
401112489,2019,2,8,2019-10-19T19:30Z,0,1,259,153,VT,UNC,43.000,41.000,1,4.500,57.000,163.000,-197.000,,,consensus,1,1
401114196,2019,2,8,2019-10-19T19:30Z,0,1,264,2483,WASH,ORE,31.000,35.000,0,3.000,48.500,159.000,-174.000,,,consensus,9,9
401114289,2019,2,8,2019-10-19T19:30Z,0,1,2348,2572,LAT,USM,45.000,30.000,0,2.500,58.500,118.000,-141.000,,,consensus,12,12
401117883,2019,2,8,2019-10-19T19:30Z,0,1,2426,58,NAVY,USF,35.000,3.000,0,-15.500,51.500,-766.000,511.000,,,consensus,151,151
401117885,2019,2,8,2019-10-19T19:30Z,0,1,2132,202,CIN,TLSA,24.000,13.000,0,-16.000,47.000,-883.000,558.000,,,consensus,151,151
401117887,2019,2,8,2019-10-19T19:30Z,0,1,2567,218,SMU,TEM,45.000,21.000,0,-9.500,60.000,-362.000,276.000,,,consensus,151,151
401119281,2019,2,8,2019-10-19T19:30Z,0,1,2006,2084,AKR,BUFF,0.000,21.000,0,17.500,47.500,686.000,-1175.000,,,consensus,15,15
401121955,2019,2,8,2019-10-19T19:30Z,0,1,2026,2433,APP,ULM,52.000,7.000,0,-15.500,66.000,-733.000,486.000,,,consensus,37,37
401110830,2019,2,8,2019-10-19T20:00Z,0,1,238,142,VAN,MIZ,21.000,14.000,0,21.000,56.500,851.000,-1647.000,,,consensus,8,8
401112079,2019,2,8,2019-10-19T20:00Z,0,1,197,239,OKST,BAY,27.000,45.000,0,-6.000,68.500,-232.000,185.000,,,consensus,4,4
401114286,2019,2,8,2019-10-19T20:00Z,0,1,98,2429,WKU,CLT,30.000,14.000,0,-10.000,48.000,-371.000,282.000,,,consensus,12,12
401114290,2019,2,8,2019-10-19T20:00Z,0,1,249,2393,UNT,MTSU,33.000,30.000,0,-7.500,59.500,-284.000,226.000,,,consensus,12,12
401114291,2019,2,8,2019-10-19T20:00Z,0,1,5,295,UAB,ODU,38.000,14.000,0,-16.500,42.000,-986.000,603.000,,,consensus,12,12
401110826,2019,2,8,2019-10-19T22:00Z,0,1,61,96,UGA,UK,21.000,0.000,0,-24.000,45.500,-1184.000,878.000,,,consensus,8,8
401114158,2019,2,8,2019-10-19T22:00Z,0,1,254,9,UTAH,ASU,21.000,3.000,0,-15.000,46.500,-800.000,526.000,,,consensus,9,9
401114292,2019,2,8,2019-10-19T22:00Z,0,1,2636,242,UTSA,RICE,31.000,27.000,0,5.500,42.500,175.000,-218.000,,,consensus,12,12
401114351,2019,2,8,2019-10-19T22:00Z,0,0,2335,311,LIB,ME,59.000,44.000,0,-15.500,43.500,-714.000,523.000,,,consensus,18,48
401112102,2019,2,8,2019-10-19T23:00Z,0,1,251,2305,TEX,KU,50.000,48.000,0,-21.000,63.000,-1322.000,740.000,,,consensus,4,4
401114187,2019,2,8,2019-10-19T23:00Z,0,1,265,38,WSU,COLO,41.000,10.000,0,-13.500,68.500,-516.000,380.000,,,consensus,9,9
401114287,2019,2,8,2019-10-19T23:00Z,0,1,2229,2638,FIU,UTEP,32.000,17.000,0,-24.500,51.500,-2818.000,1090.000,,,consensus,12,12
401114329,2019,2,8,2019-10-19T23:00Z,0,0,2247,349,GAST,ARMY,28.000,21.000,0,4.000,54.000,151.000,-182.000,,,consensus,37,18
401117529,2019,2,8,2019-10-19T23:00Z,0,1,23,21,SJSU,SDSU,17.000,27.000,0,7.500,45.500,243.000,-312.000,,,consensus,17,17
401117884,2019,2,8,2019-10-19T23:00Z,0,1,2116,151,UCF,ECU,41.000,28.000,0,-34.500,64.500,-8000.000,2200.000,,,consensus,151,151
401117888,2019,2,8,2019-10-19T23:00Z,0,1,235,2655,MEM,TULN,47.000,17.000,0,-2.000,61.000,-136.000,112.000,,,consensus,151,151
401119286,2019,2,8,2019-10-19T23:00Z,0,1,2199,2711,EMU,WMU,34.000,27.000,0,9.500,61.000,271.000,-352.000,,,consensus,15,15
401110827,2019,2,8,2019-10-19T23:30Z,0,1,145,245,MISS,TA&M,17.000,24.000,0,6.000,55.500,180.000,-223.000,,,consensus,8,8
401112226,2019,2,8,2019-10-19T23:30Z,0,1,213,130,PSU,MICH,28.000,21.000,0,-7.500,47.500,-266.000,243.000,,,consensus,5,5
401112487,2019,2,8,2019-10-19T23:30Z,0,1,154,52,WAKE,FSU,22.000,20.000,0,3.000,68.500,120.000,-144.000,,,consensus,1,1
401110824,2019,2,8,2019-10-20T01:00Z,0,1,333,2633,ALA,TENN,35.000,13.000,0,-35.000,62.000,,,,,consensus,8,8
401114169,2019,2,8,2019-10-20T01:30Z,0,1,30,12,USC,ARIZ,41.000,14.000,0,-10.000,69.000,-400.000,304.000,,,consensus,9,9
401117215,2019,2,8,2019-10-20T02:15Z,0,0,252,68,BYU,BSU,28.000,25.000,0,7.000,44.500,226.000,-286.000,,,consensus,18,17
401117527,2019,2,8,2019-10-20T02:15Z,0,1,328,2440,USU,NEV,36.000,10.000,0,-21.500,58.500,-1949.000,920.000,,,consensus,17,17
401117525,2019,2,8,2019-10-20T03:00Z,0,1,62,2005,HAW,AFA,26.000,56.000,0,4.000,66.000,149.000,-178.000,,,consensus,17,17
401117889,2019,2,9,2019-10-24T23:30Z,0,1,248,2567,HOU,SMU,31.000,34.000,0,12.500,65.000,428.000,-482.000,,,consensus,151,151
401114188,2019,2,9,2019-10-26T01:00Z,0,1,38,30,COLO,USC,31.000,35.000,0,10.500,64.500,290.000,-308.000,,,consensus,9,9
401110835,2019,2,9,2019-10-26T16:00Z,0,1,245,344,TA&M,MSST,49.000,30.000,0,-11.000,50.000,-452.000,331.000,,,consensus,8,8
401112110,2019,2,9,2019-10-26T16:00Z,0,1,2306,201,KSU,OKLA,48.000,41.000,0,23.500,59.000,919.000,-778.000,,,consensus,4,4
401112152,2019,2,9,2019-10-26T16:00Z,0,1,2509,356,PUR,ILL,6.000,24.000,0,-9.500,54.500,-358.000,275.000,,,consensus,5,5
401112197,2019,2,9,2019-10-26T16:00Z,0,1,77,2294,NW,IOWA,0.000,20.000,0,8.000,36.500,280.000,-363.000,,,consensus,5,5
401112254,2019,2,9,2019-10-26T16:00Z,0,1,194,275,OSU,WIS,38.000,7.000,0,-14.500,48.000,-838.000,872.000,,,consensus,5,5
401112266,2019,2,9,2019-10-26T16:00Z,0,0,164,2335,RUTG,LIB,44.000,34.000,0,7.500,44.000,244.000,-314.000,,,consensus,5,18
401112494,2019,2,9,2019-10-26T16:00Z,0,1,221,2390,PITT,MIA,12.000,16.000,0,-4.500,43.000,-225.000,186.000,,,consensus,1,1
401114330,2019,2,9,2019-10-26T16:00Z,0,0,349,23,ARMY,SJSU,29.000,34.000,0,-9.500,54.500,-383.000,288.000,,,consensus,18,17
401119288,2019,2,9,2019-10-26T16:00Z,0,1,2711,189,WMU,BGSU,49.000,10.000,0,-27.000,65.500,-4207.000,1458.000,,,consensus,15,15
401121957,2019,2,9,2019-10-26T16:00Z,0,1,6,2026,USA,APP,3.000,30.000,0,27.500,50.500,1523.000,-5019.000,,,consensus,37,37
401114298,2019,2,9,2019-10-26T17:00Z,0,1,242,2572,RICE,USM,6.000,20.000,0,10.000,51.500,304.000,-402.000,,,consensus,12,12
401117533,2019,2,9,2019-10-26T18:00Z,0,1,2751,2440,WYO,NEV,31.000,3.000,0,-13.500,44.000,-643.000,442.000,,,consensus,17,17
401119292,2019,2,9,2019-10-26T18:00Z,0,1,2050,195,BALL,OHIO,21.000,34.000,0,-2.500,59.500,-133.000,110.000,,,consensus,15,15
401114297,2019,2,9,2019-10-26T18:30Z,0,1,276,98,MRSH,WKU,26.000,23.000,0,-4.000,44.500,-187.000,154.000,,,consensus,12,12
401114344,2019,2,9,2019-10-26T19:00Z,0,0,290,166,GASO,NMSU,41.000,7.000,0,-13.500,53.500,-616.000,431.000,,,consensus,37,18
401110833,2019,2,9,2019-10-26T19:30Z,0,1,99,2,LSU,AUB,23.000,20.000,0,-11.500,58.500,-545.000,478.000,,,consensus,8,8
401112091,2019,2,9,2019-10-26T19:30Z,0,1,66,197,ISU,OKST,27.000,34.000,0,-11.000,65.000,-449.000,339.000,,,consensus,4,4
401112132,2019,2,9,2019-10-26T19:30Z,0,1,2628,251,TCU,TEX,37.000,27.000,0,-1.000,57.000,-115.000,-106.000,,,consensus,4,4
401112164,2019,2,9,2019-10-26T19:30Z,0,1,158,84,NEB,IND,31.000,38.000,0,-2.500,55.000,-137.000,114.000,,,consensus,5,5
401112207,2019,2,9,2019-10-26T19:30Z,0,1,135,120,MINN,MD,52.000,10.000,0,-14.500,59.500,-720.000,483.000,,,consensus,5,5
401112218,2019,2,9,2019-10-26T19:30Z,0,1,127,213,MSU,PSU,7.000,28.000,0,5.500,42.000,280.000,-252.000,,,consensus,5,5
401112492,2019,2,9,2019-10-26T19:30Z,0,1,52,183,FSU,SYR,35.000,17.000,0,-11.000,60.000,-456.000,342.000,,,consensus,1,1
401112493,2019,2,9,2019-10-26T19:30Z,0,1,97,258,LOU,UVA,28.000,21.000,0,3.500,51.500,156.000,-189.000,,,consensus,1,1
401114170,2019,2,9,2019-10-26T19:30Z,0,1,24,12,STAN,ARIZ,41.000,31.000,0,-3.000,54.000,-146.000,122.000,,,consensus,9,9
401114293,2019,2,9,2019-10-26T19:30Z,0,1,2429,249,CLT,UNT,39.000,38.000,0,4.000,64.500,150.000,-181.000,,,consensus,12,12
401114294,2019,2,9,2019-10-26T19:30Z,0,1,2393,2229,MTSU,FIU,50.000,17.000,0,1.000,57.000,-102.000,-121.000,,,consensus,12,12
401114295,2019,2,9,2019-10-26T19:30Z,0,1,295,2226,ODU,FAU,3.000,41.000,0,14.000,51.000,423.000,-596.000,,,consensus,12,12
401114357,2019,2,9,2019-10-26T19:30Z,0,0,113,41,MASS,CONN,35.000,56.000,0,9.500,62.000,283.000,-369.000,,,consensus,18,151
401117890,2019,2,9,2019-10-26T19:30Z,0,1,2426,2655,NAVY,TULN,41.000,38.000,0,-4.500,58.000,-198.000,164.000,,,consensus,151,151
401119287,2019,2,9,2019-10-26T19:30Z,0,1,2459,2006,NIU,AKR,49.000,0.000,0,-22.000,42.000,-2621.000,1080.000,,,consensus,15,15
401119289,2019,2,9,2019-10-26T19:30Z,0,1,2084,2117,BUFF,CMU,43.000,20.000,0,-2.500,45.500,-133.000,109.000,,,consensus,15,15
401119290,2019,2,9,2019-10-26T19:30Z,0,1,2649,2199,TOL,EMU,37.000,34.000,1,-2.500,52.000,-141.000,117.000,,,consensus,15,15
401119291,2019,2,9,2019-10-26T19:30Z,0,1,2309,193,KENT,M-OH,16.000,23.000,0,-2.500,54.000,-142.000,118.000,,,consensus,15,15
401117892,2019,2,9,2019-10-26T19:45Z,0,1,151,58,ECU,USF,20.000,45.000,0,1.000,51.000,-108.000,-114.000,,,consensus,151,151
401110834,2019,2,9,2019-10-26T20:00Z,0,1,2633,2579,TENN,SC,41.000,21.000,0,4.000,46.000,161.000,-196.000,,,consensus,8,8
401112491,2019,2,9,2019-10-26T20:00Z,0,1,153,150,UNC,DUKE,20.000,17.000,0,-3.000,53.500,-151.000,126.000,,,consensus,1,1
401117532,2019,2,9,2019-10-26T20:00Z,0,1,167,62,UNM,HAW,31.000,45.000,0,10.000,71.000,278.000,-366.000,,,consensus,17,17
401110831,2019,2,9,2019-10-26T23:00Z,0,1,333,8,ALA,ARK,48.000,7.000,0,-32.000,55.500,-14724.000,2650.000,,,consensus,8,8
401112103,2019,2,9,2019-10-26T23:00Z,0,1,2305,2641,KU,TTU,37.000,34.000,0,6.500,65.500,188.000,-236.000,,,consensus,4,4
401117891,2019,2,9,2019-10-26T23:00Z,0,1,218,2116,TEM,UCF,21.000,63.000,0,11.500,61.500,342.000,-459.000,,,consensus,151,151
401117893,2019,2,9,2019-10-26T23:00Z,0,1,202,235,TLSA,MEM,41.000,42.000,0,10.000,59.000,293.000,-383.000,,,consensus,151,151
401121958,2019,2,9,2019-10-26T23:00Z,0,1,2032,326,ARST,TXST,38.000,14.000,0,-10.500,60.500,-444.000,334.000,,,consensus,37,37
401121959,2019,2,9,2019-10-26T23:00Z,0,1,2247,2653,GAST,TROY,52.000,33.000,0,-1.000,67.500,-115.000,-107.000,,,consensus,37,37
401110832,2019,2,9,2019-10-26T23:30Z,0,1,96,142,UK,MIZ,29.000,7.000,0,9.500,43.500,295.000,-390.000,,,consensus,8,8
401112227,2019,2,9,2019-10-26T23:30Z,0,0,130,87,MICH,ND,45.000,14.000,0,-1.000,46.500,-125.000,103.000,,,consensus,5,18
401112490,2019,2,9,2019-10-26T23:30Z,0,1,228,103,CLEM,BC,59.000,7.000,0,-35.000,59.000,-13759.000,2625.000,,,consensus,1,1
401114159,2019,2,9,2019-10-26T23:30Z,0,1,26,9,UCLA,ASU,42.000,32.000,0,3.000,56.500,128.000,-155.000,,,consensus,9,9
401117531,2019,2,9,2019-10-26T23:30Z,0,1,278,36,FRES,CSU,31.000,41.000,0,-13.500,56.500,-609.000,429.000,,,consensus,17,17
401114296,2019,2,9,2019-10-27T00:00Z,0,1,2638,2348,UTEP,LAT,21.000,42.000,0,18.500,50.000,777.000,-1402.000,,,consensus,12,12
401114179,2019,2,9,2019-10-27T02:00Z,0,1,254,25,UTAH,CAL,35.000,0.000,0,-21.000,36.500,-2386.000,1048.000,,,consensus,9,9
401117530,2019,2,9,2019-10-27T02:15Z,0,1,2005,328,AFA,USU,31.000,7.000,0,-3.500,60.000,-176.000,145.000,,,consensus,17,17
401114197,2019,2,9,2019-10-27T02:30Z,0,1,2483,265,ORE,WSU,37.000,35.000,0,-14.500,67.500,-661.000,459.000,,,consensus,9,9
401117534,2019,2,9,2019-10-27T02:30Z,0,1,2439,21,UNLV,SDSU,17.000,20.000,0,11.500,44.500,364.000,-500.000,,,consensus,17,17
401112080,2019,2,10,2019-11-01T00:00Z,0,1,239,277,BAY,WVU,17.000,14.000,0,-18.000,56.500,-1002.000,619.000,,,consensus,4,4
401121960,2019,2,10,2019-11-01T00:00Z,0,1,2026,290,APP,GASO,21.000,24.000,0,-13.500,41.500,-703.000,474.000,,,consensus,37,37
401117894,2019,2,10,2019-11-02T00:00Z,0,1,41,2426,CONN,NAVY,10.000,56.000,0,26.500,54.500,1413.000,-4149.000,,,consensus,151,151
401110841,2019,2,10,2019-11-02T16:00Z,0,0,245,2636,TA&M,UTSA,45.000,14.000,0,-37.500,55.000,-400000.000,3500.000,,,consensus,8,12
401112208,2019,2,10,2019-11-02T16:00Z,0,1,120,130,MD,MICH,7.000,38.000,0,21.500,57.500,931.000,-1961.000,,,consensus,5,5
401112243,2019,2,10,2019-11-02T16:00Z,0,1,2509,158,PUR,NEB,31.000,27.000,0,4.000,58.000,154.000,-187.000,,,consensus,5,5
401112495,2019,2,10,2019-11-02T16:00Z,0,1,183,103,SYR,BC,27.000,58.000,0,-3.000,59.000,-158.000,131.000,,,consensus,1,1
401112500,2019,2,10,2019-11-02T16:00Z,0,1,154,152,WAKE,NCST,44.000,10.000,0,-8.000,61.000,-323.000,252.000,,,consensus,1,1
401114300,2019,2,10,2019-11-02T16:00Z,0,1,2229,295,FIU,ODU,24.000,17.000,0,-17.500,47.000,-1164.000,695.000,,,consensus,12,12
401114352,2019,2,10,2019-11-02T16:00Z,0,0,113,2335,MASS,LIB,21.000,63.000,0,24.000,71.500,1090.000,-2481.000,,,consensus,18,18
401117895,2019,2,10,2019-11-02T16:00Z,0,1,2116,248,UCF,HOU,44.000,29.000,0,-21.500,73.000,-2062.000,977.000,,,consensus,151,151
401119294,2019,2,10,2019-11-02T16:00Z,0,1,2199,2084,EMU,BUFF,14.000,43.000,0,1.500,50.000,-101.000,-122.000,,,consensus,15,15
401119295,2019,2,10,2019-11-02T16:00Z,0,1,2117,2459,CMU,NIU,48.000,10.000,0,1.500,49.000,100.000,-123.000,,,consensus,15,15
401119293,2019,2,10,2019-11-02T18:00Z,0,1,189,2006,BGSU,AKR,35.000,6.000,0,-4.000,49.500,-187.000,153.000,,,consensus,15,15
401112501,2019,2,10,2019-11-02T18:30Z,0,0,87,259,ND,VT,21.000,20.000,0,-17.500,59.000,-1003.000,631.000,,,consensus,18,1
401121962,2019,2,10,2019-11-02T19:00Z,0,1,324,2653,CCU,TROY,36.000,35.000,0,2.000,60.000,102.000,-125.000,,,consensus,37,37
401110838,2019,2,10,2019-11-02T19:30Z,1,1,57,61,FLA,UGA,17.000,24.000,0,6.500,47.500,200.000,-253.000,,,consensus,8,8
401112104,2019,2,10,2019-11-02T19:30Z,0,1,2305,2306,KU,KSU,10.000,38.000,0,5.000,55.000,172.000,-215.000,,,consensus,4,4
401112127,2019,2,10,2019-11-02T19:30Z,0,1,197,2628,OKST,TCU,34.000,27.000,0,-1.500,58.500,-123.000,100.000,,,consensus,4,4
401112153,2019,2,10,2019-11-02T19:30Z,0,1,356,164,ILL,RUTG,38.000,10.000,0,-18.500,48.000,-1478.000,816.000,,,consensus,5,5
401112497,2019,2,10,2019-11-02T19:30Z,0,1,52,2390,FSU,MIA,10.000,27.000,0,-3.000,49.500,-148.000,123.000,,,consensus,1,1
401114299,2019,2,10,2019-11-02T19:30Z,0,1,2429,2393,CLT,MTSU,34.000,20.000,0,3.500,65.000,157.000,-188.000,,,consensus,12,12
401114302,2019,2,10,2019-11-02T19:30Z,0,1,242,276,RICE,MRSH,7.000,20.000,0,11.500,48.500,360.000,-492.000,,,consensus,12,12
401114303,2019,2,10,2019-11-02T19:30Z,0,1,249,2638,UNT,UTEP,52.000,26.000,0,-22.500,58.500,-2212.000,1027.000,,,consensus,12,12
401114331,2019,2,10,2019-11-02T19:30Z,0,0,2005,349,AFA,ARMY,17.000,13.000,0,-17.000,45.000,-1095.000,653.000,,,consensus,17,18
401117538,2019,2,10,2019-11-02T19:30Z,0,1,36,2439,CSU,UNLV,37.000,17.000,0,-7.500,64.000,-316.000,247.000,,,consensus,17,17
401121961,2019,2,10,2019-11-02T19:30Z,0,1,2433,2032,ULM,ARST,41.000,48.000,0,1.000,69.500,-105.000,-117.000,,,consensus,37,37
401110836,2019,2,10,2019-11-02T20:00Z,0,1,8,344,ARK,MSST,24.000,54.000,0,7.000,59.000,231.000,-290.000,,,consensus,8,8
401112496,2019,2,10,2019-11-02T20:00Z,0,0,228,2747,CLEM,WOF,59.000,14.000,0,-48.500,58.500,,,,,consensus,1,29
401112498,2019,2,10,2019-11-02T20:00Z,0,1,59,221,GT,PITT,10.000,20.000,0,9.500,44.000,279.000,-368.000,,,consensus,1,1
401114227,2019,2,10,2019-11-02T20:00Z,0,1,264,254,WASH,UTAH,28.000,33.000,0,3.000,48.000,131.000,-158.000,,,consensus,9,9
401114301,2019,2,10,2019-11-02T20:00Z,0,1,98,2226,WKU,FAU,24.000,35.000,0,1.000,51.000,-104.000,-118.000,,,consensus,12,12
401117898,2019,2,10,2019-11-02T20:00Z,0,1,2655,202,TULN,TLSA,38.000,26.000,0,-10.000,59.500,-416.000,311.000,,,consensus,151,151
401114171,2019,2,10,2019-11-02T20:30Z,0,1,12,204,ARIZ,ORST,38.000,56.000,0,-4.500,71.500,-197.000,163.000,,,consensus,9,9
401121963,2019,2,10,2019-11-02T21:00Z,0,1,309,326,UL,TXST,31.000,3.000,0,-23.000,55.500,-2495.000,1071.000,,,consensus,37,37
401110837,2019,2,10,2019-11-02T23:00Z,0,1,2,145,AUB,MISS,20.000,14.000,0,-17.500,53.500,-1104.000,665.000,,,consensus,8,8
401110840,2019,2,10,2019-11-02T23:00Z,0,0,2633,5,TENN,UAB,30.000,7.000,0,-13.500,49.500,-571.000,405.000,,,consensus,8,12
401112165,2019,2,10,2019-11-02T23:00Z,0,1,84,77,IND,NW,34.000,3.000,0,-8.000,43.500,-349.000,266.000,,,consensus,5,5
401117896,2019,2,10,2019-11-02T23:00Z,0,1,151,2132,ECU,CIN,43.000,46.000,0,24.500,48.500,1279.000,-3697.000,,,consensus,151,151
401110839,2019,2,10,2019-11-02T23:30Z,0,1,2579,238,SC,VAN,24.000,7.000,0,-15.000,51.500,-765.000,507.000,,,consensus,8,8
401112499,2019,2,10,2019-11-02T23:30Z,0,1,153,258,UNC,UVA,31.000,38.000,0,-1.000,48.000,-113.000,-109.000,,,consensus,1,1
401117897,2019,2,10,2019-11-02T23:30Z,0,1,235,2567,MEM,SMU,54.000,48.000,0,-6.500,71.500,-224.000,179.000,,,consensus,151,151
401114198,2019,2,10,2019-11-03T00:00Z,0,1,30,2483,USC,ORE,24.000,56.000,0,3.500,60.000,142.000,-170.000,,,consensus,9,9
401114189,2019,2,10,2019-11-03T01:00Z,0,1,26,38,UCLA,COLO,31.000,14.000,0,-6.500,64.500,-249.000,199.000,,,consensus,9,9
401117216,2019,2,10,2019-11-03T02:00Z,0,0,328,252,USU,BYU,14.000,42.000,0,-3.000,51.000,-154.000,128.000,,,consensus,17,18
401117535,2019,2,10,2019-11-03T02:30Z,0,1,23,68,SJSU,BSU,42.000,52.000,0,16.500,61.000,575.000,-898.000,,,consensus,17,17
401117536,2019,2,10,2019-11-03T02:30Z,0,1,2440,167,NEV,UNM,21.000,10.000,0,-3.500,58.000,-172.000,142.000,,,consensus,17,17
401117537,2019,2,10,2019-11-03T03:59Z,0,1,62,278,HAW,FRES,38.000,41.000,0,-2.000,66.500,-130.000,106.000,,,consensus,17,17
401119297,2019,2,11,2019-11-06T00:00Z,0,1,2649,2309,TOL,KENT,35.000,33.000,0,-4.000,63.500,-179.000,148.000,,,consensus,15,15
401119296,2019,2,11,2019-11-06T01:00Z,0,1,2711,2050,WMU,BALL,35.000,31.000,0,-6.500,65.000,-255.000,200.000,,,consensus,15,15
401119298,2019,2,11,2019-11-07T01:00Z,0,1,195,193,OHIO,M-OH,21.000,24.000,0,-7.000,57.500,-301.000,236.000,,,consensus,15,15
401121964,2019,2,11,2019-11-08T00:30Z,0,1,324,309,CCU,UL,7.000,48.000,0,14.000,58.000,438.000,-620.000,,,consensus,37,37
401117899,2019,2,11,2019-11-08T01:00Z,0,1,58,218,USF,TEM,7.000,17.000,0,-1.000,49.500,-111.000,-112.000,,,consensus,151,151
401117900,2019,2,11,2019-11-09T00:00Z,0,1,202,2116,TLSA,UCF,34.000,31.000,0,16.500,68.000,556.000,-850.000,,,consensus,151,151
401114205,2019,2,11,2019-11-09T03:30Z,0,1,204,264,ORST,WASH,7.000,19.000,0,10.500,64.000,331.000,-435.000,,,consensus,9,9
401110843,2019,2,11,2019-11-09T17:00Z,0,0,8,98,ARK,WKU,19.000,45.000,0,-1.000,51.000,-113.000,-110.000,,,consensus,8,12
401110844,2019,2,11,2019-11-09T17:00Z,0,1,57,238,FLA,VAN,56.000,0.000,0,-27.000,49.000,-8174.000,1650.000,,,consensus,8,8
401112081,2019,2,11,2019-11-09T17:00Z,0,1,2628,239,TCU,BAY,23.000,29.000,1,2.000,48.000,105.000,-128.000,,,consensus,4,4
401112142,2019,2,11,2019-11-09T17:00Z,0,1,277,2641,WVU,TTU,17.000,38.000,0,2.500,56.000,115.000,-139.000,,,consensus,4,4
401112209,2019,2,11,2019-11-09T17:00Z,0,1,194,120,OSU,MD,73.000,14.000,0,-42.500,66.000,-200000.000,4000.000,,,consensus,5,5
401112235,2019,2,11,2019-11-09T17:00Z,0,1,135,213,MINN,PSU,31.000,26.000,0,6.500,48.500,209.000,-262.000,,,consensus,5,5
401112249,2019,2,11,2019-11-09T17:00Z,0,1,77,2509,NW,PUR,22.000,24.000,0,-1.000,39.000,-117.000,-104.000,,,consensus,5,5
401112502,2019,2,11,2019-11-09T17:00Z,0,1,103,52,BC,FSU,31.000,38.000,0,-1.000,64.500,-123.000,102.000,,,consensus,1,1
401114332,2019,2,11,2019-11-09T17:00Z,0,0,349,113,ARMY,MASS,63.000,7.000,0,-34.500,60.000,-31250.000,2700.000,,,consensus,18,18
401117902,2019,2,11,2019-11-09T17:00Z,0,1,2567,151,SMU,ECU,59.000,51.000,0,-22.000,74.000,-1679.000,888.000,,,consensus,151,151
401112504,2019,2,11,2019-11-09T17:30Z,0,1,258,59,UVA,GT,33.000,28.000,0,-16.000,45.500,-896.000,567.000,,,consensus,1,1
401114307,2019,2,11,2019-11-09T19:00Z,0,1,295,2636,ODU,UTSA,23.000,24.000,0,-3.000,42.000,-163.000,134.000,,,consensus,12,12
401114190,2019,2,11,2019-11-09T20:00Z,0,1,38,24,COLO,STAN,16.000,13.000,0,4.000,56.500,147.000,-178.000,,,consensus,9,9
401114304,2019,2,11,2019-11-09T20:00Z,0,1,2638,2429,UTEP,CLT,21.000,28.000,0,12.500,55.000,368.000,-498.000,,,consensus,12,12
401121967,2019,2,11,2019-11-09T20:00Z,0,1,326,6,TXST,USA,30.000,28.000,0,-7.000,41.500,-290.000,229.000,,,consensus,37,37
401110842,2019,2,11,2019-11-09T20:30Z,0,1,333,99,ALA,LSU,41.000,46.000,0,-6.000,65.500,-220.000,177.000,,,consensus,8,8
401112111,2019,2,11,2019-11-09T20:30Z,0,1,251,2306,TEX,KSU,27.000,24.000,0,-7.000,57.500,-291.000,230.000,,,consensus,4,4
401112154,2019,2,11,2019-11-09T20:30Z,0,1,127,356,MSU,ILL,34.000,37.000,0,-16.000,47.000,-793.000,518.000,,,consensus,5,5
401112505,2019,2,11,2019-11-09T20:30Z,0,1,2390,97,MIA,LOU,52.000,27.000,0,-6.500,49.000,-266.000,211.000,,,consensus,1,1
401112506,2019,2,11,2019-11-09T20:30Z,0,1,259,154,VT,WAKE,36.000,17.000,0,2.500,60.500,114.000,-138.000,,,consensus,1,1
401114160,2019,2,11,2019-11-09T20:30Z,0,1,9,30,ASU,USC,26.000,31.000,0,4.000,54.500,158.000,-191.000,,,consensus,9,9
401114308,2019,2,11,2019-11-09T20:30Z,0,1,2572,5,USM,UAB,37.000,2.000,0,-7.500,49.500,-320.000,247.000,,,consensus,12,12
401117901,2019,2,11,2019-11-09T20:30Z,0,1,2132,41,CIN,CONN,48.000,3.000,0,-34.000,53.000,-30201.000,2740.000,,,consensus,151,151
401121965,2019,2,11,2019-11-09T20:30Z,0,1,2653,290,TROY,GASO,49.000,28.000,0,2.500,56.000,114.000,-138.000,,,consensus,37,37
401110847,2019,2,11,2019-11-09T21:00Z,0,0,145,166,MISS,NMSU,41.000,3.000,0,-28.500,64.500,-6445.000,1591.000,,,consensus,8,18
401112198,2019,2,11,2019-11-09T21:00Z,0,1,275,2294,WIS,IOWA,24.000,22.000,0,-7.500,37.500,-326.000,255.000,,,consensus,5,5
401114306,2019,2,11,2019-11-09T21:00Z,0,1,2348,249,LAT,UNT,52.000,17.000,0,-5.500,71.500,-216.000,173.000,,,consensus,12,12
401121966,2019,2,11,2019-11-09T22:00Z,0,1,2433,2247,ULM,GAST,45.000,31.000,0,2.500,76.000,116.000,-140.000,,,consensus,37,37
401114305,2019,2,11,2019-11-09T23:00Z,0,1,2226,2229,FAU,FIU,37.000,7.000,0,-11.500,59.000,-477.000,352.000,,,consensus,12,12
401110845,2019,2,11,2019-11-10T00:00Z,0,1,61,142,UGA,MIZ,27.000,0.000,0,-18.500,48.000,-1541.000,819.000,,,consensus,8,8
401110848,2019,2,11,2019-11-10T00:00Z,0,0,2579,2026,SC,APP,15.000,20.000,0,-6.500,51.000,-259.000,207.000,,,consensus,8,37
401114180,2019,2,11,2019-11-10T00:00Z,0,1,25,265,CAL,WSU,33.000,20.000,0,8.500,52.000,262.000,-340.000,,,consensus,9,9
401117540,2019,2,11,2019-11-10T00:00Z,0,1,278,328,FRES,USU,35.000,37.000,0,-5.500,59.000,-212.000,170.000,,,consensus,17,17
401110846,2019,2,11,2019-11-10T00:30Z,0,1,96,2633,UK,TENN,13.000,17.000,0,-1.500,42.000,-122.000,100.000,,,consensus,8,8
401111654,2019,2,11,2019-11-10T00:30Z,0,0,150,87,DUKE,ND,7.000,38.000,0,7.000,49.500,233.000,-297.000,,,consensus,1,18
401112503,2019,2,11,2019-11-10T00:30Z,0,1,152,228,NCST,CLEM,10.000,55.000,0,35.000,54.500,2971.000,-20483.000,,,consensus,1,1
401114353,2019,2,11,2019-11-10T00:30Z,0,0,252,2335,BYU,LIB,31.000,24.000,0,-17.000,62.500,-973.000,614.000,,,consensus,18,18
401112092,2019,2,11,2019-11-10T01:00Z,0,1,201,66,OKLA,ISU,42.000,41.000,0,-14.500,70.000,-680.000,471.000,,,consensus,4,4
401117541,2019,2,11,2019-11-10T03:15Z,0,1,68,2751,BSU,WYO,20.000,17.000,1,-16.500,48.000,-894.000,569.000,,,consensus,17,17
401117542,2019,2,11,2019-11-10T03:30Z,0,1,21,2440,SDSU,NEV,13.000,17.000,0,-17.000,39.500,-1087.000,665.000,,,consensus,17,17
401117543,2019,2,11,2019-11-10T04:00Z,0,1,62,23,HAW,SJSU,42.000,40.000,0,-7.500,78.500,-312.000,241.000,,,consensus,17,17
401119299,2019,2,12,2019-11-12T23:00Z,0,1,2006,2199,AKR,EMU,14.000,42.000,0,17.000,45.000,625.000,-1029.000,,,consensus,15,15
401119300,2019,2,12,2019-11-12T23:30Z,0,1,195,2711,OHIO,WMU,34.000,37.000,1,-1.500,63.500,-118.000,-104.000,,,consensus,15,15
401119301,2019,2,12,2019-11-14T01:00Z,0,1,193,189,M-OH,BGSU,44.000,3.000,0,-17.000,47.500,-966.000,601.000,,,consensus,15,15
401119302,2019,2,12,2019-11-14T01:00Z,0,1,2649,2459,TOL,NIU,28.000,31.000,0,-2.000,55.500,-133.000,109.000,,,consensus,15,15
401119303,2019,2,12,2019-11-15T00:00Z,0,1,2309,2084,KENT,BUFF,30.000,27.000,0,6.000,55.000,198.000,-250.000,,,consensus,15,15
401112507,2019,2,12,2019-11-15T01:00Z,0,1,221,153,PITT,UNC,34.000,27.000,1,-4.000,49.000,-198.000,162.000,,,consensus,1,1
401114309,2019,2,12,2019-11-16T00:00Z,0,1,276,2348,MRSH,LAT,31.000,10.000,0,-6.500,54.000,-246.000,196.000,,,consensus,12,12
401117547,2019,2,12,2019-11-16T02:30Z,0,1,21,278,SDSU,FRES,17.000,7.000,0,-2.000,43.500,-134.000,110.000,,,consensus,17,17
401110851,2019,2,12,2019-11-16T17:00Z,0,1,344,333,MSST,ALA,7.000,38.000,0,19.000,61.000,750.000,-1316.000,,,consensus,8,8
401110852,2019,2,12,2019-11-16T17:00Z,0,1,142,57,MIZ,FLA,6.000,23.000,0,6.500,51.000,201.000,-253.000,,,consensus,8,8
401112105,2019,2,12,2019-11-16T17:00Z,0,1,197,2305,OKST,KU,31.000,13.000,0,-17.500,69.500,-963.000,612.000,,,consensus,4,4
401112133,2019,2,12,2019-11-16T17:00Z,0,1,2641,2628,TTU,TCU,31.000,33.000,0,3.500,53.500,151.000,-184.000,,,consensus,4,4
401112166,2019,2,12,2019-11-16T17:00Z,0,1,213,84,PSU,IND,34.000,27.000,0,-15.000,55.000,-753.000,498.000,,,consensus,5,5
401112219,2019,2,12,2019-11-16T17:00Z,0,1,130,127,MICH,MSU,44.000,10.000,0,-13.500,43.000,-642.000,445.000,,,consensus,5,5
401112244,2019,2,12,2019-11-16T17:00Z,0,1,158,275,NEB,WIS,21.000,37.000,0,14.000,50.000,488.000,-735.000,,,consensus,5,5
401112250,2019,2,12,2019-11-16T17:00Z,0,0,77,113,NW,MASS,45.000,6.000,0,-39.500,57.500,-200000.000,4000.000,,,consensus,5,18
401112510,2019,2,12,2019-11-16T17:00Z,0,0,52,2011,FSU,ALST,49.000,12.000,0,-41.000,53.000,,,,,consensus,1,31
401114333,2019,2,12,2019-11-16T17:00Z,0,0,349,2678,ARMY,VMI,47.000,6.000,0,-35.500,65.000,0.000,2800.000,,,consensus,18,29
401117905,2019,2,12,2019-11-16T17:00Z,0,1,218,2655,TEM,TULN,29.000,21.000,0,6.500,52.500,203.000,-254.000,,,consensus,151,151
401114312,2019,2,12,2019-11-16T18:00Z,0,1,5,2638,UAB,UTEP,37.000,10.000,0,-14.500,42.500,-805.000,529.000,,,consensus,12,12
401114338,2019,2,12,2019-11-16T19:30Z,0,0,87,2426,ND,NAVY,52.000,20.000,0,-7.500,55.500,-296.000,233.000,,,consensus,18,151
401117217,2019,2,12,2019-11-16T20:00Z,0,0,252,304,BYU,IDST,42.000,10.000,0,-33.000,58.500,0.000,2200.000,,,consensus,18,20
401121969,2019,2,12,2019-11-16T20:00Z,0,1,2032,324,ARST,CCU,28.000,27.000,0,-14.000,60.000,-645.000,446.000,,,consensus,37,37
401121970,2019,2,12,2019-11-16T20:00Z,0,1,290,2433,GASO,ULM,51.000,29.000,0,-6.500,57.500,-242.000,192.000,,,consensus,37,37
401121972,2019,2,12,2019-11-16T20:00Z,0,1,326,2653,TXST,TROY,27.000,63.000,0,7.000,63.500,227.000,-286.000,,,consensus,37,37
401110849,2019,2,12,2019-11-16T20:30Z,0,1,2,61,AUB,UGA,14.000,21.000,0,3.000,42.500,127.000,-153.000,,,consensus,8,8
401110854,2019,2,12,2019-11-16T20:30Z,0,1,238,96,VAN,UK,14.000,38.000,0,9.500,43.000,280.000,-364.000,,,consensus,8,8
401112093,2019,2,12,2019-11-16T20:30Z,0,1,66,251,ISU,TEX,23.000,21.000,0,-7.000,65.000,-261.000,208.000,,,consensus,4,4
401112112,2019,2,12,2019-11-16T20:30Z,0,1,2306,277,KSU,WVU,20.000,24.000,0,-14.000,46.000,-669.000,456.000,,,consensus,4,4
401112255,2019,2,12,2019-11-16T20:30Z,0,1,164,194,RUTG,OSU,21.000,56.000,0,52.000,63.000,-115.000,-111.000,,,consensus,5,5
401112508,2019,2,12,2019-11-16T20:30Z,0,1,228,154,CLEM,WAKE,52.000,3.000,0,-34.500,59.500,-12042.000,2629.000,,,consensus,1,1
401112511,2019,2,12,2019-11-16T20:30Z,0,1,59,259,GT,VT,0.000,45.000,0,6.000,51.000,188.000,-237.000,,,consensus,1,1
401117904,2019,2,12,2019-11-16T20:30Z,0,1,248,235,HOU,MEM,27.000,45.000,0,9.500,71.500,290.000,-381.000,,,consensus,151,151
401119304,2019,2,12,2019-11-16T20:30Z,0,1,2050,2117,BALL,CMU,44.000,45.000,0,-1.000,60.000,-121.000,100.000,,,consensus,15,15
401112199,2019,2,12,2019-11-16T21:00Z,0,1,2294,135,IOWA,MINN,23.000,19.000,0,-3.000,44.500,-165.000,136.000,,,consensus,5,5
401112509,2019,2,12,2019-11-16T21:00Z,0,1,150,183,DUKE,SYR,6.000,49.000,0,-9.000,49.000,-364.000,274.000,,,consensus,1,1
401114345,2019,2,12,2019-11-16T21:00Z,0,0,166,2916,NMSU,UIW,41.000,28.000,0,-7.500,60.000,-298.000,236.000,,,consensus,18,30
401117546,2019,2,12,2019-11-16T21:00Z,0,1,328,2751,USU,WYO,26.000,21.000,0,-4.500,51.500,-200.000,165.000,,,consensus,17,17
401117548,2019,2,12,2019-11-16T21:00Z,0,1,2439,62,UNLV,HAW,7.000,21.000,0,6.500,72.500,202.000,-255.000,,,consensus,17,17
401114231,2019,2,12,2019-11-16T21:30Z,0,1,265,24,WSU,STAN,49.000,22.000,0,-10.500,65.500,-414.000,318.000,,,consensus,9,9
401114310,2019,2,12,2019-11-16T21:30Z,0,1,2393,242,MTSU,RICE,28.000,31.000,0,-13.000,46.500,-622.000,439.000,,,consensus,12,12
401121971,2019,2,12,2019-11-16T22:00Z,0,1,6,309,USA,UL,27.000,37.000,0,27.500,53.000,1780.000,-9070.000,,,consensus,37,37
401114311,2019,2,12,2019-11-16T23:00Z,0,1,2636,2572,UTSA,USM,17.000,36.000,0,17.000,55.500,600.000,-948.000,,,consensus,12,12
401110850,2019,2,12,2019-11-17T00:00Z,0,1,145,99,MISS,LSU,37.000,58.000,0,21.000,66.000,940.000,-1931.000,,,consensus,8,8
401117544,2019,2,12,2019-11-17T00:00Z,0,1,36,2005,CSU,AFA,21.000,38.000,0,10.500,62.000,315.000,-416.000,,,consensus,17,17
401117903,2019,2,12,2019-11-17T00:00Z,0,1,58,2132,USF,CIN,17.000,20.000,0,13.000,47.000,394.000,-548.000,,,consensus,151,151
401110853,2019,2,12,2019-11-17T00:30Z,0,1,245,2579,TA&M,SC,30.000,6.000,0,-10.500,47.000,-446.000,331.000,,,consensus,8,8
401112082,2019,2,12,2019-11-17T00:30Z,0,1,239,201,BAY,OKLA,31.000,34.000,0,10.500,69.000,309.000,-406.000,,,consensus,4,4
401112512,2019,2,12,2019-11-17T00:30Z,0,1,152,97,NCST,LOU,20.000,34.000,0,4.500,51.500,154.000,-186.000,,,consensus,1,1
401114161,2019,2,12,2019-11-17T00:30Z,0,1,204,9,ORST,ASU,35.000,34.000,0,1.000,56.000,-103.000,-120.000,,,consensus,9,9
401121968,2019,2,12,2019-11-17T00:30Z,0,1,2247,2026,GAST,APP,27.000,56.000,0,15.000,61.000,491.000,-733.000,,,consensus,37,37
401114216,2019,2,12,2019-11-17T01:00Z,0,1,254,26,UTAH,UCLA,49.000,3.000,0,-21.000,52.000,-1979.000,952.000,,,consensus,9,9
401117545,2019,2,12,2019-11-17T03:15Z,0,1,68,167,BSU,UNM,42.000,9.000,0,-26.000,57.500,-3552.000,1325.000,,,consensus,17,17
401114172,2019,2,12,2019-11-17T03:30Z,0,1,2483,12,ORE,ARIZ,34.000,6.000,0,-27.000,68.500,-5430.000,1505.000,,,consensus,9,9
401114181,2019,2,12,2019-11-17T04:00Z,0,1,25,30,CAL,USC,17.000,41.000,0,4.000,48.000,161.000,-195.000,,,consensus,9,9
401119305,2019,2,13,2019-11-20T00:30Z,0,1,2459,2199,NIU,EMU,17.000,45.000,0,-3.500,58.000,-172.000,140.000,,,consensus,15,15
401119306,2019,2,13,2019-11-20T00:30Z,0,1,189,195,BGSU,OHIO,24.000,66.000,0,20.500,55.500,846.000,-1592.000,,,consensus,15,15
401119307,2019,2,13,2019-11-21T00:30Z,0,1,193,2006,M-OH,AKR,20.000,17.000,0,-28.000,45.000,-12702.000,2029.000,,,consensus,15,15
401119308,2019,2,13,2019-11-21T00:30Z,0,1,2084,2649,BUFF,TOL,49.000,30.000,0,-10.000,54.000,-408.000,305.000,,,consensus,15,15
401112513,2019,2,13,2019-11-22T01:00Z,0,1,59,152,GT,NCST,28.000,26.000,0,2.500,46.500,118.000,-143.000,,,consensus,1,1
401117550,2019,2,13,2019-11-23T02:30Z,0,1,2751,36,WYO,CSU,17.000,7.000,0,-4.500,51.000,-209.000,168.000,,,consensus,17,17
401110855,2019,2,13,2019-11-23T17:00Z,0,0,333,2717,ALA,WCU,66.000,3.000,0,-58.500,61.500,,,,,consensus,8,29
401110856,2019,2,13,2019-11-23T17:00Z,0,0,2,2535,AUB,SAM,52.000,0.000,0,-45.500,64.000,,,,,consensus,8,29
401112094,2019,2,13,2019-11-23T17:00Z,0,1,66,2305,ISU,KU,41.000,31.000,0,-26.500,58.500,-4123.000,1308.000,,,consensus,4,4
401112128,2019,2,13,2019-11-23T17:00Z,0,1,277,197,WVU,OKST,13.000,20.000,0,6.500,56.000,203.000,-254.000,,,consensus,4,4
401112155,2019,2,13,2019-11-23T17:00Z,0,1,2294,356,IOWA,ILL,19.000,10.000,0,-15.500,48.500,-837.000,529.000,,,consensus,5,5
401112220,2019,2,13,2019-11-23T17:00Z,0,1,164,127,RUTG,MSU,0.000,27.000,0,21.500,43.500,1110.000,-2644.000,,,consensus,5,5
401112236,2019,2,13,2019-11-23T17:00Z,0,1,77,135,NW,MINN,22.000,38.000,0,16.000,40.500,600.000,-931.000,,,consensus,5,5
401112256,2019,2,13,2019-11-23T17:00Z,0,1,194,213,OSU,PSU,28.000,17.000,0,-20.000,58.000,-1334.000,741.000,,,consensus,5,5
401112520,2019,2,13,2019-11-23T17:00Z,0,0,258,2335,UVA,LIB,55.000,27.000,0,-16.500,58.000,-809.000,526.000,,,consensus,1,18
401114358,2019,2,13,2019-11-23T17:00Z,0,0,113,252,MASS,BYU,24.000,56.000,0,41.500,69.000,4000.000,-200000.000,,,consensus,18,18
401117906,2019,2,13,2019-11-23T17:00Z,0,1,2655,2116,TULN,UCF,31.000,34.000,0,7.000,72.500,228.000,-286.000,,,consensus,151,151
401117908,2019,2,13,2019-11-23T17:00Z,0,1,41,151,CONN,ECU,24.000,31.000,0,15.500,64.000,466.000,-670.000,,,consensus,151,151
401119309,2019,2,13,2019-11-23T17:00Z,0,1,2309,2050,KENT,BALL,41.000,38.000,0,3.000,67.500,130.000,-156.000,,,consensus,15,15
401121976,2019,2,13,2019-11-23T19:00Z,0,1,2247,6,GAST,USA,28.000,15.000,0,-9.000,57.000,-353.000,270.000,,,consensus,37,37
401183793,2019,2,13,2019-11-23T19:00Z,0,1,167,2005,UNM,AFA,22.000,44.000,0,24.000,57.000,1245.000,-3079.000,,,consensus,17,17
401112514,2019,2,13,2019-11-23T19:30Z,0,0,87,103,ND,BC,40.000,7.000,0,-20.500,65.500,-1529.000,805.000,,,consensus,18,1
401121973,2019,2,13,2019-11-23T19:30Z,0,1,2026,326,APP,TXST,35.000,13.000,0,-28.000,50.000,-9306.000,1970.000,,,consensus,37,37
401121974,2019,2,13,2019-11-23T20:00Z,0,1,2032,290,ARST,GASO,38.000,33.000,0,-1.500,52.500,-122.000,-101.000,,,consensus,37,37
401110857,2019,2,13,2019-11-23T20:30Z,0,1,61,245,UGA,TA&M,19.000,13.000,0,-12.000,43.500,-522.000,377.000,,,consensus,8,8
401110858,2019,2,13,2019-11-23T20:30Z,0,0,96,2630,UK,UTM,50.000,7.000,0,-30.500,43.500,-10000.000,1800.000,,,consensus,8,26
401110862,2019,2,13,2019-11-23T20:30Z,0,0,238,2193,VAN,ETSU,38.000,0.000,0,-20.500,42.500,-1429.000,850.000,,,consensus,8,29
401112083,2019,2,13,2019-11-23T20:30Z,0,1,239,251,BAY,TEX,24.000,10.000,0,-4.000,58.000,-187.000,153.000,,,consensus,4,4
401112167,2019,2,13,2019-11-23T20:30Z,0,1,84,130,IND,MICH,14.000,39.000,0,9.500,53.500,295.000,-393.000,,,consensus,5,5
401112210,2019,2,13,2019-11-23T20:30Z,0,1,120,158,MD,NEB,7.000,54.000,0,6.500,63.500,207.000,-261.000,,,consensus,5,5
401112518,2019,2,13,2019-11-23T20:30Z,0,0,153,2382,UNC,MER,56.000,7.000,0,,,,,,,,1,29
401112519,2019,2,13,2019-11-23T20:30Z,0,1,259,221,VT,PITT,28.000,0.000,0,-3.500,43.500,-178.000,147.000,,,consensus,1,1
401114217,2019,2,13,2019-11-23T20:30Z,0,1,30,26,USC,UCLA,52.000,35.000,0,-13.500,66.000,-523.000,380.000,,,consensus,9,9
401114313,2019,2,13,2019-11-23T20:30Z,0,1,2429,276,CLT,MRSH,24.000,13.000,0,6.500,56.500,203.000,-254.000,,,consensus,12,12
401114315,2019,2,13,2019-11-23T20:30Z,0,1,5,2348,UAB,LAT,20.000,14.000,0,-6.500,44.000,-245.000,194.000,,,consensus,12,12
401114317,2019,2,13,2019-11-23T20:30Z,0,1,242,249,RICE,UNT,20.000,14.000,0,6.500,55.000,198.000,-249.000,,,consensus,12,12
401114318,2019,2,13,2019-11-23T20:30Z,0,1,2572,98,USM,WKU,10.000,28.000,0,-3.500,51.000,-169.000,140.000,,,consensus,12,12
401117911,2019,2,13,2019-11-23T20:30Z,0,1,2426,2567,NAVY,SMU,35.000,28.000,0,-3.500,69.000,-166.000,136.000,,,consensus,151,151
401112263,2019,2,13,2019-11-23T21:00Z,0,1,275,2509,WIS,PUR,45.000,24.000,0,-24.500,48.500,-4023.000,1423.000,,,consensus,5,5
401112516,2019,2,13,2019-11-23T21:00Z,0,1,97,183,LOU,SYR,56.000,34.000,0,-7.500,64.000,-301.000,238.000,,,consensus,1,1
401114182,2019,2,13,2019-11-23T21:00Z,0,1,24,25,STAN,CAL,20.000,24.000,0,-1.000,41.000,-117.000,-106.000,,,consensus,9,9
401114319,2019,2,13,2019-11-23T21:00Z,0,0,166,2638,NMSU,UTEP,44.000,35.000,0,-7.000,55.500,-284.000,224.000,,,consensus,18,12
401117553,2019,2,13,2019-11-23T21:00Z,0,1,2439,23,UNLV,SJSU,38.000,35.000,0,7.000,65.500,215.000,-273.000,,,consensus,17,17
401117909,2019,2,13,2019-11-23T21:00Z,0,1,58,235,USF,MEM,10.000,49.000,0,14.500,60.500,483.000,-725.000,,,consensus,151,151
401114316,2019,2,13,2019-11-23T21:30Z,0,1,2393,295,MTSU,ODU,38.000,17.000,0,-13.500,47.000,-633.000,441.000,,,consensus,12,12
401121975,2019,2,13,2019-11-23T22:00Z,0,1,2433,324,ULM,CCU,45.000,42.000,0,-6.000,63.500,-224.000,179.000,,,consensus,37,37
401121977,2019,2,13,2019-11-23T22:00Z,0,1,309,2653,UL,TROY,53.000,3.000,0,-12.500,74.000,-460.000,344.000,,,consensus,37,37
401114314,2019,2,13,2019-11-23T23:00Z,0,1,2636,2226,UTSA,FAU,26.000,40.000,0,21.500,57.500,914.000,-1858.000,,,consensus,12,12
401110859,2019,2,13,2019-11-24T00:00Z,0,1,99,8,LSU,ARK,56.000,20.000,0,-41.500,69.000,,4000.000,,,consensus,8,8
401112113,2019,2,13,2019-11-24T00:00Z,0,1,2641,2306,TTU,KSU,27.000,30.000,0,-1.000,57.000,-109.000,-113.000,,,consensus,4,4
401112517,2019,2,13,2019-11-24T00:00Z,0,0,2229,2390,FIU,MIA,30.000,24.000,0,21.000,50.500,925.000,-1943.000,,,consensus,12,1
401117907,2019,2,13,2019-11-24T00:00Z,0,1,2132,218,CIN,TEM,15.000,13.000,0,-9.000,44.500,-367.000,278.000,,,consensus,151,151
401110860,2019,2,13,2019-11-24T00:30Z,0,0,344,2000,MSST,ACU,45.000,7.000,0,-37.000,57.000,,3000.000,,,consensus,8,30
401110861,2019,2,13,2019-11-24T00:30Z,0,1,142,2633,MIZ,TENN,20.000,24.000,0,-2.500,47.500,-147.000,122.000,,,consensus,8,8
401112515,2019,2,13,2019-11-24T00:30Z,0,1,154,150,WAKE,DUKE,39.000,27.000,0,-6.500,50.000,-258.000,204.000,,,consensus,1,1
401114162,2019,2,13,2019-11-24T00:30Z,0,1,9,2483,ASU,ORE,31.000,28.000,0,13.500,54.500,422.000,-604.000,,,consensus,9,9
401117910,2019,2,13,2019-11-24T00:30Z,0,1,202,248,TLSA,HOU,14.000,24.000,0,-6.000,57.500,-231.000,188.000,,,consensus,151,151
401112120,2019,2,13,2019-11-24T01:00Z,0,1,201,2628,OKLA,TCU,28.000,24.000,0,-18.000,65.000,-1103.000,667.000,,,consensus,4,4
401114206,2019,2,13,2019-11-24T02:00Z,0,1,265,204,WSU,ORST,54.000,53.000,0,-10.500,77.500,-422.000,317.000,,,consensus,9,9
401114173,2019,2,13,2019-11-24T03:00Z,0,1,12,254,ARIZ,UTAH,7.000,35.000,0,23.500,57.500,1176.000,-2811.000,,,consensus,9,9
401114191,2019,2,13,2019-11-24T03:00Z,0,1,38,264,COLO,WASH,20.000,14.000,0,14.000,53.000,446.000,-639.000,,,consensus,9,9
401117549,2019,2,13,2019-11-24T03:30Z,0,1,328,68,USU,BSU,21.000,56.000,0,4.000,54.000,164.000,-196.000,,,consensus,17,17
401117551,2019,2,13,2019-11-24T03:30Z,0,1,278,2440,FRES,NEV,28.000,35.000,0,-12.500,51.500,-531.000,387.000,,,consensus,17,17
401117552,2019,2,13,2019-11-24T04:00Z,0,1,62,21,HAW,SDSU,14.000,11.000,0,-1.000,46.500,-117.000,-105.000,,,consensus,17,17
401119310,2019,2,14,2019-11-26T23:00Z,0,1,2006,195,AKR,OHIO,3.000,52.000,0,27.500,53.000,1492.000,-4701.000,,,consensus,15,15
401119311,2019,2,14,2019-11-27T00:00Z,0,1,2459,2711,NIU,WMU,17.000,14.000,0,10.000,51.500,311.000,-418.000,,,consensus,15,15
401110863,2019,2,14,2019-11-29T00:30Z,0,1,344,145,MSST,MISS,21.000,20.000,0,1.500,59.000,103.000,-125.000,,,consensus,8,8
401112138,2019,2,14,2019-11-29T17:00Z,0,1,251,2641,TEX,TTU,49.000,24.000,0,-8.000,65.500,-341.000,261.000,,,consensus,4,4
401112521,2019,2,14,2019-11-29T17:00Z,0,1,258,259,UVA,VT,39.000,30.000,0,1.500,48.500,107.000,-131.000,,,consensus,1,1
401119312,2019,2,14,2019-11-29T17:00Z,0,1,2084,189,BUFF,BGSU,49.000,7.000,0,-28.000,53.500,-9574.000,1933.000,,,consensus,15,15
401119313,2019,2,14,2019-11-29T17:00Z,0,1,2199,2309,EMU,KENT,26.000,34.000,0,-3.500,68.500,-180.000,148.000,,,consensus,15,15
401119314,2019,2,14,2019-11-29T17:00Z,0,1,2050,193,BALL,M-OH,41.000,27.000,0,-3.000,55.500,-165.000,136.000,,,consensus,15,15
401119315,2019,2,14,2019-11-29T17:00Z,0,1,2117,2649,CMU,TOL,49.000,7.000,0,-14.500,65.000,-617.000,443.000,,,consensus,15,15
401110864,2019,2,14,2019-11-29T19:30Z,0,1,8,142,ARK,MIZ,14.000,24.000,0,15.000,53.000,491.000,-730.000,,,consensus,8,8
401112200,2019,2,14,2019-11-29T19:30Z,0,1,158,2294,NEB,IOWA,24.000,27.000,0,4.000,46.000,158.000,-192.000,,,consensus,5,5
401117554,2019,2,14,2019-11-29T20:30Z,0,1,36,68,CSU,BSU,24.000,31.000,0,13.500,57.500,420.000,-588.000,,,consensus,17,17
401117913,2019,2,14,2019-11-29T20:30Z,0,1,235,2132,MEM,CIN,34.000,24.000,0,-13.500,59.500,-593.000,423.000,,,consensus,151,151
401114232,2019,2,14,2019-11-29T21:00Z,0,1,264,265,WASH,WSU,31.000,13.000,0,-7.000,65.000,-286.000,225.000,,,consensus,9,9
401112134,2019,2,14,2019-11-29T21:15Z,0,1,2628,277,TCU,WVU,17.000,20.000,0,-13.500,43.000,-628.000,438.000,,,consensus,4,4
401121979,2019,2,14,2019-11-29T22:00Z,0,1,6,2032,USA,ARST,34.000,30.000,0,10.500,53.000,312.000,-420.000,,,consensus,37,37
401121978,2019,2,14,2019-11-29T23:00Z,0,1,2653,2026,TROY,APP,13.000,48.000,0,11.000,64.000,330.000,-444.000,,,consensus,37,37
401117912,2019,2,14,2019-11-30T01:00Z,0,1,2116,58,UCF,USF,34.000,7.000,0,-24.000,61.500,-2803.000,1123.000,,,consensus,151,151
401110867,2019,2,14,2019-11-30T17:00Z,0,0,59,61,GT,UGA,7.000,52.000,0,28.500,46.000,2288.000,-18321.000,,,consensus,1,8
401110868,2019,2,14,2019-11-30T17:00Z,0,0,96,97,UK,LOU,45.000,13.000,0,-3.500,51.500,-170.000,141.000,,,consensus,8,1
401110870,2019,2,14,2019-11-30T17:00Z,0,0,2579,228,SC,CLEM,3.000,38.000,0,27.500,50.500,1689.000,-6888.000,,,consensus,8,1
401112156,2019,2,14,2019-11-30T17:00Z,0,1,356,77,ILL,NW,10.000,29.000,0,-6.000,39.500,-240.000,192.000,,,consensus,5,5
401112168,2019,2,14,2019-11-30T17:00Z,0,1,2509,84,PUR,IND,41.000,44.000,1,7.000,56.500,216.000,-275.000,,,consensus,5,5
401112228,2019,2,14,2019-11-30T17:00Z,0,1,130,194,MICH,OSU,27.000,56.000,0,9.000,53.000,261.000,-340.000,,,consensus,5,5
401114321,2019,2,14,2019-11-30T17:00Z,0,1,276,2229,MRSH,FIU,30.000,27.000,1,-10.000,50.000,-375.000,287.000,,,consensus,12,12
401117915,2019,2,14,2019-11-30T17:00Z,0,1,151,202,ECU,TLSA,24.000,49.000,0,7.000,64.000,204.000,-257.000,,,consensus,151,151
401121980,2019,2,14,2019-11-30T17:00Z,0,1,324,326,CCU,TXST,24.000,21.000,0,-7.000,52.000,-278.000,221.000,,,consensus,37,37
401112525,2019,2,14,2019-11-30T17:30Z,0,1,183,154,SYR,WAKE,39.000,30.000,1,6.500,68.000,193.000,-242.000,,,consensus,1,1
401114320,2019,2,14,2019-11-30T19:00Z,0,1,295,2429,ODU,CLT,22.000,38.000,0,10.500,51.000,310.000,-415.000,,,consensus,12,12
401114324,2019,2,14,2019-11-30T19:00Z,0,1,98,2393,WKU,MTSU,31.000,26.000,0,-10.000,46.500,-410.000,310.000,,,consensus,12,12
401114346,2019,2,14,2019-11-30T19:00Z,0,0,2335,166,LIB,NMSU,49.000,28.000,0,-14.500,68.000,-715.000,488.000,,,consensus,18,18
401117556,2019,2,14,2019-11-30T19:00Z,0,1,2005,2751,AFA,WYO,20.000,6.000,0,-13.000,41.500,-574.000,412.000,,,consensus,17,17
401114326,2019,2,14,2019-11-30T20:00Z,0,1,2638,242,UTEP,RICE,16.000,30.000,0,6.500,43.500,208.000,-259.000,,,consensus,12,12
401117558,2019,2,14,2019-11-30T20:00Z,0,1,2440,2439,NEV,UNLV,30.000,33.000,1,-7.000,51.500,-268.000,213.000,,,consensus,17,17
401110865,2019,2,14,2019-11-30T20:30Z,0,1,2,333,AUB,ALA,48.000,45.000,0,3.500,51.000,149.000,-182.000,,,consensus,8,8
401112084,2019,2,14,2019-11-30T20:30Z,0,1,2305,239,KU,BAY,6.000,61.000,0,14.000,48.000,464.000,-670.000,,,consensus,4,4
401112221,2019,2,14,2019-11-30T20:30Z,0,1,127,120,MSU,MD,19.000,16.000,0,-21.500,47.500,-2186.000,1013.000,,,consensus,5,5
401112237,2019,2,14,2019-11-30T20:30Z,0,1,135,275,MINN,WIS,17.000,38.000,0,3.000,44.500,139.000,-170.000,,,consensus,5,5
401112261,2019,2,14,2019-11-30T20:30Z,0,1,213,164,PSU,RUTG,27.000,6.000,0,-39.000,51.000,-200000.000,4000.000,,,consensus,5,5
401112522,2019,2,14,2019-11-30T20:30Z,0,1,221,103,PITT,BC,19.000,26.000,0,-8.500,51.500,-321.000,249.000,,,consensus,1,1
401112523,2019,2,14,2019-11-30T20:30Z,0,1,150,2390,DUKE,MIA,27.000,17.000,0,9.500,44.000,277.000,-365.000,,,consensus,1,1
401114322,2019,2,14,2019-11-30T20:30Z,0,1,2226,2572,FAU,USM,34.000,17.000,0,-9.500,58.000,-332.000,261.000,,,consensus,12,12
401114323,2019,2,14,2019-11-30T20:30Z,0,1,2348,2636,LAT,UTSA,41.000,27.000,0,-21.000,56.500,-1531.000,832.000,,,consensus,12,12
401117914,2019,2,14,2019-11-30T20:30Z,0,1,218,41,TEM,CONN,49.000,17.000,0,-27.000,48.000,-7895.000,1711.000,,,consensus,151,151
401110871,2019,2,14,2019-11-30T21:00Z,0,1,2633,238,TENN,VAN,28.000,10.000,0,-23.000,48.000,-2664.000,1130.000,,,consensus,8,8
401114199,2019,2,14,2019-11-30T21:00Z,0,1,2483,204,ORE,ORST,24.000,10.000,0,-20.500,65.500,-1249.000,728.000,,,consensus,9,9
401114212,2019,2,14,2019-11-30T21:00Z,0,0,24,87,STAN,ND,24.000,45.000,0,17.000,45.500,645.000,-1051.000,,,consensus,9,18
401114325,2019,2,14,2019-11-30T21:00Z,0,1,249,5,UNT,UAB,21.000,26.000,0,3.500,49.500,147.000,-179.000,,,consensus,12,12
401117555,2019,2,14,2019-11-30T21:00Z,0,1,167,328,UNM,USU,25.000,38.000,0,11.000,63.000,338.000,-460.000,,,consensus,17,17
401117917,2019,2,14,2019-11-30T21:00Z,0,1,2567,2655,SMU,TULN,37.000,20.000,0,-3.000,72.000,-159.000,133.000,,,consensus,151,151
401121981,2019,2,14,2019-11-30T23:00Z,0,1,290,2247,GASO,GAST,38.000,10.000,0,-6.500,56.500,-255.000,206.000,,,consensus,37,37
401110869,2019,2,14,2019-12-01T00:00Z,0,1,99,245,LSU,TA&M,50.000,7.000,0,-17.500,63.500,-1041.000,627.000,,,consensus,8,8
401112095,2019,2,14,2019-12-01T00:00Z,0,1,2306,66,KSU,ISU,27.000,17.000,0,5.000,45.000,165.000,-203.000,,,consensus,4,4
401112524,2019,2,14,2019-12-01T00:00Z,0,1,152,153,NCST,UNC,10.000,41.000,0,11.000,57.500,324.000,-431.000,,,consensus,1,1
401117916,2019,2,14,2019-12-01T00:00Z,0,1,248,2426,HOU,NAVY,41.000,56.000,0,9.500,56.500,285.000,-370.000,,,consensus,151,151
401110866,2019,2,14,2019-12-01T00:30Z,0,0,57,52,FLA,FSU,40.000,17.000,0,-17.000,55.500,-921.000,587.000,,,consensus,8,1
401114192,2019,2,14,2019-12-01T00:30Z,0,1,254,38,UTAH,COLO,45.000,15.000,0,-27.500,49.500,-9160.000,1825.000,,,consensus,9,9
401121982,2019,2,14,2019-12-01T00:30Z,0,1,309,2433,UL,ULM,31.000,30.000,0,-20.000,71.000,-1086.000,656.000,,,consensus,37,37
401112121,2019,2,14,2019-12-01T01:00Z,0,1,197,201,OKST,OKLA,16.000,34.000,0,14.000,68.000,432.000,-604.000,,,consensus,4,4
401117218,2019,2,14,2019-12-01T02:00Z,0,0,21,252,SDSU,BYU,13.000,3.000,0,4.500,39.000,172.000,-212.000,,,consensus,17,18
401114163,2019,2,14,2019-12-01T03:00Z,0,1,9,12,ASU,ARIZ,24.000,14.000,0,-13.500,60.500,-495.000,360.000,,,consensus,9,9
401114183,2019,2,14,2019-12-01T03:30Z,0,1,26,25,UCLA,CAL,18.000,28.000,0,-1.000,51.000,-118.000,-104.000,,,consensus,9,9
401117557,2019,2,14,2019-12-01T03:30Z,0,1,23,278,SJSU,FRES,17.000,16.000,0,-2.500,60.500,-134.000,111.000,,,consensus,17,17
401114334,2019,2,14,2019-12-01T04:59Z,0,0,62,349,HAW,ARMY,52.000,31.000,0,-2.000,55.000,-131.000,107.000,,,consensus,17,18
401132973,2019,2,15,2019-12-07T01:00Z,1,0,2483,254,ORE,UTAH,37.000,15.000,0,-6.500,45.500,198.000,-255.000,,,consensus,9,9
401132974,2019,2,15,2019-12-07T17:00Z,1,0,201,239,OKLA,BAY,30.000,23.000,1,-9.500,66.500,-357.000,269.000,,,consensus,4,4
401132982,2019,2,15,2019-12-07T17:00Z,1,0,2117,193,CMU,M-OH,21.000,26.000,0,-6.500,56.500,-242.000,192.000,,,consensus,15,15
401132984,2019,2,15,2019-12-07T17:00Z,0,0,2026,309,APP,UL,45.000,38.000,0,-5.000,58.000,-221.000,175.000,,,consensus,37,37
401132980,2019,2,15,2019-12-07T18:30Z,0,0,2226,5,FAU,UAB,49.000,6.000,0,-8.000,49.500,-323.000,248.000,,,consensus,12,12
401132976,2019,2,15,2019-12-07T20:30Z,0,0,235,2132,MEM,CIN,29.000,24.000,0,-9.000,59.000,-337.000,254.000,,,consensus,151,151
401132979,2019,2,15,2019-12-07T21:00Z,0,0,68,62,BSU,HAW,31.000,10.000,0,-14.000,64.500,-645.000,438.000,,,consensus,17,17
401132981,2019,2,15,2019-12-07T21:00Z,1,0,99,61,LSU,UGA,37.000,10.000,0,-7.000,57.000,-295.000,228.000,,,consensus,8,8
401132975,2019,2,15,2019-12-08T00:30Z,1,0,228,258,CLEM,UVA,62.000,17.000,0,-29.000,57.000,-5323.000,1427.000,,,consensus,1,1
401132983,2019,2,15,2019-12-08T01:00Z,1,0,275,194,WIS,OSU,21.000,34.000,0,16.500,57.500,537.000,-853.000,,,consensus,5,5
401114335,2019,2,16,2019-12-14T20:00Z,1,0,2426,349,NAVY,ARMY,31.000,7.000,0,-11.500,41.500,-521.000,368.000,,,consensus,151,18
401135260,2019,3,1,2019-12-20T19:00Z,1,0,2429,2084,CLT,BUFF,9.000,31.000,0,7.000,51.500,205.000,-260.000,,,consensus,12,15
401135261,2019,3,1,2019-12-21T00:30Z,1,0,2309,328,KENT,USU,51.000,41.000,0,7.000,71.500,222.000,-282.000,,,consensus,15,17
401135263,2019,3,1,2019-12-21T19:00Z,1,0,21,2117,SDSU,CMU,48.000,11.000,0,-3.500,40.500,-185.000,152.000,,,consensus,17,15
401147693,2019,3,1,2019-12-21T19:30Z,1,0,290,2335,GASO,LIB,16.000,23.000,0,-5.000,58.500,-212.000,171.000,,,consensus,37,18
401135264,2019,3,1,2019-12-21T20:30Z,0,0,2226,2567,FAU,SMU,52.000,28.000,0,7.000,63.500,204.000,-259.000,,,consensus,12,151
401135265,2019,3,1,2019-12-21T22:30Z,1,0,2032,2229,ARST,FIU,34.000,26.000,0,1.000,59.500,-107.000,-114.000,,,consensus,37,12
401135266,2019,3,1,2019-12-22T00:30Z,1,0,264,68,WASH,BSU,38.000,7.000,0,-3.500,48.000,-178.000,148.000,,,consensus,9,17
401135267,2019,3,1,2019-12-22T02:00Z,1,0,5,2026,UAB,APP,17.000,31.000,0,17.000,47.500,572.000,-918.000,,,consensus,12,37
401135268,2019,3,1,2019-12-23T19:30Z,1,0,276,2116,MRSH,UCF,25.000,48.000,0,15.500,59.500,445.000,-654.000,,,consensus,12,151
401135269,2019,3,1,2019-12-25T01:00Z,0,0,62,252,HAW,BYU,38.000,34.000,0,-2.500,65.000,-143.000,118.000,,,consensus,17,18
401135270,2019,3,1,2019-12-26T21:00Z,1,0,2390,2348,MIA,LAT,0.000,14.000,0,-6.500,49.500,-255.000,201.000,,,consensus,1,12
401135271,2019,3,1,2019-12-27T01:00Z,1,0,2199,221,EMU,PITT,30.000,34.000,0,12.000,51.000,362.000,-498.000,,,consensus,15,1
401135272,2019,3,1,2019-12-27T17:00Z,1,0,218,153,TEM,UNC,13.000,55.000,0,6.000,56.500,186.000,-234.000,,,consensus,151,1
401135273,2019,3,1,2019-12-27T20:20Z,1,0,154,127,WAKE,MSU,21.000,27.000,0,3.500,51.500,146.000,-177.000,,,consensus,1,5
401135274,2019,3,1,2019-12-27T23:45Z,1,0,245,197,TA&M,OKST,24.000,21.000,0,-4.500,55.000,-204.000,165.000,,,consensus,8,4
401136253,2019,3,1,2019-12-28T01:00Z,1,0,2294,30,IOWA,USC,49.000,24.000,0,1.500,54.500,-101.000,-121.000,,,consensus,5,9
401135275,2019,3,1,2019-12-28T03:15Z,1,0,265,2005,WSU,AFA,21.000,31.000,0,2.500,71.500,115.000,-140.000,,,consensus,9,17
401135276,2019,3,1,2019-12-28T17:00Z,1,0,66,87,ISU,ND,9.000,33.000,0,3.500,54.500,147.000,-178.000,,,consensus,4,18
401135277,2019,3,1,2019-12-28T17:00Z,1,0,213,235,PSU,MEM,53.000,39.000,0,-6.500,59.500,-254.000,201.000,,,consensus,5,151
401135278,2019,3,1,2019-12-28T21:20Z,1,0,99,201,LSU,OKLA,63.000,28.000,0,-12.500,75.500,-493.000,361.000,,,consensus,8,4
401135279,2019,3,1,2019-12-29T01:20Z,1,0,194,228,OSU,CLEM,23.000,29.000,0,2.500,62.500,112.000,-137.000,,,consensus,5,1
401135280,2019,3,1,2019-12-30T17:30Z,1,0,2711,98,WMU,WKU,20.000,23.000,0,3.000,56.000,128.000,-155.000,,,consensus,15,12
401135281,2019,3,1,2019-12-30T21:00Z,1,0,97,344,LOU,MSST,38.000,28.000,0,4.500,64.500,161.000,-196.000,,,consensus,1,8
401136254,2019,3,1,2019-12-30T21:00Z,1,0,356,25,ILL,CAL,20.000,35.000,0,6.000,47.500,200.000,-255.000,,,consensus,5,9
401135282,2019,3,1,2019-12-31T01:00Z,1,0,258,57,UVA,FLA,28.000,36.000,0,-15.500,55.000,476.000,-713.000,,,consensus,1,8
401135283,2019,3,1,2019-12-31T17:00Z,1,0,96,259,UK,VT,37.000,30.000,0,2.500,46.500,110.000,-135.000,,,consensus,8,1
401136255,2019,3,1,2019-12-31T19:00Z,1,0,9,52,ASU,FSU,20.000,14.000,0,-3.000,51.500,-155.000,129.000,,,consensus,9,1
401135284,2019,3,1,2019-12-31T20:45Z,1,0,2306,2426,KSU,NAVY,17.000,20.000,0,2.000,53.000,109.000,-133.000,,,consensus,4,151
401147695,2019,3,1,2019-12-31T21:30Z,1,0,2247,2751,GAST,WYO,17.000,38.000,0,-7.500,49.000,227.000,-291.000,,,consensus,37,17
401135285,2019,3,1,2020-01-01T00:30Z,1,0,251,254,TEX,UTAH,38.000,10.000,0,7.000,55.500,212.000,-267.000,,,consensus,4,9
401135286,2019,3,1,2020-01-01T18:00Z,1,0,333,130,ALA,MICH,35.000,16.000,0,-7.500,60.000,-302.000,233.000,,,consensus,8,5
401135287,2019,3,1,2020-01-01T18:00Z,1,0,2,135,AUB,MINN,24.000,31.000,0,-7.000,53.500,-271.000,211.000,,,consensus,8,5
401135288,2019,3,1,2020-01-01T22:10Z,1,0,275,2483,WIS,ORE,27.000,28.000,0,3.000,52.500,-162.000,134.000,,,consensus,5,9
401135289,2019,3,1,2020-01-02T01:45Z,1,0,239,61,BAY,UGA,14.000,26.000,0,-3.500,43.500,147.000,-179.000,,,consensus,4,8
401135290,2019,3,1,2020-01-02T20:00Z,1,0,2132,103,CIN,BC,38.000,6.000,0,7.500,53.500,-315.000,240.000,,,consensus,151,1
401135291,2019,3,1,2020-01-03T00:00Z,1,0,2633,84,TENN,IND,23.000,22.000,0,-3.500,56.000,-168.000,138.000,,,consensus,8,5
401135292,2019,3,1,2020-01-03T20:30Z,1,0,2440,195,NEV,OHIO,21.000,30.000,0,10.000,62.500,293.000,-390.000,,,consensus,17,15
401135293,2019,3,1,2020-01-04T16:30Z,1,0,2655,2572,TULN,USM,30.000,13.000,0,-7.000,57.500,-283.000,223.000,,,consensus,151,12
401135294,2019,3,1,2020-01-07T00:30Z,1,0,193,309,M-OH,UL,17.000,27.000,0,15.000,55.500,444.000,-659.000,,,consensus,15,37
401135295,2019,3,1,2020-01-14T01:00Z,1,0,99,228,LSU,CLEM,42.000,25.000,0,-4.500,66.500,-194.000,161.000,,,consensus,8,1
401238035,2020,2,1,2020-09-04T00:00Z,0,0,5,2110,UAB,CARK,45.000,35.000,0,-21.000,49.500,-1731.000,787.000,,,consensus,12,30
401207101,2020,2,1,2020-09-04T01:00Z,0,0,2572,6,USM,USA,21.000,32.000,0,-12.500,54.500,-539.000,344.000,,,consensus,12,37
401237353,2020,2,1,2020-09-05T17:00Z,0,0,276,2198,MRSH,EKU,59.000,0.000,0,-25.500,55.000,-4600.000,1294.000,,,consensus,12,26
401235700,2020,2,1,2020-09-05T17:30Z,0,0,349,2393,ARMY,MTSU,42.000,0.000,0,-3.500,54.000,-187.000,136.000,,,consensus,18,12
401212484,2020,2,1,2020-09-05T20:30Z,0,0,326,2567,TXST,SMU,24.000,31.000,0,24.500,70.500,1027.000,-2541.000,,,consensus,37,151
401207098,2020,2,1,2020-09-05T23:30Z,0,0,249,2277,UNT,HBU,57.000,31.000,0,-23.000,74.500,-2932.000,1015.000,,,consensus,12,30
401212553,2020,2,1,2020-09-06T00:00Z,0,0,235,2032,MEM,ARST,37.000,24.000,0,-18.500,72.000,-1097.000,584.000,,,consensus,151,37
401239884,2020,2,1,2020-09-06T01:00Z,0,0,2638,2617,UTEP,SFA,24.000,14.000,0,-4.000,54.000,-209.000,147.000,,,consensus,12,30
401234576,2020,2,1,2020-09-08T00:00Z,0,0,2426,252,NAVY,BYU,3.000,55.000,0,1.000,48.500,-108.000,-129.000,,,consensus,151,18
401234559,2020,2,2,2020-09-11T00:00Z,0,0,2390,5,MIAMI,UAB,31.000,14.000,0,-15.500,55.000,-733.000,494.000,,,consensus,1,12
401234565,2020,2,2,2020-09-12T16:00Z,0,1,153,183,UNC,SYR,31.000,6.000,0,-24.000,66.500,-2198.000,1041.000,,,consensus,1,1
401236038,2020,2,2,2020-09-12T16:00Z,0,0,277,2198,WVU,EKU,56.000,10.000,0,-41.000,58.500,-10000.000,-10000.000,,,consensus,4,26
401236053,2020,2,2,2020-09-12T16:00Z,0,0,2306,2032,KSU,ARST,31.000,35.000,0,-14.500,54.500,-623.000,444.000,,,consensus,4,37
401236081,2020,2,2,2020-09-12T16:00Z,0,0,2026,2429,APP,CLT,35.000,20.000,0,-16.500,59.500,-827.000,542.000,,,consensus,37,12
401236221,2020,2,2,2020-09-12T16:00Z,0,0,66,309,ISU,UL,14.000,31.000,0,-13.500,56.000,-514.000,374.000,,,consensus,4,37
401240113,2020,2,2,2020-09-12T17:30Z,0,0,349,2433,ARMY,ULM,37.000,7.000,0,-24.500,53.500,-1846.000,951.000,,,consensus,18,37
401234574,2020,2,2,2020-09-12T18:30Z,0,1,87,150,ND,DUKE,27.000,13.000,0,-21.500,51.000,-1803.000,907.000,,,consensus,1,1
401207113,2020,2,2,2020-09-12T19:30Z,0,0,326,2636,TXST,UTSA,48.000,51.000,1,-6.000,57.000,-230.000,185.000,,,consensus,37,12
401234563,2020,2,2,2020-09-12T20:00Z,0,1,52,59,FSU,GT,13.000,16.000,0,-12.500,50.500,-556.000,405.000,,,consensus,1,1
401240233,2020,2,2,2020-09-12T20:00Z,0,0,221,2046,PITT,APSU,55.000,0.000,0,-30.500,48.500,-10000.000,2200.000,,,consensus,1,26
401215298,2020,2,2,2020-09-12T20:14Z,0,0,290,2097,GASO,CAM,27.000,26.000,0,-27.500,58.500,-10000.000,1700.000,,,consensus,37,40
401236054,2020,2,2,2020-09-12T23:00Z,0,0,201,2623,OU,MOST,48.000,0.000,0,-50.500,72.000,-10000.000,-10000.000,,,consensus,4,21
401240039,2020,2,2,2020-09-12T23:00Z,0,0,58,2643,USF,CIT,27.000,6.000,0,-17.500,51.500,-1002.000,642.000,,,consensus,151,29
401234562,2020,2,2,2020-09-12T23:30Z,0,1,154,228,WAKE,CLEM,13.000,37.000,0,34.500,58.500,1950.000,-8235.000,,,consensus,1,1
401239973,2020,2,2,2020-09-12T23:30Z,0,0,6,2655,USA,TULN,24.000,27.000,0,11.500,51.500,338.000,-458.000,,,consensus,37,151
401234564,2020,2,2,2020-09-13T00:00Z,0,0,97,98,LOU,WKU,35.000,21.000,0,-13.000,55.000,-484.000,359.000,,,consensus,1,12
401236039,2020,2,2,2020-09-13T00:00Z,0,0,2641,2277,TTU,HBU,35.000,33.000,0,-40.000,81.000,-10000.000,-10000.000,,,consensus,4,30
401236222,2020,2,2,2020-09-13T00:00Z,0,0,251,2638,TEX,UTEP,59.000,3.000,0,-45.000,55.000,-10000.000,-10000.000,,,consensus,4,12
401236658,2020,2,2,2020-09-13T02:00Z,0,0,2305,324,KU,CCU,23.000,38.000,0,-6.000,55.500,-224.000,179.000,,,consensus,4,37
401240126,2020,2,3,2020-09-18T23:30Z,0,0,324,2097,CCU,CAM,43.000,21.000,0,-27.500,60.500,-8000.000,1689.000,,,consensus,37,40
401207124,2020,2,3,2020-09-19T16:00Z,0,0,98,2335,WKU,LIB,24.000,30.000,0,-14.500,51.500,-632.000,444.000,,,consensus,12,18
401212522,2020,2,3,2020-09-19T16:00Z,0,1,2655,2426,TULN,NAVY,24.000,27.000,0,-5.500,45.000,-217.000,174.000,,,consensus,151,151
401212541,2020,2,3,2020-09-19T16:00Z,0,0,2132,2046,CIN,APSU,55.000,20.000,0,-39.500,54.000,,,,,consensus,151,26
401215301,2020,2,3,2020-09-19T16:00Z,0,1,2247,309,GAST,UL,31.000,34.000,1,17.000,57.500,515.000,-226.000,,,consensus,37,37
401234567,2020,2,3,2020-09-19T16:00Z,0,1,150,103,DUKE,BC,6.000,26.000,0,-3.500,50.500,-177.000,148.000,,,consensus,1,1
401234571,2020,2,3,2020-09-19T16:00Z,0,1,221,183,PITT,SYR,21.000,10.000,0,-21.000,47.000,-1698.000,889.000,,,consensus,1,1
401236041,2020,2,3,2020-09-19T16:00Z,0,0,197,202,OKST,TLSA,16.000,7.000,0,-24.000,66.500,-2120.000,1039.000,,,consensus,4,151
401241282,2020,2,3,2020-09-19T18:30Z,0,0,87,58,ND,USF,52.000,0.000,0,-22.500,49.000,-2284.000,1033.000,,,consensus,1,151
401234568,2020,2,3,2020-09-19T19:30Z,0,0,59,2116,GT,UCF,21.000,49.000,0,9.500,63.000,253.000,-303.000,,,consensus,1,151
401236939,2020,2,3,2020-09-19T19:30Z,0,0,276,2026,MRSH,APP,17.000,7.000,0,6.000,60.500,173.000,-213.000,,,consensus,12,37
401240041,2020,2,3,2020-09-19T19:30Z,0,0,2636,2617,UTSA,SFA,24.000,10.000,0,-18.000,54.500,-844.000,554.000,,,consensus,12,30
401240640,2020,2,3,2020-09-19T19:30Z,0,0,2393,2653,MTSU,TROY,14.000,47.000,0,2.000,66.000,110.000,-134.000,,,consensus,12,37
401237492,2020,2,3,2020-09-19T20:00Z,0,0,228,2643,CLEM,CIT,49.000,0.000,0,-50.500,57.000,,,,,consensus,1,29
401207120,2020,2,3,2020-09-19T22:00Z,0,0,249,2567,UNT,SMU,35.000,65.000,0,14.500,71.500,423.000,-593.000,,,consensus,12,151
401207106,2020,2,3,2020-09-19T23:30Z,0,1,2572,2348,USM,LT,30.000,31.000,0,-7.000,58.500,-275.000,219.000,,,consensus,12,12
401215302,2020,2,3,2020-09-19T23:30Z,0,1,2433,326,ULM,TXST,17.000,38.000,0,3.000,58.000,128.000,-154.000,,,consensus,37,37
401234569,2020,2,3,2020-09-19T23:30Z,0,1,97,2390,LOU,MIAMI,34.000,47.000,0,2.500,65.500,107.000,-129.000,,,consensus,1,1
401234570,2020,2,3,2020-09-20T00:00Z,0,1,152,154,NCST,WAKE,45.000,42.000,0,2.000,53.500,105.000,-128.000,,,consensus,1,1
401239885,2020,2,3,2020-09-20T01:00Z,0,0,2638,2000,UTEP,ACU,17.000,13.000,0,-8.500,47.500,-342.000,262.000,,,consensus,12,30
401207132,2020,2,4,2020-09-24T23:30Z,0,0,6,5,USA,UAB,10.000,42.000,0,7.500,47.500,246.000,-317.000,,,consensus,37,12
401207134,2020,2,4,2020-09-26T00:00Z,0,1,2636,2393,UTSA,MTSU,37.000,35.000,0,-6.000,58.500,-222.000,180.000,,,consensus,12,12
401212536,2020,2,4,2020-09-26T16:00Z,0,1,151,2116,ECU,UCF,28.000,51.000,0,28.000,77.500,1361.000,-3646.000,,,consensus,151,151
401215303,2020,2,4,2020-09-26T16:00Z,0,1,309,290,UL,GASO,20.000,18.000,0,-11.500,49.000,-487.000,359.000,,,consensus,37,37
401234594,2020,2,4,2020-09-26T16:00Z,0,1,183,59,SYR,GT,37.000,20.000,0,7.500,52.000,232.000,-296.000,,,consensus,1,1
401234595,2020,2,4,2020-09-26T16:00Z,0,1,221,97,PITT,LOU,23.000,20.000,0,-2.500,53.500,-144.000,120.000,,,consensus,1,1
401235996,2020,2,4,2020-09-26T16:00Z,0,1,201,2306,OU,KSU,35.000,38.000,0,-27.500,61.500,-4139.000,1342.000,,,consensus,4,4
401236253,2020,2,4,2020-09-26T16:00Z,0,0,2026,2097,APP,CAM,52.000,21.000,0,-33.500,54.000,,,,,consensus,37,40
401236952,2020,2,4,2020-09-26T16:00Z,0,1,145,57,MISS,FLA,35.000,51.000,0,14.000,59.500,426.000,-600.000,,,consensus,8,8
401237034,2020,2,4,2020-09-26T16:00Z,0,1,2,96,AUB,UK,29.000,13.000,0,-6.500,46.500,-254.000,202.000,,,consensus,8,8
401207126,2020,2,4,2020-09-26T17:00Z,0,0,2335,2229,LIB,FIU,36.000,34.000,0,-9.500,60.500,-347.000,265.000,,,consensus,18,12
401235994,2020,2,4,2020-09-26T17:30Z,0,1,2628,66,TCU,ISU,34.000,37.000,0,3.500,43.500,161.000,-192.000,,,consensus,4,4
401234734,2020,2,4,2020-09-26T18:30Z,0,0,2572,2655,USM,TULN,24.000,66.000,0,3.500,54.500,144.000,-171.000,,,consensus,12,151
401235995,2020,2,4,2020-09-26T19:30Z,0,1,2641,251,TTU,TEX,56.000,63.000,1,17.500,71.000,570.000,-866.000,,,consensus,4,4
401235997,2020,2,4,2020-09-26T19:30Z,0,1,197,277,OKST,WVU,27.000,13.000,0,-6.500,50.000,-232.000,189.000,,,consensus,4,4
401237035,2020,2,4,2020-09-26T19:30Z,0,1,99,344,LSU,MSST,34.000,44.000,0,-14.500,57.000,-450.000,454.000,,,consensus,8,8
401240194,2020,2,4,2020-09-26T19:30Z,0,0,2433,2638,ULM,UTEP,6.000,31.000,0,-9.500,50.000,-362.000,280.000,,,consensus,37,12
401240996,2020,2,4,2020-09-26T19:30Z,0,0,2132,349,CIN,ARMY,24.000,10.000,0,-12.500,44.500,-527.000,382.000,,,consensus,151,18
401234638,2020,2,4,2020-09-26T20:00Z,0,1,258,150,UVA,DUKE,38.000,20.000,0,-4.000,45.500,-195.000,162.000,,,consensus,1,1
401237033,2020,2,4,2020-09-26T20:00Z,0,1,8,61,ARK,UGA,10.000,37.000,0,28.000,53.000,1450.000,-4765.000,,,consensus,8,8
401241303,2020,2,4,2020-09-26T22:00Z,0,0,103,326,BC,TXST,24.000,21.000,0,-21.500,57.500,-1812.000,923.000,,,consensus,1,37
401212485,2020,2,4,2020-09-26T23:00Z,0,0,2567,2617,SMU,SFA,50.000,7.000,0,-38.500,63.500,,,,,consensus,151,30
401232157,2020,2,4,2020-09-26T23:00Z,0,0,2348,2277,LT,HBU,66.000,38.000,0,-23.500,75.500,-1920.000,912.000,,,consensus,12,30
401236951,2020,2,4,2020-09-26T23:00Z,0,1,142,333,MIZ,ALA,19.000,38.000,0,28.500,55.500,1550.000,-4947.000,,,consensus,8,8
401234593,2020,2,4,2020-09-26T23:30Z,0,1,2390,52,MIAMI,FSU,52.000,10.000,0,-12.000,53.500,-486.000,360.000,,,consensus,1,1
401235993,2020,2,4,2020-09-26T23:30Z,0,1,239,2305,BAY,KU,47.000,14.000,0,-17.000,61.000,-806.000,531.000,,,consensus,4,4
401237036,2020,2,4,2020-09-26T23:30Z,0,1,2579,2633,SC,TENN,27.000,31.000,0,4.000,45.000,159.000,-192.000,,,consensus,8,8
401237037,2020,2,4,2020-09-26T23:30Z,0,1,245,238,TA&M,VAN,17.000,12.000,0,-31.500,46.000,-8571.000,2100.000,,,consensus,8,8
401234566,2020,2,4,2020-09-27T00:00Z,0,1,259,152,VT,NCST,45.000,24.000,0,-6.000,56.500,-228.000,183.000,,,consensus,1,1
401236223,2020,2,4,2020-09-27T02:15Z,0,0,252,2653,BYU,TROY,48.000,7.000,0,-14.500,58.500,-626.000,439.000,,,consensus,18,37
401240282,2020,2,5,2020-10-02T23:00Z,0,0,154,2097,WAKE,CAM,66.000,14.000,0,-34.500,68.500,-6250.000,1420.000,,,consensus,1,40
401246275,2020,2,5,2020-10-03T01:00Z,0,0,252,2348,BYU,LT,45.000,14.000,0,-24.000,61.000,-1918.000,950.000,,,consensus,18,12
401212547,2020,2,5,2020-10-03T16:00Z,0,0,2247,151,GAST,ECU,49.000,29.000,0,1.500,70.000,-101.000,-120.000,,,consensus,37,151
401215304,2020,2,5,2020-10-03T16:00Z,0,1,324,2032,CCU,ARST,52.000,23.000,0,3.500,64.500,142.000,-167.000,,,consensus,37,37
401234600,2020,2,5,2020-10-03T16:00Z,0,1,221,152,PITT,NCST,29.000,30.000,0,-14.000,46.000,-588.000,419.000,,,consensus,1,1
401235998,2020,2,5,2020-10-03T16:00Z,0,1,277,239,WVU,BAY,27.000,21.000,1,1.500,54.000,102.000,-124.000,,,consensus,4,4
401236002,2020,2,5,2020-10-03T16:00Z,0,1,251,2628,TEX,TCU,31.000,33.000,0,-10.500,61.500,-414.000,313.000,,,consensus,4,4
401237096,2020,2,5,2020-10-03T16:00Z,0,1,57,2579,FLA,SC,38.000,24.000,0,-14.500,56.500,-731.000,493.000,,,consensus,8,8
401237099,2020,2,5,2020-10-03T16:00Z,0,1,2633,142,TENN,MIZ,35.000,12.000,0,-10.000,49.000,-413.000,312.000,,,consensus,8,8
401207141,2020,2,5,2020-10-03T16:30Z,0,1,5,2636,UAB,UTSA,21.000,13.000,0,-21.500,55.000,-1903.000,950.000,,,consensus,12,12
401237513,2020,2,5,2020-10-03T17:00Z,0,0,2335,2453,LIB,UNA,28.000,7.000,0,-33.000,65.000,-9231.000,1600.000,,,consensus,18,40
401240040,2020,2,5,2020-10-03T17:30Z,0,0,349,2000,ARMY,ACU,55.000,23.000,0,-31.000,49.500,-10000.000,1700.000,,,consensus,18,30
401212476,2020,2,5,2020-10-03T19:30Z,0,1,2132,58,CIN,USF,28.000,7.000,0,-22.500,45.500,-2021.000,970.000,,,consensus,151,151
401212486,2020,2,5,2020-10-03T19:30Z,0,1,2567,235,SMU,MEM,30.000,27.000,0,-2.000,74.500,-128.000,106.000,,,consensus,151,151
401234597,2020,2,5,2020-10-03T19:30Z,0,1,103,153,BC,UNC,22.000,26.000,0,14.500,52.500,451.000,-636.000,,,consensus,1,1
401236000,2020,2,5,2020-10-03T19:30Z,0,1,2305,197,KU,OKST,7.000,47.000,0,21.500,53.000,847.000,-1596.000,,,consensus,4,4
401236001,2020,2,5,2020-10-03T19:30Z,0,1,2306,2641,KSU,TTU,31.000,21.000,0,-1.000,62.500,-112.000,-109.000,,,consensus,4,4
401237093,2020,2,5,2020-10-03T19:30Z,0,1,333,245,ALA,TA&M,52.000,24.000,0,-18.000,53.500,-1102.000,674.000,,,consensus,8,8
401207136,2020,2,5,2020-10-03T20:00Z,0,1,2226,2429,FAU,CLT,21.000,17.000,0,-5.000,62.500,-204.000,167.000,,,consensus,12,12
401234599,2020,2,5,2020-10-03T20:00Z,0,1,150,259,DUKE,VT,31.000,38.000,0,11.000,54.000,325.000,-430.000,,,consensus,1,1
401237097,2020,2,5,2020-10-03T20:00Z,0,1,96,145,UK,MISS,41.000,42.000,1,-7.000,63.000,-252.000,202.000,,,consensus,8,8
401238034,2020,2,5,2020-10-03T20:00Z,0,0,52,55,FSU,JVST,41.000,24.000,0,-27.000,52.500,-6316.000,1400.000,,,consensus,1,26
401207138,2020,2,5,2020-10-03T21:00Z,0,1,2393,98,MTSU,WKU,17.000,20.000,0,7.000,52.500,213.000,-265.000,,,consensus,12,12
401212557,2020,2,5,2020-10-03T22:00Z,0,0,2005,2426,AFA,NAVY,40.000,7.000,0,6.500,47.000,201.000,-251.000,,,consensus,17,151
401215305,2020,2,5,2020-10-03T23:00Z,0,1,2433,290,ULM,GASO,30.000,35.000,0,19.500,50.500,750.000,-1290.000,,,consensus,37,37
401207139,2020,2,5,2020-10-03T23:30Z,0,1,249,2572,UNT,USM,31.000,41.000,0,-1.500,74.000,-126.000,105.000,,,consensus,12,12
401212531,2020,2,5,2020-10-03T23:30Z,0,1,2116,202,UCF,TLSA,26.000,34.000,0,-20.500,70.000,-1071.000,617.000,,,consensus,151,151
401235999,2020,2,5,2020-10-03T23:30Z,0,1,66,201,ISU,OU,37.000,30.000,0,7.500,62.500,237.000,-304.000,,,consensus,4,4
401237094,2020,2,5,2020-10-03T23:30Z,0,1,344,8,MSST,ARK,14.000,21.000,0,-16.500,68.500,-788.000,523.000,,,consensus,8,8
401237095,2020,2,5,2020-10-03T23:30Z,0,1,61,2,UGA,AUB,27.000,6.000,0,-7.500,44.500,-301.000,238.000,,,consensus,8,8
401237098,2020,2,5,2020-10-03T23:30Z,0,1,238,99,VAN,LSU,7.000,41.000,0,21.000,50.000,873.000,-1592.000,,,consensus,8,8
401234598,2020,2,5,2020-10-04T00:00Z,0,1,228,258,CLEM,UVA,41.000,23.000,0,-28.000,55.000,-4906.000,1423.000,,,consensus,1,1
401212523,2020,2,6,2020-10-08T23:30Z,0,1,248,2655,HOU,TULN,49.000,31.000,0,-6.500,58.000,-251.000,199.000,,,consensus,151,151
401234601,2020,2,6,2020-10-09T23:00Z,0,1,59,97,GT,LOU,46.000,27.000,0,4.500,63.000,165.000,-198.000,,,consensus,1,1
401207215,2020,2,6,2020-10-10T16:00Z,0,0,2335,2433,LIB,ULM,40.000,7.000,0,-17.000,63.500,-822.000,539.000,,,consensus,18,37
401234607,2020,2,6,2020-10-10T16:00Z,0,1,153,259,UNC,VT,56.000,45.000,0,-3.500,58.500,-163.000,137.000,,,consensus,1,1
401234608,2020,2,6,2020-10-10T16:00Z,0,1,258,152,UVA,NCST,21.000,38.000,0,-7.000,58.500,-273.000,217.000,,,consensus,1,1
401236005,2020,2,6,2020-10-10T16:00Z,1,1,201,251,OU,TEX,53.000,45.000,1,-3.000,74.500,-138.000,117.000,,,consensus,4,4
401237102,2020,2,6,2020-10-10T16:00Z,0,1,245,57,TA&M,FLA,41.000,38.000,0,6.000,59.500,186.000,-231.000,,,consensus,8,8
401237105,2020,2,6,2020-10-10T16:00Z,0,1,142,99,MIZ,LSU,45.000,41.000,0,14.000,53.000,-676.000,463.000,,,consensus,8,8
401237106,2020,2,6,2020-10-10T16:00Z,0,1,238,2579,VAN,SC,7.000,41.000,0,14.000,40.500,454.000,-644.000,,,consensus,8,8
401234605,2020,2,6,2020-10-10T16:30Z,0,1,183,150,SYR,DUKE,24.000,38.000,0,2.500,52.500,117.000,-139.000,,,consensus,1,1
401240114,2020,2,6,2020-10-10T17:30Z,0,0,349,2643,ARMY,CIT,14.000,9.000,0,-30.500,46.500,-10000.000,1900.000,,,consensus,18,29
401215308,2020,2,6,2020-10-10T19:30Z,0,1,2653,326,TROY,TXST,37.000,17.000,0,-7.000,59.500,-264.000,210.000,,,consensus,37,37
401236003,2020,2,6,2020-10-10T19:30Z,0,1,66,2641,ISU,TTU,31.000,15.000,0,-10.000,63.500,-384.000,293.000,,,consensus,4,4
401237103,2020,2,6,2020-10-10T19:30Z,0,1,61,2633,UGA,TENN,44.000,21.000,0,-12.000,43.000,-525.000,383.000,,,consensus,8,8
401240997,2020,2,6,2020-10-10T19:30Z,0,0,252,2636,BYU,UTSA,27.000,20.000,0,-34.000,63.000,-10000.000,2350.000,,,consensus,18,12
401246425,2020,2,6,2020-10-10T19:30Z,0,0,2032,2110,ARST,CARK,50.000,27.000,0,-15.500,56.000,-759.000,498.000,,,consensus,37,30
401207143,2020,2,6,2020-10-10T20:00Z,0,1,2229,2393,FIU,MTSU,28.000,31.000,0,-6.500,57.000,-248.000,199.000,,,consensus,12,12
401234603,2020,2,6,2020-10-10T20:00Z,0,1,103,221,BC,PITT,31.000,30.000,1,6.500,42.500,192.000,-239.000,,,consensus,1,1
401236004,2020,2,6,2020-10-10T20:00Z,0,1,2628,2306,TCU,KSU,14.000,21.000,0,-11.000,49.500,-445.000,337.000,,,consensus,4,4
401237101,2020,2,6,2020-10-10T20:00Z,0,1,2,8,AUB,ARK,30.000,28.000,0,-13.500,46.000,-602.000,429.000,,,consensus,8,8
401212515,2020,2,6,2020-10-10T22:00Z,0,1,2426,218,NAVY,TEM,31.000,29.000,0,4.000,51.000,152.000,-184.000,,,consensus,151,151
401212477,2020,2,6,2020-10-10T23:00Z,0,1,58,151,USF,ECU,24.000,44.000,0,-5.500,58.000,-218.000,174.000,,,consensus,151,151
401207145,2020,2,6,2020-10-10T23:30Z,0,1,2348,2638,LT,UTEP,21.000,17.000,0,-14.500,55.500,-644.000,451.000,,,consensus,12,12
401207146,2020,2,6,2020-10-10T23:30Z,0,1,98,276,WKU,MRSH,14.000,38.000,0,6.500,43.000,208.000,-264.000,,,consensus,12,12
401234604,2020,2,6,2020-10-10T23:30Z,0,1,228,2390,CLEM,MIAMI,42.000,17.000,0,-14.500,60.500,-650.000,453.000,,,consensus,1,1
401234606,2020,2,6,2020-10-10T23:30Z,0,1,87,52,ND,FSU,42.000,26.000,0,-20.500,53.500,-1490.000,815.000,,,consensus,1,1
401237100,2020,2,6,2020-10-10T23:30Z,0,1,145,333,MISS,ALA,48.000,63.000,0,24.000,74.000,929.000,-1804.000,,,consensus,8,8
401237104,2020,2,6,2020-10-10T23:30Z,0,1,96,344,UK,MSST,24.000,2.000,0,-3.500,57.500,-165.000,137.000,,,consensus,8,8
401207142,2020,2,6,2020-10-11T00:00Z,0,1,249,2429,UNT,CLT,21.000,49.000,0,3.000,66.000,126.000,-152.000,,,consensus,12,12
401215311,2020,2,7,2020-10-14T23:30Z,0,1,309,324,UL,CCU,27.000,30.000,0,-9.500,58.500,-344.000,262.000,,,consensus,37,37
401215310,2020,2,7,2020-10-15T23:30Z,0,1,2032,2247,ARST,GAST,59.000,52.000,0,-3.500,72.500,-166.000,138.000,,,consensus,37,37
401212487,2020,2,7,2020-10-16T22:00Z,0,1,2655,2567,TULN,SMU,34.000,37.000,1,6.500,65.000,195.000,-244.000,,,consensus,151,151
401212551,2020,2,7,2020-10-17T01:30Z,0,0,248,252,HOU,BYU,26.000,43.000,0,3.000,62.500,140.000,-168.000,,,consensus,151,18
401212478,2020,2,7,2020-10-17T16:00Z,0,1,218,58,TEM,USF,39.000,37.000,0,-14.000,52.500,-601.000,431.000,,,consensus,151,151
401212548,2020,2,7,2020-10-17T16:00Z,0,1,151,2426,ECU,NAVY,23.000,27.000,0,3.500,55.500,137.000,-164.000,,,consensus,151,151
401215313,2020,2,7,2020-10-17T16:00Z,0,1,6,326,USA,TXST,30.000,20.000,0,-5.000,57.500,-197.000,163.000,,,consensus,37,37
401234610,2020,2,7,2020-10-17T16:00Z,0,1,59,228,GT,CLEM,7.000,73.000,0,26.500,64.500,1302.000,-3516.000,,,consensus,1,1
401234614,2020,2,7,2020-10-17T16:00Z,0,1,2390,221,MIAMI,PITT,31.000,19.000,0,-11.500,47.000,-488.000,363.000,,,consensus,1,1
401234615,2020,2,7,2020-10-17T16:00Z,0,0,183,2335,SYR,LIB,21.000,38.000,0,3.000,54.500,122.000,-145.000,,,consensus,1,18
401236007,2020,2,7,2020-10-17T16:00Z,0,1,277,2305,WVU,KU,38.000,17.000,0,-21.000,49.500,-1929.000,955.000,,,consensus,4,4
401237109,2020,2,7,2020-10-17T16:00Z,0,1,2579,2,SC,AUB,30.000,22.000,0,2.500,53.500,124.000,-149.000,,,consensus,8,8
401237111,2020,2,7,2020-10-17T16:00Z,0,1,2633,96,TENN,UK,7.000,34.000,0,-6.500,45.500,-244.000,195.000,,,consensus,8,8
401207153,2020,2,7,2020-10-17T17:30Z,0,1,5,98,UAB,WKU,37.000,14.000,0,-11.500,44.000,-485.000,356.000,,,consensus,12,12
401240115,2020,2,7,2020-10-17T17:30Z,0,0,2636,349,UTSA,ARMY,16.000,28.000,0,8.500,46.500,261.000,-341.000,,,consensus,12,18
401234613,2020,2,7,2020-10-17T18:30Z,0,1,87,97,ND,LOU,12.000,7.000,0,-15.500,62.000,-709.000,485.000,,,consensus,1,1
401212537,2020,2,7,2020-10-17T19:30Z,0,1,235,2116,MEM,UCF,50.000,49.000,0,3.000,77.000,125.000,-150.000,,,consensus,151,151
401234611,2020,2,7,2020-10-17T19:30Z,0,1,152,150,NCST,DUKE,31.000,20.000,0,-3.500,59.500,-167.000,140.000,,,consensus,1,1
401237108,2020,2,7,2020-10-17T19:30Z,0,1,8,145,ARK,MISS,33.000,21.000,0,-1.000,77.500,-110.000,-112.000,,,consensus,8,8
401239872,2020,2,7,2020-10-17T19:30Z,0,0,2653,2198,TROY,EKU,31.000,29.000,0,-30.000,60.000,-6051.000,1450.000,,,consensus,37,26
401234616,2020,2,7,2020-10-17T20:00Z,0,1,154,258,WAKE,UVA,40.000,23.000,0,-2.500,57.000,-129.000,107.000,,,consensus,1,1
401237112,2020,2,7,2020-10-17T20:00Z,0,1,344,245,MSST,TA&M,14.000,28.000,0,4.500,55.500,160.000,-192.000,,,consensus,8,8
401250215,2020,2,7,2020-10-17T20:00Z,0,0,290,113,GASO,MASS,41.000,0.000,0,-31.000,61.500,-4634.000,1438.000,,,consensus,37,18
401207150,2020,2,7,2020-10-17T21:00Z,0,1,2393,249,MTSU,UNT,35.000,52.000,0,-3.500,72.000,-171.000,143.000,,,consensus,12,12
401207149,2020,2,7,2020-10-17T22:00Z,0,1,2348,276,LT,MRSH,17.000,35.000,0,12.000,48.000,345.000,-469.000,,,consensus,12,12
401234612,2020,2,7,2020-10-17T23:30Z,0,1,52,153,FSU,UNC,31.000,28.000,0,13.500,64.500,373.000,-507.000,,,consensus,1,1
401234609,2020,2,7,2020-10-18T00:00Z,0,1,259,103,VT,BC,40.000,14.000,0,-13.000,61.500,-482.000,356.000,,,consensus,1,1
401237107,2020,2,7,2020-10-18T00:00Z,0,1,333,61,ALA,UGA,41.000,24.000,0,-6.000,57.000,-225.000,177.000,,,consensus,8,8
401240642,2020,2,8,2020-10-22T23:30Z,0,1,2026,2032,APP,ARST,45.000,17.000,0,-13.500,69.500,-509.000,368.000,,,consensus,37,37
401250783,2020,2,8,2020-10-23T23:00Z,0,0,2229,55,FIU,JVST,10.000,19.000,0,-10.500,55.500,-365.000,270.000,,,consensus,12,26
401212479,2020,2,8,2020-10-23T23:30Z,0,1,58,202,USF,TLSA,13.000,42.000,0,12.000,51.500,351.000,-487.000,,,consensus,151,151
401238036,2020,2,8,2020-10-24T00:00Z,0,0,5,309,UAB,UL,20.000,24.000,0,2.500,50.500,113.000,-137.000,,,consensus,12,37
401247297,2020,2,8,2020-10-24T00:00Z,0,1,275,356,WISC,ILL,45.000,7.000,0,-20.500,51.500,-1383.000,792.000,,,consensus,5,5
401207154,2020,2,8,2020-10-24T16:00Z,0,1,2429,2638,CLT,UTEP,38.000,28.000,0,-17.500,50.000,-985.000,606.000,,,consensus,12,12
401212516,2020,2,8,2020-10-24T16:00Z,0,1,235,218,MEM,TEM,41.000,29.000,0,-14.000,70.000,-571.000,404.000,,,consensus,151,151
401215316,2020,2,8,2020-10-24T16:00Z,0,1,324,290,CCU,GASO,28.000,14.000,0,-1.000,49.000,-121.000,-102.000,,,consensus,37,37
401234618,2020,2,8,2020-10-24T16:00Z,0,1,228,183,CLEM,SYR,47.000,21.000,0,-47.500,63.000,-10000.000,2000.000,,,consensus,1,1
401234619,2020,2,8,2020-10-24T16:00Z,0,1,97,52,LOU,FSU,48.000,16.000,0,-5.500,62.500,-216.000,174.000,,,consensus,1,1
401234621,2020,2,8,2020-10-24T16:00Z,0,1,153,152,UNC,NCST,48.000,21.000,0,-15.000,61.500,-661.000,456.000,,,consensus,1,1
401236010,2020,2,8,2020-10-24T16:00Z,0,1,2306,2305,KSU,KU,55.000,14.000,0,-19.000,46.000,-1228.000,699.000,,,consensus,4,4
401236011,2020,2,8,2020-10-24T16:00Z,0,1,2628,201,TCU,OU,14.000,33.000,0,6.500,58.500,192.000,-244.000,,,consensus,4,4
401237115,2020,2,8,2020-10-24T16:00Z,0,1,145,2,MISS,AUB,28.000,35.000,0,3.500,73.500,144.000,-174.000,,,consensus,8,8
401240116,2020,2,8,2020-10-24T16:00Z,0,0,349,2382,ARMY,MER,49.000,3.000,0,,,,,,,,18,29
401247293,2020,2,8,2020-10-24T16:00Z,0,1,194,158,OSU,NEB,52.000,17.000,0,-27.500,69.500,-3672.000,1269.000,,,consensus,5,5
401247299,2020,2,8,2020-10-24T16:00Z,0,1,127,164,MSU,RUTG,27.000,38.000,0,-9.500,44.500,-397.000,294.000,,,consensus,5,5
401207160,2020,2,8,2020-10-24T17:00Z,0,0,2335,2572,LIB,USM,56.000,35.000,0,-14.000,59.500,-565.000,400.000,,,consensus,18,12
401212524,2020,2,8,2020-10-24T18:00Z,0,1,2116,2655,UCF,TULN,51.000,34.000,0,-21.000,71.000,-1282.000,724.000,,,consensus,151,151
401207156,2020,2,8,2020-10-24T18:30Z,0,1,276,2226,MRSH,FAU,20.000,9.000,0,-19.000,51.000,-1113.000,673.000,,,consensus,12,12
401207158,2020,2,8,2020-10-24T19:30Z,0,1,242,2393,RICE,MTSU,34.000,40.000,1,-3.500,48.000,-183.000,152.000,,,consensus,12,12
401212552,2020,2,8,2020-10-24T19:30Z,0,1,2426,248,NAVY,HOU,21.000,37.000,0,15.500,56.000,461.000,-660.000,,,consensus,151,151
401234623,2020,2,8,2020-10-24T19:30Z,0,1,154,259,WAKE,VT,23.000,16.000,0,10.500,68.500,294.000,-394.000,,,consensus,1,1
401236008,2020,2,8,2020-10-24T19:30Z,0,1,251,239,TEX,BAY,27.000,16.000,0,-11.000,61.500,-419.000,312.000,,,consensus,4,4
401236009,2020,2,8,2020-10-24T19:30Z,0,1,197,66,OKST,ISU,24.000,21.000,0,-2.500,53.000,-148.000,123.000,,,consensus,4,4
401237114,2020,2,8,2020-10-24T19:30Z,0,1,2633,333,TENN,ALA,17.000,48.000,0,21.500,66.500,852.000,-1797.000,,,consensus,8,8
401247295,2020,2,8,2020-10-24T19:30Z,0,1,84,213,IU,PSU,36.000,35.000,1,6.500,61.500,202.000,-263.000,,,consensus,5,5
401247296,2020,2,8,2020-10-24T19:30Z,0,1,2509,2294,PUR,IOWA,24.000,20.000,0,3.500,52.000,138.000,-165.000,,,consensus,5,5
401234622,2020,2,8,2020-10-24T19:41Z,0,1,221,87,PITT,ND,3.000,45.000,0,10.000,43.500,303.000,-411.000,,,consensus,1,1
401207102,2020,2,8,2020-10-24T20:00Z,0,0,98,236,WKU,UTC,13.000,10.000,0,-14.000,53.500,-704.000,445.000,,,consensus,12,29
401215317,2020,2,8,2020-10-24T20:00Z,0,1,2653,2247,TROY,GAST,34.000,36.000,0,-2.500,68.500,-136.000,113.000,,,consensus,37,37
401234617,2020,2,8,2020-10-24T20:00Z,0,1,103,59,BC,GT,48.000,27.000,0,-3.500,57.500,-166.000,137.000,,,consensus,1,1
401237122,2020,2,8,2020-10-24T20:00Z,0,1,142,96,MIZ,UK,20.000,10.000,0,3.000,47.000,135.000,-163.000,,,consensus,8,8
401236012,2020,2,8,2020-10-24T21:30Z,0,1,2641,277,TTU,WVU,34.000,27.000,0,2.500,54.000,120.000,-146.000,,,consensus,4,4
401237118,2020,2,8,2020-10-24T23:00Z,0,1,99,2579,LSU,SC,52.000,24.000,0,-4.500,54.500,-197.000,162.000,,,consensus,8,8
401248997,2020,2,8,2020-10-24T23:00Z,0,1,68,328,BSU,USU,42.000,13.000,0,-17.000,51.500,-873.000,557.000,,,consensus,17,17
401248998,2020,2,8,2020-10-24T23:00Z,0,1,2440,2751,NEV,WYO,37.000,34.000,1,3.000,54.000,121.000,-148.000,,,consensus,17,17
401250784,2020,2,8,2020-10-24T23:00Z,0,1,6,2433,USA,ULM,38.000,14.000,0,-14.500,57.000,-635.000,444.000,,,consensus,37,37
401247294,2020,2,8,2020-10-24T23:30Z,0,1,135,130,MINN,MICH,24.000,49.000,0,3.000,53.500,125.000,-151.000,,,consensus,5,5
401247298,2020,2,8,2020-10-24T23:30Z,0,1,77,120,NW,MD,43.000,3.000,0,-13.000,52.500,-506.000,373.000,,,consensus,5,5
401248994,2020,2,8,2020-10-24T23:30Z,0,1,278,62,FRES,HAW,19.000,34.000,0,-3.000,64.500,-147.000,120.000,,,consensus,17,17
401207157,2020,2,8,2020-10-25T00:00Z,0,1,2636,2348,UTSA,LT,27.000,26.000,0,2.500,54.000,112.000,-136.000,,,consensus,12,12
401234620,2020,2,8,2020-10-25T00:00Z,0,1,2390,258,MIAMI,UVA,19.000,14.000,0,-13.500,54.000,-559.000,400.000,,,consensus,1,1
401212488,2020,2,8,2020-10-25T01:00Z,0,1,2567,2132,SMU,CIN,13.000,42.000,0,-1.000,57.000,-117.000,-105.000,,,consensus,151,151
401240998,2020,2,8,2020-10-25T02:15Z,0,0,252,326,BYU,TXST,52.000,14.000,0,-30.000,61.500,-4911.000,1380.000,,,consensus,18,37
401248993,2020,2,8,2020-10-25T02:30Z,0,1,23,2005,SJSU,AFA,17.000,6.000,0,7.500,64.000,224.000,-290.000,,,consensus,17,17
401248996,2020,2,8,2020-10-25T02:30Z,0,1,21,2439,SDSU,UNLV,34.000,6.000,0,-14.000,50.500,-612.000,431.000,,,consensus,17,17
401215321,2020,2,9,2020-10-29T23:30Z,0,1,290,6,GASO,USA,24.000,17.000,0,-3.500,52.000,-179.000,147.000,,,consensus,37,37
401249000,2020,2,9,2020-10-30T02:00Z,0,1,278,36,FRES,CSU,38.000,17.000,0,2.500,58.000,116.000,-140.000,,,consensus,17,17
401247302,2020,2,9,2020-10-30T23:30Z,0,1,120,135,MD,MINN,45.000,44.000,1,18.500,60.500,623.000,-978.000,,,consensus,5,5
401212533,2020,2,9,2020-10-31T01:00Z,0,1,202,151,TLSA,ECU,34.000,30.000,0,-17.000,59.500,-881.000,554.000,,,consensus,151,151
401249001,2020,2,9,2020-10-31T01:45Z,0,1,2751,62,WYO,HAW,31.000,7.000,0,3.000,60.000,120.000,-143.000,,,consensus,17,17
401207162,2020,2,9,2020-10-31T16:00Z,0,1,2226,2636,FAU,UTSA,24.000,3.000,0,-5.000,47.000,-211.000,171.000,,,consensus,12,12
401212517,2020,2,9,2020-10-31T16:00Z,0,1,2655,218,TULN,TEM,38.000,3.000,0,-7.000,58.500,-273.000,216.000,,,consensus,151,151
401212543,2020,2,9,2020-10-31T16:00Z,0,1,2132,235,CIN,MEM,49.000,10.000,0,-6.500,57.500,-247.000,198.000,,,consensus,151,151
401215318,2020,2,9,2020-10-31T16:00Z,0,1,2247,324,GAST,CCU,0.000,51.000,0,3.500,60.500,149.000,-180.000,,,consensus,37,37
401234624,2020,2,9,2020-10-31T16:00Z,0,1,228,103,CLEM,BC,34.000,28.000,0,-26.500,56.000,-3131.000,1218.000,,,consensus,1,1
401234629,2020,2,9,2020-10-31T16:00Z,0,1,183,154,SYR,WAKE,14.000,38.000,0,14.000,59.500,403.000,-564.000,,,consensus,1,1
401236014,2020,2,9,2020-10-31T16:00Z,0,1,2305,66,KU,ISU,22.000,52.000,0,27.500,49.500,1447.000,-4684.000,,,consensus,4,4
401236015,2020,2,9,2020-10-31T16:00Z,0,1,277,2306,WVU,KSU,37.000,10.000,0,-5.000,46.000,-208.000,171.000,,,consensus,4,4
401237117,2020,2,9,2020-10-31T16:00Z,0,1,96,61,UK,UGA,3.000,14.000,0,17.000,42.000,607.000,-979.000,,,consensus,8,8
401247301,2020,2,9,2020-10-31T16:00Z,0,1,356,2509,ILL,PUR,24.000,31.000,0,9.500,55.500,277.000,-363.000,,,consensus,5,5
401247305,2020,2,9,2020-10-31T16:00Z,0,1,130,127,MICH,MSU,24.000,27.000,0,-21.500,51.500,-1927.000,953.000,,,consensus,5,5
401212538,2020,2,9,2020-10-31T18:00Z,0,1,248,2116,HOU,UCF,21.000,44.000,0,3.000,81.500,121.000,-146.000,,,consensus,151,151
401207166,2020,2,9,2020-10-31T19:00Z,0,1,2572,242,USM,RICE,6.000,30.000,0,1.000,59.000,-103.000,-119.000,,,consensus,12,12
401215320,2020,2,9,2020-10-31T19:00Z,0,1,2032,2653,ARST,TROY,10.000,38.000,0,-3.500,69.500,-160.000,134.000,,,consensus,37,37
401207163,2020,2,9,2020-10-31T19:30Z,0,1,2348,5,LT,UAB,37.000,34.000,1,13.000,47.500,380.000,-513.000,,,consensus,12,12
401234626,2020,2,9,2020-10-31T19:30Z,0,1,59,87,GT,ND,13.000,31.000,0,20.500,58.500,739.000,-1279.000,,,consensus,1,1
401236013,2020,2,9,2020-10-31T19:30Z,0,1,239,2628,BAY,TCU,23.000,33.000,0,2.500,47.500,116.000,-140.000,,,consensus,4,4
401237121,2020,2,9,2020-10-31T19:30Z,0,1,2,99,AUB,LSU,48.000,11.000,0,-1.000,63.500,-113.000,-110.000,,,consensus,8,8
401247300,2020,2,9,2020-10-31T19:30Z,0,1,164,84,RUTG,IU,21.000,37.000,0,11.500,54.000,331.000,-449.000,,,consensus,5,5
401247303,2020,2,9,2020-10-31T19:30Z,0,1,2294,77,IOWA,NW,20.000,21.000,0,1.000,42.500,-106.000,-117.000,,,consensus,5,5
401215319,2020,2,9,2020-10-31T20:00Z,0,1,2433,2026,ULM,APP,13.000,31.000,0,28.500,56.500,1514.000,-6260.000,,,consensus,37,37
401234627,2020,2,9,2020-10-31T20:00Z,0,1,97,259,LOU,VT,35.000,42.000,0,5.000,67.500,164.000,-196.000,,,consensus,1,1
401236017,2020,2,9,2020-10-31T20:00Z,0,1,197,251,OKST,TEX,34.000,41.000,1,-3.500,58.500,-174.000,145.000,,,consensus,4,4
401237123,2020,2,9,2020-10-31T20:00Z,0,1,238,145,VAN,MISS,21.000,54.000,0,17.000,63.500,527.000,-821.000,,,consensus,8,8
401248999,2020,2,9,2020-10-31T22:00Z,0,1,2005,68,AFA,BSU,30.000,49.000,0,13.500,49.000,388.000,-538.000,,,consensus,17,17
401234625,2020,2,9,2020-10-31T23:00Z,0,0,150,2429,DUKE,CLT,53.000,19.000,0,-10.500,55.000,-420.000,316.000,,,consensus,1,12
401237119,2020,2,9,2020-10-31T23:00Z,0,1,333,344,ALA,MSST,41.000,0.000,0,-29.500,63.500,-5989.000,1520.000,,,consensus,8,8
401249003,2020,2,9,2020-10-31T23:00Z,0,1,23,167,SJSU,UNM,38.000,21.000,0,-13.500,55.500,-554.000,387.000,,,consensus,17,17
401212489,2020,2,9,2020-10-31T23:30Z,0,1,2567,2426,SMU,NAVY,51.000,37.000,0,-13.000,58.500,-488.000,361.000,,,consensus,151,151
401237116,2020,2,9,2020-10-31T23:30Z,0,1,57,142,FLA,MIZ,41.000,17.000,0,-13.500,63.500,-526.000,372.000,,,consensus,8,8
401237120,2020,2,9,2020-10-31T23:30Z,0,1,245,8,TA&M,ARK,42.000,31.000,0,-14.500,54.500,-633.000,441.000,,,consensus,8,8
401247306,2020,2,9,2020-10-31T23:30Z,0,1,213,194,PSU,OSU,25.000,38.000,0,10.000,63.000,294.000,-390.000,,,consensus,5,5
401215322,2020,2,9,2020-11-01T00:00Z,0,1,326,309,TXST,UL,34.000,44.000,0,16.500,57.000,530.000,-833.000,,,consensus,37,37
401234628,2020,2,9,2020-11-01T00:00Z,0,1,258,153,UVA,UNC,44.000,41.000,0,7.500,61.000,237.000,-300.000,,,consensus,1,1
401236016,2020,2,9,2020-11-01T00:00Z,0,1,2641,201,TTU,OU,28.000,62.000,0,16.000,66.500,461.000,-675.000,,,consensus,4,4
401249004,2020,2,9,2020-11-01T01:30Z,0,1,328,21,USU,SDSU,7.000,38.000,0,9.000,40.500,262.000,-341.000,,,consensus,17,17
401239887,2020,2,9,2020-11-01T02:15Z,0,0,252,98,BYU,WKU,41.000,10.000,0,-31.000,52.500,-6614.000,1688.000,,,consensus,18,12
401249002,2020,2,9,2020-11-01T02:30Z,0,1,2439,2440,UNLV,NEV,19.000,37.000,0,13.500,59.500,388.000,-542.000,,,consensus,17,17
401249856,2020,2,10,2020-11-04T23:00Z,0,1,2309,2199,KENT,EMU,27.000,23.000,0,-4.500,65.500,-204.000,167.000,,,consensus,15,15
401249857,2020,2,10,2020-11-04T23:00Z,0,1,2006,2711,AKR,WMU,13.000,58.000,0,20.500,52.000,697.000,-1168.000,,,consensus,15,15
401249859,2020,2,10,2020-11-05T00:00Z,0,1,2459,2084,NIU,BUFF,30.000,49.000,0,14.500,53.500,436.000,-612.000,,,consensus,15,15
401249860,2020,2,10,2020-11-05T00:00Z,0,1,2117,195,CMU,OHIO,30.000,27.000,0,2.500,54.000,119.000,-143.000,,,consensus,15,15
401249889,2020,2,10,2020-11-05T00:00Z,0,1,193,2050,M-OH,BALL,38.000,31.000,0,1.000,56.500,-108.000,-114.000,,,consensus,15,15
401249858,2020,2,10,2020-11-05T01:00Z,0,1,2649,189,TOL,BGSU,38.000,3.000,0,-24.000,63.500,-1948.000,959.000,,,consensus,15,15
401249009,2020,2,10,2020-11-06T00:00Z,0,1,2440,328,NEV,USU,34.000,9.000,0,-17.000,58.500,-849.000,548.000,,,consensus,17,17
401249010,2020,2,10,2020-11-06T02:00Z,0,1,36,2751,CSU,WYO,34.000,24.000,0,3.500,53.000,135.000,-163.000,,,consensus,17,17
401234630,2020,2,10,2020-11-07T00:30Z,0,1,152,2390,NCST,MIAMI,41.000,44.000,0,10.500,58.500,311.000,-426.000,,,consensus,1,1
401249008,2020,2,10,2020-11-07T02:00Z,0,1,21,23,SDSU,SJSU,17.000,28.000,0,-10.500,50.500,-125.000,285.000,,,consensus,17,17
401249005,2020,2,10,2020-11-07T02:45Z,0,0,68,252,BSU,BYU,17.000,51.000,0,4.500,62.500,168.000,-206.000,,,consensus,17,18
401212480,2020,2,10,2020-11-07T17:00Z,0,1,235,58,MEM,USF,34.000,33.000,0,-17.500,67.500,-884.000,558.000,,,consensus,151,151
401212490,2020,2,10,2020-11-07T17:00Z,0,1,218,2567,TEM,SMU,23.000,47.000,0,17.500,63.500,543.000,-830.000,,,consensus,151,151
401212525,2020,2,10,2020-11-07T17:00Z,0,1,151,2655,ECU,TULN,21.000,38.000,0,3.500,63.500,136.000,-165.000,,,consensus,151,151
401215327,2020,2,10,2020-11-07T17:00Z,0,1,2247,2433,GAST,ULM,52.000,34.000,0,-18.500,59.000,-991.000,606.000,,,consensus,37,37
401234633,2020,2,10,2020-11-07T17:00Z,0,1,150,153,DUKE,UNC,24.000,56.000,0,11.500,63.500,315.000,-426.000,,,consensus,1,1
401234636,2020,2,10,2020-11-07T17:00Z,0,0,259,2335,VT,LIB,35.000,38.000,0,-17.000,67.500,-754.000,483.000,,,consensus,1,18
401236022,2020,2,10,2020-11-07T17:00Z,0,1,251,277,TEX,WVU,17.000,13.000,0,-6.500,55.000,-239.000,188.000,,,consensus,4,4
401247307,2020,2,10,2020-11-07T17:00Z,0,1,77,158,NW,NEB,21.000,13.000,0,-4.000,54.000,-187.000,154.000,,,consensus,5,5
401247309,2020,2,10,2020-11-07T17:00Z,0,1,84,130,IU,MICH,38.000,21.000,0,4.000,55.000,155.000,-185.000,,,consensus,5,5
401247313,2020,2,10,2020-11-07T17:00Z,0,1,2294,127,IOWA,MSU,49.000,7.000,0,-5.500,46.000,-225.000,178.000,,,consensus,5,5
401249400,2020,2,10,2020-11-07T17:00Z,0,1,30,9,USC,ASU,28.000,27.000,0,-11.500,57.500,-443.000,331.000,,,consensus,9,9
401253924,2020,2,10,2020-11-07T17:00Z,0,1,309,2032,UL,ARST,27.000,20.000,0,-14.500,68.500,-564.000,402.000,,,consensus,37,37
401215326,2020,2,10,2020-11-07T18:00Z,0,1,290,2653,GASO,TROY,20.000,13.000,0,3.000,52.000,131.000,-157.000,,,consensus,37,37
401234631,2020,2,10,2020-11-07T19:00Z,0,1,183,103,SYR,BC,13.000,16.000,0,14.500,54.000,432.000,-603.000,,,consensus,1,1
401251931,2020,2,10,2020-11-07T19:30Z,0,0,276,113,MRSH,MASS,51.000,10.000,0,-44.500,55.500,,,,,consensus,12,18
401215324,2020,2,10,2020-11-07T20:00Z,0,1,326,2026,TXST,APP,17.000,38.000,0,21.500,58.500,812.000,-1498.000,,,consensus,37,37
401240035,2020,2,10,2020-11-07T20:00Z,0,0,2572,2453,USM,UNA,24.000,13.000,0,-17.500,51.500,-890.000,569.000,,,consensus,12,40
401212544,2020,2,10,2020-11-07T20:30Z,0,1,2132,248,CIN,HOU,38.000,10.000,0,-12.500,51.500,-484.000,354.000,,,consensus,151,151
401236019,2020,2,10,2020-11-07T20:30Z,0,1,201,2305,OU,KU,62.000,9.000,0,-38.500,63.000,,,,,consensus,4,4
401236021,2020,2,10,2020-11-07T20:30Z,0,1,2628,2641,TCU,TTU,34.000,18.000,0,-9.500,60.000,-366.000,282.000,,,consensus,4,4
401237125,2020,2,10,2020-11-07T20:30Z,1,1,61,57,UGA,FLA,28.000,44.000,0,-3.000,54.500,-150.000,124.000,,,consensus,8,8
401237126,2020,2,10,2020-11-07T20:30Z,0,1,344,238,MSST,VAN,24.000,17.000,0,-18.000,45.000,-1213.000,695.000,,,consensus,8,8
401247308,2020,2,10,2020-11-07T20:30Z,0,1,356,135,ILL,MINN,14.000,41.000,0,7.500,65.000,224.000,-218.000,,,consensus,5,5
401247312,2020,2,10,2020-11-07T20:30Z,0,1,213,120,PSU,MD,19.000,35.000,0,-27.500,63.000,-2710.000,1157.000,,,consensus,5,5
401249006,2020,2,10,2020-11-07T20:30Z,0,1,2439,278,UNLV,FRES,27.000,40.000,0,11.500,57.500,327.000,-448.000,,,consensus,17,17
401234634,2020,2,10,2020-11-07T21:00Z,0,1,52,221,FSU,PITT,17.000,41.000,0,1.500,52.500,102.000,-124.000,,,consensus,1,1
401236020,2020,2,10,2020-11-07T21:00Z,0,1,2306,197,KSU,OKST,18.000,20.000,0,14.000,48.500,435.000,-630.000,,,consensus,4,4
401207169,2020,2,10,2020-11-07T23:00Z,0,1,2226,98,FAU,WKU,10.000,6.000,0,-7.000,38.000,-286.000,223.000,,,consensus,12,12
401236018,2020,2,10,2020-11-08T00:00Z,0,1,66,239,ISU,BAY,38.000,31.000,0,-14.000,47.000,-597.000,427.000,,,consensus,4,4
401237127,2020,2,10,2020-11-08T00:00Z,0,1,2579,245,SC,TA&M,3.000,48.000,0,9.500,58.000,248.000,-260.000,,,consensus,8,8
401249402,2020,2,10,2020-11-08T00:00Z,0,1,38,26,COLO,UCLA,48.000,42.000,0,6.500,56.500,191.000,-239.000,,,consensus,9,9
401234632,2020,2,10,2020-11-08T00:30Z,0,1,87,228,ND,CLEM,47.000,40.000,1,5.000,50.500,168.000,-201.000,,,consensus,1,1
401237124,2020,2,10,2020-11-08T00:30Z,0,1,8,2633,ARK,TENN,24.000,13.000,0,2.000,55.000,108.000,-133.000,,,consensus,8,8
401247310,2020,2,10,2020-11-08T00:30Z,0,1,194,164,OSU,RUTG,49.000,27.000,0,-37.500,62.500,,,,,consensus,5,5
401249399,2020,2,10,2020-11-08T00:30Z,0,1,2483,24,ORE,STAN,35.000,14.000,0,-11.500,49.000,-500.000,366.000,,,consensus,9,9
401215325,2020,2,10,2020-11-08T01:00Z,0,1,324,6,CCU,USA,23.000,6.000,0,-17.000,57.500,-878.000,558.000,,,consensus,37,37
401249397,2020,2,10,2020-11-08T03:30Z,0,1,204,265,ORST,WSU,28.000,38.000,0,-3.000,63.500,-157.000,130.000,,,consensus,9,9
401249007,2020,2,10,2020-11-08T04:00Z,0,1,62,167,HAW,UNM,39.000,33.000,0,-14.000,65.500,-552.000,395.000,,,consensus,17,17
401249861,2020,2,11,2020-11-11T00:00Z,0,1,195,2006,OHIO,AKR,24.000,10.000,0,-27.500,59.000,-3569.000,1341.000,,,consensus,15,15
401249862,2020,2,11,2020-11-11T00:30Z,0,1,189,2309,BGSU,KENT,24.000,62.000,0,20.500,55.000,761.000,-1365.000,,,consensus,15,15
401249890,2020,2,11,2020-11-11T01:00Z,0,1,2084,193,BUFF,M-OH,42.000,10.000,0,-7.500,56.500,-300.000,234.000,,,consensus,15,15
401249865,2020,2,11,2020-11-12T00:00Z,0,1,2050,2199,BALL,EMU,38.000,31.000,0,-8.500,61.500,-325.000,250.000,,,consensus,15,15
401249864,2020,2,11,2020-11-12T01:00Z,0,1,2459,2117,NIU,CMU,10.000,40.000,0,6.000,57.500,186.000,-232.000,,,consensus,15,15
401249866,2020,2,11,2020-11-12T01:00Z,0,1,2711,2649,WMU,TOL,41.000,38.000,0,-1.500,58.500,-122.000,-101.000,,,consensus,15,15
401249012,2020,2,11,2020-11-13T01:00Z,0,1,68,36,BSU,CSU,52.000,21.000,0,-14.000,62.500,-600.000,417.000,,,consensus,17,17
401207174,2020,2,11,2020-11-14T00:00Z,0,1,2229,2226,FIU,FAU,19.000,38.000,0,9.500,41.500,275.000,-358.000,,,consensus,12,12
401247317,2020,2,11,2020-11-14T00:00Z,0,1,135,2294,MINN,IOWA,7.000,35.000,0,3.000,58.000,131.000,-157.000,,,consensus,5,5
401212545,2020,2,11,2020-11-14T00:30Z,0,1,2132,151,CIN,ECU,55.000,17.000,0,-27.500,56.500,-3526.000,1268.000,,,consensus,151,151
401207176,2020,2,11,2020-11-14T17:00Z,0,1,276,2393,MRSH,MTSU,42.000,14.000,0,-23.500,55.500,-2321.000,1057.000,,,consensus,12,12
401207200,2020,2,11,2020-11-14T17:00Z,0,0,2655,349,TULN,ARMY,38.000,12.000,0,-3.000,46.500,-151.000,126.000,,,consensus,151,18
401207218,2020,2,11,2020-11-14T17:00Z,0,0,2335,2717,LIB,WCU,58.000,14.000,0,-39.000,63.000,-5000.000,1500.000,,,consensus,18,29
401234641,2020,2,11,2020-11-14T17:00Z,0,1,259,2390,VT,MIAMI,24.000,25.000,0,-2.000,68.000,-132.000,108.000,,,consensus,1,1
401234642,2020,2,11,2020-11-14T17:00Z,0,1,153,154,UNC,WAKE,59.000,53.000,0,-12.500,70.500,-470.000,348.000,,,consensus,1,1
401236024,2020,2,11,2020-11-14T17:00Z,0,1,277,2628,WVU,TCU,24.000,6.000,0,-3.000,44.500,-159.000,131.000,,,consensus,4,4
401237132,2020,2,11,2020-11-14T17:00Z,0,1,96,238,UK,VAN,38.000,35.000,0,-17.500,41.500,-1009.000,630.000,,,consensus,8,8
401247316,2020,2,11,2020-11-14T17:00Z,0,1,127,84,MSU,IU,0.000,24.000,0,7.500,52.500,230.000,-296.000,,,consensus,5,5
401247320,2020,2,11,2020-11-14T17:00Z,0,1,158,213,NEB,PSU,30.000,23.000,0,2.500,57.500,115.000,-139.000,,,consensus,5,5
401247314,2020,2,11,2020-11-14T18:00Z,0,1,164,356,RUTG,ILL,20.000,23.000,0,-5.500,51.500,-227.000,176.000,,,consensus,5,5
401215332,2020,2,11,2020-11-14T19:00Z,0,1,309,6,UL,USA,38.000,10.000,0,-14.000,53.500,-624.000,438.000,,,consensus,37,37
401215328,2020,2,11,2020-11-14T19:30Z,0,1,2026,2247,APP,GAST,17.000,13.000,0,-17.500,63.000,-822.000,541.000,,,consensus,37,37
401249013,2020,2,11,2020-11-14T19:30Z,0,1,328,278,USU,FRES,16.000,35.000,0,11.000,51.500,318.000,-424.000,,,consensus,17,17
401207179,2020,2,11,2020-11-14T20:00Z,0,1,2636,2638,UTSA,UTEP,52.000,21.000,0,-6.000,45.500,-238.000,191.000,,,consensus,12,12
401207178,2020,2,11,2020-11-14T20:30Z,0,1,98,2572,WKU,USM,10.000,7.000,0,-7.500,45.000,-301.000,237.000,,,consensus,12,12
401212481,2020,2,11,2020-11-14T20:30Z,0,1,248,58,HOU,USF,56.000,21.000,0,-14.500,58.500,-625.000,438.000,,,consensus,151,151
401215331,2020,2,11,2020-11-14T20:30Z,0,1,290,326,GASO,TXST,40.000,38.000,0,-11.500,49.500,-476.000,356.000,,,consensus,37,37
401234637,2020,2,11,2020-11-14T20:30Z,0,1,103,87,BC,ND,31.000,45.000,0,13.000,51.500,383.000,-527.000,,,consensus,1,1
401249403,2020,2,11,2020-11-14T20:30Z,0,1,12,30,ARIZ,USC,30.000,34.000,0,15.000,67.500,421.000,-227.000,,,consensus,9,9
401249406,2020,2,11,2020-11-14T20:30Z,0,1,24,38,STAN,COLO,32.000,35.000,0,-9.500,55.500,-359.000,273.000,,,consensus,9,9
401257934,2020,2,11,2020-11-14T20:30Z,0,1,258,97,UVA,LOU,31.000,17.000,0,-6.000,63.500,-222.000,178.000,,,consensus,1,1
401236023,2020,2,11,2020-11-14T21:00Z,0,1,2641,239,TTU,BAY,24.000,23.000,0,-1.000,54.500,-112.000,-111.000,,,consensus,4,4
401249014,2020,2,11,2020-11-14T21:00Z,0,1,21,62,SDSU,HAW,34.000,10.000,0,-10.000,51.000,-366.000,281.000,,,consensus,17,17
401247315,2020,2,11,2020-11-14T22:00Z,0,1,2509,77,PUR,NW,20.000,27.000,0,3.500,48.000,144.000,-172.000,,,consensus,5,5
401249015,2020,2,11,2020-11-14T23:30Z,1,1,167,2440,UNM,NEV,20.000,27.000,0,17.500,62.500,541.000,-828.000,,,consensus,17,17
401212491,2020,2,11,2020-11-15T00:00Z,0,1,202,2567,TLSA,SMU,28.000,24.000,0,2.000,64.500,106.000,-129.000,,,consensus,151,151
401237129,2020,2,11,2020-11-15T00:00Z,0,1,57,8,FLA,ARK,63.000,35.000,0,-17.000,62.000,-819.000,543.000,,,consensus,8,8
401249405,2020,2,11,2020-11-15T00:00Z,0,1,265,2483,WSU,ORE,29.000,43.000,0,10.500,57.500,297.000,-391.000,,,consensus,9,9
401212518,2020,2,11,2020-11-15T00:30Z,0,1,2116,218,UCF,TEM,38.000,13.000,0,-28.500,72.500,-3827.000,1382.000,,,consensus,151,151
401234639,2020,2,11,2020-11-15T00:30Z,0,1,152,52,NCST,FSU,38.000,22.000,0,-11.500,61.500,-449.000,340.000,,,consensus,1,1
401237133,2020,2,11,2020-11-15T00:30Z,0,1,145,2579,MISS,SC,59.000,42.000,0,-12.500,72.500,-455.000,337.000,,,consensus,8,8
401247319,2020,2,11,2020-11-15T00:30Z,0,1,130,275,MICH,WISC,11.000,49.000,0,7.000,51.500,208.000,-262.000,,,consensus,5,5
401249016,2020,2,11,2020-11-15T03:30Z,0,1,23,2439,SJSU,UNLV,34.000,17.000,0,-17.000,61.500,-843.000,553.000,,,consensus,17,17
401249404,2020,2,11,2020-11-15T04:00Z,0,1,264,204,WASH,ORST,27.000,21.000,0,-13.500,51.000,-523.000,375.000,,,consensus,9,9
401261454,2020,2,11,2020-11-15T17:00Z,0,1,26,25,UCLA,CAL,34.000,10.000,0,3.500,57.500,139.000,-165.000,,,consensus,9,9
401249868,2020,2,12,2020-11-18T00:00Z,0,1,189,2084,BGSU,BUFF,17.000,42.000,0,31.500,58.500,1733.000,-7054.000,,,consensus,15,15
401249867,2020,2,12,2020-11-18T01:00Z,0,1,2309,2006,KENT,AKR,69.000,35.000,0,-26.000,60.000,-2749.000,1118.000,,,consensus,15,15
401249870,2020,2,12,2020-11-19T00:00Z,0,1,2050,2459,BALL,NIU,31.000,25.000,0,-14.500,59.500,-632.000,443.000,,,consensus,15,15
401249871,2020,2,12,2020-11-19T00:00Z,0,1,2199,2649,EMU,TOL,28.000,45.000,0,6.500,62.000,191.000,-239.000,,,consensus,15,15
401249872,2020,2,12,2020-11-19T00:00Z,0,1,2117,2711,CMU,WMU,44.000,52.000,0,1.000,59.500,-109.000,-113.000,,,consensus,15,15
401212526,2020,2,12,2020-11-20T00:30Z,0,1,202,2655,TLSA,TULN,30.000,24.000,1,-5.000,56.000,-203.000,167.000,,,consensus,151,151
401234643,2020,2,12,2020-11-21T00:00Z,0,1,97,183,LOU,SYR,30.000,0.000,0,-19.500,55.500,-1051.000,633.000,,,consensus,1,1
401247325,2020,2,12,2020-11-21T00:30Z,0,1,135,2509,MINN,PUR,34.000,31.000,0,2.500,61.500,109.000,-131.000,,,consensus,5,5
401261674,2020,2,12,2020-11-21T01:00Z,0,0,2226,113,FAU,MASS,24.000,2.000,0,-34.000,50.500,-10000.000,1900.000,,,consensus,12,18
401249018,2020,2,12,2020-11-21T02:30Z,0,1,2005,167,AFA,UNM,28.000,0.000,0,-8.000,55.500,-281.000,245.000,,,consensus,17,17
401212519,2020,2,12,2020-11-21T17:00Z,0,1,218,151,TEM,ECU,3.000,28.000,0,7.000,53.000,200.000,-247.000,,,consensus,151,151
401215333,2020,2,12,2020-11-21T17:00Z,0,1,324,2026,CCU,APP,34.000,23.000,0,-3.000,48.500,-164.000,136.000,,,consensus,37,37
401215334,2020,2,12,2020-11-21T17:00Z,0,1,326,2032,TXST,ARST,47.000,45.000,0,4.500,69.000,156.000,-189.000,,,consensus,37,37
401235975,2020,2,12,2020-11-21T17:00Z,0,0,349,290,ARMY,GASO,28.000,27.000,0,-3.500,38.500,-168.000,138.000,,,consensus,18,37
401237136,2020,2,12,2020-11-21T17:00Z,0,1,8,99,ARK,LSU,24.000,27.000,0,1.500,65.000,-101.000,-120.000,,,consensus,8,8
401237138,2020,2,12,2020-11-21T17:00Z,0,1,238,57,VAN,FLA,17.000,38.000,0,31.500,68.500,1740.000,-7131.000,,,consensus,8,8
401247321,2020,2,12,2020-11-21T17:00Z,0,1,158,356,NEB,ILL,23.000,41.000,0,-16.500,61.500,-784.000,515.000,,,consensus,5,5
401247326,2020,2,12,2020-11-21T17:00Z,0,1,194,84,OSU,IU,42.000,35.000,0,-21.000,67.500,-1195.000,691.000,,,consensus,5,5
401247374,2020,2,12,2020-11-21T17:00Z,0,0,235,2617,MEM,SFA,56.000,14.000,0,-31.000,61.000,-7952.000,1550.000,,,consensus,151,30
401207181,2020,2,12,2020-11-21T19:00Z,0,1,98,2229,WKU,FIU,38.000,21.000,0,-7.000,42.000,-280.000,222.000,,,consensus,12,12
401207184,2020,2,12,2020-11-21T19:00Z,0,1,249,242,UNT,RICE,27.000,17.000,0,-2.500,65.500,-132.000,109.000,,,consensus,12,12
401207185,2020,2,12,2020-11-21T20:00Z,0,1,2572,2636,USM,UTSA,20.000,23.000,0,9.000,51.500,272.000,-356.000,,,consensus,12,12
401209818,2020,2,12,2020-11-21T20:00Z,0,0,252,2453,BYU,UNA,66.000,14.000,0,-50.000,63.000,,,,,consensus,18,40
401212540,2020,2,12,2020-11-21T20:30Z,0,1,2116,2132,UCF,CIN,33.000,36.000,0,4.500,65.500,150.000,-181.000,,,consensus,151,151
401215335,2020,2,12,2020-11-21T20:30Z,0,1,6,2247,USA,GAST,14.000,31.000,0,3.500,58.500,141.000,-173.000,,,consensus,37,37
401240641,2020,2,12,2020-11-21T20:30Z,0,0,2653,2393,TROY,MTSU,17.000,20.000,0,-11.000,60.500,-421.000,316.000,,,consensus,37,12
401247323,2020,2,12,2020-11-21T20:30Z,0,1,77,275,NW,WISC,17.000,7.000,0,7.500,44.500,238.000,-306.000,,,consensus,5,5
401247327,2020,2,12,2020-11-21T20:30Z,0,1,213,2294,PSU,IOWA,21.000,41.000,0,-1.000,45.500,-110.000,-112.000,,,consensus,5,5
401249019,2020,2,12,2020-11-21T20:30Z,0,1,2440,21,NEV,SDSU,26.000,21.000,0,1.500,46.500,101.000,-124.000,,,consensus,17,17
401249411,2020,2,12,2020-11-21T20:30Z,0,1,204,25,ORST,CAL,31.000,27.000,0,1.000,46.500,-104.000,-118.000,,,consensus,9,9
401249415,2020,2,12,2020-11-21T20:30Z,0,1,2483,26,ORE,UCLA,38.000,35.000,0,-17.500,61.500,-933.000,594.000,,,consensus,9,9
401234648,2020,2,12,2020-11-21T21:00Z,0,1,221,259,PITT,VT,47.000,14.000,0,6.500,53.000,170.000,-170.000,,,consensus,1,1
401236025,2020,2,12,2020-11-21T21:00Z,0,1,66,2306,ISU,KSU,45.000,0.000,0,-13.500,48.000,-562.000,402.000,,,consensus,4,4
401237135,2020,2,12,2020-11-21T21:00Z,0,1,333,96,ALA,UK,63.000,3.000,0,-31.500,57.500,-8289.000,1789.000,,,consensus,8,8
401248275,2020,2,12,2020-11-21T21:00Z,0,0,258,2000,UVA,ACU,55.000,15.000,0,-38.500,61.500,,,,,consensus,1,30
401237137,2020,2,12,2020-11-22T00:00Z,0,1,2,2633,AUB,TENN,30.000,17.000,0,-10.500,50.500,-403.000,305.000,,,consensus,8,8
401234647,2020,2,12,2020-11-22T00:30Z,0,0,152,2335,NCST,LIB,15.000,14.000,0,-4.000,66.500,-165.000,149.000,,,consensus,1,18
401236027,2020,2,12,2020-11-22T00:30Z,0,1,201,197,OU,OKST,41.000,13.000,0,-6.500,60.500,-253.000,200.000,,,consensus,4,4
401237139,2020,2,12,2020-11-22T00:30Z,0,1,61,344,UGA,MSST,31.000,24.000,0,-26.500,44.000,-2996.000,1273.000,,,consensus,8,8
401237141,2020,2,12,2020-11-22T00:30Z,0,1,2579,142,SC,MIZ,10.000,17.000,0,4.500,57.500,165.000,-200.000,,,consensus,8,8
401247324,2020,2,12,2020-11-22T00:30Z,0,1,164,130,RUTG,MICH,42.000,48.000,1,12.000,52.000,341.000,-469.000,,,consensus,5,5
401249413,2020,2,12,2020-11-22T01:00Z,0,1,264,12,WASH,ARIZ,44.000,27.000,0,-12.000,53.500,-467.000,347.000,,,consensus,9,9
401249410,2020,2,12,2020-11-22T03:30Z,0,1,254,30,UTAH,USC,17.000,33.000,0,-1.000,59.000,-105.000,-116.000,,,consensus,9,9
401249017,2020,2,12,2020-11-22T04:00Z,0,1,62,68,HAW,BSU,32.000,40.000,0,13.500,55.500,369.000,-507.000,,,consensus,17,17
401249025,2020,2,13,2020-11-27T00:00Z,0,1,328,167,USU,UNM,41.000,27.000,0,6.000,49.000,184.000,-229.000,,,consensus,17,17
401236029,2020,2,13,2020-11-27T17:00Z,0,1,251,66,TEX,ISU,20.000,23.000,0,1.500,57.500,102.000,-124.000,,,consensus,4,4
401251926,2020,2,13,2020-11-27T17:00Z,0,0,2335,113,LIB,MASS,45.000,0.000,0,-35.500,57.500,,,,,consensus,18,18
401247332,2020,2,13,2020-11-27T18:00Z,0,1,2294,158,IOWA,NEB,26.000,20.000,0,-12.500,53.500,-499.000,364.000,,,consensus,5,5
401212483,2020,2,13,2020-11-27T20:30Z,0,1,58,2116,USF,UCF,46.000,58.000,0,25.000,70.500,1003.000,-2079.000,,,consensus,151,151
401234650,2020,2,13,2020-11-27T20:30Z,0,1,153,87,UNC,ND,17.000,31.000,0,4.500,69.500,230.000,-215.000,,,consensus,1,1
401249028,2020,2,13,2020-11-27T21:00Z,0,1,2439,2751,UNLV,WYO,14.000,45.000,0,16.500,52.000,489.000,-743.000,,,consensus,17,17
401249874,2020,2,13,2020-11-27T21:00Z,0,1,2199,2117,EMU,CMU,23.000,31.000,0,6.500,59.000,193.000,-246.000,,,consensus,15,15
401249417,2020,2,13,2020-11-27T21:30Z,0,1,25,24,CAL,STAN,23.000,24.000,0,1.500,51.500,104.000,-127.000,,,consensus,9,9
401249418,2020,2,13,2020-11-28T00:30Z,0,1,204,2483,ORST,ORE,41.000,38.000,0,13.000,64.500,365.000,-521.000,,,consensus,9,9
401212513,2020,2,13,2020-11-28T17:00Z,0,1,151,2567,ECU,SMU,52.000,38.000,0,11.500,72.000,327.000,-441.000,,,consensus,151,151
401215339,2020,2,13,2020-11-28T17:00Z,0,1,2247,290,GAST,GASO,30.000,24.000,0,-2.500,51.000,-138.000,115.000,,,consensus,37,37
401234655,2020,2,13,2020-11-28T17:00Z,0,1,183,152,SYR,NCST,29.000,36.000,0,17.000,50.500,569.000,-892.000,,,consensus,1,1
401236032,2020,2,13,2020-11-28T17:00Z,0,1,197,2641,OKST,TTU,50.000,44.000,0,-11.500,57.000,-131.000,322.000,,,consensus,4,4
401237143,2020,2,13,2020-11-28T17:00Z,0,1,142,238,MIZ,VAN,41.000,0.000,0,-14.000,51.500,-604.000,431.000,,,consensus,8,8
401237144,2020,2,13,2020-11-28T17:00Z,0,1,57,96,FLA,UK,34.000,10.000,0,-24.000,60.500,-2355.000,1082.000,,,consensus,8,8
401247329,2020,2,13,2020-11-28T17:00Z,0,1,84,120,IU,MD,27.000,11.000,0,-11.500,62.500,-453.000,326.000,,,consensus,5,5
401247333,2020,2,13,2020-11-28T17:00Z,0,1,130,213,MICH,PSU,17.000,27.000,0,-1.000,56.500,-115.000,-107.000,,,consensus,5,5
401249873,2020,2,13,2020-11-28T17:00Z,0,1,2649,2050,TOL,BALL,24.000,27.000,0,-10.000,67.500,-313.000,261.000,,,consensus,15,15
401249875,2020,2,13,2020-11-28T17:00Z,0,1,2711,2459,WMU,NIU,30.000,27.000,0,-18.500,64.500,-190.000,555.000,,,consensus,15,15
401249876,2020,2,13,2020-11-28T17:00Z,0,1,195,189,OHIO,BGSU,52.000,10.000,0,-22.500,54.500,-1920.000,909.000,,,consensus,15,15
401249877,2020,2,13,2020-11-28T17:00Z,0,1,2084,2309,BUFF,KENT,70.000,41.000,0,-7.500,69.500,-255.000,208.000,,,consensus,15,15
401249892,2020,2,13,2020-11-28T18:00Z,0,1,2006,193,AKR,M-OH,7.000,38.000,0,14.000,55.500,396.000,-266.000,,,consensus,15,15
401207191,2020,2,13,2020-11-28T20:00Z,0,1,2636,249,UTSA,UNT,49.000,17.000,0,-1.000,67.500,-134.000,126.000,,,consensus,12,12
401215337,2020,2,13,2020-11-28T20:00Z,0,1,2032,6,ARST,USA,31.000,38.000,0,-7.500,63.500,-279.000,222.000,,,consensus,37,37
401215338,2020,2,13,2020-11-28T20:00Z,0,1,326,324,TXST,CCU,14.000,49.000,0,16.500,58.500,503.000,-764.000,,,consensus,37,37
401215340,2020,2,13,2020-11-28T20:00Z,0,1,2433,309,ULM,UL,20.000,70.000,0,29.500,58.000,1425.000,-287.000,,,consensus,37,37
401215336,2020,2,13,2020-11-28T20:30Z,0,1,2026,2653,APP,TROY,47.000,10.000,0,-14.000,50.500,-606.000,428.000,,,consensus,37,37
401234651,2020,2,13,2020-11-28T20:30Z,0,1,228,221,CLEM,PITT,52.000,17.000,0,-24.000,58.500,-2012.000,952.000,,,consensus,1,1
401237142,2020,2,13,2020-11-28T20:30Z,0,1,333,2,ALA,AUB,42.000,13.000,0,-24.500,64.500,-2053.000,1005.000,,,consensus,8,8
401247330,2020,2,13,2020-11-28T20:30Z,0,1,127,77,MSU,NW,29.000,20.000,0,13.500,40.500,436.000,-634.000,,,consensus,5,5
401234649,2020,2,13,2020-11-28T21:00Z,0,1,103,97,BC,LOU,34.000,27.000,0,-1.000,56.500,-117.000,-105.000,,,consensus,1,1
401237147,2020,2,13,2020-11-28T21:00Z,0,1,145,344,MISS,MSST,31.000,24.000,0,-9.500,70.500,-344.000,263.000,,,consensus,8,8
401247328,2020,2,13,2020-11-28T21:00Z,0,1,2509,164,PUR,RUTG,30.000,37.000,0,-12.500,61.000,-471.000,339.000,,,consensus,5,5
401265734,2020,2,13,2020-11-28T22:37Z,0,0,38,21,COLO,SDSU,20.000,10.000,0,-5.000,51.500,-214.000,174.000,,,consensus,9,17
401234652,2020,2,13,2020-11-29T00:00Z,0,1,59,150,GT,DUKE,56.000,33.000,0,2.500,57.500,110.000,-133.000,,,consensus,1,1
401236028,2020,2,13,2020-11-29T00:00Z,0,1,239,2306,BAY,KSU,32.000,31.000,0,-5.500,44.500,-233.000,237.000,,,consensus,4,4
401237146,2020,2,13,2020-11-29T00:00Z,0,1,245,99,TA&M,LSU,20.000,7.000,0,-15.500,60.500,-597.000,439.000,,,consensus,8,8
401264080,2020,2,13,2020-11-29T00:00Z,0,1,2426,235,NAVY,MEM,7.000,10.000,0,13.500,62.500,360.000,-494.000,,,consensus,151,151
401237145,2020,2,13,2020-11-29T00:30Z,0,1,2579,61,SC,UGA,16.000,45.000,0,22.000,50.500,923.000,-1914.000,,,consensus,8,8
401265458,2020,2,13,2020-11-29T00:30Z,0,1,264,254,WASH,UTAH,24.000,21.000,0,-9.000,47.500,-344.000,261.000,,,consensus,9,9
401236030,2020,2,13,2020-11-29T01:00Z,0,1,2305,2628,KU,TCU,23.000,59.000,0,23.000,51.000,971.000,-2043.000,,,consensus,4,4
401249421,2020,2,13,2020-11-29T01:00Z,0,1,26,12,UCLA,ARIZ,27.000,10.000,0,-7.500,70.500,-297.000,232.000,,,consensus,9,9
401249024,2020,2,13,2020-11-29T04:00Z,0,1,62,2440,HAW,NEV,24.000,21.000,0,7.000,63.000,302.000,-281.000,,,consensus,17,17
401265703,2020,2,14,2020-12-03T23:00Z,0,1,249,2348,UNT,LT,31.000,42.000,0,1.000,65.500,-108.000,-115.000,,,consensus,12,12
401249029,2020,2,14,2020-12-04T02:30Z,0,1,328,2005,USU,AFA,7.000,35.000,0,13.500,51.500,398.000,-557.000,,,consensus,17,17
401252117,2020,2,14,2020-12-05T01:30Z,0,1,2026,309,APP,UL,21.000,24.000,0,-3.000,51.500,-159.000,131.000,,,consensus,37,37
401236035,2020,2,14,2020-12-05T17:00Z,0,1,2641,2305,TTU,KU,16.000,13.000,0,-26.500,63.500,-2863.000,1189.000,,,consensus,4,4
401236036,2020,2,14,2020-12-05T17:00Z,0,1,2306,251,KSU,TEX,31.000,69.000,0,7.500,53.500,219.000,-277.000,,,consensus,4,4
401236037,2020,2,14,2020-12-05T17:00Z,0,1,2628,197,TCU,OKST,29.000,22.000,0,2.500,52.500,113.000,-139.000,,,consensus,4,4
401237150,2020,2,14,2020-12-05T17:00Z,0,1,2,245,AUB,TA&M,20.000,31.000,0,6.000,48.500,186.000,-234.000,,,consensus,8,8
401247335,2020,2,14,2020-12-05T17:00Z,0,1,2509,158,PUR,NEB,27.000,37.000,0,-1.000,64.000,-117.000,-107.000,,,consensus,5,5
401247336,2020,2,14,2020-12-05T17:00Z,0,1,164,213,RUTG,PSU,7.000,23.000,0,13.000,51.000,458.000,-587.000,,,consensus,5,5
401247340,2020,2,14,2020-12-05T17:00Z,0,1,127,194,MSU,OSU,12.000,52.000,0,22.500,59.000,932.000,-1848.000,,,consensus,5,5
401248781,2020,2,14,2020-12-05T17:00Z,0,0,153,2717,UNC,WCU,49.000,9.000,0,-48.500,69.500,-10000.000,2000.000,,,consensus,1,29
401249880,2020,2,14,2020-12-05T17:00Z,0,1,2459,2649,NIU,TOL,24.000,41.000,0,9.500,53.500,257.000,-288.000,,,consensus,15,15
401257812,2020,2,14,2020-12-05T17:00Z,0,1,276,242,MRSH,RICE,0.000,20.000,0,-24.500,42.500,-2861.000,1255.000,,,consensus,12,12
401264082,2020,2,14,2020-12-05T17:00Z,0,1,2655,235,TULN,MEM,35.000,21.000,0,-3.000,64.000,-150.000,123.000,,,consensus,151,151
401265818,2020,2,14,2020-12-05T17:00Z,0,1,142,8,MIZ,ARK,50.000,48.000,0,-2.500,54.500,-138.000,114.000,,,consensus,8,8
401249878,2020,2,14,2020-12-05T19:00Z,0,1,2117,2050,CMU,BALL,20.000,45.000,0,2.500,63.000,135.000,-149.000,,,consensus,15,15
401249879,2020,2,14,2020-12-05T19:00Z,0,1,2711,2199,WMU,EMU,42.000,53.000,0,-13.500,67.500,-423.000,348.000,,,consensus,15,15
401249881,2020,2,14,2020-12-05T19:00Z,0,1,2006,189,AKR,BGSU,31.000,3.000,0,-2.500,55.500,-136.000,115.000,,,consensus,15,15
401262494,2020,2,14,2020-12-05T19:00Z,0,1,6,2653,USA,TROY,0.000,29.000,0,4.000,54.000,148.000,-179.000,,,consensus,37,37
401234662,2020,2,14,2020-12-05T19:30Z,0,1,87,183,ND,SYR,45.000,21.000,0,-34.000,51.000,-158.000,1505.000,,,consensus,1,1
401262493,2020,2,14,2020-12-05T20:00Z,0,1,2032,2433,ARST,ULM,48.000,15.000,0,-20.000,71.000,-1109.000,672.000,,,consensus,37,37
401234656,2020,2,14,2020-12-05T20:30Z,0,1,258,103,UVA,BC,43.000,32.000,0,-6.000,54.000,-244.000,194.000,,,consensus,1,1
401236034,2020,2,14,2020-12-05T20:30Z,0,1,66,277,ISU,WVU,42.000,6.000,0,-6.000,48.000,-236.000,188.000,,,consensus,4,4
401237151,2020,2,14,2020-12-05T20:30Z,0,1,2633,57,TENN,FLA,19.000,31.000,0,18.000,62.500,555.000,-865.000,,,consensus,8,8
401247337,2020,2,14,2020-12-05T20:30Z,0,1,356,2294,ILL,IOWA,21.000,35.000,0,13.500,52.500,433.000,-595.000,,,consensus,5,5
401247338,2020,2,14,2020-12-05T20:30Z,0,1,275,84,WISC,IU,6.000,14.000,0,-13.500,44.500,-558.000,398.000,,,consensus,5,5
401264083,2020,2,14,2020-12-05T20:30Z,0,1,2426,202,NAVY,TLSA,6.000,19.000,0,12.000,45.500,365.000,-504.000,,,consensus,151,151
401234659,2020,2,14,2020-12-05T21:00Z,0,1,152,59,NCST,GT,23.000,13.000,0,-7.000,60.500,-264.000,206.000,,,consensus,1,1
401249424,2020,2,14,2020-12-05T21:00Z,0,1,264,24,WASH,STAN,26.000,31.000,0,-12.000,49.500,-477.000,344.000,,,consensus,9,9
401237514,2020,2,14,2020-12-05T22:30Z,0,0,324,252,CCU,BYU,22.000,17.000,0,10.500,62.500,288.000,-382.000,,,consensus,37,18
401249033,2020,2,14,2020-12-05T23:00Z,0,1,62,23,HAW,SJSU,24.000,35.000,0,2.500,59.500,117.000,-142.000,,,consensus,17,17
401261675,2020,2,14,2020-12-05T23:00Z,0,0,290,2226,GASO,FAU,20.000,3.000,0,2.500,40.500,107.000,-130.000,,,consensus,37,12
401249031,2020,2,14,2020-12-06T00:00Z,0,1,21,36,SDSU,CSU,29.000,17.000,0,-7.500,46.500,-298.000,235.000,,,consensus,17,17
401249423,2020,2,14,2020-12-06T00:00Z,0,1,25,2483,CAL,ORE,21.000,17.000,0,9.000,59.500,244.000,-278.000,,,consensus,9,9
401249426,2020,2,14,2020-12-06T00:00Z,0,1,12,38,ARIZ,COLO,13.000,24.000,0,9.500,57.500,260.000,-341.000,,,consensus,9,9
401234657,2020,2,14,2020-12-06T00:30Z,0,1,259,228,VT,CLEM,10.000,45.000,0,23.000,66.500,922.000,-1824.000,,,consensus,1,1
401237153,2020,2,14,2020-12-06T00:30Z,0,1,96,2579,UK,SC,41.000,18.000,0,-11.500,47.000,-482.000,348.000,,,consensus,8,8
401236033,2020,2,14,2020-12-06T01:00Z,0,1,201,239,OU,BAY,27.000,14.000,0,-23.500,61.000,-1760.000,894.000,,,consensus,4,4
401265817,2020,2,14,2020-12-06T01:00Z,0,1,99,333,LSU,ALA,17.000,55.000,0,28.500,64.000,1500.000,-4357.000,,,consensus,8,8
401266134,2020,2,14,2020-12-06T01:00Z,0,1,150,2390,DUKE,MIAMI,0.000,48.000,0,14.500,62.500,419.000,-606.000,,,consensus,1,1
401249032,2020,2,14,2020-12-06T02:00Z,0,1,2440,278,NEV,FRES,37.000,26.000,0,-6.500,59.000,-118.000,178.000,,,consensus,17,17
401249034,2020,2,14,2020-12-06T03:30Z,1,1,167,2751,UNM,WYO,17.000,16.000,0,15.500,51.000,453.000,-202.000,,,consensus,17,17
401249422,2020,2,14,2020-12-06T03:30Z,0,1,254,204,UTAH,ORST,30.000,24.000,0,-14.000,51.000,-520.000,383.000,,,consensus,9,9
401249425,2020,2,14,2020-12-06T03:30Z,0,1,9,26,ASU,UCLA,18.000,25.000,0,-2.500,57.500,-147.000,121.000,,,consensus,9,9
401266789,2020,2,14,2020-12-06T17:00Z,0,1,2429,98,CLT,WKU,19.000,37.000,0,-2.500,46.500,-136.000,114.000,,,consensus,12,12
401249427,2020,2,14,2020-12-07T00:30Z,0,1,30,265,USC,WSU,38.000,13.000,0,-11.000,68.500,-413.000,314.000,,,consensus,9,9
401257813,2020,2,15,2020-12-10T23:30Z,0,1,2572,2226,USM,FAU,45.000,31.000,0,9.500,44.000,279.000,-361.000,,,consensus,12,12
401261245,2020,2,15,2020-12-11T00:00Z,0,1,59,221,GT,PITT,20.000,34.000,0,7.500,55.500,220.000,-275.000,,,consensus,1,1
401257816,2020,2,15,2020-12-11T23:00Z,0,1,2638,249,UTEP,UNT,43.000,45.000,0,-10.000,66.500,274.000,-353.000,,,consensus,12,12
401249429,2020,2,15,2020-12-12T00:00Z,0,1,12,9,ARIZ,ASU,7.000,70.000,0,9.000,56.500,262.000,-342.000,,,consensus,9,9
401249037,2020,2,15,2020-12-12T03:00Z,1,1,23,2440,SJSU,NEV,30.000,20.000,0,2.500,61.500,115.000,-135.000,,,consensus,17,17
401247342,2020,2,15,2020-12-12T17:00Z,0,1,120,164,MD,RUTG,24.000,27.000,1,-3.000,55.000,-157.000,130.000,,,consensus,5,5
401247344,2020,2,15,2020-12-12T17:00Z,0,1,77,356,NW,ILL,28.000,10.000,0,-13.500,42.000,-581.000,425.000,,,consensus,5,5
401247345,2020,2,15,2020-12-12T17:00Z,0,1,158,135,NEB,MINN,17.000,24.000,0,-9.500,61.500,-328.000,259.000,,,consensus,5,5
401247346,2020,2,15,2020-12-12T17:00Z,0,1,213,127,PSU,MSU,39.000,24.000,0,-14.500,46.000,-627.000,443.000,,,consensus,5,5
401249428,2020,2,15,2020-12-12T17:00Z,0,1,38,254,COLO,UTAH,21.000,38.000,0,2.500,49.000,119.000,-140.000,,,consensus,9,9
401249884,2020,2,15,2020-12-12T17:00Z,0,1,2199,2459,EMU,NIU,41.000,33.000,0,-6.500,55.500,-217.000,176.000,,,consensus,15,15
401249885,2020,2,15,2020-12-12T17:00Z,0,1,2050,2711,BALL,WMU,30.000,27.000,0,2.000,65.500,106.000,-127.000,,,consensus,15,15
401266696,2020,2,15,2020-12-12T17:00Z,0,1,97,154,LOU,WAKE,45.000,21.000,0,-2.500,62.500,-112.000,-107.000,,,consensus,1,1
401267161,2020,2,15,2020-12-12T17:00Z,0,1,142,61,MIZ,UGA,14.000,49.000,0,14.000,54.500,414.000,-569.000,,,consensus,8,8
401267164,2020,2,15,2020-12-12T17:00Z,0,1,8,333,ARK,ALA,3.000,52.000,0,30.000,69.500,1592.000,-6936.000,,,consensus,8,8
401257815,2020,2,15,2020-12-12T18:00Z,0,1,242,5,RICE,UAB,16.000,21.000,0,7.000,42.500,220.000,-274.000,,,consensus,12,12
401249886,2020,2,15,2020-12-12T19:30Z,0,1,2084,2006,BUFF,AKR,56.000,7.000,0,-33.000,58.500,-8750.000,1900.000,,,consensus,15,15
401207203,2020,2,15,2020-12-12T20:00Z,0,0,349,2426,ARMY,NAVY,15.000,0.000,0,-7.500,36.000,-305.000,243.000,,,consensus,18,151
401249883,2020,2,15,2020-12-12T20:00Z,0,1,2649,2117,TOL,CMU,24.000,23.000,0,-11.000,54.500,-400.000,304.000,,,consensus,15,15
401259671,2020,2,15,2020-12-12T20:00Z,0,1,2653,324,TROY,CCU,38.000,42.000,0,12.500,52.500,360.000,-483.000,,,consensus,37,37
401234661,2020,2,15,2020-12-12T20:30Z,0,1,2390,153,MIAMI,UNC,26.000,62.000,0,-3.000,72.000,-155.000,131.000,,,consensus,1,1
401247347,2020,2,15,2020-12-12T20:30Z,0,1,2294,275,IOWA,WISC,28.000,7.000,0,2.000,41.000,-103.000,-117.000,,,consensus,5,5
401250713,2020,2,15,2020-12-12T20:30Z,0,1,239,197,BAY,OKST,3.000,42.000,0,6.000,49.500,182.000,-223.000,,,consensus,4,4
401264084,2020,2,15,2020-12-12T20:30Z,0,1,235,248,MEM,HOU,30.000,27.000,0,6.500,64.500,189.000,-237.000,,,consensus,151,151
401266694,2020,2,15,2020-12-12T21:00Z,0,1,52,150,FSU,DUKE,56.000,35.000,0,-3.000,57.000,-154.000,129.000,,,consensus,1,1
401267163,2020,2,15,2020-12-12T21:00Z,0,1,238,2633,VAN,TENN,17.000,42.000,0,14.500,50.500,460.000,-662.000,,,consensus,8,8
401215309,2020,2,15,2020-12-12T23:00Z,0,1,290,2026,GASO,APP,26.000,34.000,0,9.500,45.000,268.000,-342.000,,,consensus,37,37
401249035,2020,2,15,2020-12-12T23:00Z,0,1,2751,68,WYO,BSU,9.000,17.000,0,9.500,46.500,276.000,-351.000,,,consensus,17,17
401251100,2020,2,15,2020-12-13T00:00Z,0,1,57,99,FLA,LSU,34.000,37.000,0,-23.000,65.500,-1652.000,871.000,,,consensus,8,8
401266711,2020,2,15,2020-12-13T00:00Z,0,0,2628,2348,TCU,LT,52.000,10.000,0,-21.500,50.000,-1625.000,864.000,,,consensus,4,12
401249431,2020,2,15,2020-12-13T00:30Z,0,1,26,30,UCLA,USC,38.000,43.000,0,3.500,65.000,140.000,-166.000,,,consensus,9,9
401260157,2020,2,15,2020-12-13T00:30Z,0,1,344,2,MSST,AUB,10.000,24.000,0,5.500,50.500,175.000,-216.000,,,consensus,8,8
401234572,2020,2,15,2020-12-13T01:00Z,0,1,259,258,VT,UVA,33.000,15.000,0,-3.000,64.000,-145.000,122.000,,,consensus,1,1
401249432,2020,2,15,2020-12-13T03:00Z,0,1,204,24,ORST,STAN,24.000,27.000,0,2.500,55.500,112.000,-133.000,,,consensus,9,9
401249435,2020,2,15,2020-12-13T03:00Z,0,0,252,21,BYU,SDSU,28.000,14.000,0,-16.500,47.500,-779.000,524.000,,,consensus,18,17
401249036,2020,2,15,2020-12-13T03:30Z,1,1,167,278,UNM,FRES,49.000,39.000,0,14.500,55.500,444.000,-633.000,,,consensus,17,17
401249038,2020,2,15,2020-12-13T04:00Z,0,1,62,2439,HAW,UNLV,38.000,21.000,0,-18.500,60.000,-1021.000,643.000,,,consensus,17,17
401240101,2020,2,16,2020-12-19T00:00Z,0,0,276,5,MRSH,UAB,13.000,22.000,0,-4.500,45.000,-202.000,168.000,,,consensus,12,12
401249854,2020,2,16,2020-12-19T00:30Z,1,0,2084,2050,BUFF,BALL,28.000,38.000,0,-12.500,70.000,-559.000,404.000,,,consensus,15,15
401269382,2020,2,16,2020-12-19T00:30Z,0,1,164,158,RUTG,NEB,21.000,28.000,0,6.500,52.000,195.000,-250.000,,,consensus,5,5
401249434,2020,2,16,2020-12-19T01:00Z,0,0,30,2483,USC,ORE,24.000,31.000,0,-3.000,65.500,-153.000,129.000,,,consensus,9,9
401247349,2020,2,16,2020-12-19T17:00Z,1,0,194,77,OSU,NW,22.000,10.000,0,-16.500,56.500,-934.000,603.000,,,consensus,5,5
401260158,2020,2,16,2020-12-19T17:00Z,0,1,2633,245,TENN,TA&M,13.000,34.000,0,13.500,49.500,425.000,-594.000,,,consensus,8,8
401262060,2020,2,16,2020-12-19T17:00Z,1,0,66,201,ISU,OU,21.000,27.000,0,5.500,60.000,171.000,-210.000,,,consensus,4,4
401269375,2020,2,16,2020-12-19T18:30Z,0,1,254,265,UTAH,WSU,45.000,28.000,0,-11.500,55.000,-422.000,326.000,,,consensus,9,9
401265699,2020,2,16,2020-12-19T20:00Z,0,0,349,2005,ARMY,AFA,10.000,7.000,0,2.500,37.500,117.000,-140.000,,,consensus,18,17
401267165,2020,2,16,2020-12-19T20:30Z,0,1,99,145,LSU,MISS,53.000,48.000,0,1.000,74.500,-106.000,-115.000,,,consensus,8,8
401267166,2020,2,16,2020-12-19T20:30Z,0,1,344,142,MSST,MIZ,51.000,32.000,0,1.500,49.000,-103.000,-116.000,,,consensus,8,8
401256001,2020,2,16,2020-12-19T21:00Z,1,0,87,228,ND,CLEM,10.000,34.000,0,11.000,58.000,334.000,-438.000,,,consensus,1,1
401269384,2020,2,16,2020-12-19T21:00Z,0,1,275,135,WISC,MINN,20.000,17.000,1,-10.500,47.000,-454.000,343.000,,,consensus,5,5
401249043,2020,2,16,2020-12-19T21:40Z,1,0,23,68,SJSU,BSU,34.000,20.000,0,6.500,58.500,193.000,-239.000,,,consensus,17,17
401269381,2020,2,16,2020-12-19T22:30Z,0,1,213,356,PSU,ILL,56.000,21.000,0,-16.000,52.500,-730.000,505.000,,,consensus,5,5
401269376,2020,2,16,2020-12-20T00:00Z,0,1,26,24,UCLA,STAN,47.000,48.000,1,-6.500,61.000,-270.000,219.000,,,consensus,9,9
401237074,2020,2,16,2020-12-20T01:00Z,1,0,57,333,FLA,ALA,46.000,52.000,0,16.000,74.000,553.000,-829.000,,,consensus,8,8
401264085,2020,2,16,2020-12-20T01:00Z,0,0,2132,202,CIN,TLSA,27.000,24.000,0,-13.500,44.500,-616.000,440.000,,,consensus,151,151
401269378,2020,2,16,2020-12-20T03:30Z,0,1,204,9,ORST,ASU,33.000,46.000,0,7.500,54.500,236.000,-296.000,,,consensus,9,9
401256135,2020,3,1,2020-12-21T19:30Z,1,0,249,2026,UNT,APP,28.000,56.000,0,21.500,67.500,750.000,-1284.000,,,consensus,12,37
401256136,2020,3,1,2020-12-22T20:30Z,1,0,2440,2655,NEV,TULN,38.000,27.000,0,1.500,56.500,-103.000,-117.000,,,consensus,17,151
401256137,2020,3,1,2020-12-23T00:00Z,1,0,252,2116,BYU,UCF,49.000,23.000,0,-6.000,80.000,-229.000,186.000,,,consensus,18,151
401256138,2020,3,1,2020-12-23T20:00Z,1,0,290,2348,GASO,LT,38.000,3.000,0,-7.000,48.000,-283.000,226.000,,,consensus,37,12
401256139,2020,3,1,2020-12-24T00:00Z,1,0,2226,235,FAU,MEM,10.000,25.000,0,9.000,52.500,271.000,-347.000,,,consensus,12,151
401256140,2020,3,1,2020-12-24T20:30Z,1,0,248,62,HOU,HAW,14.000,28.000,0,-7.000,60.500,-288.000,231.000,,,consensus,151,17
401256141,2020,3,1,2020-12-25T19:30Z,1,0,2084,276,BUFF,MRSH,17.000,10.000,0,-5.500,53.500,-217.000,175.000,,,consensus,15,12
401256144,2020,3,1,2020-12-26T20:30Z,1,0,2636,309,UTSA,UL,24.000,31.000,0,14.000,54.500,431.000,-624.000,,,consensus,12,37
401256145,2020,3,1,2020-12-26T20:30Z,1,0,2247,98,GAST,WKU,39.000,21.000,0,-3.500,50.500,-166.000,139.000,,,consensus,37,12
401256143,2020,3,1,2020-12-27T00:30Z,1,0,324,2335,CCU,LIB,34.000,37.000,1,-6.500,60.000,-263.000,203.000,,,consensus,37,18
401256150,2020,3,1,2020-12-29T22:30Z,1,0,2390,197,MIAMI,OKST,34.000,37.000,0,1.000,61.000,-105.000,-115.000,,,consensus,1,4
401256151,2020,3,1,2020-12-30T02:00Z,1,0,38,251,COLO,TEX,23.000,55.000,0,7.000,63.500,249.000,-316.000,,,consensus,9,4
401256152,2020,3,1,2020-12-30T17:00Z,1,0,275,154,WISC,WAKE,42.000,28.000,0,-7.500,51.500,-303.000,241.000,,,consensus,5,1
401256194,2020,3,1,2020-12-31T01:00Z,1,0,201,57,OU,FLA,55.000,20.000,0,3.000,70.500,-148.000,123.000,,,consensus,4,8
401256196,2020,3,1,2020-12-31T17:00Z,1,0,344,202,MSST,TLSA,28.000,26.000,0,2.500,46.500,114.000,-136.000,,,consensus,8,151
401268773,2020,3,1,2020-12-31T19:00Z,1,0,23,2050,SJSU,BALL,13.000,34.000,0,-9.500,64.000,-356.000,276.000,,,consensus,17,15
401256197,2020,3,1,2020-12-31T21:00Z,1,0,349,277,ARMY,WVU,21.000,24.000,0,7.000,41.500,231.000,-288.000,,,consensus,18,4
401256108,2020,3,1,2021-01-01T17:00Z,1,0,2132,61,CIN,UGA,21.000,24.000,0,-7.000,50.500,215.000,-266.000,,,consensus,151,8
401256199,2020,3,1,2021-01-01T18:00Z,1,0,77,2,NW,AUB,35.000,19.000,0,-3.500,43.500,-164.000,138.000,,,consensus,5,8
401240152,2020,3,1,2021-01-01T21:00Z,1,0,333,87,ALA,ND,31.000,14.000,0,-19.500,65.500,-1203.000,681.000,,,consensus,8,1
401240173,2020,3,1,2021-01-02T01:00Z,1,0,228,194,CLEM,OSU,28.000,49.000,0,-7.500,66.500,-315.000,248.000,,,consensus,1,5
401256109,2020,3,1,2021-01-02T17:00Z,1,0,96,152,UK,NCST,23.000,21.000,0,-2.500,50.500,-140.000,117.000,,,consensus,8,1
401256110,2020,3,1,2021-01-02T17:30Z,1,0,84,145,IU,MISS,20.000,26.000,0,-7.500,66.500,-304.000,242.000,,,consensus,5,8
401256111,2020,3,1,2021-01-02T21:00Z,1,0,66,2483,ISU,ORE,34.000,17.000,0,-4.500,57.500,-197.000,164.000,,,consensus,4,9
401256112,2020,3,1,2021-01-03T01:00Z,1,0,153,245,UNC,TA&M,27.000,41.000,0,7.500,65.500,227.000,-285.000,,,consensus,1,8
401240174,2020,3,1,2021-01-12T01:00Z,1,0,333,194,ALA,OSU,52.000,24.000,0,-9.500,75.000,-329.000,259.000,,,consensus,8,5
401282714,2021,2,1,2021-08-28T17:20Z,0,1,356,158,ILL,NEB,30.000,22.000,0,6.500,52.500,203.000,-252.000,,,consensus,5,5
401286187,2021,2,1,2021-08-28T18:00Z,0,0,278,41,FRES,CONN,45.000,0.000,0,-27.500,63.500,-7059.000,1700.000,,,consensus,17,18
401309833,2021,2,1,2021-08-28T19:30Z,0,0,26,62,UCLA,HAW,44.000,10.000,0,-17.500,67.000,-1056.000,650.000,,,consensus,9,17
401282049,2021,2,1,2021-08-29T01:30Z,0,0,166,2638,NMSU,UTEP,3.000,30.000,0,9.500,59.500,294.000,-391.000,,,consensus,18,12
401310693,2021,2,1,2021-08-29T02:00Z,0,0,23,253,SJSU,SUU,45.000,14.000,0,-28.000,57.500,-3820.000,1570.000,,,consensus,17,20
401282050,2021,2,1,2021-09-01T23:30Z,1,0,55,5,JVST,UAB,0.000,31.000,0,16.500,52.000,526.000,-763.000,,,consensus,175,12
401300995,2021,2,1,2021-09-02T23:00Z,0,0,2116,68,UCF,BSU,36.000,31.000,0,-6.500,67.000,-232.000,188.000,,,consensus,151,17
401309540,2021,2,1,2021-09-02T23:00Z,0,0,2050,2710,BALL,WIU,31.000,21.000,0,-31.000,58.500,-10000.000,3300.000,,,consensus,15,21
401309542,2021,2,1,2021-09-02T23:00Z,0,0,2084,2681,BUFF,WAG,69.000,7.000,0,-43.500,54.500,,,,,consensus,15,25
401328545,2021,2,1,2021-09-02T23:00Z,0,0,324,2643,CCU,CIT,52.000,14.000,0,-33.500,54.500,,,,,consensus,37,29
401282607,2021,2,1,2021-09-02T23:30Z,0,0,152,58,NCST,USF,45.000,0.000,0,-19.000,58.000,-1067.000,668.000,,,consensus,1,151
401300993,2021,2,1,2021-09-02T23:30Z,1,0,2026,151,APP,ECU,33.000,19.000,0,-9.000,55.500,-377.000,280.000,,,consensus,37,151
401300994,2021,2,1,2021-09-02T23:30Z,0,0,202,302,TLSA,UCD,17.000,19.000,0,-22.000,54.500,-2159.000,1043.000,,,consensus,151,20
401309834,2021,2,1,2021-09-02T23:30Z,0,0,254,2692,UTAH,WEB,40.000,17.000,0,-29.500,48.500,-10000.000,1950.000,,,consensus,9,20
401281952,2021,2,1,2021-09-03T00:00Z,0,0,2633,189,TENN,BGSU,38.000,6.000,0,-37.000,60.500,-10000.000,3300.000,,,consensus,8,15
401282180,2021,2,1,2021-09-03T00:00Z,0,0,98,2630,WKU,UTM,59.000,21.000,0,-24.000,58.500,-2800.000,1150.000,,,consensus,12,26
401282789,2021,2,1,2021-09-03T00:00Z,0,1,135,194,MINN,OSU,31.000,45.000,0,14.000,62.000,458.000,-647.000,,,consensus,5,5
401310696,2021,2,1,2021-09-03T00:00Z,0,0,167,2277,UNM,HBU,27.000,17.000,0,-25.500,66.000,-2948.000,1282.000,,,consensus,17,30
401282051,2021,2,1,2021-09-03T00:05Z,0,0,2229,2341,FIU,LIU,48.000,10.000,0,-35.000,49.000,,,,,consensus,12,25
401310694,2021,2,1,2021-09-03T02:00Z,0,0,2439,331,UNLV,EWU,33.000,35.000,1,2.000,66.000,106.000,-127.000,,,consensus,17,20
401309835,2021,2,1,2021-09-03T02:30Z,0,0,9,253,ASU,SUU,41.000,14.000,0,-44.500,56.500,,,,,consensus,9,20
401309937,2021,2,1,2021-09-03T22:00Z,0,1,259,153,VT,UNC,17.000,10.000,0,5.500,63.500,176.000,-219.000,,,consensus,1,1
401282052,2021,2,1,2021-09-03T23:00Z,0,0,2429,150,CLT,DUKE,31.000,28.000,0,6.500,60.500,191.000,-235.000,,,consensus,12,1
401282608,2021,2,1,2021-09-03T23:00Z,0,0,154,295,WAKE,ODU,42.000,10.000,0,-32.500,61.500,-10000.000,3300.000,,,consensus,1,12
401309541,2021,2,1,2021-09-03T23:00Z,0,0,2199,2598,EMU,SFPA,35.000,15.000,0,-34.000,54.500,,,,,consensus,15,25
401287888,2021,2,1,2021-09-04T00:00Z,0,0,2305,233,KU,SDAK,17.000,14.000,0,-11.500,55.500,-490.000,351.000,,,consensus,4,21
401282782,2021,2,1,2021-09-04T01:00Z,0,1,77,127,NU,MSU,21.000,38.000,0,-3.000,45.500,-167.000,140.000,,,consensus,5,5
401309836,2021,2,1,2021-09-04T01:00Z,0,0,38,2458,COLO,UNCO,35.000,7.000,0,-37.500,56.500,,,,,consensus,9,20
401310695,2021,2,1,2021-09-04T01:00Z,0,0,36,2571,CSU,SDST,23.000,42.000,0,-2.500,50.500,-132.000,110.000,,,consensus,17,21
401281947,2021,2,1,2021-09-04T16:00Z,0,0,96,2433,UK,ULM,45.000,10.000,0,-31.000,54.000,-8478.000,2167.000,,,consensus,8,37
401282609,2021,2,1,2021-09-04T16:00Z,0,0,103,2142,BC,COLG,51.000,0.000,0,-42.500,56.500,,,,,consensus,1,27
401282772,2021,2,1,2021-09-04T16:00Z,0,0,130,2711,MICH,WMU,47.000,14.000,0,-16.500,65.500,-866.000,566.000,,,consensus,5,15
401282815,2021,2,1,2021-09-04T16:00Z,0,1,275,213,WISC,PSU,10.000,16.000,0,-5.500,49.000,-220.000,178.000,,,consensus,5,5
401282822,2021,2,1,2021-09-04T16:00Z,0,0,164,218,RUTG,TEM,61.000,14.000,0,-14.000,52.000,-731.000,500.000,,,consensus,5,151
401286188,2021,2,1,2021-09-04T16:00Z,0,0,41,107,CONN,HC,28.000,38.000,0,-3.000,49.500,-153.000,128.000,,,consensus,18,27
401287889,2021,2,1,2021-09-04T16:00Z,1,0,2306,24,KSU,STAN,24.000,7.000,0,-3.000,54.000,-163.000,138.000,,,consensus,4,9
401287894,2021,2,1,2021-09-04T16:00Z,0,0,201,2655,OU,TULN,40.000,35.000,0,-31.000,66.500,2150.000,-10000.000,,,consensus,4,151
401309601,2021,2,1,2021-09-04T16:00Z,0,0,2247,349,GAST,ARMY,10.000,43.000,0,-2.500,50.000,-139.000,117.000,,,consensus,37,18
401327913,2021,2,1,2021-09-04T16:00Z,0,0,158,2230,NEB,FOR,52.000,7.000,0,-42.000,55.000,,,,,consensus,5,27
401281943,2021,2,1,2021-09-04T18:00Z,0,0,8,242,ARK,RICE,38.000,17.000,0,-19.500,50.000,-1394.000,796.000,,,consensus,8,12
401309838,2021,2,1,2021-09-04T18:00Z,0,0,2483,278,ORE,FRES,31.000,24.000,0,-19.500,63.000,-1295.000,761.000,,,consensus,9,17
401310861,2021,2,1,2021-09-04T18:00Z,0,0,2005,322,AFA,LAF,35.000,14.000,0,-40.500,49.500,,,,,consensus,17,27
401281942,2021,2,1,2021-09-04T19:30Z,1,0,2390,333,MIA,ALA,13.000,44.000,0,19.500,61.500,741.000,-1253.000,,,consensus,1,8
401282174,2021,2,1,2021-09-04T19:30Z,0,0,2426,276,NAVY,MRSH,7.000,49.000,0,3.000,46.500,144.000,-170.000,,,consensus,151,12
401282723,2021,2,1,2021-09-04T19:30Z,0,1,2294,84,IOWA,IU,34.000,6.000,0,-3.500,45.500,-176.000,148.000,,,consensus,5,5
401282764,2021,2,1,2021-09-04T19:30Z,0,0,120,277,MD,WVU,30.000,24.000,0,2.500,57.000,119.000,-141.000,,,consensus,5,4
401300996,2021,2,1,2021-09-04T19:30Z,0,0,2132,193,CIN,M-OH,49.000,14.000,0,-22.500,49.000,-2061.000,1043.000,,,consensus,151,15
401281949,2021,2,1,2021-09-04T20:00Z,0,0,344,2348,MSST,LT,35.000,34.000,0,-20.500,53.000,-1850.000,971.000,,,consensus,8,12
401281950,2021,2,1,2021-09-04T20:00Z,0,0,142,2117,MIZ,CMU,34.000,24.000,0,-14.000,59.000,-628.000,444.000,,,consensus,8,15
401282612,2021,2,1,2021-09-04T20:00Z,0,0,221,113,PITT,MASS,51.000,7.000,0,-37.500,56.000,,,,,consensus,1,18
401310697,2021,2,1,2021-09-04T20:00Z,0,0,2751,147,WYO,MTST,19.000,16.000,0,-19.000,45.000,-1360.000,804.000,,,consensus,17,20
401287887,2021,2,1,2021-09-04T20:30Z,0,0,66,2460,ISU,UNI,16.000,10.000,0,-28.500,50.000,-10000.000,2150.000,,,consensus,4,21
401287892,2021,2,1,2021-09-04T20:30Z,0,0,251,309,TEX,UL,38.000,18.000,0,-8.500,58.000,-333.000,260.000,,,consensus,4,37
401309842,2021,2,1,2021-09-04T21:00Z,0,0,30,23,USC,SJSU,30.000,7.000,0,-14.000,61.000,-656.000,437.000,,,consensus,9,17
401286294,2021,2,1,2021-09-04T22:00Z,0,0,2335,2097,LIB,CAM,48.000,7.000,0,-35.000,65.000,-10000.000,1200.000,,,consensus,18,40
401309600,2021,2,1,2021-09-04T22:00Z,0,0,290,2241,GASO,GWEB,30.000,25.000,0,-27.500,48.000,-5000.000,1800.000,,,consensus,37,40
401281944,2021,2,1,2021-09-04T23:00Z,0,0,2,2006,AUB,AKR,60.000,10.000,0,-37.000,56.000,,,,,consensus,8,15
401281951,2021,2,1,2021-09-04T23:00Z,0,0,2579,2197,SC,EIU,46.000,0.000,0,-31.500,55.500,,,,,consensus,8,26
401282173,2021,2,1,2021-09-04T23:00Z,0,0,2393,2405,MTSU,MONM,50.000,15.000,0,-8.500,58.500,-352.000,265.000,,,consensus,12,40
401282611,2021,2,1,2021-09-04T23:00Z,0,0,195,183,OHIO,SYR,9.000,29.000,0,-2.000,55.500,-130.000,109.000,,,consensus,15,1
401282819,2021,2,1,2021-09-04T23:00Z,0,0,2509,204,PUR,ORST,30.000,21.000,0,-7.000,68.000,-275.000,219.000,,,consensus,5,9
401287886,2021,2,1,2021-09-04T23:00Z,1,0,248,2641,HOU,TTU,21.000,38.000,0,-2.500,63.000,-134.000,113.000,,,consensus,151,4
401287890,2021,2,1,2021-09-04T23:00Z,0,0,197,2623,OKST,MOST,23.000,16.000,0,-32.500,52.000,,,,,consensus,4,21
401287893,2021,2,1,2021-09-04T23:00Z,0,0,326,239,TXST,BAY,20.000,29.000,0,13.500,52.500,421.000,-588.000,,,consensus,37,4
401300997,2021,2,1,2021-09-04T23:00Z,0,0,235,2447,MEM,NICH,42.000,17.000,0,-22.500,68.000,-1856.000,993.000,,,consensus,151,30
401300998,2021,2,1,2021-09-04T23:00Z,0,0,2567,2000,SMU,ACU,56.000,9.000,0,-32.000,66.000,,,,,consensus,151,175
401309543,2021,2,1,2021-09-04T23:00Z,0,0,2649,2450,TOL,NORF,49.000,10.000,0,-39.500,56.000,,,,,consensus,15,24
401309598,2021,2,1,2021-09-04T23:00Z,0,0,2032,2110,ARST,CARK,40.000,21.000,0,-13.500,64.000,-583.000,406.000,,,consensus,37,175
401309602,2021,2,1,2021-09-04T23:00Z,0,0,2653,2582,TROY,SOU,55.000,3.000,0,-25.000,55.000,-3865.000,1375.000,,,consensus,37,31
401281945,2021,2,1,2021-09-04T23:30Z,0,0,57,2226,FLA,FAU,35.000,14.000,0,-23.500,52.000,-2657.000,1150.000,,,consensus,8,12
401281946,2021,2,1,2021-09-04T23:30Z,1,0,228,61,CLEM,UGA,3.000,10.000,0,-2.500,51.500,-145.000,122.000,,,consensus,1,8
401282175,2021,2,1,2021-09-04T23:30Z,0,0,249,2466,UNT,NWST,44.000,14.000,0,-20.000,66.000,-1305.000,785.000,,,consensus,12,30
401282179,2021,2,1,2021-09-04T23:30Z,0,0,356,2636,ILL,UTSA,30.000,37.000,0,-4.500,52.000,-203.000,167.000,,,consensus,5,12
401282610,2021,2,1,2021-09-04T23:30Z,0,0,59,2459,GT,NIU,21.000,22.000,0,-19.000,57.000,-1105.000,686.000,,,consensus,1,15
401282613,2021,2,1,2021-09-04T23:30Z,0,0,258,2729,UVA,W&M,43.000,0.000,0,-30.500,52.500,-10000.000,2000.000,,,consensus,1,48
401282053,2021,2,1,2021-09-05T00:00Z,0,0,245,2309,TA&M,KENT,41.000,10.000,0,-29.500,66.000,-7619.000,2050.000,,,consensus,8,15
401282054,2021,2,1,2021-09-05T00:00Z,0,0,238,2193,VAN,ETSU,3.000,23.000,0,-21.000,45.000,-1920.000,961.000,,,consensus,8,29
401282177,2021,2,1,2021-09-05T00:00Z,0,0,6,2572,USA,USM,31.000,7.000,0,-2.000,56.500,-133.000,112.000,,,consensus,37,12
401287891,2021,2,1,2021-09-05T00:00Z,0,0,2628,2184,TCU,DUQ,45.000,3.000,0,-42.000,54.500,,,,,consensus,4,25
401309839,2021,2,1,2021-09-05T00:00Z,0,0,264,149,WASH,MONT,7.000,13.000,0,-22.500,54.000,-2276.000,1086.000,,,consensus,9,20
401281948,2021,2,1,2021-09-05T00:30Z,0,0,26,99,UCLA,LSU,38.000,27.000,0,2.000,63.500,102.000,-124.000,,,consensus,9,8
401282178,2021,2,1,2021-09-05T01:00Z,0,0,2638,2065,UTEP,BCU,38.000,28.000,0,-20.500,52.500,-1600.000,850.000,,,consensus,12,31
401309837,2021,2,1,2021-09-05T02:30Z,0,0,25,2440,CAL,NEV,17.000,22.000,0,-3.000,52.500,-147.000,122.000,,,consensus,9,17
401309841,2021,2,1,2021-09-05T02:30Z,1,0,12,252,ARIZ,BYU,16.000,24.000,0,13.500,54.000,409.000,-559.000,,,consensus,9,18
401310699,2021,2,1,2021-09-05T02:30Z,0,0,21,166,SDSU,NMSU,28.000,10.000,0,-31.000,50.500,-9231.000,2533.000,,,consensus,17,18
401309840,2021,2,1,2021-09-05T03:00Z,0,0,265,328,WSU,USU,23.000,26.000,0,-17.000,66.500,-919.000,595.000,,,consensus,9,17
401310698,2021,2,1,2021-09-05T03:59Z,0,0,62,2502,HAW,PRST,49.000,35.000,0,,,,,,,,17,20
401282614,2021,2,1,2021-09-05T23:30Z,0,0,52,87,FSU,ND,38.000,41.000,1,7.500,54.000,237.000,-303.000,,,consensus,1,18
401282055,2021,2,1,2021-09-07T00:00Z,1,0,145,97,MISS,LOU,43.000,24.000,0,9.000,74.500,-352.000,273.000,,,consensus,8,1
401287896,2021,2,2,2021-09-10T23:30Z,0,0,324,2305,CCU,KU,49.000,22.000,0,-27.000,52.000,-5773.000,1575.000,,,consensus,37,4
401282616,2021,2,2,2021-09-11T00:00Z,0,0,150,2448,DUKE,NCAT,45.000,17.000,0,-22.500,55.500,-1995.000,1014.000,,,consensus,1,40
401282191,2021,2,2,2021-09-11T01:30Z,0,0,68,2638,BSU,UTEP,54.000,13.000,0,-25.000,56.500,-4770.000,1442.000,,,consensus,17,12
401310701,2021,2,2,2021-09-11T02:20Z,0,0,328,155,USU,UND,48.000,24.000,0,-6.500,53.500,-261.000,204.000,,,consensus,17,21
401282624,2021,2,2,2021-09-11T15:00Z,0,0,258,356,UVA,ILL,42.000,14.000,0,-10.500,56.500,-428.000,321.000,,,consensus,1,5
401282193,2021,2,2,2021-09-11T15:30Z,0,0,349,98,ARMY,WKU,38.000,35.000,0,-6.000,52.000,-225.000,182.000,,,consensus,18,12
401309545,2021,2,2,2021-09-11T15:30Z,0,0,2309,2678,KENT,VMI,60.000,10.000,0,-20.000,72.500,-923.000,607.000,,,consensus,15,29
401282058,2021,2,2,2021-09-11T16:00Z,0,0,2,2011,AUB,ALST,62.000,0.000,0,-49.500,60.000,,,,,consensus,8,31
401282065,2021,2,2,2021-09-11T16:00Z,0,0,151,2579,ECU,SC,17.000,20.000,0,2.500,56.500,118.000,-140.000,,,consensus,151,8
401282066,2021,2,2,2021-09-11T16:00Z,0,0,2633,221,TENN,PITT,34.000,41.000,0,3.500,56.000,149.000,-178.000,,,consensus,8,1
401282618,2021,2,2,2021-09-11T16:00Z,0,0,59,338,GT,KENN,45.000,17.000,0,,,,,,,,1,40
401282625,2021,2,2,2021-09-11T16:00Z,0,0,154,2450,WAKE,NORF,41.000,16.000,0,-43.000,58.000,,,,,consensus,1,24
401282783,2021,2,2,2021-09-11T16:00Z,0,0,127,2754,MSU,YSU,42.000,14.000,0,-28.500,52.000,-6794.000,1625.000,,,consensus,5,21
401282790,2021,2,2,2021-09-11T16:00Z,0,0,135,193,MINN,M-OH,31.000,26.000,0,-19.000,55.000,-1136.000,700.000,,,consensus,5,15
401282804,2021,2,2,2021-09-11T16:00Z,0,0,77,282,NU,INST,24.000,6.000,0,-28.500,46.000,-5000.000,1300.000,,,consensus,5,21
401282809,2021,2,2,2021-09-11T16:00Z,0,0,194,2483,OSU,ORE,28.000,35.000,0,-15.000,65.000,-696.000,483.000,,,consensus,5,9
401287899,2021,2,2,2021-09-11T16:00Z,0,0,197,202,OKST,TLSA,28.000,23.000,0,-12.000,51.000,-486.000,361.000,,,consensus,4,151
401282059,2021,2,2,2021-09-11T17:00Z,0,0,58,57,USF,FLA,20.000,42.000,0,28.500,57.500,1975.000,-8814.000,,,consensus,151,8
401301000,2021,2,2,2021-09-11T17:00Z,0,0,2655,2415,TULN,MORG,69.000,20.000,0,-47.500,58.000,,,,,consensus,151,24
401309547,2021,2,2,2021-09-11T17:30Z,0,0,2459,2751,NIU,WYO,43.000,50.000,0,7.000,44.500,224.000,-281.000,,,consensus,15,17
401282186,2021,2,2,2021-09-11T18:00Z,0,0,259,2393,VT,MTSU,35.000,14.000,0,-20.000,54.500,-1309.000,772.000,,,consensus,1,12
401282622,2021,2,2,2021-09-11T18:00Z,0,0,183,164,SYR,RUTG,7.000,17.000,0,2.500,51.000,118.000,-142.000,,,consensus,1,5
401309753,2021,2,2,2021-09-11T18:00Z,0,0,195,2184,OHIO,DUQ,26.000,28.000,0,-28.500,49.000,,,,,consensus,15,25
401282705,2021,2,2,2021-09-11T18:30Z,0,0,87,2649,ND,TOL,32.000,29.000,0,-16.500,55.500,-940.000,585.000,,,consensus,18,15
401282820,2021,2,2,2021-09-11T19:00Z,0,0,41,2509,CONN,PUR,0.000,49.000,0,35.000,57.500,3000.000,-9000.000,,,consensus,18,5
401309548,2021,2,2,2021-09-11T19:00Z,0,0,2117,2523,CMU,RMU,45.000,0.000,0,-37.500,53.500,,,,,consensus,15,40
401282060,2021,2,2,2021-09-11T19:30Z,0,0,61,5,UGA,UAB,56.000,7.000,0,-22.500,44.000,-4975.000,1467.000,,,consensus,8,12
401282067,2021,2,2,2021-09-11T19:30Z,1,0,38,245,COLO,TA&M,7.000,10.000,0,17.000,50.000,600.000,-924.000,,,consensus,9,8
401282183,2021,2,2,2021-09-11T19:30Z,0,0,2226,290,FAU,GASO,38.000,6.000,0,-7.000,48.500,-272.000,219.000,,,consensus,12,37
401282623,2021,2,2,2021-09-11T19:30Z,0,0,113,103,MASS,BC,28.000,45.000,0,39.000,57.000,,,,,consensus,18,1
401282797,2021,2,2,2021-09-11T19:30Z,0,0,158,2084,NEB,BUFF,28.000,3.000,0,-13.500,54.500,-571.000,409.000,,,consensus,5,15
401282816,2021,2,2,2021-09-11T19:30Z,0,0,213,2050,PSU,BALL,44.000,13.000,0,-22.500,58.000,-2079.000,1046.000,,,consensus,5,15
401287900,2021,2,2,2021-09-11T19:30Z,0,0,2628,25,TCU,CAL,34.000,32.000,0,-11.500,46.500,-461.000,343.000,,,consensus,4,9
401300999,2021,2,2,2021-09-11T19:30Z,0,0,2006,218,AKR,TEM,24.000,45.000,0,6.500,51.500,195.000,-242.000,,,consensus,15,151
401301002,2021,2,2,2021-09-11T19:30Z,0,0,2132,93,CIN,MUR,42.000,7.000,0,-36.500,51.500,,,,,consensus,151,26
401301004,2021,2,2,2021-09-11T19:30Z,0,0,2426,2005,NAVY,AFA,3.000,23.000,0,6.000,39.500,195.000,-241.000,,,consensus,151,17
401282056,2021,2,2,2021-09-11T20:00Z,0,0,333,2382,ALA,MER,48.000,14.000,0,,,,,,,,8,29
401309546,2021,2,2,2021-09-11T20:00Z,0,0,189,6,BGSU,USA,19.000,22.000,0,14.500,48.000,469.000,-668.000,,,consensus,15,37
401282754,2021,2,2,2021-09-11T20:30Z,0,0,66,2294,ISU,IOWA,17.000,27.000,0,-4.000,45.000,-187.000,156.000,,,consensus,4,5
401282615,2021,2,2,2021-09-11T21:00Z,0,0,228,2569,CLEM,SCST,49.000,3.000,0,-50.500,56.000,,,,,consensus,1,24
401287902,2021,2,2,2021-09-11T21:00Z,0,0,277,2341,WVU,LIU,66.000,0.000,0,-49.500,56.000,,,,,consensus,4,25
401309544,2021,2,2,2021-09-11T21:00Z,0,0,2711,2287,WMU,ILST,28.000,0.000,0,-12.500,56.500,-489.000,359.000,,,consensus,15,21
401282181,2021,2,2,2021-09-11T22:00Z,0,0,2429,2241,CLT,GWEB,38.000,10.000,0,-23.000,58.000,-2500.000,1100.000,,,consensus,12,40
401282192,2021,2,2,2021-09-11T22:00Z,0,0,2636,2320,UTSA,LAM,54.000,0.000,0,-38.000,65.000,,,,,consensus,12,175
401309845,2021,2,2,2021-09-11T22:00Z,0,0,265,2502,WSU,PRST,44.000,24.000,0,-31.000,65.500,,,,,consensus,9,20
401282185,2021,2,2,2021-09-11T22:30Z,0,0,276,2428,MRSH,NCCU,44.000,10.000,0,-42.500,53.500,,,,,consensus,12,24
401282189,2021,2,2,2021-09-11T22:30Z,0,0,242,248,RICE,HOU,7.000,44.000,0,7.500,50.500,255.000,-327.000,,,consensus,12,151
401301001,2021,2,2,2021-09-11T22:30Z,0,0,2116,2065,UCF,BCU,63.000,14.000,0,-46.000,67.000,,,,,consensus,151,31
401282057,2021,2,2,2021-09-11T23:00Z,0,0,8,251,ARK,TEX,40.000,21.000,0,6.000,57.500,184.000,-230.000,,,consensus,8,4
401282064,2021,2,2,2021-09-11T23:00Z,0,0,344,152,MSST,NCST,24.000,10.000,0,1.500,55.500,103.000,-124.000,,,consensus,8,1
401282182,2021,2,2,2021-09-11T23:00Z,0,0,2229,326,FIU,TXST,17.000,23.000,1,-2.000,55.500,-125.000,104.000,,,consensus,12,37
401282184,2021,2,2,2021-09-11T23:00Z,0,0,2348,2545,LT,SELA,45.000,42.000,0,-11.500,70.500,-450.000,338.000,,,consensus,12,30
401282187,2021,2,2,2021-09-11T23:00Z,0,0,2567,249,SMU,UNT,35.000,12.000,0,-22.500,73.500,-1957.000,982.000,,,consensus,151,12
401282188,2021,2,2,2021-09-11T23:00Z,0,0,295,2261,ODU,HAMP,47.000,7.000,0,-21.500,55.000,-1550.000,854.000,,,consensus,12,40
401282190,2021,2,2,2021-09-11T23:00Z,0,0,2572,2755,USM,GRAM,37.000,0.000,0,-23.000,47.500,-2989.000,1217.000,,,consensus,12,31
401282619,2021,2,2,2021-09-11T23:00Z,0,0,97,2198,LOU,EKU,30.000,3.000,0,-30.000,62.500,-10000.000,1600.000,,,consensus,1,175
401282620,2021,2,2,2021-09-11T23:00Z,0,0,2390,2026,MIA,APP,25.000,23.000,0,-7.500,54.500,-310.000,241.000,,,consensus,1,37
401282825,2021,2,2,2021-09-11T23:00Z,0,0,275,2199,WISC,EMU,34.000,7.000,0,-26.000,52.000,-4102.000,1488.000,,,consensus,5,15
401286295,2021,2,2,2021-09-11T23:00Z,0,0,2653,2335,TROY,LIB,13.000,21.000,0,3.000,62.500,134.000,-159.000,,,consensus,37,18
401287895,2021,2,2,2021-09-11T23:00Z,0,0,239,2640,BAY,TXSO,66.000,7.000,0,-44.500,53.000,,,,,consensus,4,31
401287897,2021,2,2,2021-09-11T23:00Z,0,0,2306,79,KSU,SIU,31.000,23.000,0,-17.000,55.000,-910.000,569.000,,,consensus,4,21
401287898,2021,2,2,2021-09-11T23:00Z,0,0,201,2717,OU,WCU,76.000,0.000,0,-52.500,66.000,,,,,consensus,4,29
401287901,2021,2,2,2021-09-11T23:00Z,0,0,2641,2617,TTU,SFA,28.000,22.000,0,-31.500,51.500,-10000.000,2200.000,,,consensus,4,175
401301003,2021,2,2,2021-09-11T23:00Z,0,0,2032,235,ARST,MEM,50.000,55.000,0,5.500,64.500,171.000,-210.000,,,consensus,37,151
401309603,2021,2,2,2021-09-11T23:00Z,0,0,309,2447,UL,NICH,27.000,24.000,0,-26.000,65.000,-3335.000,1400.000,,,consensus,37,30
401310700,2021,2,2,2021-09-11T23:00Z,0,0,167,166,UNM,NMSU,34.000,25.000,0,-19.500,55.500,-1118.000,691.000,,,consensus,17,18
401282061,2021,2,2,2021-09-11T23:30Z,0,1,96,142,UK,MIZ,35.000,28.000,0,-5.500,56.500,-214.000,174.000,,,consensus,8,8
401282063,2021,2,2,2021-09-11T23:30Z,0,0,145,2046,MISS,APSU,54.000,17.000,0,-37.000,69.500,,,,,consensus,8,26
401282621,2021,2,2,2021-09-11T23:30Z,0,0,153,2247,UNC,GAST,59.000,17.000,0,-26.000,65.500,-3765.000,1367.000,,,consensus,1,37
401282724,2021,2,2,2021-09-11T23:30Z,0,0,84,70,IU,IDHO,56.000,14.000,0,,,,,,,,5,20
401286207,2021,2,2,2021-09-11T23:30Z,0,0,120,47,MD,HOW,62.000,0.000,0,-48.500,56.000,,,,,consensus,5,24
401282062,2021,2,2,2021-09-12T00:00Z,0,0,99,2377,LSU,MCN,34.000,7.000,0,-39.000,66.000,,,,,consensus,8,30
401282617,2021,2,2,2021-09-12T00:00Z,0,0,52,55,FSU,JVST,17.000,20.000,0,-27.500,56.500,-5243.000,1950.000,,,consensus,1,175
401282773,2021,2,2,2021-09-12T00:00Z,0,0,130,264,MICH,WASH,31.000,10.000,0,-6.500,47.500,-251.000,200.000,,,consensus,5,9
401282068,2021,2,2,2021-09-12T02:00Z,0,0,36,238,CSU,VAN,21.000,24.000,0,-6.500,52.000,-251.000,201.000,,,consensus,17,8
401309846,2021,2,2,2021-09-12T02:00Z,0,0,12,21,ARIZ,SDSU,14.000,38.000,0,-1.500,46.500,-124.000,104.000,,,consensus,9,17
401310702,2021,2,2,2021-09-12T02:00Z,0,0,278,13,FRES,CP,63.000,10.000,0,-32.500,59.500,-10000.000,3000.000,,,consensus,17,20
401309848,2021,2,2,2021-09-12T02:15Z,0,0,252,254,BYU,UTAH,26.000,17.000,0,7.000,50.500,220.000,-279.000,,,consensus,18,9
401309843,2021,2,2,2021-09-12T02:30Z,0,1,30,24,USC,STAN,28.000,42.000,0,-17.500,53.500,-1021.000,632.000,,,consensus,9,9
401309847,2021,2,2,2021-09-12T02:30Z,0,0,9,2439,ASU,UNLV,37.000,10.000,0,-34.500,56.000,-9474.000,3000.000,,,consensus,9,17
401310703,2021,2,2,2021-09-12T02:30Z,0,0,2440,304,NEV,IDST,49.000,10.000,0,-35.000,56.500,,,,,consensus,17,20
401309844,2021,2,2,2021-09-12T03:00Z,0,0,204,62,ORST,HAW,45.000,27.000,0,-11.000,65.000,-445.000,337.000,,,consensus,9,17
401309606,2021,2,3,2021-09-17T00:00Z,0,0,309,195,UL,OHIO,49.000,14.000,0,-19.500,57.500,-1300.000,730.000,,,numberfire,37,15
401282626,2021,2,3,2021-09-17T23:30Z,0,0,97,2116,LOU,UCF,42.000,35.000,0,7.000,67.500,207.000,-258.000,,,consensus,1,151
401282715,2021,2,3,2021-09-18T01:00Z,0,1,356,120,ILL,MD,17.000,20.000,0,7.000,61.500,223.000,-281.000,,,consensus,5,5
401282073,2021,2,3,2021-09-18T16:00Z,0,0,96,236,UK,UTC,28.000,23.000,0,-33.500,47.500,,,,,consensus,8,29
401282077,2021,2,3,2021-09-18T16:00Z,0,0,142,2546,MIZ,SEMO,59.000,28.000,0,-34.500,59.000,,,,,consensus,8,26
401282078,2021,2,3,2021-09-18T16:00Z,0,0,2633,2635,TENN,TNTC,56.000,0.000,0,-38.000,53.000,,,,,consensus,8,26
401282079,2021,2,3,2021-09-18T16:00Z,0,0,245,167,TA&M,UNM,34.000,0.000,0,-30.000,49.500,-8571.000,2500.000,,,consensus,8,17
401282629,2021,2,3,2021-09-18T16:00Z,0,0,2390,127,MIA,MSU,17.000,38.000,0,-7.000,57.500,-257.000,202.000,,,consensus,1,5
401282632,2021,2,3,2021-09-18T16:00Z,0,0,221,2711,PITT,WMU,41.000,44.000,0,-14.500,58.500,-671.000,455.000,,,consensus,1,15
401282633,2021,2,3,2021-09-18T16:00Z,0,0,183,399,SYR,ALB,62.000,24.000,0,-21.500,41.000,-1923.000,1025.000,,,consensus,1,48
401282634,2021,2,3,2021-09-18T16:00Z,0,0,218,103,TEM,BC,3.000,28.000,0,15.000,55.500,497.000,-746.000,,,consensus,151,1
401282636,2021,2,3,2021-09-18T16:00Z,0,0,277,259,WVU,VT,27.000,21.000,0,-2.000,49.500,-134.000,112.000,,,consensus,4,1
401282725,2021,2,3,2021-09-18T16:00Z,0,0,84,2132,IU,CIN,24.000,38.000,0,4.000,49.500,151.000,-182.000,,,consensus,5,151
401282774,2021,2,3,2021-09-18T16:00Z,0,0,130,2459,MICH,NIU,63.000,10.000,0,-27.500,55.000,-5228.000,1625.000,,,consensus,5,15
401282798,2021,2,3,2021-09-18T16:00Z,0,0,201,158,OU,NEB,23.000,16.000,0,-22.500,62.500,-2105.000,1004.000,,,consensus,4,5
401286189,2021,2,3,2021-09-18T16:00Z,0,0,349,41,ARMY,CONN,52.000,21.000,0,-34.500,48.000,-10000.000,2500.000,,,consensus,18,18
401309552,2021,2,3,2021-09-18T16:00Z,0,0,2084,324,BUFF,CCU,25.000,28.000,0,14.000,58.000,439.000,-631.000,,,consensus,15,37
401282791,2021,2,3,2021-09-18T17:00Z,0,0,38,135,COLO,MINN,0.000,30.000,0,-2.500,49.000,-130.000,109.000,,,consensus,9,5
401287905,2021,2,3,2021-09-18T18:00Z,0,0,2306,2440,KSU,NEV,38.000,17.000,0,1.500,51.500,101.000,-123.000,,,consensus,4,17
401282706,2021,2,3,2021-09-18T18:30Z,0,0,87,2509,ND,PUR,27.000,13.000,0,-7.500,58.500,-293.000,233.000,,,consensus,18,5
401282071,2021,2,3,2021-09-18T19:30Z,0,1,57,333,FLA,ALA,29.000,31.000,0,14.000,60.000,454.000,-660.000,,,consensus,8,8
401282199,2021,2,3,2021-09-18T19:30Z,0,0,2348,2567,LT,SMU,37.000,39.000,0,11.000,65.500,354.000,-481.000,,,consensus,12,151
401282755,2021,2,3,2021-09-18T19:30Z,0,0,2294,2309,IOWA,KENT,30.000,7.000,0,-22.500,55.500,-2143.000,1021.000,,,consensus,5,15
401282810,2021,2,3,2021-09-18T19:30Z,0,0,194,202,OSU,TLSA,41.000,20.000,0,-24.500,60.500,-3595.000,1325.000,,,consensus,5,151
401282823,2021,2,3,2021-09-18T19:30Z,0,0,164,48,RUTG,DEL,45.000,13.000,0,-20.000,45.000,-1875.000,950.000,,,consensus,5,48
401286300,2021,2,3,2021-09-18T19:30Z,0,0,113,2199,MASS,EMU,28.000,42.000,0,22.000,56.500,939.000,-1825.000,,,consensus,18,15
401287904,2021,2,3,2021-09-18T19:30Z,0,1,2305,239,KU,BAY,7.000,45.000,0,17.000,48.500,623.000,-998.000,,,consensus,4,4
401308843,2021,2,3,2021-09-18T19:30Z,0,0,193,2341,M-OH,LIU,42.000,7.000,0,-39.500,55.500,,,,,consensus,15,25
401309550,2021,2,3,2021-09-18T19:30Z,0,0,2006,2803,AKR,BRY,35.000,14.000,0,-14.000,49.500,-584.000,422.000,,,consensus,15,25
401309604,2021,2,3,2021-09-18T19:30Z,0,0,2026,2210,APP,ELON,44.000,10.000,0,-35.500,52.500,,,,,consensus,37,48
401309851,2021,2,3,2021-09-18T19:30Z,0,0,204,70,ORST,IDHO,42.000,0.000,0,,,,,,,,9,20
401309852,2021,2,3,2021-09-18T19:30Z,0,1,265,30,WSU,USC,14.000,45.000,0,7.000,61.000,236.000,-299.000,,,consensus,9,9
401282635,2021,2,3,2021-09-18T19:35Z,0,1,154,52,WAKE,FSU,35.000,14.000,0,-4.500,62.500,-195.000,162.000,,,consensus,1,1
401282627,2021,2,3,2021-09-18T19:41Z,0,1,228,59,CLEM,GT,14.000,8.000,0,-27.500,52.500,-6222.000,1700.000,,,consensus,1,1
401282069,2021,2,3,2021-09-18T20:00Z,0,0,8,290,ARK,GASO,45.000,10.000,0,-23.000,52.500,-2477.000,1107.000,,,consensus,8,37
401282076,2021,2,3,2021-09-18T20:00Z,0,0,235,344,MEM,MSST,31.000,29.000,0,3.500,63.500,140.000,-166.000,,,consensus,151,8
401282628,2021,2,3,2021-09-18T20:00Z,0,0,150,77,DUKE,NU,30.000,23.000,0,2.500,50.000,115.000,-136.000,,,consensus,1,5
401309549,2021,2,3,2021-09-18T20:00Z,0,0,2751,2050,WYO,BALL,45.000,12.000,0,-6.500,53.000,-259.000,206.000,,,consensus,17,15
401309553,2021,2,3,2021-09-18T20:00Z,0,0,2649,36,TOL,CSU,6.000,22.000,0,-14.500,59.000,-645.000,449.000,,,consensus,15,17
401309849,2021,2,3,2021-09-18T20:00Z,0,0,25,16,CAL,SAC,42.000,30.000,0,-24.500,49.000,-4337.000,1442.000,,,consensus,9,20
401309605,2021,2,3,2021-09-18T20:15Z,0,0,264,2032,WASH,ARST,52.000,3.000,0,-17.500,58.500,-893.000,588.000,,,consensus,9,37
401309551,2021,2,3,2021-09-18T21:00Z,0,0,189,93,BGSU,MUR,27.000,10.000,0,2.500,44.000,109.000,-131.000,,,consensus,15,26
401282194,2021,2,3,2021-09-18T22:00Z,0,1,2636,2393,UTSA,MTSU,27.000,13.000,0,-11.500,59.500,-474.000,354.000,,,consensus,12,12
401282198,2021,2,3,2021-09-18T22:00Z,0,0,2226,2230,FAU,FOR,45.000,14.000,0,-31.000,51.500,,,,,consensus,12,27
401282200,2021,2,3,2021-09-18T22:00Z,0,0,276,151,MRSH,ECU,38.000,42.000,0,-10.000,58.500,-408.000,311.000,,,consensus,12,151
401282201,2021,2,3,2021-09-18T22:00Z,0,0,2335,295,LIB,ODU,45.000,17.000,0,-27.500,52.500,-5180.000,1550.000,,,consensus,18,12
401282196,2021,2,3,2021-09-18T23:00Z,0,0,2247,2429,GAST,CLT,20.000,9.000,0,-4.500,63.000,-194.000,161.000,,,consensus,37,12
401282197,2021,2,3,2021-09-18T23:00Z,0,0,2641,2229,TTU,FIU,54.000,21.000,0,-20.500,54.000,-1588.000,861.000,,,consensus,4,12
401282203,2021,2,3,2021-09-18T23:00Z,0,0,2572,2653,USM,TROY,9.000,21.000,0,11.000,49.500,343.000,-455.000,,,consensus,12,37
401301005,2021,2,3,2021-09-18T23:00Z,0,0,248,2755,HOU,GRAM,45.000,0.000,0,-41.000,51.500,,,,,consensus,151,31
401301006,2021,2,3,2021-09-18T23:00Z,0,0,58,50,USF,FAMU,38.000,17.000,0,-22.500,50.000,-2885.000,1180.000,,,consensus,151,31
401309609,2021,2,3,2021-09-18T23:00Z,0,0,326,2916,TXST,UIW,34.000,42.000,0,-10.500,70.000,-448.000,326.000,,,consensus,37,30
401309856,2021,2,3,2021-09-18T23:00Z,0,0,21,254,SDSU,UTAH,33.000,31.000,1,8.000,43.000,263.000,-339.000,,,consensus,17,9
401282072,2021,2,3,2021-09-18T23:10Z,0,1,61,2579,UGA,SC,40.000,13.000,0,-31.500,47.500,-10000.000,2800.000,,,consensus,8,8
401282070,2021,2,3,2021-09-18T23:30Z,0,0,213,2,PSU,AUB,28.000,20.000,0,-4.000,52.500,-190.000,160.000,,,consensus,5,8
401282074,2021,2,3,2021-09-18T23:30Z,0,0,99,2117,LSU,CMU,49.000,21.000,0,-19.500,60.500,-1254.000,729.000,,,consensus,8,15
401282195,2021,2,3,2021-09-18T23:30Z,0,1,249,5,UNT,UAB,6.000,40.000,0,12.500,58.000,369.000,-504.000,,,consensus,12,12
401282630,2021,2,3,2021-09-18T23:30Z,0,0,152,231,NCST,FUR,45.000,7.000,0,-27.500,45.000,-5455.000,1767.000,,,consensus,1,29
401309850,2021,2,3,2021-09-18T23:30Z,0,0,2483,2619,ORE,STBK,48.000,7.000,0,-42.000,54.500,,,,,consensus,9,48
401310704,2021,2,3,2021-09-18T23:30Z,0,1,2005,328,AFA,USU,45.000,49.000,0,-9.000,54.500,-353.000,271.000,,,consensus,17,17
401282631,2021,2,3,2021-09-18T23:40Z,0,1,153,258,UNC,UVA,59.000,39.000,0,-7.500,66.500,-316.000,246.000,,,consensus,1,1
401282075,2021,2,3,2021-09-19T00:00Z,0,0,145,2655,MISS,TULN,61.000,21.000,0,-14.000,77.000,-641.000,449.000,,,consensus,8,151
401282080,2021,2,3,2021-09-19T00:00Z,0,0,238,24,VAN,STAN,23.000,41.000,0,12.500,49.000,369.000,-503.000,,,consensus,8,9
401282202,2021,2,3,2021-09-19T00:00Z,0,0,251,242,TEX,RICE,58.000,0.000,0,-26.000,51.500,-3908.000,1400.000,,,consensus,4,12
401309607,2021,2,3,2021-09-19T00:00Z,0,0,2433,2296,ULM,JKST,12.000,7.000,0,-4.500,52.000,-204.000,167.000,,,consensus,37,31
401309608,2021,2,3,2021-09-19T00:00Z,0,0,6,2016,USA,ALCN,28.000,21.000,0,-21.500,44.500,-2474.000,1132.000,,,consensus,37,31
401319455,2021,2,3,2021-09-19T00:00Z,0,0,166,2569,NMSU,SCST,43.000,35.000,0,-3.500,54.500,-157.000,135.000,,,consensus,18,24
401287903,2021,2,3,2021-09-19T01:00Z,0,0,68,197,BSU,OKST,20.000,21.000,0,-3.500,58.000,-179.000,151.000,,,consensus,17,4
401309853,2021,2,3,2021-09-19T02:00Z,0,0,12,2464,ARIZ,NAU,19.000,21.000,0,-26.500,53.500,-4250.000,1475.000,,,consensus,9,20
401309854,2021,2,3,2021-09-19T02:15Z,0,0,252,9,BYU,ASU,27.000,17.000,0,3.000,50.500,137.000,-163.000,,,consensus,18,9
401287906,2021,2,3,2021-09-19T02:30Z,0,0,2439,66,UNLV,ISU,3.000,48.000,0,32.000,52.500,3300.000,-10000.000,,,consensus,17,4
401309855,2021,2,3,2021-09-19T02:45Z,0,0,26,278,UCLA,FRES,37.000,40.000,0,-11.000,65.000,-455.000,335.000,,,consensus,9,17
401310705,2021,2,3,2021-09-19T04:30Z,0,1,62,23,HAW,SJSU,13.000,17.000,0,8.000,63.000,239.000,-304.000,,,consensus,17,17
401282208,2021,2,4,2021-09-23T23:30Z,0,0,2026,276,APP,MRSH,31.000,30.000,0,-7.000,59.500,-295.000,231.000,,,consensus,37,12
401282204,2021,2,4,2021-09-24T22:30Z,0,1,2429,2393,CLT,MTSU,42.000,39.000,0,-2.500,55.500,-137.000,115.000,,,consensus,12,12
401282638,2021,2,4,2021-09-24T23:00Z,0,1,258,154,UVA,WAKE,17.000,37.000,0,-3.500,71.000,-168.000,142.000,,,consensus,1,1
401282637,2021,2,4,2021-09-25T00:00Z,0,0,183,2335,SYR,LIB,24.000,21.000,0,6.500,54.000,208.000,-261.000,,,consensus,1,18
401310707,2021,2,4,2021-09-25T02:00Z,0,1,278,2439,FRES,UNLV,38.000,30.000,0,-30.000,59.000,-10000.000,2150.000,,,consensus,17,17
401282085,2021,2,4,2021-09-25T16:00Z,0,1,344,99,MSST,LSU,25.000,28.000,0,1.500,55.000,101.000,-121.000,,,consensus,8,8
401282086,2021,2,4,2021-09-25T16:00Z,0,0,103,142,BC,MIZ,41.000,34.000,1,-1.000,58.000,-111.000,-109.000,,,consensus,1,8
401282088,2021,2,4,2021-09-25T16:00Z,0,1,238,61,VAN,UGA,0.000,62.000,0,36.000,54.000,3300.000,-10000.000,,,consensus,8,8
401282206,2021,2,4,2021-09-25T16:00Z,0,0,2117,2229,CMU,FIU,31.000,27.000,0,-12.000,55.500,-504.000,368.000,,,consensus,15,12
401282644,2021,2,4,2021-09-25T16:00Z,0,0,221,160,PITT,UNH,77.000,7.000,0,-29.000,53.000,-7296.000,1763.000,,,consensus,1,48
401282645,2021,2,4,2021-09-25T16:00Z,0,0,259,257,VT,RICH,21.000,10.000,0,-29.000,50.000,-7310.000,1750.000,,,consensus,1,48
401282707,2021,2,4,2021-09-25T16:00Z,1,0,275,87,WISC,ND,13.000,41.000,0,-6.000,44.000,-233.000,186.000,,,consensus,5,18
401282792,2021,2,4,2021-09-25T16:00Z,0,0,135,189,MINN,BGSU,10.000,14.000,0,-30.500,51.000,-10000.000,2150.000,,,consensus,5,15
401282805,2021,2,4,2021-09-25T16:00Z,0,0,77,195,NU,OHIO,35.000,6.000,0,-13.500,47.500,-703.000,481.000,,,consensus,5,15
401282817,2021,2,4,2021-09-25T16:00Z,0,0,213,222,PSU,VILL,38.000,17.000,0,-29.500,53.000,-7500.000,1733.000,,,consensus,5,48
401287910,2021,2,4,2021-09-25T16:00Z,0,0,2628,2567,TCU,SMU,34.000,42.000,0,-9.500,65.500,-368.000,285.000,,,consensus,4,151
401287911,2021,2,4,2021-09-25T16:00Z,0,1,251,2641,TEX,TTU,70.000,35.000,0,-9.000,62.500,-370.000,279.000,,,consensus,4,4
401301010,2021,2,4,2021-09-25T16:00Z,0,0,218,2681,TEM,WAG,41.000,7.000,0,-36.500,54.500,-5000.000,1400.000,,,consensus,151,25
401308834,2021,2,4,2021-09-25T16:00Z,0,0,349,193,ARMY,M-OH,23.000,10.000,0,-7.500,48.500,-310.000,244.000,,,consensus,18,15
401310706,2021,2,4,2021-09-25T16:00Z,0,1,328,68,USU,BSU,3.000,27.000,0,9.500,69.500,275.000,-362.000,,,consensus,17,17
401282642,2021,2,4,2021-09-25T16:30Z,0,0,2390,2115,MIA,CCSU,69.000,0.000,0,-46.000,55.500,,,,,consensus,1,25
401286301,2021,2,4,2021-09-25T17:00Z,0,0,324,113,CCU,MASS,53.000,3.000,0,-36.000,66.000,-10000.000,3300.000,,,consensus,37,18
401309554,2021,2,4,2021-09-25T18:00Z,0,0,2711,23,WMU,SJSU,23.000,3.000,0,-2.500,62.000,-139.000,117.000,,,consensus,15,17
401309555,2021,2,4,2021-09-25T18:00Z,0,1,2050,2649,BALL,TOL,12.000,22.000,0,4.500,56.500,160.000,-190.000,,,consensus,15,15
401309557,2021,2,4,2021-09-25T18:00Z,0,0,2199,326,EMU,TXST,59.000,21.000,0,-7.500,62.500,-272.000,214.000,,,consensus,15,37
401309556,2021,2,4,2021-09-25T18:30Z,0,0,2459,311,NIU,ME,41.000,14.000,0,-21.500,62.000,-1494.000,851.000,,,consensus,15,48
401309861,2021,2,4,2021-09-25T18:30Z,0,1,254,265,UTAH,WSU,24.000,13.000,0,-15.000,53.000,-687.000,476.000,,,consensus,9,9
401282082,2021,2,4,2021-09-25T19:30Z,1,1,8,245,ARK,TA&M,20.000,10.000,0,4.500,47.000,169.000,-206.000,,,consensus,8,8
401282716,2021,2,4,2021-09-25T19:30Z,0,1,2509,356,PUR,ILL,13.000,9.000,0,-10.500,53.500,-434.000,324.000,,,consensus,5,5
401282756,2021,2,4,2021-09-25T19:30Z,0,0,2294,36,IOWA,CSU,24.000,14.000,0,-23.500,43.500,-2796.000,1135.000,,,consensus,5,17
401282765,2021,2,4,2021-09-25T19:30Z,0,0,120,2309,MD,KENT,37.000,16.000,0,-13.000,71.500,-578.000,417.000,,,consensus,5,15
401286190,2021,2,4,2021-09-25T19:30Z,0,0,41,2751,CONN,WYO,22.000,24.000,0,31.500,53.500,2350.000,-7879.000,,,consensus,18,17
401287907,2021,2,4,2021-09-25T19:30Z,0,1,239,66,BAY,ISU,31.000,29.000,0,7.000,46.000,206.000,-259.000,,,consensus,4,4
401310709,2021,2,4,2021-09-25T19:30Z,0,0,21,119,SDSU,TOW,48.000,21.000,0,-23.000,41.000,-2151.000,1075.000,,,consensus,17,48
401282213,2021,2,4,2021-09-25T19:35Z,0,0,235,2636,MEM,UTSA,28.000,31.000,0,-3.000,66.500,-153.000,130.000,,,consensus,151,12
401282640,2021,2,4,2021-09-25T19:35Z,0,1,52,97,FSU,LOU,23.000,31.000,0,-1.500,61.000,-113.000,-107.000,,,consensus,1,1
401282643,2021,2,4,2021-09-25T19:35Z,0,1,152,228,NCST,CLEM,27.000,21.000,1,10.500,47.500,321.000,-429.000,,,consensus,1,1
401282775,2021,2,4,2021-09-25T19:41Z,0,1,130,164,MICH,RUTG,20.000,13.000,0,-20.500,50.000,-1305.000,700.000,,,consensus,5,5
401282083,2021,2,4,2021-09-25T20:00Z,0,0,2,2247,AUB,GAST,34.000,24.000,0,-27.500,57.000,-5045.000,1725.000,,,consensus,8,37
401282639,2021,2,4,2021-09-25T20:00Z,0,0,150,2305,DUKE,KU,52.000,33.000,0,-16.500,57.500,-820.000,522.000,,,consensus,1,4
401301011,2021,2,4,2021-09-25T21:00Z,0,0,202,2032,TLSA,ARST,41.000,34.000,0,-14.500,65.000,-615.000,439.000,,,consensus,151,37
401282209,2021,2,4,2021-09-25T22:00Z,0,0,295,2084,ODU,BUFF,34.000,35.000,0,13.000,50.500,396.000,-559.000,,,consensus,12,15
401301007,2021,2,4,2021-09-25T22:00Z,0,0,151,2127,ECU,CHSO,31.000,28.000,0,-24.500,59.000,-3182.000,1258.000,,,consensus,151,40
401309610,2021,2,4,2021-09-25T22:00Z,0,1,290,309,GASO,UL,20.000,28.000,0,14.500,54.500,466.000,-664.000,,,consensus,37,37
401309858,2021,2,4,2021-09-25T22:00Z,0,1,24,26,STAN,UCLA,24.000,35.000,0,4.000,60.000,151.000,-180.000,,,consensus,9,9
401282210,2021,2,4,2021-09-25T22:30Z,0,0,242,2640,RICE,TXSO,48.000,34.000,0,-37.000,53.500,-5000.000,1400.000,,,consensus,12,31
401282084,2021,2,4,2021-09-25T23:00Z,0,1,57,2633,FLA,TENN,38.000,14.000,0,-19.000,65.000,-1197.000,724.000,,,consensus,8,8
401282087,2021,2,4,2021-09-25T23:00Z,0,1,2579,96,SC,UK,10.000,16.000,0,4.500,49.000,169.000,-206.000,,,consensus,8,8
401282205,2021,2,4,2021-09-25T23:00Z,0,1,2348,249,LT,UNT,24.000,17.000,0,-10.500,65.000,-400.000,307.000,,,consensus,12,12
401282784,2021,2,4,2021-09-25T23:00Z,0,1,127,158,MSU,NEB,23.000,20.000,1,-3.500,55.000,-172.000,143.000,,,consensus,5,5
401287909,2021,2,4,2021-09-25T23:00Z,0,1,197,2306,OKST,KSU,31.000,20.000,0,-6.000,47.500,-237.000,191.000,,,consensus,4,4
401301008,2021,2,4,2021-09-25T23:00Z,0,1,248,2426,HOU,NAVY,28.000,20.000,0,-20.000,47.000,-1366.000,775.000,,,consensus,151,151
401282081,2021,2,4,2021-09-25T23:30Z,0,0,333,2572,ALA,USM,63.000,14.000,0,-45.000,58.500,,,,,consensus,8,12
401282641,2021,2,4,2021-09-25T23:30Z,1,1,59,153,GT,UNC,45.000,22.000,0,14.500,65.500,416.000,-596.000,,,consensus,1,1
401282811,2021,2,4,2021-09-25T23:30Z,0,0,194,2006,OSU,AKR,59.000,7.000,0,-48.500,66.500,,,,,consensus,5,15
401287908,2021,2,4,2021-09-25T23:30Z,0,1,201,277,OU,WVU,16.000,13.000,0,-17.500,56.500,-927.000,604.000,,,consensus,4,4
401282207,2021,2,4,2021-09-26T00:00Z,0,0,2005,2226,AFA,FAU,31.000,7.000,0,-3.500,54.000,-177.000,147.000,,,consensus,17,12
401282211,2021,2,4,2021-09-26T00:00Z,0,0,2655,5,TULN,UAB,21.000,28.000,0,-2.500,54.500,-137.000,113.000,,,consensus,151,12
401282214,2021,2,4,2021-09-26T00:00Z,0,0,98,84,WKU,IU,31.000,33.000,0,9.500,62.500,277.000,-357.000,,,consensus,12,5
401309611,2021,2,4,2021-09-26T00:00Z,0,1,2433,2653,ULM,TROY,29.000,16.000,0,23.500,49.500,1216.000,-2727.000,,,consensus,37,37
401310708,2021,2,4,2021-09-26T00:00Z,0,0,166,62,NMSU,HAW,21.000,41.000,0,17.000,63.000,574.000,-858.000,,,consensus,18,17
401282212,2021,2,4,2021-09-26T01:00Z,0,0,2638,167,UTEP,UNM,20.000,13.000,0,2.500,54.000,112.000,-133.000,,,consensus,12,17
401309857,2021,2,4,2021-09-26T01:30Z,0,1,264,25,WASH,CAL,31.000,24.000,1,-7.500,47.500,-302.000,241.000,,,consensus,9,9
401301009,2021,2,4,2021-09-26T02:15Z,0,0,252,58,BYU,USF,35.000,27.000,0,-23.500,54.500,-2710.000,1203.000,,,consensus,18,151
401309859,2021,2,4,2021-09-26T02:30Z,0,1,2483,12,ORE,ARIZ,41.000,19.000,0,-29.500,59.000,-8534.000,1817.000,,,consensus,9,9
401309860,2021,2,4,2021-09-26T02:30Z,0,1,30,204,USC,ORST,27.000,45.000,0,-11.000,63.000,-428.000,324.000,,,consensus,9,9
401309862,2021,2,4,2021-09-26T02:30Z,0,1,9,38,ASU,COLO,35.000,13.000,0,-14.000,45.500,-662.000,462.000,,,consensus,9,9
401282646,2021,2,5,2021-09-30T23:30Z,0,1,2390,258,MIA,UVA,28.000,30.000,0,-3.500,63.500,-170.000,142.000,,,consensus,1,1
401301012,2021,2,5,2021-10-01T23:30Z,0,1,202,248,TLSA,HOU,10.000,45.000,0,-3.500,54.000,-161.000,136.000,,,consensus,151,151
401282759,2021,2,5,2021-10-02T00:00Z,0,1,120,2294,MD,IOWA,14.000,51.000,0,3.000,47.500,135.000,-161.000,,,consensus,5,5
401309912,2021,2,5,2021-10-02T01:00Z,0,0,328,252,USU,BYU,20.000,34.000,0,8.000,65.500,246.000,-311.000,,,consensus,17,18
401282090,2021,2,5,2021-10-02T16:00Z,0,1,61,8,UGA,ARK,37.000,0.000,0,-16.500,48.500,-993.000,634.000,,,consensus,8,8
401282093,2021,2,5,2021-10-02T16:00Z,0,1,142,2633,MIZ,TENN,24.000,62.000,0,-2.500,66.000,-138.000,115.000,,,consensus,8,8
401282219,2021,2,5,2021-10-02T16:00Z,0,0,356,2429,ILL,CLT,24.000,14.000,0,-10.500,54.000,-420.000,320.000,,,consensus,5,12
401282649,2021,2,5,2021-10-02T16:00Z,0,1,59,221,GT,PITT,21.000,52.000,0,3.000,57.500,132.000,-155.000,,,consensus,1,1
401282650,2021,2,5,2021-10-02T16:00Z,0,1,153,150,UNC,DUKE,38.000,7.000,0,-19.500,74.500,-1062.000,654.000,,,consensus,1,1
401282776,2021,2,5,2021-10-02T16:00Z,0,1,275,130,WISC,MICH,17.000,38.000,0,-2.500,43.500,-124.000,103.000,,,consensus,5,5
401282793,2021,2,5,2021-10-02T16:00Z,0,1,2509,135,PUR,MINN,13.000,20.000,0,-2.500,46.000,-130.000,108.000,,,consensus,5,5
401286302,2021,2,5,2021-10-02T16:00Z,0,0,113,2649,MASS,TOL,7.000,45.000,0,27.000,56.500,1542.000,-5182.000,,,consensus,18,15
401287915,2021,2,5,2021-10-02T16:00Z,0,1,2628,251,TCU,TEX,27.000,32.000,0,4.000,65.500,158.000,-190.000,,,consensus,4,4
401301015,2021,2,5,2021-10-02T16:00Z,0,1,218,235,TEM,MEM,34.000,31.000,0,11.000,59.000,330.000,-439.000,,,consensus,151,151
401309561,2021,2,5,2021-10-02T16:00Z,0,1,2084,2711,BUFF,WMU,17.000,24.000,0,7.000,59.500,216.000,-270.000,,,consensus,15,15
401282651,2021,2,5,2021-10-02T16:30Z,0,1,154,97,WAKE,LOU,37.000,34.000,0,-7.000,64.500,-278.000,219.000,,,consensus,1,1
401309612,2021,2,5,2021-10-02T18:00Z,0,1,2247,2026,GAST,APP,16.000,45.000,0,10.000,54.500,309.000,-401.000,,,consensus,37,37
401309867,2021,2,5,2021-10-02T18:00Z,0,1,38,30,COLO,USC,14.000,37.000,0,9.000,51.000,259.000,-332.000,,,consensus,9,9
401282708,2021,2,5,2021-10-02T18:30Z,0,0,87,2132,ND,CIN,13.000,24.000,0,2.000,50.000,107.000,-128.000,,,consensus,18,151
401309558,2021,2,5,2021-10-02T18:30Z,0,1,2459,2199,NIU,EMU,27.000,20.000,0,-1.500,62.000,-112.000,-108.000,,,consensus,15,15
401309614,2021,2,5,2021-10-02T18:30Z,0,1,324,2433,CCU,ULM,59.000,6.000,0,-33.500,57.500,-10000.000,3000.000,,,consensus,37,37
401282089,2021,2,5,2021-10-02T19:30Z,0,1,333,145,ALA,MISS,42.000,21.000,0,-15.000,79.500,-698.000,485.000,,,consensus,8,8
401282094,2021,2,5,2021-10-02T19:30Z,0,0,2579,2653,SC,TROY,23.000,14.000,0,-6.500,43.500,-252.000,202.000,,,consensus,8,37
401282215,2021,2,5,2021-10-02T19:30Z,0,1,2226,2229,FAU,FIU,58.000,21.000,0,-10.500,52.000,-428.000,319.000,,,consensus,12,12
401282648,2021,2,5,2021-10-02T19:30Z,0,1,52,183,FSU,SYR,33.000,30.000,0,-5.500,50.500,-222.000,179.000,,,consensus,1,1
401282813,2021,2,5,2021-10-02T19:30Z,0,1,164,194,RUTG,OSU,13.000,52.000,0,15.000,58.000,525.000,-824.000,,,consensus,5,5
401287913,2021,2,5,2021-10-02T19:30Z,0,1,2306,201,KSU,OU,31.000,37.000,0,12.500,53.000,355.000,-473.000,,,consensus,4,4
401287916,2021,2,5,2021-10-02T19:30Z,0,1,277,2641,WVU,TTU,20.000,23.000,0,-7.500,55.500,-295.000,234.000,,,consensus,4,4
401301013,2021,2,5,2021-10-02T19:30Z,0,1,2426,2116,NAVY,UCF,34.000,30.000,0,15.000,52.500,478.000,-678.000,,,consensus,151,151
401301014,2021,2,5,2021-10-02T19:30Z,0,1,151,2655,ECU,TULN,52.000,29.000,0,3.000,64.500,132.000,-160.000,,,consensus,151,151
401308835,2021,2,5,2021-10-02T19:30Z,0,1,193,2117,M-OH,CMU,28.000,17.000,0,1.500,56.000,104.000,-124.000,,,consensus,15,15
401309560,2021,2,5,2021-10-02T19:30Z,0,1,2006,195,AKR,OHIO,17.000,34.000,0,9.500,55.000,283.000,-375.000,,,consensus,15,15
401309562,2021,2,5,2021-10-02T19:30Z,0,1,2309,189,KENT,BGSU,27.000,20.000,0,-16.500,56.000,-917.000,569.000,,,consensus,15,15
401309864,2021,2,5,2021-10-02T19:30Z,0,1,24,2483,STAN,ORE,31.000,24.000,1,8.500,57.500,264.000,-339.000,,,consensus,9,9
401310711,2021,2,5,2021-10-02T19:30Z,0,1,68,2440,BSU,NEV,31.000,41.000,0,-3.500,59.000,-182.000,153.000,,,consensus,17,17
401301016,2021,2,5,2021-10-02T20:00Z,0,1,2567,58,SMU,USF,41.000,17.000,0,-21.000,68.500,-1586.000,850.000,,,consensus,151,151
401309613,2021,2,5,2021-10-02T20:00Z,0,1,290,2032,GASO,ARST,59.000,33.000,0,-2.000,66.000,-128.000,105.000,,,consensus,37,37
401309559,2021,2,5,2021-10-02T21:00Z,0,0,2050,349,BALL,ARMY,28.000,16.000,0,10.000,47.500,301.000,-391.000,,,consensus,15,18
401309863,2021,2,5,2021-10-02T21:30Z,0,1,25,265,CAL,WSU,6.000,21.000,0,-7.500,52.500,-310.000,239.000,,,consensus,9,9
401282091,2021,2,5,2021-10-02T22:00Z,0,1,96,57,UK,FLA,20.000,13.000,0,7.500,56.500,249.000,-320.000,,,consensus,8,8
401282220,2021,2,5,2021-10-02T22:00Z,0,0,152,2348,NCST,LT,34.000,27.000,0,-17.500,56.000,-1110.000,673.000,,,consensus,1,12
401282222,2021,2,5,2021-10-02T22:00Z,0,0,2636,2439,UTSA,UNLV,24.000,17.000,0,-21.500,55.500,-1585.000,889.000,,,consensus,12,17
401282218,2021,2,5,2021-10-02T22:30Z,0,1,242,2572,RICE,USM,24.000,19.000,0,-1.500,44.500,-120.000,-100.000,,,consensus,12,12
401310710,2021,2,5,2021-10-02T22:30Z,0,1,167,2005,UNM,AFA,10.000,38.000,0,11.500,45.500,359.000,-495.000,,,consensus,17,17
401282095,2021,2,5,2021-10-02T23:00Z,0,1,245,344,TA&M,MSST,22.000,26.000,0,-7.000,45.500,-312.000,237.000,,,consensus,8,8
401282216,2021,2,5,2021-10-02T23:00Z,0,1,2393,276,MTSU,MRSH,34.000,28.000,0,10.500,65.500,307.000,-417.000,,,consensus,12,12
401282221,2021,2,5,2021-10-02T23:00Z,0,0,5,2335,UAB,LIB,12.000,36.000,0,-3.000,49.500,-139.000,117.000,,,consensus,12,18
401287912,2021,2,5,2021-10-02T23:00Z,0,1,66,2305,ISU,KU,59.000,7.000,0,-34.500,57.000,-10000.000,3300.000,,,consensus,4,4
401287914,2021,2,5,2021-10-02T23:00Z,0,1,197,239,OKST,BAY,24.000,14.000,0,-4.000,47.000,-184.000,154.000,,,consensus,4,4
401282096,2021,2,5,2021-10-02T23:30Z,0,0,238,41,VAN,CONN,30.000,28.000,0,-14.500,51.000,-749.000,500.000,,,consensus,8,18
401282223,2021,2,5,2021-10-02T23:30Z,0,0,127,98,MSU,WKU,48.000,31.000,0,-10.500,66.500,-421.000,311.000,,,consensus,5,12
401282647,2021,2,5,2021-10-02T23:30Z,0,1,228,103,CLEM,BC,19.000,13.000,0,-14.500,46.500,-689.000,479.000,,,consensus,1,1
401282729,2021,2,5,2021-10-02T23:30Z,0,1,213,84,PSU,IU,24.000,0.000,0,-12.500,54.000,-501.000,369.000,,,consensus,5,5
401282800,2021,2,5,2021-10-02T23:30Z,0,1,158,77,NEB,NU,56.000,7.000,0,-11.500,51.500,-431.000,328.000,,,consensus,5,5
401309615,2021,2,5,2021-10-03T00:00Z,0,1,6,309,USA,UL,18.000,20.000,0,12.000,52.500,351.000,-473.000,,,consensus,37,37
401282092,2021,2,5,2021-10-03T01:00Z,0,1,99,2,LSU,AUB,19.000,24.000,0,-3.000,56.000,-153.000,129.000,,,consensus,8,8
401282217,2021,2,5,2021-10-03T01:00Z,0,1,2638,295,UTEP,ODU,28.000,21.000,0,-5.500,48.500,-227.000,184.000,,,consensus,12,12
401309865,2021,2,5,2021-10-03T01:00Z,0,1,204,264,ORST,WASH,27.000,24.000,0,-2.500,57.500,-133.000,110.000,,,consensus,9,9
401309866,2021,2,5,2021-10-03T02:30Z,0,1,26,9,UCLA,ASU,23.000,42.000,0,-3.000,56.000,-153.000,127.000,,,consensus,9,9
401310713,2021,2,5,2021-10-03T02:30Z,0,0,23,166,SJSU,NMSU,37.000,31.000,0,-25.500,51.500,-5732.000,1600.000,,,consensus,17,18
401310712,2021,2,5,2021-10-03T03:00Z,0,1,62,278,HAW,FRES,27.000,24.000,0,10.500,64.500,309.000,-412.000,,,consensus,17,17
401301017,2021,2,6,2021-10-07T23:30Z,0,1,2655,248,TULN,HOU,22.000,40.000,0,6.500,60.000,199.000,-247.000,,,consensus,151,151
401309616,2021,2,6,2021-10-07T23:30Z,0,1,2032,324,ARST,CCU,20.000,52.000,0,20.000,74.500,724.000,-1222.000,,,consensus,37,37
401282224,2021,2,6,2021-10-08T23:00Z,0,1,2229,2429,FIU,CLT,33.000,45.000,0,3.500,60.500,144.000,-170.000,,,consensus,12,12
401301018,2021,2,6,2021-10-08T23:00Z,0,1,2132,218,CIN,TEM,52.000,3.000,0,-30.000,52.500,-6972.000,1863.000,,,consensus,151,151
401309868,2021,2,6,2021-10-09T02:30Z,0,1,9,24,ASU,STAN,28.000,10.000,0,-13.500,53.500,-569.000,409.000,,,consensus,9,9
401282098,2021,2,6,2021-10-09T16:00Z,0,1,57,238,FLA,VAN,42.000,0.000,0,-39.000,60.000,-10000.000,3300.000,,,consensus,8,8
401282100,2021,2,6,2021-10-09T16:00Z,0,1,145,8,MISS,ARK,52.000,51.000,0,-5.000,66.500,-195.000,163.000,,,consensus,8,8
401282102,2021,2,6,2021-10-09T16:00Z,0,1,2633,2579,TENN,SC,45.000,20.000,0,-10.500,56.500,-444.000,325.000,,,consensus,8,8
401282769,2021,2,6,2021-10-09T16:00Z,0,1,194,120,OSU,MD,66.000,17.000,0,-21.500,71.500,-1842.000,921.000,,,consensus,5,5
401282788,2021,2,6,2021-10-09T16:00Z,0,1,164,127,RUTG,MSU,13.000,31.000,0,4.000,49.500,161.000,-193.000,,,consensus,5,5
401287917,2021,2,6,2021-10-09T16:00Z,0,1,239,277,BAY,WVU,45.000,20.000,0,-1.000,45.000,-121.000,100.000,,,consensus,4,4
401287918,2021,2,6,2021-10-09T16:00Z,1,1,251,201,TEX,OU,48.000,55.000,0,4.000,65.000,145.000,-172.000,,,consensus,4,4
401309564,2021,2,6,2021-10-09T16:00Z,0,1,2649,2459,TOL,NIU,20.000,22.000,0,-13.000,51.000,-513.000,381.000,,,consensus,15,15
401309566,2021,2,6,2021-10-09T16:00Z,0,1,189,2006,BGSU,AKR,20.000,35.000,0,-14.000,46.000,-575.000,418.000,,,consensus,15,15
401282652,2021,2,6,2021-10-09T16:30Z,0,1,150,59,DUKE,GT,27.000,31.000,0,4.500,60.500,158.000,-190.000,,,consensus,1,1
401282226,2021,2,6,2021-10-09T18:00Z,0,1,276,295,MRSH,ODU,20.000,13.000,1,-21.000,62.500,-1388.000,814.000,,,consensus,12,12
401282653,2021,2,6,2021-10-09T19:00Z,0,1,97,258,LOU,UVA,33.000,34.000,0,-2.500,69.500,-138.000,116.000,,,consensus,1,1
401282097,2021,2,6,2021-10-09T19:30Z,0,1,2,61,AUB,UGA,10.000,34.000,0,14.500,45.500,506.000,-742.000,,,consensus,8,8
401282225,2021,2,6,2021-10-09T19:30Z,0,1,5,2226,UAB,FAU,31.000,14.000,0,-3.500,49.000,-169.000,141.000,,,consensus,12,12
401282229,2021,2,6,2021-10-09T19:30Z,0,0,2335,2393,LIB,MTSU,41.000,13.000,0,-20.000,59.000,-1239.000,741.000,,,consensus,18,12
401282654,2021,2,6,2021-10-09T19:30Z,0,1,153,52,UNC,FSU,25.000,35.000,0,-17.500,64.500,-928.000,602.000,,,consensus,1,1
401282655,2021,2,6,2021-10-09T19:30Z,0,1,183,154,SYR,WAKE,37.000,40.000,1,6.000,58.500,181.000,-227.000,,,consensus,1,1
401282718,2021,2,6,2021-10-09T19:30Z,0,1,356,275,ILL,WISC,0.000,24.000,0,12.000,42.000,333.000,-462.000,,,consensus,5,5
401286191,2021,2,6,2021-10-09T19:30Z,0,0,113,41,MASS,CONN,27.000,13.000,0,3.000,57.000,132.000,-156.000,,,consensus,18,18
401301021,2021,2,6,2021-10-09T19:30Z,0,1,2426,2567,NAVY,SMU,24.000,31.000,0,13.500,56.500,396.000,-540.000,,,consensus,151,151
401308836,2021,2,6,2021-10-09T19:30Z,0,1,2199,193,EMU,M-OH,13.000,12.000,0,2.500,58.500,114.000,-135.000,,,consensus,15,15
401309563,2021,2,6,2021-10-09T19:30Z,0,1,2711,2050,WMU,BALL,20.000,45.000,0,-12.500,57.500,-465.000,346.000,,,consensus,15,15
401309567,2021,2,6,2021-10-09T19:30Z,0,1,195,2117,OHIO,CMU,27.000,30.000,0,5.000,57.500,171.000,-211.000,,,consensus,15,15
401309913,2021,2,6,2021-10-09T19:30Z,0,0,252,68,BYU,BSU,17.000,26.000,0,-6.000,58.000,-240.000,192.000,,,consensus,18,17
401310715,2021,2,6,2021-10-09T19:30Z,0,1,36,23,CSU,SJSU,32.000,14.000,0,-3.500,44.500,-166.000,140.000,,,consensus,17,17
401282101,2021,2,6,2021-10-09T20:00Z,0,0,142,249,MIZ,UNT,48.000,35.000,0,-18.500,69.000,-1092.000,679.000,,,consensus,8,12
401282758,2021,2,6,2021-10-09T20:00Z,0,1,2294,213,IOWA,PSU,23.000,20.000,0,-2.500,41.000,-140.000,118.000,,,consensus,5,5
401309869,2021,2,6,2021-10-09T20:00Z,0,1,265,204,WSU,ORST,31.000,24.000,0,4.000,59.000,155.000,-184.000,,,consensus,9,9
401301019,2021,2,6,2021-10-09T22:00Z,0,1,2116,151,UCF,ECU,20.000,16.000,0,-10.000,65.500,-382.000,292.000,,,consensus,151,151
401282227,2021,2,6,2021-10-09T23:00Z,0,1,2572,2638,USM,UTEP,13.000,26.000,0,1.500,46.000,-103.000,-117.000,,,consensus,12,12
401282228,2021,2,6,2021-10-09T23:00Z,0,1,98,2636,WKU,UTSA,46.000,52.000,0,-3.500,71.500,-164.000,139.000,,,consensus,12,12
401287919,2021,2,6,2021-10-09T23:00Z,0,1,2641,2628,TTU,TCU,31.000,52.000,0,2.500,60.500,107.000,-128.000,,,consensus,4,4
401309565,2021,2,6,2021-10-09T23:00Z,0,1,2309,2084,KENT,BUFF,48.000,38.000,0,-7.000,66.000,-261.000,209.000,,,consensus,15,15
401309617,2021,2,6,2021-10-09T23:00Z,0,1,2653,290,TROY,GASO,27.000,24.000,0,-5.500,50.500,-222.000,177.000,,,consensus,37,37
401309619,2021,2,6,2021-10-09T23:00Z,0,1,326,6,TXST,USA,33.000,31.000,1,4.000,52.500,154.000,-184.000,,,consensus,37,37
401310714,2021,2,6,2021-10-09T23:00Z,0,1,2005,2751,AFA,WYO,24.000,14.000,0,-5.500,46.500,-214.000,174.000,,,consensus,17,17
401282099,2021,2,6,2021-10-09T23:30Z,0,1,96,99,UK,LSU,42.000,21.000,0,-2.000,50.500,-128.000,107.000,,,consensus,8,8
401282656,2021,2,6,2021-10-09T23:30Z,0,0,259,87,VT,ND,29.000,32.000,0,-1.000,47.000,-118.000,-103.000,,,consensus,1,18
401282778,2021,2,6,2021-10-09T23:30Z,0,1,158,130,NEB,MICH,29.000,32.000,0,2.500,50.000,113.000,-135.000,,,consensus,5,5
401282103,2021,2,6,2021-10-10T00:00Z,0,1,245,333,TA&M,ALA,41.000,38.000,0,18.500,51.000,684.000,-1099.000,,,consensus,8,8
401309618,2021,2,6,2021-10-10T00:00Z,0,1,2433,2247,ULM,GAST,21.000,55.000,0,16.000,49.500,494.000,-720.000,,,consensus,37,37
401309871,2021,2,6,2021-10-10T00:00Z,0,1,30,254,USC,UTAH,26.000,42.000,0,-3.000,52.500,-151.000,127.000,,,consensus,9,9
401301020,2021,2,6,2021-10-10T01:00Z,0,1,202,235,TLSA,MEM,35.000,29.000,0,-3.000,60.500,-153.000,130.000,,,consensus,151,151
401310716,2021,2,6,2021-10-10T01:00Z,0,1,21,167,SDSU,UNM,31.000,7.000,0,-19.500,42.500,-1160.000,707.000,,,consensus,17,17
401309870,2021,2,6,2021-10-10T02:30Z,0,1,12,26,ARIZ,UCLA,16.000,34.000,0,16.000,61.000,513.000,-765.000,,,consensus,9,9
401310717,2021,2,6,2021-10-10T02:30Z,0,0,2440,166,NEV,NMSU,55.000,28.000,0,-28.500,65.000,-10000.000,1700.000,,,consensus,17,18
401309620,2021,2,7,2021-10-12T23:30Z,0,1,309,2026,UL,APP,41.000,13.000,0,4.000,57.500,156.000,-186.000,,,consensus,37,37
401301022,2021,2,7,2021-10-14T23:30Z,0,1,235,2426,MEM,NAVY,35.000,17.000,0,-11.000,55.500,-437.000,325.000,,,consensus,151,151
401309621,2021,2,7,2021-10-14T23:30Z,0,1,6,290,USA,GASO,41.000,14.000,0,-2.500,49.500,-140.000,117.000,,,consensus,37,37
401282231,2021,2,7,2021-10-15T23:00Z,0,1,249,276,UNT,MRSH,21.000,49.000,0,11.000,66.000,311.000,-406.000,,,consensus,12,12
401282657,2021,2,7,2021-10-15T23:00Z,0,1,183,228,SYR,CLEM,14.000,17.000,0,13.500,44.000,423.000,-607.000,,,consensus,1,1
401309872,2021,2,7,2021-10-16T02:30Z,0,1,2483,25,ORE,CAL,24.000,17.000,0,-13.500,53.500,-641.000,446.000,,,consensus,9,9
401310723,2021,2,7,2021-10-16T02:30Z,0,1,23,21,SJSU,SDSU,13.000,19.000,1,9.500,41.000,298.000,-386.000,,,consensus,17,17
401282104,2021,2,7,2021-10-16T16:00Z,0,1,8,2,ARK,AUB,23.000,38.000,0,-4.500,54.500,-194.000,162.000,,,consensus,8,8
401282106,2021,2,7,2021-10-16T16:00Z,0,1,99,57,LSU,FLA,49.000,42.000,0,12.500,61.000,363.000,-505.000,,,consensus,8,8
401282108,2021,2,7,2021-10-16T16:00Z,0,1,142,245,MIZ,TA&M,14.000,35.000,0,11.500,59.500,331.000,-443.000,,,consensus,8,8
401282731,2021,2,7,2021-10-16T16:00Z,0,1,84,127,IU,MSU,15.000,20.000,0,3.500,48.500,147.000,-174.000,,,consensus,5,5
401282796,2021,2,7,2021-10-16T16:00Z,0,1,135,158,MINN,NEB,30.000,23.000,0,4.500,48.500,159.000,-190.000,,,consensus,5,5
401282807,2021,2,7,2021-10-16T16:00Z,0,1,77,164,NU,RUTG,21.000,7.000,0,2.500,45.000,112.000,-134.000,,,consensus,5,5
401286192,2021,2,7,2021-10-16T16:00Z,0,0,41,43,CONN,YALE,21.000,15.000,0,3.500,46.500,141.000,-169.000,,,consensus,18,22
401287924,2021,2,7,2021-10-16T16:00Z,0,1,251,197,TEX,OKST,24.000,32.000,0,-3.500,61.000,-174.000,145.000,,,consensus,4,4
401301023,2021,2,7,2021-10-16T16:00Z,0,1,2132,2116,CIN,UCF,56.000,21.000,0,-21.500,56.000,-1698.000,907.000,,,consensus,151,151
401301024,2021,2,7,2021-10-16T16:00Z,0,1,58,202,USF,TLSA,31.000,32.000,0,7.000,55.500,229.000,-294.000,,,consensus,151,151
401309571,2021,2,7,2021-10-16T16:00Z,0,1,2084,195,BUFF,OHIO,27.000,26.000,0,-7.500,54.500,-326.000,251.000,,,consensus,15,15
401282660,2021,2,7,2021-10-16T16:30Z,0,1,258,150,UVA,DUKE,48.000,0.000,0,-10.500,69.500,-420.000,321.000,,,consensus,1,1
401309568,2021,2,7,2021-10-16T18:00Z,0,1,2199,2050,EMU,BALL,31.000,38.000,0,1.000,55.000,-102.000,-119.000,,,consensus,15,15
401308837,2021,2,7,2021-10-16T18:30Z,0,1,193,2006,M-OH,AKR,34.000,21.000,0,-20.000,51.000,-1252.000,757.000,,,consensus,15,15
401309622,2021,2,7,2021-10-16T19:00Z,0,1,326,2653,TXST,TROY,28.000,31.000,0,7.500,48.500,233.000,-294.000,,,consensus,37,37
401282105,2021,2,7,2021-10-16T19:30Z,0,1,61,96,UGA,UK,30.000,13.000,0,-21.500,44.500,-2293.000,1088.000,,,consensus,8,8
401282232,2021,2,7,2021-10-16T19:30Z,0,1,295,98,ODU,WKU,20.000,43.000,0,13.500,66.500,393.000,-549.000,,,consensus,12,12
401282234,2021,2,7,2021-10-16T19:30Z,0,1,2572,5,USM,UAB,0.000,34.000,0,17.000,43.500,611.000,-915.000,,,consensus,12,12
401282659,2021,2,7,2021-10-16T19:30Z,0,1,153,2390,UNC,MIA,45.000,42.000,0,-7.500,63.500,-291.000,232.000,,,consensus,1,1
401282661,2021,2,7,2021-10-16T19:30Z,0,1,259,221,VT,PITT,7.000,28.000,0,6.500,56.000,184.000,-229.000,,,consensus,1,1
401282760,2021,2,7,2021-10-16T19:30Z,0,1,2294,2509,IOWA,PUR,7.000,24.000,0,-11.500,42.500,-486.000,354.000,,,consensus,5,5
401309569,2021,2,7,2021-10-16T19:30Z,0,1,2117,2649,CMU,TOL,26.000,23.000,1,5.000,53.000,169.000,-207.000,,,consensus,15,15
401309570,2021,2,7,2021-10-16T19:30Z,0,1,2459,189,NIU,BGSU,34.000,26.000,0,-9.000,45.000,-351.000,273.000,,,consensus,15,15
401309572,2021,2,7,2021-10-16T19:30Z,0,1,2711,2309,WMU,KENT,64.000,31.000,0,-7.000,68.500,-265.000,214.000,,,consensus,15,15
401309875,2021,2,7,2021-10-16T19:30Z,0,1,38,12,COLO,ARIZ,34.000,0.000,0,-6.000,46.500,-246.000,196.000,,,consensus,9,9
401310721,2021,2,7,2021-10-16T19:30Z,0,1,2751,278,WYO,FRES,0.000,17.000,0,3.000,53.500,134.000,-160.000,,,consensus,17,17
401287920,2021,2,7,2021-10-16T19:40Z,0,0,239,252,BAY,BYU,38.000,24.000,0,-5.500,52.500,-228.000,182.000,,,consensus,4,18
401282109,2021,2,7,2021-10-16T20:00Z,0,1,2579,238,SC,VAN,21.000,20.000,0,-18.500,50.000,-1151.000,719.000,,,consensus,8,8
401287921,2021,2,7,2021-10-16T20:00Z,0,1,2305,2641,KU,TTU,14.000,41.000,0,18.500,68.500,624.000,-973.000,,,consensus,4,4
401282233,2021,2,7,2021-10-16T22:00Z,0,1,2636,242,UTSA,RICE,45.000,0.000,0,-17.000,53.500,-931.000,596.000,,,consensus,12,12
401282107,2021,2,7,2021-10-16T23:00Z,0,1,344,333,MSST,ALA,9.000,49.000,0,17.500,59.500,623.000,-982.000,,,consensus,8,8
401286296,2021,2,7,2021-10-16T23:00Z,0,0,2433,2335,ULM,LIB,31.000,28.000,0,32.500,56.500,3300.000,-10000.000,,,consensus,37,18
401310719,2021,2,7,2021-10-16T23:00Z,0,1,167,36,UNM,CSU,7.000,36.000,0,13.000,45.000,378.000,-516.000,,,consensus,17,17
401310720,2021,2,7,2021-10-16T23:00Z,0,1,2439,328,UNLV,USU,24.000,28.000,0,7.000,64.000,231.000,-294.000,,,consensus,17,17
401282110,2021,2,7,2021-10-16T23:30Z,0,1,2633,145,TENN,MISS,26.000,31.000,0,1.000,82.500,-104.000,-116.000,,,consensus,8,8
401282658,2021,2,7,2021-10-16T23:30Z,0,1,103,152,BC,NCST,7.000,33.000,0,3.000,51.000,131.000,-156.000,,,consensus,1,1
401287922,2021,2,7,2021-10-16T23:30Z,0,1,2306,66,KSU,ISU,20.000,33.000,0,6.500,51.000,205.000,-254.000,,,consensus,4,4
401287923,2021,2,7,2021-10-16T23:30Z,0,1,201,2628,OU,TCU,52.000,31.000,0,-12.500,64.500,-544.000,396.000,,,consensus,4,4
401309873,2021,2,7,2021-10-16T23:30Z,0,1,265,24,WSU,STAN,34.000,31.000,0,-1.000,53.000,-114.000,-106.000,,,consensus,9,9
401282826,2021,2,7,2021-10-17T00:00Z,0,0,275,349,WISC,ARMY,20.000,14.000,0,-14.000,37.500,-630.000,444.000,,,consensus,5,18
401309874,2021,2,7,2021-10-17T00:30Z,0,1,264,26,WASH,UCLA,17.000,24.000,0,-1.500,55.500,-124.000,103.000,,,consensus,9,9
401282230,2021,2,7,2021-10-17T01:00Z,0,1,2638,2348,UTEP,LT,19.000,3.000,0,6.500,55.500,216.000,-276.000,,,consensus,12,12
401310718,2021,2,7,2021-10-17T01:00Z,0,1,68,2005,BSU,AFA,17.000,24.000,0,-3.000,52.000,-158.000,134.000,,,consensus,17,17
401309876,2021,2,7,2021-10-17T02:00Z,0,1,254,9,UTAH,ASU,35.000,21.000,0,-1.500,51.500,-120.000,-101.000,,,consensus,9,9
401310722,2021,2,7,2021-10-17T02:30Z,0,1,2440,62,NEV,HAW,34.000,17.000,0,-14.000,61.500,-614.000,430.000,,,consensus,17,17
401309623,2021,2,8,2021-10-20T23:30Z,0,1,2026,324,APP,CCU,30.000,27.000,0,4.500,60.500,165.000,-201.000,,,consensus,37,37
401282235,2021,2,8,2021-10-21T23:30Z,0,1,2429,2226,CLT,FAU,9.000,38.000,0,6.500,58.000,205.000,-257.000,,,consensus,12,12
401301025,2021,2,8,2021-10-21T23:30Z,0,1,2567,2655,SMU,TULN,55.000,26.000,0,-14.000,70.500,-596.000,417.000,,,consensus,151,151
401309624,2021,2,8,2021-10-21T23:30Z,0,1,2032,309,ARST,UL,27.000,28.000,0,18.000,70.000,604.000,-989.000,,,consensus,37,37
401310729,2021,2,8,2021-10-22T03:00Z,0,1,2439,23,UNLV,SJSU,20.000,27.000,0,6.000,44.000,186.000,-229.000,,,consensus,17,17
401282239,2021,2,8,2021-10-22T22:00Z,0,0,41,2393,CONN,MTSU,13.000,44.000,0,14.000,54.000,472.000,-699.000,,,consensus,18,12
401301026,2021,2,8,2021-10-22T23:00Z,0,1,2116,235,UCF,MEM,24.000,7.000,0,-1.000,63.000,-121.000,-100.000,,,consensus,151,151
401310725,2021,2,8,2021-10-23T01:30Z,0,1,328,36,USU,CSU,26.000,24.000,0,3.000,58.500,128.000,-151.000,,,consensus,17,17
401309877,2021,2,8,2021-10-23T02:30Z,0,1,12,264,ARIZ,WASH,16.000,21.000,0,17.000,45.500,594.000,-914.000,,,consensus,9,9
401282112,2021,2,8,2021-10-23T16:00Z,0,0,8,2029,ARK,UAPB,45.000,3.000,0,-50.500,59.500,,,,,consensus,8,31
401282662,2021,2,8,2021-10-23T16:00Z,0,0,349,154,ARMY,WAKE,56.000,70.000,0,3.000,54.000,136.000,-161.000,,,consensus,18,1
401282663,2021,2,8,2021-10-23T16:00Z,0,0,52,113,FSU,MASS,59.000,3.000,0,-35.500,59.000,,,,,consensus,1,18
401282717,2021,2,8,2021-10-23T16:00Z,0,1,213,356,PSU,ILL,18.000,20.000,1,-24.500,45.500,-2958.000,1200.000,,,consensus,5,5
401282779,2021,2,8,2021-10-23T16:00Z,0,1,130,77,MICH,NU,33.000,7.000,0,-23.500,51.000,-2459.000,1086.000,,,consensus,5,5
401287926,2021,2,8,2021-10-23T16:00Z,0,1,2305,201,KU,OU,23.000,35.000,0,38.500,66.500,,,,,consensus,4,4
401287928,2021,2,8,2021-10-23T16:00Z,0,1,2641,2306,TTU,KSU,24.000,25.000,0,1.000,60.500,-109.000,-112.000,,,consensus,4,4
401301027,2021,2,8,2021-10-23T16:00Z,0,1,2426,2132,NAVY,CIN,20.000,27.000,0,28.500,48.500,1825.000,-6154.000,,,consensus,151,151
401309574,2021,2,8,2021-10-23T16:00Z,0,1,189,2199,BGSU,EMU,24.000,55.000,0,4.000,50.000,158.000,-190.000,,,consensus,15,15
401309577,2021,2,8,2021-10-23T16:00Z,0,1,2117,2459,CMU,NIU,38.000,39.000,0,-6.000,56.000,-220.000,179.000,,,consensus,15,15
401282668,2021,2,8,2021-10-23T16:30Z,0,1,259,183,VT,SYR,36.000,41.000,0,-3.500,45.500,-170.000,143.000,,,consensus,1,1
401309576,2021,2,8,2021-10-23T17:00Z,0,1,195,2309,OHIO,KENT,27.000,34.000,0,5.500,68.500,176.000,-217.000,,,consensus,15,15
401309625,2021,2,8,2021-10-23T18:00Z,0,1,2247,326,GAST,TXST,28.000,16.000,0,-10.500,58.500,-398.000,304.000,,,consensus,37,37
401282821,2021,2,8,2021-10-23T19:00Z,0,1,2509,275,PUR,WISC,13.000,30.000,0,3.500,41.000,144.000,-172.000,,,consensus,5,5
401282113,2021,2,8,2021-10-23T19:30Z,0,1,145,99,MISS,LSU,31.000,17.000,0,-9.000,77.000,-347.000,269.000,,,consensus,8,8
401282238,2021,2,8,2021-10-23T19:30Z,0,1,5,242,UAB,RICE,24.000,30.000,0,-23.500,44.500,-2640.000,1129.000,,,consensus,12,12
401282666,2021,2,8,2021-10-23T19:30Z,0,1,221,228,PITT,CLEM,27.000,17.000,0,-3.500,47.000,-171.000,144.000,,,consensus,1,1
401282767,2021,2,8,2021-10-23T19:30Z,0,1,135,120,MINN,MD,34.000,16.000,0,-4.000,53.000,-183.000,153.000,,,consensus,5,5
401287925,2021,2,8,2021-10-23T19:30Z,0,1,66,197,ISU,OKST,24.000,21.000,0,-7.000,47.000,-277.000,220.000,,,consensus,4,4
401308838,2021,2,8,2021-10-23T19:30Z,0,1,2050,193,BALL,M-OH,17.000,24.000,0,-3.500,53.000,-173.000,146.000,,,consensus,15,15
401309573,2021,2,8,2021-10-23T19:30Z,0,1,2649,2711,TOL,WMU,34.000,15.000,0,1.500,54.500,101.000,-122.000,,,consensus,15,15
401309575,2021,2,8,2021-10-23T19:30Z,0,1,2006,2084,AKR,BUFF,10.000,45.000,0,13.500,58.000,374.000,-500.000,,,consensus,15,15
401309878,2021,2,8,2021-10-23T19:30Z,0,1,25,38,CAL,COLO,26.000,3.000,0,-8.500,44.000,-358.000,278.000,,,consensus,9,9
401309881,2021,2,8,2021-10-23T19:30Z,0,0,265,252,WSU,BYU,19.000,21.000,0,3.500,56.500,148.000,-177.000,,,consensus,9,18
401310726,2021,2,8,2021-10-23T19:30Z,0,1,2751,167,WYO,UNM,3.000,14.000,0,-20.000,40.500,-1286.000,764.000,,,consensus,17,17
401309879,2021,2,8,2021-10-23T19:41Z,0,1,26,2483,UCLA,ORE,31.000,34.000,0,-1.000,61.500,-113.000,-107.000,,,consensus,9,9
401282115,2021,2,8,2021-10-23T20:00Z,0,1,238,344,VAN,MSST,6.000,45.000,0,20.500,53.000,850.000,-1545.000,,,consensus,8,8
401282240,2021,2,8,2021-10-23T20:00Z,0,0,249,2335,UNT,LIB,26.000,35.000,0,21.000,61.000,858.000,-1516.000,,,consensus,12,18
401282664,2021,2,8,2021-10-23T20:00Z,0,1,97,103,LOU,BC,28.000,14.000,0,-4.000,57.500,-190.000,158.000,,,consensus,1,1
401301028,2021,2,8,2021-10-23T20:00Z,0,1,248,151,HOU,ECU,31.000,24.000,1,-13.500,56.500,-568.000,407.000,,,consensus,151,151
401282111,2021,2,8,2021-10-23T23:00Z,0,1,333,2633,ALA,TENN,52.000,24.000,0,-25.500,68.000,-3623.000,1342.000,,,consensus,8,8
401282236,2021,2,8,2021-10-23T23:00Z,0,1,2229,98,FIU,WKU,19.000,34.000,0,16.500,77.500,530.000,-780.000,,,consensus,12,12
401282237,2021,2,8,2021-10-23T23:00Z,0,1,2348,2636,LT,UTSA,16.000,45.000,0,5.500,59.500,177.000,-222.000,,,consensus,12,12
401301029,2021,2,8,2021-10-23T23:00Z,0,1,58,218,USF,TEM,34.000,14.000,0,-1.500,55.000,-121.000,101.000,,,consensus,151,151
401309626,2021,2,8,2021-10-23T23:00Z,0,1,2433,6,ULM,USA,41.000,31.000,0,13.500,51.000,419.000,-578.000,,,consensus,37,37
401310724,2021,2,8,2021-10-23T23:00Z,0,1,2005,21,AFA,SDSU,14.000,20.000,0,-3.000,39.000,-159.000,135.000,,,consensus,17,17
401310727,2021,2,8,2021-10-23T23:00Z,0,1,278,2440,FRES,NEV,34.000,32.000,0,-3.500,64.500,-169.000,142.000,,,consensus,17,17
401282114,2021,2,8,2021-10-23T23:30Z,0,1,245,2579,TA&M,SC,44.000,14.000,0,-19.500,46.000,-1510.000,818.000,,,consensus,8,8
401282665,2021,2,8,2021-10-23T23:30Z,0,1,2390,152,MIA,NCST,31.000,30.000,0,3.500,54.500,142.000,-169.000,,,consensus,1,1
401282667,2021,2,8,2021-10-23T23:30Z,0,1,258,59,UVA,GT,48.000,40.000,0,-6.500,65.500,-249.000,196.000,,,consensus,1,1
401282709,2021,2,8,2021-10-23T23:30Z,0,0,87,30,ND,USC,31.000,16.000,0,-7.500,59.500,-290.000,227.000,,,consensus,18,9
401282730,2021,2,8,2021-10-23T23:30Z,0,1,84,194,IU,OSU,7.000,54.000,0,21.000,59.000,836.000,-1514.000,,,consensus,5,5
401287927,2021,2,8,2021-10-23T23:30Z,0,1,2628,277,TCU,WVU,17.000,29.000,0,-4.500,58.000,-198.000,164.000,,,consensus,4,4
401309880,2021,2,8,2021-10-23T23:30Z,0,1,204,254,ORST,UTAH,42.000,34.000,0,3.000,58.000,134.000,-160.000,,,consensus,9,9
401310728,2021,2,8,2021-10-24T03:59Z,0,0,62,166,HAW,NMSU,48.000,34.000,0,-19.000,63.500,-1077.000,654.000,,,consensus,17,18
401301033,2021,2,9,2021-10-28T23:30Z,0,1,151,58,ECU,USF,29.000,14.000,0,-9.500,55.500,-373.000,282.000,,,consensus,151,151
401309627,2021,2,9,2021-10-28T23:30Z,0,1,324,2653,CCU,TROY,35.000,28.000,0,-17.000,50.000,-961.000,614.000,,,consensus,37,37
401301030,2021,2,9,2021-10-29T23:30Z,0,1,202,2426,TLSA,NAVY,17.000,20.000,0,-11.000,46.000,-484.000,359.000,,,consensus,151,151
401310734,2021,2,9,2021-10-30T02:00Z,0,1,2440,2439,NEV,UNLV,51.000,20.000,0,-19.000,58.500,-1155.000,707.000,,,consensus,17,17
401282671,2021,2,9,2021-10-30T16:00Z,0,1,59,259,GT,VT,17.000,26.000,0,-3.500,55.500,-167.000,141.000,,,consensus,1,1
401282674,2021,2,9,2021-10-30T16:00Z,0,1,221,2390,PITT,MIA,34.000,38.000,0,-9.500,61.000,-384.000,294.000,,,consensus,1,1
401282719,2021,2,9,2021-10-30T16:00Z,0,1,356,164,ILL,RUTG,14.000,20.000,0,1.500,41.500,101.000,-123.000,,,consensus,5,5
401282726,2021,2,9,2021-10-30T16:00Z,0,1,120,84,MD,IU,38.000,35.000,0,-3.500,48.000,-185.000,154.000,,,consensus,5,5
401282763,2021,2,9,2021-10-30T16:00Z,0,1,275,2294,WISC,IOWA,27.000,7.000,0,-3.000,36.000,-155.000,131.000,,,consensus,5,5
401282777,2021,2,9,2021-10-30T16:00Z,0,1,127,130,MSU,MICH,37.000,33.000,0,4.000,50.500,163.000,-197.000,,,consensus,5,5
401286297,2021,2,9,2021-10-30T16:00Z,0,0,2335,113,LIB,MASS,62.000,17.000,0,-35.500,56.000,,,,,consensus,18,18
401287929,2021,2,9,2021-10-30T16:00Z,0,1,239,251,BAY,TEX,31.000,24.000,0,-2.500,61.500,-130.000,108.000,,,consensus,4,4
401301031,2021,2,9,2021-10-30T16:00Z,0,1,218,2116,TEM,UCF,7.000,49.000,0,11.500,52.000,364.000,-483.000,,,consensus,151,151
401301032,2021,2,9,2021-10-30T16:00Z,0,1,2655,2132,TULN,CIN,12.000,31.000,0,28.000,61.500,1575.000,-6034.000,,,consensus,151,151
401309578,2021,2,9,2021-10-30T16:00Z,0,1,2084,189,BUFF,BGSU,44.000,56.000,0,-13.500,51.500,-619.000,440.000,,,consensus,15,15
401309631,2021,2,9,2021-10-30T16:00Z,0,1,309,326,UL,TXST,45.000,0.000,0,-21.000,58.000,-1586.000,842.000,,,consensus,37,37
401282246,2021,2,9,2021-10-30T18:00Z,0,1,242,249,RICE,UNT,24.000,30.000,1,-1.500,55.000,-122.000,101.000,,,consensus,12,12
401287933,2021,2,9,2021-10-30T18:00Z,0,1,277,66,WVU,ISU,38.000,31.000,0,7.500,49.000,245.000,-314.000,,,consensus,4,4
401282119,2021,2,9,2021-10-30T19:00Z,0,1,238,142,VAN,MIZ,28.000,37.000,0,16.000,62.500,538.000,-789.000,,,consensus,8,8
401309885,2021,2,9,2021-10-30T19:00Z,0,1,9,265,ASU,WSU,21.000,34.000,0,-16.500,54.500,-786.000,526.000,,,consensus,9,9
401310731,2021,2,9,2021-10-30T19:00Z,0,1,328,62,USU,HAW,51.000,31.000,0,-4.500,66.000,-185.000,155.000,,,consensus,17,17
401282117,2021,2,9,2021-10-30T19:30Z,1,1,57,61,FLA,UGA,7.000,34.000,0,14.000,50.500,449.000,-634.000,,,consensus,8,8
401282242,2021,2,9,2021-10-30T19:30Z,0,1,276,2229,MRSH,FIU,38.000,0.000,0,-21.500,64.000,-1582.000,892.000,,,consensus,12,12
401282244,2021,2,9,2021-10-30T19:30Z,0,1,295,2348,ODU,LT,23.000,20.000,0,4.000,52.500,154.000,-185.000,,,consensus,12,12
401282245,2021,2,9,2021-10-30T19:30Z,0,1,2393,2572,MTSU,USM,35.000,10.000,0,-12.500,47.500,-533.000,387.000,,,consensus,12,12
401282670,2021,2,9,2021-10-30T19:30Z,0,1,228,52,CLEM,FSU,30.000,20.000,0,-9.500,47.500,-382.000,294.000,,,consensus,1,1
401282675,2021,2,9,2021-10-30T19:30Z,0,1,183,103,SYR,BC,21.000,6.000,0,-6.500,51.500,-257.000,204.000,,,consensus,1,1
401282795,2021,2,9,2021-10-30T19:30Z,0,1,77,135,NU,MINN,14.000,41.000,0,7.500,44.000,237.000,-297.000,,,consensus,5,5
401282801,2021,2,9,2021-10-30T19:30Z,0,1,158,2509,NEB,PUR,23.000,28.000,0,-7.500,54.000,-310.000,242.000,,,consensus,5,5
401287930,2021,2,9,2021-10-30T19:30Z,0,1,2306,2628,KSU,TCU,31.000,12.000,0,-3.500,58.500,-177.000,148.000,,,consensus,4,4
401287931,2021,2,9,2021-10-30T19:30Z,0,1,201,2641,OU,TTU,52.000,21.000,0,-19.000,67.000,-1019.000,651.000,,,consensus,4,4
401309628,2021,2,9,2021-10-30T19:30Z,0,1,2026,2433,APP,ULM,59.000,28.000,0,-27.000,57.500,-4418.000,1492.000,,,consensus,37,37
401309884,2021,2,9,2021-10-30T19:30Z,0,1,2483,38,ORE,COLO,52.000,29.000,0,-24.500,49.500,-4907.000,1561.000,,,consensus,9,9
401282241,2021,2,9,2021-10-30T20:00Z,0,1,98,2429,WKU,CLT,45.000,13.000,0,-19.500,72.000,-1102.000,687.000,,,consensus,12,12
401282676,2021,2,9,2021-10-30T20:00Z,0,1,154,150,WAKE,DUKE,45.000,7.000,0,-16.500,71.500,-734.000,501.000,,,consensus,1,1
401310732,2021,2,9,2021-10-30T20:00Z,0,1,23,2751,SJSU,WYO,27.000,21.000,0,-3.000,40.500,-146.000,121.000,,,consensus,17,17
401309629,2021,2,9,2021-10-30T21:00Z,0,1,6,2032,USA,ARST,31.000,13.000,0,-9.000,66.000,-367.000,284.000,,,consensus,37,37
401282243,2021,2,9,2021-10-30T22:00Z,0,1,2226,2638,FAU,UTEP,28.000,25.000,0,-10.500,49.000,-489.000,354.000,,,consensus,12,12
401309630,2021,2,9,2021-10-30T22:00Z,0,1,290,2247,GASO,GAST,14.000,21.000,0,6.000,55.000,189.000,-233.000,,,consensus,37,37
401282116,2021,2,9,2021-10-30T23:00Z,0,1,2,145,AUB,MISS,31.000,20.000,0,-3.000,67.500,-154.000,130.000,,,consensus,8,8
401282118,2021,2,9,2021-10-30T23:00Z,0,1,344,96,MSST,UK,31.000,17.000,0,-1.000,47.000,-115.000,-105.000,,,consensus,8,8
401287932,2021,2,9,2021-10-30T23:00Z,0,1,197,2305,OKST,KU,55.000,3.000,0,-29.000,54.500,-9231.000,2533.000,,,consensus,4,4
401301034,2021,2,9,2021-10-30T23:00Z,0,1,248,2567,HOU,SMU,44.000,37.000,0,1.000,61.500,-108.000,-112.000,,,consensus,151,151
401309882,2021,2,9,2021-10-30T23:00Z,0,1,25,204,CAL,ORST,39.000,25.000,0,2.000,56.500,109.000,-131.000,,,consensus,9,9
401309886,2021,2,9,2021-10-30T23:00Z,0,1,30,12,USC,ARIZ,41.000,34.000,0,-21.500,55.500,-1643.000,896.000,,,consensus,9,9
401310730,2021,2,9,2021-10-30T23:00Z,0,1,36,68,CSU,BSU,19.000,28.000,0,2.000,51.500,104.000,-126.000,,,consensus,17,17
401282672,2021,2,9,2021-10-30T23:30Z,0,1,152,97,NCST,LOU,28.000,13.000,0,-6.000,57.000,-230.000,184.000,,,consensus,1,1
401282673,2021,2,9,2021-10-30T23:30Z,0,0,87,153,ND,UNC,44.000,34.000,0,-3.500,62.500,-178.000,148.000,,,consensus,18,1
401282814,2021,2,9,2021-10-30T23:30Z,0,1,194,213,OSU,PSU,33.000,24.000,0,-18.500,60.500,-1106.000,673.000,,,consensus,5,5
401309887,2021,2,9,2021-10-31T02:00Z,0,1,254,26,UTAH,UCLA,44.000,24.000,0,-6.500,60.500,-238.000,194.000,,,consensus,9,9
401282669,2021,2,9,2021-10-31T02:15Z,0,0,252,258,BYU,UVA,66.000,49.000,0,-2.500,66.500,-131.000,109.000,,,consensus,18,1
401309883,2021,2,9,2021-10-31T02:30Z,0,1,24,264,STAN,WASH,13.000,20.000,0,-2.500,46.000,-140.000,118.000,,,consensus,9,9
401310733,2021,2,9,2021-10-31T02:30Z,0,1,21,278,SDSU,FRES,20.000,30.000,0,2.500,44.500,108.000,-128.000,,,consensus,17,17
401309579,2021,2,10,2021-11-02T23:00Z,0,1,2006,2050,AKR,BALL,25.000,31.000,0,20.000,57.500,717.000,-1188.000,,,consensus,15,15
401308839,2021,2,10,2021-11-02T23:30Z,0,1,195,193,OHIO,M-OH,35.000,33.000,0,7.000,54.500,221.000,-282.000,,,consensus,15,15
401309580,2021,2,10,2021-11-02T23:30Z,0,1,2649,2199,TOL,EMU,49.000,52.000,0,-9.500,54.500,-378.000,286.000,,,consensus,15,15
401309581,2021,2,10,2021-11-03T23:00Z,0,1,2711,2117,WMU,CMU,30.000,42.000,0,-9.000,64.500,-349.000,266.000,,,consensus,15,15
401309582,2021,2,10,2021-11-03T23:00Z,0,1,2309,2459,KENT,NIU,52.000,47.000,0,-3.500,72.000,-165.000,140.000,,,consensus,15,15
401309632,2021,2,10,2021-11-04T23:30Z,0,1,309,2247,UL,GAST,21.000,17.000,0,-13.500,53.500,-556.000,396.000,,,consensus,37,37
401282677,2021,2,10,2021-11-05T23:30Z,0,1,103,259,BC,VT,17.000,3.000,0,1.000,51.000,-106.000,-114.000,,,consensus,1,1
401309888,2021,2,10,2021-11-06T02:30Z,0,1,24,254,STAN,UTAH,7.000,52.000,0,11.000,51.500,311.000,-412.000,,,consensus,9,9
401310253,2021,2,10,2021-11-06T15:30Z,1,0,2005,349,AFA,ARMY,14.000,21.000,1,-2.500,37.500,-141.000,118.000,,,consensus,17,18
401282122,2021,2,10,2021-11-06T16:00Z,0,1,61,142,UGA,MIZ,43.000,6.000,0,-40.000,59.500,-10000.000,-10000.000,,,consensus,8,8
401282124,2021,2,10,2021-11-06T16:00Z,0,0,145,2335,MISS,LIB,27.000,14.000,0,-7.500,67.000,-346.000,264.000,,,consensus,8,18
401282250,2021,2,10,2021-11-06T16:00Z,0,1,5,2348,UAB,LT,52.000,38.000,0,-13.500,49.000,-564.000,411.000,,,consensus,12,12
401282678,2021,2,10,2021-11-06T16:00Z,0,1,150,221,DUKE,PITT,29.000,54.000,0,21.000,64.500,850.000,-1581.000,,,consensus,1,1
401282682,2021,2,10,2021-11-06T16:00Z,0,0,153,154,UNC,WAKE,58.000,55.000,0,-2.500,78.000,-137.000,116.000,,,consensus,1,1
401282720,2021,2,10,2021-11-06T16:00Z,0,1,135,356,MINN,ILL,6.000,14.000,0,-14.500,44.000,-685.000,479.000,,,consensus,5,5
401282799,2021,2,10,2021-11-06T16:00Z,0,1,158,194,NEB,OSU,17.000,26.000,0,14.000,67.500,463.000,-656.000,,,consensus,5,5
401287935,2021,2,10,2021-11-06T16:00Z,0,1,2305,2306,KU,KSU,10.000,35.000,0,24.000,55.500,1133.000,-2760.000,,,consensus,4,4
401301039,2021,2,10,2021-11-06T16:00Z,0,1,235,2567,MEM,SMU,28.000,25.000,0,3.500,70.500,141.000,-166.000,,,consensus,151,151
401282681,2021,2,10,2021-11-06T16:30Z,0,1,2390,59,MIA,GT,33.000,30.000,0,-10.000,63.000,-391.000,302.000,,,consensus,1,1
401309633,2021,2,10,2021-11-06T18:00Z,0,1,2032,2026,ARST,APP,14.000,48.000,0,21.500,68.000,893.000,-1629.000,,,consensus,37,37
401282252,2021,2,10,2021-11-06T19:00Z,0,1,2572,249,USM,UNT,14.000,38.000,0,5.500,49.000,176.000,-217.000,,,consensus,12,12
401301035,2021,2,10,2021-11-06T19:00Z,0,1,151,218,ECU,TEM,45.000,3.000,0,-15.500,52.500,-725.000,494.000,,,consensus,151,151
401309635,2021,2,10,2021-11-06T19:00Z,0,1,326,2433,TXST,ULM,27.000,19.000,0,-3.000,57.500,-161.000,136.000,,,consensus,37,37
401309889,2021,2,10,2021-11-06T19:00Z,0,1,12,25,ARIZ,CAL,10.000,3.000,0,7.000,47.000,219.000,-278.000,,,consensus,9,9
401282126,2021,2,10,2021-11-06T19:30Z,0,1,245,2,TA&M,AUB,20.000,3.000,0,-4.500,49.500,-195.000,162.000,,,consensus,8,8
401282247,2021,2,10,2021-11-06T19:30Z,0,1,2429,242,CLT,RICE,31.000,24.000,1,-6.500,52.500,-251.000,201.000,,,consensus,12,12
401282251,2021,2,10,2021-11-06T19:30Z,0,1,98,2393,WKU,MTSU,48.000,21.000,0,-17.500,66.500,-855.000,555.000,,,consensus,12,12
401282710,2021,2,10,2021-11-06T19:30Z,0,0,87,2426,ND,NAVY,34.000,6.000,0,-21.000,47.500,-1511.000,869.000,,,consensus,18,151
401282768,2021,2,10,2021-11-06T19:30Z,0,1,120,213,MD,PSU,14.000,31.000,0,10.000,56.500,304.000,-402.000,,,consensus,5,5
401282824,2021,2,10,2021-11-06T19:30Z,0,1,164,275,RUTG,WISC,3.000,52.000,0,13.000,37.500,433.000,-622.000,,,consensus,5,5
401286303,2021,2,10,2021-11-06T19:30Z,0,0,113,227,MASS,URI,22.000,35.000,0,-2.500,55.500,-125.000,104.000,,,consensus,18,48
401287936,2021,2,10,2021-11-06T19:30Z,0,1,2628,239,TCU,BAY,30.000,28.000,0,7.500,57.000,243.000,-306.000,,,consensus,4,4
401287937,2021,2,10,2021-11-06T19:30Z,0,1,277,197,WVU,OKST,3.000,24.000,0,3.500,49.000,141.000,-168.000,,,consensus,4,4
401301037,2021,2,10,2021-11-06T19:30Z,0,1,2132,202,CIN,TLSA,28.000,20.000,0,-22.500,56.000,-2167.000,1071.000,,,consensus,151,151
401309636,2021,2,10,2021-11-06T19:30Z,0,1,2653,6,TROY,USA,31.000,24.000,0,-3.500,47.500,-182.000,152.000,,,consensus,37,37
401309914,2021,2,10,2021-11-06T19:30Z,0,0,252,304,BYU,IDST,59.000,14.000,0,-36.500,55.000,,,,,consensus,18,20
401310736,2021,2,10,2021-11-06T19:30Z,0,1,2751,36,WYO,CSU,31.000,17.000,0,3.000,41.500,134.000,-159.000,,,consensus,17,17
401282787,2021,2,10,2021-11-06T19:41Z,0,1,2509,127,PUR,MSU,40.000,29.000,0,2.500,53.500,118.000,-140.000,,,consensus,5,5
401282121,2021,2,10,2021-11-06T20:00Z,0,1,8,344,ARK,MSST,31.000,28.000,0,-4.000,53.500,-190.000,158.000,,,consensus,8,8
401282679,2021,2,10,2021-11-06T20:00Z,0,1,52,152,FSU,NCST,14.000,28.000,0,3.000,55.500,125.000,-148.000,,,consensus,1,1
401310738,2021,2,10,2021-11-06T20:00Z,0,0,166,328,NMSU,USU,13.000,35.000,0,18.500,72.500,620.000,-1015.000,,,consensus,18,17
401301036,2021,2,10,2021-11-06T20:07Z,0,1,2116,2655,UCF,TULN,14.000,10.000,0,-13.500,57.000,-567.000,404.000,,,consensus,151,151
401282249,2021,2,10,2021-11-06T22:00Z,0,1,2226,276,FAU,MRSH,13.000,28.000,0,1.500,57.500,-100.000,-120.000,,,consensus,12,12
401309634,2021,2,10,2021-11-06T22:00Z,0,1,290,324,GASO,CCU,8.000,28.000,0,16.000,56.500,513.000,-744.000,,,consensus,37,37
401282120,2021,2,10,2021-11-06T23:00Z,0,1,333,99,ALA,LSU,20.000,14.000,0,-29.000,67.000,-6608.000,1813.000,,,consensus,8,8
401282123,2021,2,10,2021-11-06T23:00Z,0,1,96,2633,UK,TENN,42.000,45.000,0,1.000,57.500,-106.000,-114.000,,,consensus,8,8
401282248,2021,2,10,2021-11-06T23:00Z,0,1,2229,295,FIU,ODU,24.000,47.000,0,3.000,50.000,124.000,-147.000,,,consensus,12,12
401282757,2021,2,10,2021-11-06T23:00Z,0,1,77,2294,NU,IOWA,12.000,17.000,0,12.000,40.500,362.000,-488.000,,,consensus,5,5
401309891,2021,2,10,2021-11-06T23:00Z,0,1,38,204,COLO,ORST,37.000,34.000,1,11.500,55.500,346.000,-462.000,,,consensus,9,9
401310735,2021,2,10,2021-11-06T23:00Z,0,1,278,68,FRES,BSU,14.000,40.000,0,-4.000,61.000,-190.000,159.000,,,consensus,17,17
401310737,2021,2,10,2021-11-06T23:00Z,0,1,167,2439,UNM,UNLV,17.000,31.000,0,-1.500,45.000,-122.000,101.000,,,consensus,17,17
401282125,2021,2,10,2021-11-06T23:30Z,0,1,2579,57,SC,FLA,40.000,17.000,0,20.500,52.000,786.000,-1425.000,,,consensus,8,8
401282680,2021,2,10,2021-11-06T23:30Z,0,1,97,228,LOU,CLEM,24.000,30.000,0,3.500,46.500,149.000,-177.000,,,consensus,1,1
401282727,2021,2,10,2021-11-06T23:30Z,0,1,130,84,MICH,IU,29.000,7.000,0,-20.500,51.000,-1532.000,843.000,,,consensus,5,5
401287934,2021,2,10,2021-11-06T23:30Z,0,1,66,251,ISU,TEX,30.000,7.000,0,-6.000,59.500,-237.000,188.000,,,consensus,4,4
401301038,2021,2,10,2021-11-06T23:30Z,0,1,58,248,USF,HOU,42.000,54.000,0,13.500,53.000,407.000,-567.000,,,consensus,151,151
401309890,2021,2,10,2021-11-06T23:30Z,0,1,264,2483,WASH,ORE,16.000,26.000,0,7.000,48.000,217.000,-275.000,,,consensus,9,9
401310740,2021,2,10,2021-11-07T02:00Z,0,1,2440,23,NEV,SJSU,27.000,24.000,0,-11.500,55.500,-467.000,349.000,,,consensus,17,17
401282253,2021,2,10,2021-11-07T02:15Z,0,1,2638,2636,UTEP,UTSA,23.000,44.000,0,11.500,53.000,366.000,-496.000,,,consensus,12,12
401309892,2021,2,10,2021-11-07T02:30Z,0,1,9,30,ASU,USC,31.000,16.000,0,-9.500,62.000,-355.000,273.000,,,consensus,9,9
401310739,2021,2,10,2021-11-07T03:00Z,0,1,62,21,HAW,SDSU,10.000,17.000,0,7.000,45.500,231.000,-293.000,,,consensus,17,17
401308840,2021,2,11,2021-11-10T00:00Z,0,1,193,2084,M-OH,BUFF,45.000,18.000,0,-7.000,58.000,-283.000,224.000,,,consensus,15,15
401309584,2021,2,11,2021-11-10T00:00Z,0,1,2711,2006,WMU,AKR,45.000,40.000,0,-24.500,62.000,-3585.000,1308.000,,,consensus,15,15
401309583,2021,2,11,2021-11-10T01:00Z,0,1,2199,195,EMU,OHIO,26.000,34.000,0,-6.000,62.000,-236.000,189.000,,,consensus,15,15
401309585,2021,2,11,2021-11-11T00:00Z,0,1,189,2649,BGSU,TOL,17.000,49.000,0,10.500,50.000,315.000,-415.000,,,consensus,15,15
401309587,2021,2,11,2021-11-11T00:00Z,0,1,2459,2050,NIU,BALL,30.000,29.000,0,2.500,60.000,117.000,-140.000,,,consensus,15,15
401309586,2021,2,11,2021-11-11T01:00Z,0,1,2117,2309,CMU,KENT,54.000,30.000,0,-2.500,76.500,-133.000,110.000,,,consensus,15,15
401282683,2021,2,11,2021-11-12T00:30Z,0,1,221,153,PITT,UNC,30.000,23.000,1,-6.500,72.000,-237.000,191.000,,,consensus,1,1
401301040,2021,2,11,2021-11-12T23:00Z,0,1,58,2132,USF,CIN,28.000,45.000,0,23.500,58.500,1089.000,-2324.000,,,consensus,151,151
401310742,2021,2,11,2021-11-13T02:00Z,0,1,68,2751,BSU,WYO,23.000,13.000,0,-13.500,48.500,-600.000,429.000,,,consensus,17,17
401282127,2021,2,11,2021-11-13T17:00Z,0,0,333,166,ALA,NMSU,59.000,3.000,0,-50.500,67.000,,,,,consensus,8,18
401282128,2021,2,11,2021-11-13T17:00Z,0,1,2,344,AUB,MSST,34.000,43.000,0,-5.500,51.000,-208.000,171.000,,,consensus,8,8
401282129,2021,2,11,2021-11-13T17:00Z,0,0,57,2535,FLA,SAM,70.000,52.000,0,-36.000,68.500,,,,,consensus,8,29
401282684,2021,2,11,2021-11-13T17:00Z,0,0,228,41,CLEM,CONN,44.000,7.000,0,-40.500,50.500,,,,,consensus,1,18
401282687,2021,2,11,2021-11-13T17:00Z,0,1,97,183,LOU,SYR,41.000,3.000,0,-3.000,55.500,-163.000,137.000,,,consensus,1,1
401282728,2021,2,11,2021-11-13T17:00Z,0,1,84,164,IU,RUTG,3.000,38.000,0,-6.500,42.500,-257.000,205.000,,,consensus,5,5
401282780,2021,2,11,2021-11-13T17:00Z,0,1,213,130,PSU,MICH,17.000,21.000,0,2.500,48.500,113.000,-135.000,,,consensus,5,5
401282806,2021,2,11,2021-11-13T17:00Z,0,1,275,77,WISC,NU,35.000,7.000,0,-25.500,41.500,-2515.000,1188.000,,,consensus,5,5
401286304,2021,2,11,2021-11-13T17:00Z,0,0,113,311,MASS,ME,10.000,35.000,0,5.000,58.500,171.000,-209.000,,,consensus,18,48
401287938,2021,2,11,2021-11-13T17:00Z,0,1,239,201,BAY,OU,27.000,14.000,0,4.000,62.500,153.000,-181.000,,,consensus,4,4
401287939,2021,2,11,2021-11-13T17:00Z,0,1,2306,277,KSU,WVU,34.000,17.000,0,-6.000,47.000,-225.000,184.000,,,consensus,4,4
401301041,2021,2,11,2021-11-13T17:00Z,0,1,2567,2116,SMU,UCF,55.000,28.000,0,-7.000,61.500,-289.000,231.000,,,consensus,151,151
401301042,2021,2,11,2021-11-13T17:00Z,0,1,235,151,MEM,ECU,29.000,30.000,1,-4.000,58.500,-178.000,149.000,,,consensus,151,151
401301043,2021,2,11,2021-11-13T17:00Z,0,1,218,248,TEM,HOU,8.000,37.000,0,24.500,52.500,1275.000,-3193.000,,,consensus,151,151
401310254,2021,2,11,2021-11-13T17:00Z,0,0,349,2083,ARMY,BUCK,63.000,10.000,0,-51.500,58.500,,,,,consensus,18,27
401282259,2021,2,11,2021-11-13T19:00Z,0,1,242,98,RICE,WKU,21.000,42.000,0,19.000,61.500,630.000,-984.000,,,consensus,12,12
401309639,2021,2,11,2021-11-13T19:00Z,0,1,324,2247,CCU,GAST,40.000,42.000,0,-12.500,53.500,-551.000,394.000,,,consensus,37,37
401309896,2021,2,11,2021-11-13T19:00Z,0,1,12,254,ARIZ,UTAH,29.000,38.000,0,24.000,54.500,1208.000,-2917.000,,,consensus,9,9
401309637,2021,2,11,2021-11-13T19:30Z,0,1,2026,6,APP,USA,31.000,7.000,0,-21.500,52.000,-1849.000,964.000,,,consensus,37,37
401309640,2021,2,11,2021-11-13T20:00Z,0,1,326,290,TXST,GASO,30.000,38.000,0,-2.000,52.000,-127.000,105.000,,,consensus,37,37
401282133,2021,2,11,2021-11-13T20:30Z,0,1,2633,61,TENN,UGA,17.000,41.000,0,19.500,55.500,746.000,-1245.000,,,consensus,8,8
401282254,2021,2,11,2021-11-13T20:30Z,0,1,2348,2429,LT,CLT,42.000,32.000,0,-7.000,57.500,-263.000,211.000,,,consensus,12,12
401282255,2021,2,11,2021-11-13T20:30Z,0,1,2393,2229,MTSU,FIU,50.000,10.000,0,-10.500,55.000,-419.000,315.000,,,consensus,12,12
401282256,2021,2,11,2021-11-13T20:30Z,0,1,295,2226,ODU,FAU,30.000,16.000,0,6.500,48.000,198.000,-252.000,,,consensus,12,12
401282257,2021,2,11,2021-11-13T20:30Z,0,1,276,5,MRSH,UAB,14.000,21.000,0,-4.500,55.500,-196.000,160.000,,,consensus,12,12
401282260,2021,2,11,2021-11-13T20:30Z,0,1,2636,2572,UTSA,USM,27.000,17.000,0,-32.500,54.500,-10000.000,3300.000,,,consensus,12,12
401282685,2021,2,11,2021-11-13T20:30Z,0,1,52,2390,FSU,MIA,31.000,28.000,0,2.500,61.500,112.000,-134.000,,,consensus,1,1
401282686,2021,2,11,2021-11-13T20:30Z,0,1,59,103,GT,BC,30.000,41.000,0,1.500,55.500,102.000,-123.000,,,consensus,1,1
401282689,2021,2,11,2021-11-13T20:30Z,0,1,259,150,VT,DUKE,48.000,17.000,0,-13.000,50.500,-520.000,378.000,,,consensus,1,1
401282762,2021,2,11,2021-11-13T20:30Z,0,1,2294,135,IOWA,MINN,27.000,22.000,0,-4.000,37.000,-188.000,157.000,,,consensus,5,5
401282812,2021,2,11,2021-11-13T20:30Z,0,1,194,2509,OSU,PUR,59.000,31.000,0,-19.000,65.000,-1204.000,713.000,,,consensus,5,5
401287942,2021,2,11,2021-11-13T20:30Z,0,1,2641,66,TTU,ISU,41.000,38.000,0,12.500,55.500,346.000,-463.000,,,consensus,4,4
401309641,2021,2,11,2021-11-13T20:30Z,0,1,2653,309,TROY,UL,21.000,35.000,0,6.500,48.000,199.000,-247.000,,,consensus,37,37
401282132,2021,2,11,2021-11-13T21:00Z,0,1,142,2579,MIZ,SC,31.000,28.000,0,1.500,55.000,-102.000,-118.000,,,consensus,8,8
401282258,2021,2,11,2021-11-13T21:00Z,0,1,249,2638,UNT,UTEP,20.000,17.000,0,-1.000,55.000,-115.000,-106.000,,,consensus,12,12
401282771,2021,2,11,2021-11-13T21:00Z,0,1,127,120,MSU,MD,40.000,21.000,0,-11.500,60.500,-502.000,371.000,,,consensus,5,5
401301044,2021,2,11,2021-11-13T21:00Z,0,1,2655,202,TULN,TLSA,13.000,20.000,1,3.000,55.500,125.000,-148.000,,,consensus,151,151
401310745,2021,2,11,2021-11-13T21:00Z,0,1,2439,62,UNLV,HAW,27.000,13.000,0,3.500,55.500,139.000,-165.000,,,consensus,17,17
401309638,2021,2,11,2021-11-13T22:00Z,0,1,2433,2032,ULM,ARST,24.000,27.000,0,-3.000,66.500,-148.000,126.000,,,consensus,37,37
401309894,2021,2,11,2021-11-13T22:30Z,0,1,204,24,ORST,STAN,35.000,14.000,0,-12.500,56.500,-502.000,362.000,,,consensus,9,9
401282131,2021,2,11,2021-11-14T00:00Z,0,1,145,245,MISS,TA&M,29.000,19.000,0,1.000,57.500,103.000,-124.000,,,consensus,8,8
401282134,2021,2,11,2021-11-14T00:00Z,0,1,238,96,VAN,UK,17.000,34.000,0,21.500,52.500,954.000,-1833.000,,,consensus,8,8
401309897,2021,2,11,2021-11-14T00:00Z,0,1,264,9,WASH,ASU,30.000,35.000,0,6.000,45.500,184.000,-227.000,,,consensus,9,9
401310741,2021,2,11,2021-11-14T00:00Z,0,1,36,2005,CSU,AFA,21.000,35.000,0,3.000,45.000,129.000,-152.000,,,consensus,17,17
401310743,2021,2,11,2021-11-14T00:00Z,0,1,278,167,FRES,UNM,34.000,7.000,0,-24.000,51.000,-3066.000,1158.000,,,consensus,17,17
401282130,2021,2,11,2021-11-14T00:30Z,0,1,99,8,LSU,ARK,13.000,16.000,1,3.000,59.500,124.000,-146.000,,,consensus,8,8
401282688,2021,2,11,2021-11-14T00:30Z,0,0,258,87,UVA,ND,3.000,28.000,0,8.500,62.000,256.000,-324.000,,,consensus,1,18
401282690,2021,2,11,2021-11-14T00:30Z,0,1,154,152,WAKE,NCST,45.000,42.000,0,-1.000,64.500,-122.000,101.000,,,consensus,1,1
401287941,2021,2,11,2021-11-14T00:30Z,0,1,251,2305,TEX,KU,56.000,57.000,1,-31.000,61.500,-8353.000,1975.000,,,consensus,4,4
401287940,2021,2,11,2021-11-14T01:00Z,0,1,197,2628,OKST,TCU,63.000,17.000,0,-11.000,54.000,-441.000,336.000,,,consensus,4,4
401309898,2021,2,11,2021-11-14T02:00Z,0,1,26,38,UCLA,COLO,44.000,20.000,0,-18.000,57.000,-931.000,602.000,,,consensus,9,9
401309895,2021,2,11,2021-11-14T03:30Z,0,1,2483,265,ORE,WSU,38.000,24.000,0,-13.500,57.500,-570.000,413.000,,,consensus,9,9
401310744,2021,2,11,2021-11-14T03:30Z,0,1,23,328,SJSU,USU,17.000,48.000,0,-4.500,58.000,-187.000,153.000,,,consensus,17,17
401310746,2021,2,11,2021-11-14T03:30Z,0,1,21,2440,SDSU,NEV,23.000,21.000,0,-2.500,45.000,-141.000,119.000,,,consensus,17,17
401309589,2021,2,12,2021-11-17T00:00Z,0,1,195,2649,OHIO,TOL,23.000,35.000,0,7.500,57.500,246.000,-316.000,,,consensus,15,15
401309588,2021,2,12,2021-11-17T00:30Z,0,1,2199,2711,EMU,WMU,22.000,21.000,0,6.000,66.000,179.000,-220.000,,,consensus,15,15
401308841,2021,2,12,2021-11-17T01:00Z,0,1,193,189,M-OH,BGSU,34.000,7.000,0,-17.000,52.000,-850.000,563.000,,,consensus,15,15
401309590,2021,2,12,2021-11-18T00:00Z,0,1,2084,2459,BUFF,NIU,27.000,33.000,1,1.500,59.000,102.000,-122.000,,,consensus,15,15
401309591,2021,2,12,2021-11-18T00:00Z,0,1,2050,2117,BALL,CMU,17.000,37.000,0,2.500,57.000,112.000,-134.000,,,consensus,15,15
401282691,2021,2,12,2021-11-19T00:30Z,0,1,150,97,DUKE,LOU,22.000,62.000,0,20.000,60.500,764.000,-1281.000,,,consensus,1,1
401282264,2021,2,12,2021-11-20T01:00Z,0,1,2348,2572,LT,USM,19.000,35.000,0,-15.500,47.500,-766.000,526.000,,,consensus,12,12
401301045,2021,2,12,2021-11-20T02:00Z,0,1,248,235,HOU,MEM,31.000,13.000,0,-9.500,59.000,-367.000,284.000,,,consensus,151,151
401309899,2021,2,12,2021-11-20T02:00Z,0,1,265,12,WSU,ARIZ,44.000,18.000,0,-14.500,52.500,-684.000,476.000,,,consensus,9,9
401310747,2021,2,12,2021-11-20T02:00Z,0,1,2440,2005,NEV,AFA,39.000,41.000,1,1.500,54.500,105.000,-127.000,,,consensus,17,17
401310751,2021,2,12,2021-11-20T04:30Z,0,1,2439,21,UNLV,SDSU,20.000,28.000,0,11.000,41.000,346.000,-470.000,,,consensus,17,17
401282136,2021,2,12,2021-11-20T17:00Z,0,0,61,2127,UGA,CHSO,56.000,7.000,0,-52.500,59.500,,,,,consensus,8,40
401282137,2021,2,12,2021-11-20T17:00Z,0,0,96,166,UK,NMSU,56.000,16.000,0,-35.500,61.000,-9000.000,3000.000,,,consensus,8,18
401282140,2021,2,12,2021-11-20T17:00Z,0,0,344,2634,MSST,TNST,55.000,10.000,0,-44.000,56.500,,,,,consensus,8,26
401282144,2021,2,12,2021-11-20T17:00Z,0,0,245,2504,TA&M,PV,52.000,3.000,0,-41.500,50.000,,,,,consensus,8,31
401282263,2021,2,12,2021-11-20T17:00Z,0,1,98,2226,WKU,FAU,52.000,17.000,0,-10.500,64.000,-411.000,313.000,,,consensus,12,12
401282692,2021,2,12,2021-11-20T17:00Z,0,1,103,52,BC,FSU,23.000,26.000,0,-3.000,55.500,-145.000,122.000,,,consensus,1,1
401282693,2021,2,12,2021-11-20T17:00Z,0,1,228,154,CLEM,WAKE,48.000,27.000,0,-3.500,57.000,-178.000,151.000,,,consensus,1,1
401282696,2021,2,12,2021-11-20T17:00Z,0,0,153,2747,UNC,WOF,34.000,14.000,0,-37.000,62.000,,,,,consensus,1,29
401282786,2021,2,12,2021-11-20T17:00Z,0,1,194,127,OSU,MSU,56.000,7.000,0,-19.500,70.500,-1076.000,661.000,,,consensus,5,5
401282808,2021,2,12,2021-11-20T17:00Z,1,1,77,2509,NU,PUR,14.000,32.000,0,11.000,47.500,341.000,-455.000,,,consensus,5,5
401282818,2021,2,12,2021-11-20T17:00Z,0,1,213,164,PSU,RUTG,28.000,0.000,0,-14.000,45.000,-681.000,478.000,,,consensus,5,5
401286305,2021,2,12,2021-11-20T17:00Z,0,0,349,113,ARMY,MASS,33.000,17.000,0,-37.000,56.000,-10000.000,3300.000,,,consensus,18,18
401287944,2021,2,12,2021-11-20T17:00Z,0,1,201,66,OU,ISU,28.000,21.000,0,-3.000,59.000,-161.000,136.000,,,consensus,4,4
401287947,2021,2,12,2021-11-20T17:00Z,0,1,277,251,WVU,TEX,31.000,23.000,0,-2.500,56.500,-133.000,112.000,,,consensus,4,4
401301048,2021,2,12,2021-11-20T17:00Z,0,1,2655,58,TULN,USF,45.000,14.000,0,-5.500,59.500,-212.000,172.000,,,consensus,151,151
401309592,2021,2,12,2021-11-20T17:00Z,0,1,2006,2309,AKR,KENT,0.000,38.000,0,13.500,72.500,406.000,-564.000,,,consensus,15,15
401309644,2021,2,12,2021-11-20T18:00Z,0,1,324,326,CCU,TXST,35.000,21.000,0,-24.500,60.000,-2382.000,1093.000,,,consensus,37,37
401282721,2021,2,12,2021-11-20T19:00Z,0,1,2294,356,IOWA,ILL,33.000,23.000,0,-12.000,38.500,-481.000,360.000,,,consensus,5,5
401309643,2021,2,12,2021-11-20T19:00Z,0,1,2247,2032,GAST,ARST,28.000,20.000,0,-15.500,65.500,-772.000,519.000,,,consensus,37,37
401282697,2021,2,12,2021-11-20T19:30Z,0,0,87,59,ND,GT,55.000,0.000,0,-17.500,58.000,-855.000,563.000,,,consensus,18,1
401309903,2021,2,12,2021-11-20T20:00Z,0,1,38,264,COLO,WASH,20.000,17.000,0,6.500,43.000,211.000,-270.000,,,consensus,9,9
401282135,2021,2,12,2021-11-20T20:30Z,0,1,333,8,ALA,ARK,42.000,35.000,0,-20.500,58.500,-1548.000,843.000,,,consensus,8,8
401282261,2021,2,12,2021-11-20T20:30Z,0,1,2429,276,CLT,MRSH,28.000,49.000,0,14.500,62.000,450.000,-640.000,,,consensus,12,12
401282265,2021,2,12,2021-11-20T20:30Z,0,1,2393,295,MTSU,ODU,17.000,24.000,0,-3.000,49.000,-155.000,131.000,,,consensus,12,12
401282267,2021,2,12,2021-11-20T20:30Z,0,1,2636,5,UTSA,UAB,34.000,31.000,0,-4.000,53.500,-180.000,150.000,,,consensus,12,12
401282698,2021,2,12,2021-11-20T20:30Z,0,1,221,258,PITT,UVA,48.000,38.000,0,-13.500,66.500,-546.000,397.000,,,consensus,1,1
401282732,2021,2,12,2021-11-20T20:30Z,0,1,84,135,IU,MINN,14.000,35.000,0,7.500,43.500,246.000,-312.000,,,consensus,5,5
401282770,2021,2,12,2021-11-20T20:30Z,0,1,120,130,MD,MICH,18.000,59.000,0,15.500,57.500,500.000,-744.000,,,consensus,5,5
401282803,2021,2,12,2021-11-20T20:30Z,0,1,275,158,WISC,NEB,35.000,28.000,0,-10.000,43.500,-420.000,319.000,,,consensus,5,5
401301047,2021,2,12,2021-11-20T20:30Z,0,1,2426,151,NAVY,ECU,35.000,38.000,0,3.500,46.500,150.000,-178.000,,,consensus,151,151
401309642,2021,2,12,2021-11-20T20:30Z,0,1,2653,2026,TROY,APP,7.000,45.000,0,9.500,51.500,292.000,-392.000,,,consensus,37,37
401301046,2021,2,12,2021-11-20T20:40Z,0,1,2132,2567,CIN,SMU,48.000,14.000,0,-10.000,65.500,-385.000,299.000,,,consensus,151,151
401282141,2021,2,12,2021-11-20T21:00Z,0,1,142,57,MIZ,FLA,24.000,23.000,1,9.000,69.000,264.000,-343.000,,,consensus,8,8
401282266,2021,2,12,2021-11-20T21:00Z,0,1,2638,242,UTEP,RICE,38.000,28.000,0,-9.000,47.000,-369.000,285.000,,,consensus,12,12
401282695,2021,2,12,2021-11-20T21:00Z,0,1,152,183,NCST,SYR,41.000,17.000,0,-11.500,49.500,-479.000,357.000,,,consensus,1,1
401286293,2021,2,12,2021-11-20T21:00Z,0,0,2116,41,UCF,CONN,49.000,17.000,0,-30.000,55.500,-8889.000,2150.000,,,consensus,151,18
401286298,2021,2,12,2021-11-20T21:00Z,0,0,2335,309,LIB,UL,14.000,42.000,0,-4.500,53.500,-197.000,164.000,,,consensus,18,37
401287945,2021,2,12,2021-11-20T21:00Z,0,1,2628,2305,TCU,KU,31.000,28.000,0,-21.000,64.500,-1456.000,839.000,,,consensus,4,4
401301049,2021,2,12,2021-11-20T21:00Z,0,1,202,218,TLSA,TEM,44.000,10.000,0,-21.500,50.500,-1801.000,957.000,,,consensus,151,151
401309645,2021,2,12,2021-11-20T21:00Z,0,0,290,252,GASO,BYU,17.000,34.000,0,20.000,57.500,758.000,-1292.000,,,consensus,37,18
401309904,2021,2,12,2021-11-20T21:00Z,0,1,30,26,USC,UCLA,33.000,62.000,0,3.500,65.500,150.000,-180.000,,,consensus,9,9
401287943,2021,2,12,2021-11-20T22:30Z,0,1,2306,239,KSU,BAY,10.000,20.000,0,-2.500,50.000,-128.000,107.000,,,consensus,4,4
401282142,2021,2,12,2021-11-21T00:00Z,0,1,2579,2,SC,AUB,21.000,17.000,0,7.000,45.000,231.000,-294.000,,,consensus,8,8
401282262,2021,2,12,2021-11-21T00:00Z,0,1,2229,249,FIU,UNT,7.000,49.000,0,10.000,57.500,296.000,-390.000,,,consensus,12,12
401309900,2021,2,12,2021-11-21T00:00Z,0,1,24,25,STAN,CAL,11.000,41.000,0,2.500,46.000,108.000,-130.000,,,consensus,9,9
401282139,2021,2,12,2021-11-21T00:30Z,0,1,145,238,MISS,VAN,31.000,17.000,0,-36.000,65.500,-8000.000,2500.000,,,consensus,8,8
401282143,2021,2,12,2021-11-21T00:30Z,0,0,2633,6,TENN,USA,60.000,14.000,0,-28.500,61.500,-5911.000,1558.000,,,consensus,8,37
401282694,2021,2,12,2021-11-21T00:30Z,0,1,2390,259,MIA,VT,38.000,26.000,0,-7.000,55.500,-280.000,220.000,,,consensus,1,1
401309901,2021,2,12,2021-11-21T00:30Z,0,1,254,2483,UTAH,ORE,38.000,7.000,0,-3.000,58.500,-157.000,133.000,,,consensus,9,9
401287946,2021,2,12,2021-11-21T01:00Z,0,1,2641,197,TTU,OKST,0.000,23.000,0,10.000,55.000,299.000,-399.000,,,consensus,4,4
401310750,2021,2,12,2021-11-21T01:00Z,0,1,328,2751,USU,WYO,17.000,44.000,0,-5.500,52.000,-219.000,175.000,,,consensus,17,17
401282138,2021,2,12,2021-11-21T02:00Z,0,0,99,2433,LSU,ULM,27.000,14.000,0,-29.000,57.500,-7222.000,1900.000,,,consensus,8,37
401310748,2021,2,12,2021-11-21T02:00Z,0,1,68,167,BSU,UNM,37.000,0.000,0,-27.500,48.000,-5180.000,1738.000,,,consensus,17,17
401309902,2021,2,12,2021-11-21T03:30Z,0,1,204,9,ORST,ASU,24.000,10.000,0,3.000,59.000,126.000,-149.000,,,consensus,9,9
401310749,2021,2,12,2021-11-21T04:00Z,0,1,62,36,HAW,CSU,50.000,45.000,0,3.000,53.500,122.000,-144.000,,,consensus,17,17
401309593,2021,2,13,2021-11-24T00:00Z,0,1,2050,2084,BALL,BUFF,20.000,3.000,0,-6.000,59.500,-226.000,180.000,,,consensus,15,15
401309594,2021,2,13,2021-11-24T00:00Z,0,1,2459,2711,NIU,WMU,21.000,42.000,0,7.000,58.500,201.000,-248.000,,,consensus,15,15
401310757,2021,2,13,2021-11-25T20:30Z,0,1,23,278,SJSU,FRES,9.000,40.000,0,7.000,52.500,221.000,-273.000,,,consensus,17,17
401282151,2021,2,13,2021-11-26T00:30Z,0,1,344,145,MSST,MISS,21.000,31.000,0,-2.000,65.000,-131.000,109.000,,,consensus,8,8
401287952,2021,2,13,2021-11-26T17:00Z,0,1,251,2306,TEX,KSU,22.000,17.000,0,-2.500,54.500,-146.000,122.000,,,consensus,4,4
401309595,2021,2,13,2021-11-26T17:00Z,0,1,2117,2199,CMU,EMU,31.000,10.000,0,-8.500,63.500,-330.000,257.000,,,consensus,15,15
401309596,2021,2,13,2021-11-26T17:00Z,0,1,189,195,BGSU,OHIO,21.000,10.000,0,6.500,48.500,195.000,-242.000,,,consensus,15,15
401310753,2021,2,13,2021-11-26T17:00Z,0,1,21,68,SDSU,BSU,27.000,16.000,0,3.000,44.500,129.000,-153.000,,,consensus,17,17
401310755,2021,2,13,2021-11-26T18:00Z,0,1,167,328,UNM,USU,10.000,35.000,0,17.000,48.000,564.000,-879.000,,,consensus,17,17
401282761,2021,2,13,2021-11-26T18:30Z,0,1,158,2294,NEB,IOWA,21.000,28.000,0,-1.000,41.000,-122.000,102.000,,,consensus,5,5
401282274,2021,2,13,2021-11-26T19:00Z,0,1,5,2638,UAB,UTEP,42.000,25.000,0,-13.500,50.500,-622.000,421.000,,,consensus,12,12
401282145,2021,2,13,2021-11-26T20:30Z,0,1,8,142,ARK,MIZ,34.000,17.000,0,-14.500,63.500,-644.000,455.000,,,consensus,8,8
401301050,2021,2,13,2021-11-26T20:30Z,0,1,2116,58,UCF,USF,17.000,13.000,0,-17.000,62.000,-887.000,581.000,,,consensus,151,151
401309648,2021,2,13,2021-11-26T20:30Z,0,1,6,324,USA,CCU,21.000,27.000,1,15.000,55.000,465.000,-668.000,,,consensus,37,37
401310752,2021,2,13,2021-11-26T20:30Z,0,1,2005,2439,AFA,UNLV,48.000,14.000,0,-18.500,49.500,-1075.000,666.000,,,consensus,17,17
401301051,2021,2,13,2021-11-26T20:50Z,0,1,151,2132,ECU,CIN,13.000,35.000,0,14.500,56.500,464.000,-667.000,,,consensus,151,151
401309906,2021,2,13,2021-11-26T21:00Z,0,1,254,38,UTAH,COLO,28.000,13.000,0,-24.000,52.500,-2639.000,1150.000,,,consensus,9,9
401287949,2021,2,13,2021-11-26T21:30Z,0,1,66,2628,ISU,TCU,48.000,14.000,0,-15.500,61.500,-716.000,482.000,,,consensus,4,4
401282699,2021,2,13,2021-11-27T00:00Z,0,1,152,153,NCST,UNC,34.000,30.000,0,-6.500,61.000,-225.000,182.000,,,consensus,1,1
401309905,2021,2,13,2021-11-27T01:00Z,0,1,264,265,WASH,WSU,13.000,40.000,0,1.000,45.000,-101.000,-120.000,,,consensus,9,9
401282147,2021,2,13,2021-11-27T17:00Z,0,0,57,52,FLA,FSU,24.000,21.000,0,-4.000,58.500,-170.000,143.000,,,consensus,8,1
401282148,2021,2,13,2021-11-27T17:00Z,0,0,59,61,GT,UGA,0.000,45.000,0,35.500,54.500,,,,,consensus,1,8
401282700,2021,2,13,2021-11-27T17:00Z,0,1,103,154,BC,WAKE,10.000,41.000,0,6.500,64.500,182.000,-228.000,,,consensus,1,1
401282766,2021,2,13,2021-11-27T17:00Z,0,1,164,120,RUTG,MD,16.000,40.000,0,-1.500,53.000,-123.000,101.000,,,consensus,5,5
401282781,2021,2,13,2021-11-27T17:00Z,0,1,130,194,MICH,OSU,42.000,27.000,0,6.500,64.500,214.000,-268.000,,,consensus,5,5
401286299,2021,2,13,2021-11-27T17:00Z,0,0,2335,349,LIB,ARMY,16.000,31.000,0,-3.500,52.500,-164.000,138.000,,,consensus,18,18
401287948,2021,2,13,2021-11-27T17:00Z,0,1,239,2641,BAY,TTU,27.000,24.000,0,-14.000,51.500,-622.000,441.000,,,consensus,4,4
401301052,2021,2,13,2021-11-27T17:00Z,0,0,41,248,CONN,HOU,17.000,45.000,0,32.000,54.500,3300.000,-10000.000,,,consensus,18,151
401301054,2021,2,13,2021-11-27T17:00Z,0,1,218,2426,TEM,NAVY,14.000,38.000,0,13.500,42.500,398.000,-548.000,,,consensus,151,151
401308842,2021,2,13,2021-11-27T17:00Z,0,1,2309,193,KENT,M-OH,48.000,47.000,1,1.500,67.000,-106.000,-114.000,,,consensus,15,15
401309597,2021,2,13,2021-11-27T17:00Z,0,1,2649,2006,TOL,AKR,49.000,14.000,0,-28.500,57.500,-6667.000,1800.000,,,consensus,15,15
401282701,2021,2,13,2021-11-27T17:30Z,0,1,150,2390,DUKE,MIA,10.000,47.000,0,20.500,67.000,825.000,-1523.000,,,consensus,1,1
401282271,2021,2,13,2021-11-27T18:00Z,0,1,242,2348,RICE,LT,35.000,31.000,0,4.000,52.500,154.000,-183.000,,,consensus,12,12
401282268,2021,2,13,2021-11-27T19:00Z,0,1,295,2429,ODU,CLT,56.000,34.000,0,-8.500,55.500,-346.000,266.000,,,consensus,12,12
401282273,2021,2,13,2021-11-27T19:00Z,0,1,249,2636,UNT,UTSA,45.000,23.000,0,8.500,59.500,298.000,-386.000,,,consensus,12,12
401309647,2021,2,13,2021-11-27T19:00Z,0,1,2032,326,ARST,TXST,22.000,24.000,0,-2.000,62.500,-125.000,104.000,,,consensus,37,37
401309649,2021,2,13,2021-11-27T19:00Z,0,1,2247,2653,GAST,TROY,37.000,10.000,0,-6.500,49.500,-248.000,199.000,,,consensus,37,37
401309646,2021,2,13,2021-11-27T19:30Z,0,1,2026,290,APP,GASO,27.000,3.000,0,-24.500,55.000,-3000.000,1232.000,,,consensus,37,37
401282269,2021,2,13,2021-11-27T20:00Z,0,1,2572,2229,USM,FIU,37.000,17.000,0,-14.500,46.000,-622.000,447.000,,,consensus,12,12
401286306,2021,2,13,2021-11-27T20:00Z,0,0,166,113,NMSU,MASS,44.000,27.000,0,-7.000,59.000,-252.000,204.000,,,consensus,18,18
401310756,2021,2,13,2021-11-27T20:00Z,0,1,2751,62,WYO,HAW,14.000,38.000,0,-13.000,48.500,-529.000,386.000,,,consensus,17,17
401282146,2021,2,13,2021-11-27T20:30Z,0,1,2,333,AUB,ALA,22.000,24.000,1,20.500,57.000,818.000,-1478.000,,,consensus,8,8
401282272,2021,2,13,2021-11-27T20:30Z,0,1,276,98,MRSH,WKU,21.000,53.000,0,-1.500,75.000,-109.000,-111.000,,,consensus,12,12
401282722,2021,2,13,2021-11-27T20:30Z,0,1,356,77,ILL,NU,47.000,14.000,0,-7.000,44.500,-279.000,224.000,,,consensus,5,5
401282753,2021,2,13,2021-11-27T20:30Z,0,1,2509,84,PUR,IU,44.000,7.000,0,-17.500,50.500,-951.000,608.000,,,consensus,5,5
401282785,2021,2,13,2021-11-27T20:30Z,0,1,127,213,MSU,PSU,30.000,27.000,0,4.500,51.500,158.000,-190.000,,,consensus,5,5
401309908,2021,2,13,2021-11-27T20:30Z,0,1,2483,204,ORE,ORST,38.000,29.000,0,-7.500,61.500,-298.000,235.000,,,consensus,9,9
401282153,2021,2,13,2021-11-27T20:45Z,0,1,2633,238,TENN,VAN,45.000,21.000,0,-32.000,64.500,-8889.000,2150.000,,,consensus,8,8
401282703,2021,2,13,2021-11-27T20:45Z,0,1,258,259,UVA,VT,24.000,29.000,0,-7.000,63.500,-274.000,218.000,,,consensus,1,1
401282794,2021,2,13,2021-11-27T21:00Z,0,1,135,275,MINN,WISC,23.000,13.000,0,7.000,39.000,233.000,-291.000,,,consensus,5,5
401301055,2021,2,13,2021-11-27T21:00Z,0,1,2567,202,SMU,TLSA,31.000,34.000,0,-6.500,62.500,-234.000,188.000,,,consensus,151,151
401309650,2021,2,13,2021-11-27T21:00Z,0,1,309,2433,UL,ULM,21.000,16.000,0,-21.500,55.000,-1735.000,929.000,,,consensus,37,37
401309909,2021,2,13,2021-11-27T21:00Z,0,1,9,12,ASU,ARIZ,38.000,15.000,0,-20.000,53.000,-1312.000,775.000,,,consensus,9,9
401282150,2021,2,13,2021-11-28T00:00Z,0,1,99,245,LSU,TA&M,27.000,24.000,0,6.500,46.500,190.000,-237.000,,,consensus,8,8
401282270,2021,2,13,2021-11-28T00:00Z,0,1,2226,2393,FAU,MTSU,17.000,27.000,0,-3.500,49.500,-179.000,150.000,,,consensus,12,12
401287950,2021,2,13,2021-11-28T00:00Z,0,1,2305,277,KU,WVU,28.000,34.000,0,15.500,55.500,506.000,-731.000,,,consensus,4,4
401282149,2021,2,13,2021-11-28T00:30Z,0,0,97,96,LOU,UK,21.000,52.000,0,-3.000,57.500,-143.000,119.000,,,consensus,1,8
401282152,2021,2,13,2021-11-28T00:30Z,0,0,2579,228,SC,CLEM,0.000,30.000,0,11.500,42.500,353.000,-488.000,,,consensus,8,1
401282702,2021,2,13,2021-11-28T00:30Z,0,1,183,221,SYR,PITT,14.000,31.000,0,12.500,58.500,346.000,-466.000,,,consensus,1,1
401287951,2021,2,13,2021-11-28T00:30Z,0,1,197,201,OKST,OU,37.000,33.000,0,-4.000,49.500,-190.000,159.000,,,consensus,4,4
401301053,2021,2,13,2021-11-28T00:30Z,0,1,235,2655,MEM,TULN,33.000,28.000,0,-5.500,58.000,-209.000,170.000,,,consensus,151,151
401282711,2021,2,13,2021-11-28T01:00Z,0,0,24,87,STAN,ND,14.000,45.000,0,21.000,53.000,829.000,-1471.000,,,consensus,9,18
401310754,2021,2,13,2021-11-28T02:00Z,0,1,36,2440,CSU,NEV,10.000,52.000,0,3.000,58.000,133.000,-159.000,,,consensus,17,17
401309907,2021,2,13,2021-11-28T03:30Z,0,1,26,25,UCLA,CAL,42.000,14.000,0,-6.500,58.500,-254.000,203.000,,,consensus,9,9
401309910,2021,2,13,2021-11-28T03:30Z,0,0,30,252,USC,BYU,31.000,35.000,0,8.500,65.500,253.000,-326.000,,,consensus,9,18
401282156,2021,2,14,2021-12-04T00:00Z,0,0,2636,98,UTSA,WKU,49.000,41.000,0,3.500,74.500,136.000,-163.000,,,consensus,12,12
401331159,2021,2,14,2021-12-04T01:00Z,1,0,254,2483,UTAH,ORE,38.000,10.000,0,-3.000,57.500,-146.000,124.000,,,consensus,9,9
401287953,2021,2,14,2021-12-04T17:00Z,1,0,197,239,OKST,BAY,16.000,21.000,0,-7.000,45.000,-262.000,209.000,,,consensus,4,4
401331160,2021,2,14,2021-12-04T17:00Z,1,0,2459,2309,NIU,KENT,41.000,23.000,0,4.000,75.500,148.000,-177.000,,,consensus,15,15
401310676,2021,2,14,2021-12-04T20:00Z,0,0,21,328,SDSU,USU,13.000,46.000,0,-6.500,49.500,-226.000,181.000,,,consensus,17,17
401331161,2021,2,14,2021-12-04T20:30Z,0,0,309,2026,UL,APP,24.000,16.000,0,2.500,52.000,111.000,-133.000,,,consensus,37,37
401282154,2021,2,14,2021-12-04T21:00Z,1,0,333,61,ALA,UGA,41.000,24.000,0,6.500,49.000,197.000,-249.000,,,consensus,8,8
401331162,2021,2,14,2021-12-04T21:00Z,0,0,2132,248,CIN,HOU,35.000,20.000,0,-10.500,52.500,-453.000,339.000,,,consensus,151,151
401331163,2021,2,14,2021-12-05T01:00Z,1,0,154,221,WAKE,PITT,21.000,45.000,0,3.500,72.500,137.000,-161.000,,,consensus,1,1
401331447,2021,2,14,2021-12-05T01:00Z,1,0,2294,130,IOWA,MICH,3.000,42.000,0,12.000,44.000,374.000,-515.000,,,consensus,5,5
401387250,2021,2,14,2021-12-05T04:00Z,0,1,25,30,CAL,USC,24.000,14.000,0,-4.500,57.500,-197.000,165.000,,,consensus,9,9
401301056,2021,2,15,2021-12-11T20:00Z,1,0,2426,349,NAVY,ARMY,17.000,13.000,0,7.000,35.500,233.000,-292.000,,,consensus,151,18
401331164,2021,3,1,2021-12-17T17:00Z,1,0,2649,2393,TOL,MTSU,24.000,31.000,0,-10.500,50.000,-413.000,314.000,,,consensus,15,12
401331165,2021,3,1,2021-12-17T23:00Z,1,0,324,2459,CCU,NIU,47.000,41.000,0,-12.000,63.500,-493.000,364.000,,,consensus,37,15
401331166,2021,3,1,2021-12-18T16:00Z,1,0,2026,98,APP,WKU,38.000,59.000,0,1.000,67.500,-106.000,-113.000,,,consensus,37,12
401331167,2021,3,1,2021-12-18T19:15Z,1,0,278,2638,FRES,UTEP,31.000,24.000,0,-13.000,54.500,-566.000,405.000,,,consensus,17,12
401331168,2021,3,1,2021-12-18T20:30Z,1,0,252,5,BYU,UAB,28.000,31.000,0,-6.000,54.000,-234.000,191.000,,,consensus,18,12
401331169,2021,3,1,2021-12-18T23:00Z,1,0,2335,2199,LIB,EMU,56.000,20.000,0,-9.500,58.500,-365.000,281.000,,,consensus,18,15
401331170,2021,3,1,2021-12-19T00:30Z,1,0,204,328,ORST,USU,13.000,24.000,0,-6.500,68.500,-262.000,208.000,,,consensus,9,17
401331171,2021,3,1,2021-12-19T02:15Z,1,0,276,309,MRSH,UL,21.000,36.000,0,4.000,55.500,152.000,-183.000,,,consensus,12,37
401331172,2021,3,1,2021-12-20T19:30Z,1,0,202,295,TLSA,ODU,30.000,17.000,0,-7.500,55.000,-309.000,247.000,,,consensus,151,12
401331213,2021,3,1,2021-12-21T20:30Z,1,0,2751,2309,WYO,KENT,52.000,38.000,0,-3.000,60.500,-157.000,132.000,,,consensus,17,15
401331214,2021,3,1,2021-12-22T00:30Z,1,0,21,2636,SDSU,UTSA,38.000,24.000,0,-3.000,48.000,-151.000,128.000,,,consensus,17,12
401331215,2021,3,1,2021-12-23T01:00Z,1,0,349,142,ARMY,MIZ,24.000,22.000,0,-7.000,54.000,-257.000,204.000,,,consensus,18,8
401391158,2021,3,1,2021-12-23T20:30Z,1,0,193,249,M-OH,UNT,27.000,14.000,0,-2.000,56.500,-127.000,105.000,,,consensus,15,12
401331216,2021,3,1,2021-12-24T00:00Z,1,0,57,2116,FLA,UCF,17.000,29.000,0,-7.000,56.000,-253.000,201.000,,,consensus,8,151
401331218,2021,3,1,2021-12-25T19:30Z,1,0,2050,2247,BALL,GAST,20.000,51.000,0,6.000,53.000,193.000,-236.000,,,consensus,15,37
401331219,2021,3,1,2021-12-27T16:00Z,1,0,2440,2711,NEV,WMU,24.000,52.000,0,-6.500,57.000,209.000,-259.000,,,consensus,17,15
401331221,2021,3,1,2021-12-28T17:00Z,1,0,2,248,AUB,HOU,13.000,17.000,0,1.500,49.500,101.000,-122.000,,,consensus,8,151
401331222,2021,3,1,2021-12-28T20:15Z,1,0,97,2005,LOU,AFA,28.000,31.000,0,1.000,55.000,-103.000,-117.000,,,consensus,1,17
401331223,2021,3,1,2021-12-28T23:45Z,1,0,2641,344,TTU,MSST,34.000,7.000,0,10.000,58.000,303.000,-403.000,,,consensus,4,8
401331224,2021,3,1,2021-12-29T03:20Z,1,0,135,277,MINN,WVU,18.000,6.000,0,-6.000,45.000,-242.000,195.000,,,consensus,5,4
401331226,2021,3,1,2021-12-29T19:15Z,1,0,259,120,VT,MD,10.000,54.000,0,4.500,55.500,164.000,-197.000,,,consensus,1,5
401331227,2021,3,1,2021-12-29T22:45Z,1,0,66,228,ISU,CLEM,13.000,20.000,0,2.000,45.000,105.000,-126.000,,,consensus,4,1
401331228,2021,3,1,2021-12-30T02:15Z,1,0,201,2483,OU,ORE,47.000,32.000,0,-7.000,64.000,-279.000,224.000,,,consensus,4,9
401331229,2021,3,1,2021-12-30T16:30Z,1,0,2579,153,SC,UNC,38.000,21.000,0,12.500,57.500,352.000,-475.000,,,consensus,8,1
401331230,2021,3,1,2021-12-30T20:00Z,1,0,2509,2633,PUR,TENN,48.000,45.000,1,7.500,66.500,220.000,-275.000,,,consensus,5,8
401331231,2021,3,1,2021-12-31T00:00Z,1,0,127,221,MSU,PITT,31.000,21.000,0,-3.500,55.000,-167.000,141.000,,,consensus,5,1
401331232,2021,3,1,2021-12-31T03:30Z,1,0,9,275,ASU,WISC,13.000,20.000,0,7.500,42.500,247.000,-320.000,,,consensus,9,5
401331233,2021,3,1,2021-12-31T16:00Z,1,0,164,154,RUTG,WAKE,10.000,38.000,0,16.500,62.500,538.000,-822.000,,,consensus,5,1
401331654,2021,3,1,2021-12-31T17:00Z,1,0,2117,265,CMU,WSU,24.000,21.000,0,5.500,56.000,180.000,-223.000,,,consensus,15,9
401331235,2021,3,1,2021-12-31T20:30Z,1,0,333,2132,ALA,CIN,27.000,6.000,0,-13.000,57.500,-509.000,374.000,,,consensus,8,151
401331234,2021,3,1,2022-01-01T00:30Z,1,0,130,61,MICH,UGA,11.000,34.000,0,7.500,46.000,232.000,-293.000,,,consensus,5,8
401331236,2021,3,1,2022-01-01T17:00Z,1,0,8,213,ARK,PSU,24.000,10.000,0,-3.500,51.000,-162.000,137.000,,,consensus,8,5
401331237,2021,3,1,2022-01-01T18:00Z,1,0,96,2294,UK,IOWA,20.000,17.000,0,-3.000,43.500,-152.000,128.000,,,consensus,8,5
401331238,2021,3,1,2022-01-01T18:00Z,1,0,87,197,ND,OKST,35.000,37.000,0,1.000,45.000,-103.000,-117.000,,,consensus,18,4
401331239,2021,3,1,2022-01-01T22:00Z,1,0,194,254,OSU,UTAH,48.000,45.000,0,4.000,64.500,-186.000,153.000,,,consensus,5,9
401331240,2021,3,1,2022-01-02T01:45Z,1,0,145,239,MISS,BAY,7.000,21.000,0,-1.000,60.000,-120.000,-101.000,,,consensus,8,4
401331241,2021,3,1,2022-01-05T02:00Z,1,0,2306,99,KSU,LSU,42.000,20.000,0,-9.500,47.000,-369.000,286.000,,,consensus,4,8
401331242,2021,3,1,2022-01-11T01:00Z,1,0,333,61,ALA,UGA,18.000,33.000,0,3.000,53.000,127.000,-151.000,,,consensus,8,8
401426532,2022,2,1,2022-08-27T16:00Z,0,0,98,2046,WKU,APSU,38.000,27.000,0,-32.500,72.000,-10000.000,3000.000,,,consensus,12,176
401405059,2022,2,1,2022-08-27T16:30Z,1,1,77,158,NU,NEB,31.000,28.000,0,12.500,52.000,365.000,-499.000,,,consensus,5,5
401413256,2022,2,1,2022-08-27T19:30Z,0,0,2439,304,UNLV,IDST,52.000,21.000,0,-22.500,51.000,-2818.000,1190.000,,,consensus,17,20
401404146,2022,2,1,2022-08-27T20:00Z,0,0,328,41,USU,CONN,31.000,20.000,0,-24.000,59.500,-3115.000,1217.000,,,consensus,17,18
401405058,2022,2,1,2022-08-27T20:00Z,0,0,356,2751,ILL,WYO,38.000,6.000,0,-14.000,42.500,-579.000,423.000,,,consensus,5,17
401411090,2022,2,1,2022-08-27T21:00Z,0,0,52,2184,FSU,DUQ,47.000,7.000,0,-42.000,57.000,-10000.000,2167.000,,,consensus,1,25
401426530,2022,2,1,2022-08-27T23:00Z,0,1,2226,2429,FAU,CLT,43.000,13.000,0,-7.000,60.000,-263.000,212.000,,,consensus,12,12
401411091,2022,2,1,2022-08-28T00:15Z,0,0,153,50,UNC,FAMU,56.000,24.000,0,-45.500,56.500,-10000.000,2167.000,,,consensus,1,31
401409235,2022,2,1,2022-08-28T02:00Z,0,0,166,2440,NMSU,NEV,12.000,23.000,0,7.000,48.000,227.000,-290.000,,,consensus,18,17
401426531,2022,2,1,2022-08-28T02:00Z,0,1,2638,249,UTEP,UNT,13.000,31.000,0,1.500,52.500,104.000,-125.000,,,consensus,12,12
401403853,2022,2,1,2022-08-28T02:30Z,0,0,62,238,HAW,VAN,10.000,63.000,0,9.000,54.500,272.000,-352.000,,,consensus,17,8
401416568,2022,2,1,2022-09-01T22:00Z,0,0,2006,2598,AKR,SFPA,30.000,23.000,1,-18.000,53.000,-955.000,614.000,,,consensus,15,25
401403864,2022,2,1,2022-09-01T23:00Z,0,0,2633,2050,TENN,BALL,59.000,10.000,0,-35.500,66.500,-10000.000,2167.000,,,consensus,8,15
401411092,2022,2,1,2022-09-01T23:00Z,0,0,221,277,PITT,WVU,38.000,31.000,0,-7.500,51.000,-317.000,248.000,,,consensus,1,4
401415610,2022,2,1,2022-09-01T23:00Z,0,0,2116,2569,UCF,SCST,56.000,10.000,0,-43.500,58.000,-10000.000,3300.000,,,consensus,151,24
401416569,2022,2,1,2022-09-01T23:00Z,0,0,197,2117,OKST,CMU,58.000,44.000,0,-20.500,58.000,-1665.000,888.000,,,consensus,4,15
401426533,2022,2,1,2022-09-01T23:00Z,0,0,2229,2803,FIU,BRY,38.000,37.000,1,-10.500,58.500,-447.000,333.000,,,consensus,12,40
401441990,2022,2,1,2022-09-01T23:00Z,0,0,2649,2341,TOL,LIU,37.000,0.000,0,-47.500,57.000,-10000.000,3300.000,,,consensus,15,25
401411093,2022,2,1,2022-09-01T23:30Z,0,0,154,2678,WAKE,VMI,44.000,10.000,0,-33.500,66.500,-10000.000,3300.000,,,consensus,1,29
401405064,2022,2,1,2022-09-02T00:00Z,0,1,2509,213,PUR,PSU,31.000,35.000,0,3.500,53.500,144.000,-173.000,,,consensus,5,5
401416592,2022,2,1,2022-09-02T00:00Z,0,0,2459,2197,NIU,EIU,34.000,27.000,0,-35.000,55.500,-10000.000,3300.000,,,consensus,15,26
401426534,2022,2,1,2022-09-02T00:00Z,0,0,5,2010,UAB,AAMU,59.000,0.000,0,-40.500,60.500,-10000.000,3300.000,,,consensus,12,31
401426537,2022,2,1,2022-09-02T00:00Z,0,0,142,2348,MIZ,LT,52.000,24.000,0,-20.500,62.500,-1306.000,756.000,,,consensus,8,12
401405060,2022,2,1,2022-09-02T01:00Z,0,0,135,166,MINN,NMSU,38.000,0.000,0,-36.000,52.500,-10000.000,1900.000,,,consensus,5,18
401403965,2022,2,1,2022-09-02T02:00Z,0,0,9,2464,ASU,NAU,40.000,3.000,0,-25.500,52.500,-7660.000,1638.000,,,consensus,9,20
401413224,2022,2,1,2022-09-02T02:30Z,0,0,278,13,FRES,CP,35.000,7.000,0,-42.500,63.000,-10000.000,3300.000,,,consensus,17,20
401415213,2022,2,1,2022-09-02T02:30Z,0,0,23,2502,SJSU,PRST,21.000,17.000,0,-22.000,51.000,-2389.000,1070.000,,,consensus,17,20
401416590,2022,2,1,2022-09-02T23:00Z,0,0,2199,2198,EMU,EKU,42.000,34.000,0,-10.500,57.500,-421.000,311.000,,,consensus,15,176
401416591,2022,2,1,2022-09-02T23:00Z,0,0,127,2711,MSU,WMU,35.000,13.000,0,-21.500,54.500,-2257.000,1059.000,,,consensus,5,15
401426330,2022,2,1,2022-09-02T23:00Z,0,0,295,259,ODU,VT,20.000,17.000,0,6.000,48.500,199.000,-245.000,,,consensus,37,1
401426535,2022,2,1,2022-09-02T23:00Z,0,0,2429,2729,CLT,W&M,24.000,41.000,0,-4.500,52.000,-203.000,167.000,,,consensus,12,48
401411094,2022,2,1,2022-09-02T23:30Z,0,0,150,218,DUKE,TEM,30.000,0.000,0,-9.500,51.500,-363.000,280.000,,,consensus,1,151
401404052,2022,2,1,2022-09-03T00:00Z,0,0,2305,2635,KU,TNTC,56.000,10.000,0,-30.500,62.000,-5000.000,1400.000,,,consensus,4,26
401405061,2022,2,1,2022-09-03T00:00Z,0,1,84,356,IU,ILL,23.000,20.000,0,-1.000,47.500,-113.000,-108.000,,,consensus,5,5
401403966,2022,2,1,2022-09-03T02:00Z,0,0,38,2628,COLO,TCU,13.000,38.000,0,13.500,59.500,407.000,-555.000,,,consensus,9,4
401403865,2022,2,1,2022-09-03T16:00Z,0,0,245,2534,TA&M,SHSU,31.000,0.000,0,-36.500,54.000,-10000.000,3000.000,,,consensus,8,16
401404147,2022,2,1,2022-09-03T16:00Z,0,0,41,2115,CONN,CCSU,28.000,3.000,0,-20.500,51.500,-1704.000,883.000,,,consensus,18,25
401405062,2022,2,1,2022-09-03T16:00Z,0,0,2294,2571,IOWA,SDST,7.000,3.000,0,-10.500,42.000,-416.000,319.000,,,consensus,5,21
401405066,2022,2,1,2022-09-03T16:00Z,0,0,120,2084,MD,BUFF,31.000,10.000,0,-24.000,65.500,-2700.000,1176.000,,,consensus,5,15
401405067,2022,2,1,2022-09-03T16:00Z,0,0,130,36,MICH,CSU,51.000,7.000,0,-31.000,60.500,-8805.000,1700.000,,,consensus,5,17
401405069,2022,2,1,2022-09-03T16:00Z,0,0,103,164,BC,RUTG,21.000,22.000,0,-9.000,47.500,-356.000,270.000,,,consensus,1,5
401411095,2022,2,1,2022-09-03T16:00Z,0,0,2026,153,APP,UNC,61.000,63.000,0,-3.000,56.500,-152.000,128.000,,,consensus,37,1
401411096,2022,2,1,2022-09-03T16:00Z,0,0,151,152,ECU,NCST,20.000,21.000,0,12.500,51.500,353.000,-468.000,,,consensus,151,1
401415611,2022,2,1,2022-09-03T16:00Z,0,0,2426,48,NAVY,DEL,7.000,14.000,0,-13.000,48.500,-498.000,378.000,,,consensus,151,48
401411100,2022,2,1,2022-09-03T16:30Z,0,0,258,257,UVA,RICH,34.000,17.000,0,-21.500,60.500,-1909.000,975.000,,,consensus,1,48
401415209,2022,2,1,2022-09-03T17:00Z,0,0,2005,2460,AFA,UNI,48.000,17.000,0,-14.500,46.500,-770.000,512.000,,,consensus,17,21
401404057,2022,2,1,2022-09-03T18:00Z,0,0,66,2546,ISU,SEMO,42.000,10.000,0,-33.500,54.500,-10000.000,2500.000,,,consensus,4,26
401403971,2022,2,1,2022-09-03T18:30Z,0,0,26,189,UCLA,BGSU,45.000,17.000,0,-24.000,56.500,-3037.000,1243.000,,,consensus,9,15
401403855,2022,2,1,2022-09-03T19:30Z,0,0,8,2132,ARK,CIN,31.000,24.000,0,-6.500,54.500,-257.000,207.000,,,consensus,8,151
401403858,2022,2,1,2022-09-03T19:30Z,1,0,61,2483,UGA,ORE,49.000,3.000,0,-16.000,54.500,-853.000,565.000,,,consensus,8,9
401403967,2022,2,1,2022-09-03T19:30Z,0,0,21,12,SDSU,ARIZ,20.000,38.000,0,-6.500,46.500,-232.000,190.000,,,consensus,17,9
401405063,2022,2,1,2022-09-03T19:30Z,0,0,158,155,NEB,UND,38.000,17.000,0,-28.500,62.500,-10000.000,2500.000,,,consensus,5,21
401411097,2022,2,1,2022-09-03T19:30Z,0,0,2390,2065,MIA,BCU,70.000,13.000,0,-49.500,60.500,,,,,consensus,1,31
401415015,2022,2,1,2022-09-03T19:30Z,0,0,276,2450,MRSH,NORF,55.000,3.000,0,-40.500,59.000,,,,,consensus,37,24
401415211,2022,2,1,2022-09-03T19:30Z,0,0,2751,202,WYO,TLSA,40.000,37.000,1,6.500,46.000,198.000,-245.000,,,consensus,17,151
401426541,2022,2,1,2022-09-03T19:30Z,0,0,201,2638,OU,UTEP,45.000,13.000,0,-31.000,58.000,-10000.000,2167.000,,,consensus,4,12
401426542,2022,2,1,2022-09-03T19:30Z,0,0,2636,248,UTSA,HOU,35.000,37.000,1,3.500,62.000,154.000,-186.000,,,consensus,12,151
401403860,2022,2,1,2022-09-03T20:00Z,0,0,145,2653,MISS,TROY,28.000,10.000,0,-21.500,57.000,-1947.000,987.000,,,consensus,8,37
401403968,2022,2,1,2022-09-03T20:00Z,0,0,25,302,CAL,UCD,34.000,13.000,0,-14.000,44.000,-659.000,457.000,,,consensus,9,20
401415612,2022,2,1,2022-09-03T20:00Z,0,0,58,252,USF,BYU,21.000,50.000,0,11.500,58.500,327.000,-429.000,,,consensus,151,18
401421116,2022,2,1,2022-09-03T21:00Z,0,0,6,2447,USA,NICH,48.000,7.000,0,-13.500,53.000,-573.000,415.000,,,consensus,37,30
401415212,2022,2,1,2022-09-03T21:30Z,0,0,2440,326,NEV,TXST,38.000,14.000,0,2.000,51.500,110.000,-131.000,,,consensus,17,37
401420777,2022,2,1,2022-09-03T22:00Z,0,0,290,2415,GASO,MORG,59.000,7.000,0,-39.500,53.500,,,,,consensus,37,24
401426536,2022,2,1,2022-09-03T22:00Z,0,0,195,2226,OHIO,FAU,41.000,38.000,0,6.000,51.000,190.000,-239.000,,,consensus,15,12
401426538,2022,2,1,2022-09-03T22:00Z,0,0,256,2393,JMU,MTSU,44.000,7.000,0,-4.500,60.500,-197.000,161.000,,,consensus,37,12
401426540,2022,2,1,2022-09-03T22:00Z,0,0,30,242,USC,RICE,66.000,14.000,0,-32.500,61.500,-5000.000,2500.000,,,consensus,9,12
401403856,2022,2,1,2022-09-03T23:00Z,0,0,2,2382,AUB,MER,42.000,16.000,0,-30.000,51.500,-10000.000,3000.000,,,consensus,8,29
401403857,2022,2,1,2022-09-03T23:00Z,0,0,57,254,FLA,UTAH,29.000,26.000,0,2.500,51.500,114.000,-137.000,,,consensus,8,9
401403859,2022,2,1,2022-09-03T23:00Z,0,0,96,193,UK,M-OH,37.000,13.000,0,-15.000,55.000,-728.000,495.000,,,consensus,8,15
401403866,2022,2,1,2022-09-03T23:00Z,0,0,238,2210,VAN,ELON,42.000,31.000,0,-18.500,51.500,-1155.000,708.000,,,consensus,8,48
401404056,2022,2,1,2022-09-03T23:00Z,0,0,2306,233,KSU,SDAK,34.000,0.000,0,-27.000,50.500,-5833.000,1650.000,,,consensus,4,21
401404134,2022,2,1,2022-09-03T23:00Z,0,0,324,349,CCU,ARMY,38.000,28.000,0,-1.500,54.000,-125.000,104.000,,,consensus,37,18
401404157,2022,2,1,2022-09-03T23:00Z,0,0,2572,2335,USM,LIB,27.000,29.000,1,3.500,50.000,142.000,-171.000,,,consensus,37,18
401405065,2022,2,1,2022-09-03T23:00Z,0,0,275,2287,WISC,ILST,38.000,0.000,0,-36.500,42.500,,,,,consensus,5,21
401414778,2022,2,1,2022-09-03T23:00Z,0,0,2655,113,TULN,MASS,42.000,10.000,0,-28.500,58.500,-10000.000,2500.000,,,consensus,151,18
401421121,2022,2,1,2022-09-03T23:00Z,0,0,309,2545,UL,SELA,24.000,7.000,0,-13.500,61.000,-519.000,388.000,,,consensus,37,30
401424416,2022,2,1,2022-09-03T23:00Z,0,0,239,399,BAY,ALB,69.000,10.000,0,-42.500,46.500,,,,,consensus,4,48
401425418,2022,2,1,2022-09-03T23:00Z,0,0,2032,2755,ARST,GRAM,58.000,3.000,0,-25.500,57.500,-6829.000,1563.000,,,consensus,37,31
401403854,2022,2,1,2022-09-03T23:30Z,0,0,333,328,ALA,USU,55.000,0.000,0,-42.000,63.000,,,,,consensus,8,17
401403861,2022,2,1,2022-09-03T23:30Z,0,0,344,235,MSST,MEM,49.000,23.000,0,-17.000,58.000,-824.000,558.000,,,consensus,8,151
401403863,2022,2,1,2022-09-03T23:30Z,0,0,2579,2247,SC,GAST,35.000,14.000,0,-12.500,55.000,-498.000,366.000,,,consensus,8,37
401404124,2022,2,1,2022-09-03T23:30Z,0,0,194,87,OSU,ND,21.000,10.000,0,-17.000,58.500,-845.000,567.000,,,consensus,5,18
401426539,2022,2,1,2022-09-03T23:30Z,0,0,249,2567,UNT,SMU,10.000,48.000,0,9.500,67.500,271.000,-348.000,,,consensus,12,151
401403970,2022,2,1,2022-09-04T00:00Z,0,0,24,2142,STAN,COLG,41.000,10.000,0,-40.000,51.500,,,,,consensus,9,27
401404055,2022,2,1,2022-09-04T00:00Z,0,0,2641,93,TTU,MUR,63.000,10.000,0,-38.000,64.000,-10000.000,3300.000,,,consensus,4,26
401404059,2022,2,1,2022-09-04T00:00Z,0,0,251,2433,TEX,ULM,52.000,10.000,0,-37.500,64.500,-10000.000,3300.000,,,consensus,4,37
401411099,2022,2,1,2022-09-04T00:00Z,0,1,183,97,SYR,LOU,31.000,7.000,0,5.500,55.500,169.000,-206.000,,,consensus,1,1
401415210,2022,2,1,2022-09-04T00:00Z,0,0,167,311,UNM,ME,41.000,0.000,0,-6.000,42.500,-250.000,201.000,,,consensus,17,48
401403974,2022,2,1,2022-09-04T01:30Z,0,0,265,70,WSU,IDHO,24.000,17.000,0,-28.500,63.500,-10000.000,3000.000,,,consensus,9,20
401403969,2022,2,1,2022-09-04T02:30Z,0,0,204,68,ORST,BOIS,34.000,17.000,0,-1.500,55.500,-124.000,103.000,,,consensus,9,17
401403973,2022,2,1,2022-09-04T02:30Z,0,0,264,2309,WASH,KENT,45.000,20.000,0,-23.500,61.500,-2375.000,1094.000,,,consensus,9,15
401426543,2022,2,1,2022-09-04T03:59Z,0,0,62,98,HAW,WKU,17.000,49.000,0,16.500,67.500,486.000,-695.000,,,consensus,17,12
401403867,2022,2,1,2022-09-04T23:30Z,1,0,99,52,LSU,FSU,23.000,24.000,0,-4.000,50.500,-192.000,159.000,,,consensus,8,1
401411101,2022,2,1,2022-09-06T00:00Z,0,1,59,228,GT,CLEM,10.000,41.000,0,24.500,51.500,1339.000,-3808.000,,,consensus,1,1
401415613,2022,2,2,2022-09-09T23:30Z,0,0,2116,97,UCF,LOU,14.000,20.000,0,-5.500,62.500,-219.000,176.000,,,consensus,151,1
401415214,2022,2,2,2022-09-10T01:00Z,0,1,167,68,UNM,BOIS,14.000,31.000,0,17.000,43.500,579.000,-868.000,,,consensus,17,17
401403868,2022,2,2,2022-09-10T16:00Z,0,0,251,333,TEX,ALA,19.000,20.000,0,21.000,63.500,842.000,-1564.000,,,consensus,4,8
401403869,2022,2,2,2022-09-10T16:00Z,0,1,8,2579,ARK,SC,44.000,30.000,0,-8.500,56.000,-351.000,273.000,,,consensus,8,8
401403879,2022,2,2,2022-09-10T16:00Z,0,0,238,154,VAN,WAKE,25.000,45.000,0,13.500,65.000,366.000,-492.000,,,consensus,8,1
401405071,2022,2,2,2022-09-10T16:00Z,0,0,135,2710,MINN,WIU,62.000,10.000,0,-41.000,56.500,,,,,consensus,5,21
401405073,2022,2,2,2022-09-10T16:00Z,0,0,77,150,NU,DUKE,23.000,31.000,0,-10.000,56.000,-383.000,293.000,,,consensus,5,1
401405079,2022,2,2,2022-09-10T16:00Z,0,0,194,2032,OSU,ARST,45.000,12.000,0,-44.500,68.500,-10000.000,3000.000,,,consensus,5,37
401405080,2022,2,2,2022-09-10T16:00Z,0,0,213,195,PSU,OHIO,46.000,10.000,0,-28.000,54.500,-5309.000,1600.000,,,consensus,5,15
401411103,2022,2,2,2022-09-10T16:00Z,0,0,2247,153,GAST,UNC,28.000,35.000,0,7.000,64.000,213.000,-264.000,,,consensus,37,1
401411105,2022,2,2,2022-09-10T16:00Z,0,0,2390,2572,MIA,USM,30.000,7.000,0,-27.500,50.500,-6222.000,1675.000,,,consensus,1,37
401426553,2022,2,2,2022-09-10T16:00Z,0,0,349,2636,ARMY,UTSA,38.000,41.000,1,2.000,54.000,113.000,-133.000,,,consensus,18,12
401403876,2022,2,2,2022-09-10T16:15Z,0,0,2306,142,KSU,MIZ,40.000,12.000,0,-7.500,52.500,-295.000,233.000,,,consensus,4,8
401411106,2022,2,2,2022-09-10T16:30Z,0,0,152,2127,NCST,CHSO,55.000,3.000,0,-45.500,55.000,,,,,consensus,1,40
401416597,2022,2,2,2022-09-10T17:00Z,0,0,2117,6,CMU,USA,24.000,38.000,0,-6.000,57.500,-223.000,181.000,,,consensus,15,37
401403982,2022,2,2,2022-09-10T17:30Z,0,0,254,253,UTAH,SUU,73.000,7.000,0,-45.500,58.500,,,,,consensus,9,16
401415614,2022,2,2,2022-09-10T18:00Z,0,0,218,322,TEM,LAF,30.000,14.000,0,-13.500,39.500,-603.000,438.000,,,consensus,151,27
401416594,2022,2,2,2022-09-10T18:00Z,0,1,2050,2711,BALL,WMU,30.000,37.000,0,6.500,51.500,198.000,-244.000,,,consensus,15,15
401404125,2022,2,2,2022-09-10T18:30Z,0,0,87,276,ND,MRSH,21.000,26.000,0,-20.500,48.000,-2013.000,996.000,,,consensus,18,37
401403877,2022,2,2,2022-09-10T19:30Z,0,0,221,2633,PITT,TENN,27.000,34.000,1,6.000,62.500,183.000,-224.000,,,consensus,1,8
401403878,2022,2,2,2022-09-10T19:30Z,0,0,245,2026,TA&M,APP,14.000,17.000,0,-18.000,54.000,-1144.000,708.000,,,consensus,8,37
401403977,2022,2,2,2022-09-10T19:30Z,0,0,2005,38,AFA,COLO,41.000,10.000,0,-17.500,50.000,-980.000,633.000,,,consensus,17,9
401403984,2022,2,2,2022-09-10T19:30Z,0,0,275,265,WISC,WSU,14.000,17.000,0,-17.500,49.000,-1031.000,638.000,,,consensus,5,9
401411102,2022,2,2,2022-09-10T19:30Z,0,0,228,231,CLEM,FUR,35.000,12.000,0,-45.500,51.500,,,,,consensus,1,29
401415617,2022,2,2,2022-09-10T19:30Z,0,1,2426,235,NAVY,MEM,13.000,37.000,0,4.500,47.500,158.000,-193.000,,,consensus,151,151
401415619,2022,2,2,2022-09-10T19:30Z,0,0,2132,338,CIN,KENN,63.000,10.000,0,,,,,,,,151,176
401426545,2022,2,2,2022-09-10T19:30Z,0,0,2429,120,CLT,MD,21.000,56.000,0,28.000,65.000,1663.000,-6429.000,,,consensus,12,5
401403872,2022,2,2,2022-09-10T20:00Z,0,0,61,2535,UGA,SAM,33.000,0.000,0,-53.000,62.500,,,,,consensus,8,29
401403976,2022,2,2,2022-09-10T20:00Z,0,0,25,2439,CAL,UNLV,20.000,14.000,0,-12.500,49.500,-518.000,375.000,,,consensus,9,17
401403983,2022,2,2,2022-09-10T20:00Z,0,0,264,2502,WASH,PRST,52.000,6.000,0,-31.000,55.000,-8000.000,2000.000,,,consensus,9,20
401404063,2022,2,2,2022-09-10T20:00Z,0,0,2641,248,TTU,HOU,33.000,30.000,1,-4.000,62.000,-178.000,148.000,,,consensus,4,151
401404064,2022,2,2,2022-09-10T20:00Z,0,0,2294,66,IOWA,ISU,7.000,10.000,0,-3.500,39.000,-174.000,143.000,,,consensus,5,4
401405070,2022,2,2,2022-09-10T20:00Z,0,0,356,258,ILL,UVA,24.000,3.000,0,-4.000,55.000,-183.000,152.000,,,consensus,5,1
401405074,2022,2,2,2022-09-10T20:00Z,0,0,2509,282,PUR,INST,56.000,0.000,0,-37.000,54.000,,,,,consensus,5,21
401405078,2022,2,2,2022-09-10T20:00Z,0,0,127,2006,MSU,AKR,52.000,0.000,0,-34.500,56.000,-10000.000,2500.000,,,consensus,5,15
401405081,2022,2,2,2022-09-10T20:00Z,0,0,164,2681,RUTG,WAG,66.000,7.000,0,-48.500,55.500,,,,,consensus,5,25
401415177,2022,2,2,2022-09-10T20:00Z,0,0,2751,2458,WYO,UNCO,33.000,10.000,0,-23.500,54.500,-3633.000,1310.000,,,consensus,17,20
401416595,2022,2,2,2022-09-10T20:00Z,0,0,189,2198,BGSU,EKU,57.000,59.000,1,-7.500,57.000,-291.000,230.000,,,consensus,15,176
401420788,2022,2,2,2022-09-10T20:00Z,0,0,256,2450,JMU,NORF,63.000,7.000,0,-41.500,54.500,,,,,consensus,37,24
401426548,2022,2,2,2022-09-10T20:00Z,0,0,36,2393,CSU,MTSU,19.000,34.000,0,-13.500,58.500,-562.000,413.000,,,consensus,17,12
401403981,2022,2,2,2022-09-10T21:00Z,0,0,26,2011,UCLA,ALST,45.000,7.000,0,-48.500,61.500,,,,,consensus,9,31
401415216,2022,2,2,2022-09-10T21:30Z,0,0,2440,2916,NEV,UIW,41.000,55.000,0,-4.000,61.500,-178.000,146.000,,,consensus,17,30
401404065,2022,2,2,2022-09-10T22:00Z,0,1,277,2305,WVU,KU,42.000,55.000,1,-14.000,59.500,-559.000,405.000,,,consensus,4,4
401415024,2022,2,2,2022-09-10T22:00Z,0,0,151,295,ECU,ODU,39.000,21.000,0,-13.000,50.000,-486.000,367.000,,,consensus,151,37
401416596,2022,2,2,2022-09-10T22:00Z,0,0,2084,107,BUFF,HC,31.000,37.000,0,-6.000,51.500,-237.000,187.000,,,consensus,15,27
401416599,2022,2,2,2022-09-10T22:00Z,0,0,193,2523,M-OH,RMU,31.000,14.000,0,-30.000,54.000,-10000.000,3300.000,,,consensus,15,40
401426332,2022,2,2,2022-09-10T22:00Z,0,0,324,2241,CCU,GWEB,31.000,27.000,0,-32.500,66.500,,,,,consensus,37,40
401426546,2022,2,2,2022-09-10T22:00Z,0,0,2226,2545,FAU,SELA,42.000,9.000,0,-11.000,63.500,-456.000,335.000,,,consensus,12,30
401426551,2022,2,2,2022-09-10T22:00Z,0,0,2335,5,LIB,UAB,21.000,14.000,0,6.000,50.000,182.000,-224.000,,,consensus,18,12
401403871,2022,2,2,2022-09-10T23:00Z,0,1,57,96,FLA,UK,16.000,26.000,0,-6.000,52.500,-235.000,191.000,,,consensus,8,8
401403874,2022,2,2,2022-09-10T23:00Z,0,0,145,2110,MISS,CARK,59.000,3.000,0,-36.500,61.000,,,,,consensus,8,176
401404066,2022,2,2,2022-09-10T23:00Z,0,0,201,2309,OU,KENT,33.000,3.000,0,-33.000,72.500,-10000.000,2500.000,,,consensus,4,15
401404148,2022,2,2,2022-09-10T23:00Z,0,0,41,183,CONN,SYR,14.000,48.000,0,23.500,49.500,1100.000,-2355.000,,,consensus,18,1
401411104,2022,2,2,2022-09-10T23:00Z,0,0,59,2717,GT,WCU,35.000,17.000,0,-24.500,65.500,-3600.000,1375.000,,,consensus,1,29
401414779,2022,2,2,2022-09-10T23:00Z,0,0,2649,113,TOL,MASS,55.000,10.000,0,-28.000,49.500,-10000.000,1600.000,,,consensus,15,18
401415215,2022,2,2,2022-09-10T23:00Z,0,0,328,2692,USU,WEB,7.000,35.000,0,-6.500,59.500,-272.000,214.000,,,consensus,17,20
401415615,2022,2,2,2022-09-10T23:00Z,0,0,2655,2016,TULN,ALCN,52.000,0.000,0,-35.500,59.500,,,,,consensus,151,31
401415616,2022,2,2,2022-09-10T23:00Z,0,0,2567,2320,SMU,LAM,45.000,16.000,0,-48.500,66.000,,,,,consensus,151,30
401415618,2022,2,2,2022-09-10T23:00Z,0,0,58,47,USF,HOW,42.000,20.000,0,-39.500,61.500,,,,,consensus,151,24
401415620,2022,2,2,2022-09-10T23:00Z,0,0,202,2459,TLSA,NIU,38.000,35.000,0,-6.500,63.000,-231.000,189.000,,,consensus,151,15
401416598,2022,2,2,2022-09-10T23:00Z,0,0,309,2199,UL,EMU,49.000,21.000,0,-11.000,56.000,-439.000,337.000,,,consensus,37,15
401423439,2022,2,2,2022-09-10T23:00Z,0,0,2653,2010,TROY,AAMU,38.000,17.000,0,-37.500,52.000,-10000.000,2000.000,,,consensus,37,31
401426544,2022,2,2,2022-09-10T23:00Z,0,0,326,2229,TXST,FIU,41.000,12.000,0,-13.500,62.500,-549.000,405.000,,,consensus,37,12
401426547,2022,2,2,2022-09-10T23:00Z,0,0,2348,2617,LT,SFA,52.000,17.000,0,-6.500,64.500,-250.000,205.000,,,consensus,12,16
401403870,2022,2,2,2022-09-10T23:30Z,0,0,2,23,AUB,SJSU,24.000,16.000,0,-24.000,48.500,-3369.000,1317.000,,,consensus,8,17
401403873,2022,2,2,2022-09-10T23:30Z,0,0,99,2582,LSU,SOU,65.000,17.000,0,-44.500,58.000,,,,,consensus,8,31
401403975,2022,2,2,2022-09-10T23:30Z,0,0,197,9,OKST,ASU,34.000,17.000,0,-11.500,58.000,-461.000,347.000,,,consensus,4,9
401403980,2022,2,2,2022-09-10T23:30Z,0,1,24,30,STAN,USC,28.000,41.000,0,9.500,66.500,278.000,-361.000,,,consensus,9,9
401405072,2022,2,2,2022-09-10T23:30Z,0,0,158,290,NEB,GASO,42.000,45.000,0,-23.500,64.000,-2535.000,1167.000,,,consensus,5,37
401426549,2022,2,2,2022-09-10T23:30Z,0,0,249,2640,UNT,TXSO,59.000,27.000,0,-38.500,64.500,,,,,consensus,12,31
401426550,2022,2,2,2022-09-10T23:30Z,0,0,242,2377,RICE,MCN,52.000,10.000,0,-7.500,52.500,-302.000,235.000,,,consensus,12,30
401404067,2022,2,2,2022-09-11T00:00Z,0,0,2628,2627,TCU,TAR,59.000,17.000,0,-40.000,66.500,-10000.000,3300.000,,,consensus,4,16
401405077,2022,2,2,2022-09-11T00:00Z,0,0,130,62,MICH,HAW,56.000,10.000,0,-52.500,66.500,,,,,consensus,5,17
401411108,2022,2,2,2022-09-11T00:00Z,0,1,259,103,VT,BC,27.000,10.000,0,-3.000,45.000,-150.000,126.000,,,consensus,1,1
401413257,2022,2,2,2022-09-11T00:00Z,0,0,21,304,SDSU,IDST,38.000,7.000,0,-33.500,50.500,-10000.000,3300.000,,,consensus,17,20
401421117,2022,2,2,2022-09-11T00:00Z,0,0,2433,2447,ULM,NICH,35.000,7.000,0,-4.500,58.500,-191.000,158.000,,,consensus,37,30
401403978,2022,2,2,2022-09-11T00:30Z,0,0,2483,331,ORE,EWU,70.000,14.000,0,-27.500,69.500,-6535.000,1600.000,,,consensus,9,20
401405075,2022,2,2,2022-09-11T00:40Z,0,0,84,70,IU,IDHO,35.000,22.000,0,-24.500,50.500,-5243.000,1483.000,,,consensus,5,20
401426552,2022,2,2,2022-09-11T01:00Z,0,0,2638,166,UTEP,NMSU,20.000,13.000,0,-17.500,46.500,-894.000,583.000,,,consensus,12,18
401404062,2022,2,2,2022-09-11T02:15Z,0,0,252,239,BYU,BAY,26.000,20.000,1,-2.500,55.000,-136.000,113.000,,,consensus,18,4
401403979,2022,2,2,2022-09-11T02:30Z,0,0,278,204,FRES,ORST,32.000,35.000,0,-1.000,58.500,-111.000,-108.000,,,consensus,17,9
401403875,2022,2,2,2022-09-11T03:00Z,0,0,12,344,ARIZ,MSST,17.000,39.000,0,12.500,58.000,350.000,-468.000,,,consensus,9,8
401411109,2022,2,3,2022-09-16T23:30Z,0,1,97,52,LOU,FSU,31.000,35.000,0,2.500,57.000,120.000,-144.000,,,consensus,1,1
401415217,2022,2,3,2022-09-17T00:00Z,0,1,2751,2005,WYO,AFA,17.000,14.000,0,16.500,47.000,501.000,-724.000,,,consensus,17,17
401411114,2022,2,3,2022-09-17T15:00Z,0,0,259,2747,VT,WOF,27.000,7.000,0,-38.500,45.500,-10000.000,2500.000,,,consensus,1,29
401403884,2022,2,3,2022-09-17T16:00Z,0,0,96,2754,UK,YSU,31.000,0.000,0,-30.000,49.500,-10000.000,3300.000,,,consensus,8,21
401403887,2022,2,3,2022-09-17T16:00Z,0,0,142,2000,MIZ,ACU,34.000,17.000,0,-31.500,56.500,,,,,consensus,8,16
401403888,2022,2,3,2022-09-17T16:00Z,0,1,2579,61,SC,UGA,7.000,48.000,0,25.500,56.000,1410.000,-4180.000,,,consensus,8,8
401404070,2022,2,3,2022-09-17T16:00Z,0,0,158,201,NEB,OU,14.000,49.000,0,10.500,65.500,309.000,-413.000,,,consensus,5,4
401404071,2022,2,3,2022-09-17T16:00Z,0,0,239,326,BAY,TXST,42.000,7.000,0,-30.000,53.000,-10000.000,2500.000,,,consensus,4,37
401404136,2022,2,3,2022-09-17T16:00Z,0,0,349,222,ARMY,VILL,49.000,10.000,0,-14.000,56.000,-570.000,411.000,,,consensus,18,48
401404149,2022,2,3,2022-09-17T16:00Z,0,0,130,41,MICH,CONN,59.000,0.000,0,-47.500,59.000,-10000.000,1700.000,,,consensus,5,18
401405083,2022,2,3,2022-09-17T16:00Z,0,0,77,79,NU,SIU,24.000,31.000,0,-13.500,58.500,-593.000,423.000,,,consensus,5,21
401405084,2022,2,3,2022-09-17T16:00Z,0,0,183,2509,SYR,PUR,32.000,29.000,0,-1.500,59.500,-120.000,-101.000,,,consensus,1,5
401415623,2022,2,3,2022-09-17T16:00Z,1,0,193,2132,M-OH,CIN,17.000,38.000,0,24.000,51.000,1357.000,-3675.000,,,consensus,15,151
401416603,2022,2,3,2022-09-17T16:00Z,0,0,2309,2341,KENT,LIU,63.000,10.000,0,-40.000,64.500,,,,,consensus,15,25
401426563,2022,2,3,2022-09-17T16:00Z,0,0,84,98,IU,WKU,33.000,30.000,1,-7.000,61.500,-283.000,222.000,,,consensus,5,12
401404073,2022,2,3,2022-09-17T17:00Z,0,0,277,119,WVU,TOW,65.000,7.000,0,-41.000,58.500,,,,,consensus,4,48
401416601,2022,2,3,2022-09-17T17:00Z,0,0,324,2084,CCU,BUFF,38.000,26.000,0,-12.000,59.500,-492.000,369.000,,,consensus,37,15
401416602,2022,2,3,2022-09-17T17:00Z,0,0,2117,2083,CMU,BUCK,41.000,0.000,0,-41.000,59.000,,,,,consensus,15,27
401403991,2022,2,3,2022-09-17T18:00Z,0,0,26,6,UCLA,USA,32.000,31.000,0,-15.500,59.000,-679.000,475.000,,,consensus,9,37
401404069,2022,2,3,2022-09-17T18:00Z,0,0,66,195,ISU,OHIO,43.000,10.000,0,-20.000,48.000,-1342.000,779.000,,,consensus,4,15
401405089,2022,2,3,2022-09-17T18:00Z,0,0,218,164,TEM,RUTG,14.000,16.000,0,18.000,42.500,707.000,-1200.000,,,consensus,151,5
401411113,2022,2,3,2022-09-17T18:00Z,0,0,258,295,UVA,ODU,16.000,14.000,0,-8.500,52.500,-343.000,264.000,,,consensus,1,37
401416600,2022,2,3,2022-09-17T18:00Z,0,0,2050,93,BALL,MUR,31.000,0.000,0,-21.000,53.000,-1732.000,911.000,,,consensus,15,26
401403987,2022,2,3,2022-09-17T18:30Z,0,0,87,25,ND,CAL,24.000,17.000,0,-13.500,41.000,-577.000,416.000,,,consensus,18,9
401404074,2022,2,3,2022-09-17T19:00Z,0,0,2306,2655,KSU,TULN,10.000,17.000,0,-14.000,49.500,-642.000,445.000,,,consensus,4,151
401426558,2022,2,3,2022-09-17T19:00Z,0,0,2439,249,UNLV,UNT,58.000,27.000,0,-2.500,62.500,-135.000,113.000,,,consensus,17,12
401403882,2022,2,3,2022-09-17T19:30Z,0,0,2,213,AUB,PSU,12.000,41.000,0,2.500,47.500,114.000,-136.000,,,consensus,8,5
401403886,2022,2,3,2022-09-17T19:30Z,0,0,59,145,GT,MISS,0.000,42.000,0,17.000,63.000,544.000,-817.000,,,consensus,1,8
401403891,2022,2,3,2022-09-17T19:30Z,0,0,2459,238,NIU,VAN,28.000,38.000,0,-2.500,58.500,-132.000,110.000,,,consensus,15,8
401403988,2022,2,3,2022-09-17T19:30Z,0,0,135,38,MINN,COLO,49.000,7.000,0,-28.000,47.500,-8394.000,1813.000,,,consensus,5,9
401403989,2022,2,3,2022-09-17T19:30Z,0,0,2483,252,ORE,BYU,41.000,20.000,0,-3.500,57.500,-172.000,144.000,,,consensus,9,18
401405085,2022,2,3,2022-09-17T19:30Z,0,0,275,166,WISC,NMSU,66.000,7.000,0,-37.500,45.500,-10000.000,4000.000,,,consensus,5,18
401414780,2022,2,3,2022-09-17T19:30Z,0,0,113,2619,MASS,STBK,20.000,3.000,0,-1.000,44.500,-119.000,-103.000,,,consensus,18,48
401426333,2022,2,3,2022-09-17T19:30Z,0,1,2026,2653,APP,TROY,32.000,28.000,0,-14.000,52.000,-594.000,426.000,,,consensus,37,37
401426560,2022,2,3,2022-09-17T19:30Z,0,0,5,290,UAB,GASO,35.000,21.000,0,-11.500,59.000,-442.000,335.000,,,consensus,12,37
401403880,2022,2,3,2022-09-17T20:00Z,0,0,333,2433,ALA,ULM,63.000,7.000,0,-49.500,61.500,-10000.000,4000.000,,,consensus,8,37
401404068,2022,2,3,2022-09-17T20:00Z,0,0,248,2305,HOU,KU,30.000,48.000,0,-8.500,58.000,-311.000,246.000,,,consensus,151,4
401415218,2022,2,3,2022-09-17T20:00Z,0,0,68,2630,BOIS,UTM,30.000,7.000,0,-24.500,53.500,-3613.000,1313.000,,,consensus,17,26
401403995,2022,2,3,2022-09-17T21:00Z,0,0,265,36,WSU,CSU,38.000,7.000,0,-17.000,52.500,-851.000,562.000,,,consensus,9,17
401404159,2022,2,3,2022-09-17T21:00Z,0,0,154,2335,WAKE,LIB,37.000,36.000,0,-17.500,63.500,-825.000,549.000,,,consensus,1,18
401415029,2022,2,3,2022-09-17T21:00Z,0,0,189,276,BGSU,MRSH,34.000,31.000,1,17.000,50.000,544.000,-814.000,,,consensus,15,37
401403885,2022,2,3,2022-09-17T22:00Z,0,1,99,344,LSU,MSST,31.000,16.000,0,3.000,53.000,124.000,-148.000,,,consensus,8,8
401411112,2022,2,3,2022-09-17T22:00Z,0,0,150,2448,DUKE,NCAT,49.000,20.000,0,-30.500,53.000,-3500.000,1400.000,,,consensus,1,40
401415621,2022,2,3,2022-09-17T22:00Z,0,0,151,2097,ECU,CAM,49.000,10.000,0,-32.500,58.000,,,,,consensus,151,40
401403881,2022,2,3,2022-09-17T23:00Z,0,0,8,2623,ARK,MOST,38.000,27.000,0,-26.000,60.000,-5714.000,1563.000,,,consensus,8,21
401403889,2022,2,3,2022-09-17T23:00Z,0,0,2633,2006,TENN,AKR,63.000,6.000,0,-47.500,67.000,-10000.000,4000.000,,,consensus,8,15
401404072,2022,2,3,2022-09-17T23:00Z,0,0,152,2641,NCST,TTU,27.000,14.000,0,-10.500,56.000,-402.000,311.000,,,consensus,1,4
401404075,2022,2,3,2022-09-17T23:00Z,0,0,197,2029,OKST,UAPB,63.000,7.000,0,-54.500,64.500,,,,,consensus,4,31
401405088,2022,2,3,2022-09-17T23:00Z,0,0,194,2649,OSU,TOL,77.000,21.000,0,-31.000,63.000,-10000.000,2500.000,,,consensus,5,15
401413216,2022,2,3,2022-09-17T23:00Z,0,0,202,55,TLSA,JVST,54.000,17.000,0,-12.000,64.000,-458.000,341.000,,,consensus,151,176
401415032,2022,2,3,2022-09-17T23:00Z,0,0,2572,2466,USM,NWST,64.000,10.000,0,-32.500,50.500,,,,,consensus,37,30
401415622,2022,2,3,2022-09-17T23:00Z,0,0,235,2032,MEM,ARST,44.000,32.000,0,-14.500,64.500,-612.000,437.000,,,consensus,151,37
401426554,2022,2,3,2022-09-17T23:00Z,0,0,2247,2429,GAST,CLT,41.000,42.000,0,-19.500,63.500,-1182.000,712.000,,,consensus,37,12
401426557,2022,2,3,2022-09-17T23:00Z,0,0,2393,2634,MTSU,TNST,49.000,6.000,0,-19.500,52.500,-1692.000,875.000,,,consensus,12,26
401403883,2022,2,3,2022-09-17T23:30Z,0,0,57,58,FLA,USF,31.000,28.000,0,-23.500,58.500,-2569.000,1175.000,,,consensus,8,151
401403994,2022,2,3,2022-09-17T23:30Z,0,0,264,127,WASH,MSU,39.000,28.000,0,-3.500,56.500,-174.000,146.000,,,consensus,9,5
401405082,2022,2,3,2022-09-17T23:30Z,0,0,2294,2440,IOWA,NEV,27.000,0.000,0,-24.000,39.500,-2690.000,1200.000,,,consensus,5,17
401405087,2022,2,3,2022-09-17T23:30Z,0,0,120,2567,MD,SMU,34.000,27.000,0,-2.500,73.500,-147.000,124.000,,,consensus,5,151
401411110,2022,2,3,2022-09-17T23:30Z,0,0,103,311,BC,ME,38.000,17.000,0,-31.000,48.000,,,,,consensus,1,48
401411115,2022,2,3,2022-09-17T23:30Z,0,0,2711,221,WMU,PITT,13.000,34.000,0,10.000,46.000,294.000,-379.000,,,consensus,15,1
401426555,2022,2,3,2022-09-17T23:30Z,0,0,2226,2116,FAU,UCF,14.000,40.000,0,7.500,61.500,236.000,-298.000,,,consensus,12,151
401426559,2022,2,3,2022-09-17T23:30Z,0,0,242,309,RICE,UL,33.000,21.000,0,11.500,52.000,346.000,-457.000,,,consensus,12,37
401403990,2022,2,3,2022-09-18T00:00Z,1,0,204,147,ORST,MTST,68.000,28.000,0,-16.500,56.500,-834.000,559.000,,,consensus,9,20
401426556,2022,2,3,2022-09-18T00:00Z,0,0,228,2348,CLEM,LT,48.000,20.000,0,-33.500,53.500,-10000.000,3300.000,,,consensus,1,12
401426561,2022,2,3,2022-09-18T00:00Z,0,0,167,2638,UNM,UTEP,27.000,10.000,0,2.000,38.000,111.000,-133.000,,,consensus,17,12
401426562,2022,2,3,2022-09-18T00:00Z,0,0,251,2636,TEX,UTSA,41.000,20.000,0,-13.000,57.000,-496.000,369.000,,,consensus,4,12
401403890,2022,2,3,2022-09-18T01:00Z,0,0,245,2390,TA&M,MIA,17.000,9.000,0,-6.500,45.500,-239.000,195.000,,,consensus,8,1
401403993,2022,2,3,2022-09-18T02:15Z,0,0,254,21,UTAH,SDSU,35.000,7.000,0,-22.500,48.500,-2352.000,1097.000,,,consensus,9,17
401403992,2022,2,3,2022-09-18T02:30Z,0,0,30,278,USC,FRES,45.000,17.000,0,-11.500,71.500,-475.000,354.000,,,consensus,9,17
401403985,2022,2,3,2022-09-18T03:00Z,0,0,12,2449,ARIZ,NDSU,31.000,28.000,0,3.000,49.000,128.000,-152.000,,,consensus,9,21
401403986,2022,2,3,2022-09-18T03:00Z,0,0,9,2199,ASU,EMU,21.000,30.000,0,-20.500,56.500,-1459.000,803.000,,,consensus,9,15
401415219,2022,2,3,2022-09-18T03:59Z,0,0,62,2184,HAW,DUQ,24.000,14.000,0,,,,,,,,17,25
401411116,2022,2,4,2022-09-22T23:30Z,0,0,259,277,VT,WVU,10.000,33.000,0,2.000,49.500,110.000,-131.000,,,consensus,1,4
401426334,2022,2,4,2022-09-22T23:30Z,0,1,2247,324,GAST,CCU,24.000,41.000,0,2.500,63.500,119.000,-141.000,,,consensus,37,37
401421129,2022,2,4,2022-09-23T00:30Z,0,0,356,236,ILL,UTC,31.000,0.000,0,-20.000,44.500,-1544.000,850.000,,,consensus,5,29
401411117,2022,2,4,2022-09-23T23:00Z,0,1,183,258,SYR,UVA,22.000,20.000,0,-9.500,53.500,-365.000,284.000,,,consensus,1,1
401415220,2022,2,4,2022-09-24T00:00Z,0,1,2005,2440,AFA,NEV,48.000,20.000,0,-24.000,46.500,-3337.000,1308.000,,,consensus,17,17
401426571,2022,2,4,2022-09-24T01:00Z,0,0,2638,68,UTEP,BOIS,27.000,10.000,0,16.500,44.500,524.000,-771.000,,,consensus,12,17
401403894,2022,2,4,2022-09-24T16:00Z,0,1,2,142,AUB,MIZ,17.000,14.000,1,-7.500,51.000,-288.000,231.000,,,consensus,8,8
401403895,2022,2,4,2022-09-24T16:00Z,0,0,61,2309,UGA,KENT,39.000,22.000,0,-45.000,61.500,-10000.000,2500.000,,,consensus,8,15
401403899,2022,2,4,2022-09-24T16:00Z,0,0,344,189,MSST,BGSU,45.000,14.000,0,-31.000,53.000,-10000.000,1600.000,,,consensus,8,15
401404078,2022,2,4,2022-09-24T16:00Z,0,0,2567,2628,SMU,TCU,34.000,42.000,0,2.500,72.000,109.000,-132.000,,,consensus,151,4
401404079,2022,2,4,2022-09-24T16:00Z,0,0,2305,150,KU,DUKE,35.000,27.000,0,-7.000,65.500,-292.000,233.000,,,consensus,4,1
401404080,2022,2,4,2022-09-24T16:00Z,0,1,66,239,ISU,BAY,24.000,31.000,0,-2.500,45.000,-139.000,115.000,,,consensus,4,4
401405097,2022,2,4,2022-09-24T16:00Z,0,1,130,120,MICH,MD,34.000,27.000,0,-17.000,66.000,-887.000,574.000,,,consensus,5,5
401405098,2022,2,4,2022-09-24T16:00Z,0,0,213,2117,PSU,CMU,33.000,14.000,0,-28.000,61.500,-7483.000,1725.000,,,consensus,5,15
401411119,2022,2,4,2022-09-24T16:00Z,0,0,97,58,LOU,USF,41.000,3.000,0,-15.500,63.500,-642.000,436.000,,,consensus,1,151
401411121,2022,2,4,2022-09-24T16:00Z,0,0,221,227,PITT,URI,45.000,24.000,0,-32.500,55.000,-10000.000,2000.000,,,consensus,1,48
401411123,2022,2,4,2022-09-24T16:00Z,0,1,154,228,WAKE,CLEM,45.000,51.000,1,7.500,58.000,236.000,-300.000,,,consensus,1,1
401416604,2022,2,4,2022-09-24T16:00Z,0,1,2199,2084,EMU,BUFF,31.000,50.000,0,-6.500,57.500,-253.000,205.000,,,consensus,15,15
401403998,2022,2,4,2022-09-24T18:00Z,0,1,38,26,COLO,UCLA,17.000,45.000,0,22.000,57.000,958.000,-1863.000,,,consensus,9,9
401414781,2022,2,4,2022-09-24T18:00Z,0,0,218,113,TEM,MASS,28.000,0.000,0,-10.000,44.000,-389.000,299.000,,,consensus,151,18
401416606,2022,2,4,2022-09-24T18:00Z,0,0,195,2230,OHIO,FOR,59.000,52.000,0,-16.500,73.500,-802.000,516.000,,,consensus,15,27
401403901,2022,2,4,2022-09-24T19:30Z,0,1,2633,57,TENN,FLA,38.000,33.000,0,-11.000,62.500,-384.000,298.000,,,consensus,8,8
401404082,2022,2,4,2022-09-24T19:30Z,0,1,2641,251,TTU,TEX,37.000,34.000,1,7.000,60.500,216.000,-268.000,,,consensus,4,4
401404126,2022,2,4,2022-09-24T19:30Z,0,0,153,87,UNC,ND,32.000,45.000,0,-2.500,55.500,-141.000,118.000,,,consensus,1,18
401405092,2022,2,4,2022-09-24T19:30Z,0,1,127,135,MSU,MINN,7.000,34.000,0,3.000,50.000,121.000,-145.000,,,consensus,5,5
401405096,2022,2,4,2022-09-24T19:30Z,0,0,2132,84,CIN,IU,45.000,24.000,0,-16.500,57.000,-781.000,531.000,,,consensus,151,5
401415037,2022,2,4,2022-09-24T19:30Z,0,1,2026,256,APP,JMU,28.000,32.000,0,-6.500,56.500,-244.000,196.000,,,consensus,37,37
401415224,2022,2,4,2022-09-24T19:30Z,0,0,21,2649,SDSU,TOL,17.000,14.000,0,3.000,44.500,125.000,-149.000,,,consensus,17,15
401426565,2022,2,4,2022-09-24T19:30Z,0,1,98,2229,WKU,FIU,73.000,0.000,0,-31.000,65.500,-10000.000,2100.000,,,consensus,12,12
401426568,2022,2,4,2022-09-24T19:30Z,0,0,2390,2393,MIA,MTSU,31.000,45.000,0,-25.500,53.500,-6171.000,1558.000,,,consensus,1,12
401426569,2022,2,4,2022-09-24T19:30Z,0,0,235,249,MEM,UNT,44.000,34.000,0,-12.500,68.500,-486.000,364.000,,,consensus,151,12
401426572,2022,2,4,2022-09-24T19:30Z,0,0,2636,2640,UTSA,TXSO,52.000,24.000,0,-42.000,65.500,,,,,consensus,12,31
401403898,2022,2,4,2022-09-24T20:00Z,0,0,145,202,MISS,TLSA,35.000,27.000,0,-21.000,66.500,-1639.000,875.000,,,consensus,8,151
401403999,2022,2,4,2022-09-24T20:00Z,0,1,265,2483,WSU,ORE,41.000,44.000,0,6.500,57.500,195.000,-243.000,,,consensus,9,9
401411122,2022,2,4,2022-09-24T20:00Z,0,0,2116,59,UCF,GT,27.000,10.000,0,-21.000,56.500,-1589.000,860.000,,,consensus,151,1
401415221,2022,2,4,2022-09-24T20:00Z,0,0,36,16,CSU,SAC,10.000,41.000,0,4.500,59.500,160.000,-193.000,,,consensus,17,20
401403996,2022,2,4,2022-09-24T21:30Z,0,1,25,12,CAL,ARIZ,49.000,31.000,0,-3.500,50.500,-172.000,143.000,,,consensus,9,9
401404160,2022,2,4,2022-09-24T22:00Z,0,0,2335,2006,LIB,AKR,21.000,12.000,0,-26.500,53.500,-5507.000,1490.000,,,consensus,18,15
401415624,2022,2,4,2022-09-24T22:00Z,0,1,151,2426,ECU,NAVY,20.000,23.000,1,-16.500,48.500,-787.000,539.000,,,consensus,151,151
401416605,2022,2,4,2022-09-24T22:00Z,0,0,290,2050,GASO,BALL,34.000,23.000,0,-9.500,67.000,-345.000,269.000,,,consensus,37,15
401426335,2022,2,4,2022-09-24T22:00Z,0,1,295,2032,ODU,ARST,29.000,26.000,0,-5.000,56.500,-211.000,174.000,,,consensus,37,37
401426570,2022,2,4,2022-09-24T22:00Z,0,0,248,242,HOU,RICE,34.000,27.000,0,-17.500,52.500,-911.000,593.000,,,consensus,151,12
401403893,2022,2,4,2022-09-24T23:00Z,1,1,245,8,TA&M,ARK,23.000,21.000,0,-1.500,51.000,-123.000,103.000,,,consensus,8,8
401403896,2022,2,4,2022-09-24T23:00Z,0,0,96,2459,UK,NIU,31.000,23.000,0,-26.500,53.000,-4821.000,1458.000,,,consensus,8,15
401405091,2022,2,4,2022-09-24T23:00Z,0,1,164,2294,RUTG,IOWA,10.000,27.000,0,7.500,34.500,250.000,-317.000,,,consensus,5,5
401415040,2022,2,4,2022-09-24T23:00Z,0,0,2655,2572,TULN,USM,24.000,27.000,0,-11.500,48.500,-460.000,348.000,,,consensus,151,37
401415222,2022,2,4,2022-09-24T23:00Z,0,1,328,2439,USU,UNLV,24.000,34.000,0,3.000,61.500,124.000,-148.000,,,consensus,17,17
401418793,2022,2,4,2022-09-24T23:00Z,0,0,326,2277,TXST,HCU,34.000,0.000,0,-26.500,65.000,-5707.000,1540.000,,,consensus,37,30
401426393,2022,2,4,2022-09-24T23:00Z,0,1,2653,276,TROY,MRSH,16.000,7.000,0,3.500,51.500,136.000,-164.000,,,consensus,37,37
401426567,2022,2,4,2022-09-24T23:00Z,0,0,6,2348,USA,LT,38.000,14.000,0,-13.000,59.000,-532.000,393.000,,,consensus,37,12
401403892,2022,2,4,2022-09-24T23:30Z,0,1,333,238,ALA,VAN,55.000,3.000,0,-40.500,60.500,-10000.000,3000.000,,,consensus,8,8
401403897,2022,2,4,2022-09-24T23:30Z,0,0,99,167,LSU,UNM,38.000,0.000,0,-31.500,44.000,-10000.000,2000.000,,,consensus,8,17
401404150,2022,2,4,2022-09-24T23:30Z,0,0,152,41,NCST,CONN,41.000,10.000,0,-38.500,47.500,-10000.000,2000.000,,,consensus,1,18
401405093,2022,2,4,2022-09-24T23:30Z,0,0,77,193,NU,M-OH,14.000,17.000,0,-7.500,50.000,-299.000,238.000,,,consensus,5,15
401405095,2022,2,4,2022-09-24T23:30Z,0,1,194,275,OSU,WISC,52.000,21.000,0,-18.500,56.500,-1127.000,694.000,,,consensus,5,5
401426564,2022,2,4,2022-09-24T23:30Z,0,0,2579,2429,SC,CLT,56.000,20.000,0,-23.500,66.500,-3056.000,1167.000,,,consensus,8,12
401426566,2022,2,4,2022-09-24T23:30Z,0,0,2509,2226,PUR,FAU,28.000,26.000,0,-16.500,57.500,-856.000,569.000,,,consensus,5,12
401404081,2022,2,4,2022-09-25T00:00Z,0,1,201,2306,OU,KSU,34.000,41.000,0,-13.500,53.000,-548.000,403.000,,,consensus,4,4
401409237,2022,2,4,2022-09-25T00:00Z,0,0,166,62,NMSU,HAW,45.000,26.000,0,-4.500,53.000,-194.000,161.000,,,consensus,18,17
401411118,2022,2,4,2022-09-25T00:00Z,0,1,52,103,FSU,BC,44.000,14.000,0,-18.500,48.500,-1044.000,654.000,,,consensus,1,1
401426336,2022,2,4,2022-09-25T00:00Z,0,1,2433,309,ULM,UL,21.000,17.000,0,9.500,51.000,278.000,-359.000,,,consensus,37,37
401404000,2022,2,4,2022-09-25T01:30Z,0,1,204,30,ORST,USC,14.000,17.000,0,5.500,70.500,190.000,-234.000,,,consensus,9,9
401415223,2022,2,4,2022-09-25T02:15Z,0,0,252,2751,BYU,WYO,38.000,24.000,0,-21.500,49.500,-1845.000,944.000,,,consensus,18,17
401403997,2022,2,4,2022-09-25T02:30Z,0,1,9,254,ASU,UTAH,13.000,34.000,0,16.500,54.000,539.000,-790.000,,,consensus,9,9
401404001,2022,2,4,2022-09-25T02:30Z,0,1,264,24,WASH,STAN,40.000,22.000,0,-14.000,62.000,-566.000,412.000,,,consensus,9,9
401415225,2022,2,4,2022-09-25T02:30Z,0,0,23,2711,SJSU,WMU,34.000,6.000,0,-6.500,48.500,-259.000,209.000,,,consensus,17,15
401403908,2022,2,5,2022-09-29T23:00Z,0,0,2579,2569,SC,SCST,50.000,10.000,0,-40.500,57.000,-10000.000,2500.000,,,consensus,8,24
401415226,2022,2,5,2022-09-30T00:00Z,0,0,252,328,BYU,USU,38.000,26.000,0,-26.000,60.000,-4418.000,1433.000,,,consensus,18,17
401415625,2022,2,5,2022-09-30T23:00Z,0,1,248,2655,HOU,TULN,24.000,27.000,1,-5.500,51.500,-213.000,174.000,,,consensus,151,151
401426576,2022,2,5,2022-09-30T23:30Z,0,1,2393,2636,MTSU,UTSA,30.000,45.000,0,4.500,64.000,158.000,-190.000,,,consensus,12,12
401415228,2022,2,5,2022-10-01T00:00Z,0,1,68,21,BOIS,SDSU,35.000,13.000,0,-6.000,38.000,-247.000,199.000,,,consensus,17,17
401404007,2022,2,5,2022-10-01T02:30Z,0,1,26,264,UCLA,WASH,40.000,32.000,0,2.500,64.500,121.000,-145.000,,,consensus,9,9
401415229,2022,2,5,2022-10-01T03:00Z,0,1,2439,167,UNLV,UNM,31.000,20.000,0,-14.000,44.500,-654.000,465.000,,,consensus,17,17
401403905,2022,2,5,2022-10-01T16:00Z,0,1,145,96,MISS,UK,22.000,19.000,0,-6.500,55.000,-250.000,203.000,,,consensus,8,8
401404085,2022,2,5,2022-10-01T16:00Z,0,1,2306,2641,KSU,TTU,37.000,28.000,0,-7.500,56.000,-303.000,240.000,,,consensus,4,4
401404086,2022,2,5,2022-10-01T16:00Z,0,1,2628,201,TCU,OU,55.000,24.000,0,5.000,69.500,168.000,-202.000,,,consensus,4,4
401404137,2022,2,5,2022-10-01T16:00Z,0,0,349,2247,ARMY,GAST,14.000,31.000,0,-8.500,54.000,-333.000,259.000,,,consensus,18,37
401405099,2022,2,5,2022-10-01T16:00Z,0,1,275,356,WISC,ILL,10.000,34.000,0,-6.500,43.500,-254.000,204.000,,,consensus,5,5
401405100,2022,2,5,2022-10-01T16:00Z,0,1,2294,130,IOWA,MICH,14.000,27.000,0,10.500,42.000,321.000,-414.000,,,consensus,5,5
401405101,2022,2,5,2022-10-01T16:00Z,0,1,135,2509,MINN,PUR,10.000,20.000,0,-9.500,53.000,-351.000,271.000,,,consensus,5,5
401411124,2022,2,5,2022-10-01T16:00Z,0,1,103,97,BC,LOU,34.000,33.000,0,13.500,48.500,391.000,-537.000,,,consensus,1,1
401415227,2022,2,5,2022-10-01T16:00Z,0,0,2005,2426,AFA,NAVY,13.000,10.000,0,-14.000,38.000,-646.000,453.000,,,consensus,17,151
401415628,2022,2,5,2022-10-01T16:00Z,0,1,235,218,MEM,TEM,24.000,3.000,0,-18.500,50.000,-1173.000,700.000,,,consensus,151,151
401426338,2022,2,5,2022-10-01T17:30Z,0,1,256,326,JMU,TXST,40.000,13.000,0,-21.500,51.500,-2260.000,1046.000,,,consensus,37,37
401404006,2022,2,5,2022-10-01T18:00Z,0,1,254,204,UTAH,ORST,42.000,16.000,0,-10.500,54.500,-389.000,302.000,,,consensus,9,9
401414782,2022,2,5,2022-10-01T18:00Z,0,0,2199,113,EMU,MASS,20.000,13.000,0,-20.000,53.500,-1371.000,792.000,,,consensus,15,18
401416608,2022,2,5,2022-10-01T18:00Z,0,1,2050,2459,BALL,NIU,44.000,38.000,1,3.500,58.500,146.000,-175.000,,,consensus,15,15
401415626,2022,2,5,2022-10-01T18:30Z,1,1,58,151,USF,ECU,28.000,48.000,0,9.500,55.500,271.000,-355.000,,,consensus,151,151
401403902,2022,2,5,2022-10-01T19:30Z,0,1,8,333,ARK,ALA,26.000,49.000,0,17.000,61.000,571.000,-860.000,,,consensus,8,8
401404083,2022,2,5,2022-10-01T19:30Z,0,1,239,197,BAY,OKST,25.000,36.000,0,-2.500,56.000,-135.000,113.000,,,consensus,4,4
401404084,2022,2,5,2022-10-01T19:30Z,0,1,2305,66,KU,ISU,14.000,11.000,0,3.500,59.000,144.000,-171.000,,,consensus,4,4
401404151,2022,2,5,2022-10-01T19:30Z,0,0,41,278,CONN,FRES,19.000,14.000,0,23.500,51.000,1150.000,-2510.000,,,consensus,18,17
401405103,2022,2,5,2022-10-01T19:30Z,0,1,120,127,MD,MSU,27.000,13.000,0,-7.500,58.500,-291.000,231.000,,,consensus,5,5
401405104,2022,2,5,2022-10-01T19:30Z,0,1,194,164,OSU,RUTG,49.000,10.000,0,-39.000,58.000,,,,,consensus,5,5
401405105,2022,2,5,2022-10-01T19:30Z,0,1,213,77,PSU,NU,17.000,7.000,0,-25.500,50.000,-4865.000,1458.000,,,consensus,5,5
401411127,2022,2,5,2022-10-01T19:30Z,0,1,52,154,FSU,WAKE,21.000,31.000,0,-6.000,67.500,-230.000,187.000,,,consensus,1,1
401411128,2022,2,5,2022-10-01T19:30Z,0,1,153,259,UNC,VT,41.000,10.000,0,-9.500,57.000,-353.000,273.000,,,consensus,1,1
401416607,2022,2,5,2022-10-01T19:30Z,0,1,2649,2117,TOL,CMU,38.000,17.000,0,-6.500,56.000,-254.000,202.000,,,consensus,15,15
401416609,2022,2,5,2022-10-01T19:30Z,0,1,2006,189,AKR,BGSU,28.000,31.000,0,9.500,49.500,260.000,-334.000,,,consensus,15,15
401416610,2022,2,5,2022-10-01T19:30Z,0,1,2084,193,BUFF,M-OH,24.000,20.000,0,-3.000,50.500,-147.000,123.000,,,consensus,15,15
401416611,2022,2,5,2022-10-01T19:30Z,0,1,2309,195,KENT,OHIO,31.000,24.000,1,-12.500,65.500,-467.000,353.000,,,consensus,15,15
401421140,2022,2,5,2022-10-01T19:30Z,0,0,2026,2643,APP,CIT,49.000,0.000,0,-39.000,54.500,-10000.000,2000.000,,,consensus,37,29
401426339,2022,2,5,2022-10-01T19:30Z,0,0,276,2241,MRSH,GWEB,28.000,7.000,0,-31.000,56.000,-10000.000,3500.000,,,consensus,37,40
401403906,2022,2,5,2022-10-01T20:00Z,0,1,344,245,MSST,TA&M,42.000,24.000,0,-4.000,45.000,-194.000,162.000,,,consensus,8,8
401426575,2022,2,5,2022-10-01T20:00Z,0,1,249,2226,UNT,FAU,45.000,28.000,0,3.000,67.500,126.000,-150.000,,,consensus,12,12
401411130,2022,2,5,2022-10-01T21:00Z,0,0,183,2681,SYR,WAG,59.000,0.000,0,-54.000,62.500,-10000.000,3300.000,,,consensus,1,25
401426341,2022,2,5,2022-10-01T21:00Z,0,1,309,6,UL,USA,17.000,20.000,0,8.500,47.500,259.000,-333.000,,,consensus,37,37
401404004,2022,2,5,2022-10-01T21:30Z,0,1,265,25,WSU,CAL,28.000,9.000,0,-4.000,52.500,-187.000,156.000,,,consensus,9,9
401404161,2022,2,5,2022-10-01T22:00Z,0,0,295,2335,ODU,LIB,24.000,38.000,0,3.500,47.500,143.000,-172.000,,,consensus,37,18
401416612,2022,2,5,2022-10-01T22:00Z,0,0,2711,160,WMU,UNH,44.000,7.000,0,-15.000,52.500,-730.000,493.000,,,consensus,15,48
401426573,2022,2,5,2022-10-01T22:00Z,0,1,2429,2638,CLT,UTEP,35.000,41.000,0,3.500,56.000,141.000,-168.000,,,consensus,12,12
401403903,2022,2,5,2022-10-01T23:00Z,0,1,2,99,AUB,LSU,17.000,21.000,0,8.000,44.500,246.000,-310.000,,,consensus,8,8
401415627,2022,2,5,2022-10-01T23:00Z,0,1,202,2132,TLSA,CIN,21.000,31.000,0,10.000,59.000,299.000,-387.000,,,consensus,151,151
401426337,2022,2,5,2022-10-01T23:00Z,0,1,324,290,CCU,GASO,34.000,30.000,0,-10.000,69.500,-360.000,277.000,,,consensus,37,37
401426340,2022,2,5,2022-10-01T23:00Z,0,1,2032,2433,ARST,ULM,45.000,28.000,0,-7.000,59.000,-273.000,218.000,,,consensus,37,37
401426578,2022,2,5,2022-10-01T23:00Z,0,0,98,2653,WKU,TROY,27.000,34.000,0,-5.500,55.000,-202.000,167.000,,,consensus,12,37
401403907,2022,2,5,2022-10-01T23:30Z,0,1,142,61,MIZ,UGA,22.000,26.000,0,30.500,54.500,2000.000,-10000.000,,,consensus,8,8
401404087,2022,2,5,2022-10-01T23:30Z,0,1,251,277,TEX,WVU,38.000,20.000,0,-7.500,61.000,-299.000,236.000,,,consensus,4,4
401405102,2022,2,5,2022-10-01T23:30Z,0,1,158,84,NEB,IU,35.000,21.000,0,-6.500,61.500,-241.000,194.000,,,consensus,5,5
401411125,2022,2,5,2022-10-01T23:30Z,0,1,228,152,CLEM,NCST,30.000,20.000,0,-6.500,45.500,-255.000,206.000,,,consensus,1,1
401411126,2022,2,5,2022-10-01T23:30Z,0,1,150,258,DUKE,UVA,38.000,17.000,0,-2.000,55.000,-126.000,106.000,,,consensus,1,1
401415230,2022,2,5,2022-10-01T23:30Z,0,1,2751,23,WYO,SJSU,16.000,33.000,0,2.500,42.500,112.000,-135.000,,,consensus,17,17
401426577,2022,2,5,2022-10-01T23:30Z,0,1,242,5,RICE,UAB,28.000,24.000,0,10.500,51.000,291.000,-376.000,,,consensus,12,12
401411129,2022,2,5,2022-10-02T00:00Z,0,1,221,59,PITT,GT,21.000,26.000,0,-21.500,47.000,-2243.000,1044.000,,,consensus,1,1
401426574,2022,2,5,2022-10-02T00:00Z,0,0,166,2229,NMSU,FIU,7.000,21.000,0,-16.000,54.000,-677.000,477.000,,,consensus,18,12
401404002,2022,2,5,2022-10-02T01:30Z,0,1,12,38,ARIZ,COLO,43.000,20.000,0,-18.000,58.000,-1006.000,635.000,,,consensus,9,9
401404003,2022,2,5,2022-10-02T02:40Z,0,1,30,9,USC,ASU,42.000,25.000,0,-24.500,61.000,-4330.000,1400.000,,,consensus,9,9
401404005,2022,2,5,2022-10-02T03:00Z,0,1,2483,24,ORE,STAN,45.000,27.000,0,-17.500,63.000,-863.000,572.000,,,consensus,9,9
401403904,2022,2,5,2022-10-02T16:00Z,0,0,57,331,FLA,EWU,52.000,17.000,0,-32.000,71.500,-10000.000,2500.000,,,consensus,8,20
401415629,2022,2,6,2022-10-05T23:00Z,0,1,2116,2567,UCF,SMU,41.000,19.000,0,-3.000,65.000,-151.000,127.000,,,consensus,151,151
401405111,2022,2,6,2022-10-07T23:00Z,0,1,164,158,RUTG,NEB,13.000,14.000,0,3.000,50.500,123.000,-151.000,,,consensus,5,5
401415630,2022,2,6,2022-10-07T23:30Z,0,1,235,248,MEM,HOU,32.000,33.000,0,-1.500,57.500,-120.000,-101.000,,,consensus,151,151
401415233,2022,2,6,2022-10-08T02:30Z,0,1,2440,36,NEV,CSU,14.000,17.000,0,-3.500,45.000,-173.000,145.000,,,consensus,17,17
401415236,2022,2,6,2022-10-08T02:30Z,0,1,23,2439,SJSU,UNLV,40.000,7.000,0,-6.500,51.500,-246.000,199.000,,,consensus,17,17
401403910,2022,2,6,2022-10-08T16:00Z,0,1,57,142,FLA,MIZ,24.000,17.000,0,-10.500,53.500,-422.000,320.000,,,consensus,8,8
401403913,2022,2,6,2022-10-08T16:00Z,0,1,99,2633,LSU,TENN,13.000,40.000,0,2.500,63.500,118.000,-141.000,,,consensus,8,8
401403914,2022,2,6,2022-10-08T16:00Z,0,1,344,8,MSST,ARK,40.000,17.000,0,-8.500,55.500,-324.000,258.000,,,consensus,8,8
401404089,2022,2,6,2022-10-08T16:00Z,0,1,2305,2628,KU,TCU,31.000,38.000,0,7.000,70.000,222.000,-274.000,,,consensus,4,4
401404090,2022,2,6,2022-10-08T16:00Z,1,1,201,251,OU,TEX,0.000,49.000,0,7.500,65.500,229.000,-283.000,,,consensus,4,4
401405108,2022,2,6,2022-10-08T16:00Z,0,1,84,130,IU,MICH,10.000,31.000,0,23.500,58.000,1117.000,-2543.000,,,consensus,5,5
401405109,2022,2,6,2022-10-08T16:00Z,0,1,120,2509,MD,PUR,29.000,31.000,0,-3.000,59.500,-159.000,133.000,,,consensus,5,5
401411136,2022,2,6,2022-10-08T16:00Z,0,1,258,97,UVA,LOU,17.000,34.000,0,-1.500,47.500,-120.000,-101.000,,,consensus,1,1
401416614,2022,2,6,2022-10-08T16:00Z,0,1,2711,2199,WMU,EMU,23.000,45.000,0,-4.500,55.000,-197.000,163.000,,,consensus,15,15
401416617,2022,2,6,2022-10-08T16:00Z,0,1,189,2084,BGSU,BUFF,7.000,38.000,0,2.000,54.500,107.000,-129.000,,,consensus,15,15
401416616,2022,2,6,2022-10-08T18:00Z,0,1,195,2006,OHIO,AKR,55.000,34.000,0,-10.000,59.000,-372.000,289.000,,,consensus,15,15
401426342,2022,2,6,2022-10-08T18:00Z,0,1,2247,290,GAST,GASO,41.000,33.000,0,-2.500,66.500,-141.000,118.000,,,consensus,37,37
401415633,2022,2,6,2022-10-08T18:30Z,0,1,2132,58,CIN,USF,28.000,24.000,0,-27.000,58.500,-7046.000,1575.000,,,consensus,151,151
401403911,2022,2,6,2022-10-08T19:30Z,0,1,61,2,UGA,AUB,42.000,10.000,0,-28.000,49.500,-8824.000,1600.000,,,consensus,8,8
401404011,2022,2,6,2022-10-08T19:30Z,0,1,26,254,UCLA,UTAH,42.000,32.000,0,3.000,64.500,136.000,-162.000,,,consensus,9,9
401404091,2022,2,6,2022-10-08T19:30Z,0,1,197,2641,OKST,TTU,41.000,31.000,0,-11.500,65.500,-423.000,318.000,,,consensus,4,4
401404164,2022,2,6,2022-10-08T19:30Z,0,0,113,2335,MASS,LIB,24.000,42.000,0,22.500,46.000,1190.000,-2937.000,,,consensus,18,18
401405107,2022,2,6,2022-10-08T19:30Z,0,1,77,275,NU,WISC,7.000,42.000,0,10.000,44.500,289.000,-371.000,,,consensus,5,5
401411135,2022,2,6,2022-10-08T19:30Z,0,1,221,259,PITT,VT,45.000,29.000,0,-14.500,42.000,-592.000,427.000,,,consensus,1,1
401415631,2022,2,6,2022-10-08T19:30Z,0,1,2655,151,TULN,ECU,24.000,9.000,0,-3.000,55.500,-150.000,126.000,,,consensus,151,151
401415632,2022,2,6,2022-10-08T19:30Z,0,1,2426,202,NAVY,TLSA,53.000,21.000,0,4.500,46.000,171.000,-209.000,,,consensus,151,151
401416613,2022,2,6,2022-10-08T19:30Z,0,1,2117,2050,CMU,BALL,16.000,17.000,0,-7.500,63.500,-291.000,231.000,,,consensus,15,15
401416615,2022,2,6,2022-10-08T19:30Z,0,1,2459,2649,NIU,TOL,32.000,52.000,0,6.500,59.000,187.000,-230.000,,,consensus,15,15
401416618,2022,2,6,2022-10-08T19:30Z,0,1,193,2309,M-OH,KENT,27.000,24.000,0,5.500,56.500,173.000,-211.000,,,consensus,15,15
401426581,2022,2,6,2022-10-08T19:30Z,0,1,5,2393,UAB,MTSU,41.000,14.000,0,-10.000,53.000,-370.000,287.000,,,consensus,12,12
401403915,2022,2,6,2022-10-08T20:00Z,0,1,238,145,VAN,MISS,28.000,52.000,0,17.000,59.500,586.000,-899.000,,,consensus,8,8
401404009,2022,2,6,2022-10-08T20:00Z,0,1,9,264,ASU,WASH,45.000,38.000,0,13.500,56.000,402.000,-550.000,,,consensus,9,9
401405110,2022,2,6,2022-10-08T20:00Z,0,1,127,194,MSU,OSU,20.000,49.000,0,27.000,64.500,1614.000,-6848.000,,,consensus,5,5
401411132,2022,2,6,2022-10-08T20:00Z,0,1,59,150,GT,DUKE,23.000,20.000,1,3.500,54.000,137.000,-164.000,,,consensus,1,1
401411133,2022,2,6,2022-10-08T20:00Z,0,1,2390,153,MIA,UNC,24.000,27.000,0,-4.000,67.500,-183.000,153.000,,,consensus,1,1
401426582,2022,2,6,2022-10-08T22:00Z,0,1,2636,98,UTSA,WKU,31.000,28.000,0,-6.500,72.500,-249.000,199.000,,,consensus,12,12
401415231,2022,2,6,2022-10-08T23:00Z,0,1,328,2005,USU,AFA,34.000,27.000,0,11.500,53.500,338.000,-449.000,,,consensus,17,17
401415234,2022,2,6,2022-10-08T23:00Z,0,1,167,2751,UNM,WYO,14.000,27.000,0,3.000,37.000,138.000,-166.000,,,consensus,17,17
401426343,2022,2,6,2022-10-08T23:00Z,0,1,2032,256,ARST,JMU,20.000,42.000,0,11.500,55.000,345.000,-460.000,,,consensus,37,37
401426345,2022,2,6,2022-10-08T23:00Z,0,1,326,2026,TXST,APP,36.000,24.000,0,19.500,54.500,728.000,-1222.000,,,consensus,37,37
401426346,2022,2,6,2022-10-08T23:00Z,0,1,2653,2572,TROY,USM,27.000,10.000,0,-7.000,44.000,-273.000,218.000,,,consensus,37,37
401426579,2022,2,6,2022-10-08T23:00Z,0,0,2229,41,FIU,CONN,12.000,33.000,0,5.500,46.500,180.000,-220.000,,,consensus,12,18
401426580,2022,2,6,2022-10-08T23:00Z,0,1,2348,2638,LT,UTEP,41.000,31.000,0,-1.500,52.500,-126.000,105.000,,,consensus,12,12
401403912,2022,2,6,2022-10-08T23:30Z,0,1,96,2579,UK,SC,14.000,24.000,0,-4.500,45.000,-196.000,162.000,,,consensus,8,8
401404012,2022,2,6,2022-10-08T23:30Z,0,1,30,265,USC,WSU,30.000,14.000,0,-12.500,64.500,-453.000,341.000,,,consensus,9,9
401404088,2022,2,6,2022-10-08T23:30Z,0,1,66,2306,ISU,KSU,9.000,10.000,0,1.000,45.000,-102.000,-119.000,,,consensus,4,4
401404127,2022,2,6,2022-10-08T23:30Z,1,0,87,252,ND,BYU,28.000,20.000,0,-3.500,51.500,-178.000,148.000,,,consensus,18,18
401404138,2022,2,6,2022-10-08T23:30Z,0,0,154,349,WAKE,ARMY,45.000,10.000,0,-16.000,65.500,-722.000,499.000,,,consensus,1,18
401405106,2022,2,6,2022-10-08T23:30Z,0,1,356,2294,ILL,IOWA,9.000,6.000,0,-3.500,36.500,-175.000,146.000,,,consensus,5,5
401411131,2022,2,6,2022-10-08T23:30Z,0,1,103,228,BC,CLEM,3.000,31.000,0,21.000,48.500,843.000,-1526.000,,,consensus,1,1
401403909,2022,2,6,2022-10-09T00:00Z,0,1,333,245,ALA,TA&M,24.000,20.000,0,-24.000,48.000,-3231.000,1237.000,,,consensus,8,8
401411134,2022,2,6,2022-10-09T00:00Z,0,1,152,52,NCST,FSU,19.000,17.000,0,-3.500,50.500,-165.000,137.000,,,consensus,1,1
401426344,2022,2,6,2022-10-09T00:00Z,0,1,2433,324,ULM,CCU,21.000,28.000,0,12.500,58.000,356.000,-477.000,,,consensus,37,37
401404008,2022,2,6,2022-10-09T01:00Z,0,1,12,2483,ARIZ,ORE,22.000,49.000,0,13.500,72.000,391.000,-536.000,,,consensus,9,9
401415232,2022,2,6,2022-10-09T01:45Z,0,1,68,278,BOIS,FRES,40.000,20.000,0,-10.500,45.500,-390.000,301.000,,,consensus,17,17
401415235,2022,2,6,2022-10-09T02:30Z,0,1,21,62,SDSU,HAW,16.000,14.000,0,-23.500,49.000,-2979.000,1208.000,,,consensus,17,17
401404010,2022,2,6,2022-10-09T03:00Z,0,1,24,204,STAN,ORST,27.000,28.000,0,4.500,53.500,160.000,-194.000,,,consensus,9,9
401426347,2022,2,7,2022-10-12T23:30Z,0,1,276,309,MRSH,UL,13.000,23.000,0,-10.500,45.000,-403.000,312.000,,,consensus,37,37
401404092,2022,2,7,2022-10-13T23:00Z,0,1,277,239,WVU,BAY,43.000,40.000,0,3.000,55.000,136.000,-162.000,,,consensus,4,4
401415634,2022,2,7,2022-10-13T23:00Z,0,1,2116,218,UCF,TEM,70.000,13.000,0,-23.500,46.500,-3056.000,1224.000,,,consensus,151,151
401415635,2022,2,7,2022-10-14T23:30Z,0,1,2567,2426,SMU,NAVY,40.000,34.000,0,-12.500,58.500,-480.000,358.000,,,consensus,151,151
401426584,2022,2,7,2022-10-15T00:00Z,0,1,2229,2636,FIU,UTSA,10.000,30.000,0,33.500,63.500,1600.000,-10000.000,,,consensus,12,12
401403920,2022,2,7,2022-10-15T16:00Z,0,1,145,2,MISS,AUB,48.000,34.000,0,-15.500,55.000,-683.000,484.000,,,consensus,8,8
401404093,2022,2,7,2022-10-15T16:00Z,0,1,251,66,TEX,ISU,24.000,21.000,0,-15.500,48.500,-757.000,518.000,,,consensus,4,4
401404094,2022,2,7,2022-10-15T16:00Z,0,1,201,2305,OU,KU,52.000,42.000,0,-10.500,66.000,-366.000,286.000,,,consensus,4,4
401404139,2022,2,7,2022-10-15T16:00Z,0,0,349,2142,ARMY,COLG,42.000,17.000,0,-31.000,51.000,-10000.000,3300.000,,,consensus,18,27
401405112,2022,2,7,2022-10-15T16:00Z,0,1,356,135,ILL,MINN,26.000,14.000,0,4.500,40.000,169.000,-207.000,,,consensus,5,5
401405115,2022,2,7,2022-10-15T16:00Z,0,1,130,213,MICH,PSU,41.000,17.000,0,-7.000,49.000,-272.000,216.000,,,consensus,5,5
401416619,2022,2,7,2022-10-15T16:00Z,0,1,2006,2117,AKR,CMU,21.000,28.000,0,12.000,60.500,355.000,-468.000,,,consensus,15,15
401416622,2022,2,7,2022-10-15T16:00Z,0,1,189,193,BGSU,M-OH,17.000,13.000,0,7.000,45.000,220.000,-275.000,,,consensus,15,15
401426348,2022,2,7,2022-10-15T16:00Z,0,1,324,295,CCU,ODU,21.000,49.000,0,-11.500,58.500,-430.000,329.000,,,consensus,37,37
401411140,2022,2,7,2022-10-15T16:30Z,0,1,259,2390,VT,MIA,14.000,20.000,0,8.500,48.000,266.000,-345.000,,,consensus,1,1
401414783,2022,2,7,2022-10-15T17:00Z,0,0,113,2084,MASS,BUFF,7.000,34.000,0,17.000,47.500,559.000,-851.000,,,consensus,18,15
401404014,2022,2,7,2022-10-15T18:00Z,0,1,38,25,COLO,CAL,20.000,13.000,1,15.000,49.000,478.000,-701.000,,,consensus,9,9
401404153,2022,2,7,2022-10-15T18:00Z,0,0,2050,41,BALL,CONN,25.000,21.000,0,-9.500,47.500,-352.000,277.000,,,consensus,15,18
401403916,2022,2,7,2022-10-15T19:30Z,0,0,252,8,BYU,ARK,35.000,52.000,0,-1.000,66.500,-115.000,-106.000,,,consensus,18,8
401403918,2022,2,7,2022-10-15T19:30Z,0,1,61,238,UGA,VAN,55.000,0.000,0,-37.500,56.500,-10000.000,3000.000,,,consensus,8,8
401403921,2022,2,7,2022-10-15T19:30Z,0,1,2633,333,TENN,ALA,52.000,49.000,0,9.000,68.000,259.000,-330.000,,,consensus,8,8
401404095,2022,2,7,2022-10-15T19:30Z,0,1,2628,197,TCU,OKST,43.000,40.000,1,-5.000,69.500,-210.000,172.000,,,consensus,4,4
401404162,2022,2,7,2022-10-15T19:30Z,0,0,2335,2241,LIB,GWEB,21.000,20.000,0,-24.500,55.000,-3867.000,1390.000,,,consensus,18,40
401405114,2022,2,7,2022-10-15T19:30Z,0,1,84,120,IU,MD,33.000,38.000,0,11.000,63.500,315.000,-407.000,,,consensus,5,5
401411139,2022,2,7,2022-10-15T19:30Z,0,1,183,152,SYR,NCST,24.000,9.000,0,-3.000,42.500,-156.000,130.000,,,consensus,1,1
401416620,2022,2,7,2022-10-15T19:30Z,0,1,2199,2459,EMU,NIU,10.000,39.000,0,-3.500,64.500,-167.000,139.000,,,consensus,15,15
401416621,2022,2,7,2022-10-15T19:30Z,0,1,2649,2309,TOL,KENT,52.000,31.000,0,-7.500,62.500,-288.000,230.000,,,consensus,15,15
401416623,2022,2,7,2022-10-15T19:30Z,0,1,2711,195,WMU,OHIO,14.000,33.000,0,-2.000,61.500,-131.000,109.000,,,consensus,15,15
401426352,2022,2,7,2022-10-15T19:30Z,0,1,2653,326,TROY,TXST,17.000,14.000,0,-16.500,47.000,-842.000,564.000,,,consensus,37,37
401426583,2022,2,7,2022-10-15T19:30Z,0,1,5,2429,UAB,CLT,34.000,20.000,0,-22.500,65.000,-2156.000,1041.000,,,consensus,12,12
401426587,2022,2,7,2022-10-15T19:30Z,0,1,2393,98,MTSU,WKU,17.000,35.000,0,7.500,67.500,237.000,-297.000,,,consensus,12,12
401405116,2022,2,7,2022-10-15T20:00Z,0,1,127,275,MSU,WISC,34.000,28.000,1,7.000,49.500,217.000,-271.000,,,consensus,5,5
401415636,2022,2,7,2022-10-15T20:00Z,0,1,58,2655,USF,TULN,31.000,45.000,0,12.000,55.000,349.000,-462.000,,,consensus,151,151
401426349,2022,2,7,2022-10-15T20:00Z,0,1,290,256,GASO,JMU,45.000,38.000,0,13.000,67.500,370.000,-500.000,,,consensus,37,37
401426586,2022,2,7,2022-10-15T20:00Z,0,1,249,2348,UNT,LT,47.000,27.000,0,-6.500,68.500,-255.000,202.000,,,consensus,12,12
401404013,2022,2,7,2022-10-15T21:30Z,0,1,264,12,WASH,ARIZ,49.000,39.000,0,-14.500,71.500,-614.000,435.000,,,consensus,9,9
401426585,2022,2,7,2022-10-15T22:00Z,0,1,2226,242,FAU,RICE,17.000,14.000,0,-4.000,54.500,-200.000,164.000,,,consensus,12,12
401403917,2022,2,7,2022-10-15T23:00Z,0,1,57,99,FLA,LSU,35.000,45.000,0,-2.000,51.500,-132.000,110.000,,,consensus,8,8
401415238,2022,2,7,2022-10-15T23:00Z,0,1,36,328,CSU,USU,13.000,17.000,0,14.000,45.500,428.000,-586.000,,,consensus,17,17
401426350,2022,2,7,2022-10-15T23:00Z,0,1,6,2433,USA,ULM,41.000,34.000,0,-17.000,51.000,-889.000,588.000,,,consensus,37,37
401426351,2022,2,7,2022-10-15T23:00Z,0,1,2572,2032,USM,ARST,20.000,19.000,0,-4.500,53.000,-196.000,162.000,,,consensus,37,37
401403919,2022,2,7,2022-10-15T23:30Z,0,1,96,344,UK,MSST,27.000,17.000,0,3.500,50.500,142.000,-172.000,,,consensus,8,8
401404016,2022,2,7,2022-10-15T23:30Z,0,0,87,24,ND,STAN,14.000,16.000,0,-16.500,53.500,-813.000,553.000,,,consensus,18,9
401405113,2022,2,7,2022-10-15T23:30Z,0,1,2509,158,PUR,NEB,43.000,37.000,0,-14.000,56.000,-573.000,418.000,,,consensus,5,5
401411138,2022,2,7,2022-10-15T23:30Z,0,1,52,228,FSU,CLEM,28.000,34.000,0,4.500,51.000,167.000,-202.000,,,consensus,1,1
401415637,2022,2,7,2022-10-15T23:30Z,0,1,151,235,ECU,MEM,47.000,45.000,1,-5.500,62.500,-220.000,179.000,,,consensus,151,151
401404017,2022,2,7,2022-10-16T00:00Z,0,1,254,30,UTAH,USC,43.000,42.000,0,-3.500,65.000,-165.000,137.000,,,consensus,9,9
401409239,2022,2,7,2022-10-16T00:00Z,0,0,166,167,NMSU,UNM,21.000,9.000,0,7.000,38.500,220.000,-275.000,,,consensus,18,17
401411137,2022,2,7,2022-10-16T00:00Z,0,1,150,153,DUKE,UNC,35.000,38.000,0,7.000,70.000,219.000,-272.000,,,consensus,1,1
401404015,2022,2,7,2022-10-16T01:00Z,0,1,204,265,ORST,WSU,24.000,10.000,0,-3.000,51.500,-161.000,133.000,,,consensus,9,9
401415237,2022,2,7,2022-10-16T02:30Z,0,1,2439,2005,UNLV,AFA,7.000,42.000,0,10.000,50.000,290.000,-380.000,,,consensus,17,17
401415239,2022,2,7,2022-10-16T02:45Z,0,1,278,23,FRES,SJSU,17.000,10.000,0,7.000,47.000,223.000,-275.000,,,consensus,17,17
401415240,2022,2,7,2022-10-16T03:59Z,0,1,62,2440,HAW,NEV,31.000,16.000,0,6.500,51.500,195.000,-245.000,,,teamrankings,17,17
401426353,2022,2,8,2022-10-19T23:30Z,0,1,2026,2247,APP,GAST,42.000,17.000,0,-9.500,60.000,-333.000,265.000,,,consensus,37,37
401411141,2022,2,8,2022-10-20T23:30Z,0,1,59,258,GT,UVA,9.000,16.000,0,-3.500,47.500,-161.000,135.000,,,consensus,1,1
401426354,2022,2,8,2022-10-20T23:30Z,0,1,6,2653,USA,TROY,6.000,10.000,0,-3.000,47.000,-156.000,131.000,,,consensus,37,37
401415638,2022,2,8,2022-10-21T23:30Z,0,1,218,202,TEM,TLSA,16.000,27.000,0,13.500,53.500,406.000,-554.000,,,consensus,151,151
401426592,2022,2,8,2022-10-22T00:00Z,0,1,98,5,WKU,UAB,20.000,17.000,0,-1.000,60.500,-123.000,101.000,,,consensus,12,12
401403926,2022,2,8,2022-10-22T16:00Z,0,0,2633,2630,TENN,UTM,65.000,24.000,0,-38.500,71.500,,,,,consensus,8,26
401404096,2022,2,8,2022-10-22T16:00Z,0,1,239,2305,BAY,KU,35.000,23.000,0,-10.500,56.500,-420.000,319.000,,,consensus,4,4
401404140,2022,2,8,2022-10-22T16:00Z,0,0,349,2433,ARMY,ULM,48.000,24.000,0,-6.500,55.500,-252.000,204.000,,,consensus,18,37
401405119,2022,2,8,2022-10-22T16:00Z,0,1,194,2294,OSU,IOWA,54.000,10.000,0,-29.500,49.500,-10000.000,2000.000,,,consensus,5,5
401405121,2022,2,8,2022-10-22T16:00Z,0,1,164,84,RUTG,IU,24.000,17.000,0,-3.000,48.000,-161.000,136.000,,,consensus,5,5
401411142,2022,2,8,2022-10-22T16:00Z,0,1,228,183,CLEM,SYR,27.000,21.000,0,-14.000,50.000,-619.000,434.000,,,consensus,1,1
401415640,2022,2,8,2022-10-22T16:00Z,0,1,2426,248,NAVY,HOU,20.000,38.000,0,3.000,50.500,126.000,-152.000,,,consensus,151,151
401415641,2022,2,8,2022-10-22T16:00Z,0,1,2567,2132,SMU,CIN,27.000,29.000,0,3.500,59.500,141.000,-169.000,,,consensus,151,151
401416628,2022,2,8,2022-10-22T16:00Z,0,1,2309,2006,KENT,AKR,33.000,27.000,0,-15.500,65.000,-718.000,507.000,,,consensus,15,15
401411144,2022,2,8,2022-10-22T16:30Z,0,1,2390,150,MIA,DUKE,21.000,45.000,0,-10.000,59.000,-367.000,281.000,,,consensus,1,1
401416626,2022,2,8,2022-10-22T17:00Z,0,1,2084,2649,BUFF,TOL,34.000,27.000,0,7.000,56.000,226.000,-285.000,,,consensus,15,15
401416629,2022,2,8,2022-10-22T17:00Z,0,1,2117,189,CMU,BGSU,18.000,34.000,0,-6.500,50.500,-241.000,194.000,,,consensus,15,15
401416624,2022,2,8,2022-10-22T18:00Z,0,1,2050,2199,BALL,EMU,16.000,20.000,0,-2.500,57.500,-138.000,115.000,,,consensus,15,15
401416625,2022,2,8,2022-10-22T18:00Z,0,1,195,2459,OHIO,NIU,24.000,17.000,0,2.500,65.500,116.000,-138.000,,,consensus,15,15
401404128,2022,2,8,2022-10-22T18:30Z,0,0,87,2439,ND,UNLV,44.000,21.000,0,-26.000,46.500,-5308.000,1575.000,,,consensus,18,17
401404099,2022,2,8,2022-10-22T19:00Z,0,1,2641,277,TTU,WVU,48.000,10.000,0,-5.000,65.500,-205.000,168.000,,,consensus,4,4
401426590,2022,2,8,2022-10-22T19:00Z,0,1,2348,242,LT,RICE,41.000,42.000,1,2.500,56.500,115.000,-138.000,,,consensus,12,12
401403923,2022,2,8,2022-10-22T19:30Z,0,1,99,145,LSU,MISS,45.000,20.000,0,0.000,64.000,-111.000,-110.000,,,consensus,8,8
401404021,2022,2,8,2022-10-22T19:30Z,0,1,2483,26,ORE,UCLA,45.000,30.000,0,-7.000,70.500,-264.000,212.000,,,consensus,9,9
401404098,2022,2,8,2022-10-22T19:30Z,0,1,197,251,OKST,TEX,41.000,34.000,0,6.500,58.500,196.000,-241.000,,,consensus,4,4
401404163,2022,2,8,2022-10-22T19:30Z,0,0,2335,252,LIB,BYU,41.000,14.000,0,7.000,58.000,214.000,-267.000,,,consensus,18,18
401405117,2022,2,8,2022-10-22T19:30Z,0,1,275,2509,WISC,PUR,35.000,24.000,0,-1.500,51.500,-124.000,103.000,,,consensus,5,5
401405118,2022,2,8,2022-10-22T19:30Z,0,1,120,77,MD,NU,31.000,24.000,0,-14.500,51.000,-571.000,416.000,,,consensus,5,5
401411145,2022,2,8,2022-10-22T19:30Z,0,1,154,103,WAKE,BC,43.000,15.000,0,-20.000,60.000,-1476.000,821.000,,,consensus,1,1
401415639,2022,2,8,2022-10-22T19:30Z,0,1,2655,235,TULN,MEM,38.000,28.000,0,-7.000,55.500,-270.000,217.000,,,consensus,151,151
401416627,2022,2,8,2022-10-22T19:30Z,0,1,193,2711,M-OH,WMU,10.000,16.000,0,-7.000,44.000,-264.000,213.000,,,consensus,15,15
401426355,2022,2,8,2022-10-22T19:30Z,0,1,256,276,JMU,MRSH,12.000,26.000,0,-9.500,48.500,-369.000,286.000,,,consensus,37,37
401426356,2022,2,8,2022-10-22T19:30Z,0,1,295,290,ODU,GASO,23.000,28.000,0,-1.500,66.000,-128.000,106.000,,,consensus,37,37
401426588,2022,2,8,2022-10-22T19:30Z,0,1,2429,2229,CLT,FIU,15.000,34.000,0,-13.500,63.500,-542.000,400.000,,,consensus,12,12
401426591,2022,2,8,2022-10-22T19:30Z,0,1,2636,249,UTSA,UNT,31.000,27.000,0,-10.000,73.000,-356.000,274.000,,,consensus,12,12
401403924,2022,2,8,2022-10-22T20:00Z,0,1,142,238,MIZ,VAN,17.000,14.000,0,-14.000,49.000,-573.000,415.000,,,consensus,8,8
401404018,2022,2,8,2022-10-22T20:00Z,0,1,24,9,STAN,ASU,15.000,14.000,0,-3.000,52.000,-151.000,127.000,,,consensus,9,9
401415242,2022,2,8,2022-10-22T20:00Z,0,1,36,62,CSU,HAW,17.000,13.000,0,-6.000,46.000,-237.000,193.000,,,consensus,17,17
401426589,2022,2,8,2022-10-22T20:00Z,0,1,2638,2226,UTEP,FAU,24.000,21.000,0,3.000,50.500,129.000,-153.000,,,consensus,12,12
401426357,2022,2,8,2022-10-22T21:00Z,0,1,309,2032,UL,ARST,38.000,18.000,0,-6.500,51.000,-244.000,197.000,,,consensus,37,37
401426358,2022,2,8,2022-10-22T21:00Z,0,1,326,2572,TXST,USM,14.000,20.000,0,2.500,43.000,112.000,-134.000,,,consensus,37,37
401415243,2022,2,8,2022-10-22T22:30Z,0,1,167,278,UNM,FRES,9.000,41.000,0,9.500,40.500,284.000,-369.000,,,consensus,17,17
401403922,2022,2,8,2022-10-22T23:00Z,0,1,333,344,ALA,MSST,30.000,6.000,0,-21.000,61.500,-1735.000,939.000,,,consensus,8,8
401415241,2022,2,8,2022-10-22T23:00Z,0,1,2005,68,AFA,BOIS,14.000,19.000,0,-2.500,46.500,-132.000,110.000,,,consensus,17,17
401403925,2022,2,8,2022-10-22T23:30Z,0,1,2579,245,SC,TA&M,30.000,24.000,0,3.000,44.500,132.000,-159.000,,,consensus,8,8
401405120,2022,2,8,2022-10-22T23:30Z,0,1,213,135,PSU,MINN,45.000,17.000,0,-5.000,43.000,-220.000,179.000,,,consensus,5,5
401415642,2022,2,8,2022-10-22T23:30Z,0,1,151,2116,ECU,UCF,34.000,13.000,0,5.500,63.500,171.000,-208.000,,,consensus,151,151
401404020,2022,2,8,2022-10-23T00:00Z,0,1,204,38,ORST,COLO,42.000,9.000,0,-23.000,47.500,-3040.000,1233.000,,,consensus,9,9
401404097,2022,2,8,2022-10-23T00:00Z,0,1,2628,2306,TCU,KSU,38.000,28.000,0,-3.500,54.500,-171.000,143.000,,,consensus,4,4
401411143,2022,2,8,2022-10-23T00:00Z,0,1,97,221,LOU,PITT,24.000,10.000,0,-1.500,55.000,-123.000,101.000,,,consensus,1,1
401415244,2022,2,8,2022-10-23T01:45Z,0,1,2751,328,WYO,USU,28.000,14.000,0,-5.500,44.500,-223.000,182.000,,,consensus,17,17
401404019,2022,2,8,2022-10-23T02:30Z,0,1,25,264,CAL,WASH,21.000,28.000,0,7.500,54.500,239.000,-300.000,,,consensus,9,9
401415245,2022,2,8,2022-10-23T02:30Z,0,1,2440,21,NEV,SDSU,7.000,23.000,0,7.500,36.000,241.000,-303.000,,,consensus,17,17
401411146,2022,2,9,2022-10-27T23:30Z,0,1,152,259,NCST,VT,22.000,21.000,0,-13.500,39.000,-571.000,413.000,,,consensus,1,1
401426359,2022,2,9,2022-10-27T23:30Z,0,1,2572,309,USM,UL,39.000,24.000,0,2.500,43.000,116.000,-137.000,,,consensus,37,37
401404026,2022,2,9,2022-10-28T02:00Z,0,1,265,254,WSU,UTAH,17.000,21.000,0,7.000,56.500,235.000,-295.000,,,consensus,9,9
401415645,2022,2,9,2022-10-29T00:00Z,0,0,252,151,BYU,ECU,24.000,27.000,0,-3.500,64.000,-162.000,136.000,,,consensus,18,151
401426594,2022,2,9,2022-10-29T00:00Z,0,1,2229,2348,FIU,LT,42.000,34.000,1,6.500,57.000,197.000,-245.000,,,consensus,12,12
401403927,2022,2,9,2022-10-29T16:00Z,0,1,2,8,AUB,ARK,27.000,41.000,0,4.000,60.000,148.000,-179.000,,,consensus,8,8
401404100,2022,2,9,2022-10-29T16:00Z,0,1,66,201,ISU,OU,13.000,27.000,0,1.500,58.000,105.000,-125.000,,,consensus,4,4
401404103,2022,2,9,2022-10-29T16:00Z,0,1,277,2628,WVU,TCU,31.000,41.000,0,7.000,69.500,209.000,-259.000,,,consensus,4,4
401404129,2022,2,9,2022-10-29T16:00Z,0,0,183,87,SYR,ND,24.000,41.000,0,1.000,48.000,-109.000,-111.000,,,consensus,1,18
401404154,2022,2,9,2022-10-29T16:00Z,0,0,41,103,CONN,BC,13.000,3.000,0,8.000,44.000,242.000,-304.000,,,consensus,18,1
401405126,2022,2,9,2022-10-29T16:00Z,0,1,213,194,PSU,OSU,31.000,44.000,0,15.500,60.500,476.000,-680.000,,,consensus,5,5
401411147,2022,2,9,2022-10-29T16:00Z,0,1,52,59,FSU,GT,41.000,16.000,0,-23.500,48.000,-3088.000,1229.000,,,consensus,1,1
401415643,2022,2,9,2022-10-29T16:00Z,0,1,248,58,HOU,USF,42.000,27.000,0,-17.500,59.000,-893.000,589.000,,,consensus,151,151
401416630,2022,2,9,2022-10-29T16:00Z,0,1,2199,2649,EMU,TOL,24.000,27.000,0,4.000,54.000,159.000,-193.000,,,consensus,15,15
401416631,2022,2,9,2022-10-29T16:00Z,0,1,2006,193,AKR,M-OH,9.000,27.000,0,9.000,51.500,273.000,-352.000,,,consensus,15,15
401411150,2022,2,9,2022-10-29T16:30Z,0,1,258,2390,UVA,MIA,12.000,14.000,1,3.000,48.500,126.000,-150.000,,,consensus,1,1
401426593,2022,2,9,2022-10-29T18:00Z,0,1,242,2429,RICE,CLT,23.000,56.000,0,-15.500,61.000,-695.000,476.000,,,consensus,12,12
401405123,2022,2,9,2022-10-29T18:30Z,0,1,135,164,MINN,RUTG,31.000,0.000,0,-14.000,40.500,-616.000,438.000,,,consensus,5,5
401426361,2022,2,9,2022-10-29T19:00Z,0,1,2247,295,GAST,ODU,31.000,17.000,0,-3.500,54.000,-173.000,144.000,,,consensus,37,37
401403928,2022,2,9,2022-10-29T19:30Z,1,1,61,57,UGA,FLA,42.000,20.000,0,-23.000,56.500,-2603.000,1128.000,,,consensus,8,8
401404024,2022,2,9,2022-10-29T19:30Z,0,1,25,2483,CAL,ORE,24.000,42.000,0,16.500,56.500,569.000,-855.000,,,consensus,9,9
401404102,2022,2,9,2022-10-29T19:30Z,0,1,2306,197,KSU,OKST,48.000,0.000,0,-2.500,57.500,-140.000,117.000,,,consensus,4,4
401405122,2022,2,9,2022-10-29T19:30Z,0,1,2294,77,IOWA,NU,33.000,13.000,0,-11.500,37.500,-458.000,343.000,,,consensus,5,5
401405124,2022,2,9,2022-10-29T19:30Z,0,1,158,356,NEB,ILL,9.000,26.000,0,7.500,50.500,237.000,-297.000,,,consensus,5,5
401409242,2022,2,9,2022-10-29T19:30Z,0,0,113,166,MASS,NMSU,13.000,23.000,0,1.000,39.000,-103.000,-118.000,,,consensus,18,18
401411148,2022,2,9,2022-10-29T19:30Z,0,1,97,154,LOU,WAKE,48.000,21.000,0,3.000,66.000,131.000,-157.000,,,consensus,1,1
401415644,2022,2,9,2022-10-29T19:30Z,0,1,2116,2132,UCF,CIN,25.000,21.000,0,-1.500,55.500,-123.000,102.000,,,consensus,151,151
401415646,2022,2,9,2022-10-29T19:30Z,0,1,2426,218,NAVY,TEM,27.000,20.000,1,-14.500,41.500,-654.000,460.000,,,consensus,151,151
401415647,2022,2,9,2022-10-29T19:30Z,0,1,202,2567,TLSA,SMU,34.000,45.000,0,1.000,63.500,-102.000,-118.000,,,consensus,151,151
401426360,2022,2,9,2022-10-29T19:30Z,0,0,2026,2523,APP,RMU,42.000,3.000,0,-50.000,59.500,,,,,consensus,37,40
401426597,2022,2,9,2022-10-29T19:30Z,0,1,98,249,WKU,UNT,13.000,40.000,0,-10.000,70.000,-348.000,270.000,,,consensus,12,12
401403929,2022,2,9,2022-10-29T20:00Z,0,1,2579,142,SC,MIZ,10.000,23.000,0,-3.500,45.500,-173.000,143.000,,,consensus,8,8
401426363,2022,2,9,2022-10-29T20:00Z,0,1,2032,6,ARST,USA,3.000,31.000,0,9.000,52.000,265.000,-339.000,,,consensus,37,37
401403930,2022,2,9,2022-10-29T23:00Z,0,1,2633,96,TENN,UK,44.000,6.000,0,-10.500,62.500,-418.000,323.000,,,consensus,8,8
401404022,2022,2,9,2022-10-29T23:00Z,0,1,12,30,ARIZ,USC,37.000,45.000,0,14.000,74.000,418.000,-572.000,,,consensus,9,9
401415246,2022,2,9,2022-10-29T23:00Z,0,1,68,36,BOIS,CSU,49.000,10.000,0,-25.000,42.500,-5374.000,1588.000,,,consensus,17,17
401426362,2022,2,9,2022-10-29T23:00Z,0,1,276,324,MRSH,CCU,13.000,24.000,0,-2.500,54.000,-138.000,116.000,,,consensus,37,37
401426595,2022,2,9,2022-10-29T23:00Z,0,1,2226,5,FAU,UAB,24.000,17.000,0,4.500,45.000,166.000,-202.000,,,consensus,12,12
401403931,2022,2,9,2022-10-29T23:30Z,0,1,245,145,TA&M,MISS,28.000,31.000,0,3.000,55.500,123.000,-146.000,,,consensus,8,8
401404023,2022,2,9,2022-10-29T23:30Z,0,1,38,9,COLO,ASU,34.000,42.000,0,13.000,48.500,374.000,-501.000,,,consensus,9,9
401404101,2022,2,9,2022-10-29T23:30Z,0,1,2641,239,TTU,BAY,17.000,45.000,0,-1.500,61.000,-121.000,100.000,,,consensus,4,4
401405125,2022,2,9,2022-10-29T23:30Z,0,1,130,127,MICH,MSU,29.000,7.000,0,-22.500,55.000,-2291.000,1076.000,,,consensus,5,5
401411149,2022,2,9,2022-10-30T00:00Z,0,1,153,221,UNC,PITT,42.000,24.000,0,-2.500,65.500,-145.000,121.000,,,consensus,1,1
401426596,2022,2,9,2022-10-30T01:00Z,0,1,2638,2393,UTEP,MTSU,13.000,24.000,0,-2.500,52.000,-133.000,112.000,,,consensus,12,12
401404025,2022,2,9,2022-10-30T02:30Z,0,1,26,24,UCLA,STAN,38.000,13.000,0,-16.500,64.500,-798.000,537.000,,,consensus,9,9
401415248,2022,2,9,2022-10-30T02:30Z,0,1,278,21,FRES,SDSU,32.000,28.000,0,-10.500,44.500,-445.000,335.000,,,consensus,17,17
401415249,2022,2,9,2022-10-30T02:30Z,0,1,23,2440,SJSU,NEV,35.000,28.000,0,-24.500,44.500,-3836.000,1413.000,,,consensus,17,17
401415247,2022,2,9,2022-10-30T03:59Z,0,1,62,2751,HAW,WYO,20.000,27.000,0,11.500,50.500,342.000,-453.000,,,consensus,17,17
401416632,2022,2,10,2022-11-01T23:00Z,0,1,2309,2050,KENT,BALL,20.000,27.000,0,-7.000,61.500,-270.000,218.000,,,consensus,15,15
401416633,2022,2,10,2022-11-01T23:30Z,0,1,195,2084,OHIO,BUFF,45.000,24.000,0,2.500,61.000,111.000,-134.000,,,consensus,15,15
401416634,2022,2,10,2022-11-02T23:00Z,0,1,2459,2117,NIU,CMU,22.000,35.000,0,-4.500,53.500,-205.000,169.000,,,consensus,15,15
401416635,2022,2,10,2022-11-02T23:00Z,0,1,189,2711,BGSU,WMU,13.000,9.000,0,-5.000,48.000,-212.000,174.000,,,consensus,15,15
401426601,2022,2,10,2022-11-03T23:00Z,0,1,242,2638,RICE,UTEP,37.000,30.000,0,-3.500,47.000,-180.000,150.000,,,consensus,12,12
401426364,2022,2,10,2022-11-03T23:30Z,0,1,324,2026,CCU,APP,35.000,28.000,0,3.000,65.500,131.000,-157.000,,,consensus,37,37
401404155,2022,2,10,2022-11-04T23:00Z,0,0,41,113,CONN,MASS,27.000,10.000,0,-15.000,40.000,-763.000,511.000,,,consensus,18,18
401411151,2022,2,10,2022-11-04T23:00Z,0,1,103,150,BC,DUKE,31.000,38.000,0,11.500,47.500,353.000,-468.000,,,consensus,1,1
401404031,2022,2,10,2022-11-05T02:30Z,0,1,264,204,WASH,ORST,24.000,21.000,0,-4.500,53.500,-198.000,163.000,,,consensus,9,9
401404141,2022,2,10,2022-11-05T15:30Z,1,0,349,2005,ARMY,AFA,7.000,13.000,0,7.000,40.500,225.000,-280.000,,,consensus,18,17
401403936,2022,2,10,2022-11-05T16:00Z,0,1,142,96,MIZ,UK,17.000,21.000,0,-1.000,40.000,-116.000,-104.000,,,consensus,8,8
401403937,2022,2,10,2022-11-05T16:00Z,0,1,245,57,TA&M,FLA,24.000,41.000,0,-1.500,53.500,-126.000,104.000,,,consensus,8,8
401404108,2022,2,10,2022-11-05T16:00Z,0,1,2628,2641,TCU,TTU,34.000,24.000,0,-8.500,69.000,-331.000,259.000,,,consensus,4,4
401405128,2022,2,10,2022-11-05T16:00Z,0,1,158,135,NEB,MINN,13.000,20.000,0,14.500,44.500,474.000,-673.000,,,consensus,5,5
401405129,2022,2,10,2022-11-05T16:00Z,0,1,77,194,NU,OSU,7.000,21.000,0,37.500,55.500,2500.000,-10000.000,,,consensus,5,5
401405130,2022,2,10,2022-11-05T16:00Z,0,1,2509,2294,PUR,IOWA,3.000,24.000,0,-3.500,39.500,-176.000,146.000,,,consensus,5,5
401405131,2022,2,10,2022-11-05T16:00Z,0,1,275,120,WISC,MD,23.000,10.000,0,-5.000,47.500,-199.000,164.000,,,consensus,5,5
401411156,2022,2,10,2022-11-05T16:00Z,0,1,258,153,UVA,UNC,28.000,31.000,0,7.500,61.500,239.000,-301.000,,,consensus,1,1
401415649,2022,2,10,2022-11-05T16:00Z,0,1,202,2655,TLSA,TULN,13.000,27.000,0,6.500,56.000,204.000,-253.000,,,consensus,151,151
401426598,2022,2,10,2022-11-05T16:00Z,0,1,2429,98,CLT,WKU,7.000,59.000,0,14.500,72.500,423.000,-584.000,,,consensus,12,12
401411157,2022,2,10,2022-11-05T16:30Z,0,1,259,59,VT,GT,27.000,28.000,0,-4.000,40.500,-186.000,155.000,,,consensus,1,1
401415648,2022,2,10,2022-11-05T18:00Z,0,1,218,58,TEM,USF,54.000,28.000,0,3.500,49.000,137.000,-165.000,,,consensus,151,151
401426366,2022,2,10,2022-11-05T18:00Z,0,1,295,276,ODU,MRSH,0.000,12.000,0,3.500,46.500,142.000,-170.000,,,consensus,37,37
401404104,2022,2,10,2022-11-05T19:00Z,0,1,201,239,OU,BAY,35.000,38.000,0,-3.000,61.500,-151.000,126.000,,,consensus,4,4
401426369,2022,2,10,2022-11-05T19:00Z,0,1,2572,2247,USM,GAST,14.000,42.000,0,-2.000,48.000,-132.000,110.000,,,consensus,37,37
401426600,2022,2,10,2022-11-05T19:00Z,0,1,2348,2393,LT,MTSU,40.000,24.000,0,2.500,63.500,109.000,-130.000,,,consensus,12,12
401403933,2022,2,10,2022-11-05T19:30Z,0,1,61,2633,UGA,TENN,27.000,13.000,0,-10.000,65.500,-344.000,266.000,,,consensus,8,8
401404030,2022,2,10,2022-11-05T19:30Z,0,1,38,2483,COLO,ORE,10.000,49.000,0,31.000,62.500,2200.000,-10000.000,,,consensus,9,9
401404032,2022,2,10,2022-11-05T19:30Z,0,1,24,265,STAN,WSU,14.000,52.000,0,3.000,48.500,137.000,-163.000,,,consensus,9,9
401404105,2022,2,10,2022-11-05T19:30Z,0,1,66,277,ISU,WVU,31.000,14.000,0,-6.500,49.500,-255.000,206.000,,,consensus,4,4
401404106,2022,2,10,2022-11-05T19:30Z,0,1,2305,197,KU,OKST,37.000,16.000,0,-3.000,60.500,-154.000,129.000,,,consensus,4,4
401405127,2022,2,10,2022-11-05T19:30Z,0,1,356,127,ILL,MSU,15.000,23.000,0,-16.000,41.000,-837.000,556.000,,,consensus,5,5
401405132,2022,2,10,2022-11-05T19:30Z,0,1,84,213,IU,PSU,14.000,45.000,0,13.500,50.000,411.000,-563.000,,,consensus,5,5
401411155,2022,2,10,2022-11-05T19:30Z,0,1,221,183,PITT,SYR,19.000,9.000,0,-3.500,47.500,-173.000,144.000,,,consensus,1,1
401415252,2022,2,10,2022-11-05T19:30Z,0,1,328,167,USU,UNM,27.000,10.000,0,-14.500,42.500,-723.000,488.000,,,consensus,17,17
401415651,2022,2,10,2022-11-05T19:30Z,0,1,235,2116,MEM,UCF,28.000,35.000,0,3.000,60.500,125.000,-148.000,,,consensus,151,151
401426602,2022,2,10,2022-11-05T19:30Z,0,1,5,2636,UAB,UTSA,38.000,44.000,1,2.500,53.500,115.000,-137.000,,,consensus,12,12
401403932,2022,2,10,2022-11-05T20:00Z,0,0,8,2335,ARK,LIB,19.000,21.000,0,-14.500,61.500,-643.000,456.000,,,consensus,8,18
401415650,2022,2,10,2022-11-05T20:00Z,0,1,2132,2426,CIN,NAVY,20.000,10.000,0,-18.500,43.500,-1265.000,748.000,,,consensus,151,151
401426365,2022,2,10,2022-11-05T20:00Z,0,1,290,6,GASO,USA,31.000,38.000,0,3.500,60.500,137.000,-165.000,,,consensus,37,37
401426599,2022,2,10,2022-11-05T20:00Z,0,1,249,2229,UNT,FIU,52.000,14.000,0,-21.500,63.000,-1764.000,934.000,,,consensus,12,12
401426367,2022,2,10,2022-11-05T21:00Z,0,1,309,2653,UL,TROY,17.000,23.000,0,3.500,42.500,140.000,-167.000,,,consensus,37,37
401426368,2022,2,10,2022-11-05T21:00Z,0,1,2433,326,ULM,TXST,31.000,30.000,0,-2.500,52.500,-136.000,114.000,,,consensus,37,37
401403934,2022,2,10,2022-11-05T23:00Z,0,1,99,333,LSU,ALA,32.000,31.000,1,13.500,56.500,395.000,-549.000,,,consensus,8,8
401404107,2022,2,10,2022-11-05T23:00Z,0,1,2306,251,KSU,TEX,27.000,34.000,0,3.000,54.500,122.000,-145.000,,,consensus,4,4
401415250,2022,2,10,2022-11-05T23:00Z,0,0,68,252,BOIS,BYU,28.000,31.000,0,-9.500,54.500,-342.000,269.000,,,consensus,17,18
401415254,2022,2,10,2022-11-05T23:00Z,0,1,21,2439,SDSU,UNLV,14.000,10.000,0,-5.000,47.000,-205.000,169.000,,,consensus,17,17
401415652,2022,2,10,2022-11-05T23:00Z,0,1,2567,248,SMU,HOU,77.000,63.000,0,-3.500,66.000,-159.000,135.000,,,consensus,151,151
401403935,2022,2,10,2022-11-05T23:30Z,0,1,344,2,MSST,AUB,39.000,33.000,1,-12.500,50.500,-493.000,370.000,,,consensus,8,8
401403938,2022,2,10,2022-11-05T23:30Z,0,1,238,2579,VAN,SC,27.000,38.000,0,6.500,49.000,199.000,-251.000,,,consensus,8,8
401404027,2022,2,10,2022-11-05T23:30Z,0,1,254,12,UTAH,ARIZ,45.000,20.000,0,-17.500,67.500,-920.000,601.000,,,consensus,9,9
401404130,2022,2,10,2022-11-05T23:30Z,0,0,87,228,ND,CLEM,35.000,14.000,0,3.500,43.500,152.000,-183.000,,,consensus,18,1
401405133,2022,2,10,2022-11-05T23:30Z,0,1,164,130,RUTG,MICH,17.000,52.000,0,26.500,45.000,1800.000,-10000.000,,,consensus,5,5
401411152,2022,2,10,2022-11-05T23:30Z,0,0,97,256,LOU,JMU,34.000,10.000,0,-6.500,53.500,-261.000,213.000,,,consensus,1,37
401411153,2022,2,10,2022-11-05T23:30Z,0,1,2390,52,MIA,FSU,3.000,45.000,0,6.500,54.000,203.000,-248.000,,,consensus,1,1
401411154,2022,2,10,2022-11-06T00:00Z,0,1,152,154,NCST,WAKE,30.000,21.000,0,3.000,54.000,129.000,-156.000,,,consensus,1,1
401404028,2022,2,10,2022-11-06T02:30Z,0,1,9,26,ASU,UCLA,36.000,50.000,0,11.000,67.000,313.000,-404.000,,,consensus,9,9
401404029,2022,2,10,2022-11-06T02:30Z,0,1,30,25,USC,CAL,41.000,35.000,0,-21.000,61.000,-1563.000,854.000,,,consensus,9,9
401415251,2022,2,10,2022-11-06T02:30Z,0,1,23,36,SJSU,CSU,28.000,16.000,0,-24.000,44.500,-3977.000,1400.000,,,consensus,17,17
401415253,2022,2,10,2022-11-06T02:30Z,0,1,278,62,FRES,HAW,55.000,13.000,0,-27.500,62.000,-7553.000,1658.000,,,consensus,17,17
401416637,2022,2,11,2022-11-09T00:00Z,0,1,2006,2199,AKR,EMU,28.000,34.000,0,6.500,57.500,201.000,-248.000,,,consensus,15,15
401416638,2022,2,11,2022-11-09T00:30Z,0,1,193,195,M-OH,OHIO,21.000,37.000,0,2.500,52.000,112.000,-134.000,,,consensus,15,15
401416636,2022,2,11,2022-11-09T01:00Z,0,1,2649,2050,TOL,BALL,28.000,21.000,0,-13.500,53.500,-591.000,425.000,,,consensus,15,15
401416639,2022,2,11,2022-11-10T00:00Z,0,1,2711,2459,WMU,NIU,21.000,24.000,0,1.000,49.000,-110.000,-110.000,,,consensus,15,15
401416640,2022,2,11,2022-11-10T00:00Z,0,1,2117,2084,CMU,BUFF,31.000,27.000,0,-2.500,54.000,-144.000,121.000,,,consensus,15,15
401416641,2022,2,11,2022-11-10T00:00Z,0,1,189,2309,BGSU,KENT,6.000,40.000,0,2.500,55.500,115.000,-137.000,,,consensus,15,15
401415653,2022,2,11,2022-11-11T00:30Z,0,1,235,202,MEM,TLSA,26.000,10.000,0,-6.500,62.500,-257.000,208.000,,,consensus,151,151
401426370,2022,2,11,2022-11-11T00:30Z,0,1,309,290,UL,GASO,36.000,17.000,0,-3.500,63.000,-175.000,147.000,,,consensus,37,37
401415654,2022,2,11,2022-11-12T01:00Z,0,1,2132,151,CIN,ECU,27.000,25.000,0,-4.500,51.500,-206.000,170.000,,,consensus,151,151
401404033,2022,2,11,2022-11-12T02:30Z,0,1,30,38,USC,COLO,55.000,17.000,0,-34.500,66.000,-10000.000,1600.000,,,consensus,9,9
401415259,2022,2,11,2022-11-12T03:30Z,0,1,2439,278,UNLV,FRES,30.000,37.000,0,8.500,62.000,266.000,-340.000,,,consensus,17,17
401403939,2022,2,11,2022-11-12T17:00Z,0,1,8,99,ARK,LSU,10.000,13.000,0,3.500,59.000,163.000,-195.000,,,consensus,8,8
401403942,2022,2,11,2022-11-12T17:00Z,0,1,96,238,UK,VAN,21.000,24.000,0,-17.000,45.500,-1013.000,635.000,,,consensus,8,8
401403945,2022,2,11,2022-11-12T17:00Z,0,1,2633,142,TENN,MIZ,66.000,24.000,0,-19.500,57.500,-1401.000,789.000,,,consensus,8,8
401404112,2022,2,11,2022-11-12T17:00Z,0,1,277,201,WVU,OU,23.000,20.000,0,8.500,68.500,244.000,-304.000,,,consensus,4,4
401404131,2022,2,11,2022-11-12T17:00Z,1,0,2426,87,NAVY,ND,32.000,35.000,0,17.000,40.500,622.000,-1000.000,,,consensus,151,18
401404156,2022,2,11,2022-11-12T17:00Z,0,0,41,2335,CONN,LIB,36.000,33.000,0,13.500,45.000,429.000,-592.000,,,consensus,18,18
401405134,2022,2,11,2022-11-12T17:00Z,0,1,356,2509,ILL,PUR,24.000,31.000,0,-6.000,44.500,-238.000,193.000,,,consensus,5,5
401405138,2022,2,11,2022-11-12T17:00Z,0,1,127,164,MSU,RUTG,27.000,21.000,0,-10.000,41.000,-398.000,303.000,,,consensus,5,5
401405139,2022,2,11,2022-11-12T17:00Z,0,1,194,84,OSU,IU,56.000,14.000,0,-40.500,62.000,-10000.000,1600.000,,,consensus,5,5
401411159,2022,2,11,2022-11-12T17:00Z,0,1,150,259,DUKE,VT,24.000,7.000,0,-10.000,49.500,-361.000,279.000,,,consensus,1,1
401411163,2022,2,11,2022-11-12T17:00Z,0,1,258,221,UVA,PITT,7.000,37.000,0,5.500,41.500,178.000,-218.000,,,consensus,1,1
401415656,2022,2,11,2022-11-12T17:00Z,0,1,58,2567,USF,SMU,23.000,41.000,0,17.500,72.500,581.000,-892.000,,,consensus,151,151
401426372,2022,2,11,2022-11-12T18:00Z,0,1,2247,2433,GAST,ULM,28.000,31.000,0,-13.500,59.500,-563.000,409.000,,,consensus,37,37
401426374,2022,2,11,2022-11-12T18:00Z,0,1,295,256,ODU,JMU,3.000,37.000,0,7.500,48.000,229.000,-285.000,,,consensus,37,37
401409241,2022,2,11,2022-11-12T19:00Z,0,0,166,2320,NMSU,LAM,51.000,14.000,0,-22.000,48.500,-2353.000,1081.000,,,consensus,18,30
401426607,2022,2,11,2022-11-12T19:00Z,0,1,98,242,WKU,RICE,45.000,10.000,0,-13.500,61.000,-539.000,398.000,,,consensus,12,12
401414784,2022,2,11,2022-11-12T20:00Z,0,0,2032,113,ARST,MASS,35.000,33.000,0,-17.500,49.500,-962.000,614.000,,,consensus,37,18
401415655,2022,2,11,2022-11-12T20:00Z,0,1,248,218,HOU,TEM,43.000,36.000,0,-20.000,56.000,-1277.000,756.000,,,consensus,151,151
401403943,2022,2,11,2022-11-12T20:30Z,0,1,145,333,MISS,ALA,24.000,30.000,0,11.000,65.500,326.000,-428.000,,,consensus,8,8
401404035,2022,2,11,2022-11-12T20:30Z,0,1,265,9,WSU,ASU,28.000,18.000,0,-9.500,59.500,-357.000,279.000,,,consensus,9,9
401404110,2022,2,11,2022-11-12T20:30Z,0,1,197,66,OKST,ISU,20.000,14.000,0,2.500,47.500,117.000,-139.000,,,consensus,4,4
401404142,2022,2,11,2022-11-12T20:30Z,0,0,2653,349,TROY,ARMY,10.000,9.000,0,-8.500,45.500,-336.000,262.000,,,consensus,37,18
401405135,2022,2,11,2022-11-12T20:30Z,0,1,2294,275,IOWA,WISC,24.000,10.000,0,1.500,35.500,-114.000,-107.000,,,consensus,5,5
401405136,2022,2,11,2022-11-12T20:30Z,0,1,135,77,MINN,NU,31.000,3.000,0,-17.000,41.000,-988.000,632.000,,,consensus,5,5
401405137,2022,2,11,2022-11-12T20:30Z,0,1,130,158,MICH,NEB,34.000,3.000,0,-30.500,49.500,-8000.000,1700.000,,,consensus,5,5
401405140,2022,2,11,2022-11-12T20:30Z,0,1,213,120,PSU,MD,30.000,0.000,0,-10.500,56.500,-407.000,314.000,,,consensus,5,5
401411158,2022,2,11,2022-11-12T20:30Z,0,1,228,97,CLEM,LOU,31.000,16.000,0,-7.000,52.000,-272.000,219.000,,,consensus,1,1
401411160,2022,2,11,2022-11-12T20:30Z,0,1,59,2390,GT,MIA,14.000,35.000,0,-2.000,43.500,-128.000,107.000,,,consensus,1,1
401411161,2022,2,11,2022-11-12T20:30Z,0,1,152,103,NCST,BC,20.000,21.000,0,-18.000,41.000,-1421.000,802.000,,,consensus,1,1
401415256,2022,2,11,2022-11-12T20:30Z,0,1,2005,167,AFA,UNM,35.000,3.000,0,-21.000,37.000,-1924.000,1017.000,,,consensus,17,17
401415657,2022,2,11,2022-11-12T20:30Z,0,1,2655,2116,TULN,UCF,31.000,38.000,0,-1.000,54.500,-116.000,-104.000,,,consensus,151,151
401426373,2022,2,11,2022-11-12T20:30Z,0,1,276,2026,MRSH,APP,28.000,21.000,0,2.000,47.500,108.000,-129.000,,,consensus,37,37
401426603,2022,2,11,2022-11-12T20:30Z,0,1,2393,2429,MTSU,CLT,24.000,14.000,0,-10.000,67.000,-383.000,298.000,,,consensus,12,12
401426605,2022,2,11,2022-11-12T20:30Z,0,1,2636,2348,UTSA,LT,51.000,7.000,0,-17.500,68.500,-937.000,601.000,,,consensus,12,12
401426606,2022,2,11,2022-11-12T20:30Z,0,1,5,249,UAB,UNT,41.000,21.000,0,-6.500,58.000,-241.000,193.000,,,consensus,12,12
401403941,2022,2,11,2022-11-12T21:00Z,0,1,57,2579,FLA,SC,38.000,6.000,0,-8.000,58.000,-327.000,255.000,,,consensus,8,8
401426375,2022,2,11,2022-11-12T22:00Z,0,1,6,326,USA,TXST,38.000,21.000,0,-16.500,46.000,-825.000,553.000,,,consensus,37,37
401403944,2022,2,11,2022-11-13T00:00Z,0,1,344,61,MSST,UGA,19.000,45.000,0,16.500,53.000,552.000,-829.000,,,consensus,8,8
401404037,2022,2,11,2022-11-13T00:00Z,0,1,2483,264,ORE,WASH,34.000,37.000,0,-12.000,74.000,-514.000,379.000,,,consensus,9,9
401404109,2022,2,11,2022-11-13T00:00Z,0,1,239,2306,BAY,KSU,3.000,31.000,0,-2.500,52.500,-140.000,117.000,,,consensus,4,4
401404111,2022,2,11,2022-11-13T00:00Z,0,1,2641,2305,TTU,KU,43.000,28.000,0,-3.500,63.500,-178.000,149.000,,,consensus,4,4
401415258,2022,2,11,2022-11-13T00:00Z,0,1,36,2751,CSU,WYO,13.000,14.000,0,8.500,42.500,265.000,-340.000,,,consensus,17,17
401426604,2022,2,11,2022-11-13T00:00Z,0,1,2229,2226,FIU,FAU,7.000,52.000,0,15.500,54.500,494.000,-702.000,,,consensus,12,12
401403940,2022,2,11,2022-11-13T00:30Z,0,1,2,245,AUB,TA&M,13.000,10.000,0,-1.500,48.500,-120.000,-101.000,,,consensus,8,8
401404113,2022,2,11,2022-11-13T00:30Z,0,1,251,2628,TEX,TCU,10.000,17.000,0,-7.500,66.000,-287.000,230.000,,,consensus,4,4
401411164,2022,2,11,2022-11-13T00:30Z,0,1,154,153,WAKE,UNC,34.000,36.000,0,-4.500,79.000,-196.000,161.000,,,consensus,1,1
401426371,2022,2,11,2022-11-13T00:30Z,0,1,324,2572,CCU,USM,26.000,23.000,0,-5.000,48.000,-203.000,167.000,,,consensus,37,37
401411162,2022,2,11,2022-11-13T01:00Z,0,1,183,52,SYR,FSU,3.000,38.000,0,7.000,51.000,233.000,-293.000,,,consensus,1,1
401404036,2022,2,11,2022-11-13T02:00Z,0,1,204,25,ORST,CAL,38.000,10.000,0,-11.500,47.000,-455.000,340.000,,,consensus,9,9
401404038,2022,2,11,2022-11-13T03:00Z,0,1,254,24,UTAH,STAN,42.000,7.000,0,-24.000,54.000,-3172.000,1269.000,,,consensus,9,9
401404034,2022,2,11,2022-11-13T03:30Z,0,1,26,12,UCLA,ARIZ,28.000,34.000,0,-20.000,77.500,-1245.000,740.000,,,consensus,9,9
401415255,2022,2,11,2022-11-13T03:30Z,0,1,2440,68,NEV,BOIS,3.000,41.000,0,21.000,47.500,941.000,-1856.000,,,consensus,17,17
401415260,2022,2,11,2022-11-13T03:30Z,0,1,21,23,SDSU,SJSU,43.000,27.000,0,2.000,41.500,115.000,-137.000,,,consensus,17,17
401415257,2022,2,11,2022-11-13T04:00Z,0,1,62,328,HAW,USU,34.000,41.000,0,10.500,55.000,303.000,-392.000,,,consensus,17,17
401416642,2022,2,12,2022-11-16T00:00Z,0,1,2649,189,TOL,BGSU,35.000,42.000,0,-14.500,46.500,-666.000,473.000,,,consensus,15,15
401416643,2022,2,12,2022-11-16T00:00Z,0,1,2050,195,BALL,OHIO,18.000,32.000,0,3.500,57.500,149.000,-178.000,,,consensus,15,15
401416644,2022,2,12,2022-11-16T23:00Z,0,1,2309,2199,KENT,EMU,24.000,31.000,0,-7.500,60.000,-302.000,242.000,,,consensus,15,15
401416646,2022,2,12,2022-11-17T00:00Z,0,1,2459,193,NIU,M-OH,23.000,29.000,0,-1.000,44.000,-116.000,-104.000,,,consensus,15,15
401416645,2022,2,12,2022-11-17T01:00Z,0,1,2117,2711,CMU,WMU,10.000,12.000,0,-10.000,48.500,-374.000,293.000,,,consensus,15,15
401415658,2022,2,12,2022-11-18T00:30Z,0,1,2655,2567,TULN,SMU,59.000,24.000,0,-3.500,65.000,-166.000,142.000,,,consensus,151,151
401415659,2022,2,12,2022-11-19T02:00Z,0,1,202,58,TLSA,USF,48.000,42.000,0,-13.500,57.500,-509.000,384.000,,,consensus,151,151
401415264,2022,2,12,2022-11-19T02:45Z,0,1,167,21,UNM,SDSU,10.000,34.000,0,14.500,36.000,478.000,-674.000,,,consensus,17,17
401415661,2022,2,12,2022-11-19T16:00Z,0,1,2116,2426,UCF,NAVY,14.000,17.000,0,-15.500,53.000,-723.000,509.000,,,consensus,151,151
401403946,2022,2,12,2022-11-19T17:00Z,0,0,333,2046,ALA,APSU,34.000,0.000,0,-45.000,58.000,,,,,consensus,8,176
401403951,2022,2,12,2022-11-19T17:00Z,0,0,344,2193,MSST,ETSU,56.000,7.000,0,-39.000,62.500,,,,,consensus,8,29
401403954,2022,2,12,2022-11-19T17:00Z,0,0,245,113,TA&M,MASS,20.000,3.000,0,-32.000,46.000,,,,,consensus,8,18
401403955,2022,2,12,2022-11-19T17:00Z,0,1,238,57,VAN,FLA,31.000,24.000,0,14.000,58.000,442.000,-610.000,,,consensus,8,8
401404114,2022,2,12,2022-11-19T17:00Z,0,1,239,2628,BAY,TCU,28.000,29.000,0,2.000,58.000,108.000,-128.000,,,consensus,4,4
401404143,2022,2,12,2022-11-19T17:00Z,0,0,349,41,ARMY,CONN,34.000,17.000,0,-10.500,45.000,-404.000,317.000,,,consensus,18,18
401404165,2022,2,12,2022-11-19T17:00Z,0,0,2335,259,LIB,VT,22.000,23.000,0,-10.500,46.500,-401.000,316.000,,,consensus,18,1
401405142,2022,2,12,2022-11-19T17:00Z,0,1,158,275,NEB,WISC,14.000,15.000,0,10.000,40.500,305.000,-390.000,,,consensus,5,5
401405143,2022,2,12,2022-11-19T17:00Z,0,1,2509,77,PUR,NU,17.000,9.000,0,-17.500,44.500,-997.000,637.000,,,consensus,5,5
401405145,2022,2,12,2022-11-19T17:00Z,0,1,130,356,MICH,ILL,19.000,17.000,0,-17.000,41.500,-991.000,626.000,,,consensus,5,5
401405146,2022,2,12,2022-11-19T17:00Z,0,1,127,84,MSU,IU,31.000,39.000,1,-12.000,47.500,-477.000,364.000,,,consensus,5,5
401411166,2022,2,12,2022-11-19T17:00Z,0,0,52,309,FSU,UL,49.000,17.000,0,-25.000,52.500,-3730.000,1394.000,,,consensus,1,37
401411169,2022,2,12,2022-11-19T17:00Z,0,1,221,150,PITT,DUKE,28.000,26.000,0,-7.000,49.000,-267.000,219.000,,,consensus,1,1
401426611,2022,2,12,2022-11-19T18:00Z,0,1,242,2636,RICE,UTSA,7.000,41.000,0,14.000,56.000,423.000,-571.000,,,consensus,12,12
401404039,2022,2,12,2022-11-19T19:00Z,0,1,12,265,ARIZ,WSU,20.000,31.000,0,4.000,63.000,149.000,-176.000,,,consensus,9,9
401404117,2022,2,12,2022-11-19T19:00Z,0,1,277,2306,WVU,KSU,31.000,48.000,0,8.000,54.500,247.000,-308.000,,,consensus,4,4
401415660,2022,2,12,2022-11-19T19:00Z,0,1,151,248,ECU,HOU,3.000,42.000,0,-6.000,66.500,-231.000,191.000,,,consensus,151,151
401415662,2022,2,12,2022-11-19T19:00Z,0,0,235,2453,MEM,UNA,59.000,0.000,0,-36.000,67.500,,,,,consensus,151,176
401426378,2022,2,12,2022-11-19T19:00Z,0,1,256,2247,JMU,GAST,42.000,40.000,0,-10.000,52.000,-363.000,286.000,,,consensus,37,37
401404040,2022,2,12,2022-11-19T19:15Z,0,1,9,204,ASU,ORST,7.000,31.000,0,7.500,53.500,237.000,-292.000,,,consensus,9,9
401404132,2022,2,12,2022-11-19T19:30Z,0,0,87,103,ND,BC,44.000,0.000,0,-20.000,42.000,-1532.000,913.000,,,consensus,18,1
401426376,2022,2,12,2022-11-19T19:30Z,0,1,2026,295,APP,ODU,27.000,14.000,0,-16.000,50.500,-763.000,533.000,,,consensus,37,37
401403949,2022,2,12,2022-11-19T20:30Z,0,1,96,61,UK,UGA,6.000,16.000,0,22.500,47.500,1059.000,-2081.000,,,consensus,8,8
401404116,2022,2,12,2022-11-19T20:30Z,0,1,2305,251,KU,TEX,14.000,55.000,0,9.000,63.500,257.000,-329.000,,,consensus,4,4
401405144,2022,2,12,2022-11-19T20:30Z,0,1,120,194,MD,OSU,30.000,43.000,0,26.000,62.500,1700.000,-6681.000,,,consensus,5,5
401405147,2022,2,12,2022-11-19T20:30Z,0,1,164,213,RUTG,PSU,10.000,55.000,0,18.500,45.000,698.000,-1170.000,,,consensus,5,5
401411165,2022,2,12,2022-11-19T20:30Z,0,1,228,2390,CLEM,MIA,40.000,10.000,0,-19.000,47.500,-1135.000,712.000,,,consensus,1,1
401411167,2022,2,12,2022-11-19T20:30Z,0,1,97,152,LOU,NCST,25.000,10.000,0,-4.000,43.000,-185.000,157.000,,,consensus,1,1
401420863,2022,2,12,2022-11-19T20:30Z,0,0,252,3101,BYU,UTU,52.000,26.000,0,-37.500,63.500,-20000.000,4000.000,,,ESPN BET,18,16
401426379,2022,2,12,2022-11-19T20:30Z,0,1,2572,6,USM,USA,20.000,27.000,0,7.500,45.000,254.000,-320.000,,,consensus,37,37
401426381,2022,2,12,2022-11-19T20:30Z,0,1,2653,2433,TROY,ULM,34.000,16.000,0,-15.000,48.500,-716.000,508.000,,,consensus,37,37
401426608,2022,2,12,2022-11-19T20:30Z,0,1,2429,2348,CLT,LT,26.000,21.000,0,2.000,66.500,107.000,-127.000,,,consensus,12,12
401426610,2022,2,12,2022-11-19T20:30Z,0,1,2393,2226,MTSU,FAU,49.000,21.000,0,5.500,51.000,173.000,-208.000,,,consensus,12,12
401405141,2022,2,12,2022-11-19T21:00Z,0,1,135,2294,MINN,IOWA,10.000,13.000,0,-2.000,31.500,-130.000,109.000,,,consensus,5,5
401415663,2022,2,12,2022-11-19T21:00Z,0,1,218,2132,TEM,CIN,3.000,23.000,0,17.000,49.000,610.000,-920.000,,,consensus,151,151
401426609,2022,2,12,2022-11-19T21:00Z,0,1,2638,2229,UTEP,FIU,40.000,6.000,0,-14.000,50.000,-605.000,439.000,,,consensus,12,12
401426613,2022,2,12,2022-11-19T21:00Z,0,0,2,98,AUB,WKU,41.000,17.000,0,-5.000,54.000,-212.000,176.000,,,consensus,8,12
401426380,2022,2,12,2022-11-19T22:00Z,0,1,326,2032,TXST,ARST,16.000,13.000,0,-6.000,50.000,-231.000,190.000,,,consensus,37,37
401404041,2022,2,12,2022-11-19T22:30Z,0,1,25,24,CAL,STAN,27.000,20.000,0,-5.000,46.000,-204.000,170.000,,,consensus,9,9
401411168,2022,2,12,2022-11-19T22:30Z,0,1,153,59,UNC,GT,17.000,21.000,0,-21.000,63.000,-1727.000,957.000,,,consensus,1,1
401426377,2022,2,12,2022-11-19T23:00Z,0,1,290,276,GASO,MRSH,10.000,23.000,0,6.000,52.500,194.000,-236.000,,,consensus,37,37
401403953,2022,2,12,2022-11-20T00:00Z,0,1,2579,2633,SC,TENN,63.000,38.000,0,22.500,67.000,1065.000,-2192.000,,,consensus,8,8
401404115,2022,2,12,2022-11-20T00:00Z,0,1,66,2641,ISU,TTU,10.000,14.000,0,-3.500,47.500,-169.000,144.000,,,consensus,4,4
401415261,2022,2,12,2022-11-20T00:00Z,0,1,2751,68,WYO,BOIS,17.000,20.000,0,14.500,44.500,434.000,-592.000,,,consensus,17,17
401403947,2022,2,12,2022-11-20T00:30Z,0,1,8,145,ARK,MISS,42.000,27.000,0,1.000,68.000,-105.000,-116.000,,,consensus,8,8
401403952,2022,2,12,2022-11-20T00:30Z,0,0,142,166,MIZ,NMSU,45.000,14.000,0,-29.000,46.500,-10000.000,1800.000,,,consensus,8,18
401404118,2022,2,12,2022-11-20T00:30Z,0,1,201,197,OU,OKST,28.000,13.000,0,-7.000,67.500,-282.000,226.000,,,consensus,4,4
401404044,2022,2,12,2022-11-20T01:00Z,0,1,26,30,UCLA,USC,45.000,48.000,0,2.500,77.500,113.000,-133.000,,,consensus,9,9
401411171,2022,2,12,2022-11-20T01:00Z,0,1,154,183,WAKE,SYR,45.000,35.000,0,-9.500,58.500,-353.000,279.000,,,consensus,1,1
401404042,2022,2,12,2022-11-20T02:00Z,0,1,264,38,WASH,COLO,54.000,7.000,0,-30.500,60.500,-10000.000,1600.000,,,consensus,9,9
401415262,2022,2,12,2022-11-20T02:00Z,0,1,2005,36,AFA,CSU,24.000,12.000,0,-21.500,43.000,-2707.000,1100.000,,,consensus,17,17
401426612,2022,2,12,2022-11-20T02:00Z,0,0,99,5,LSU,UAB,41.000,10.000,0,-15.000,50.500,-724.000,509.000,,,consensus,8,12
401415265,2022,2,12,2022-11-20T02:45Z,0,1,328,23,USU,SJSU,35.000,31.000,0,-1.000,51.000,-119.000,-101.000,,,consensus,17,17
401404043,2022,2,12,2022-11-20T03:30Z,0,1,2483,254,ORE,UTAH,20.000,17.000,0,-1.000,61.500,-110.000,-109.000,,,consensus,9,9
401415263,2022,2,12,2022-11-20T03:30Z,0,1,2440,278,NEV,FRES,14.000,41.000,0,22.500,54.000,1141.000,-2439.000,,,consensus,17,17
401415266,2022,2,12,2022-11-20T04:00Z,0,1,62,2439,HAW,UNLV,31.000,25.000,0,11.000,56.500,326.000,-427.000,,,consensus,17,17
401416648,2022,2,13,2022-11-23T00:00Z,0,1,193,2050,M-OH,BALL,18.000,17.000,0,-2.500,45.000,-133.000,112.000,,,consensus,15,15
401416649,2022,2,13,2022-11-23T00:00Z,0,1,195,189,OHIO,BGSU,38.000,14.000,0,-5.500,52.500,-229.000,190.000,,,consensus,15,15
401403956,2022,2,13,2022-11-25T00:00Z,0,1,145,344,MISS,MSST,22.000,24.000,0,-2.500,63.000,-136.000,115.000,,,consensus,8,8
401404119,2022,2,13,2022-11-25T17:00Z,0,1,251,239,TEX,BAY,38.000,27.000,0,-10.000,55.000,-380.000,297.000,,,consensus,4,4
401415269,2022,2,13,2022-11-25T17:00Z,0,1,68,328,BOIS,USU,42.000,23.000,0,-16.500,52.000,-860.000,576.000,,,consensus,17,17
401415665,2022,2,13,2022-11-25T17:00Z,0,1,2132,2655,CIN,TULN,24.000,27.000,0,1.000,44.000,-104.000,-116.000,,,consensus,151,151
401416650,2022,2,13,2022-11-25T17:00Z,0,1,2199,2117,EMU,CMU,38.000,19.000,0,-1.000,53.500,-114.000,-106.000,,,consensus,15,15
401416651,2022,2,13,2022-11-25T17:00Z,0,1,2711,2649,WMU,TOL,20.000,14.000,0,8.500,50.500,269.000,-343.000,,,consensus,15,15
401404045,2022,2,13,2022-11-25T20:00Z,0,1,12,9,ARIZ,ASU,38.000,35.000,0,-4.000,66.500,-190.000,158.000,,,consensus,9,9
401403961,2022,2,13,2022-11-25T20:30Z,0,1,142,8,MIZ,ARK,29.000,27.000,0,3.500,55.500,140.000,-166.000,,,consensus,8,8
401411172,2022,2,13,2022-11-25T20:30Z,0,1,153,152,UNC,NCST,27.000,30.000,1,-6.500,56.000,-244.000,198.000,,,consensus,1,1
401415268,2022,2,13,2022-11-25T20:30Z,0,1,36,167,CSU,UNM,17.000,0.000,0,-7.000,36.000,-297.000,239.000,,,consensus,17,17
401405148,2022,2,13,2022-11-25T21:00Z,0,1,2294,158,IOWA,NEB,17.000,24.000,0,-10.500,38.000,-417.000,319.000,,,consensus,5,5
401404046,2022,2,13,2022-11-25T21:30Z,0,1,25,26,CAL,UCLA,28.000,35.000,0,11.500,62.500,337.000,-441.000,,,consensus,9,9
401403958,2022,2,13,2022-11-26T00:30Z,0,0,52,57,FSU,FLA,45.000,38.000,0,-10.000,58.000,-361.000,285.000,,,consensus,1,8
401415270,2022,2,13,2022-11-26T03:00Z,0,1,278,2751,FRES,WYO,30.000,0.000,0,-14.000,50.500,-605.000,439.000,,,consensus,17,17
401403959,2022,2,13,2022-11-26T17:00Z,0,0,61,59,UGA,GT,37.000,14.000,0,-36.500,49.000,,,,,consensus,8,1
401403962,2022,2,13,2022-11-26T17:00Z,0,0,228,2579,CLEM,SC,30.000,31.000,0,-14.000,53.000,-623.000,450.000,,,consensus,1,8
401404123,2022,2,13,2022-11-26T17:00Z,0,1,197,277,OKST,WVU,19.000,24.000,0,-5.500,60.000,-229.000,189.000,,,consensus,4,4
401404144,2022,2,13,2022-11-26T17:00Z,0,0,113,349,MASS,ARMY,7.000,44.000,0,20.000,45.000,806.000,-1384.000,,,consensus,18,18
401404166,2022,2,13,2022-11-26T17:00Z,0,0,2335,166,LIB,NMSU,14.000,49.000,0,-24.000,50.500,-3420.000,1355.000,,,consensus,18,18
401405152,2022,2,13,2022-11-26T17:00Z,0,1,120,164,MD,RUTG,37.000,0.000,0,-14.500,48.500,-612.000,445.000,,,consensus,5,5
401405153,2022,2,13,2022-11-26T17:00Z,0,1,194,130,OSU,MICH,23.000,45.000,0,-9.000,56.000,-352.000,276.000,,,consensus,5,5
401426383,2022,2,13,2022-11-26T17:00Z,0,1,256,324,JMU,CCU,47.000,7.000,0,-15.500,53.000,-680.000,491.000,,,consensus,37,37
401426389,2022,2,13,2022-11-26T17:00Z,0,1,6,295,USA,ODU,27.000,20.000,0,-16.500,47.000,-805.000,553.000,,,consensus,37,37
401426390,2022,2,13,2022-11-26T17:00Z,0,1,276,2247,MRSH,GAST,28.000,23.000,0,-6.500,45.500,-245.000,201.000,,,consensus,37,37
401426615,2022,2,13,2022-11-26T17:00Z,0,1,2226,98,FAU,WKU,31.000,32.000,1,7.500,62.000,248.000,-309.000,,,consensus,12,12
401415664,2022,2,13,2022-11-26T18:00Z,0,1,218,151,TEM,ECU,46.000,49.000,0,9.500,52.000,297.000,-377.000,,,consensus,151,151
401416653,2022,2,13,2022-11-26T18:00Z,0,1,2084,2309,BUFF,KENT,27.000,30.000,1,-4.500,51.000,-197.000,164.000,,,consensus,15,15
401416652,2022,2,13,2022-11-26T18:30Z,0,1,2459,2006,NIU,AKR,12.000,44.000,0,-9.500,52.000,-358.000,280.000,,,consensus,15,15
401426617,2022,2,13,2022-11-26T19:00Z,0,1,249,242,UNT,RICE,21.000,17.000,0,-14.500,57.000,-619.000,447.000,,,consensus,12,12
401403960,2022,2,13,2022-11-26T20:00Z,0,0,96,97,UK,LOU,26.000,13.000,0,-3.500,42.500,-171.000,146.000,,,consensus,8,1
401403957,2022,2,13,2022-11-26T20:30Z,0,1,333,2,ALA,AUB,49.000,27.000,0,-22.000,51.000,-2201.000,1096.000,,,consensus,8,8
401404047,2022,2,13,2022-11-26T20:30Z,0,1,204,2483,ORST,ORE,38.000,34.000,0,-1.000,57.000,-118.000,-102.000,,,consensus,9,9
401405149,2022,2,13,2022-11-26T20:30Z,0,1,77,356,NU,ILL,3.000,41.000,0,14.500,38.000,463.000,-650.000,,,consensus,5,5
401405150,2022,2,13,2022-11-26T20:30Z,0,1,275,135,WISC,MINN,16.000,23.000,0,-3.000,36.500,-158.000,134.000,,,consensus,5,5
401405151,2022,2,13,2022-11-26T20:30Z,0,1,84,2509,IU,PUR,16.000,30.000,0,10.000,53.000,290.000,-370.000,,,consensus,5,5
401411174,2022,2,13,2022-11-26T20:30Z,0,1,150,154,DUKE,WAKE,34.000,31.000,0,3.000,67.500,135.000,-158.000,,,consensus,1,1
401415271,2022,2,13,2022-11-26T20:30Z,0,1,23,62,SJSU,HAW,27.000,14.000,0,-15.000,58.000,-692.000,492.000,,,consensus,17,17
401415666,2022,2,13,2022-11-26T20:30Z,0,1,2567,235,SMU,MEM,34.000,31.000,0,-4.500,68.500,-190.000,160.000,,,consensus,151,151
401426384,2022,2,13,2022-11-26T20:30Z,0,1,2032,2653,ARST,TROY,19.000,48.000,0,13.500,44.000,409.000,-552.000,,,consensus,37,37
401426616,2022,2,13,2022-11-26T20:30Z,0,1,2348,5,LT,UAB,27.000,37.000,0,18.000,55.500,635.000,-977.000,,,consensus,12,12
401426618,2022,2,13,2022-11-26T20:30Z,0,1,2636,2638,UTSA,UTEP,34.000,31.000,0,-16.500,56.500,-887.000,590.000,,,consensus,12,12
401404048,2022,2,13,2022-11-26T21:00Z,0,1,38,254,COLO,UTAH,21.000,63.000,0,29.500,52.000,,,,,consensus,9,9
401404120,2022,2,13,2022-11-26T21:00Z,0,1,2628,66,TCU,ISU,62.000,14.000,0,-9.500,45.500,-367.000,287.000,,,consensus,4,4
401405154,2022,2,13,2022-11-26T21:00Z,0,1,213,127,PSU,MSU,35.000,16.000,0,-19.000,54.500,-1155.000,726.000,,,consensus,5,5
401426385,2022,2,13,2022-11-26T22:00Z,0,1,2433,2572,ULM,USM,10.000,20.000,0,3.000,50.000,134.000,-157.000,,,consensus,37,37
401426386,2022,2,13,2022-11-26T22:00Z,0,1,326,309,TXST,UL,13.000,41.000,0,5.000,44.000,176.000,-211.000,,,consensus,37,37
401415272,2022,2,13,2022-11-26T23:00Z,0,1,2439,2440,UNLV,NEV,27.000,22.000,0,-12.500,49.000,-491.000,374.000,,,consensus,17,17
401426382,2022,2,13,2022-11-26T23:00Z,0,1,290,2026,GASO,APP,51.000,48.000,1,6.500,66.000,195.000,-238.000,,,consensus,37,37
401426614,2022,2,13,2022-11-26T23:00Z,0,1,2229,2393,FIU,MTSU,28.000,33.000,0,19.500,54.500,747.000,-1197.000,,,consensus,12,12
401403963,2022,2,13,2022-11-27T00:00Z,0,1,245,99,TA&M,LSU,38.000,23.000,0,10.000,47.500,299.000,-381.000,,,consensus,8,8
401415667,2022,2,13,2022-11-27T00:00Z,0,1,58,2116,USF,UCF,39.000,46.000,0,20.000,67.500,725.000,-1155.000,,,consensus,151,151
401403964,2022,2,13,2022-11-27T00:30Z,0,1,238,2633,VAN,TENN,0.000,56.000,0,14.000,64.000,392.000,-520.000,,,consensus,8,8
401404122,2022,2,13,2022-11-27T00:30Z,0,1,2641,201,TTU,OU,51.000,48.000,1,1.500,65.500,106.000,-126.000,,,consensus,4,4
401404133,2022,2,13,2022-11-27T00:30Z,0,0,30,87,USC,ND,38.000,27.000,0,-4.500,62.500,-200.000,168.000,,,consensus,9,18
401411173,2022,2,13,2022-11-27T00:30Z,0,1,103,183,BC,SYR,23.000,32.000,0,10.500,47.000,317.000,-405.000,,,consensus,1,1
401415668,2022,2,13,2022-11-27T00:30Z,0,1,248,202,HOU,TLSA,30.000,37.000,0,-13.000,67.000,-483.000,367.000,,,consensus,151,151
401404121,2022,2,13,2022-11-27T01:00Z,0,1,2306,2305,KSU,KU,47.000,27.000,0,-12.000,62.000,-461.000,353.000,,,consensus,4,4
401411175,2022,2,13,2022-11-27T01:00Z,0,1,2390,221,MIA,PITT,16.000,42.000,0,4.000,44.000,158.000,-188.000,,,consensus,1,1
401415267,2022,2,13,2022-11-27T02:00Z,0,1,21,2005,SDSU,AFA,3.000,13.000,0,2.000,43.500,112.000,-133.000,,,consensus,17,17
401404051,2022,2,13,2022-11-27T03:30Z,0,1,265,264,WSU,WASH,33.000,51.000,0,2.500,60.000,113.000,-133.000,,,consensus,9,9
401404049,2022,2,13,2022-11-27T04:00Z,0,0,24,252,STAN,BYU,26.000,35.000,0,6.500,57.500,199.000,-244.000,,,consensus,9,18
401506450,2022,2,14,2022-12-02T18:00Z,0,1,2084,2006,BUFF,AKR,23.000,22.000,0,-12.000,55.000,-483.000,365.000,,,consensus,15,15
401437032,2022,2,14,2022-12-03T00:30Z,0,0,2636,249,UTSA,UNT,48.000,27.000,0,-8.500,70.000,-328.000,259.000,,,consensus,12,12
401437035,2022,2,14,2022-12-03T01:00Z,1,0,30,254,USC,UTAH,24.000,47.000,0,-2.500,67.500,-150.000,127.000,,,consensus,9,9
401437030,2022,2,14,2022-12-03T17:00Z,1,0,2628,2306,TCU,KSU,28.000,31.000,1,1.000,60.500,-108.000,-112.000,,,consensus,4,4
401437033,2022,2,14,2022-12-03T17:00Z,1,0,195,2649,OHIO,TOL,7.000,17.000,0,3.500,54.500,147.000,-173.000,,,consensus,15,15
401507088,2022,2,14,2022-12-03T20:00Z,0,0,166,2674,NMSU,VAL,65.000,3.000,0,-31.500,55.000,-6000.000,2500.000,,,consensus,18,28
401437037,2022,2,14,2022-12-03T20:30Z,0,0,2653,324,TROY,CCU,45.000,26.000,0,-6.500,49.000,-266.000,217.000,,,consensus,37,37
401437008,2022,2,14,2022-12-03T21:00Z,0,0,2655,2116,TULN,UCF,45.000,28.000,0,-3.500,57.500,-175.000,148.000,,,consensus,151,151
401437034,2022,2,14,2022-12-03T21:00Z,0,0,68,278,BOIS,FRES,16.000,28.000,0,-3.000,54.500,-155.000,131.000,,,consensus,17,17
401437036,2022,2,14,2022-12-03T21:00Z,1,0,61,99,UGA,LSU,50.000,30.000,0,-17.500,52.000,-956.000,619.000,,,consensus,8,8
401437009,2022,2,14,2022-12-04T01:00Z,1,0,153,228,UNC,CLEM,10.000,39.000,0,7.500,64.000,232.000,-288.000,,,consensus,1,1
401437031,2022,2,14,2022-12-04T01:00Z,1,0,130,2509,MICH,PUR,43.000,22.000,0,-16.000,54.000,-822.000,550.000,,,consensus,5,5
401404145,2022,2,15,2022-12-10T20:00Z,1,0,349,2426,ARMY,NAVY,20.000,17.000,1,2.500,32.000,126.000,-149.000,,,consensus,18,151
401441993,2022,3,1,2022-12-16T16:30Z,1,0,5,193,UAB,M-OH,24.000,20.000,0,-11.000,46.000,-409.000,319.000,,,consensus,12,15
401441994,2022,3,1,2022-12-16T20:00Z,1,0,2653,2636,TROY,UTSA,18.000,12.000,0,3.000,56.500,137.000,-160.000,,,consensus,37,12
401441995,2022,3,1,2022-12-17T16:00Z,1,0,97,2132,LOU,CIN,24.000,7.000,0,-2.500,38.500,-139.000,117.000,,,consensus,1,151
401441999,2022,3,1,2022-12-17T19:30Z,1,0,204,57,ORST,FLA,30.000,3.000,0,-7.500,51.500,-295.000,236.000,,,consensus,9,8
401442038,2022,3,1,2022-12-17T20:30Z,1,0,278,265,FRES,WSU,29.000,6.000,0,-5.500,54.000,-208.000,173.000,,,consensus,17,9
401442041,2022,3,1,2022-12-17T22:45Z,1,0,2572,242,USM,RICE,38.000,24.000,0,-6.500,45.500,-246.000,199.000,,,consensus,37,12
401441997,2022,3,1,2022-12-18T00:30Z,1,0,252,2567,BYU,SMU,24.000,23.000,0,4.500,65.000,163.000,-197.000,,,consensus,18,151
401442001,2022,3,1,2022-12-18T02:15Z,1,0,68,249,BOIS,UNT,35.000,32.000,0,-11.500,63.000,-458.000,347.000,,,consensus,17,12
401442003,2022,3,1,2022-12-19T19:30Z,1,0,41,276,CONN,MRSH,14.000,28.000,0,12.500,42.000,363.000,-485.000,,,consensus,18,37
401442004,2022,3,1,2022-12-20T20:30Z,1,0,23,2199,SJSU,EMU,27.000,41.000,0,-3.500,54.000,-176.000,149.000,,,consensus,17,15
401442006,2022,3,1,2022-12-21T00:30Z,1,0,2649,2335,TOL,LIB,21.000,19.000,0,-3.500,51.000,-180.000,151.000,,,consensus,15,18
401442039,2022,3,1,2022-12-22T02:00Z,1,0,6,98,USA,WKU,23.000,44.000,0,-3.500,57.500,-174.000,147.000,,,consensus,37,12
401442040,2022,3,1,2022-12-23T00:30Z,1,0,2005,239,AFA,BAY,30.000,15.000,0,3.500,42.500,139.000,-166.000,,,consensus,17,4
401442042,2022,3,1,2022-12-23T20:00Z,1,0,248,309,HOU,UL,23.000,16.000,0,-5.000,56.500,-233.000,190.000,,,consensus,151,37
401442007,2022,3,1,2022-12-23T23:30Z,1,0,142,154,MIZ,WAKE,17.000,27.000,0,2.500,58.500,117.000,-139.000,,,consensus,8,1
401442009,2022,3,1,2022-12-25T01:00Z,1,0,21,2393,SDSU,MTSU,23.000,25.000,0,-7.000,47.500,-290.000,230.000,,,consensus,17,12
401442037,2022,3,1,2022-12-26T19:30Z,1,0,189,166,BGSU,NMSU,19.000,24.000,0,-3.500,50.500,-165.000,137.000,,,consensus,15,18
401441998,2022,3,1,2022-12-27T17:00Z,1,0,2084,290,BUFF,GASO,23.000,21.000,0,6.000,66.500,187.000,-234.000,,,consensus,15,37
401442000,2022,3,1,2022-12-27T20:15Z,1,0,328,235,USU,MEM,10.000,38.000,0,8.000,57.000,261.000,-339.000,,,consensus,17,151
401442002,2022,3,1,2022-12-27T23:45Z,1,0,151,324,ECU,CCU,53.000,29.000,0,-7.500,67.000,-284.000,227.000,,,consensus,151,37
401442005,2022,3,1,2022-12-28T03:25Z,1,0,197,275,OKST,WISC,17.000,24.000,0,5.000,45.000,175.000,-213.000,,,consensus,4,5
401442008,2022,3,1,2022-12-28T19:00Z,1,0,150,2116,DUKE,UCF,30.000,13.000,0,-3.500,62.500,-158.000,134.000,,,consensus,1,151
401442030,2022,3,1,2022-12-28T22:30Z,1,0,8,2305,ARK,KU,55.000,53.000,1,-1.000,70.000,-121.000,101.000,,,consensus,8,4
401470891,2022,3,1,2022-12-29T01:00Z,1,0,153,2483,UNC,ORE,27.000,28.000,0,13.000,76.000,374.000,-500.000,,,consensus,1,9
401442031,2022,3,1,2022-12-29T02:00Z,1,0,145,2641,MISS,TTU,25.000,42.000,0,-4.000,72.500,-194.000,162.000,,,consensus,8,4
401442032,2022,3,1,2022-12-29T19:00Z,1,0,135,183,MINN,SYR,28.000,20.000,0,-10.500,44.500,-422.000,321.000,,,consensus,5,1
401442033,2022,3,1,2022-12-29T22:30Z,1,0,52,201,FSU,OU,35.000,32.000,0,-10.500,66.500,-398.000,307.000,,,consensus,1,4
401442034,2022,3,1,2022-12-30T02:00Z,1,0,264,251,WASH,TEX,27.000,20.000,0,3.500,67.500,126.000,-150.000,,,consensus,9,4
401442035,2022,3,1,2022-12-30T17:00Z,1,0,152,120,NCST,MD,12.000,16.000,0,-2.000,45.500,-133.000,111.000,,,consensus,1,5
401443542,2022,3,1,2022-12-30T19:00Z,1,0,26,221,UCLA,PITT,35.000,37.000,0,-8.500,54.500,-321.000,251.000,,,consensus,9,1
401442036,2022,3,1,2022-12-30T20:30Z,1,0,2579,87,SC,ND,38.000,45.000,0,5.000,50.500,170.000,-208.000,,,consensus,8,18
401443543,2022,3,1,2022-12-30T21:30Z,1,0,2751,195,WYO,OHIO,27.000,30.000,1,3.000,43.000,127.000,-152.000,,,consensus,17,15
401442019,2022,3,1,2022-12-31T01:00Z,1,0,228,2633,CLEM,TENN,14.000,31.000,0,-4.500,61.000,-183.000,154.000,,,consensus,1,8
401442017,2022,3,1,2022-12-31T17:00Z,1,0,96,2294,UK,IOWA,0.000,21.000,0,3.000,31.500,136.000,-161.000,,,consensus,8,5
401442018,2022,3,1,2022-12-31T17:00Z,1,0,2306,333,KSU,ALA,20.000,45.000,0,7.500,58.000,247.000,-312.000,,,consensus,4,8
401442016,2022,3,1,2022-12-31T21:00Z,1,0,130,2628,MICH,TCU,45.000,51.000,0,-8.000,56.000,-336.000,260.000,,,consensus,5,4
401442015,2022,3,1,2023-01-01T01:00Z,1,0,61,194,UGA,OSU,42.000,41.000,0,-5.500,62.500,-217.000,178.000,,,consensus,8,5
401442011,2022,3,1,2023-01-02T17:00Z,1,0,356,344,ILL,MSST,10.000,19.000,0,3.500,46.500,150.000,-182.000,,,consensus,5,8
401442012,2022,3,1,2023-01-02T18:00Z,1,0,2509,99,PUR,LSU,7.000,63.000,0,15.500,54.500,470.000,-707.000,,,consensus,5,8
401442013,2022,3,1,2023-01-02T18:00Z,1,0,30,2655,USC,TULN,45.000,46.000,0,-1.500,66.500,-124.000,102.000,,,consensus,9,151
401442014,2022,3,1,2023-01-02T22:00Z,1,0,254,213,UTAH,PSU,21.000,35.000,0,1.500,55.000,102.000,-122.000,,,consensus,9,5
401442010,2022,3,1,2023-01-10T00:30Z,1,0,61,2628,UGA,TCU,65.000,7.000,0,-13.500,61.500,-522.000,388.000,,,consensus,8,4
401525434,2023,2,1,2023-08-26T18:30Z,1,0,87,2426,ND,NAVY,42.000,3.000,0,-20.000,50.500,-1247.000,757.000,,,consensus,18,151
401520145,2023,2,1,2023-08-26T21:30Z,0,1,55,2638,JVST,UTEP,17.000,14.000,0,1.000,52.000,-105.000,-115.000,,,teamrankings,12,12
401525450,2023,2,1,2023-08-26T23:00Z,0,0,166,113,NMSU,MASS,30.000,41.000,0,-8.000,42.500,-323.000,254.000,,,consensus,12,18
401532392,2023,2,1,2023-08-26T23:00Z,0,0,21,195,SDSU,OHIO,20.000,13.000,0,-3.500,49.000,-168.000,142.000,,,consensus,17,15
401523986,2023,2,1,2023-08-27T00:00Z,0,0,30,23,USC,SJSU,56.000,28.000,0,-30.500,63.500,-9474.000,2250.000,,,consensus,9,17
401520146,2023,2,1,2023-08-27T01:00Z,0,1,2348,2229,LT,FIU,22.000,17.000,0,-10.000,59.000,-358.000,276.000,,,consensus,12,12
401520147,2023,2,1,2023-08-27T01:10Z,0,0,238,62,VAN,HAW,35.000,28.000,0,-17.500,55.000,-1075.000,655.000,,,teamrankings,8,17
401525461,2023,2,1,2023-08-31T23:00Z,0,0,154,2210,WAKE,ELON,37.000,17.000,0,-33.000,53.500,-10000.000,2000.000,,,consensus,1,48
401525816,2023,2,1,2023-08-31T23:00Z,0,0,2116,2309,UCF,KENT,56.000,6.000,0,-33.500,58.500,-10000.000,2000.000,,,consensus,4,15
401531834,2023,2,1,2023-08-31T23:00Z,0,0,2247,227,GAST,URI,42.000,35.000,0,-17.500,61.500,-1000.000,600.000,,,consensus,37,48
401532393,2023,2,1,2023-08-31T23:00Z,0,0,2711,2598,WMU,SFPA,35.000,17.000,0,-14.000,58.000,-602.000,440.000,,,consensus,15,25
401520174,2023,2,1,2023-08-31T23:30Z,0,0,41,152,CONN,NCSU,14.000,24.000,0,16.500,48.000,561.000,-833.000,,,consensus,18,1
401520148,2023,2,1,2023-09-01T00:00Z,0,1,135,158,MINN,NEB,13.000,10.000,0,-7.000,46.000,-248.000,200.000,,,consensus,5,5
401520165,2023,2,1,2023-09-01T00:00Z,0,0,142,233,MIZ,SDAK,35.000,10.000,0,-27.000,44.500,-8333.000,2000.000,,,consensus,8,21
401520176,2023,2,1,2023-09-01T00:00Z,0,0,254,57,UTAH,FLA,24.000,11.000,0,-8.000,48.000,-319.000,254.000,,,consensus,9,8
401531337,2023,2,1,2023-09-01T00:00Z,0,0,202,2029,TLSA,UAPB,42.000,7.000,0,-40.500,52.500,,,,,consensus,151,31
401531377,2023,2,1,2023-09-01T00:00Z,0,0,5,2448,UAB,NCAT,35.000,6.000,0,-24.500,46.500,-3500.000,1350.000,,,consensus,151,48
401523987,2023,2,1,2023-09-01T02:00Z,0,0,9,253,ASU,SUU,24.000,21.000,0,-34.000,61.500,-10000.000,3000.000,,,consensus,9,177
401532394,2023,2,1,2023-09-01T22:30Z,0,0,2199,47,EMU,HOW,33.000,23.000,0,-20.000,55.500,-1613.000,800.000,,,consensus,15,24
401520163,2023,2,1,2023-09-01T23:00Z,0,0,127,2117,MSU,CMU,31.000,7.000,0,-15.000,50.000,-656.000,463.000,,,consensus,5,15
401525463,2023,2,1,2023-09-01T23:00Z,0,0,2390,193,MIA,M-OH,38.000,3.000,0,-17.000,46.500,-1031.000,635.000,,,teamrankings,1,15
401525462,2023,2,1,2023-09-01T23:30Z,1,1,59,97,GT,LOU,34.000,39.000,0,8.000,51.500,247.000,-313.000,,,consensus,1,1
401525815,2023,2,1,2023-09-02T00:00Z,0,0,2305,2623,KU,MOST,48.000,17.000,0,-32.500,60.500,-2222.000,1150.000,,,consensus,4,21
401523988,2023,2,1,2023-09-02T03:00Z,0,0,62,24,HAW,STAN,24.000,37.000,0,7.000,58.500,245.000,-310.000,,,teamrankings,17,9
401520157,2023,2,1,2023-09-02T16:00Z,0,0,2294,328,IOWA,USU,24.000,14.000,0,-23.000,43.000,-3125.000,1165.000,,,teamrankings,5,17
401520159,2023,2,1,2023-09-02T16:00Z,0,0,96,2050,UK,BALL,44.000,14.000,0,-26.500,48.500,-5000.000,1200.000,,,teamrankings,8,15
401520160,2023,2,1,2023-09-02T16:00Z,0,0,2335,189,LIB,BGSU,34.000,24.000,0,-12.000,51.500,-455.000,340.000,,,teamrankings,12,15
401520162,2023,2,1,2023-09-02T16:00Z,0,0,130,151,MICH,ECU,30.000,3.000,0,-34.500,52.000,-10000.000,2000.000,,,consensus,5,151
401520170,2023,2,1,2023-09-02T16:00Z,0,0,2509,278,PUR,FRES,35.000,39.000,0,-5.500,51.500,-219.000,179.000,,,consensus,5,17
401520172,2023,2,1,2023-09-02T16:00Z,0,0,2567,2348,SMU,LT,38.000,14.000,0,-18.500,65.500,-893.000,575.000,,,teamrankings,151,12
401520179,2023,2,1,2023-09-02T16:00Z,1,0,2633,258,TENN,UVA,49.000,13.000,0,-28.000,58.500,-7619.000,1800.000,,,consensus,8,1
401523994,2023,2,1,2023-09-02T16:00Z,0,0,2628,38,TCU,COLO,42.000,45.000,0,-20.000,59.000,-946.000,612.000,,,consensus,4,9
401525464,2023,2,1,2023-09-02T16:00Z,0,0,103,2459,BC,NIU,24.000,27.000,1,-10.000,52.000,-370.000,287.000,,,consensus,1,15
401525822,2023,2,1,2023-09-02T16:00Z,0,0,201,2032,OU,ARST,73.000,0.000,0,-33.000,61.000,,,,,teamrankings,4,37
401532395,2023,2,1,2023-09-02T16:00Z,0,0,195,2341,OHIO,LIU,27.000,10.000,0,-36.000,58.000,-10000.000,1700.000,,,consensus,15,25
401520150,2023,2,1,2023-09-02T17:00Z,0,0,8,2717,ARK,WCU,56.000,13.000,0,-38.000,61.000,-10000.000,3000.000,,,consensus,8,29
401532570,2023,2,1,2023-09-02T17:00Z,0,0,2005,2523,AFA,RMU,42.000,7.000,0,-47.000,51.500,,,,,consensus,17,179
401520158,2023,2,1,2023-09-02T18:00Z,0,0,55,2193,JVST,ETSU,49.000,3.000,0,-20.000,55.000,-1400.000,800.000,,,consensus,12,29
401520168,2023,2,1,2023-09-02T18:00Z,0,0,145,2382,MISS,MER,73.000,7.000,0,-35.000,59.000,-8000.000,3300.000,,,consensus,8,29
401525820,2023,2,1,2023-09-02T18:00Z,0,0,66,2460,ISU,UNI,30.000,9.000,0,-7.000,40.500,-280.000,230.000,,,consensus,4,21
401531387,2023,2,1,2023-09-02T18:00Z,0,0,218,2006,TEM,AKR,24.000,21.000,0,-10.500,54.500,-375.000,285.000,,,teamrankings,151,15
401523992,2023,2,1,2023-09-02T19:00Z,0,0,2483,2502,ORE,PRST,81.000,7.000,0,-48.000,65.500,,,,,consensus,9,20
401520151,2023,2,1,2023-09-02T19:30Z,0,0,2,113,AUB,MASS,59.000,14.000,0,-39.000,53.500,,,,,consensus,8,18
401520156,2023,2,1,2023-09-02T19:30Z,0,1,84,194,IU,OSU,3.000,23.000,0,27.500,59.500,2000.000,-8889.000,,,consensus,5,5
401520161,2023,2,1,2023-09-02T19:30Z,0,0,120,119,MD,TOW,38.000,6.000,0,-38.500,55.500,,,,,consensus,5,48
401520180,2023,2,1,2023-09-02T19:30Z,0,0,275,2084,WIS,BUFF,38.000,17.000,0,-24.000,55.000,-3611.000,1379.000,,,consensus,5,15
401520181,2023,2,1,2023-09-02T19:30Z,0,0,98,58,WKU,USF,41.000,24.000,0,-13.500,70.500,-571.000,410.000,,,teamrankings,12,151
401523997,2023,2,1,2023-09-02T19:30Z,0,0,264,68,WASH,BOIS,56.000,19.000,0,-14.500,59.000,-688.000,486.000,,,consensus,9,17
401525435,2023,2,1,2023-09-02T19:30Z,0,0,87,2634,ND,TNST,56.000,3.000,0,-48.500,55.000,,,,,consensus,18,179
401525465,2023,2,1,2023-09-02T19:30Z,0,0,221,2747,PITT,WOF,45.000,7.000,0,-37.500,49.000,,,,,consensus,1,29
401525818,2023,2,1,2023-09-02T19:30Z,0,0,2132,2198,CIN,EKU,66.000,13.000,0,-21.500,57.500,-2100.000,1050.000,,,consensus,4,177
401525824,2023,2,1,2023-09-02T19:30Z,0,0,251,242,TEX,RICE,37.000,10.000,0,-35.000,59.500,,,,,teamrankings,4,151
401531835,2023,2,1,2023-09-02T19:30Z,0,0,2026,2241,APP,GWEB,45.000,24.000,0,-22.500,51.500,-2500.000,1100.000,,,consensus,37,179
401520164,2023,2,1,2023-09-02T20:00Z,0,0,344,2545,MSST,SELA,48.000,7.000,0,-31.500,59.500,-9000.000,2500.000,,,consensus,8,30
401523991,2023,2,1,2023-09-02T20:00Z,0,0,249,25,UNT,CAL,21.000,58.000,0,9.000,57.500,282.000,-361.000,,,consensus,151,9
401525466,2023,2,1,2023-09-02T20:00Z,0,0,183,2142,SYR,COLG,65.000,0.000,0,-40.000,49.500,,,,,consensus,1,27
401532572,2023,2,1,2023-09-02T20:00Z,0,0,2439,2803,UNLV,BRY,44.000,14.000,0,-16.500,66.000,-833.000,500.000,,,consensus,17,179
401520154,2023,2,1,2023-09-02T22:00Z,0,0,61,2630,UGA,UTM,48.000,7.000,0,-50.500,56.500,,,,,consensus,8,179
401531402,2023,2,1,2023-09-02T22:00Z,0,0,2429,2569,CLT,SCST,24.000,3.000,0,-24.000,44.500,-2500.000,1200.000,,,consensus,151,24
401531418,2023,2,1,2023-09-02T22:00Z,0,0,2226,2405,FAU,MONM,42.000,20.000,0,-25.500,56.000,-3000.000,1100.000,,,consensus,151,48
401531836,2023,2,1,2023-09-02T22:00Z,0,0,290,2643,GASO,CIT,34.000,0.000,0,-34.000,53.500,-10000.000,3300.000,,,consensus,37,29
401531837,2023,2,1,2023-09-02T22:00Z,0,0,256,2083,JMU,BUCK,38.000,3.000,0,-47.000,53.500,,,,,consensus,37,27
401531838,2023,2,1,2023-09-02T22:00Z,0,0,276,399,MRSH,ALB,21.000,17.000,0,-22.000,47.500,-2500.000,1200.000,,,consensus,37,48
401520153,2023,2,1,2023-09-02T22:30Z,0,0,2229,311,FIU,ME,14.000,12.000,0,-15.000,46.000,-800.000,525.000,,,consensus,12,48
401523996,2023,2,1,2023-09-02T22:30Z,0,0,30,2440,USC,NEV,66.000,14.000,0,-38.000,63.500,,,,,teamrankings,9,17
401520173,2023,2,1,2023-09-02T23:00Z,0,0,245,167,TA&M,UNM,52.000,10.000,0,-38.000,48.500,,,,,teamrankings,8,17
401520175,2023,2,1,2023-09-02T23:00Z,0,0,2433,349,ULM,ARMY,17.000,13.000,0,7.500,48.500,245.000,-310.000,,,teamrankings,37,18
401520178,2023,2,1,2023-09-02T23:00Z,0,0,238,2010,VAN,AAMU,47.000,13.000,0,-35.000,53.500,-20000.000,4000.000,,,consensus,8,31
401523990,2023,2,1,2023-09-02T23:00Z,0,0,36,265,CSU,WSU,24.000,50.000,0,12.500,58.000,400.000,-556.000,,,teamrankings,17,9
401525817,2023,2,1,2023-09-02T23:00Z,0,0,239,326,BAY,TXST,31.000,42.000,0,-25.500,58.000,-5000.000,1200.000,,,teamrankings,4,37
401525819,2023,2,1,2023-09-02T23:00Z,0,0,248,2636,HOU,UTSA,17.000,14.000,0,0.000,61.000,-110.000,-110.000,,,consensus,4,151
401525821,2023,2,1,2023-09-02T23:00Z,0,0,2306,2546,KSU,SEMO,45.000,0.000,0,-28.500,56.000,-3500.000,1800.000,,,consensus,4,179
401525823,2023,2,1,2023-09-02T23:00Z,0,0,197,2110,OKST,CARK,27.000,13.000,0,-25.500,59.500,-3600.000,1400.000,,,consensus,4,177
401531426,2023,2,1,2023-09-02T23:00Z,0,0,235,2065,MEM,BCU,56.000,14.000,0,-48.500,59.500,,,,,consensus,151,31
401531840,2023,2,1,2023-09-02T23:00Z,0,0,2572,2016,USM,ALCN,40.000,14.000,0,-24.000,47.500,-3200.000,1300.000,,,consensus,37,31
401531841,2023,2,1,2023-09-02T23:00Z,0,0,2653,2617,TROY,SFA,48.000,30.000,0,-26.000,48.500,-3500.000,1700.000,,,consensus,37,30
401520149,2023,2,1,2023-09-02T23:30Z,0,0,333,2393,ALA,MTSU,56.000,7.000,0,-39.000,54.500,,,,,teamrankings,8,12
401520155,2023,2,1,2023-09-02T23:30Z,0,0,356,2649,ILL,TOL,30.000,28.000,0,-10.000,49.500,-403.000,314.000,,,consensus,5,15
401520167,2023,2,1,2023-09-02T23:30Z,1,0,2579,153,SC,UNC,17.000,31.000,0,2.500,62.500,114.000,-134.000,,,consensus,8,1
401520169,2023,2,1,2023-09-02T23:30Z,0,0,213,277,PSU,WVU,38.000,15.000,0,-20.500,53.500,-1385.000,814.000,,,consensus,5,4
401525467,2023,2,1,2023-09-03T00:00Z,0,0,259,295,VT,ODU,36.000,17.000,0,-14.000,50.000,-571.000,410.000,,,teamrankings,1,37
401531347,2023,2,1,2023-09-03T00:00Z,0,0,2655,6,TULN,USA,37.000,17.000,0,-7.000,55.500,-275.000,220.000,,,teamrankings,151,37
401531839,2023,2,1,2023-09-03T00:30Z,0,0,309,2466,UL,NWST,38.000,13.000,0,-35.000,54.500,-20000.000,4000.000,,,consensus,37,30
401525825,2023,2,1,2023-09-03T00:50Z,0,0,2751,2641,WYO,TTU,35.000,33.000,1,13.500,53.500,424.000,-577.000,,,consensus,17,4
401520166,2023,2,1,2023-09-03T01:00Z,0,0,166,2710,NMSU,WIU,58.000,21.000,0,-21.000,55.000,-1600.000,900.000,,,consensus,12,21
401520177,2023,2,1,2023-09-03T01:00Z,0,0,2638,2916,UTEP,UIW,28.000,14.000,0,-7.500,57.500,-300.000,235.000,,,consensus,12,30
401523989,2023,2,1,2023-09-03T02:00Z,0,0,12,2464,ARIZ,NAU,38.000,3.000,0,-28.500,60.500,-6500.000,2000.000,,,consensus,9,20
401520152,2023,2,1,2023-09-03T02:15Z,0,0,252,2534,BYU,SHSU,14.000,0.000,0,-22.500,50.500,-3571.000,1240.000,,,teamrankings,4,12
401523995,2023,2,1,2023-09-03T02:30Z,0,0,26,324,UCLA,CCU,27.000,13.000,0,-16.000,64.500,-877.000,565.000,,,teamrankings,9,37
401532571,2023,2,1,2023-09-03T02:30Z,0,0,21,304,SDSU,IDST,36.000,28.000,0,-34.500,51.000,-20000.000,4000.000,,,consensus,17,20
401520171,2023,2,1,2023-09-03T16:00Z,0,1,164,77,RUTG,NU,24.000,7.000,0,-7.000,40.500,-256.000,205.000,,,consensus,5,5
401532573,2023,2,1,2023-09-03T19:30Z,0,0,23,204,SJSU,ORST,17.000,42.000,0,16.500,54.500,580.000,-909.000,,,teamrankings,17,9
401520182,2023,2,1,2023-09-03T23:30Z,1,0,52,99,FSU,LSU,45.000,24.000,0,2.500,55.500,121.000,-143.000,,,consensus,1,8
401525468,2023,2,1,2023-09-05T00:00Z,0,1,150,228,DUKE,CLEM,28.000,7.000,0,12.500,57.500,365.000,-491.000,,,consensus,1,1
401525469,2023,2,2,2023-09-07T23:30Z,0,0,97,93,LOU,MUR,56.000,0.000,0,-43.500,55.500,,,,,consensus,1,21
401520193,2023,2,2,2023-09-08T23:00Z,0,0,84,282,IU,INST,41.000,7.000,0,-31.000,44.000,-10000.000,4000.000,,,consensus,5,21
401520195,2023,2,2,2023-09-08T23:30Z,0,0,2305,356,KU,ILL,34.000,23.000,0,-3.500,57.500,-175.000,145.000,,,consensus,4,5
401520216,2023,2,2,2023-09-09T15:00Z,0,0,154,238,WAKE,VAN,36.000,20.000,0,-9.500,56.000,-400.000,300.000,,,consensus,1,8
401520185,2023,2,2,2023-09-09T16:00Z,0,0,349,2169,ARMY,DSU,57.000,0.000,0,-39.500,44.000,,,,,consensus,18,24
401520188,2023,2,2,2023-09-09T16:00Z,0,0,38,158,COLO,NEB,36.000,14.000,0,-2.500,56.500,-145.000,120.000,,,consensus,9,5
401520191,2023,2,2,2023-09-09T16:00Z,0,0,61,2050,UGA,BALL,45.000,3.000,0,-42.000,52.500,-10000.000,2500.000,,,consensus,8,15
401520208,2023,2,2,2023-09-09T16:00Z,0,0,194,2754,OSU,YSU,35.000,7.000,0,-45.000,56.500,,,,,consensus,5,21
401520209,2023,2,2,2023-09-09T16:00Z,0,0,213,48,PSU,DEL,63.000,7.000,0,-43.500,56.000,,,,,consensus,5,48
401520215,2023,2,2,2023-09-09T16:00Z,0,0,259,2509,VT,PUR,17.000,24.000,0,-1.000,49.000,-111.000,-108.000,,,consensus,1,5
401523999,2023,2,2,2023-09-09T16:00Z,0,0,239,254,BAY,UTAH,13.000,20.000,0,7.000,45.500,235.000,-291.000,,,consensus,4,9
401525436,2023,2,2,2023-09-09T16:00Z,0,0,152,87,NCSU,ND,24.000,45.000,0,7.000,49.500,235.000,-300.000,,,consensus,1,18
401525490,2023,2,2,2023-09-09T16:00Z,0,0,103,107,BC,HC,31.000,28.000,0,-10.500,52.500,-476.000,345.000,,,consensus,1,27
401525498,2023,2,2,2023-09-09T16:00Z,0,0,258,256,UVA,JMU,35.000,36.000,0,6.500,40.000,196.000,-244.000,,,consensus,1,37
401525829,2023,2,2,2023-09-09T16:00Z,0,0,2306,2653,KSU,TROY,42.000,13.000,0,-15.000,49.500,-704.000,495.000,,,consensus,4,37
401525494,2023,2,2,2023-09-09T17:00Z,0,0,59,2569,GT,SCST,48.000,13.000,0,-44.000,53.500,,,,,consensus,1,24
401532396,2023,2,2,2023-09-09T17:30Z,0,0,2117,160,CMU,UNH,45.000,42.000,0,-7.000,48.500,-303.000,240.000,,,consensus,15,48
401532400,2023,2,2,2023-09-09T18:00Z,0,0,189,2197,BGSU,EIU,38.000,15.000,0,-17.000,48.500,-1000.000,600.000,,,consensus,15,179
401525491,2023,2,2,2023-09-09T18:15Z,0,0,228,2127,CLEM,CHSO,66.000,17.000,0,-50.500,54.500,,,,,consensus,1,179
401520196,2023,2,2,2023-09-09T19:00Z,0,0,96,2198,UK,EKU,28.000,17.000,0,-35.000,62.500,-10000.000,4000.000,,,consensus,8,177
401525828,2023,2,2,2023-09-09T19:00Z,0,0,252,253,BYU,SUU,41.000,16.000,0,-30.500,46.500,-5000.000,3300.000,,,consensus,4,177
401520194,2023,2,2,2023-09-09T19:30Z,0,0,66,2294,ISU,IOWA,13.000,20.000,0,3.500,35.000,150.000,-179.000,,,consensus,4,5
401520201,2023,2,2,2023-09-09T19:30Z,0,0,2390,245,MIA,TA&M,48.000,33.000,0,2.500,50.000,120.000,-141.000,,,consensus,1,8
401520202,2023,2,2,2023-09-09T19:30Z,0,0,130,2439,MICH,UNLV,35.000,7.000,0,-38.000,57.500,-10000.000,2000.000,,,consensus,5,17
401520203,2023,2,2,2023-09-09T19:30Z,0,0,127,257,MSU,RICH,45.000,14.000,0,-29.000,43.500,-10000.000,3300.000,,,consensus,5,48
401520207,2023,2,2,2023-09-09T19:30Z,0,0,77,2638,NU,UTEP,38.000,7.000,0,-1.000,39.500,-118.000,-105.000,,,consensus,5,12
401520214,2023,2,2,2023-09-09T19:30Z,0,0,2655,145,TULN,MISS,20.000,37.000,0,13.000,61.000,375.000,-500.000,,,consensus,151,8
401525497,2023,2,2,2023-09-09T19:30Z,0,0,183,2711,SYR,WMU,48.000,7.000,0,-24.500,56.500,-4000.000,1305.000,,,consensus,1,15
401526833,2023,2,2,2023-09-09T19:30Z,0,0,113,193,MASS,M-OH,28.000,41.000,0,7.000,44.000,220.000,-275.000,,,consensus,18,15
401531395,2023,2,2,2023-09-09T19:30Z,0,0,2636,326,UTSA,TXST,20.000,13.000,0,-14.000,66.000,-552.000,400.000,,,consensus,151,37
401531432,2023,2,2,2023-09-09T19:30Z,0,0,2426,2681,NAVY,WAG,24.000,0.000,0,-42.500,49.500,,,,,consensus,151,25
401532397,2023,2,2,2023-09-09T19:30Z,0,0,2459,79,NIU,SIU,11.000,14.000,0,-8.500,59.000,-330.000,250.000,,,consensus,15,21
401532398,2023,2,2,2023-09-09T19:30Z,0,0,2649,2640,TOL,TXSO,71.000,3.000,0,-40.500,62.500,,,,,consensus,15,31
401520184,2023,2,2,2023-09-09T20:00Z,0,0,8,2309,ARK,KENT,28.000,6.000,0,-38.000,57.500,-10000.000,2000.000,,,consensus,8,15
401531411,2023,2,2,2023-09-09T20:00Z,0,0,151,276,ECU,MRSH,13.000,31.000,0,3.000,43.500,122.000,-145.000,,,consensus,151,37
401532578,2023,2,2,2023-09-09T20:00Z,0,0,23,13,SJSU,CP,59.000,3.000,0,-23.500,60.000,-2000.000,1000.000,,,consensus,17,20
401532580,2023,2,2,2023-09-09T20:00Z,0,0,2751,2502,WYO,PRST,31.000,17.000,0,-28.000,51.500,-4000.000,1800.000,,,consensus,17,20
401520213,2023,2,2,2023-09-09T21:00Z,0,0,2633,2046,TENN,APSU,30.000,13.000,0,-48.500,65.500,,,,,consensus,8,177
401524004,2023,2,2,2023-09-09T21:00Z,0,0,264,202,WASH,TLSA,43.000,10.000,0,-33.500,66.000,-6000.000,2000.000,,,consensus,9,151
401531844,2023,2,2,2023-09-09T21:00Z,0,0,6,2545,USA,SELA,35.000,17.000,0,-23.000,59.500,-2500.000,950.000,,,consensus,37,30
401525495,2023,2,2,2023-09-09T21:15Z,0,0,153,2026,UNC,APP,40.000,34.000,1,-19.000,58.000,-1100.000,650.000,,,consensus,1,37
401520198,2023,2,2,2023-09-09T22:00Z,0,1,2335,166,LIB,NMSU,33.000,17.000,0,-9.500,54.500,-380.000,285.000,,,consensus,12,12
401525492,2023,2,2,2023-09-09T22:00Z,0,0,150,322,DUKE,LAF,42.000,7.000,0,-42.500,49.000,,,,,consensus,1,27
401525830,2023,2,2,2023-09-09T22:00Z,0,0,201,2567,OU,SMU,28.000,11.000,0,-16.000,69.000,-750.000,500.000,,,consensus,4,151
401525833,2023,2,2,2023-09-09T22:00Z,0,0,277,2184,WVU,DUQ,56.000,17.000,0,-38.500,55.500,,,,,consensus,4,25
401531378,2023,2,2,2023-09-09T22:00Z,0,0,290,5,GASO,UAB,49.000,35.000,0,-7.000,63.000,-260.000,205.000,,,consensus,37,151
401531419,2023,2,2,2023-09-09T22:00Z,0,0,2226,195,FAU,OHIO,10.000,17.000,0,-3.500,61.500,-170.000,143.000,,,consensus,151,15
401531842,2023,2,2,2023-09-09T22:00Z,0,1,295,309,ODU,UL,38.000,31.000,0,6.000,51.500,192.000,-240.000,,,consensus,37,37
401532399,2023,2,2,2023-09-09T22:00Z,0,0,2006,2415,AKR,MORG,24.000,21.000,0,-25.000,46.000,-4500.000,1500.000,,,consensus,15,24
401532401,2023,2,2,2023-09-09T22:00Z,0,0,2084,2230,BUFF,FOR,37.000,40.000,0,-23.500,55.500,-2000.000,1050.000,,,consensus,15,27
401520189,2023,2,2,2023-09-09T22:30Z,0,0,2229,249,FIU,UNT,46.000,39.000,0,11.000,51.500,350.000,-470.000,,,consensus,12,151
401525496,2023,2,2,2023-09-09T22:30Z,0,0,221,2132,PITT,CIN,21.000,27.000,0,-6.500,44.500,-265.000,215.000,,,consensus,1,4
401520183,2023,2,2,2023-09-09T23:00Z,0,0,333,251,ALA,TEX,24.000,34.000,0,-7.000,53.500,-290.000,230.000,,,consensus,8,4
401520187,2023,2,2,2023-09-09T23:00Z,0,0,324,55,CCU,JVST,30.000,16.000,0,-13.500,61.000,-600.000,410.000,,,consensus,37,12
401520192,2023,2,2,2023-09-09T23:00Z,0,0,2247,41,GAST,CONN,35.000,14.000,0,-3.000,54.500,-150.000,125.000,,,consensus,37,18
401520197,2023,2,2,2023-09-09T23:00Z,0,0,2348,2466,LT,NWST,51.000,21.000,0,-23.000,58.500,-2000.000,1050.000,,,consensus,12,30
401520206,2023,2,2,2023-09-09T23:00Z,0,0,142,2393,MIZ,MTSU,23.000,19.000,0,-21.000,47.500,-1613.000,900.000,,,consensus,8,12
401520218,2023,2,2,2023-09-09T23:00Z,0,0,98,2277,WKU,HCU,52.000,22.000,0,-42.500,64.500,,,,,consensus,12,30
401524002,2023,2,2,2023-09-09T23:00Z,0,0,2641,2483,TTU,ORE,30.000,38.000,0,4.500,68.500,175.000,-210.000,,,consensus,4,9
401525827,2023,2,2,2023-09-09T23:00Z,0,0,68,2116,BOIS,UCF,16.000,18.000,0,3.000,58.500,130.000,-155.000,,,consensus,17,4
401525831,2023,2,2,2023-09-09T23:00Z,0,0,242,248,RICE,HOU,43.000,41.000,1,7.000,51.000,225.000,-278.000,,,consensus,151,4
401531422,2023,2,2,2023-09-09T23:00Z,0,0,58,50,USF,FAMU,38.000,24.000,0,-20.000,63.000,-1429.000,800.000,,,consensus,151,31
401531427,2023,2,2,2023-09-09T23:00Z,0,0,2032,235,ARST,MEM,3.000,37.000,0,21.000,57.000,900.000,-1667.000,,,consensus,37,151
401532576,2023,2,2,2023-09-09T23:00Z,0,0,2440,70,NEV,IDHO,6.000,33.000,0,5.500,50.500,172.000,-210.000,,,consensus,17,20
401520190,2023,2,2,2023-09-09T23:30Z,0,0,57,2377,FLA,MCN,49.000,7.000,0,-48.000,55.500,,,,,consensus,8,30
401520199,2023,2,2,2023-09-09T23:30Z,0,0,99,2755,LSU,GRAM,72.000,10.000,0,-56.500,61.500,,,,,consensus,8,31
401520200,2023,2,2,2023-09-09T23:30Z,0,0,120,2429,MD,CLT,38.000,20.000,0,-24.500,50.000,-4000.000,1300.000,,,consensus,5,151
401520204,2023,2,2,2023-09-09T23:30Z,0,0,135,2199,MINN,EMU,25.000,6.000,0,-19.500,48.000,-1205.000,750.000,,,consensus,5,15
401520205,2023,2,2,2023-09-09T23:30Z,0,0,344,12,MSST,ARIZ,31.000,24.000,1,-9.000,60.000,-345.000,270.000,,,consensus,8,9
401520210,2023,2,2,2023-09-09T23:30Z,0,0,164,218,RUTG,TEM,36.000,7.000,0,-7.500,43.500,-323.000,255.000,,,consensus,5,151
401520212,2023,2,2,2023-09-09T23:30Z,0,0,2579,231,SC,FUR,47.000,21.000,0,-17.500,52.500,-1050.000,650.000,,,consensus,8,29
401520217,2023,2,2,2023-09-09T23:30Z,0,0,265,275,WSU,WIS,31.000,22.000,0,5.000,58.000,175.000,-213.000,,,consensus,9,5
401524001,2023,2,2,2023-09-09T23:30Z,0,0,21,26,SDSU,UCLA,10.000,35.000,0,13.000,49.000,400.000,-550.000,,,consensus,17,9
401520211,2023,2,2,2023-09-10T00:00Z,1,0,2534,2005,SHSU,AFA,3.000,13.000,0,13.500,36.500,425.000,-600.000,,,consensus,12,17
401525832,2023,2,2,2023-09-10T00:00Z,0,0,2628,2447,TCU,NICH,41.000,6.000,0,-41.500,59.500,,,,,consensus,4,30
401531843,2023,2,2,2023-09-10T00:00Z,0,0,2433,2320,ULM,LAM,24.000,14.000,0,-25.500,48.500,-10000.000,1600.000,,,consensus,37,30
401532577,2023,2,2,2023-09-10T00:00Z,0,0,167,2635,UNM,TNTC,56.000,10.000,0,-16.500,51.500,-1111.000,700.000,,,consensus,17,179
401532579,2023,2,2,2023-09-10T00:00Z,0,0,328,304,USU,IDST,78.000,28.000,0,-24.000,61.000,-2400.000,1150.000,,,consensus,17,20
401525493,2023,2,2,2023-09-10T00:30Z,0,0,52,2572,FSU,USM,66.000,13.000,0,-31.000,54.000,-8000.000,2000.000,,,consensus,1,37
401524000,2023,2,2,2023-09-10T01:00Z,0,0,204,302,ORST,UCD,55.000,7.000,0,-24.000,57.000,-2400.000,1150.000,,,consensus,9,20
401532574,2023,2,2,2023-09-10T01:00Z,0,0,278,331,FRES,EWU,34.000,31.000,1,-30.500,63.500,-3333.000,1500.000,,,consensus,17,20
401520186,2023,2,2,2023-09-10T02:30Z,0,0,25,2,CAL,AUB,10.000,14.000,0,5.000,55.500,165.000,-200.000,,,consensus,9,8
401523998,2023,2,2,2023-09-10T02:30Z,0,0,9,197,ASU,OKST,15.000,27.000,0,2.500,53.500,110.000,-135.000,,,consensus,9,4
401524003,2023,2,2,2023-09-10T02:30Z,0,1,30,24,USC,STAN,56.000,10.000,0,-28.500,69.500,-5000.000,1700.000,,,consensus,9,9
401532575,2023,2,2,2023-09-10T03:59Z,0,0,62,399,HAW,ALB,31.000,20.000,0,-10.500,58.500,-450.000,328.000,,,consensus,17,48
401525499,2023,2,3,2023-09-14T23:30Z,0,0,2390,2065,MIA,BCU,48.000,7.000,0,-54.000,63.500,,,,,consensus,1,31
401531428,2023,2,3,2023-09-14T23:30Z,0,1,235,2426,MEM,NAVY,28.000,24.000,0,-12.500,47.000,-500.000,360.000,,,consensus,151,151
401520231,2023,2,3,2023-09-15T23:00Z,0,0,120,258,MD,UVA,42.000,14.000,0,-16.000,48.000,-769.000,525.000,,,consensus,5,1
401531396,2023,2,3,2023-09-15T23:00Z,0,0,2636,349,UTSA,ARMY,29.000,37.000,0,-7.000,41.500,-292.000,230.000,,,consensus,151,18
401532581,2023,2,3,2023-09-16T00:00Z,0,1,2005,328,AFA,USU,39.000,21.000,0,-9.000,45.500,-351.000,275.000,,,consensus,17,17
401520222,2023,2,3,2023-09-16T16:00Z,0,0,2084,2335,BUFF,LIB,27.000,55.000,0,2.500,54.000,118.000,-147.000,,,consensus,15,12
401520226,2023,2,3,2023-09-16T16:00Z,0,1,356,213,ILL,PSU,13.000,30.000,0,14.000,47.500,450.000,-650.000,,,consensus,5,5
401520230,2023,2,3,2023-09-16T16:00Z,1,0,84,97,IU,LOU,14.000,21.000,0,10.000,50.500,285.000,-365.000,,,consensus,5,1
401520235,2023,2,3,2023-09-16T16:00Z,0,1,344,99,MSST,LSU,14.000,41.000,0,9.500,54.000,275.000,-357.000,,,consensus,8,8
401520236,2023,2,3,2023-09-16T16:00Z,0,0,142,2306,MIZ,KSU,30.000,27.000,0,3.500,47.500,140.000,-167.000,,,consensus,8,4
401520249,2023,2,3,2023-09-16T16:00Z,0,0,275,290,WIS,GASO,35.000,14.000,0,-20.500,65.500,-1200.000,700.000,,,consensus,5,37
401525500,2023,2,3,2023-09-16T16:00Z,0,1,103,52,BC,FSU,29.000,31.000,0,25.500,48.000,1350.000,-3500.000,,,consensus,1,1
401525504,2023,2,3,2023-09-16T16:00Z,0,0,295,154,ODU,WAKE,24.000,27.000,0,13.500,60.500,425.000,-600.000,,,consensus,37,1
401525834,2023,2,3,2023-09-16T16:00Z,0,0,239,2341,BAY,LIU,30.000,7.000,0,-45.000,54.000,,,,,consensus,4,25
401525838,2023,2,3,2023-09-16T16:00Z,0,0,195,66,OHIO,ISU,10.000,7.000,0,1.500,42.000,105.000,-125.000,,,consensus,15,4
401532404,2023,2,3,2023-09-16T16:00Z,0,0,2309,2115,KENT,CCSU,38.000,10.000,0,-21.500,46.500,-2000.000,1075.000,,,consensus,15,25
401532582,2023,2,3,2023-09-16T16:00Z,0,0,68,155,BOIS,UND,42.000,18.000,0,-15.000,58.000,-714.000,480.000,,,consensus,17,21
401524012,2023,2,3,2023-09-16T18:00Z,0,0,254,2692,UTAH,WEB,31.000,7.000,0,-27.000,45.000,-5000.000,1600.000,,,consensus,9,20
401525502,2023,2,3,2023-09-16T18:00Z,0,0,152,2678,NCSU,VMI,45.000,7.000,0,-43.500,52.500,,,,,consensus,1,29
401526834,2023,2,3,2023-09-16T18:00Z,0,0,2199,113,EMU,MASS,19.000,17.000,0,-7.500,50.000,-330.000,245.000,,,consensus,15,18
401531388,2023,2,3,2023-09-16T18:00Z,0,0,218,2450,TEM,NORF,41.000,9.000,0,-31.500,55.000,-6667.000,2500.000,,,consensus,151,24
401532402,2023,2,3,2023-09-16T18:00Z,0,0,2050,282,BALL,INST,45.000,7.000,0,-26.500,44.500,-4500.000,1500.000,,,consensus,15,21
401525437,2023,2,3,2023-09-16T18:30Z,0,0,87,2117,ND,CMU,41.000,17.000,0,-35.000,51.000,-10000.000,2000.000,,,consensus,18,15
401520223,2023,2,3,2023-09-16T19:30Z,0,0,150,77,DUKE,NU,38.000,14.000,0,-17.000,48.000,-901.000,600.000,,,consensus,1,5
401520225,2023,2,3,2023-09-16T19:30Z,0,1,61,2579,UGA,SC,24.000,14.000,0,-26.500,54.500,-8333.000,1700.000,,,consensus,8,8
401520227,2023,2,3,2023-09-16T19:30Z,0,0,2294,2711,IOWA,WMU,41.000,10.000,0,-28.500,43.000,-9004.000,1800.000,,,consensus,5,15
401520239,2023,2,3,2023-09-16T19:30Z,0,0,153,135,UNC,MINN,31.000,13.000,0,-7.000,52.000,-275.000,220.000,,,consensus,1,5
401520243,2023,2,3,2023-09-16T19:30Z,0,0,164,259,RUTG,VT,35.000,16.000,0,-6.500,37.500,-260.000,205.000,,,consensus,5,1
401520244,2023,2,3,2023-09-16T19:30Z,0,0,58,333,USF,ALA,3.000,17.000,0,34.500,61.000,3000.000,-10000.000,,,consensus,151,8
401520246,2023,2,3,2023-09-16T19:30Z,0,0,41,2229,CONN,FIU,17.000,24.000,0,-7.000,43.500,-300.000,230.000,,,consensus,18,12
401524009,2023,2,3,2023-09-16T19:30Z,0,0,204,21,ORST,SDSU,26.000,9.000,0,-24.500,48.500,-3500.000,1300.000,,,consensus,9,17
401525842,2023,2,3,2023-09-16T19:30Z,0,0,202,201,TLSA,OU,17.000,66.000,0,28.000,58.500,1500.000,-7000.000,,,consensus,151,4
401531412,2023,2,3,2023-09-16T19:30Z,0,0,2026,151,APP,ECU,43.000,28.000,0,-7.500,48.500,-305.000,240.000,,,consensus,37,151
401520240,2023,2,3,2023-09-16T20:00Z,0,0,194,98,OSU,WKU,63.000,10.000,0,-29.500,65.000,-10000.000,1800.000,,,consensus,5,12
401520245,2023,2,3,2023-09-16T20:00Z,0,0,245,2433,TA&M,ULM,47.000,3.000,0,-36.500,53.500,-10000.000,4000.000,,,consensus,8,37
401524006,2023,2,3,2023-09-16T20:00Z,0,0,25,70,CAL,IDHO,31.000,17.000,0,-15.500,52.500,-752.000,500.000,,,consensus,9,20
401531348,2023,2,3,2023-09-16T20:00Z,0,0,2572,2655,USM,TULN,3.000,21.000,0,7.500,47.500,250.000,-315.000,,,consensus,37,151
401520233,2023,2,3,2023-09-16T21:00Z,0,0,127,264,MSU,WASH,7.000,41.000,0,15.000,57.000,525.000,-769.000,,,consensus,5,9
401524011,2023,2,3,2023-09-16T21:00Z,0,0,26,2428,UCLA,NCCU,59.000,7.000,0,-35.500,60.500,-10000.000,3300.000,,,consensus,9,24
401524013,2023,2,3,2023-09-16T21:00Z,0,0,265,2458,WSU,UNCO,64.000,21.000,0,-47.000,55.000,,,,,consensus,9,20
401531403,2023,2,3,2023-09-16T22:00Z,0,0,2429,2247,CLT,GAST,25.000,41.000,0,5.000,52.000,170.000,-208.000,,,consensus,151,37
401525843,2023,2,3,2023-09-16T22:30Z,0,0,2116,222,UCF,VILL,48.000,14.000,0,-27.000,54.500,-7000.000,1550.000,,,consensus,4,48
401520221,2023,2,3,2023-09-16T23:00Z,0,0,2,2535,AUB,SAM,45.000,13.000,0,-37.500,62.000,-10000.000,3300.000,,,consensus,8,29
401520224,2023,2,3,2023-09-16T23:00Z,0,1,57,2633,FLA,TENN,29.000,16.000,0,5.500,56.500,175.000,-210.000,,,consensus,8,8
401520229,2023,2,3,2023-09-16T23:00Z,0,0,2348,249,LT,UNT,37.000,40.000,0,-4.500,66.500,-190.000,158.000,,,consensus,12,151
401520234,2023,2,3,2023-09-16T23:00Z,0,0,2393,93,MTSU,MUR,35.000,14.000,0,-34.500,50.500,,,,,consensus,12,21
401520237,2023,2,3,2023-09-16T23:00Z,0,0,158,2459,NEB,NIU,35.000,11.000,0,-11.500,42.500,-450.000,333.000,,,consensus,5,15
401520247,2023,2,3,2023-09-16T23:00Z,0,0,2439,238,UNLV,VAN,40.000,37.000,0,4.500,57.000,165.000,-200.000,,,consensus,17,8
401525835,2023,2,3,2023-09-16T23:00Z,0,0,2132,193,CIN,M-OH,24.000,31.000,1,-14.500,44.000,-602.000,440.000,,,consensus,4,15
401525839,2023,2,3,2023-09-16T23:00Z,0,0,197,6,OKST,USA,7.000,33.000,0,-7.000,49.500,-275.000,222.000,,,consensus,4,37
401525841,2023,2,3,2023-09-16T23:00Z,0,0,2641,2627,TTU,TAR,41.000,3.000,0,-36.500,75.500,-6667.000,2200.000,,,consensus,4,177
401531379,2023,2,3,2023-09-16T23:00Z,0,0,5,309,UAB,UL,21.000,41.000,0,-2.000,59.500,-130.000,110.000,,,consensus,151,37
401531438,2023,2,3,2023-09-16T23:00Z,0,0,2567,2504,SMU,PV,69.000,0.000,0,-42.500,63.500,,,,,consensus,151,31
401531441,2023,2,3,2023-09-16T23:00Z,0,0,242,2640,RICE,TXSO,59.000,7.000,0,-35.500,60.000,-10000.000,3300.000,,,consensus,151,31
401531845,2023,2,3,2023-09-16T23:00Z,0,0,324,2184,CCU,DUQ,66.000,7.000,0,-35.000,56.000,-10000.000,3300.000,,,consensus,37,25
401531846,2023,2,3,2023-09-16T23:00Z,0,0,2032,2619,ARST,STBK,31.000,7.000,0,-24.000,47.500,-3500.000,1200.000,,,consensus,37,48
401531848,2023,2,3,2023-09-16T23:00Z,0,1,2653,256,TROY,JMU,14.000,16.000,0,-2.500,46.500,-145.000,120.000,,,consensus,37,37
401532403,2023,2,3,2023-09-16T23:00Z,0,0,2649,23,TOL,SJSU,21.000,17.000,0,-9.000,56.500,-345.000,270.000,,,consensus,15,17
401520220,2023,2,3,2023-09-16T23:30Z,0,0,8,252,ARK,BYU,31.000,38.000,0,-8.000,48.000,-330.000,250.000,,,consensus,8,4
401520228,2023,2,3,2023-09-16T23:30Z,0,0,96,2006,UK,AKR,35.000,3.000,0,-25.000,48.500,-4500.000,1500.000,,,consensus,8,15
401520232,2023,2,3,2023-09-16T23:30Z,0,0,130,189,MICH,BGSU,31.000,6.000,0,-40.500,53.500,-10000.000,2500.000,,,consensus,5,15
401520241,2023,2,3,2023-09-16T23:30Z,0,0,145,59,MISS,GT,48.000,23.000,0,-17.000,61.500,-833.000,550.000,,,consensus,8,1
401520242,2023,2,3,2023-09-16T23:30Z,0,0,2509,183,PUR,SYR,20.000,35.000,0,1.000,56.500,-105.000,-122.000,,,consensus,5,1
401525503,2023,2,3,2023-09-16T23:30Z,0,0,277,221,WVU,PITT,17.000,6.000,0,-2.500,48.000,-141.000,118.000,,,consensus,4,1
401520238,2023,2,3,2023-09-17T00:00Z,0,0,167,166,UNM,NMSU,17.000,27.000,0,-2.500,52.000,-149.000,123.000,,,consensus,17,12
401524008,2023,2,3,2023-09-17T00:00Z,0,0,2483,62,ORE,HAW,55.000,10.000,0,-38.000,68.500,-10000.000,3300.000,,,consensus,9,17
401524010,2023,2,3,2023-09-17T00:00Z,0,0,24,16,STAN,SAC,23.000,30.000,0,-7.000,60.500,-267.000,208.000,,,consensus,9,20
401525501,2023,2,3,2023-09-17T00:00Z,0,0,228,2226,CLEM,FAU,48.000,14.000,0,-25.000,51.500,-2857.000,1250.000,,,consensus,1,151
401525836,2023,2,3,2023-09-17T00:00Z,0,1,248,2628,HOU,TCU,13.000,36.000,0,7.500,64.000,228.000,-290.000,,,consensus,4,4
401525840,2023,2,3,2023-09-17T00:00Z,0,0,251,2751,TEX,WYO,31.000,10.000,0,-30.500,48.500,-6667.000,2000.000,,,consensus,4,17
401531847,2023,2,3,2023-09-17T00:30Z,0,0,326,2296,TXST,JKST,77.000,34.000,0,-18.500,61.500,-1100.000,695.000,,,consensus,37,31
401524007,2023,2,3,2023-09-17T02:00Z,0,0,38,36,COLO,CSU,43.000,35.000,1,-23.000,63.000,-2000.000,1050.000,,,consensus,9,17
401524005,2023,2,3,2023-09-17T02:30Z,0,0,9,278,ASU,FRES,0.000,29.000,0,3.500,48.000,140.000,-166.000,,,consensus,9,17
401525837,2023,2,3,2023-09-17T02:30Z,0,0,2440,2305,NEV,KU,24.000,31.000,0,28.000,58.000,1800.000,-10000.000,,,consensus,17,4
401520219,2023,2,3,2023-09-17T03:00Z,0,0,12,2638,ARIZ,UTEP,31.000,10.000,0,-18.000,57.500,-910.000,600.000,,,consensus,9,12
401531849,2023,2,4,2023-09-21T23:30Z,0,1,324,2247,CCU,GAST,17.000,30.000,0,-4.500,62.500,-200.000,162.000,,,consensus,37,37
401520266,2023,2,4,2023-09-22T23:00Z,0,1,2509,275,PUR,WIS,17.000,38.000,0,6.000,54.000,192.000,-244.000,,,consensus,5,5
401525505,2023,2,4,2023-09-22T23:30Z,0,1,258,152,UVA,NCSU,21.000,24.000,0,8.000,47.000,260.000,-345.000,,,consensus,1,1
401532583,2023,2,4,2023-09-23T02:30Z,0,1,21,68,SDSU,BOIS,31.000,34.000,0,5.000,47.000,170.000,-213.000,,,consensus,17,17
401532584,2023,2,4,2023-09-23T02:30Z,0,1,23,2005,SJSU,AFA,20.000,45.000,0,6.500,45.000,200.000,-250.000,,,consensus,17,17
401520260,2023,2,4,2023-09-23T16:00Z,0,1,130,164,MICH,RUTG,31.000,7.000,0,-24.000,44.500,-3333.000,1210.000,,,consensus,5,5
401520268,2023,2,4,2023-09-23T16:00Z,0,0,183,349,SYR,ARMY,29.000,16.000,0,-13.000,50.500,-526.000,380.000,,,consensus,1,18
401520270,2023,2,4,2023-09-23T16:00Z,0,1,245,2,TA&M,AUB,27.000,10.000,0,-9.500,51.000,-370.000,285.000,,,consensus,8,8
401520271,2023,2,4,2023-09-23T16:00Z,0,0,2653,98,TROY,WKU,27.000,24.000,0,-4.000,58.000,-182.000,150.000,,,consensus,37,12
401520274,2023,2,4,2023-09-23T16:00Z,0,1,238,96,VAN,UK,28.000,45.000,0,13.500,50.000,400.000,-550.000,,,consensus,8,8
401525507,2023,2,4,2023-09-23T16:00Z,0,1,228,52,CLEM,FSU,24.000,31.000,1,1.500,56.000,106.000,-125.000,,,consensus,1,1
401525511,2023,2,4,2023-09-23T16:00Z,0,0,276,259,MRSH,VT,24.000,17.000,0,-6.500,43.000,-244.000,192.000,,,consensus,37,1
401525845,2023,2,4,2023-09-23T16:00Z,0,1,2132,201,CIN,OU,6.000,20.000,0,13.500,57.500,375.000,-526.000,,,consensus,4,4
401525849,2023,2,4,2023-09-23T16:00Z,0,0,2628,2567,TCU,SMU,34.000,17.000,0,-6.500,62.000,-250.000,200.000,,,consensus,4,151
401531338,2023,2,4,2023-09-23T16:00Z,0,0,2459,202,NIU,TLSA,14.000,22.000,0,-3.500,54.500,-185.000,150.000,,,consensus,15,151
401532406,2023,2,4,2023-09-23T17:30Z,0,1,2649,2711,TOL,WMU,49.000,31.000,0,-21.500,51.500,-1400.000,800.000,,,consensus,15,15
401531871,2023,2,4,2023-09-23T18:00Z,0,0,2050,290,BALL,GASO,3.000,40.000,0,5.500,60.000,178.000,-222.000,,,consensus,15,37
401520250,2023,2,4,2023-09-23T19:30Z,0,1,333,145,ALA,MISS,24.000,10.000,0,-7.000,56.000,-260.000,210.000,,,consensus,8,8
401520255,2023,2,4,2023-09-23T19:30Z,0,0,356,2226,ILL,FAU,23.000,17.000,0,-16.000,45.500,-700.000,500.000,,,consensus,5,151
401520261,2023,2,4,2023-09-23T19:30Z,0,1,127,120,MSU,MD,9.000,31.000,0,7.000,51.500,230.000,-290.000,,,consensus,5,5
401520263,2023,2,4,2023-09-23T19:30Z,0,0,158,2348,NEB,LT,28.000,14.000,0,-20.500,44.500,-1429.000,810.000,,,consensus,5,12
401520272,2023,2,4,2023-09-23T19:30Z,0,0,41,150,CONN,DUKE,7.000,41.000,0,22.000,45.500,1000.000,-2000.000,,,consensus,18,1
401524015,2023,2,4,2023-09-23T19:30Z,0,1,2483,38,ORE,COLO,42.000,6.000,0,-21.500,70.500,-901.000,600.000,,,consensus,9,9
401524017,2023,2,4,2023-09-23T19:30Z,0,1,254,26,UTAH,UCLA,14.000,7.000,0,-3.500,50.500,-165.000,140.000,,,consensus,9,9
401525506,2023,2,4,2023-09-23T19:30Z,0,1,97,103,LOU,BC,56.000,28.000,0,-14.000,53.500,-600.000,425.000,,,consensus,1,1
401525509,2023,2,4,2023-09-23T19:30Z,0,0,218,2390,TEM,MIA,7.000,41.000,0,23.000,46.500,1100.000,-2500.000,,,consensus,151,1
401525847,2023,2,4,2023-09-23T19:30Z,0,1,2305,252,KU,BYU,38.000,27.000,0,-9.500,55.500,-351.000,275.000,,,consensus,4,4
401525850,2023,2,4,2023-09-23T19:30Z,0,1,277,2641,WVU,TTU,20.000,13.000,0,6.000,53.500,190.000,-230.000,,,consensus,4,4
401526835,2023,2,4,2023-09-23T19:30Z,0,0,113,167,MASS,UNM,31.000,34.000,1,-3.000,48.500,-165.000,135.000,,,consensus,18,17
401531873,2023,2,4,2023-09-23T19:30Z,0,0,295,2837,ODU,TAMC,10.000,9.000,0,-25.500,48.500,-4000.000,1800.000,,,ESPN BET,37,30
401532405,2023,2,4,2023-09-23T19:30Z,0,1,189,195,BGSU,OHIO,7.000,38.000,0,13.000,45.500,375.000,-500.000,,,consensus,15,15
401532408,2023,2,4,2023-09-23T19:30Z,0,0,193,2169,M-OH,DSU,62.000,20.000,0,-40.500,49.500,,,,,consensus,15,24
401520269,2023,2,4,2023-09-23T20:00Z,0,0,2633,2636,TENN,UTSA,45.000,14.000,0,-24.000,59.500,-2000.000,1000.000,,,consensus,8,151
401525846,2023,2,4,2023-09-23T20:00Z,0,1,66,197,ISU,OKST,34.000,27.000,0,-3.500,36.000,-167.000,140.000,,,consensus,4,4
401531423,2023,2,4,2023-09-23T20:00Z,0,1,58,242,USF,RICE,42.000,29.000,0,3.000,57.000,125.000,-154.000,,,consensus,151,151
401520257,2023,2,4,2023-09-23T21:00Z,0,0,55,2199,JVST,EMU,21.000,0.000,0,-6.500,51.000,-260.000,205.000,,,consensus,12,15
401531876,2023,2,4,2023-09-23T21:00Z,0,0,6,2117,USA,CMU,30.000,34.000,0,-16.500,46.500,-750.000,500.000,,,consensus,37,15
401531413,2023,2,4,2023-09-23T22:00Z,0,0,151,2241,ECU,GWEB,44.000,0.000,0,-13.000,51.500,-552.000,400.000,,,consensus,151,179
401520275,2023,2,4,2023-09-23T22:30Z,0,1,2229,2335,FIU,LIB,6.000,38.000,0,10.000,54.500,300.000,-385.000,,,consensus,12,12
401525508,2023,2,4,2023-09-23T22:30Z,0,1,154,59,WAKE,GT,16.000,30.000,0,-3.500,58.500,-175.000,143.000,,,consensus,1,1
401520251,2023,2,4,2023-09-23T23:00Z,0,0,57,2429,FLA,CLT,22.000,7.000,0,-28.000,48.500,-5000.000,1550.000,,,consensus,8,151
401520254,2023,2,4,2023-09-23T23:00Z,0,0,248,2534,HOU,SHSU,38.000,7.000,0,-11.500,37.000,-470.000,360.000,,,consensus,4,12
401520258,2023,2,4,2023-09-23T23:00Z,0,1,99,8,LSU,ARK,34.000,31.000,0,-17.500,55.500,-952.000,600.000,,,consensus,8,8
401520262,2023,2,4,2023-09-23T23:00Z,0,0,2393,36,MTSU,CSU,23.000,31.000,0,-3.500,50.000,-180.000,148.000,,,consensus,12,17
401524016,2023,2,4,2023-09-23T23:00Z,0,1,24,12,STAN,ARIZ,20.000,21.000,0,13.000,60.000,355.000,-480.000,,,consensus,9,9
401524019,2023,2,4,2023-09-23T23:00Z,0,1,265,204,WSU,ORST,38.000,35.000,0,3.000,57.500,125.000,-150.000,,,consensus,9,9
401531349,2023,2,4,2023-09-23T23:00Z,0,0,2655,2447,TULN,NICH,36.000,7.000,0,-38.000,55.500,,,,,consensus,151,30
401531870,2023,2,4,2023-09-23T23:00Z,0,0,2751,2026,WYO,APP,22.000,19.000,0,-3.000,45.000,-150.000,125.000,,,consensus,17,37
401531874,2023,2,4,2023-09-23T23:00Z,0,1,2032,2572,ARST,USM,44.000,37.000,0,7.000,46.500,205.000,-250.000,,,consensus,37,37
401531877,2023,2,4,2023-09-23T23:00Z,0,0,326,2440,TXST,NEV,35.000,24.000,0,-17.000,59.500,-900.000,600.000,,,consensus,37,17
401520252,2023,2,4,2023-09-23T23:30Z,0,0,61,5,UGA,UAB,49.000,21.000,0,-40.000,56.000,-10000.000,2500.000,,,consensus,8,151
401520256,2023,2,4,2023-09-23T23:30Z,0,0,84,2006,IU,AKR,29.000,27.000,1,-16.500,45.500,-800.000,550.000,,,consensus,5,15
401520259,2023,2,4,2023-09-23T23:30Z,1,0,142,235,MIZ,MEM,34.000,27.000,0,-6.500,52.000,-250.000,202.000,,,consensus,8,151
401520264,2023,2,4,2023-09-23T23:30Z,0,1,77,135,NU,MINN,37.000,34.000,1,11.500,39.500,345.000,-455.000,,,consensus,5,5
401520265,2023,2,4,2023-09-23T23:30Z,0,1,213,2294,PSU,IOWA,31.000,0.000,0,-14.000,38.500,-667.000,475.000,,,consensus,5,5
401520267,2023,2,4,2023-09-23T23:30Z,0,1,2579,344,SC,MSST,37.000,30.000,0,-6.000,47.000,-225.000,185.000,,,consensus,8,8
401521330,2023,2,4,2023-09-23T23:30Z,0,0,87,194,ND,OSU,14.000,17.000,0,3.000,55.500,135.000,-160.000,,,consensus,18,5
401525844,2023,2,4,2023-09-23T23:30Z,0,1,239,251,BAY,TEX,6.000,38.000,0,17.500,49.500,600.000,-901.000,,,consensus,4,4
401531875,2023,2,4,2023-09-23T23:30Z,0,0,309,2084,UL,BUFF,45.000,38.000,0,-10.500,57.500,-400.000,310.000,,,consensus,37,15
401525510,2023,2,4,2023-09-24T00:00Z,0,1,221,153,PITT,UNC,24.000,41.000,0,7.000,49.500,230.000,-286.000,,,consensus,1,1
401525848,2023,2,4,2023-09-24T00:00Z,0,1,2306,2116,KSU,UCF,44.000,31.000,0,-6.000,52.500,-238.000,185.000,,,consensus,4,4
401531872,2023,2,4,2023-09-24T00:00Z,0,0,328,256,USU,JMU,38.000,45.000,0,5.500,53.000,175.000,-210.000,,,consensus,17,37
401520273,2023,2,4,2023-09-24T01:00Z,0,0,2638,2439,UTEP,UNLV,28.000,45.000,0,-1.000,49.500,-115.000,-105.000,,,consensus,12,17
401524018,2023,2,4,2023-09-24T02:30Z,0,1,264,25,WASH,CAL,59.000,32.000,0,-20.500,55.500,-1400.000,700.000,,,consensus,9,9
401532407,2023,2,4,2023-09-24T02:30Z,0,0,278,2309,FRES,KENT,53.000,10.000,0,-27.500,47.500,-4500.000,1400.000,,,consensus,17,15
401524014,2023,2,4,2023-09-24T02:45Z,0,1,9,30,ASU,USC,28.000,42.000,0,34.500,62.000,2500.000,-10000.000,,,consensus,9,9
401520253,2023,2,4,2023-09-24T03:59Z,0,0,62,166,HAW,NMSU,20.000,17.000,0,-3.500,55.000,-192.000,155.000,,,consensus,17,12
401520277,2023,2,5,2023-09-28T23:30Z,0,1,98,2393,WKU,MTSU,31.000,10.000,0,-6.500,61.000,-270.000,215.000,,,consensus,12,12
401531339,2023,2,5,2023-09-28T23:30Z,0,1,202,218,TLSA,TEM,48.000,26.000,0,-3.000,56.000,-172.000,143.000,,,consensus,151,151
401520276,2023,2,5,2023-09-29T00:00Z,0,1,2534,55,SHSU,JVST,28.000,35.000,1,7.000,36.500,225.000,-278.000,,,consensus,12,12
401525512,2023,2,5,2023-09-29T23:00Z,0,1,152,97,NCSU,LOU,10.000,13.000,0,3.500,56.500,145.000,-175.000,,,consensus,1,1
401520278,2023,2,5,2023-09-30T01:00Z,0,1,2638,2348,UTEP,LT,10.000,24.000,0,2.000,49.500,105.000,-125.000,,,consensus,12,12
401524020,2023,2,5,2023-09-30T01:00Z,0,1,204,254,ORST,UTAH,21.000,7.000,0,-4.000,43.000,-180.000,152.000,,,consensus,9,9
401525851,2023,2,5,2023-09-30T02:15Z,0,1,252,2132,BYU,CIN,35.000,27.000,0,-1.000,47.500,-115.000,-105.000,,,consensus,4,4
401520279,2023,2,5,2023-09-30T16:00Z,1,1,8,245,ARK,TA&M,22.000,34.000,0,6.500,53.500,185.000,-230.000,,,consensus,8,8
401520282,2023,2,5,2023-09-30T16:00Z,0,1,96,57,UK,FLA,33.000,14.000,0,-1.000,44.000,-122.000,100.000,,,consensus,8,8
401520284,2023,2,5,2023-09-30T16:00Z,0,0,135,309,MINN,UL,35.000,24.000,0,-9.500,49.000,-365.000,285.000,,,consensus,5,37
401520287,2023,2,5,2023-09-30T16:00Z,0,1,77,213,NU,PSU,13.000,41.000,0,26.500,47.500,1600.000,-7504.000,,,consensus,5,5
401520292,2023,2,5,2023-09-30T16:00Z,0,0,41,328,CONN,USU,33.000,34.000,0,4.000,50.500,155.000,-188.000,,,consensus,18,17
401524023,2023,2,5,2023-09-30T16:00Z,0,1,38,30,COLO,USC,41.000,48.000,0,21.500,74.500,900.000,-1600.000,,,consensus,9,9
401525514,2023,2,5,2023-09-30T16:00Z,0,1,183,228,SYR,CLEM,14.000,31.000,0,7.000,52.000,240.000,-300.000,,,consensus,1,1
401531370,2023,2,5,2023-09-30T16:00Z,0,1,2655,5,TULN,UAB,35.000,23.000,0,-22.500,59.500,-2000.000,1000.000,,,consensus,151,151
401531880,2023,2,5,2023-09-30T16:00Z,0,1,256,6,JMU,USA,31.000,23.000,0,-1.000,48.500,-125.000,100.000,,,consensus,37,37
401532412,2023,2,5,2023-09-30T16:00Z,0,1,2006,2084,AKR,BUFF,10.000,13.000,1,-3.000,53.000,-145.000,120.000,,,consensus,15,15
401532410,2023,2,5,2023-09-30T17:30Z,0,1,2117,2199,CMU,EMU,26.000,23.000,0,-9.500,45.000,-351.000,278.000,,,consensus,15,15
401525513,2023,2,5,2023-09-30T18:00Z,0,1,103,258,BC,UVA,27.000,24.000,0,-5.000,51.500,-205.000,170.000,,,consensus,1,1
401532413,2023,2,5,2023-09-30T18:30Z,0,1,2309,193,KENT,M-OH,3.000,23.000,0,14.000,50.500,425.000,-600.000,,,consensus,15,15
401524022,2023,2,5,2023-09-30T19:00Z,0,1,25,9,CAL,ASU,24.000,21.000,0,-13.000,47.500,-485.000,360.000,,,consensus,9,9
401520280,2023,2,5,2023-09-30T19:30Z,0,1,2,61,AUB,UGA,20.000,27.000,0,14.000,44.500,460.000,-650.000,,,consensus,8,8
401520283,2023,2,5,2023-09-30T19:30Z,0,1,120,84,MD,IU,44.000,17.000,0,-14.500,50.000,-667.000,460.000,,,consensus,5,5
401520286,2023,2,5,2023-09-30T19:30Z,0,1,158,130,NEB,MICH,7.000,45.000,0,17.500,40.000,650.000,-1000.000,,,consensus,5,5
401520289,2023,2,5,2023-09-30T19:30Z,0,1,2509,356,PUR,ILL,44.000,19.000,0,0.000,53.500,-110.000,-110.000,,,consensus,5,5
401520290,2023,2,5,2023-09-30T19:30Z,0,0,164,2681,RUTG,WAG,52.000,3.000,0,-46.000,52.500,,,,,consensus,5,25
401525515,2023,2,5,2023-09-30T19:30Z,0,0,59,189,GT,BGSU,27.000,38.000,0,-21.000,49.000,-1613.000,900.000,,,consensus,1,15
401525854,2023,2,5,2023-09-30T19:30Z,0,1,251,2305,TEX,KU,40.000,14.000,0,-15.500,60.500,-752.000,525.000,,,consensus,4,4
401525855,2023,2,5,2023-09-30T19:30Z,0,1,2641,248,TTU,HOU,49.000,28.000,0,-8.500,52.000,-335.000,260.000,,,consensus,4,4
401525856,2023,2,5,2023-09-30T19:30Z,0,1,2116,239,UCF,BAY,35.000,36.000,0,-8.000,56.000,-320.000,250.000,,,consensus,4,4
401526836,2023,2,5,2023-09-30T19:30Z,0,0,113,2032,MASS,ARST,28.000,52.000,0,-2.500,55.500,-137.000,115.000,,,consensus,18,37
401531424,2023,2,5,2023-09-30T19:30Z,0,1,2426,58,NAVY,USF,30.000,44.000,0,-3.500,54.000,-175.000,145.000,,,consensus,151,151
401531881,2023,2,5,2023-09-30T19:30Z,0,1,276,295,MRSH,ODU,41.000,35.000,0,-14.500,47.000,-650.000,450.000,,,consensus,37,37
401532409,2023,2,5,2023-09-30T19:30Z,0,1,2711,2050,WMU,BALL,42.000,24.000,0,-1.500,50.000,-125.000,105.000,,,consensus,15,15
401532411,2023,2,5,2023-09-30T19:30Z,0,1,2649,2459,TOL,NIU,35.000,33.000,0,-13.500,48.000,-550.000,400.000,,,consensus,15,15
401520293,2023,2,5,2023-09-30T20:00Z,0,1,238,142,VAN,MIZ,21.000,38.000,0,14.000,53.500,390.000,-530.000,,,consensus,8,8
401531429,2023,2,5,2023-09-30T20:00Z,0,0,235,68,MEM,BOIS,35.000,32.000,0,-3.000,58.500,-155.000,130.000,,,consensus,151,17
401532586,2023,2,5,2023-09-30T20:00Z,0,1,2439,62,UNLV,HAW,44.000,20.000,0,-10.500,58.500,-420.000,320.000,,,consensus,17,17
401532588,2023,2,5,2023-09-30T20:00Z,0,1,2751,167,WYO,UNM,35.000,26.000,0,-14.500,40.500,-625.000,450.000,,,consensus,17,17
401520288,2023,2,5,2023-09-30T22:00Z,0,1,145,99,MISS,LSU,55.000,49.000,0,2.500,66.500,120.000,-145.000,,,consensus,8,8
401524024,2023,2,5,2023-09-30T22:30Z,0,1,24,2483,STAN,ORE,6.000,42.000,0,27.000,59.500,1600.000,-10000.000,,,consensus,9,9
401525852,2023,2,5,2023-09-30T23:00Z,0,1,201,66,OU,ISU,50.000,20.000,0,-19.500,48.500,-1250.000,750.000,,,consensus,4,4
401531414,2023,2,5,2023-09-30T23:00Z,0,1,242,151,RICE,ECU,24.000,17.000,0,-3.500,46.000,-175.000,143.000,,,consensus,151,151
401531436,2023,2,5,2023-09-30T23:00Z,0,0,249,2000,UNT,ACU,45.000,31.000,0,-15.500,69.000,-700.000,500.000,,,consensus,151,177
401531878,2023,2,5,2023-09-30T23:00Z,0,1,290,324,GASO,CCU,38.000,28.000,0,-6.000,67.500,-230.000,190.000,,,consensus,37,37
401531879,2023,2,5,2023-09-30T23:00Z,0,1,2247,2653,GAST,TROY,7.000,28.000,0,-1.000,50.500,-120.000,-105.000,,,consensus,37,37
401531883,2023,2,5,2023-09-30T23:00Z,0,1,2572,326,USM,TXST,36.000,50.000,0,6.500,60.000,195.000,-240.000,,,consensus,37,37
401532585,2023,2,5,2023-09-30T23:00Z,0,0,36,3101,CSU,UTU,41.000,20.000,0,-31.500,65.500,,,,,ESPN BET,17,177
401520281,2023,2,5,2023-09-30T23:30Z,0,1,2294,127,IOWA,MSU,26.000,16.000,0,-10.000,36.500,-385.000,300.000,,,consensus,5,5
401520291,2023,2,5,2023-09-30T23:30Z,0,1,2633,2579,TENN,SC,41.000,20.000,0,-12.000,60.000,-455.000,340.000,,,consensus,8,8
401525438,2023,2,5,2023-09-30T23:30Z,0,0,150,87,DUKE,ND,14.000,21.000,0,5.500,52.500,180.000,-220.000,,,consensus,1,18
401531404,2023,2,5,2023-09-30T23:30Z,0,1,2567,2429,SMU,CLT,34.000,16.000,0,-22.500,53.000,-2000.000,950.000,,,consensus,151,151
401525516,2023,2,5,2023-10-01T00:00Z,0,1,259,221,VT,PITT,38.000,21.000,0,3.000,40.500,130.000,-155.000,,,consensus,1,1
401525853,2023,2,5,2023-10-01T00:00Z,0,1,2628,277,TCU,WVU,21.000,24.000,0,-13.500,51.500,-550.000,400.000,,,consensus,4,4
401531882,2023,2,5,2023-10-01T00:00Z,0,1,2433,2026,ULM,APP,40.000,41.000,0,13.500,50.500,400.000,-556.000,,,consensus,37,37
401532589,2023,2,5,2023-10-01T00:00Z,0,1,2005,21,AFA,SDSU,49.000,10.000,0,-10.500,43.500,-417.000,315.000,,,consensus,17,17
401520285,2023,2,5,2023-10-01T01:00Z,0,1,344,333,MSST,ALA,17.000,40.000,0,16.500,45.500,595.000,-900.000,,,consensus,8,8
401524021,2023,2,5,2023-10-01T02:00Z,0,1,12,264,ARIZ,WASH,24.000,31.000,0,19.500,65.500,700.000,-1205.000,,,consensus,9,9
401532587,2023,2,5,2023-10-01T02:30Z,0,1,278,2440,FRES,NEV,27.000,9.000,0,-25.500,50.500,-3500.000,1350.000,,,consensus,17,17
401520294,2023,2,6,2023-10-05T00:00Z,0,1,2393,55,MTSU,JVST,30.000,45.000,0,-2.500,52.000,-142.000,118.000,,,consensus,12,12
401520297,2023,2,6,2023-10-05T01:00Z,0,1,166,2229,NMSU,FIU,34.000,17.000,0,-6.500,49.000,-250.000,200.000,,,consensus,12,12
401520296,2023,2,6,2023-10-05T23:00Z,0,1,2335,2534,LIB,SHSU,21.000,16.000,0,-21.000,46.500,-1600.000,900.000,,,consensus,12,12
401520295,2023,2,6,2023-10-06T00:00Z,0,1,2348,98,LT,WKU,28.000,35.000,0,6.000,59.000,190.000,-235.000,,,consensus,12,12
401525857,2023,2,6,2023-10-06T23:30Z,0,1,197,2306,OKST,KSU,29.000,21.000,0,11.500,54.000,345.000,-450.000,,,consensus,4,4
401520301,2023,2,6,2023-10-07T00:00Z,0,1,356,158,ILL,NEB,7.000,20.000,0,-3.000,41.500,-155.000,130.000,,,consensus,5,5
401520298,2023,2,6,2023-10-07T16:00Z,0,0,349,103,ARMY,BC,24.000,27.000,0,-2.500,47.000,-138.000,115.000,,,consensus,18,1
401520304,2023,2,6,2023-10-07T16:00Z,0,0,344,2711,MSST,WMU,41.000,28.000,0,-21.500,55.000,-1800.000,950.000,,,consensus,8,15
401520305,2023,2,6,2023-10-07T16:00Z,0,1,142,99,MIZ,LSU,39.000,49.000,0,6.000,63.500,200.000,-250.000,,,consensus,8,8
401520307,2023,2,6,2023-10-07T16:00Z,0,1,194,120,OSU,MD,37.000,17.000,0,-17.000,56.500,-1000.000,650.000,,,consensus,5,5
401520311,2023,2,6,2023-10-07T16:00Z,0,1,275,164,WIS,RUTG,24.000,13.000,0,-12.500,44.000,-500.000,375.000,,,consensus,5,5
401525522,2023,2,6,2023-10-07T16:00Z,0,0,258,2729,UVA,W&M,27.000,13.000,0,-8.500,42.000,-350.000,270.000,,,consensus,1,48
401525861,2023,2,6,2023-10-07T16:00Z,1,1,251,201,TEX,OU,30.000,34.000,0,-4.000,61.500,-189.000,155.000,,,consensus,4,4
401526837,2023,2,6,2023-10-07T16:00Z,0,0,113,2649,MASS,TOL,24.000,41.000,0,19.000,55.500,700.000,-1205.000,,,consensus,18,15
401525521,2023,2,6,2023-10-07T18:00Z,0,0,152,276,NCSU,MRSH,48.000,41.000,0,-6.500,44.000,-263.000,210.000,,,consensus,1,37
401531389,2023,2,6,2023-10-07T18:00Z,0,1,218,2636,TEM,UTSA,34.000,49.000,0,14.000,56.000,425.000,-600.000,,,consensus,151,151
401532415,2023,2,6,2023-10-07T18:00Z,0,1,2084,2117,BUFF,CMU,37.000,13.000,0,3.000,51.500,120.000,-145.000,,,consensus,15,15
401520306,2023,2,6,2023-10-07T19:00Z,0,0,77,47,NU,HOW,23.000,20.000,0,-23.500,52.000,-3500.000,1350.000,,,consensus,5,24
401524028,2023,2,6,2023-10-07T19:00Z,0,1,26,265,UCLA,WSU,25.000,17.000,0,-3.000,59.500,-165.000,140.000,,,consensus,9,9
401520302,2023,2,6,2023-10-07T19:30Z,0,1,2294,2509,IOWA,PUR,20.000,14.000,0,-2.500,38.500,-132.000,110.000,,,consensus,5,5
401520310,2023,2,6,2023-10-07T19:30Z,0,1,245,333,TA&M,ALA,20.000,26.000,0,2.500,45.000,115.000,-138.000,,,consensus,8,8
401525517,2023,2,6,2023-10-07T19:30Z,0,1,228,154,CLEM,WAKE,17.000,12.000,0,-21.000,53.000,-1700.000,900.000,,,consensus,1,1
401525518,2023,2,6,2023-10-07T19:30Z,0,1,52,259,FSU,VT,39.000,17.000,0,-23.500,52.500,-2500.000,1150.000,,,consensus,1,1
401525520,2023,2,6,2023-10-07T19:30Z,0,1,153,183,UNC,SYR,40.000,7.000,0,-9.500,59.000,-385.000,290.000,,,consensus,1,1
401531433,2023,2,6,2023-10-07T19:30Z,0,1,2426,249,NAVY,UNT,27.000,24.000,0,-6.500,60.500,-240.000,195.000,,,consensus,151,151
401531884,2023,2,6,2023-10-07T19:30Z,0,1,309,326,UL,TXST,34.000,30.000,0,-1.000,66.500,-120.000,100.000,,,consensus,37,37
401532414,2023,2,6,2023-10-07T19:30Z,0,1,2199,2050,EMU,BALL,24.000,10.000,0,-2.500,43.500,-130.000,110.000,,,consensus,15,15
401532416,2023,2,6,2023-10-07T19:30Z,0,1,193,189,M-OH,BGSU,27.000,0.000,0,-7.500,43.000,-350.000,270.000,,,consensus,15,15
401532417,2023,2,6,2023-10-07T19:30Z,0,1,195,2309,OHIO,KENT,42.000,17.000,0,-24.500,45.000,-4000.000,1450.000,,,consensus,15,15
401532418,2023,2,6,2023-10-07T19:30Z,0,1,2006,2459,AKR,NIU,14.000,55.000,0,4.500,42.500,160.000,-192.000,,,consensus,15,15
401520299,2023,2,6,2023-10-07T20:00Z,0,1,57,238,FLA,VAN,38.000,14.000,0,-18.000,51.000,-1000.000,650.000,,,consensus,8,8
401525860,2023,2,6,2023-10-07T20:00Z,0,1,2305,2116,KU,UCF,51.000,22.000,0,2.000,64.500,110.000,-130.000,,,consensus,4,4
401531380,2023,2,6,2023-10-07T20:00Z,0,1,5,58,UAB,USF,56.000,35.000,0,3.000,68.500,130.000,-159.000,,,consensus,151,151
401531887,2023,2,6,2023-10-07T20:00Z,0,1,2653,2032,TROY,ARST,37.000,3.000,0,-15.500,52.000,-752.000,525.000,,,consensus,37,37
401520309,2023,2,6,2023-10-07T21:00Z,0,0,242,41,RICE,CONN,31.000,38.000,0,-10.000,47.500,-380.000,290.000,,,consensus,151,18
401531340,2023,2,6,2023-10-07T22:00Z,0,1,2226,202,FAU,TLSA,20.000,17.000,0,-3.000,54.500,-150.000,122.000,,,consensus,151,151
401524026,2023,2,6,2023-10-07T22:30Z,0,1,9,38,ASU,COLO,24.000,27.000,0,3.000,58.000,135.000,-160.000,,,consensus,9,9
401520300,2023,2,6,2023-10-07T23:00Z,0,1,61,96,UGA,UK,51.000,13.000,0,-14.500,47.000,-600.000,430.000,,,consensus,8,8
401531885,2023,2,6,2023-10-07T23:00Z,0,1,2433,6,ULM,USA,7.000,55.000,0,10.500,51.500,310.000,-410.000,,,consensus,37,37
401531886,2023,2,6,2023-10-07T23:00Z,0,1,2572,295,USM,ODU,13.000,17.000,0,-3.000,56.500,-150.000,125.000,,,consensus,37,37
401520303,2023,2,6,2023-10-07T23:30Z,0,1,135,130,MINN,MICH,10.000,52.000,0,18.500,46.000,800.000,-1600.000,,,consensus,5,5
401520308,2023,2,6,2023-10-07T23:30Z,0,1,145,8,MISS,ARK,27.000,20.000,0,-13.000,61.500,-500.000,370.000,,,consensus,8,8
401525439,2023,2,6,2023-10-07T23:37Z,0,0,97,87,LOU,ND,33.000,20.000,0,6.500,53.500,200.000,-250.000,,,consensus,1,18
401525519,2023,2,6,2023-10-08T00:00Z,0,1,2390,59,MIA,GT,20.000,23.000,0,-19.000,57.000,-1250.000,745.000,,,consensus,1,1
401525858,2023,2,6,2023-10-08T00:00Z,0,1,239,2641,BAY,TTU,14.000,39.000,0,2.500,59.500,110.000,-135.000,,,consensus,4,4
401525859,2023,2,6,2023-10-08T00:00Z,0,1,66,2628,ISU,TCU,27.000,14.000,0,6.500,52.500,200.000,-250.000,,,consensus,4,4
401532590,2023,2,6,2023-10-08T00:00Z,0,1,328,36,USU,CSU,44.000,24.000,0,3.000,62.000,124.000,-145.000,,,consensus,17,17
401532591,2023,2,6,2023-10-08T00:00Z,0,1,2751,278,WYO,FRES,24.000,19.000,0,5.500,43.000,175.000,-213.000,,,consensus,17,17
401532592,2023,2,6,2023-10-08T00:00Z,0,1,68,23,BOIS,SJSU,35.000,27.000,0,-8.000,57.500,-315.000,245.000,,,consensus,17,17
401524027,2023,2,6,2023-10-08T02:00Z,0,1,25,204,CAL,ORST,40.000,52.000,0,7.500,51.000,255.000,-333.000,,,consensus,9,9
401524025,2023,2,6,2023-10-08T02:30Z,0,1,30,12,USC,ARIZ,43.000,41.000,1,-21.000,69.500,-1800.000,950.000,,,consensus,9,9
401520313,2023,2,7,2023-10-10T23:00Z,0,1,2393,2348,MTSU,LT,31.000,23.000,0,-3.000,53.500,-154.000,126.000,,,consensus,12,12
401520312,2023,2,7,2023-10-10T23:30Z,0,1,55,2335,JVST,LIB,13.000,31.000,0,7.000,59.500,222.000,-278.000,,,consensus,12,12
401531888,2023,2,7,2023-10-10T23:30Z,0,1,2026,324,APP,CCU,24.000,27.000,0,-4.500,59.000,-200.000,165.000,,,consensus,37,37
401520314,2023,2,7,2023-10-11T23:30Z,0,1,2229,2638,FIU,UTEP,14.000,27.000,0,-3.500,42.500,-179.000,150.000,,,consensus,12,12
401520315,2023,2,7,2023-10-12T01:00Z,0,1,166,2534,NMSU,SHSU,27.000,13.000,0,-3.500,42.500,-195.000,160.000,,,consensus,12,12
401525862,2023,2,7,2023-10-12T23:00Z,0,1,248,277,HOU,WVU,41.000,39.000,0,3.000,49.500,125.000,-148.000,,,consensus,4,4
401531415,2023,2,7,2023-10-12T23:30Z,0,1,151,2567,ECU,SMU,10.000,31.000,0,11.500,49.000,345.000,-455.000,,,consensus,151,151
401531371,2023,2,7,2023-10-13T23:00Z,0,1,235,2655,MEM,TULN,21.000,31.000,0,5.000,54.500,170.000,-204.000,,,consensus,151,151
401532594,2023,2,7,2023-10-14T00:00Z,0,1,328,278,USU,FRES,32.000,37.000,0,5.500,56.000,180.000,-222.000,,,consensus,17,17
401524029,2023,2,7,2023-10-14T02:00Z,0,1,38,24,COLO,STAN,43.000,46.000,1,-13.500,58.500,-550.000,400.000,,,consensus,9,9
401520316,2023,2,7,2023-10-14T16:00Z,0,1,333,8,ALA,ARK,24.000,21.000,0,-19.000,45.000,-1408.000,800.000,,,consensus,8,8
401520321,2023,2,7,2023-10-14T16:00Z,0,1,130,84,MICH,IU,52.000,7.000,0,-33.000,45.500,-10000.000,2500.000,,,consensus,5,5
401520323,2023,2,7,2023-10-14T16:00Z,0,1,2509,194,PUR,OSU,7.000,41.000,0,17.000,53.500,650.000,-1000.000,,,consensus,5,5
401520324,2023,2,7,2023-10-14T16:00Z,0,1,164,127,RUTG,MSU,27.000,24.000,0,-4.000,38.500,-190.000,158.000,,,consensus,5,5
401520327,2023,2,7,2023-10-14T16:00Z,0,1,238,61,VAN,UGA,20.000,37.000,0,32.500,55.000,2500.000,-10000.000,,,consensus,8,8
401525524,2023,2,7,2023-10-14T16:00Z,0,1,52,183,FSU,SYR,41.000,3.000,0,-18.500,53.000,-1316.000,725.000,,,consensus,1,1
401525863,2023,2,7,2023-10-14T16:00Z,0,1,2132,66,CIN,ISU,10.000,30.000,0,-4.000,42.500,-190.000,150.000,,,consensus,4,4
401531390,2023,2,7,2023-10-14T16:00Z,0,1,249,218,UNT,TEM,45.000,14.000,0,-7.500,65.500,-330.000,250.000,,,consensus,151,151
401531890,2023,2,7,2023-10-14T16:00Z,0,1,256,290,JMU,GASO,41.000,13.000,0,-5.500,60.000,-218.000,180.000,,,consensus,37,37
401532422,2023,2,7,2023-10-14T16:00Z,0,1,2199,2309,EMU,KENT,28.000,14.000,0,-7.000,40.500,-285.000,228.000,,,consensus,15,15
401531405,2023,2,7,2023-10-14T18:00Z,0,1,2429,2426,CLT,NAVY,0.000,14.000,0,3.500,44.500,140.000,-165.000,,,consensus,151,151
401532419,2023,2,7,2023-10-14T18:00Z,0,1,2050,2649,BALL,TOL,6.000,13.000,0,17.500,48.500,600.000,-901.000,,,consensus,15,15
401524033,2023,2,7,2023-10-14T19:00Z,0,1,254,25,UTAH,CAL,34.000,14.000,0,-9.500,43.000,-384.000,290.000,,,consensus,9,9
401520317,2023,2,7,2023-10-14T19:30Z,0,0,349,2653,ARMY,TROY,0.000,19.000,0,6.500,41.500,192.000,-238.000,,,consensus,18,37
401520320,2023,2,7,2023-10-14T19:30Z,0,1,120,356,MD,ILL,24.000,27.000,0,-13.500,51.500,-552.000,400.000,,,consensus,5,5
401520322,2023,2,7,2023-10-14T19:30Z,0,0,213,113,PSU,MASS,63.000,0.000,0,-42.000,55.000,-10000.000,3000.000,,,consensus,5,18
401520325,2023,2,7,2023-10-14T19:30Z,0,1,2579,57,SC,FLA,39.000,41.000,0,-1.000,50.000,-110.000,-110.000,,,consensus,8,8
401520326,2023,2,7,2023-10-14T19:30Z,0,1,2633,245,TENN,TA&M,20.000,13.000,0,-3.000,54.500,-154.000,130.000,,,consensus,8,8
401524034,2023,2,7,2023-10-14T19:30Z,0,1,264,2483,WASH,ORE,36.000,33.000,0,-3.000,67.000,-159.000,130.000,,,consensus,9,9
401525527,2023,2,7,2023-10-14T19:30Z,0,1,259,154,VT,WAKE,30.000,13.000,0,-1.500,48.500,-122.000,100.000,,,consensus,1,1
401525864,2023,2,7,2023-10-14T19:30Z,0,1,197,2305,OKST,KU,39.000,32.000,0,3.000,54.000,125.000,-150.000,,,consensus,4,4
401525865,2023,2,7,2023-10-14T19:30Z,0,1,2628,252,TCU,BYU,44.000,11.000,0,-5.000,52.500,-204.000,170.000,,,consensus,4,4
401531420,2023,2,7,2023-10-14T19:30Z,0,1,58,2226,USF,FAU,14.000,56.000,0,-3.000,61.000,-145.000,120.000,,,consensus,151,151
401532420,2023,2,7,2023-10-14T19:30Z,0,1,2117,2006,CMU,AKR,17.000,10.000,0,-10.500,44.000,-420.000,320.000,,,consensus,15,15
401532421,2023,2,7,2023-10-14T19:30Z,0,1,2084,189,BUFF,BGSU,14.000,24.000,0,-3.000,45.000,-160.000,135.000,,,consensus,15,15
401532423,2023,2,7,2023-10-14T19:30Z,0,1,2711,193,WMU,M-OH,21.000,34.000,0,7.500,45.500,240.000,-303.000,,,consensus,15,15
401520328,2023,2,7,2023-10-14T20:00Z,0,1,275,2294,WIS,IOWA,6.000,15.000,0,-8.500,33.500,-345.000,270.000,,,consensus,5,5
401532424,2023,2,7,2023-10-14T20:00Z,0,1,2459,195,NIU,OHIO,23.000,13.000,0,5.500,45.000,180.000,-222.000,,,consensus,15,15
401532597,2023,2,7,2023-10-14T21:00Z,0,1,2440,2439,NEV,UNLV,27.000,45.000,0,7.500,51.500,235.000,-294.000,,,consensus,17,17
401532596,2023,2,7,2023-10-14T22:00Z,0,1,167,23,UNM,SJSU,24.000,52.000,0,6.500,55.000,195.000,-245.000,,,consensus,17,17
401525525,2023,2,7,2023-10-14T22:30Z,0,1,221,97,PITT,LOU,38.000,21.000,0,7.000,45.000,240.000,-303.000,,,consensus,1,1
401520319,2023,2,7,2023-10-14T23:00Z,0,1,99,2,LSU,AUB,48.000,18.000,0,-11.000,60.500,-417.000,310.000,,,consensus,8,8
401524030,2023,2,7,2023-10-14T23:00Z,0,1,265,12,WSU,ARIZ,6.000,44.000,0,-7.500,56.500,-305.000,240.000,,,consensus,9,9
401525866,2023,2,7,2023-10-14T23:00Z,0,1,2641,2306,TTU,KSU,21.000,38.000,0,-1.000,57.000,-120.000,100.000,,,consensus,4,4
401531889,2023,2,7,2023-10-14T23:00Z,0,1,2247,276,GAST,MRSH,41.000,24.000,0,-1.500,53.500,-125.000,105.000,,,consensus,37,37
401531891,2023,2,7,2023-10-14T23:00Z,0,1,326,2433,TXST,ULM,21.000,20.000,0,-18.500,64.500,-1000.000,650.000,,,consensus,37,37
401532598,2023,2,7,2023-10-14T23:00Z,0,1,2005,2751,AFA,WYO,34.000,27.000,0,-12.500,42.000,-450.000,340.000,,,consensus,17,17
401520318,2023,2,7,2023-10-14T23:30Z,0,1,96,142,UK,MIZ,21.000,38.000,0,-1.500,50.500,-130.000,106.000,,,consensus,8,8
401524031,2023,2,7,2023-10-14T23:30Z,0,0,87,30,ND,USC,48.000,20.000,0,-3.000,60.500,-155.000,130.000,,,consensus,18,9
401525526,2023,2,7,2023-10-14T23:30Z,0,1,153,2390,UNC,MIA,41.000,31.000,0,-3.000,57.000,-150.000,125.000,,,consensus,1,1
401524032,2023,2,7,2023-10-15T00:00Z,0,1,204,26,ORST,UCLA,36.000,24.000,0,-3.500,54.000,-188.000,155.000,,,consensus,9,9
401525523,2023,2,7,2023-10-15T00:00Z,0,1,150,152,DUKE,NCSU,24.000,3.000,0,-4.000,42.500,-190.000,155.000,,,consensus,1,1
401531381,2023,2,7,2023-10-15T00:00Z,0,1,2636,5,UTSA,UAB,41.000,20.000,0,-9.000,67.000,-355.000,278.000,,,consensus,151,151
401532593,2023,2,7,2023-10-15T02:00Z,0,1,36,68,CSU,BOIS,31.000,30.000,0,7.500,59.500,245.000,-305.000,,,consensus,17,17
401532595,2023,2,7,2023-10-15T03:00Z,0,1,62,21,HAW,SDSU,34.000,41.000,0,6.000,51.500,185.000,-225.000,,,consensus,17,17
401520330,2023,2,8,2023-10-17T23:00Z,0,1,2335,2393,LIB,MTSU,42.000,35.000,0,-16.000,56.500,-800.000,550.000,-13.500,55.000,consensus,12,12
401520329,2023,2,8,2023-10-17T23:30Z,0,1,55,98,JVST,WKU,20.000,17.000,0,7.500,60.500,250.000,-323.000,7.000,61.000,consensus,12,12
401531892,2023,2,8,2023-10-17T23:30Z,0,1,6,2572,USA,USM,55.000,3.000,0,-18.500,51.000,-1100.000,650.000,-17.000,53.500,consensus,37,37
401520331,2023,2,8,2023-10-18T23:00Z,0,1,2534,2229,SHSU,FIU,27.000,33.000,1,-5.500,42.000,-225.000,185.000,-5.500,39.500,consensus,12,12
401520332,2023,2,8,2023-10-19T01:00Z,0,1,2638,166,UTEP,NMSU,7.000,28.000,0,3.000,48.500,114.000,-135.000,1.500,49.500,consensus,12,12
401531341,2023,2,8,2023-10-19T23:00Z,0,1,202,242,TLSA,RICE,10.000,42.000,0,-3.000,56.500,-165.000,140.000,-2.500,57.000,consensus,151,151
401531893,2023,2,8,2023-10-19T23:00Z,0,1,276,256,MRSH,JMU,9.000,20.000,0,5.000,49.000,175.000,-220.000,3.500,52.000,consensus,37,37
401531391,2023,2,8,2023-10-20T23:00Z,0,1,218,2567,TEM,SMU,0.000,55.000,0,24.000,53.000,1100.000,-2400.000,18.000,57.500,consensus,151,151
401520334,2023,2,8,2023-10-21T16:00Z,0,1,8,344,ARK,MSST,3.000,7.000,0,-7.000,46.500,-278.000,222.000,-7.000,50.000,consensus,8,8
401520337,2023,2,8,2023-10-21T16:00Z,0,1,84,164,IU,RUTG,14.000,31.000,0,6.000,39.500,180.000,-222.000,5.000,43.000,consensus,5,5
401520343,2023,2,8,2023-10-21T16:00Z,0,1,194,213,OSU,PSU,20.000,12.000,0,-4.000,46.500,-190.000,158.000,-4.500,48.000,consensus,5,5
401525528,2023,2,8,2023-10-21T16:00Z,0,1,59,103,GT,BC,23.000,38.000,0,-6.000,57.000,-235.000,185.000,-5.000,57.500,consensus,1,1
401525868,2023,2,8,2023-10-21T16:00Z,0,1,2132,239,CIN,BAY,29.000,32.000,0,-2.500,50.500,-132.000,110.000,-1.500,52.000,consensus,4,4
401525871,2023,2,8,2023-10-21T16:00Z,0,1,201,2116,OU,UCF,31.000,29.000,0,-17.000,67.500,-1000.000,615.000,-19.000,63.500,consensus,4,4
401531382,2023,2,8,2023-10-21T16:00Z,0,1,5,235,UAB,MEM,21.000,45.000,0,7.500,62.000,240.000,-300.000,4.500,63.000,consensus,151,151
401531434,2023,2,8,2023-10-21T16:00Z,0,0,2426,2005,NAVY,AFA,6.000,17.000,0,11.000,34.000,340.000,-450.000,10.000,37.500,consensus,151,17
401532428,2023,2,8,2023-10-21T16:00Z,0,1,195,2711,OHIO,WMU,20.000,17.000,0,-16.500,52.000,-800.000,550.000,-15.000,51.000,consensus,15,15
401531406,2023,2,8,2023-10-21T18:00Z,0,1,151,2429,ECU,CLT,7.000,10.000,0,-6.000,39.500,-244.000,190.000,-8.000,41.500,consensus,151,151
401531894,2023,2,8,2023-10-21T18:00Z,0,1,290,2433,GASO,ULM,38.000,28.000,0,-16.500,60.000,-800.000,550.000,-17.000,58.000,consensus,37,37
401532429,2023,2,8,2023-10-21T18:00Z,0,1,189,2006,BGSU,AKR,41.000,14.000,0,-7.000,37.000,-292.000,235.000,-9.000,41.000,consensus,15,15
401520333,2023,2,8,2023-10-21T19:30Z,0,1,333,2633,ALA,TENN,34.000,20.000,0,-8.500,47.500,-351.000,275.000,-9.000,48.000,consensus,8,8
401520336,2023,2,8,2023-10-21T19:30Z,0,1,356,275,ILL,WIS,21.000,25.000,0,3.000,40.500,130.000,-155.000,4.000,43.500,consensus,5,5
401520338,2023,2,8,2023-10-21T19:30Z,0,1,2294,135,IOWA,MINN,10.000,12.000,0,-3.500,30.500,-175.000,143.000,-5.500,32.500,consensus,5,5
401520341,2023,2,8,2023-10-21T19:30Z,0,1,142,2579,MIZ,SC,34.000,12.000,0,-7.500,57.500,-305.000,240.000,-6.500,59.500,consensus,8,8
401520342,2023,2,8,2023-10-21T19:30Z,0,1,158,77,NEB,NU,17.000,9.000,0,-10.500,40.000,-435.000,325.000,-12.500,44.000,consensus,5,5
401520344,2023,2,8,2023-10-21T19:30Z,0,0,41,58,CONN,USF,21.000,24.000,0,-1.000,57.000,-112.000,-110.000,3.000,57.000,consensus,18,151
401524035,2023,2,8,2023-10-21T19:30Z,0,1,2483,265,ORE,WSU,38.000,24.000,0,-19.500,60.500,-1400.000,800.000,-20.000,60.000,consensus,9,9
401525532,2023,2,8,2023-10-21T19:30Z,0,1,154,221,WAKE,PITT,21.000,17.000,0,2.500,45.000,120.000,-143.000,-1.500,48.000,consensus,1,1
401525872,2023,2,8,2023-10-21T19:30Z,0,1,277,197,WVU,OKST,34.000,48.000,0,-3.000,48.500,-152.000,125.000,-3.000,50.500,consensus,4,4
401531372,2023,2,8,2023-10-21T19:30Z,0,1,2655,249,TULN,UNT,35.000,28.000,0,-20.000,63.500,-1400.000,800.000,-20.000,61.500,consensus,151,151
401532425,2023,2,8,2023-10-21T19:30Z,0,1,2050,2117,BALL,CMU,24.000,17.000,0,5.000,42.000,175.000,-218.000,3.500,43.500,consensus,15,15
401532426,2023,2,8,2023-10-21T19:30Z,0,1,2459,2199,NIU,EMU,20.000,13.000,0,-11.500,43.500,-476.000,345.000,-11.000,45.500,consensus,15,15
401532430,2023,2,8,2023-10-21T19:30Z,0,1,2309,2084,KENT,BUFF,6.000,24.000,0,6.500,44.000,205.000,-250.000,8.500,47.000,consensus,15,15
401525869,2023,2,8,2023-10-21T20:00Z,0,1,248,251,HOU,TEX,24.000,31.000,0,23.500,60.500,1100.000,-2500.000,22.000,61.500,consensus,4,4
401532427,2023,2,8,2023-10-21T20:00Z,0,1,193,2649,M-OH,TOL,17.000,21.000,0,1.500,46.500,105.000,-130.000,0.000,50.000,consensus,15,15
401531397,2023,2,8,2023-10-21T22:00Z,0,1,2226,2636,FAU,UTSA,10.000,36.000,0,2.500,58.500,118.000,-143.000,3.000,58.500,consensus,151,151
401532600,2023,2,8,2023-10-21T22:00Z,0,1,167,62,UNM,HAW,42.000,21.000,0,1.500,60.000,105.000,-130.000,-2.500,59.500,consensus,17,17
401525531,2023,2,8,2023-10-21T22:30Z,0,1,153,258,UNC,UVA,27.000,31.000,0,-24.000,58.000,-2800.000,1250.000,-23.000,56.000,consensus,1,1
401520335,2023,2,8,2023-10-21T23:00Z,0,1,2,145,AUB,MISS,21.000,28.000,0,6.500,55.500,205.000,-260.000,5.500,56.500,consensus,8,8
401525867,2023,2,8,2023-10-21T23:00Z,0,1,252,2641,BYU,TTU,27.000,14.000,0,3.000,49.500,125.000,-150.000,4.500,51.000,consensus,4,4
401525870,2023,2,8,2023-10-21T23:00Z,0,1,2306,2628,KSU,TCU,41.000,3.000,0,-5.500,60.000,-225.000,180.000,-7.500,57.000,consensus,4,4
401531895,2023,2,8,2023-10-21T23:00Z,0,1,295,2026,ODU,APP,28.000,21.000,0,6.000,56.000,185.000,-233.000,6.500,54.500,consensus,37,37
401531896,2023,2,8,2023-10-21T23:00Z,0,1,2032,324,ARST,CCU,17.000,27.000,0,8.500,59.000,255.000,-333.000,9.000,61.500,consensus,37,37
401532599,2023,2,8,2023-10-21T23:00Z,0,1,2439,36,UNLV,CSU,25.000,23.000,0,-6.500,60.500,-250.000,205.000,-7.000,61.500,consensus,17,17
401532602,2023,2,8,2023-10-21T23:00Z,0,1,23,328,SJSU,USU,42.000,21.000,0,-4.000,65.000,-185.000,154.000,-4.500,66.500,consensus,17,17
401520339,2023,2,8,2023-10-21T23:30Z,0,0,99,349,LSU,ARMY,62.000,0.000,0,-32.500,60.000,-10000.000,2500.000,-30.000,58.000,consensus,8,18
401520340,2023,2,8,2023-10-21T23:30Z,0,1,127,130,MSU,MICH,0.000,49.000,0,25.500,46.500,1400.000,-4500.000,24.000,48.000,consensus,5,5
401525530,2023,2,8,2023-10-21T23:30Z,0,1,52,150,FSU,DUKE,38.000,20.000,0,-14.000,48.500,-602.000,430.000,-13.500,49.000,consensus,1,1
401524037,2023,2,8,2023-10-22T00:00Z,0,1,30,254,USC,UTAH,32.000,34.000,0,-7.000,52.000,-285.000,227.000,-5.000,56.000,consensus,9,9
401525529,2023,2,8,2023-10-22T00:00Z,0,1,2390,228,MIA,CLEM,28.000,20.000,1,6.000,44.500,195.000,-238.000,2.500,50.000,consensus,1,1
401531897,2023,2,8,2023-10-22T00:00Z,0,1,309,2247,UL,GAST,17.000,20.000,0,-3.000,62.000,-160.000,135.000,-2.000,58.000,consensus,37,37
401532601,2023,2,8,2023-10-22T01:00Z,0,1,21,2440,SDSU,NEV,0.000,6.000,0,-11.000,48.500,-435.000,328.000,-13.500,49.500,consensus,17,17
401524036,2023,2,8,2023-10-22T02:30Z,0,1,24,26,STAN,UCLA,7.000,42.000,0,17.000,52.000,600.000,-900.000,16.500,55.000,consensus,9,9
401524038,2023,2,8,2023-10-22T02:45Z,0,1,264,9,WASH,ASU,15.000,7.000,0,-28.000,59.500,-6667.000,1600.000,-27.500,59.000,consensus,9,9
401520345,2023,2,9,2023-10-24T23:00Z,0,1,2348,166,LT,NMSU,24.000,27.000,0,-3.000,55.000,-155.000,130.000,-2.000,51.500,consensus,12,12
401520346,2023,2,9,2023-10-24T23:30Z,0,1,98,2335,WKU,LIB,29.000,42.000,0,4.000,61.500,155.000,-190.000,3.000,61.000,consensus,12,12
401520347,2023,2,9,2023-10-25T23:00Z,0,1,2229,55,FIU,JVST,16.000,41.000,0,9.000,48.000,278.000,-355.000,7.500,44.000,consensus,12,12
401520348,2023,2,9,2023-10-26T00:00Z,0,1,2534,2638,SHSU,UTEP,34.000,37.000,0,-4.000,38.500,-190.000,158.000,-3.000,36.000,consensus,12,12
401525533,2023,2,9,2023-10-26T23:30Z,0,1,259,183,VT,SYR,38.000,10.000,0,-2.500,47.500,-135.000,114.000,-3.000,47.000,consensus,1,1
401531929,2023,2,9,2023-10-26T23:30Z,0,1,290,2247,GASO,GAST,44.000,27.000,0,-1.000,63.000,-112.000,-109.000,-2.500,62.500,consensus,37,37
401531407,2023,2,9,2023-10-27T23:30Z,0,1,2429,2226,CLT,FAU,16.000,38.000,0,3.500,45.500,145.000,-175.000,6.000,42.000,consensus,151,151
401520349,2023,2,9,2023-10-28T16:00Z,0,0,349,113,ARMY,MASS,14.000,21.000,0,-10.000,49.500,-380.000,300.000,-9.500,48.000,consensus,18,18
401520351,2023,2,9,2023-10-28T16:00Z,0,0,103,41,BC,CONN,21.000,14.000,0,-14.500,49.000,-650.000,455.000,-12.000,52.500,consensus,1,18
401520356,2023,2,9,2023-10-28T16:00Z,0,1,77,120,NU,MD,33.000,27.000,0,14.000,48.500,430.000,-602.000,13.000,48.500,consensus,5,5
401520358,2023,2,9,2023-10-28T16:00Z,0,1,213,84,PSU,IU,33.000,24.000,0,-31.000,45.000,-7000.000,2000.000,-31.000,44.500,consensus,5,5
401520359,2023,2,9,2023-10-28T16:00Z,0,1,245,2579,TA&M,SC,30.000,17.000,0,-17.000,51.500,-833.000,550.000,-13.500,54.500,consensus,8,8
401525536,2023,2,9,2023-10-28T16:00Z,0,1,154,52,WAKE,FSU,16.000,41.000,0,21.000,53.500,800.000,-1429.000,20.000,53.500,consensus,1,1
401525874,2023,2,9,2023-10-28T16:00Z,0,1,2305,201,KU,OU,38.000,33.000,0,7.500,66.500,250.000,-311.000,10.500,66.500,consensus,4,4
401525875,2023,2,9,2023-10-28T16:00Z,0,1,2306,248,KSU,HOU,41.000,0.000,0,-17.500,60.500,-1000.000,625.000,-16.500,61.000,consensus,4,4
401525878,2023,2,9,2023-10-28T16:00Z,0,1,2116,277,UCF,WVU,28.000,41.000,0,-6.500,59.500,-260.000,210.000,-6.500,59.500,consensus,4,4
401531342,2023,2,9,2023-10-28T16:00Z,0,1,2567,202,SMU,TLSA,69.000,10.000,0,-20.500,55.000,-1600.000,900.000,-19.000,57.000,consensus,151,151
401532431,2023,2,9,2023-10-28T17:00Z,0,1,2199,2711,EMU,WMU,21.000,45.000,0,3.000,49.500,125.000,-154.000,1.000,44.000,consensus,15,15
401525534,2023,2,9,2023-10-28T18:00Z,0,1,152,228,NCSU,CLEM,24.000,17.000,0,10.000,44.500,285.000,-375.000,10.000,43.500,consensus,1,1
401531430,2023,2,9,2023-10-28T19:00Z,0,1,249,235,UNT,MEM,42.000,45.000,0,6.500,69.000,205.000,-263.000,8.000,67.500,consensus,151,151
401520350,2023,2,9,2023-10-28T19:30Z,0,1,2,344,AUB,MSST,27.000,13.000,0,-6.500,40.000,-250.000,200.000,-5.500,43.000,consensus,8,8
401520352,2023,2,9,2023-10-28T19:30Z,1,1,57,61,FLA,UGA,20.000,43.000,0,14.000,50.000,410.000,-588.000,14.500,47.500,consensus,8,8
401520354,2023,2,9,2023-10-28T19:30Z,0,1,135,127,MINN,MSU,27.000,12.000,0,-6.500,41.500,-250.000,200.000,-7.000,41.500,consensus,5,5
401520355,2023,2,9,2023-10-28T19:30Z,0,1,158,2509,NEB,PUR,31.000,14.000,0,1.000,39.500,100.000,-125.000,-3.000,42.000,consensus,5,5
401524044,2023,2,9,2023-10-28T19:30Z,0,1,254,2483,UTAH,ORE,6.000,35.000,0,6.500,47.000,195.000,-240.000,5.000,49.500,consensus,9,9
401525440,2023,2,9,2023-10-28T19:30Z,0,0,87,221,ND,PITT,58.000,7.000,0,-21.000,45.500,-1515.000,850.000,-18.000,46.000,consensus,18,1
401525535,2023,2,9,2023-10-28T19:30Z,0,1,97,150,LOU,DUKE,23.000,0.000,0,-5.000,47.000,-204.000,165.000,-4.000,47.000,consensus,1,1
401525538,2023,2,9,2023-10-28T19:30Z,0,1,2390,258,MIA,UVA,29.000,26.000,1,-18.500,48.000,-1250.000,700.000,-17.500,50.000,consensus,1,1
401525873,2023,2,9,2023-10-28T19:30Z,0,1,239,66,BAY,ISU,18.000,30.000,0,3.000,47.000,130.000,-155.000,-1.500,47.000,consensus,4,4
401525877,2023,2,9,2023-10-28T19:30Z,0,1,251,252,TEX,BYU,35.000,6.000,0,-20.500,49.500,-1429.000,800.000,-19.000,52.000,consensus,4,4
401531398,2023,2,9,2023-10-28T19:30Z,0,1,2636,151,UTSA,ECU,41.000,27.000,0,-18.500,48.000,-1000.000,650.000,-17.500,46.000,consensus,151,151
401531898,2023,2,9,2023-10-28T19:30Z,0,1,2026,2572,APP,USM,48.000,38.000,0,-16.000,55.500,-800.000,550.000,-17.500,55.000,consensus,37,37
401532432,2023,2,9,2023-10-28T19:30Z,0,1,195,193,OHIO,M-OH,16.000,30.000,0,-7.500,39.000,-303.000,240.000,-6.500,40.500,consensus,15,15
401524041,2023,2,9,2023-10-28T20:00Z,0,1,25,30,CAL,USC,49.000,50.000,0,10.000,67.500,310.000,-400.000,10.000,67.000,consensus,9,9
401531373,2023,2,9,2023-10-28T20:00Z,0,1,242,2655,RICE,TULN,28.000,30.000,0,10.000,55.000,300.000,-385.000,11.500,54.500,consensus,151,151
401531901,2023,2,9,2023-10-28T21:00Z,0,1,2433,2032,ULM,ARST,24.000,34.000,0,-1.000,55.000,-115.000,-106.000,-1.500,57.500,consensus,37,37
401531902,2023,2,9,2023-10-28T21:00Z,0,1,6,309,USA,UL,20.000,33.000,0,-11.500,55.000,-450.000,333.000,-10.000,51.500,consensus,37,37
401532607,2023,2,9,2023-10-28T21:30Z,0,1,68,2751,BOIS,WYO,32.000,7.000,0,-4.500,48.500,-200.000,162.000,-5.000,49.500,consensus,17,17
401531899,2023,2,9,2023-10-28T22:00Z,0,1,324,276,CCU,MRSH,34.000,6.000,0,3.500,47.000,143.000,-175.000,3.500,48.000,consensus,37,37
401520353,2023,2,9,2023-10-28T23:00Z,0,1,96,2633,UK,TENN,27.000,33.000,0,4.000,50.500,155.000,-189.000,3.500,52.500,consensus,8,8
401524042,2023,2,9,2023-10-28T23:00Z,0,1,24,264,STAN,WASH,33.000,42.000,0,27.500,62.000,1500.000,-4500.000,26.500,59.500,consensus,9,9
401531903,2023,2,9,2023-10-28T23:00Z,0,1,326,2653,TXST,TROY,13.000,31.000,0,6.500,53.000,205.000,-250.000,5.000,51.500,consensus,37,37
401532603,2023,2,9,2023-10-28T23:00Z,0,1,36,2005,CSU,AFA,13.000,30.000,0,14.500,46.500,450.000,-650.000,11.500,50.000,consensus,17,17
401520357,2023,2,9,2023-10-28T23:30Z,0,1,145,238,MISS,VAN,33.000,7.000,0,-24.000,63.000,-3500.000,1300.000,-25.500,63.500,consensus,8,8
401520360,2023,2,9,2023-10-28T23:30Z,0,1,275,194,WIS,OSU,10.000,24.000,0,14.500,48.000,475.000,-700.000,14.000,43.500,consensus,5,5
401524043,2023,2,9,2023-10-28T23:30Z,0,1,26,38,UCLA,COLO,28.000,16.000,0,-14.000,60.000,-650.000,450.000,-16.500,64.500,consensus,9,9
401524040,2023,2,9,2023-10-29T00:00Z,0,1,9,265,ASU,WSU,38.000,27.000,0,4.500,49.000,162.000,-200.000,6.500,51.000,consensus,9,9
401525537,2023,2,9,2023-10-29T00:00Z,0,1,59,153,GT,UNC,46.000,42.000,0,12.000,65.500,360.000,-480.000,11.500,63.500,consensus,1,1
401525876,2023,2,9,2023-10-29T00:00Z,0,1,197,2132,OKST,CIN,45.000,13.000,0,-7.000,53.000,-298.000,235.000,-8.500,54.500,consensus,4,4
401531900,2023,2,9,2023-10-29T00:00Z,0,1,256,295,JMU,ODU,30.000,27.000,0,-19.500,48.000,-1429.000,800.000,-17.500,49.500,consensus,37,37
401524039,2023,2,9,2023-10-29T02:30Z,0,1,12,204,ARIZ,ORST,27.000,24.000,0,3.000,57.500,130.000,-155.000,4.500,56.000,consensus,9,9
401532604,2023,2,9,2023-10-29T02:30Z,0,1,2440,167,NEV,UNM,34.000,24.000,0,1.000,50.000,-110.000,-110.000,-1.000,51.000,consensus,17,17
401532606,2023,2,9,2023-10-29T02:30Z,0,1,278,2439,FRES,UNLV,31.000,24.000,0,-10.500,56.000,-400.000,315.000,-8.000,58.500,consensus,17,17
401532605,2023,2,9,2023-10-29T03:59Z,0,1,62,23,HAW,SJSU,0.000,35.000,0,10.500,57.500,300.000,-400.000,8.000,61.500,consensus,17,17
401532433,2023,2,10,2023-10-31T23:00Z,0,1,2117,2459,CMU,NIU,37.000,31.000,0,6.500,48.000,200.000,-250.000,3.000,47.500,consensus,15,15
401532434,2023,2,10,2023-10-31T23:30Z,0,1,2649,2084,TOL,BUFF,31.000,13.000,0,-14.500,47.000,-700.000,500.000,-15.000,53.000,consensus,15,15
401532435,2023,2,10,2023-11-01T23:00Z,0,1,189,2050,BGSU,BALL,24.000,21.000,0,-5.000,40.000,-210.000,175.000,-6.000,40.000,consensus,15,15
401532436,2023,2,10,2023-11-01T23:30Z,0,1,2006,2309,AKR,KENT,31.000,27.000,0,-3.500,39.500,-178.000,150.000,-4.000,40.000,consensus,15,15
401525879,2023,2,10,2023-11-02T23:00Z,0,1,2641,2628,TTU,TCU,35.000,28.000,0,-2.500,59.000,-140.000,118.000,-3.000,59.000,consensus,4,4
401525539,2023,2,10,2023-11-02T23:30Z,0,1,150,154,DUKE,WAKE,24.000,21.000,0,-6.500,41.000,-265.000,215.000,-12.500,45.500,consensus,1,1
401531904,2023,2,10,2023-11-02T23:30Z,0,1,2653,6,TROY,USA,28.000,10.000,0,-7.000,43.500,-275.000,215.000,-6.000,46.000,consensus,37,37
401525540,2023,2,10,2023-11-03T23:30Z,0,1,183,103,SYR,BC,10.000,17.000,0,1.000,47.500,100.000,-120.000,-3.000,51.000,consensus,1,1
401532609,2023,2,10,2023-11-04T00:00Z,0,1,2751,36,WYO,CSU,24.000,15.000,0,-6.000,44.000,-240.000,195.000,-7.500,43.500,consensus,17,17
401520363,2023,2,10,2023-11-04T16:00Z,0,1,57,8,FLA,ARK,36.000,39.000,1,-3.000,49.000,-155.000,128.000,-5.500,48.500,consensus,8,8
401520365,2023,2,10,2023-11-04T16:00Z,0,1,84,275,IU,WIS,20.000,14.000,0,7.500,44.500,240.000,-305.000,9.500,44.000,consensus,5,5
401520369,2023,2,10,2023-11-04T16:00Z,0,1,127,158,MSU,NEB,20.000,17.000,0,3.000,35.000,135.000,-159.000,3.500,35.000,consensus,5,5
401520374,2023,2,10,2023-11-04T16:00Z,0,1,145,245,MISS,TA&M,38.000,35.000,0,-3.000,51.500,-155.000,130.000,-4.500,54.000,consensus,8,8
401520375,2023,2,10,2023-11-04T16:00Z,0,1,164,194,RUTG,OSU,16.000,35.000,0,19.000,44.000,700.000,-1205.000,18.500,43.000,consensus,5,5
401520376,2023,2,10,2023-11-04T16:00Z,0,0,2579,55,SC,JVST,38.000,28.000,0,-14.000,55.000,-654.000,470.000,-15.000,54.500,consensus,8,12
401520377,2023,2,10,2023-11-04T16:00Z,0,0,2633,41,TENN,CONN,59.000,3.000,0,-35.000,55.000,-10000.000,3300.000,-34.500,53.000,consensus,8,18
401525441,2023,2,10,2023-11-04T16:00Z,0,0,228,87,CLEM,ND,31.000,23.000,0,3.500,43.000,145.000,-175.000,3.000,46.000,consensus,1,18
401525545,2023,2,10,2023-11-04T16:00Z,0,0,153,2097,UNC,CAM,59.000,7.000,0,-38.500,68.500,,,-38.500,68.000,consensus,1,48
401525884,2023,2,10,2023-11-04T16:00Z,0,1,251,2306,TEX,KSU,33.000,30.000,1,-3.500,50.000,-175.000,140.000,-5.000,51.500,consensus,4,4
401525451,2023,2,10,2023-11-04T17:00Z,0,0,2534,338,SHSU,KENN,24.000,21.000,0,-16.500,41.500,,,-17.500,41.500,ESPN BET,12,32
401524049,2023,2,10,2023-11-04T18:00Z,0,1,254,9,UTAH,ASU,55.000,3.000,0,-10.000,39.000,-400.000,310.000,-12.000,42.000,consensus,9,9
401525542,2023,2,10,2023-11-04T18:00Z,0,1,258,59,UVA,GT,17.000,45.000,0,-1.000,56.500,-115.000,-105.000,-2.000,54.000,consensus,1,1
401531392,2023,2,10,2023-11-04T18:00Z,0,1,218,2426,TEM,NAVY,32.000,18.000,0,6.500,46.500,210.000,-260.000,7.500,41.500,consensus,151,151
401520361,2023,2,10,2023-11-04T18:30Z,1,0,2005,349,AFA,ARMY,3.000,23.000,0,-18.500,32.500,-1115.000,700.000,-18.500,36.000,consensus,17,18
401531383,2023,2,10,2023-11-04T19:00Z,0,1,5,2226,UAB,FAU,45.000,42.000,0,-1.000,59.000,-110.000,-110.000,2.500,60.000,consensus,151,151
401531399,2023,2,10,2023-11-04T19:00Z,0,1,249,2636,UNT,UTSA,29.000,37.000,0,8.000,70.000,250.000,-313.000,7.000,69.500,consensus,151,151
401531425,2023,2,10,2023-11-04T19:00Z,0,1,235,58,MEM,USF,59.000,50.000,0,-12.500,68.000,-550.000,400.000,-13.000,67.000,consensus,151,151
401531908,2023,2,10,2023-11-04T19:00Z,0,1,2032,309,ARST,UL,37.000,17.000,0,7.000,60.000,235.000,-292.000,8.500,60.000,consensus,37,37
401520364,2023,2,10,2023-11-04T19:30Z,0,1,61,142,UGA,MIZ,30.000,21.000,0,-14.000,55.000,-654.000,455.000,-16.500,55.500,consensus,8,8
401520367,2023,2,10,2023-11-04T19:30Z,0,1,120,213,MD,PSU,15.000,51.000,0,7.500,49.000,250.000,-320.000,11.000,50.500,consensus,5,5
401520370,2023,2,10,2023-11-04T19:30Z,0,1,135,356,MINN,ILL,26.000,27.000,0,-2.500,44.000,-149.000,125.000,-3.500,42.500,consensus,5,5
401520373,2023,2,10,2023-11-04T19:30Z,1,1,77,2294,NU,IOWA,7.000,10.000,0,5.000,31.500,170.000,-205.000,6.000,30.500,consensus,5,5
401520400,2023,2,10,2023-11-04T19:30Z,0,0,113,2771,MASS,MRMK,31.000,21.000,0,-17.000,57.500,-1000.000,600.000,-17.000,57.500,consensus,18,25
401525541,2023,2,10,2023-11-04T19:30Z,0,1,221,52,PITT,FSU,7.000,24.000,0,20.500,49.500,850.000,-1600.000,22.500,51.000,consensus,1,1
401525543,2023,2,10,2023-11-04T19:30Z,0,1,97,259,LOU,VT,34.000,3.000,0,-9.000,46.500,-351.000,275.000,-10.500,48.500,consensus,1,1
401525880,2023,2,10,2023-11-04T19:30Z,0,1,239,248,BAY,HOU,24.000,25.000,1,-2.000,58.500,-130.000,105.000,-4.500,58.000,consensus,4,4
401525881,2023,2,10,2023-11-04T19:30Z,0,1,2132,2116,CIN,UCF,26.000,28.000,0,3.500,60.000,150.000,-178.000,4.500,58.500,consensus,4,4
401525883,2023,2,10,2023-11-04T19:30Z,0,1,197,201,OKST,OU,27.000,24.000,0,6.000,62.000,185.000,-235.000,6.500,63.000,consensus,4,4
401531374,2023,2,10,2023-11-04T19:30Z,0,1,151,2655,ECU,TULN,10.000,13.000,0,17.000,44.500,600.000,-901.000,16.500,48.500,consensus,151,151
401531906,2023,2,10,2023-11-04T19:30Z,0,1,2247,256,GAST,JMU,14.000,42.000,0,6.000,52.000,185.000,-225.000,5.500,54.500,consensus,37,37
401531907,2023,2,10,2023-11-04T19:30Z,0,1,295,324,ODU,CCU,24.000,28.000,0,-1.000,51.500,-120.000,-102.000,2.000,52.000,consensus,37,37
401520379,2023,2,10,2023-11-04T20:00Z,0,1,238,2,VAN,AUB,15.000,31.000,0,12.500,49.500,360.000,-520.000,13.000,49.500,consensus,8,8
401531343,2023,2,10,2023-11-04T20:00Z,0,1,202,2429,TLSA,CLT,26.000,33.000,1,-4.000,48.000,-190.000,160.000,-3.000,49.000,consensus,151,151
401531909,2023,2,10,2023-11-04T20:00Z,0,1,2572,2433,USM,ULM,24.000,7.000,0,-3.000,55.500,-154.000,125.000,-2.000,55.000,consensus,37,37
401532610,2023,2,10,2023-11-04T20:00Z,0,1,2440,62,NEV,HAW,14.000,27.000,0,-3.500,50.000,-170.000,140.000,-4.000,50.500,consensus,17,17
401531910,2023,2,10,2023-11-04T21:00Z,0,1,326,290,TXST,GASO,45.000,24.000,0,-2.500,69.000,-135.000,114.000,2.000,71.500,consensus,37,37
401524047,2023,2,10,2023-11-04T21:30Z,0,1,2483,25,ORE,CAL,63.000,19.000,0,-26.500,61.000,-5000.000,1515.000,-23.500,59.500,consensus,9,9
401520366,2023,2,10,2023-11-04T22:00Z,0,1,2335,2348,LIB,LT,56.000,30.000,0,-14.000,59.000,-650.000,450.000,-17.000,57.000,consensus,12,12
401520372,2023,2,10,2023-11-04T22:00Z,0,1,166,2393,NMSU,MTSU,13.000,7.000,0,-3.000,55.500,-160.000,135.000,-3.000,56.500,consensus,12,12
401531905,2023,2,10,2023-11-04T22:00Z,0,1,2026,276,APP,MRSH,31.000,9.000,0,-3.000,57.500,-160.000,135.000,-4.000,55.500,consensus,37,37
401532611,2023,2,10,2023-11-04T22:00Z,0,1,167,2439,UNM,UNLV,14.000,56.000,0,14.500,57.500,470.000,-700.000,11.000,61.500,consensus,17,17
401525882,2023,2,10,2023-11-04T23:00Z,0,1,66,2305,ISU,KU,21.000,28.000,0,-2.500,54.000,-140.000,118.000,-1.000,54.500,consensus,4,4
401525885,2023,2,10,2023-11-04T23:00Z,0,1,277,252,WVU,BYU,37.000,7.000,0,-12.500,48.500,-526.000,380.000,-8.000,51.000,consensus,4,4
401532612,2023,2,10,2023-11-04T23:00Z,0,1,21,328,SDSU,USU,24.000,32.000,1,2.500,56.000,112.000,-135.000,1.500,57.000,consensus,17,17
401520368,2023,2,10,2023-11-04T23:30Z,0,1,130,2509,MICH,PUR,41.000,13.000,0,-31.000,53.500,-10000.000,2200.000,-32.500,48.000,consensus,5,5
401520371,2023,2,10,2023-11-04T23:30Z,0,1,344,96,MSST,UK,3.000,24.000,0,5.500,44.500,180.000,-225.000,3.000,46.000,consensus,8,8
401524048,2023,2,10,2023-11-04T23:30Z,0,1,30,264,USC,WASH,42.000,52.000,0,3.000,75.500,118.000,-143.000,3.500,76.500,consensus,9,9
401531440,2023,2,10,2023-11-04T23:30Z,0,1,242,2567,RICE,SMU,31.000,36.000,0,12.500,58.500,355.000,-500.000,10.500,58.500,consensus,151,151
401520362,2023,2,10,2023-11-04T23:45Z,0,1,333,99,ALA,LSU,42.000,28.000,0,-3.000,61.000,-165.000,140.000,-4.000,60.500,consensus,8,8
401525544,2023,2,10,2023-11-05T00:00Z,0,1,152,2390,NCSU,MIA,20.000,6.000,0,6.500,44.000,195.000,-240.000,4.000,45.000,consensus,1,1
401520378,2023,2,10,2023-11-05T01:00Z,0,1,2638,98,UTEP,WKU,13.000,21.000,0,9.500,54.000,290.000,-385.000,11.000,54.500,consensus,12,12
401524050,2023,2,10,2023-11-05T01:00Z,0,1,265,24,WSU,STAN,7.000,10.000,0,-14.000,58.000,-600.000,425.000,-13.000,61.000,consensus,9,9
401524046,2023,2,10,2023-11-05T02:00Z,0,1,38,204,COLO,ORST,19.000,26.000,0,13.000,60.000,390.000,-526.000,12.500,63.000,consensus,9,9
401532608,2023,2,10,2023-11-05T02:00Z,0,1,278,68,FRES,BOIS,37.000,30.000,0,-2.500,54.000,-140.000,115.000,-3.500,55.000,consensus,17,17
401524045,2023,2,10,2023-11-05T02:30Z,0,1,12,26,ARIZ,UCLA,27.000,10.000,0,2.500,49.000,118.000,-142.000,1.500,53.500,consensus,9,9
401532437,2023,2,11,2023-11-08T00:00Z,0,1,2459,2050,NIU,BALL,17.000,20.000,0,-9.000,43.500,-350.000,270.000,-10.000,43.000,consensus,15,15
401532438,2023,2,11,2023-11-08T00:00Z,0,1,2711,2117,WMU,CMU,38.000,28.000,0,-3.000,58.000,-160.000,130.000,-3.500,56.000,consensus,15,15
401532439,2023,2,11,2023-11-08T00:30Z,0,1,2084,195,BUFF,OHIO,10.000,20.000,0,9.000,45.000,270.000,-350.000,7.000,44.500,consensus,15,15
401532441,2023,2,11,2023-11-09T00:00Z,0,1,193,2006,M-OH,AKR,19.000,0.000,0,-17.000,37.500,-901.000,600.000,-16.500,43.500,consensus,15,15
401532442,2023,2,11,2023-11-09T00:00Z,0,1,2309,189,KENT,BGSU,19.000,49.000,0,11.000,41.500,325.000,-430.000,8.500,41.000,consensus,15,15
401532440,2023,2,11,2023-11-09T00:30Z,0,1,2649,2199,TOL,EMU,49.000,23.000,0,-20.000,45.000,-1200.000,700.000,-18.500,46.500,consensus,15,15
401525546,2023,2,11,2023-11-10T00:30Z,0,1,97,258,LOU,UVA,31.000,24.000,0,-20.500,50.000,-1429.000,800.000,-20.000,51.500,consensus,1,1
401531911,2023,2,11,2023-11-10T00:30Z,0,1,309,2572,UL,USM,31.000,34.000,1,-7.500,52.500,-311.000,250.000,-12.000,54.000,consensus,37,37
401531437,2023,2,11,2023-11-11T02:00Z,0,1,2567,249,SMU,UNT,45.000,21.000,0,-21.000,67.000,-1600.000,825.000,-15.500,67.000,consensus,151,151
401532618,2023,2,11,2023-11-11T03:45Z,0,1,2439,2751,UNLV,WYO,34.000,14.000,0,-3.000,48.500,-154.000,128.000,-3.500,51.500,consensus,17,17
401520381,2023,2,11,2023-11-11T17:00Z,0,0,349,107,ARMY,HC,17.000,14.000,0,-11.500,55.500,-450.000,333.000,-11.500,56.500,consensus,18,27
401520383,2023,2,11,2023-11-11T17:00Z,0,1,356,84,ILL,IU,48.000,45.000,1,-4.500,44.000,-195.000,162.000,-6.000,43.500,consensus,5,5
401520386,2023,2,11,2023-11-11T17:00Z,0,1,96,333,UK,ALA,21.000,49.000,0,10.500,47.000,340.000,-455.000,11.000,49.000,consensus,8,8
401520392,2023,2,11,2023-11-11T17:00Z,0,1,158,120,NEB,MD,10.000,13.000,0,2.000,42.500,110.000,-130.000,1.500,45.000,consensus,5,5
401520394,2023,2,11,2023-11-11T17:00Z,0,1,213,130,PSU,MICH,15.000,24.000,0,4.500,44.500,170.000,-208.000,5.000,43.500,consensus,5,5
401520396,2023,2,11,2023-11-11T17:00Z,0,1,2579,238,SC,VAN,47.000,6.000,0,-13.500,54.000,-588.000,420.000,-14.500,58.000,consensus,8,8
401525547,2023,2,11,2023-11-11T17:00Z,0,1,103,259,BC,VT,22.000,48.000,0,2.500,47.500,120.000,-145.000,-2.500,49.500,consensus,1,1
401525548,2023,2,11,2023-11-11T17:00Z,0,1,228,59,CLEM,GT,42.000,21.000,0,-14.500,54.500,-650.000,460.000,-14.500,56.000,consensus,1,1
401525888,2023,2,11,2023-11-11T17:00Z,0,1,2305,2641,KU,TTU,13.000,16.000,0,-3.500,63.000,-185.000,155.000,-3.500,60.500,consensus,4,4
401531344,2023,2,11,2023-11-11T17:00Z,0,1,2655,202,TULN,TLSA,24.000,22.000,0,-24.500,53.000,-4000.000,1150.000,-22.500,53.500,consensus,151,151
401531393,2023,2,11,2023-11-11T17:00Z,0,1,58,218,USF,TEM,27.000,23.000,0,-7.000,70.000,-286.000,230.000,-8.000,66.000,consensus,151,151
401520388,2023,2,11,2023-11-11T18:00Z,0,0,2335,295,LIB,ODU,38.000,10.000,0,-14.000,60.000,-625.000,425.000,-13.500,58.500,consensus,12,37
401520385,2023,2,11,2023-11-11T19:00Z,0,0,256,41,JMU,CONN,44.000,6.000,0,-25.500,48.000,-3571.000,1400.000,-27.000,49.000,consensus,37,18
401524052,2023,2,11,2023-11-11T19:00Z,0,1,38,12,COLO,ARIZ,31.000,34.000,0,8.000,55.500,260.000,-333.000,9.500,55.500,consensus,9,9
401525551,2023,2,11,2023-11-11T19:00Z,0,1,154,152,WAKE,NCSU,6.000,26.000,0,1.500,42.500,100.000,-125.000,2.500,45.500,consensus,1,1
401531408,2023,2,11,2023-11-11T19:00Z,0,1,2429,235,CLT,MEM,38.000,44.000,1,10.000,51.500,295.000,-385.000,11.000,53.500,consensus,151,151
401531913,2023,2,11,2023-11-11T19:00Z,0,1,2247,2026,GAST,APP,14.000,42.000,0,-3.000,62.500,-145.000,122.000,-2.000,60.500,consensus,37,37
401531915,2023,2,11,2023-11-11T19:00Z,0,1,2433,2653,ULM,TROY,14.000,45.000,0,21.500,45.500,950.000,-2000.000,21.000,45.500,consensus,37,37
401520387,2023,2,11,2023-11-11T20:00Z,0,1,2348,2534,LT,SHSU,27.000,42.000,0,-7.500,49.000,-300.000,240.000,-8.000,48.500,consensus,12,12
401525889,2023,2,11,2023-11-11T20:00Z,0,1,2306,239,KSU,BAY,59.000,25.000,0,-21.000,55.000,-1700.000,900.000,-20.500,55.500,consensus,4,4
401532615,2023,2,11,2023-11-11T20:00Z,0,1,328,2440,USU,NEV,41.000,24.000,0,-15.000,54.500,-700.000,475.000,-16.000,56.000,consensus,17,17
401520384,2023,2,11,2023-11-11T20:30Z,0,1,2294,164,IOWA,RUTG,22.000,0.000,0,-1.500,27.500,-120.000,100.000,-2.500,29.000,consensus,5,5
401520390,2023,2,11,2023-11-11T20:30Z,0,1,2393,2229,MTSU,FIU,40.000,6.000,0,-10.500,52.000,-430.000,325.000,-11.000,53.000,consensus,12,12
401520391,2023,2,11,2023-11-11T20:30Z,0,1,142,2633,MIZ,TENN,36.000,7.000,0,2.000,59.000,110.000,-130.000,1.000,58.500,consensus,8,8
401520395,2023,2,11,2023-11-11T20:30Z,0,1,2509,135,PUR,MINN,49.000,30.000,0,2.000,48.000,110.000,-130.000,0.000,46.500,consensus,5,5
401520398,2023,2,11,2023-11-11T20:30Z,0,1,275,77,WIS,NU,10.000,24.000,0,-12.000,43.500,-450.000,340.000,-11.500,42.500,consensus,5,5
401520399,2023,2,11,2023-11-11T20:30Z,0,1,98,166,WKU,NMSU,29.000,38.000,0,-4.500,54.000,-200.000,164.000,-5.500,57.500,consensus,12,12
401524056,2023,2,11,2023-11-11T20:30Z,0,1,264,254,WASH,UTAH,35.000,28.000,0,-9.000,49.000,-375.000,280.000,-9.500,54.500,consensus,9,9
401525550,2023,2,11,2023-11-11T20:30Z,0,1,52,2390,FSU,MIA,27.000,20.000,0,-14.500,50.500,-700.000,485.000,-15.000,50.000,consensus,1,1
401525552,2023,2,11,2023-11-11T20:30Z,1,1,183,221,SYR,PITT,28.000,13.000,0,3.500,38.000,138.000,-164.000,1.500,37.500,consensus,1,1
401525892,2023,2,11,2023-11-11T20:30Z,0,1,2116,197,UCF,OKST,45.000,3.000,0,2.000,64.000,110.000,-135.000,2.500,64.000,consensus,4,4
401531384,2023,2,11,2023-11-11T20:30Z,0,1,2426,5,NAVY,UAB,31.000,6.000,0,2.500,51.500,125.000,-150.000,4.500,54.000,consensus,151,151
401531912,2023,2,11,2023-11-11T20:30Z,0,1,324,326,CCU,TXST,31.000,23.000,0,2.500,55.000,115.000,-135.000,-1.000,60.500,consensus,37,37
401520380,2023,2,11,2023-11-11T21:00Z,0,1,8,2,ARK,AUB,10.000,48.000,0,-2.500,47.000,-135.000,110.000,-3.000,51.000,consensus,8,8
401524051,2023,2,11,2023-11-11T21:00Z,0,1,25,265,CAL,WSU,42.000,39.000,0,-2.000,60.000,-130.000,110.000,0.000,58.500,consensus,9,9
401531416,2023,2,11,2023-11-11T21:00Z,0,1,2226,151,FAU,ECU,7.000,22.000,0,-7.500,44.500,-320.000,250.000,-10.000,45.500,consensus,151,151
401531916,2023,2,11,2023-11-11T22:00Z,0,1,6,2032,USA,ARST,21.000,14.000,0,-15.000,55.000,-667.000,465.000,-11.000,55.000,consensus,37,37
401524054,2023,2,11,2023-11-11T22:30Z,0,1,204,24,ORST,STAN,62.000,17.000,0,-21.500,51.500,-1600.000,900.000,-21.000,54.500,consensus,9,9
401520382,2023,2,11,2023-11-12T00:00Z,0,1,61,145,UGA,MISS,52.000,17.000,0,-11.000,58.500,-450.000,335.000,-11.000,59.000,consensus,8,8
401525887,2023,2,11,2023-11-12T00:00Z,0,1,248,2132,HOU,CIN,14.000,24.000,0,-3.000,53.500,-159.000,135.000,-2.000,55.500,consensus,4,4
401525890,2023,2,11,2023-11-12T00:00Z,0,1,201,277,OU,WVU,59.000,20.000,0,-13.000,60.000,-500.000,370.000,-12.500,58.000,consensus,4,4
401531914,2023,2,11,2023-11-12T00:00Z,0,1,276,290,MRSH,GASO,38.000,33.000,0,1.500,56.500,105.000,-125.000,1.500,56.500,consensus,37,37
401532617,2023,2,11,2023-11-12T00:00Z,0,1,36,21,CSU,SDSU,22.000,19.000,0,-3.500,47.000,-179.000,150.000,-4.000,47.500,consensus,17,17
401520389,2023,2,11,2023-11-12T00:30Z,0,1,99,57,LSU,FLA,52.000,35.000,0,-16.500,68.000,-752.000,500.000,-13.500,63.500,consensus,8,8
401520393,2023,2,11,2023-11-12T00:30Z,0,1,194,127,OSU,MSU,38.000,3.000,0,-32.500,48.500,-10000.000,2500.000,-30.500,46.500,consensus,5,5
401520397,2023,2,11,2023-11-12T00:30Z,0,1,245,344,TA&M,MSST,51.000,10.000,0,-16.500,40.000,-900.000,575.000,-18.500,44.500,consensus,8,8
401525891,2023,2,11,2023-11-12T00:30Z,0,1,2628,251,TCU,TEX,26.000,29.000,0,13.000,56.000,375.000,-500.000,10.000,53.000,consensus,4,4
401531400,2023,2,11,2023-11-12T00:30Z,0,1,2636,242,UTSA,RICE,34.000,14.000,0,-13.500,55.000,-590.000,425.000,-12.500,60.000,consensus,151,151
401525549,2023,2,11,2023-11-12T01:00Z,0,1,153,150,UNC,DUKE,47.000,45.000,1,-10.000,53.000,-400.000,320.000,-10.500,50.500,consensus,1,1
401524055,2023,2,11,2023-11-12T02:00Z,0,1,26,9,UCLA,ASU,7.000,17.000,0,-14.000,45.500,-654.000,450.000,-16.500,47.500,consensus,9,9
401532616,2023,2,11,2023-11-12T03:00Z,0,1,68,167,BOIS,UNM,42.000,14.000,0,-27.500,59.000,-5000.000,1600.000,-26.000,60.500,consensus,17,17
401525886,2023,2,11,2023-11-12T03:15Z,0,1,252,66,BYU,ISU,13.000,45.000,0,7.500,41.000,240.000,-305.000,7.000,42.500,consensus,4,4
401524053,2023,2,11,2023-11-12T03:30Z,0,1,2483,30,ORE,USC,36.000,27.000,0,-16.500,78.000,-800.000,550.000,-14.500,73.500,consensus,9,9
401532614,2023,2,11,2023-11-12T03:30Z,0,1,23,278,SJSU,FRES,42.000,18.000,0,-2.000,52.000,-130.000,110.000,1.000,56.000,consensus,17,17
401532613,2023,2,11,2023-11-12T04:00Z,0,1,62,2005,HAW,AFA,27.000,13.000,0,20.000,46.500,700.000,-1205.000,19.000,49.500,consensus,17,17
401532443,2023,2,12,2023-11-15T00:00Z,0,1,189,2649,BGSU,TOL,31.000,32.000,0,9.500,49.500,290.000,-370.000,10.500,52.500,consensus,15,15
401532444,2023,2,12,2023-11-15T00:00Z,0,1,2459,2711,NIU,WMU,24.000,0.000,0,-4.500,57.000,-200.000,165.000,-3.000,55.500,consensus,15,15
401532445,2023,2,12,2023-11-15T00:00Z,0,1,2199,2006,EMU,AKR,30.000,27.000,1,-3.500,39.500,-165.000,140.000,-4.500,39.000,consensus,15,15
401532446,2023,2,12,2023-11-16T00:00Z,0,1,195,2117,OHIO,CMU,34.000,20.000,0,-10.500,49.500,-450.000,350.000,-8.500,46.500,consensus,15,15
401532447,2023,2,12,2023-11-16T00:00Z,0,1,193,2084,M-OH,BUFF,23.000,10.000,0,-7.500,37.000,-335.000,250.000,-9.000,41.500,consensus,15,15
401525553,2023,2,12,2023-11-17T00:00Z,0,1,221,103,PITT,BC,24.000,16.000,0,-2.500,46.500,-130.000,108.000,-1.000,47.000,consensus,1,1
401531401,2023,2,12,2023-11-18T02:00Z,0,1,2636,58,UTSA,USF,49.000,21.000,0,-14.500,66.500,-700.000,480.000,-16.000,67.500,consensus,151,151
401524057,2023,2,12,2023-11-18T03:30Z,0,1,265,38,WSU,COLO,56.000,14.000,0,-4.000,59.500,-196.000,155.000,-5.000,63.500,consensus,9,9
401520401,2023,2,12,2023-11-18T17:00Z,0,0,333,236,ALA,UTC,66.000,10.000,0,-44.500,54.500,,,-43.500,52.500,consensus,8,29
401520403,2023,2,12,2023-11-18T17:00Z,0,0,349,324,ARMY,CCU,28.000,21.000,0,1.000,40.500,-105.000,-119.000,5.500,45.000,consensus,18,37
401520405,2023,2,12,2023-11-18T17:00Z,0,1,84,127,IU,MSU,21.000,24.000,0,-3.500,47.000,-178.000,145.000,-4.500,47.500,consensus,5,5
401520410,2023,2,12,2023-11-18T17:00Z,0,1,120,130,MD,MICH,24.000,31.000,0,18.000,51.000,650.000,-1115.000,21.000,50.500,consensus,5,5
401520412,2023,2,12,2023-11-18T17:00Z,0,0,344,2572,MSST,USM,41.000,20.000,0,-18.000,48.000,-901.000,600.000,-13.500,46.500,consensus,8,37
401520414,2023,2,12,2023-11-18T17:00Z,0,1,77,2509,NU,PUR,23.000,15.000,0,-2.500,47.500,-135.000,114.000,-1.500,48.500,consensus,5,5
401520416,2023,2,12,2023-11-18T17:00Z,0,0,145,2433,MISS,ULM,35.000,3.000,0,-36.500,61.500,-20000.000,4000.000,-36.000,62.500,consensus,8,37
401520417,2023,2,12,2023-11-18T17:00Z,0,1,213,164,PSU,RUTG,27.000,6.000,0,-19.500,40.000,-1408.000,800.000,-19.500,43.500,consensus,5,5
401520420,2023,2,12,2023-11-18T17:00Z,0,0,245,2000,TA&M,ACU,38.000,10.000,0,-41.500,54.000,,,-41.500,56.500,consensus,8,177
401520421,2023,2,12,2023-11-18T17:00Z,0,0,41,2529,CONN,SHU,31.000,3.000,0,-25.000,41.000,-9000.000,2500.000,-24.500,41.000,consensus,18,25
401525558,2023,2,12,2023-11-18T17:00Z,0,1,2390,97,MIA,LOU,31.000,38.000,0,0.000,46.000,-110.000,-110.000,2.000,47.500,consensus,1,1
401525893,2023,2,12,2023-11-18T17:00Z,0,1,252,201,BYU,OU,24.000,31.000,0,25.500,58.500,1200.000,-3333.000,24.000,57.000,consensus,4,4
401531375,2023,2,12,2023-11-18T17:00Z,0,1,2226,2655,FAU,TULN,8.000,24.000,0,9.000,47.000,275.000,-351.000,9.500,48.500,consensus,151,151
401531417,2023,2,12,2023-11-18T17:00Z,0,1,2426,151,NAVY,ECU,10.000,0.000,0,-2.500,30.500,-140.000,115.000,-3.000,33.500,consensus,151,151
401531431,2023,2,12,2023-11-18T17:00Z,0,1,235,2567,MEM,SMU,34.000,38.000,0,9.500,64.000,285.000,-370.000,7.500,67.500,consensus,151,151
401520408,2023,2,12,2023-11-18T18:00Z,0,0,2335,113,LIB,MASS,49.000,25.000,0,-26.500,64.000,-4500.000,1400.000,-27.500,62.000,consensus,12,18
401520407,2023,2,12,2023-11-18T19:00Z,0,1,55,2348,JVST,LT,56.000,17.000,0,-10.000,54.500,-351.000,280.000,-8.500,55.500,consensus,12,12
401520411,2023,2,12,2023-11-18T19:00Z,0,1,2393,2638,MTSU,UTEP,34.000,30.000,0,-8.500,48.000,-335.000,260.000,-7.500,49.000,consensus,12,12
401531409,2023,2,12,2023-11-18T19:00Z,0,1,2429,242,CLT,RICE,7.000,28.000,0,0.000,46.500,-110.000,-110.000,1.500,47.500,consensus,151,151
401531918,2023,2,12,2023-11-18T19:00Z,0,1,256,2026,JMU,APP,23.000,26.000,1,-10.000,56.500,-400.000,310.000,-12.000,56.000,consensus,37,37
401532448,2023,2,12,2023-11-18T19:00Z,0,1,2050,2309,BALL,KENT,34.000,3.000,0,-11.000,42.500,-450.000,333.000,-12.000,42.000,consensus,15,15
401532620,2023,2,12,2023-11-18T19:00Z,0,1,2751,62,WYO,HAW,42.000,9.000,0,-13.500,45.000,-552.000,410.000,-14.500,44.500,consensus,17,17
401524058,2023,2,12,2023-11-18T19:30Z,0,1,12,254,ARIZ,UTAH,42.000,18.000,0,-2.500,47.000,-141.000,120.000,-1.000,44.500,consensus,9,9
401525899,2023,2,12,2023-11-18T19:30Z,0,1,277,2132,WVU,CIN,42.000,21.000,0,-5.000,52.500,-208.000,170.000,-6.500,56.000,consensus,4,4
401525555,2023,2,12,2023-11-18T20:00Z,0,1,258,150,UVA,DUKE,30.000,27.000,0,3.000,46.000,130.000,-150.000,4.000,48.500,consensus,1,1
401531345,2023,2,12,2023-11-18T20:00Z,0,1,202,249,TLSA,UNT,28.000,35.000,0,2.000,69.000,110.000,-130.000,3.000,66.500,consensus,151,151
401531385,2023,2,12,2023-11-18T20:00Z,0,1,5,218,UAB,TEM,34.000,24.000,0,-7.500,61.500,-306.000,245.000,-7.500,64.500,consensus,151,151
401531919,2023,2,12,2023-11-18T20:00Z,0,1,2032,326,ARST,TXST,77.000,31.000,0,3.000,59.500,135.000,-159.000,3.500,59.500,consensus,37,37
401532621,2023,2,12,2023-11-18T20:00Z,0,1,36,2440,CSU,NEV,30.000,20.000,0,-12.000,45.000,-500.000,375.000,-11.000,47.500,consensus,17,17
401520406,2023,2,12,2023-11-18T20:30Z,0,1,2294,356,IOWA,ILL,15.000,13.000,0,-3.000,33.500,-154.000,130.000,-4.000,30.500,consensus,5,5
401520419,2023,2,12,2023-11-18T20:30Z,0,1,2633,61,TENN,UGA,10.000,38.000,0,9.000,59.000,280.000,-365.000,10.000,59.000,consensus,8,8
401520423,2023,2,12,2023-11-18T20:30Z,0,1,98,2534,WKU,SHSU,28.000,23.000,0,-10.000,52.500,-391.000,300.000,-13.000,51.500,consensus,12,12
401524062,2023,2,12,2023-11-18T20:30Z,0,1,30,26,USC,UCLA,20.000,38.000,0,-5.000,63.000,-210.000,175.000,-6.000,65.500,consensus,9,9
401525442,2023,2,12,2023-11-18T20:30Z,0,0,87,154,ND,WAKE,45.000,7.000,0,-24.000,47.500,-3333.000,1250.000,-24.500,47.500,consensus,18,1
401525554,2023,2,12,2023-11-18T20:30Z,0,1,228,153,CLEM,UNC,31.000,20.000,0,-7.500,59.500,-314.000,250.000,-7.000,58.000,consensus,1,1
401525559,2023,2,12,2023-11-18T20:30Z,0,1,259,152,VT,NCSU,28.000,35.000,0,-2.500,41.000,-135.000,110.000,-3.000,45.500,consensus,1,1
401525897,2023,2,12,2023-11-18T20:30Z,0,1,2628,239,TCU,BAY,42.000,17.000,0,-13.000,61.000,-552.000,400.000,-12.500,58.000,consensus,4,4
401531921,2023,2,12,2023-11-18T20:30Z,0,1,2653,309,TROY,UL,31.000,24.000,0,-16.500,47.500,-769.000,525.000,-14.500,47.500,consensus,37,37
401532624,2023,2,12,2023-11-18T20:30Z,0,1,2005,2439,AFA,UNLV,27.000,31.000,0,-3.000,47.000,-150.000,125.000,-3.500,47.000,consensus,17,17
401520404,2023,2,12,2023-11-18T21:00Z,0,0,2,166,AUB,NMSU,10.000,31.000,0,-25.000,48.000,-3500.000,1400.000,-22.000,48.500,consensus,8,12
401520415,2023,2,12,2023-11-18T21:00Z,0,1,194,135,OSU,MINN,37.000,3.000,0,-27.500,51.500,-5000.000,1800.000,-28.000,49.000,consensus,5,5
401524059,2023,2,12,2023-11-18T21:00Z,0,1,9,2483,ASU,ORE,13.000,49.000,0,24.500,53.500,1200.000,-2500.000,22.500,54.000,consensus,9,9
401525894,2023,2,12,2023-11-18T21:00Z,0,1,248,197,HOU,OKST,30.000,43.000,0,6.500,57.500,200.000,-250.000,7.500,60.000,consensus,4,4
401525898,2023,2,12,2023-11-18T22:00Z,0,1,2641,2116,TTU,UCF,24.000,23.000,0,-2.000,59.000,-130.000,110.000,-3.000,60.500,consensus,4,4
401531920,2023,2,12,2023-11-18T22:00Z,0,1,6,276,USA,MRSH,28.000,0.000,0,-10.000,45.500,-400.000,300.000,-8.500,51.000,consensus,37,37
401531917,2023,2,12,2023-11-18T23:00Z,0,1,290,295,GASO,ODU,17.000,20.000,0,-5.500,62.500,-220.000,180.000,-7.000,60.500,consensus,37,37
401524061,2023,2,12,2023-11-18T23:30Z,0,1,24,25,STAN,CAL,15.000,27.000,0,6.500,52.500,210.000,-265.000,4.500,57.500,consensus,9,9
401525556,2023,2,12,2023-11-18T23:30Z,0,0,52,2453,FSU,UNA,58.000,13.000,0,-47.500,61.500,,,-48.500,59.000,consensus,1,177
401525896,2023,2,12,2023-11-19T00:00Z,0,1,2305,2306,KU,KSU,27.000,31.000,0,7.000,60.000,222.000,-278.000,8.000,55.500,consensus,4,4
401532619,2023,2,12,2023-11-19T00:00Z,0,1,328,68,USU,BOIS,10.000,45.000,0,5.000,63.500,170.000,-204.000,3.500,64.500,consensus,17,17
401520402,2023,2,12,2023-11-19T00:30Z,0,0,8,2229,ARK,FIU,44.000,20.000,0,-26.500,50.000,-4000.000,1800.000,-31.000,52.000,consensus,8,12
401520413,2023,2,12,2023-11-19T00:30Z,0,1,142,57,MIZ,FLA,33.000,31.000,0,-12.500,56.000,-480.000,360.000,-11.000,59.500,consensus,8,8
401520418,2023,2,12,2023-11-19T00:30Z,0,1,2579,96,SC,UK,17.000,14.000,0,-2.000,52.000,-130.000,110.000,2.000,54.500,consensus,8,8
401520422,2023,2,12,2023-11-19T00:30Z,0,1,275,158,WIS,NEB,24.000,17.000,1,-7.000,36.500,-275.000,225.000,-5.000,37.000,consensus,5,5
401524060,2023,2,12,2023-11-19T00:30Z,0,1,204,264,ORST,WASH,20.000,22.000,0,-1.500,62.500,-120.000,-102.000,1.000,64.000,consensus,9,9
401520409,2023,2,12,2023-11-19T01:00Z,0,0,99,2247,LSU,GAST,56.000,14.000,0,-32.500,74.000,-10000.000,2500.000,-31.000,71.500,consensus,8,37
401525557,2023,2,12,2023-11-19T01:00Z,0,1,59,183,GT,SYR,31.000,22.000,0,-6.000,51.500,-235.000,185.000,-6.000,53.000,consensus,1,1
401525895,2023,2,12,2023-11-19T01:00Z,0,1,66,251,ISU,TEX,16.000,26.000,0,7.000,44.500,230.000,-291.000,9.000,48.500,consensus,4,4
401532622,2023,2,12,2023-11-19T03:30Z,0,1,278,167,FRES,UNM,17.000,25.000,0,-22.000,58.000,-2000.000,950.000,-24.000,56.500,consensus,17,17
401532623,2023,2,12,2023-11-19T03:30Z,0,1,23,21,SJSU,SDSU,24.000,13.000,0,-16.000,48.000,-770.000,500.000,-14.000,51.000,consensus,17,17
401532450,2023,2,13,2023-11-22T00:00Z,0,1,2711,189,WMU,BGSU,10.000,34.000,0,2.500,51.500,120.000,-143.000,1.500,54.500,consensus,15,15
401532449,2023,2,13,2023-11-22T00:30Z,0,1,2084,2199,BUFF,EMU,11.000,24.000,0,-5.500,37.500,-227.000,185.000,-6.500,39.500,consensus,15,15
401520424,2023,2,13,2023-11-24T00:30Z,0,1,344,145,MSST,MISS,7.000,17.000,0,10.000,54.500,300.000,-400.000,12.500,56.000,consensus,8,8
401520425,2023,2,13,2023-11-24T17:00Z,0,1,158,2294,NEB,IOWA,10.000,13.000,0,-2.500,25.500,-150.000,125.000,1.000,28.000,consensus,5,5
401525560,2023,2,13,2023-11-24T17:00Z,0,1,103,2390,BC,MIA,20.000,45.000,0,10.000,49.500,290.000,-374.000,8.500,48.500,consensus,1,1
401525900,2023,2,13,2023-11-24T17:00Z,0,1,201,2628,OU,TCU,69.000,45.000,0,-10.500,65.500,-400.000,315.000,-12.500,63.000,consensus,4,4
401531394,2023,2,13,2023-11-24T17:00Z,0,1,218,235,TEM,MEM,21.000,45.000,0,13.500,64.500,400.000,-550.000,11.500,65.000,consensus,151,151
401532451,2023,2,13,2023-11-24T17:00Z,0,1,2117,2649,CMU,TOL,17.000,32.000,0,10.000,54.500,280.000,-365.000,12.500,55.500,consensus,15,15
401532452,2023,2,13,2023-11-24T17:00Z,0,1,2006,195,AKR,OHIO,14.000,25.000,0,16.000,41.500,525.000,-769.000,14.000,41.000,consensus,15,15
401531376,2023,2,13,2023-11-24T20:30Z,0,1,2655,2636,TULN,UTSA,29.000,16.000,0,-3.500,53.500,-175.000,143.000,-2.500,52.500,consensus,151,151
401532629,2023,2,13,2023-11-24T20:30Z,0,1,167,328,UNM,USU,41.000,44.000,1,4.500,59.000,170.000,-205.000,8.500,62.000,consensus,17,17
401520426,2023,2,13,2023-11-24T21:00Z,0,1,8,142,ARK,MIZ,14.000,48.000,0,9.500,54.000,275.000,-355.000,7.500,55.500,consensus,8,8
401532625,2023,2,13,2023-11-24T21:00Z,0,1,68,2005,BOIS,AFA,27.000,19.000,0,-7.000,44.500,-267.000,210.000,-6.500,46.500,consensus,17,17
401520435,2023,2,13,2023-11-25T00:30Z,0,1,127,213,MSU,PSU,0.000,42.000,0,22.500,43.000,1050.000,-2000.000,20.000,42.500,consensus,5,5
401525901,2023,2,13,2023-11-25T00:30Z,0,1,251,2641,TEX,TTU,57.000,7.000,0,-15.500,53.500,-700.000,500.000,-14.000,54.000,consensus,4,4
401524063,2023,2,13,2023-11-25T01:30Z,0,1,2483,204,ORE,ORST,31.000,7.000,0,-14.000,61.500,-600.000,430.000,-11.500,62.000,consensus,9,9
401520432,2023,2,13,2023-11-25T17:00Z,0,0,97,96,LOU,UK,31.000,38.000,0,-7.500,48.000,-303.000,240.000,-6.500,51.500,consensus,1,8
401520433,2023,2,13,2023-11-25T17:00Z,0,1,99,245,LSU,TA&M,42.000,30.000,0,-11.000,67.000,-450.000,333.000,-10.000,66.500,consensus,8,8
401520434,2023,2,13,2023-11-25T17:00Z,0,1,130,194,MICH,OSU,30.000,24.000,0,-3.000,46.000,-150.000,130.000,-4.000,46.500,consensus,5,5
401520438,2023,2,13,2023-11-25T17:00Z,0,1,2509,84,PUR,IU,35.000,31.000,0,-6.500,55.500,-225.000,185.000,-2.500,50.000,consensus,5,5
401520440,2023,2,13,2023-11-25T17:00Z,0,1,2534,2393,SHSU,MTSU,23.000,20.000,0,3.500,50.500,143.000,-175.000,5.000,48.500,consensus,12,12
401520443,2023,2,13,2023-11-25T17:00Z,0,0,113,41,MASS,CONN,18.000,31.000,0,-2.500,51.000,-135.000,110.000,2.500,50.000,consensus,18,18
401525561,2023,2,13,2023-11-25T17:00Z,0,1,150,221,DUKE,PITT,30.000,19.000,0,-4.500,41.500,-204.000,170.000,-6.500,42.500,consensus,1,1
401525906,2023,2,13,2023-11-25T17:00Z,0,1,2116,248,UCF,HOU,27.000,13.000,0,-16.000,61.000,-670.000,470.000,-13.500,61.500,consensus,4,4
401531435,2023,2,13,2023-11-25T17:00Z,0,1,2567,2426,SMU,NAVY,59.000,14.000,0,-20.000,46.000,-1408.000,800.000,-20.000,46.000,consensus,151,151
401531927,2023,2,13,2023-11-25T17:00Z,0,1,2572,2653,USM,TROY,17.000,35.000,0,17.000,48.000,600.000,-901.000,17.500,47.500,consensus,37,37
401532453,2023,2,13,2023-11-25T17:00Z,0,1,2309,2459,KENT,NIU,27.000,37.000,0,20.500,45.000,900.000,-1600.000,17.500,45.000,consensus,15,15
401532454,2023,2,13,2023-11-25T17:00Z,0,1,2050,193,BALL,M-OH,15.000,17.000,0,3.500,34.500,150.000,-185.000,7.000,36.500,consensus,15,15
401531421,2023,2,13,2023-11-25T18:00Z,0,1,242,2226,RICE,FAU,24.000,21.000,0,-3.000,47.000,-160.000,135.000,-5.000,48.000,consensus,151,151
401525563,2023,2,13,2023-11-25T19:00Z,0,1,183,154,SYR,WAKE,35.000,31.000,0,-1.500,43.500,-125.000,105.000,-2.500,44.500,consensus,1,1
401531346,2023,2,13,2023-11-25T19:00Z,0,1,151,202,ECU,TLSA,27.000,29.000,0,-3.000,43.500,-160.000,135.000,-3.000,44.500,consensus,151,151
401531386,2023,2,13,2023-11-25T19:00Z,0,1,249,5,UNT,UAB,45.000,42.000,0,-2.000,73.000,-135.000,115.000,-3.000,73.000,consensus,151,151
401531925,2023,2,13,2023-11-25T19:00Z,0,1,295,2247,ODU,GAST,25.000,24.000,0,-1.500,50.500,-125.000,105.000,-2.000,54.500,consensus,37,37
401520428,2023,2,13,2023-11-25T20:00Z,0,1,2229,98,FIU,WKU,28.000,41.000,0,11.000,54.000,333.000,-440.000,10.000,55.500,consensus,12,12
401524067,2023,2,13,2023-11-25T20:00Z,0,1,254,38,UTAH,COLO,23.000,17.000,0,-21.500,43.000,-2000.000,1000.000,-21.500,52.500,consensus,9,9
401531926,2023,2,13,2023-11-25T20:00Z,0,1,309,2433,UL,ULM,52.000,21.000,0,-12.500,53.000,-455.000,350.000,-11.500,52.000,consensus,37,37
401532628,2023,2,13,2023-11-25T20:00Z,0,1,2439,23,UNLV,SJSU,31.000,37.000,0,-1.000,58.500,-115.000,-105.000,-3.000,58.500,consensus,17,17
401520427,2023,2,13,2023-11-25T20:30Z,0,1,2,333,AUB,ALA,24.000,27.000,0,13.500,47.500,425.000,-602.000,14.500,49.000,consensus,8,8
401520431,2023,2,13,2023-11-25T20:30Z,0,1,356,77,ILL,NU,43.000,45.000,0,-6.000,47.000,-230.000,185.000,-5.500,47.000,consensus,5,5
401520436,2023,2,13,2023-11-25T20:30Z,0,1,135,275,MINN,WIS,14.000,28.000,0,3.000,46.000,122.000,-145.000,1.500,41.500,consensus,5,5
401520439,2023,2,13,2023-11-25T20:30Z,0,1,164,120,RUTG,MD,24.000,42.000,0,2.000,45.500,110.000,-130.000,2.000,46.000,consensus,5,5
401520442,2023,2,13,2023-11-25T20:30Z,0,1,2633,238,TENN,VAN,48.000,24.000,0,-27.000,57.500,-4000.000,1450.000,-25.500,56.500,consensus,8,8
401520444,2023,2,13,2023-11-25T20:30Z,0,1,2638,2335,UTEP,LIB,28.000,42.000,0,18.000,55.000,670.000,-1100.000,17.000,59.000,consensus,12,12
401524064,2023,2,13,2023-11-25T20:30Z,0,1,9,12,ASU,ARIZ,23.000,59.000,0,13.500,50.000,395.000,-550.000,12.500,51.000,consensus,9,9
401525564,2023,2,13,2023-11-25T20:30Z,0,1,258,259,UVA,VT,17.000,55.000,0,1.000,53.500,100.000,-120.000,2.500,53.000,consensus,1,1
401525905,2023,2,13,2023-11-25T20:30Z,0,1,197,252,OKST,BYU,40.000,34.000,1,-16.500,55.500,-855.000,550.000,-17.500,56.500,consensus,4,4
401531922,2023,2,13,2023-11-25T20:30Z,0,1,2026,290,APP,GASO,55.000,27.000,0,-10.000,63.000,-361.000,285.000,-7.500,63.000,consensus,37,37
401531923,2023,2,13,2023-11-25T20:30Z,0,1,324,256,CCU,JMU,14.000,56.000,0,4.000,51.500,160.000,-195.000,9.500,51.000,consensus,37,37
401531924,2023,2,13,2023-11-25T20:30Z,0,1,276,2032,MRSH,ARST,35.000,21.000,0,1.000,52.500,-110.000,-115.000,-3.000,53.500,consensus,37,37
401520437,2023,2,13,2023-11-25T21:00Z,0,1,166,55,NMSU,JVST,20.000,17.000,0,2.500,48.000,115.000,-138.000,-2.500,49.000,consensus,12,12
401524068,2023,2,13,2023-11-25T21:00Z,0,1,264,265,WASH,WSU,24.000,21.000,0,-15.500,65.000,-769.000,500.000,-16.500,68.500,consensus,9,9
401520429,2023,2,13,2023-11-26T00:00Z,0,0,57,52,FLA,FSU,15.000,24.000,0,6.500,49.000,200.000,-250.000,10.500,51.000,consensus,8,1
401524065,2023,2,13,2023-11-26T00:00Z,0,0,24,87,STAN,ND,23.000,56.000,0,26.000,50.000,1550.000,-5000.000,24.500,51.500,consensus,9,18
401525902,2023,2,13,2023-11-26T00:00Z,0,1,239,277,BAY,WVU,31.000,34.000,0,13.000,54.500,375.000,-500.000,6.500,56.500,consensus,4,4
401531928,2023,2,13,2023-11-26T00:00Z,0,1,326,6,TXST,USA,52.000,44.000,0,6.000,57.000,195.000,-240.000,5.500,58.000,consensus,37,37
401520430,2023,2,13,2023-11-26T00:30Z,0,0,59,61,GT,UGA,23.000,31.000,0,24.500,59.500,1200.000,-2800.000,23.000,60.000,consensus,1,8
401520441,2023,2,13,2023-11-26T00:30Z,0,0,2579,228,SC,CLEM,7.000,16.000,0,7.500,47.500,250.000,-315.000,7.000,52.000,consensus,8,1
401525903,2023,2,13,2023-11-26T00:30Z,0,1,2132,2305,CIN,KU,16.000,49.000,0,7.500,58.500,240.000,-300.000,6.000,58.500,consensus,4,4
401531410,2023,2,13,2023-11-26T00:30Z,0,1,58,2429,USF,CLT,48.000,14.000,0,-7.000,57.000,-275.000,225.000,-4.500,56.500,consensus,151,151
401525562,2023,2,13,2023-11-26T01:00Z,0,1,152,153,NCSU,UNC,39.000,20.000,0,2.500,55.500,118.000,-140.000,2.500,55.000,consensus,1,1
401525904,2023,2,13,2023-11-26T01:00Z,0,1,2306,66,KSU,ISU,35.000,42.000,0,-9.500,46.000,-350.000,270.000,-12.000,47.500,consensus,4,4
401532630,2023,2,13,2023-11-26T02:00Z,0,1,2440,2751,NEV,WYO,6.000,42.000,0,11.500,41.500,333.000,-450.000,12.000,41.000,consensus,17,17
401524066,2023,2,13,2023-11-26T03:30Z,0,1,26,25,UCLA,CAL,7.000,33.000,0,-9.500,50.500,-350.000,270.000,-10.000,52.000,consensus,9,9
401532627,2023,2,13,2023-11-26T03:30Z,0,1,21,278,SDSU,FRES,33.000,18.000,0,4.500,47.000,160.000,-199.000,6.000,46.500,consensus,17,17
401532626,2023,2,13,2023-11-26T04:00Z,0,1,62,36,HAW,CSU,27.000,24.000,0,5.500,53.500,180.000,-222.000,5.500,55.000,consensus,17,17
401539476,2023,2,14,2023-12-02T00:00Z,0,0,2335,166,LIB,NMSU,49.000,35.000,0,-10.000,58.000,-400.000,300.000,-14.000,53.500,consensus,12,12
401539475,2023,2,14,2023-12-02T01:00Z,1,0,264,2483,WASH,ORE,34.000,31.000,0,10.000,65.500,300.000,-385.000,9.000,67.000,consensus,9,9
401539479,2023,2,14,2023-12-02T17:00Z,1,0,251,197,TEX,OKST,49.000,21.000,0,-14.500,57.500,-700.000,475.000,-11.500,53.500,consensus,4,4
401539481,2023,2,14,2023-12-02T17:00Z,1,0,2649,193,TOL,M-OH,14.000,23.000,0,-6.500,43.000,-258.000,210.000,-8.500,46.500,consensus,15,15
401539482,2023,2,14,2023-12-02T20:00Z,0,0,2439,68,UNLV,BOIS,20.000,44.000,0,2.000,62.000,110.000,-133.000,2.500,58.000,consensus,17,17
401539477,2023,2,14,2023-12-02T21:00Z,0,0,2655,2567,TULN,SMU,14.000,26.000,0,-2.500,47.500,-141.000,120.000,-3.000,52.500,consensus,151,151
401539483,2023,2,14,2023-12-02T21:00Z,1,0,333,61,ALA,UGA,27.000,24.000,0,5.500,53.500,175.000,-213.000,4.000,56.000,consensus,8,8
401539484,2023,2,14,2023-12-02T21:00Z,0,0,2653,2026,TROY,APP,49.000,23.000,0,-5.500,52.500,-222.000,180.000,-6.500,51.500,consensus,37,37
401539478,2023,2,14,2023-12-03T01:00Z,1,0,52,97,FSU,LOU,16.000,6.000,0,1.000,46.000,-110.000,-111.000,-5.500,53.500,consensus,1,1
401539480,2023,2,14,2023-12-03T01:00Z,1,0,2294,130,IOWA,MICH,0.000,26.000,0,21.500,36.000,1150.000,-2500.000,23.000,35.000,consensus,5,5
401520445,2023,2,15,2023-12-09T20:00Z,1,0,2426,349,NAVY,ARMY,11.000,17.000,0,2.500,28.000,122.000,-145.000,2.000,31.500,consensus,151,18
401551733,2023,3,1,2023-12-16T16:00Z,1,0,195,290,OHIO,GASO,41.000,21.000,0,1.500,48.500,105.000,-130.000,-1.500,54.000,consensus,15,37
401551470,2023,3,1,2023-12-16T17:00Z,1,0,50,47,FAMU,HOW,30.000,26.000,0,-7.500,47.500,-278.000,222.000,-4.500,50.500,consensus,31,24
401551751,2023,3,1,2023-12-16T19:15Z,1,0,309,55,UL,JVST,31.000,34.000,1,3.000,58.500,140.000,-166.000,-0.500,56.000,consensus,37,12
401551731,2023,3,1,2023-12-16T20:30Z,1,0,2026,193,APP,M-OH,13.000,9.000,0,-6.500,41.000,-250.000,200.000,-4.500,48.500,consensus,37,15
401551732,2023,3,1,2023-12-16T22:45Z,1,0,278,166,FRES,NMSU,37.000,10.000,0,3.000,52.000,135.000,-166.000,2.500,51.500,consensus,17,12
401551752,2023,3,1,2023-12-17T00:30Z,1,0,68,26,BOIS,UCLA,22.000,35.000,0,6.500,46.000,200.000,-250.000,2.500,49.500,consensus,17,9
401551753,2023,3,1,2023-12-17T02:15Z,1,0,2641,25,TTU,CAL,34.000,14.000,0,-3.500,54.500,-175.000,140.000,-3.000,58.500,consensus,4,9
401551469,2023,3,1,2023-12-18T19:30Z,1,0,295,98,ODU,WKU,35.000,38.000,1,-4.500,49.500,-190.000,160.000,1.500,55.500,consensus,37,12
401551735,2023,3,1,2023-12-20T02:00Z,1,0,276,2636,MRSH,UTSA,17.000,35.000,0,7.000,47.000,220.000,-278.000,8.500,56.500,consensus,37,151
401551737,2023,3,1,2023-12-22T01:00Z,1,0,183,58,SYR,USF,0.000,45.000,0,-3.000,55.500,-160.000,135.000,-5.500,58.000,consensus,1,151
401551754,2023,3,1,2023-12-22T23:30Z,1,0,2116,59,UCF,GT,17.000,30.000,0,-6.000,66.500,-225.000,185.000,-6.000,61.500,consensus,4,1
401551739,2023,3,1,2023-12-23T17:00Z,1,0,150,2653,DUKE,TROY,17.000,10.000,0,6.500,44.500,185.000,-245.000,6.500,44.500,consensus,1,37
401551741,2023,3,1,2023-12-23T17:00Z,1,0,2459,2032,NIU,ARST,21.000,19.000,0,2.500,53.500,116.000,-140.000,1.500,52.500,consensus,15,37
401551742,2023,3,1,2023-12-23T20:30Z,1,0,2005,256,AFA,JMU,31.000,21.000,0,-2.500,44.000,-135.000,110.000,3.500,42.500,consensus,17,37
401551743,2023,3,1,2023-12-23T20:30Z,1,0,328,2247,USU,GAST,22.000,45.000,0,-2.000,58.500,-130.000,108.000,3.000,63.500,consensus,17,37
401551755,2023,3,1,2023-12-24T00:00Z,0,0,6,2199,USA,EMU,59.000,10.000,0,-17.500,43.000,-950.000,600.000,15.500,48.500,consensus,37,15
401551744,2023,3,1,2023-12-24T00:30Z,1,0,77,254,NU,UTAH,14.000,7.000,0,7.000,44.000,220.000,-270.000,8.500,42.500,consensus,5,9
401551746,2023,3,1,2023-12-24T03:30Z,1,0,23,324,SJSU,CCU,14.000,24.000,0,-7.500,48.500,-315.000,250.000,-7.500,54.500,consensus,17,37
401551756,2023,3,1,2023-12-26T19:00Z,1,0,135,189,MINN,BGSU,30.000,24.000,0,-2.000,44.500,-130.000,105.000,-5.500,36.500,consensus,5,15
401551748,2023,3,1,2023-12-26T22:30Z,1,0,242,326,RICE,TXST,21.000,45.000,0,3.500,59.500,145.000,-170.000,6.500,60.500,consensus,151,37
401551757,2023,3,1,2023-12-27T02:00Z,1,0,2439,2305,UNLV,KU,36.000,49.000,0,8.000,65.000,240.000,-290.000,11.000,64.500,consensus,17,4
401551758,2023,3,1,2023-12-27T19:00Z,1,0,2655,259,TULN,VT,20.000,41.000,0,12.500,43.500,375.000,-520.000,5.500,48.500,consensus,151,1
401551761,2023,3,1,2023-12-27T22:30Z,1,0,277,153,WVU,UNC,30.000,10.000,0,-4.500,62.000,-200.000,160.000,-3.500,55.500,consensus,4,1
401581109,2023,3,1,2023-12-28T01:00Z,1,0,30,97,USC,LOU,42.000,28.000,0,5.000,58.000,160.000,-192.000,7.000,57.500,consensus,9,1
401551749,2023,3,1,2023-12-28T02:00Z,1,0,197,245,OKST,TA&M,31.000,23.000,0,-4.000,56.000,-190.000,155.000,4.500,53.500,consensus,4,8
401551750,2023,3,1,2023-12-28T16:00Z,1,0,103,2567,BC,SMU,23.000,14.000,0,13.500,49.500,400.000,-550.000,9.500,50.500,consensus,1,151
401551762,2023,3,1,2023-12-28T19:15Z,1,0,2390,164,MIA,RUTG,24.000,31.000,0,2.500,41.500,120.000,-145.000,-4.500,41.500,consensus,1,5
401551764,2023,3,1,2023-12-28T22:45Z,1,0,2306,152,KSU,NCSU,28.000,19.000,0,-3.000,49.000,-150.000,124.000,-4.500,48.500,consensus,4,1
401551765,2023,3,1,2023-12-29T02:15Z,1,0,201,12,OU,ARIZ,24.000,38.000,0,2.500,59.500,115.000,-135.000,1.000,64.500,consensus,4,9
401551766,2023,3,1,2023-12-29T17:00Z,1,0,96,228,UK,CLEM,35.000,38.000,0,3.500,44.000,145.000,-170.000,7.500,48.500,consensus,8,1
401551798,2023,3,1,2023-12-29T19:00Z,1,0,87,204,ND,ORST,40.000,8.000,0,-5.500,40.500,-215.000,180.000,-10.500,46.500,consensus,18,9
401551767,2023,3,1,2023-12-29T20:30Z,1,0,235,66,MEM,ISU,36.000,26.000,0,10.500,58.500,290.000,-400.000,-6.500,57.500,consensus,151,4
401551768,2023,3,1,2023-12-30T01:00Z,1,0,194,142,OSU,MIZ,3.000,14.000,0,-4.000,50.500,-186.000,152.000,-6.500,51.500,consensus,5,8
401551769,2023,3,1,2023-12-30T17:00Z,1,0,213,145,PSU,MISS,25.000,38.000,0,-5.500,53.000,-210.000,170.000,-3.500,48.500,consensus,5,8
401551770,2023,3,1,2023-12-30T19:00Z,1,0,120,2,MD,AUB,31.000,13.000,0,4.500,48.000,160.000,-190.000,2.500,48.500,consensus,5,8
401551773,2023,3,1,2023-12-30T21:00Z,1,0,52,61,FSU,UGA,3.000,63.000,0,23.500,47.000,1050.000,-2000.000,13.500,45.500,consensus,1,8
401554566,2023,3,1,2023-12-30T21:30Z,1,0,2751,2649,WYO,TOL,16.000,15.000,0,-5.000,44.000,-208.000,170.000,1.500,45.500,consensus,17,15
401551778,2023,3,1,2024-01-01T17:00Z,1,0,99,275,LSU,WIS,35.000,31.000,0,-9.500,59.000,-375.000,285.000,-10.500,55.500,consensus,8,5
401551780,2023,3,1,2024-01-01T18:00Z,1,0,2633,2294,TENN,IOWA,35.000,0.000,0,-5.000,37.000,-204.000,170.000,-7.500,36.500,consensus,8,5
401551782,2023,3,1,2024-01-01T18:00Z,1,0,2483,2335,ORE,LIB,45.000,6.000,0,-18.500,71.000,-1000.000,650.000,-14.500,64.000,consensus,9,12
401551786,2023,3,1,2024-01-01T22:00Z,1,0,130,333,MICH,ALA,27.000,20.000,1,-2.000,46.000,-130.000,110.000,-2.000,46.000,consensus,5,8
401551788,2023,3,1,2024-01-02T02:00Z,1,0,264,251,WASH,TEX,37.000,31.000,0,3.500,61.500,140.000,-167.000,4.000,64.000,consensus,9,4
401551789,2023,3,1,2024-01-09T00:30Z,1,0,130,264,MICH,WASH,34.000,13.000,0,-5.500,56.000,-225.000,185.000,-4.500,55.500,consensus,5,9
401635525,2024,2,1,2024-08-24T16:00Z,1,1,59,52,GT,FSU,24.000,21.000,0,10.500,54.500,340.000,-425.000,13.000,54.500,ESPN BET,1,1
401643697,2024,2,1,2024-08-24T20:00Z,0,0,167,147,UNM,MTST,31.000,35.000,0,13.500,54.500,340.000,-425.000,7.500,55.500,ESPN BET,17,20
401643696,2024,2,1,2024-08-25T00:00Z,0,0,2440,2567,NEV,SMU,24.000,29.000,0,27.500,55.500,1500.000,-3500.000,24.500,56.500,ESPN BET,17,1
401643858,2024,2,1,2024-08-25T03:59Z,0,0,62,2169,HAW,DSU,35.000,14.000,0,-39.500,53.500,,,-38.500,56.500,ESPN BET,17,24
401628458,2024,2,1,2024-08-29T22:00Z,0,0,164,47,RUTG,HOW,44.000,7.000,0,-38.500,51.500,,,-36.500,49.500,ESPN BET,5,24
401628581,2024,2,1,2024-08-29T23:00Z,0,0,154,2448,WAKE,NCAT,45.000,13.000,0,,,,,,,,1,48
401628582,2024,2,1,2024-08-29T23:00Z,0,0,2116,160,UCF,UNH,57.000,3.000,0,-38.500,58.500,,,-41.500,63.500,ESPN BET,4,48
401644727,2024,2,1,2024-08-29T23:00Z,0,0,2084,322,BUFF,LAF,30.000,13.000,0,-3.500,45.500,-170.000,145.000,-3.000,46.500,ESPN BET,15,27
401644729,2024,2,1,2024-08-29T23:00Z,0,0,189,2230,BGSU,FOR,41.000,17.000,0,-15.500,60.500,-600.000,450.000,-17.000,56.500,ESPN BET,15,27
401644730,2024,2,1,2024-08-29T23:00Z,0,0,2117,2115,CMU,CCSU,66.000,10.000,0,-33.500,54.500,-20000.000,4000.000,-32.000,51.500,ESPN BET,15,25
401628320,2024,2,1,2024-08-29T23:30Z,1,0,8,2029,ARK,UAPB,70.000,0.000,0,-50.500,60.500,,,-48.500,57.500,ESPN BET,8,31
401644728,2024,2,1,2024-08-29T23:30Z,0,0,2649,2184,TOL,DUQ,49.000,10.000,0,-27.500,53.500,-5000.000,2000.000,-27.000,51.500,ESPN BET,15,25
401634299,2024,2,1,2024-08-29T23:32Z,0,0,152,2717,NCSU,WCU,38.000,21.000,0,-32.500,60.500,-10000.000,3000.000,-33.500,64.500,ESPN BET,1,29
401628327,2024,2,1,2024-08-30T00:00Z,0,0,142,93,MIZ,MUR,51.000,0.000,0,-50.500,62.500,,,-48.000,57.500,ESPN BET,8,21
401634206,2024,2,1,2024-08-30T00:00Z,0,0,38,2449,COLO,NDSU,31.000,26.000,0,-9.000,54.500,-450.000,360.000,-9.500,59.500,consensus,4,21
401636606,2024,2,1,2024-08-30T00:00Z,0,0,2305,2815,KU,LIN,48.000,3.000,0,-48.500,62.500,,,-45.000,58.500,ESPN BET,4,179
401640998,2024,2,1,2024-08-30T00:00Z,0,0,55,324,JVST,CCU,27.000,55.000,0,-3.500,54.500,-175.000,150.000,-3.000,56.500,ESPN BET,12,37
401645316,2024,2,1,2024-08-30T00:00Z,0,0,5,2016,UAB,ALCN,41.000,3.000,0,-29.500,55.500,-7500.000,2500.000,-24.500,55.500,ESPN BET,151,31
401645317,2024,2,1,2024-08-30T00:00Z,0,0,2655,2545,TULN,SELA,52.000,0.000,0,-28.500,55.500,-5000.000,2000.000,-27.000,53.500,ESPN BET,151,30
401645318,2024,2,1,2024-08-30T00:00Z,0,0,202,2466,TLSA,NWST,62.000,28.000,0,-37.500,55.500,,,-32.000,52.500,ESPN BET,151,30
401628448,2024,2,1,2024-08-30T01:00Z,0,0,135,153,MINN,UNC,17.000,19.000,0,1.500,52.500,110.000,-130.000,-2.500,50.500,ESPN BET,5,1
401636387,2024,2,1,2024-08-30T01:00Z,0,0,2433,2296,ULM,JKST,30.000,14.000,0,-4.500,45.500,-185.000,155.000,-8.000,49.500,ESPN BET,37,31
401636607,2024,2,1,2024-08-30T01:00Z,0,0,254,253,UTAH,SUU,49.000,0.000,0,-37.500,55.500,,,-38.000,53.500,ESPN BET,4,177
401654845,2024,2,1,2024-08-30T01:15Z,0,0,356,2197,ILL,EIU,45.000,0.000,0,-28.500,50.500,-5000.000,2000.000,-28.000,45.500,ESPN BET,5,179
401643698,2024,2,1,2024-08-30T02:00Z,0,0,23,16,SJSU,SAC,42.000,24.000,0,-2.500,62.500,-130.000,110.000,-4.000,60.500,ESPN BET,17,20
401645319,2024,2,1,2024-08-30T22:00Z,0,0,349,2329,ARMY,LEH,42.000,7.000,0,-31.500,47.500,-7500.000,3000.000,-32.000,47.500,ESPN BET,151,27
401628328,2024,2,1,2024-08-30T23:00Z,0,0,201,218,OU,TEM,51.000,3.000,0,-43.500,57.500,,,-42.500,59.500,ESPN BET,8,151
401628453,2024,2,1,2024-08-30T23:00Z,0,0,127,2226,MSU,FAU,16.000,10.000,0,-12.500,44.500,-550.000,425.000,-11.500,46.500,ESPN BET,5,151
401628584,2024,2,1,2024-08-30T23:30Z,0,0,150,2210,DUKE,ELON,26.000,3.000,0,-24.500,47.500,-3000.000,1300.000,-23.500,49.500,ESPN BET,1,48
401628461,2024,2,1,2024-08-31T01:00Z,0,0,275,2711,WIS,WMU,28.000,14.000,0,-24.500,56.500,-2000.000,1100.000,-24.500,56.500,ESPN BET,5,15
401634300,2024,2,1,2024-08-31T02:30Z,0,0,24,2628,STAN,TCU,27.000,34.000,0,8.500,58.500,240.000,-290.000,8.000,61.500,ESPN BET,1,4
401628323,2024,2,1,2024-08-31T16:00Z,1,0,61,228,UGA,CLEM,34.000,3.000,0,-13.000,48.500,-400.000,410.000,-13.500,48.000,consensus,8,1
401628333,2024,2,1,2024-08-31T16:00Z,0,0,238,259,VAN,VT,34.000,27.000,1,13.500,48.500,380.000,-500.000,13.500,53.500,ESPN BET,8,1
401628450,2024,2,1,2024-08-31T16:00Z,0,0,2294,2287,IOWA,ILST,40.000,0.000,0,,,,,,,,5,21
401628451,2024,2,1,2024-08-31T16:00Z,0,0,120,41,MD,CONN,50.000,7.000,0,-18.500,44.500,-1200.000,750.000,-21.000,47.500,ESPN BET,5,18
401628457,2024,2,1,2024-08-31T16:00Z,0,0,277,213,WVU,PSU,12.000,34.000,0,7.500,48.500,230.000,-280.000,10.500,51.500,ESPN BET,4,5
401632062,2024,2,1,2024-08-31T16:00Z,0,0,97,2046,LOU,APSU,62.000,0.000,0,-38.500,54.500,,,-36.500,52.500,ESPN BET,1,177
401634169,2024,2,1,2024-08-31T16:00Z,0,0,2509,282,PUR,INST,49.000,0.000,0,-35.500,52.500,-20000.000,4000.000,-33.000,48.500,ESPN BET,5,21
401634305,2024,2,1,2024-08-31T16:00Z,0,0,221,2309,PITT,KENT,55.000,24.000,0,-23.500,54.500,-2500.000,1200.000,-23.500,53.500,ESPN BET,1,15
401645322,2024,2,1,2024-08-31T16:00Z,0,0,2426,2083,NAVY,BUCK,49.000,21.000,0,-31.500,48.500,-15000.000,3500.000,-33.000,47.500,ESPN BET,151,27
401628330,2024,2,1,2024-08-31T16:45Z,0,0,2633,236,TENN,UTC,69.000,3.000,0,-38.500,56.500,,,-38.500,56.500,ESPN BET,8,29
401634212,2024,2,1,2024-08-31T18:00Z,0,0,197,2571,OKST,SDST,44.000,20.000,0,-12.500,55.500,-425.000,340.000,-10.500,53.500,ESPN BET,4,21
401628591,2024,2,1,2024-08-31T18:30Z,0,0,2132,119,CIN,TOW,38.000,20.000,0,-33.500,56.500,-15000.000,3500.000,-31.500,56.500,ESPN BET,4,48
401637159,2024,2,1,2024-08-31T19:00Z,0,0,265,2502,WSU,PRST,70.000,30.000,0,-26.500,57.500,-3500.000,1500.000,-29.500,61.500,ESPN BET,9,20
401628322,2024,2,1,2024-08-31T19:30Z,0,0,57,2390,FLA,MIA,17.000,41.000,0,3.000,54.500,105.000,-125.000,3.000,54.500,consensus,8,1
401628331,2024,2,1,2024-08-31T19:30Z,0,0,251,36,TEX,CSU,52.000,0.000,0,-34.500,62.500,-20000.000,4000.000,-36.500,59.500,ESPN BET,8,17
401628449,2024,2,1,2024-08-31T19:30Z,0,0,84,2229,IU,FIU,31.000,7.000,0,-25.500,51.500,-3500.000,1500.000,-19.500,50.500,ESPN BET,5,12
401628454,2024,2,1,2024-08-31T19:30Z,0,0,158,2638,NEB,UTEP,40.000,7.000,0,,,,,,,,5,12
401628455,2024,2,1,2024-08-31T19:30Z,0,0,194,2006,OSU,AKR,52.000,6.000,0,-48.500,55.500,,,-50.500,58.500,ESPN BET,5,15
401629039,2024,2,1,2024-08-31T19:30Z,0,0,113,2199,MASS,EMU,14.000,28.000,0,-2.500,50.500,-130.000,110.000,1.000,49.500,ESPN BET,18,15
401634133,2024,2,1,2024-08-31T19:30Z,0,0,2026,2193,APP,ETSU,38.000,10.000,0,-35.500,58.500,-7500.000,2500.000,-32.000,55.500,ESPN BET,37,29
401634197,2024,2,1,2024-08-31T19:30Z,0,0,66,155,ISU,UND,21.000,3.000,0,-30.500,51.500,-3500.000,1500.000,-27.500,49.500,ESPN BET,4,21
401634304,2024,2,1,2024-08-31T19:30Z,0,0,183,195,SYR,OHIO,38.000,22.000,0,-17.500,45.500,-800.000,550.000,-15.500,47.500,ESPN BET,1,15
401641015,2024,2,1,2024-08-31T19:30Z,0,0,2636,338,UTSA,KENN,28.000,16.000,0,,,,,,,,151,12
401643699,2024,2,1,2024-08-31T19:30Z,0,0,2005,2771,AFA,MRMK,21.000,6.000,0,-30.500,47.500,-15000.000,3500.000,-30.000,47.500,ESPN BET,17,32
401644683,2024,2,1,2024-08-31T19:30Z,0,0,77,193,NU,M-OH,13.000,6.000,0,-3.500,40.500,-150.000,130.000,-4.500,42.500,ESPN BET,5,15
401644731,2024,2,1,2024-08-31T19:30Z,0,0,2459,2710,NIU,WIU,54.000,15.000,0,-36.500,55.500,-20000.000,4000.000,-35.000,53.500,ESPN BET,15,179
401643700,2024,2,1,2024-08-31T20:00Z,0,0,290,68,GASO,BOIS,45.000,56.000,0,12.500,57.500,340.000,-425.000,10.000,57.500,ESPN BET,37,17
401628329,2024,2,1,2024-08-31T20:15Z,0,0,2579,295,SC,ODU,23.000,19.000,0,-20.500,48.500,-1200.000,750.000,-21.000,55.000,ESPN BET,8,37
401628590,2024,2,1,2024-08-31T21:00Z,0,0,276,2619,MRSH,STBK,45.000,3.000,0,-32.500,56.500,-20000.000,4000.000,-30.500,51.500,ESPN BET,37,48
401634301,2024,2,1,2024-08-31T21:00Z,0,0,25,302,CAL,UCD,31.000,13.000,0,-20.500,56.500,-1600.000,900.000,-20.500,56.500,ESPN BET,1,20
401643775,2024,2,1,2024-08-31T21:00Z,0,0,6,249,USA,UNT,38.000,52.000,0,-5.500,60.500,-200.000,170.000,-7.000,65.500,ESPN BET,37,151
401628326,2024,2,1,2024-08-31T22:00Z,0,0,344,2198,MSST,EKU,56.000,7.000,0,-26.500,61.500,-2500.000,1200.000,-26.500,60.500,ESPN BET,8,177
401628586,2024,2,1,2024-08-31T22:00Z,0,0,2335,2097,LIB,CAM,41.000,24.000,0,-41.500,58.500,,,-35.500,55.500,ESPN BET,12,48
401628589,2024,2,1,2024-08-31T22:00Z,0,0,258,257,UVA,RICH,34.000,13.000,0,,,,,,,,1,48
401645320,2024,2,1,2024-08-31T22:00Z,0,0,151,2450,ECU,NORF,42.000,3.000,0,-31.500,51.500,-15000.000,3500.000,-32.000,50.500,ESPN BET,151,24
401643704,2024,2,1,2024-08-31T22:30Z,0,0,204,304,ORST,IDST,38.000,15.000,0,-29.500,57.500,-5000.000,2000.000,-28.500,57.500,ESPN BET,9,20
401628319,2024,2,1,2024-08-31T23:00Z,0,0,333,98,ALA,WKU,63.000,0.000,0,-37.500,60.500,,,-31.000,60.500,ESPN BET,8,12
401628325,2024,2,1,2024-08-31T23:00Z,0,0,145,231,MISS,FUR,76.000,0.000,0,-45.500,58.500,,,-42.000,60.500,ESPN BET,8,29
401632064,2024,2,1,2024-08-31T23:00Z,0,0,2032,2110,ARST,CARK,34.000,31.000,0,,,,,,,,37,177
401636363,2024,2,1,2024-08-31T23:00Z,0,0,58,2065,USF,BCU,48.000,3.000,0,,,,,,,,151,31
401636610,2024,2,1,2024-08-31T23:00Z,0,0,239,2627,BAY,TAR,45.000,3.000,0,-33.500,53.500,,,-26.500,48.500,ESPN BET,4,177
401636611,2024,2,1,2024-08-31T23:00Z,0,0,248,2439,HOU,UNLV,7.000,27.000,0,,,,,,,,4,17
401636612,2024,2,1,2024-08-31T23:00Z,0,0,2306,2630,KSU,UTM,41.000,6.000,0,-36.500,56.500,-20000.000,4000.000,-37.000,56.500,ESPN BET,4,179
401641023,2024,2,1,2024-08-31T23:00Z,0,0,2393,2635,MTSU,TNTC,32.000,25.000,0,,,,,,,,12,179
401641039,2024,2,1,2024-08-31T23:00Z,0,0,242,2534,RICE,SHSU,14.000,34.000,0,-9.500,48.500,-340.000,270.000,-12.000,48.500,ESPN BET,151,12
401643701,2024,2,1,2024-08-31T23:00Z,0,0,2653,2440,TROY,NEV,26.000,28.000,0,-7.500,44.500,-290.000,240.000,-14.500,46.500,ESPN BET,37,17
401645321,2024,2,1,2024-08-31T23:00Z,0,0,235,2453,MEM,UNA,40.000,0.000,0,-38.500,62.500,,,-38.000,61.500,ESPN BET,151,177
401628321,2024,2,1,2024-08-31T23:30Z,0,0,2,2010,AUB,AAMU,73.000,3.000,0,-48.500,58.500,,,-47.500,56.500,ESPN BET,8,31
401628332,2024,2,1,2024-08-31T23:30Z,0,0,245,87,TA&M,ND,13.000,23.000,0,-1.000,50.500,-114.000,-108.000,-1.000,50.500,consensus,8,18
401628452,2024,2,1,2024-08-31T23:30Z,0,0,130,278,MICH,FRES,30.000,10.000,0,,,,,,,,5,17
401628456,2024,2,1,2024-08-31T23:30Z,0,0,2483,70,ORE,IDHO,24.000,14.000,0,,,,,,,,5,20
401628459,2024,2,1,2024-08-31T23:30Z,0,0,62,26,HAW,UCLA,13.000,16.000,0,13.500,51.500,400.000,-525.000,13.500,55.500,ESPN BET,17,5
401636613,2024,2,1,2024-08-31T23:30Z,0,0,2641,2000,TTU,ACU,52.000,51.000,1,-34.500,58.500,-15000.000,3500.000,-33.500,52.500,ESPN BET,4,177
401628324,2024,2,1,2024-08-31T23:45Z,0,0,96,2572,UK,USM,31.000,0.000,0,-25.500,49.500,-2500.000,1200.000,-25.500,50.000,ESPN BET,8,37
401634240,2024,2,1,2024-09-01T00:00Z,0,0,252,79,BYU,SIU,41.000,13.000,0,,,,,,,,4,21
401634302,2024,2,1,2024-09-01T00:00Z,0,0,59,2247,GT,GAST,35.000,12.000,0,,,,,,,,1,37
401634303,2024,2,1,2024-09-01T00:00Z,0,0,2567,2277,SMU,HCU,59.000,7.000,0,,,,,,,,1,30
401636380,2024,2,1,2024-09-01T00:00Z,0,0,309,2755,UL,GRAM,40.000,10.000,0,,,,,,,,37,31
401641007,2024,2,1,2024-09-01T00:00Z,0,0,2348,2447,LT,NICH,25.000,17.000,0,,,,,,,,12,30
401643702,2024,2,1,2024-09-01T00:00Z,0,0,21,2837,SDSU,ETAM,45.000,14.000,0,,,,,,,,17,30
401643703,2024,2,1,2024-09-01T00:00Z,0,0,328,2523,USU,RMU,36.000,14.000,0,,,,,,,,17,25
401643774,2024,2,1,2024-09-01T00:00Z,0,0,2429,256,CLT,JMU,7.000,30.000,0,,,,,,,,151,37
401643776,2024,2,1,2024-09-01T00:00Z,0,0,326,2320,TXST,LAM,34.000,27.000,0,,,,,,,,37,30
401641032,2024,2,1,2024-09-01T01:00Z,0,0,166,2546,NMSU,SEMO,23.000,16.000,0,-9.500,52.500,-360.000,290.000,-8.500,52.500,ESPN BET,12,179
401636608,2024,2,1,2024-09-01T02:30Z,0,0,12,167,ARIZ,UNM,61.000,39.000,0,-29.000,60.500,-10000.000,3000.000,-30.500,53.500,ESPN BET,4,17
401636609,2024,2,1,2024-09-01T02:30Z,0,0,9,2751,ASU,WYO,48.000,7.000,0,-6.500,47.500,-240.000,200.000,-6.500,47.500,ESPN BET,4,17
401628460,2024,2,1,2024-09-01T03:00Z,0,0,264,2692,WASH,WEB,35.000,3.000,0,-29.000,51.500,-5000.000,1800.000,-27.500,54.500,ESPN BET,5,20
401628334,2024,2,1,2024-09-01T23:30Z,1,0,99,30,LSU,USC,20.000,27.000,0,-6.000,66.000,-227.000,180.000,-6.000,66.000,consensus,8,5
401634306,2024,2,1,2024-09-02T23:30Z,0,1,52,103,FSU,BC,13.000,28.000,0,-16.500,51.500,-800.000,550.000,-21.500,51.500,ESPN BET,1,1
401628463,2024,2,2,2024-09-06T23:00Z,0,0,84,2710,IU,WIU,77.000,3.000,0,-44.500,52.500,,,-42.500,52.500,ESPN BET,5,179
401634765,2024,2,2,2024-09-06T23:00Z,0,0,2567,252,SMU,BYU,15.000,18.000,0,-12.500,55.500,-500.000,380.000,-11.500,54.500,ESPN BET,1,4
401635533,2024,2,2,2024-09-07T01:00Z,0,0,77,150,NU,DUKE,20.000,26.000,1,-2.500,37.500,-130.000,110.000,-2.500,40.500,ESPN BET,5,1
401628336,2024,2,2,2024-09-07T16:00Z,0,0,197,8,OKST,ARK,39.000,31.000,1,-10.500,60.500,-425.000,340.000,-8.500,52.500,ESPN BET,4,8
401628347,2024,2,2,2024-09-07T16:00Z,0,0,130,251,MICH,TEX,12.000,31.000,0,4.000,49.500,195.000,-230.000,4.000,49.500,consensus,5,8
401628466,2024,2,2,2024-09-07T16:00Z,0,0,135,227,MINN,URI,48.000,0.000,0,-27.500,47.500,-4000.000,1800.000,-24.500,47.500,ESPN BET,5,48
401628470,2024,2,2,2024-09-07T16:00Z,0,0,213,189,PSU,BGSU,34.000,27.000,0,-35.500,51.500,-20000.000,4000.000,-32.000,48.500,ESPN BET,5,15
401628471,2024,2,2,2024-09-07T16:00Z,0,0,164,2006,RUTG,AKR,49.000,17.000,0,-24.500,41.500,-3500.000,1500.000,-24.000,41.500,ESPN BET,5,15
401635534,2024,2,2,2024-09-07T16:00Z,0,1,183,59,SYR,GT,31.000,28.000,0,2.500,60.500,125.000,-145.000,2.500,54.500,ESPN BET,1,1
401635538,2024,2,2,2024-09-07T16:00Z,0,0,2132,221,CIN,PITT,27.000,28.000,0,2.500,62.500,110.000,-130.000,-2.500,59.500,ESPN BET,4,1
401636616,2024,2,2,2024-09-07T16:00Z,0,0,2655,2306,TULN,KSU,27.000,34.000,0,9.500,46.500,260.000,-320.000,10.000,48.500,ESPN BET,151,4
401636999,2024,2,2,2024-09-07T16:00Z,0,0,41,2771,CONN,MRMK,63.000,17.000,0,-14.500,44.500,-700.000,500.000,-15.500,45.500,ESPN BET,18,32
401643784,2024,2,2,2024-09-07T16:00Z,0,0,235,2653,MEM,TROY,38.000,17.000,0,-18.500,57.500,-650.000,475.000,-17.000,54.500,ESPN BET,151,37
401645323,2024,2,2,2024-09-07T16:00Z,0,1,2226,349,FAU,ARMY,7.000,24.000,0,-1.500,42.500,-120.000,100.000,-2.500,44.500,ESPN BET,151,151
401628348,2024,2,2,2024-09-07T16:45Z,0,0,245,2377,TA&M,MCN,52.000,10.000,0,-46.500,53.500,,,-48.000,55.500,ESPN BET,8,30
401628339,2024,2,2,2024-09-07T18:00Z,0,0,61,2635,UGA,TNTC,48.000,3.000,0,-54.500,68.500,,,-54.500,62.500,ESPN BET,8,179
401634181,2024,2,2,2024-09-07T18:00Z,0,0,2050,2623,BALL,MOST,42.000,34.000,0,-2.500,50.500,-145.000,125.000,-2.500,52.500,ESPN BET,15,21
401644732,2024,2,2,2024-09-07T18:30Z,0,0,2309,2598,KENT,SFPA,17.000,23.000,0,-17.500,49.500,-900.000,600.000,-17.000,52.500,ESPN BET,15,25
401632071,2024,2,2,2024-09-07T19:00Z,0,0,2439,3101,UNLV,UTU,72.000,14.000,0,-41.500,55.500,,,-42.000,54.500,ESPN BET,17,177
401628337,2024,2,2,2024-09-07T19:30Z,0,0,2,25,AUB,CAL,14.000,21.000,0,-11.500,52.500,-500.000,380.000,-10.500,49.500,ESPN BET,8,1
401628340,2024,2,2,2024-09-07T19:30Z,0,1,96,2579,UK,SC,6.000,31.000,0,-9.500,41.500,-300.000,250.000,-9.000,45.500,ESPN BET,8,8
401628464,2024,2,2,2024-09-07T19:30Z,0,0,2294,66,IOWA,ISU,19.000,20.000,0,-2.500,36.500,-135.000,115.000,-2.500,37.500,ESPN BET,5,4
401628465,2024,2,2,2024-09-07T19:30Z,0,1,120,127,MD,MSU,24.000,27.000,0,-7.500,44.500,-290.000,240.000,-9.000,46.500,ESPN BET,5,5
401628473,2024,2,2,2024-09-07T19:30Z,0,0,264,2199,WASH,EMU,30.000,9.000,0,-25.500,49.500,-3000.000,1300.000,-23.500,47.500,ESPN BET,5,15
401628474,2024,2,2,2024-09-07T19:30Z,0,0,275,233,WIS,SDAK,27.000,13.000,0,-17.500,44.500,-1600.000,900.000,-22.500,47.500,ESPN BET,5,21
401628977,2024,2,2,2024-09-07T19:30Z,0,0,87,2459,ND,NIU,14.000,16.000,0,-28.500,46.500,-7500.000,2500.000,-30.000,46.500,ESPN BET,18,15
401629040,2024,2,2,2024-09-07T19:30Z,0,0,2649,113,TOL,MASS,38.000,23.000,0,-17.500,50.500,-700.000,500.000,-19.500,51.500,ESPN BET,15,18
401635531,2024,2,2,2024-09-07T19:30Z,0,0,103,2184,BC,DUQ,56.000,0.000,0,-33.500,52.500,,,-34.500,52.500,ESPN BET,1,25
401635535,2024,2,2,2024-09-07T19:30Z,0,0,97,55,LOU,JVST,49.000,14.000,0,-27.500,56.500,-3500.000,1500.000,-25.500,58.500,ESPN BET,1,12
401635537,2024,2,2,2024-09-07T19:30Z,0,0,153,2429,UNC,CLT,38.000,20.000,0,-21.500,47.500,-1800.000,1000.000,-21.000,48.500,ESPN BET,1,151
401636618,2024,2,2,2024-09-07T19:30Z,0,0,254,239,UTAH,BAY,23.000,12.000,0,-14.500,52.500,-800.000,550.000,-17.000,53.500,ESPN BET,4,4
401643710,2024,2,2,2024-09-07T19:30Z,0,0,2751,70,WYO,IDHO,13.000,17.000,0,-6.500,39.500,-275.000,225.000,-7.500,41.500,ESPN BET,17,20
401645324,2024,2,2,2024-09-07T19:30Z,0,1,2426,218,NAVY,TEM,38.000,11.000,0,-11.500,43.500,-450.000,360.000,-13.000,44.500,ESPN BET,151,151
401643783,2024,2,2,2024-09-07T20:00Z,0,0,326,2636,TXST,UTSA,49.000,10.000,0,-2.500,58.500,-135.000,115.000,-1.000,60.500,ESPN BET,37,151
401628342,2024,2,2,2024-09-07T20:15Z,0,0,145,2393,MISS,MTSU,52.000,3.000,0,-42.500,60.500,,,-42.000,62.500,ESPN BET,8,12
401635540,2024,2,2,2024-09-07T20:30Z,0,0,259,276,VT,MRSH,31.000,14.000,0,-20.500,52.500,-1600.000,900.000,-16.500,47.500,ESPN BET,1,37
401628593,2024,2,2,2024-09-07T22:00Z,0,0,277,399,WVU,ALB,49.000,14.000,0,-37.500,52.500,,,-33.500,52.500,ESPN BET,4,48
401635536,2024,2,2,2024-09-07T22:00Z,0,0,2390,50,MIA,FAMU,56.000,9.000,0,-46.500,55.500,,,-44.500,53.500,ESPN BET,1,31
401640979,2024,2,2,2024-09-07T22:00Z,0,0,2229,2117,FIU,CMU,52.000,16.000,0,3.500,51.500,140.000,-165.000,4.000,51.500,ESPN BET,12,15
401643777,2024,2,2,2024-09-07T22:00Z,0,0,256,2241,JMU,GWEB,13.000,6.000,0,-35.500,50.500,,,-33.000,54.500,ESPN BET,37,179
401643778,2024,2,2,2024-09-07T22:00Z,0,0,295,151,ODU,ECU,14.000,20.000,0,-1.500,53.500,-120.000,100.000,-2.000,48.500,ESPN BET,37,151
401643781,2024,2,2,2024-09-07T22:00Z,0,0,195,6,OHIO,USA,27.000,20.000,0,1.500,55.500,-110.000,-110.000,1.000,54.500,ESPN BET,15,37
401628335,2024,2,2,2024-09-07T23:00Z,0,0,333,58,ALA,USF,42.000,16.000,0,-33.500,65.500,-5000.000,2000.000,-31.000,63.500,ESPN BET,8,151
401628338,2024,2,2,2024-09-07T23:00Z,0,0,57,2535,FLA,SAM,45.000,7.000,0,-38.500,55.500,,,-37.000,53.500,ESPN BET,8,29
401628344,2024,2,2,2024-09-07T23:00Z,0,0,142,2084,MIZ,BUFF,38.000,0.000,0,-34.500,53.500,-15000.000,3500.000,-34.500,52.500,ESPN BET,8,15
401628462,2024,2,2,2024-09-07T23:00Z,0,0,356,2305,ILL,KU,23.000,17.000,0,4.500,58.500,190.000,-225.000,6.500,58.500,ESPN BET,5,4
401628603,2024,2,2,2024-09-07T23:00Z,0,0,324,2729,CCU,W&M,40.000,21.000,0,-17.500,54.500,-700.000,500.000,-14.500,55.500,ESPN BET,37,48
401632068,2024,2,2,2024-09-07T23:00Z,0,0,98,2198,WKU,EKU,31.000,0.000,0,-18.500,59.500,-1400.000,800.000,-20.500,59.500,ESPN BET,12,177
401632459,2024,2,2,2024-09-07T23:00Z,0,0,2247,236,GAST,UTC,24.000,21.000,0,-9.500,51.500,-380.000,300.000,-10.000,54.500,ESPN BET,37,29
401635539,2024,2,2,2024-09-07T23:00Z,0,0,24,13,STAN,CP,41.000,7.000,0,-33.500,59.500,,,-35.500,58.500,ESPN BET,1,20
401635639,2024,2,2,2024-09-07T23:00Z,0,1,154,258,WAKE,UVA,30.000,31.000,0,1.500,55.500,100.000,-120.000,-2.500,54.500,ESPN BET,1,1
401641016,2024,2,2,2024-09-07T23:00Z,0,0,338,309,KENN,UL,10.000,34.000,0,14.500,45.500,425.000,-550.000,16.500,46.500,ESPN BET,12,37
401643705,2024,2,2,2024-09-07T23:00Z,0,1,2005,23,AFA,SJSU,7.000,17.000,0,-1.500,43.500,-130.000,110.000,-4.500,46.500,ESPN BET,17,17
401643706,2024,2,2,2024-09-07T23:00Z,0,0,36,2458,CSU,UNCO,38.000,17.000,0,-31.500,52.500,-10000.000,3000.000,-28.500,53.500,ESPN BET,17,20
401643708,2024,2,2,2024-09-07T23:00Z,0,0,2440,290,NEV,GASO,17.000,20.000,0,-1.500,56.500,-110.000,-110.000,3.500,55.500,ESPN BET,17,37
401643779,2024,2,2,2024-09-07T23:00Z,0,0,2032,202,ARST,TLSA,28.000,24.000,0,-9.500,65.500,-340.000,270.000,-6.000,64.500,ESPN BET,37,151
401643780,2024,2,2,2024-09-07T23:00Z,0,0,2433,5,ULM,UAB,32.000,6.000,0,10.500,55.500,300.000,-380.000,11.500,54.500,ESPN BET,37,151
401643782,2024,2,2,2024-09-07T23:00Z,0,0,2572,2545,USM,SELA,35.000,10.000,0,-16.500,53.500,-600.000,450.000,-14.000,54.500,ESPN BET,37,30
401645326,2024,2,2,2024-09-07T23:00Z,0,0,242,2640,RICE,TXSO,69.000,7.000,0,-29.500,52.500,-5000.000,2000.000,-29.500,54.500,ESPN BET,151,31
401636617,2024,2,2,2024-09-07T23:02Z,0,0,2116,2534,UCF,SHSU,45.000,14.000,0,-21.500,53.500,-1600.000,900.000,-24.000,58.500,ESPN BET,4,12
401628341,2024,2,2,2024-09-07T23:30Z,0,0,99,2447,LSU,NICH,44.000,21.000,0,-46.500,57.500,,,-51.500,61.500,ESPN BET,8,30
401628346,2024,2,2,2024-09-07T23:30Z,1,0,152,2633,NCSU,TENN,10.000,51.000,0,13.500,59.500,250.000,-300.000,4.000,60.500,ESPN BET,1,8
401628349,2024,2,2,2024-09-07T23:30Z,0,0,238,2016,VAN,ALCN,55.000,0.000,0,-32.500,47.500,-20000.000,4000.000,-31.000,49.500,ESPN BET,8,31
401628467,2024,2,2,2024-09-07T23:30Z,0,0,158,38,NEB,COLO,28.000,10.000,0,,,,,,,,5,4
401628468,2024,2,2,2024-09-07T23:30Z,0,0,194,2711,OSU,WMU,56.000,0.000,0,-37.500,54.500,,,-39.000,54.500,ESPN BET,5,15
401645325,2024,2,2,2024-09-07T23:30Z,0,0,249,2617,UNT,SFA,35.000,20.000,0,-21.500,72.500,-1800.000,1000.000,-23.500,67.500,ESPN BET,151,30
401628345,2024,2,2,2024-09-07T23:45Z,0,0,201,248,OU,HOU,16.000,12.000,0,-27.500,48.500,-5000.000,2000.000,-27.500,52.500,ESPN BET,8,4
401635532,2024,2,2,2024-09-08T00:00Z,0,0,228,2026,CLEM,APP,66.000,20.000,0,-13.500,53.500,-650.000,475.000,-17.000,51.500,ESPN BET,1,37
401636615,2024,2,2,2024-09-08T00:00Z,0,0,2628,2341,TCU,LIU,45.000,0.000,0,-45.500,56.500,,,-45.500,54.500,ESPN BET,4,25
401632072,2024,2,2,2024-09-08T01:00Z,0,0,2638,253,UTEP,SUU,24.000,27.000,1,-6.500,54.500,-230.000,195.000,-6.500,51.500,ESPN BET,12,177
401628469,2024,2,2,2024-09-08T02:00Z,0,0,2483,68,ORE,BOIS,37.000,34.000,0,-17.500,60.500,-800.000,550.000,-19.500,60.500,ESPN BET,5,17
401636614,2024,2,2,2024-09-08T02:00Z,0,0,12,2464,ARIZ,NAU,22.000,10.000,0,-36.500,63.500,-10000.000,3000.000,-43.500,64.500,ESPN BET,4,20
401636859,2024,2,2,2024-09-08T02:00Z,0,0,265,2641,WSU,TTU,37.000,16.000,0,2.500,64.500,115.000,-135.000,-1.500,65.500,ESPN BET,9,4
401643707,2024,2,2,2024-09-08T02:00Z,0,0,278,16,FRES,SAC,46.000,30.000,0,-18.500,55.500,-1200.000,750.000,-15.500,56.500,ESPN BET,17,20
401640989,2024,2,2,2024-09-08T02:15Z,0,1,166,2335,NMSU,LIB,24.000,30.000,0,22.500,54.500,1000.000,-1800.000,20.500,57.500,ESPN BET,12,12
401628343,2024,2,2,2024-09-08T02:30Z,0,0,9,344,ASU,MSST,30.000,23.000,0,-6.500,57.500,-210.000,175.000,-5.000,58.500,ESPN BET,4,8
401643709,2024,2,2,2024-09-08T02:30Z,0,0,21,204,SDSU,ORST,0.000,21.000,0,5.500,54.500,165.000,-195.000,4.500,55.500,ESPN BET,17,9
401628472,2024,2,2,2024-09-08T03:00Z,0,0,30,328,USC,USU,48.000,0.000,0,-30.500,62.500,-5000.000,2000.000,-27.000,61.500,ESPN BET,5,17
401636867,2024,2,3,2024-09-12T23:30Z,0,0,326,9,TXST,ASU,28.000,31.000,0,-2.500,58.500,-150.000,130.000,-1.500,59.500,ESPN BET,37,4
401643788,2024,2,3,2024-09-12T23:30Z,0,0,6,2466,USA,NWST,87.000,10.000,0,-36.500,60.500,-7500.000,2500.000,-38.000,60.500,ESPN BET,37,30
401636863,2024,2,3,2024-09-13T23:00Z,0,0,2305,2439,KU,UNLV,20.000,23.000,0,-10.500,57.500,-350.000,280.000,-7.500,58.500,ESPN BET,4,17
401636864,2024,2,3,2024-09-14T00:00Z,0,0,2306,12,KSU,ARIZ,31.000,7.000,0,-9.500,61.500,-250.000,210.000,-7.000,56.500,ESPN BET,4,4
401628350,2024,2,3,2024-09-14T16:00Z,0,0,275,333,WIS,ALA,10.000,42.000,0,15.500,47.500,450.000,-600.000,16.500,52.500,ESPN BET,5,8
401628359,2024,2,3,2024-09-14T16:00Z,0,1,2579,99,SC,LSU,33.000,36.000,0,6.500,48.500,200.000,-240.000,8.500,52.500,ESPN BET,8,8
401628475,2024,2,3,2024-09-14T16:00Z,0,0,356,2117,ILL,CMU,30.000,9.000,0,-21.500,49.500,-1400.000,800.000,-17.500,53.500,ESPN BET,5,15
401628479,2024,2,3,2024-09-14T16:00Z,0,0,130,2032,MICH,ARST,28.000,18.000,0,,,,,,,,5,37
401635542,2024,2,3,2024-09-14T16:00Z,0,0,52,235,FSU,MEM,12.000,20.000,0,-6.500,54.500,-275.000,225.000,-3.500,52.500,ESPN BET,1,151
401635546,2024,2,3,2024-09-14T16:00Z,0,0,152,2348,NCSU,LT,30.000,20.000,0,-20.500,47.500,-1000.000,700.000,-24.500,52.500,ESPN BET,1,12
401636865,2024,2,3,2024-09-14T16:00Z,0,0,193,2132,M-OH,CIN,16.000,27.000,0,3.500,47.500,130.000,-150.000,2.500,45.500,ESPN BET,15,4
401636868,2024,2,3,2024-09-14T16:00Z,0,0,2641,249,TTU,UNT,66.000,21.000,0,,,,,,,,4,151
401636869,2024,2,3,2024-09-14T16:00Z,0,0,202,197,TLSA,OKST,10.000,45.000,0,17.500,62.500,700.000,-1000.000,20.500,62.500,ESPN BET,151,4
401628357,2024,2,3,2024-09-14T16:45Z,0,0,142,103,MIZ,BC,27.000,21.000,0,-14.500,51.500,-650.000,475.000,-16.500,54.500,ESPN BET,8,1
401629041,2024,2,3,2024-09-14T17:00Z,0,0,2084,113,BUFF,MASS,34.000,3.000,0,-3.500,45.500,-155.000,135.000,-6.000,45.500,ESPN BET,15,18
401643786,2024,2,3,2024-09-14T18:00Z,0,0,218,324,TEM,CCU,20.000,28.000,0,17.500,51.500,500.000,-700.000,17.000,52.500,ESPN BET,151,37
401628353,2024,2,3,2024-09-14T19:30Z,0,1,57,245,FLA,TA&M,20.000,33.000,0,3.500,45.500,145.000,-170.000,3.500,49.500,ESPN BET,8,8
401628358,2024,2,3,2024-09-14T19:30Z,0,0,201,2655,OU,TULN,34.000,19.000,0,-13.500,48.500,-500.000,380.000,-14.500,51.500,ESPN BET,8,151
401628480,2024,2,3,2024-09-14T19:30Z,0,0,127,2504,MSU,PV,40.000,0.000,0,-42.500,53.500,,,-40.500,50.500,ESPN BET,5,31
401628481,2024,2,3,2024-09-14T19:30Z,0,0,135,2440,MINN,NEV,27.000,0.000,0,-17.500,44.500,-800.000,550.000,-14.500,43.500,ESPN BET,5,17
401628483,2024,2,3,2024-09-14T19:30Z,0,0,204,2483,ORST,ORE,14.000,49.000,0,,,,,,,,9,5
401628484,2024,2,3,2024-09-14T19:30Z,1,0,264,265,WASH,WSU,19.000,24.000,0,,,,,,,,5,9
401628978,2024,2,3,2024-09-14T19:30Z,0,0,2509,87,PUR,ND,7.000,66.000,0,7.500,47.500,220.000,-270.000,10.500,45.500,ESPN BET,5,18
401635543,2024,2,3,2024-09-14T19:30Z,0,0,59,2678,GT,VMI,59.000,7.000,0,-42.500,53.500,,,-43.000,56.500,ESPN BET,1,29
401635547,2024,2,3,2024-09-14T19:30Z,0,0,221,277,PITT,WVU,38.000,34.000,0,1.500,61.500,105.000,-125.000,1.500,60.500,ESPN BET,1,4
401644734,2024,2,3,2024-09-14T19:30Z,0,0,195,2415,OHIO,MORG,21.000,6.000,0,-24.500,45.500,-3000.000,1300.000,-24.500,46.500,ESPN BET,15,24
401628477,2024,2,3,2024-09-14T20:00Z,0,0,2294,2653,IOWA,TROY,38.000,21.000,0,-23.500,39.500,-2500.000,1200.000,-20.500,39.500,ESPN BET,5,37
401643785,2024,2,3,2024-09-14T20:00Z,0,0,151,2026,ECU,APP,19.000,21.000,0,-0.500,56.500,-105.000,-115.000,2.500,56.500,ESPN BET,151,37
401628351,2024,2,3,2024-09-14T20:15Z,0,0,8,5,ARK,UAB,37.000,27.000,0,,,,,,,,8,151
401636870,2024,2,3,2024-09-14T20:30Z,0,0,328,254,USU,UTAH,21.000,38.000,0,20.500,43.500,900.000,-1600.000,22.000,46.500,ESPN BET,17,4
401635544,2024,2,3,2024-09-14T21:55Z,0,0,2390,2050,MIA,BALL,62.000,0.000,0,,,,,,,,1,15
401629030,2024,2,3,2024-09-14T22:00Z,0,0,150,41,DUKE,CONN,26.000,21.000,0,-17.500,46.500,-700.000,500.000,-16.500,47.500,ESPN BET,1,18
401635545,2024,2,3,2024-09-14T22:00Z,0,0,153,2428,UNC,NCCU,45.000,10.000,0,-37.500,57.500,,,-37.500,55.500,ESPN BET,1,24
401635548,2024,2,3,2024-09-14T22:00Z,0,0,295,259,ODU,VT,17.000,37.000,0,15.500,47.500,550.000,-800.000,13.500,49.500,ESPN BET,37,1
401640990,2024,2,3,2024-09-14T22:00Z,0,1,2335,2638,LIB,UTEP,28.000,10.000,0,-23.500,57.500,-2500.000,1200.000,-22.500,57.500,ESPN BET,12,12
401643787,2024,2,3,2024-09-14T22:00Z,0,0,290,2569,GASO,SCST,42.000,14.000,0,-27.500,52.500,-3500.000,1500.000,-27.500,55.500,ESPN BET,37,24
401644733,2024,2,3,2024-09-14T22:00Z,0,0,2006,2142,AKR,COLG,31.000,20.000,0,-13.500,48.500,-525.000,400.000,-14.500,45.500,ESPN BET,15,27
401645327,2024,2,3,2024-09-14T22:00Z,0,0,2429,2241,CLT,GWEB,27.000,26.000,0,,,,,,,,151,179
401628355,2024,2,3,2024-09-14T22:30Z,0,0,154,145,WAKE,MISS,6.000,40.000,0,20.500,65.500,750.000,-1200.000,23.000,63.500,ESPN BET,1,8
401636364,2024,2,3,2024-09-14T22:30Z,0,0,2711,2065,WMU,BCU,59.000,31.000,0,-33.500,54.500,-20000.000,4000.000,-33.000,51.500,ESPN BET,15,31
401628361,2024,2,3,2024-09-14T23:00Z,0,0,251,2636,TEX,UTSA,56.000,7.000,0,-36.500,56.500,-20000.000,4000.000,-33.500,54.500,ESPN BET,8,151
401628362,2024,2,3,2024-09-14T23:00Z,0,0,2247,238,GAST,VAN,36.000,32.000,0,8.500,45.500,250.000,-300.000,9.500,45.500,ESPN BET,37,8
401640999,2024,2,3,2024-09-14T23:00Z,0,0,2199,55,EMU,JVST,37.000,34.000,1,2.500,53.500,115.000,-135.000,-1.000,48.500,ESPN BET,15,12
401641017,2024,2,3,2024-09-14T23:00Z,0,0,23,338,SJSU,KENN,31.000,10.000,0,-16.500,41.500,-1200.000,750.000,-19.000,44.500,ESPN BET,17,12
401641024,2024,2,3,2024-09-14T23:00Z,0,1,2393,98,MTSU,WKU,21.000,49.000,0,10.500,53.500,210.000,-250.000,8.000,53.500,ESPN BET,12,12
401641040,2024,2,3,2024-09-14T23:00Z,0,0,2534,62,SHSU,HAW,31.000,13.000,0,,,,,,,,12,17
401643789,2024,2,3,2024-09-14T23:00Z,0,0,2572,58,USM,USF,24.000,49.000,0,,,,,,,,37,151
401628352,2024,2,3,2024-09-14T23:30Z,0,0,2,167,AUB,UNM,45.000,19.000,0,-25.500,58.500,-2000.000,1100.000,-28.500,58.500,ESPN BET,8,17
401628354,2024,2,3,2024-09-14T23:30Z,0,1,96,61,UK,UGA,12.000,13.000,0,21.500,44.500,1500.000,-3500.000,21.500,46.500,ESPN BET,8,8
401628356,2024,2,3,2024-09-14T23:30Z,0,0,344,2649,MSST,TOL,17.000,41.000,0,-10.500,56.500,-350.000,280.000,-9.000,57.500,ESPN BET,8,15
401628476,2024,2,3,2024-09-14T23:30Z,0,1,26,84,UCLA,IU,13.000,42.000,0,3.500,46.500,155.000,-185.000,2.500,49.500,ESPN BET,5,5
401628482,2024,2,3,2024-09-14T23:30Z,0,0,158,2460,NEB,UNI,34.000,3.000,0,-30.500,49.500,-5000.000,2000.000,-32.500,47.500,ESPN BET,5,21
401636860,2024,2,3,2024-09-14T23:30Z,0,0,239,2005,BAY,AFA,31.000,3.000,0,-17.500,40.500,-900.000,600.000,-13.000,43.500,ESPN BET,4,17
401636861,2024,2,3,2024-09-14T23:30Z,0,0,36,38,CSU,COLO,9.000,28.000,0,7.500,58.500,250.000,-300.000,7.500,59.500,ESPN BET,17,4
401636866,2024,2,3,2024-09-14T23:30Z,0,1,2628,2116,TCU,UCF,34.000,35.000,0,-2.500,59.500,-125.000,105.000,-0.500,62.500,ESPN BET,4,4
401655632,2024,2,3,2024-09-14T23:30Z,0,0,77,2197,NU,EIU,31.000,7.000,0,-26.500,38.500,,,-24.500,32.500,ESPN BET,5,179
401640980,2024,2,3,2024-09-14T23:42Z,0,0,2226,2229,FAU,FIU,38.000,20.000,0,-3.500,44.500,-155.000,135.000,-6.500,42.500,ESPN BET,151,12
401628360,2024,2,3,2024-09-14T23:45Z,0,0,2633,2309,TENN,KENT,71.000,0.000,0,-49.500,61.500,,,-47.500,62.500,ESPN BET,8,15
401628478,2024,2,3,2024-09-15T00:00Z,0,0,258,120,UVA,MD,13.000,27.000,0,,,,,,,,1,5
401636862,2024,2,3,2024-09-15T00:00Z,0,0,248,242,HOU,RICE,33.000,7.000,0,-3.500,43.500,-150.000,130.000,-5.500,42.500,ESPN BET,4,151
401636871,2024,2,3,2024-09-15T01:00Z,0,0,2751,252,WYO,BYU,14.000,34.000,0,,,,,,,,17,4
401635541,2024,2,3,2024-09-15T02:30Z,0,0,25,21,CAL,SDSU,31.000,10.000,0,-18.500,48.500,-800.000,550.000,-17.500,50.500,ESPN BET,1,17
401641033,2024,2,3,2024-09-15T02:30Z,0,0,278,166,FRES,NMSU,48.000,0.000,0,-19.500,48.500,-1200.000,750.000,-21.000,48.500,ESPN BET,17,12
401643790,2024,2,4,2024-09-19T23:30Z,0,1,2026,6,APP,USA,14.000,48.000,0,,,,,,,,37,37
401634766,2024,2,4,2024-09-20T23:30Z,0,1,183,24,SYR,STAN,24.000,26.000,0,-9.500,56.500,-360.000,290.000,-8.500,58.500,ESPN BET,1,1
401628485,2024,2,4,2024-09-21T00:00Z,0,1,158,356,NEB,ILL,24.000,31.000,1,-9.500,41.500,-375.000,295.000,-8.500,43.500,ESPN BET,5,5
401643714,2024,2,4,2024-09-21T02:00Z,0,0,265,23,WSU,SJSU,54.000,52.000,1,,,,,,,,9,17
401628367,2024,2,4,2024-09-21T16:00Z,0,1,344,57,MSST,FLA,28.000,45.000,0,,,,,,,,8,8
401628486,2024,2,4,2024-09-21T16:00Z,0,0,84,2429,IU,CLT,52.000,14.000,0,-28.500,50.500,-4000.000,1800.000,-27.500,50.500,ESPN BET,5,151
401628488,2024,2,4,2024-09-21T16:00Z,0,0,120,222,MD,VILL,38.000,20.000,0,-22.500,46.500,-2000.000,1100.000,-19.500,43.500,ESPN BET,5,48
401628492,2024,2,4,2024-09-21T16:00Z,0,0,194,276,OSU,MRSH,49.000,14.000,0,-38.500,55.500,,,-39.500,51.500,ESPN BET,5,37
401635552,2024,2,4,2024-09-21T16:00Z,0,1,228,152,CLEM,NCSU,59.000,35.000,0,-17.500,44.500,-900.000,600.000,-16.500,48.500,ESPN BET,1,1
401635556,2024,2,4,2024-09-21T16:00Z,0,0,153,256,UNC,JMU,50.000,70.000,0,-11.500,48.500,-400.000,320.000,-10.500,47.500,ESPN BET,1,37
401636873,2024,2,4,2024-09-21T16:00Z,0,1,2132,248,CIN,HOU,34.000,0.000,0,,,,,,,,4,4
401636879,2024,2,4,2024-09-21T16:00Z,0,1,277,2305,WVU,KU,32.000,28.000,0,-1.500,56.500,-125.000,105.000,-2.500,57.500,ESPN BET,4,4
401643791,2024,2,4,2024-09-21T16:00Z,0,0,309,2655,UL,TULN,33.000,41.000,0,1.500,53.500,100.000,-120.000,3.500,55.500,ESPN BET,37,151
401645328,2024,2,4,2024-09-21T16:00Z,0,1,349,242,ARMY,RICE,37.000,14.000,0,-7.500,42.500,-290.000,240.000,-4.000,41.500,ESPN BET,151,151
401628364,2024,2,4,2024-09-21T16:45Z,0,0,96,195,UK,OHIO,41.000,6.000,0,-21.500,41.500,-1800.000,1000.000,-18.000,42.500,ESPN BET,8,15
401644735,2024,2,4,2024-09-21T17:00Z,0,1,2117,2050,CMU,BALL,37.000,34.000,0,-5.500,49.500,-200.000,170.000,-6.000,53.500,ESPN BET,15,15
401635558,2024,2,4,2024-09-21T18:00Z,0,0,324,258,CCU,UVA,24.000,43.000,0,3.500,52.500,140.000,-165.000,3.000,54.500,ESPN BET,37,1
401636875,2024,2,4,2024-09-21T18:00Z,0,0,66,2032,ISU,ARST,52.000,7.000,0,-18.500,52.500,-1000.000,700.000,-20.500,51.500,ESPN BET,4,37
401643715,2024,2,4,2024-09-21T18:00Z,0,0,218,328,TEM,USU,45.000,29.000,0,6.500,53.500,195.000,-230.000,6.500,52.500,ESPN BET,151,17
401644737,2024,2,4,2024-09-21T18:00Z,0,0,2199,2598,EMU,SFPA,36.000,0.000,0,-25.500,45.500,-3500.000,1500.000,-24.000,42.500,ESPN BET,15,25
401641000,2024,2,4,2024-09-21T19:00Z,0,0,55,2572,JVST,USM,44.000,7.000,0,-6.500,60.500,-200.000,170.000,-6.500,60.500,ESPN BET,12,37
401643713,2024,2,4,2024-09-21T19:00Z,0,0,2440,331,NEV,EWU,49.000,16.000,0,-13.500,54.500,-500.000,380.000,-9.000,55.500,ESPN BET,17,20
401628363,2024,2,4,2024-09-21T19:30Z,0,1,2,8,AUB,ARK,14.000,24.000,0,-2.500,53.500,-130.000,110.000,-3.500,58.500,ESPN BET,8,8
401628365,2024,2,4,2024-09-21T19:30Z,0,0,99,26,LSU,UCLA,34.000,17.000,0,,,,,,,,8,5
401628489,2024,2,4,2024-09-21T19:30Z,0,1,130,30,MICH,USC,27.000,24.000,0,4.500,43.500,150.000,-180.000,6.500,47.500,ESPN BET,5,5
401628493,2024,2,4,2024-09-21T19:30Z,0,0,213,2309,PSU,KENT,56.000,0.000,0,,,,,,,,5,15
401628494,2024,2,4,2024-09-21T19:30Z,0,0,259,164,VT,RUTG,23.000,26.000,0,-3.500,44.500,-155.000,135.000,-4.500,47.500,ESPN BET,1,5
401628979,2024,2,4,2024-09-21T19:30Z,0,0,87,193,ND,M-OH,28.000,3.000,0,-27.500,43.500,-4000.000,1800.000,-26.500,44.500,ESPN BET,18,15
401629042,2024,2,4,2024-09-21T19:30Z,0,0,113,2115,MASS,CCSU,35.000,31.000,0,-19.500,51.500,-1000.000,700.000,-20.000,52.500,ESPN BET,18,25
401634247,2024,2,4,2024-09-21T19:30Z,0,0,221,2754,PITT,YSU,73.000,17.000,0,-29.500,59.500,-5000.000,2000.000,-25.500,62.500,ESPN BET,1,21
401635554,2024,2,4,2024-09-21T19:30Z,0,1,97,59,LOU,GT,31.000,19.000,0,-8.500,55.500,-290.000,240.000,-10.500,57.500,ESPN BET,1,1
401636877,2024,2,4,2024-09-21T19:30Z,0,1,2641,9,TTU,ASU,30.000,22.000,0,-4.500,57.500,-210.000,175.000,-2.500,60.500,ESPN BET,4,4
401644736,2024,2,4,2024-09-21T19:30Z,0,1,2459,2084,NIU,BUFF,20.000,23.000,1,-12.500,42.500,-525.000,400.000,-14.500,44.500,ESPN BET,15,15
401645329,2024,2,4,2024-09-21T19:30Z,0,1,2426,235,NAVY,MEM,56.000,44.000,0,8.500,46.500,290.000,-360.000,11.000,50.500,ESPN BET,151,151
401645330,2024,2,4,2024-09-21T19:30Z,0,0,2636,2277,UTSA,HCU,45.000,7.000,0,-36.500,55.500,-20000.000,4000.000,-35.500,55.500,ESPN BET,151,30
401635553,2024,2,4,2024-09-21T20:00Z,0,0,2393,150,MTSU,DUKE,17.000,45.000,0,14.500,50.500,425.000,-550.000,14.000,54.500,ESPN BET,12,1
401636876,2024,2,4,2024-09-21T20:00Z,0,1,197,254,OKST,UTAH,19.000,22.000,0,0.500,53.500,100.000,-120.000,-2.500,52.500,ESPN BET,4,4
401628368,2024,2,4,2024-09-21T20:15Z,0,1,142,238,MIZ,VAN,30.000,27.000,1,-18.500,52.500,-900.000,600.000,-21.000,52.500,ESPN BET,8,8
401635557,2024,2,4,2024-09-21T21:00Z,0,0,2567,2628,SMU,TCU,66.000,42.000,0,,,,,,,,1,4
401641028,2024,2,4,2024-09-21T21:00Z,0,0,36,2638,CSU,UTEP,27.000,17.000,0,-8.500,48.500,-280.000,230.000,-10.000,50.500,ESPN BET,17,12
401628625,2024,2,4,2024-09-21T22:00Z,0,0,2229,2405,FIU,MONM,42.000,45.000,0,-12.500,59.500,-425.000,340.000,-13.500,58.500,ESPN BET,12,48
401640991,2024,2,4,2024-09-21T22:00Z,0,0,2335,151,LIB,ECU,35.000,24.000,0,-7.500,54.500,-250.000,210.000,-6.500,52.500,ESPN BET,12,151
401628491,2024,2,4,2024-09-21T23:00Z,0,1,264,77,WASH,NU,24.000,5.000,0,,,,,,,,5,5
401629031,2024,2,4,2024-09-21T23:00Z,0,0,41,2226,CONN,FAU,48.000,14.000,0,0.500,45.500,-110.000,-110.000,2.500,46.500,ESPN BET,18,151
401635551,2024,2,4,2024-09-21T23:00Z,0,1,52,25,FSU,CAL,14.000,9.000,0,-2.500,44.500,-145.000,125.000,-2.500,44.500,ESPN BET,1,1
401635555,2024,2,4,2024-09-21T23:00Z,0,0,58,2390,USF,MIA,15.000,50.000,0,15.500,63.500,500.000,-700.000,17.500,65.500,ESPN BET,151,1
401636374,2024,2,4,2024-09-21T23:00Z,0,0,2653,50,TROY,FAMU,34.000,12.000,0,-21.500,48.500,-1600.000,900.000,-22.500,49.500,ESPN BET,37,31
401641008,2024,2,4,2024-09-21T23:00Z,0,0,2348,202,LT,TLSA,20.000,23.000,1,-1.500,55.500,-125.000,105.000,-1.500,57.500,ESPN BET,12,151
401641034,2024,2,4,2024-09-21T23:00Z,0,1,2534,166,SHSU,NMSU,31.000,11.000,0,-14.500,43.500,-650.000,475.000,-12.000,43.500,ESPN BET,12,12
401641037,2024,2,4,2024-09-21T23:00Z,0,0,98,2649,WKU,TOL,26.000,21.000,0,2.500,60.500,100.000,-120.000,-0.500,58.500,ESPN BET,12,15
401643716,2024,2,4,2024-09-21T23:00Z,0,0,249,2751,UNT,WYO,44.000,17.000,0,-7.500,55.500,-270.000,220.000,-9.500,55.500,ESPN BET,151,17
401628369,2024,2,4,2024-09-21T23:30Z,0,1,201,2633,OU,TENN,15.000,25.000,0,5.500,56.500,175.000,-210.000,5.500,58.500,ESPN BET,8,8
401628370,2024,2,4,2024-09-21T23:30Z,0,0,2579,2006,SC,AKR,50.000,7.000,0,-22.500,40.500,-2500.000,1200.000,-27.500,46.500,ESPN BET,8,15
401628372,2024,2,4,2024-09-21T23:30Z,0,0,245,189,TA&M,BGSU,26.000,20.000,0,,,,,,,,8,15
401628487,2024,2,4,2024-09-21T23:30Z,0,1,135,2294,MINN,IOWA,14.000,31.000,0,2.500,34.500,120.000,-140.000,2.500,36.500,ESPN BET,5,5
401628366,2024,2,4,2024-09-21T23:45Z,0,0,145,290,MISS,GASO,52.000,13.000,0,-35.500,68.500,-15000.000,3500.000,-35.500,65.500,ESPN BET,8,37
401628371,2024,2,4,2024-09-22T00:00Z,0,0,251,2433,TEX,ULM,51.000,3.000,0,-41.500,53.500,,,-45.000,52.500,ESPN BET,8,37
401628490,2024,2,4,2024-09-22T00:00Z,0,0,103,127,BC,MSU,23.000,19.000,0,-4.500,45.500,-175.000,150.000,-6.500,46.500,ESPN BET,1,5
401636874,2024,2,4,2024-09-22T00:00Z,0,1,38,239,COLO,BAY,38.000,31.000,1,-2.500,54.500,-130.000,110.000,-1.000,54.500,ESPN BET,4,4
401643711,2024,2,4,2024-09-22T00:30Z,0,1,167,278,UNM,FRES,21.000,38.000,0,11.500,62.500,380.000,-500.000,16.000,61.500,ESPN BET,17,17
401643717,2024,2,4,2024-09-22T00:30Z,0,0,204,2509,ORST,PUR,38.000,21.000,0,-1.500,49.500,-110.000,-110.000,-5.500,50.500,ESPN BET,9,5
401637162,2024,2,4,2024-09-22T01:45Z,0,0,68,2502,BOIS,PRST,56.000,14.000,0,,,,,,,,17,20
401636872,2024,2,4,2024-09-22T02:30Z,0,1,252,2306,BYU,KSU,38.000,9.000,0,7.500,48.500,220.000,-270.000,7.500,47.500,ESPN BET,4,4
401643712,2024,2,4,2024-09-22T03:59Z,0,0,62,2460,HAW,UNI,36.000,7.000,0,-10.500,46.500,-400.000,320.000,-7.500,48.500,ESPN BET,17,21
401645331,2024,2,5,2024-09-26T23:30Z,0,1,218,349,TEM,ARMY,14.000,42.000,0,21.500,52.500,,,13.000,45.500,ESPN BET,151,151
401634767,2024,2,5,2024-09-27T23:30Z,0,1,2390,259,MIA,VT,38.000,34.000,0,-17.500,55.500,-900.000,600.000,-16.500,56.500,ESPN BET,1,1
401628501,2024,2,5,2024-09-28T00:00Z,0,1,164,264,RUTG,WASH,21.000,18.000,0,-1.500,44.500,-120.000,100.000,-2.500,45.500,ESPN BET,5,5
401628377,2024,2,5,2024-09-28T16:00Z,0,1,145,96,MISS,UK,17.000,20.000,0,-15.500,51.500,-700.000,500.000,-17.500,51.500,ESPN BET,8,8
401628496,2024,2,5,2024-09-28T16:00Z,0,1,84,120,IU,MD,42.000,28.000,0,-7.500,48.500,-300.000,250.000,-7.000,55.500,ESPN BET,5,5
401628497,2024,2,5,2024-09-28T16:00Z,0,1,130,135,MICH,MINN,27.000,24.000,0,-10.500,34.500,-425.000,340.000,-10.500,39.500,ESPN BET,5,5
401628499,2024,2,5,2024-09-28T16:00Z,0,1,2509,158,PUR,NEB,10.000,28.000,0,10.500,46.500,300.000,-380.000,9.500,49.500,ESPN BET,5,5
401629032,2024,2,5,2024-09-28T16:00Z,0,0,41,2084,CONN,BUFF,47.000,3.000,0,-5.500,44.500,-195.000,165.000,-3.500,46.500,ESPN BET,18,15
401635560,2024,2,5,2024-09-28T16:00Z,0,0,103,98,BC,WKU,21.000,20.000,0,-7.500,48.500,-275.000,225.000,-11.000,56.500,ESPN BET,1,12
401635564,2024,2,5,2024-09-28T16:00Z,0,0,152,2459,NCSU,NIU,24.000,17.000,0,-7.500,46.500,-270.000,220.000,-7.500,47.500,ESPN BET,1,15
401635565,2024,2,5,2024-09-28T16:00Z,0,0,183,107,SYR,HC,42.000,14.000,0,-31.500,59.500,-7500.000,2500.000,-28.500,56.500,ESPN BET,1,27
401636880,2024,2,5,2024-09-28T16:00Z,0,1,239,252,BAY,BYU,28.000,34.000,0,-3.500,46.500,-145.000,125.000,-2.500,45.500,ESPN BET,4,4
401636883,2024,2,5,2024-09-28T16:00Z,0,1,2306,197,KSU,OKST,42.000,20.000,0,-5.500,58.500,-230.000,195.000,-5.500,54.500,ESPN BET,4,4
401645332,2024,2,5,2024-09-28T16:00Z,0,1,5,2426,UAB,NAVY,18.000,41.000,0,5.500,56.500,160.000,-190.000,2.000,55.500,ESPN BET,151,151
401645337,2024,2,5,2024-09-28T16:00Z,0,1,2655,58,TULN,USF,45.000,10.000,0,-5.500,60.500,-185.000,155.000,-6.500,62.500,ESPN BET,151,151
401643793,2024,2,5,2024-09-28T17:30Z,0,0,256,2050,JMU,BALL,63.000,7.000,0,-20.500,54.500,-1000.000,700.000,-19.000,56.500,ESPN BET,37,15
401641041,2024,2,5,2024-09-28T19:00Z,1,0,2534,326,SHSU,TXST,40.000,39.000,0,10.500,54.500,300.000,-380.000,8.000,55.500,ESPN BET,12,37
401628373,2024,2,5,2024-09-28T19:30Z,1,1,245,8,TA&M,ARK,21.000,17.000,0,-7.500,50.500,-290.000,240.000,-4.500,52.500,ESPN BET,8,8
401628375,2024,2,5,2024-09-28T19:30Z,0,1,2,201,AUB,OU,21.000,27.000,0,-1.500,43.500,-125.000,105.000,3.000,47.500,ESPN BET,8,8
401628502,2024,2,5,2024-09-28T19:30Z,0,1,30,275,USC,WIS,38.000,21.000,0,-13.500,49.500,-450.000,360.000,-14.500,51.500,ESPN BET,5,5
401628980,2024,2,5,2024-09-28T19:30Z,0,0,87,97,ND,LOU,31.000,24.000,0,-6.500,45.500,-225.000,190.000,-6.500,48.500,ESPN BET,18,1
401629043,2024,2,5,2024-09-28T19:30Z,0,0,193,113,M-OH,MASS,23.000,20.000,1,-15.500,43.500,-600.000,450.000,-17.000,47.500,ESPN BET,15,18
401635659,2024,2,5,2024-09-28T19:30Z,0,0,154,309,WAKE,UL,38.000,41.000,0,-2.500,58.500,-145.000,125.000,-2.500,59.500,ESPN BET,1,37
401636882,2024,2,5,2024-09-28T19:30Z,0,1,2305,2628,KU,TCU,27.000,38.000,0,-1.500,59.500,-125.000,105.000,-1.500,59.500,ESPN BET,4,4
401643720,2024,2,5,2024-09-28T19:30Z,0,1,2439,278,UNLV,FRES,59.000,14.000,0,-2.500,49.500,-135.000,115.000,-3.500,52.500,ESPN BET,17,17
401643721,2024,2,5,2024-09-28T19:30Z,0,0,2117,21,CMU,SDSU,22.000,21.000,0,-2.500,48.500,-130.000,110.000,-0.500,55.500,ESPN BET,15,17
401643792,2024,2,5,2024-09-28T19:30Z,0,1,2247,290,GAST,GASO,21.000,38.000,0,-3.500,56.500,-150.000,130.000,-0.500,57.500,ESPN BET,37,37
401643794,2024,2,5,2024-09-28T19:30Z,0,0,276,2711,MRSH,WMU,27.000,20.000,0,-3.500,52.500,-145.000,125.000,-6.000,53.500,ESPN BET,37,15
401644738,2024,2,5,2024-09-28T19:30Z,0,1,195,2006,OHIO,AKR,30.000,10.000,0,-7.500,45.500,-280.000,230.000,-12.000,45.500,ESPN BET,15,15
401644739,2024,2,5,2024-09-28T19:30Z,0,1,2309,2199,KENT,EMU,33.000,52.000,0,13.500,44.500,475.000,-650.000,14.000,48.500,ESPN BET,15,15
401635562,2024,2,5,2024-09-28T20:00Z,0,1,150,153,DUKE,UNC,21.000,20.000,0,1.500,54.500,-105.000,-115.000,-3.000,55.500,ESPN BET,1,1
401645334,2024,2,5,2024-09-28T20:00Z,0,1,151,2636,ECU,UTSA,30.000,20.000,0,-1.500,52.500,-125.000,105.000,-3.500,53.500,ESPN BET,151,151
401628378,2024,2,5,2024-09-28T20:15Z,0,1,251,344,TEX,MSST,35.000,13.000,0,-38.500,58.500,,,-38.000,61.500,ESPN BET,8,8
401636885,2024,2,5,2024-09-28T20:20Z,0,1,2116,38,UCF,COLO,21.000,48.000,0,-12.500,59.500,-450.000,360.000,-12.000,63.500,ESPN BET,4,4
401643795,2024,2,5,2024-09-28T21:00Z,0,0,189,295,BGSU,ODU,27.000,30.000,0,-11.500,51.500,-360.000,290.000,-9.500,49.500,ESPN BET,15,37
401640981,2024,2,5,2024-09-28T22:00Z,0,1,2229,2348,FIU,LT,17.000,10.000,0,2.000,49.500,110.000,-130.000,2.000,51.500,ESPN BET,12,12
401641018,2024,2,5,2024-09-28T22:00Z,0,0,338,2630,KENN,UTM,13.000,24.000,0,1.500,45.500,,,-1.500,45.500,ESPN BET,12,179
401645335,2024,2,5,2024-09-28T22:00Z,0,0,2226,2681,FAU,WAG,41.000,10.000,0,-34.500,52.500,-15000.000,3500.000,-29.500,48.500,ESPN BET,151,25
401635561,2024,2,5,2024-09-28T23:00Z,0,1,228,24,CLEM,STAN,40.000,14.000,0,-23.500,57.500,-1400.000,800.000,-22.000,57.500,ESPN BET,1,1
401636881,2024,2,5,2024-09-28T23:00Z,0,1,248,66,HOU,ISU,0.000,20.000,0,16.500,42.500,500.000,-700.000,13.000,43.500,ESPN BET,4,4
401643796,2024,2,5,2024-09-28T23:00Z,0,1,2653,2433,TROY,ULM,9.000,13.000,0,-6.500,44.500,-225.000,190.000,-8.500,45.500,ESPN BET,37,37
401645333,2024,2,5,2024-09-28T23:00Z,0,1,242,2429,RICE,CLT,20.000,21.000,0,-4.500,47.500,-185.000,155.000,-6.000,46.500,ESPN BET,151,151
401645336,2024,2,5,2024-09-28T23:00Z,0,1,249,202,UNT,TLSA,52.000,20.000,0,-7.500,65.500,-250.000,210.000,-7.000,68.500,ESPN BET,151,151
401628374,2024,2,5,2024-09-28T23:30Z,0,1,333,61,ALA,UGA,41.000,34.000,0,4.500,53.500,105.000,-125.000,4.500,53.500,consensus,8,8
401628495,2024,2,5,2024-09-28T23:30Z,0,1,213,356,PSU,ILL,21.000,7.000,0,-19.500,48.500,-900.000,600.000,-17.500,47.500,ESPN BET,5,5
401628498,2024,2,5,2024-09-28T23:30Z,0,1,127,194,MSU,OSU,7.000,38.000,0,23.500,47.500,1300.000,-3000.000,24.000,50.500,ESPN BET,5,5
401641025,2024,2,5,2024-09-28T23:30Z,0,0,235,2393,MEM,MTSU,24.000,7.000,0,-27.500,60.500,-3000.000,1300.000,-24.500,61.500,ESPN BET,151,12
401628376,2024,2,5,2024-09-28T23:45Z,0,0,99,6,LSU,USA,42.000,10.000,0,-20.500,64.500,-1800.000,1000.000,-20.500,65.500,ESPN BET,8,37
401635563,2024,2,5,2024-09-29T00:00Z,0,1,2567,52,SMU,FSU,42.000,16.000,0,-5.500,46.500,-195.000,165.000,-4.500,47.500,ESPN BET,1,1
401636884,2024,2,5,2024-09-29T00:00Z,0,1,2641,2132,TTU,CIN,44.000,41.000,0,-3.500,59.500,-165.000,140.000,-4.000,58.500,ESPN BET,4,4
401641035,2024,2,5,2024-09-29T00:00Z,0,0,166,167,NMSU,UNM,40.000,50.000,0,8.500,53.500,260.000,-320.000,7.000,58.500,ESPN BET,12,17
401643718,2024,2,5,2024-09-29T00:00Z,0,1,2751,2005,WYO,AFA,31.000,19.000,0,4.500,33.500,150.000,-175.000,2.500,36.500,ESPN BET,17,17
401643719,2024,2,5,2024-09-29T02:00Z,0,0,68,265,BOIS,WSU,45.000,24.000,0,-6.500,65.500,-240.000,200.000,-7.000,64.500,ESPN BET,17,9
401636886,2024,2,5,2024-09-29T02:15Z,0,1,254,12,UTAH,ARIZ,10.000,23.000,0,-7.500,46.500,-275.000,225.000,-11.500,51.500,ESPN BET,4,4
401628500,2024,2,5,2024-09-29T03:00Z,0,1,26,2483,UCLA,ORE,13.000,34.000,0,23.500,52.500,1000.000,-1800.000,24.000,55.500,ESPN BET,5,5
401643797,2024,2,6,2024-10-03T23:00Z,0,1,2653,326,TROY,TXST,17.000,38.000,0,14.500,55.500,450.000,-600.000,14.500,57.500,ESPN BET,37,37
401641029,2024,2,6,2024-10-04T01:00Z,0,1,2638,2534,UTEP,SHSU,21.000,41.000,0,9.500,49.500,280.000,-350.000,11.000,49.500,ESPN BET,12,12
401641001,2024,2,6,2024-10-04T23:00Z,0,1,338,55,KENN,JVST,24.000,63.000,0,17.500,49.500,500.000,-700.000,14.000,48.500,ESPN BET,12,12
401636891,2024,2,6,2024-10-04T23:30Z,0,1,2628,248,TCU,HOU,19.000,30.000,0,-16.500,51.500,-700.000,500.000,-17.500,49.500,ESPN BET,4,4
401628506,2024,2,6,2024-10-05T01:00Z,0,1,2483,127,ORE,MSU,31.000,10.000,0,-21.500,52.500,-1400.000,800.000,-24.500,52.500,ESPN BET,5,5
401634779,2024,2,6,2024-10-05T01:00Z,0,0,2439,183,UNLV,SYR,41.000,44.000,1,-5.500,54.500,-200.000,170.000,-4.500,57.500,ESPN BET,17,1
401628383,2024,2,6,2024-10-05T16:00Z,0,1,245,142,TA&M,MIZ,41.000,10.000,0,-2.500,46.500,-135.000,115.000,-2.000,49.500,ESPN BET,8,8
401628509,2024,2,6,2024-10-05T16:00Z,0,1,275,2509,WIS,PUR,52.000,6.000,0,-11.500,45.500,-360.000,290.000,-13.500,46.500,ESPN BET,5,5
401628510,2024,2,6,2024-10-05T16:00Z,0,1,213,26,PSU,UCLA,27.000,11.000,0,-29.500,47.500,-4000.000,1800.000,-27.500,45.500,ESPN BET,5,5
401629044,2024,2,6,2024-10-05T16:00Z,0,0,2459,113,NIU,MASS,34.000,20.000,0,-13.500,40.500,-500.000,380.000,-17.000,46.500,ESPN BET,15,18
401635567,2024,2,6,2024-10-05T16:00Z,0,1,258,103,UVA,BC,24.000,14.000,0,-1.500,53.500,-125.000,105.000,-2.500,51.500,ESPN BET,1,1
401635571,2024,2,6,2024-10-05T16:00Z,0,1,97,2567,LOU,SMU,27.000,34.000,0,-6.500,55.500,-225.000,190.000,-7.000,58.500,ESPN BET,1,1
401635572,2024,2,6,2024-10-05T16:00Z,0,1,153,221,UNC,PITT,24.000,34.000,0,2.500,61.500,120.000,-140.000,2.500,64.500,ESPN BET,1,1
401635638,2024,2,6,2024-10-05T16:00Z,0,1,152,154,NCSU,WAKE,30.000,34.000,0,-4.500,52.500,-155.000,135.000,-6.000,55.500,ESPN BET,1,1
401643722,2024,2,6,2024-10-05T16:00Z,0,0,2005,2426,AFA,NAVY,7.000,34.000,0,9.500,37.500,300.000,-380.000,9.500,36.500,ESPN BET,17,151
401645339,2024,2,6,2024-10-05T16:00Z,0,1,202,349,TLSA,ARMY,7.000,49.000,0,13.500,50.500,380.000,-500.000,11.000,51.500,ESPN BET,151,151
401645338,2024,2,6,2024-10-05T17:00Z,0,1,5,2655,UAB,TULN,20.000,71.000,0,18.500,51.500,700.000,-1000.000,14.500,55.500,ESPN BET,151,151
401644741,2024,2,6,2024-10-05T18:00Z,0,1,2050,2711,BALL,WMU,42.000,45.000,0,10.500,57.500,280.000,-350.000,8.500,56.500,ESPN BET,15,15
401628381,2024,2,6,2024-10-05T19:30Z,0,1,61,2,UGA,AUB,31.000,13.000,0,-21.500,49.500,-1600.000,900.000,-27.000,49.500,ESPN BET,8,8
401628382,2024,2,6,2024-10-05T19:30Z,0,1,2579,145,SC,MISS,3.000,27.000,0,10.500,51.500,270.000,-340.000,10.000,51.500,ESPN BET,8,8
401628503,2024,2,6,2024-10-05T19:30Z,0,1,77,84,NU,IU,24.000,41.000,0,12.500,38.500,360.000,-450.000,13.000,43.500,ESPN BET,5,5
401628504,2024,2,6,2024-10-05T19:30Z,0,1,194,2294,OSU,IOWA,35.000,7.000,0,-17.500,45.500,-1000.000,700.000,-23.500,42.500,ESPN BET,5,5
401629033,2024,2,6,2024-10-05T19:30Z,0,0,41,218,CONN,TEM,29.000,20.000,0,-17.500,48.500,-700.000,500.000,-13.500,50.500,ESPN BET,18,151
401635573,2024,2,6,2024-10-05T19:30Z,0,1,24,259,STAN,VT,7.000,31.000,0,9.500,49.500,260.000,-320.000,6.500,53.500,ESPN BET,1,1
401643799,2024,2,6,2024-10-05T19:30Z,0,1,276,2026,MRSH,APP,52.000,37.000,0,-3.500,56.500,-150.000,130.000,-2.000,58.500,ESPN BET,37,37
401644684,2024,2,6,2024-10-05T19:30Z,0,1,2649,193,TOL,M-OH,30.000,20.000,0,-5.500,43.500,-190.000,160.000,-6.500,43.500,ESPN BET,15,15
401644740,2024,2,6,2024-10-05T19:30Z,0,1,2006,189,AKR,BGSU,20.000,27.000,0,16.500,48.500,475.000,-650.000,15.000,51.500,ESPN BET,15,15
401645340,2024,2,6,2024-10-05T19:30Z,0,1,2429,151,CLT,ECU,55.000,24.000,0,8.500,47.500,250.000,-300.000,8.000,46.500,ESPN BET,151,151
401628508,2024,2,6,2024-10-05T20:00Z,0,1,158,164,NEB,RUTG,14.000,7.000,0,-5.500,40.500,-230.000,195.000,-6.500,43.500,ESPN BET,5,5
401636890,2024,2,6,2024-10-05T20:00Z,0,1,197,277,OKST,WVU,14.000,38.000,0,-2.500,64.500,-140.000,120.000,-6.500,65.500,ESPN BET,4,4
401628384,2024,2,6,2024-10-05T20:15Z,0,1,238,333,VAN,ALA,40.000,35.000,0,22.500,53.500,1000.000,-1800.000,24.500,55.500,ESPN BET,8,8
401643724,2024,2,6,2024-10-05T22:30Z,0,0,204,36,ORST,CSU,39.000,31.000,1,-10.500,47.500,-350.000,280.000,-14.000,48.500,ESPN BET,9,17
401635569,2024,2,6,2024-10-05T23:00Z,0,1,52,228,FSU,CLEM,13.000,29.000,0,-3.000,48.500,-143.000,118.000,-3.000,48.500,consensus,1,1
401643723,2024,2,6,2024-10-05T23:00Z,0,1,68,328,BOIS,USU,62.000,30.000,0,-27.500,66.500,-3500.000,1500.000,-28.000,65.500,ESPN BET,17,17
401643798,2024,2,6,2024-10-05T23:00Z,0,1,324,295,CCU,ODU,45.000,37.000,0,-4.500,51.500,-170.000,145.000,-5.500,55.500,ESPN BET,37,37
401643800,2024,2,6,2024-10-05T23:00Z,0,1,2032,6,ARST,USA,18.000,16.000,0,2.500,62.500,120.000,-140.000,4.500,62.500,ESPN BET,37,37
401643801,2024,2,6,2024-10-05T23:00Z,0,1,2433,256,ULM,JMU,21.000,19.000,0,16.500,47.500,500.000,-700.000,15.000,48.500,ESPN BET,37,37
401643802,2024,2,6,2024-10-05T23:00Z,0,1,2572,309,USM,UL,13.000,23.000,0,16.500,56.500,550.000,-800.000,15.500,57.500,ESPN BET,37,37
401628379,2024,2,6,2024-10-05T23:30Z,0,1,8,2633,ARK,TENN,19.000,14.000,0,14.500,57.500,400.000,-525.000,13.500,60.500,ESPN BET,8,8
401628505,2024,2,6,2024-10-05T23:30Z,0,1,264,130,WASH,MICH,27.000,17.000,0,-1.500,39.500,-125.000,105.000,-2.000,41.500,ESPN BET,5,5
401628507,2024,2,6,2024-10-05T23:30Z,0,1,135,30,MINN,USC,24.000,17.000,0,9.500,44.500,250.000,-300.000,9.500,51.500,ESPN BET,5,5
401636889,2024,2,6,2024-10-05T23:30Z,0,1,66,239,ISU,BAY,43.000,21.000,0,-12.500,45.500,-450.000,360.000,-12.500,46.500,ESPN BET,4,4
401643726,2024,2,6,2024-10-05T23:30Z,0,1,23,2440,SJSU,NEV,35.000,31.000,0,-7.500,51.500,-240.000,200.000,-7.500,47.500,ESPN BET,17,17
401628380,2024,2,6,2024-10-05T23:45Z,0,0,57,2116,FLA,UCF,24.000,13.000,0,1.500,60.500,100.000,-120.000,-1.000,59.500,ESPN BET,8,4
401635570,2024,2,6,2024-10-06T00:00Z,0,1,59,150,GT,DUKE,24.000,14.000,0,,51.500,-280.000,230.000,,54.500,ESPN BET,1,1
401636888,2024,2,6,2024-10-06T00:00Z,0,1,9,2305,ASU,KU,35.000,31.000,0,-2.500,48.500,-135.000,115.000,-3.000,51.500,ESPN BET,4,4
401643725,2024,2,6,2024-10-06T00:00Z,0,1,21,62,SDSU,HAW,27.000,24.000,0,-1.500,48.500,-120.000,100.000,-2.500,46.500,ESPN BET,17,17
401635568,2024,2,6,2024-10-06T02:30Z,0,1,25,2390,CAL,MIA,38.000,39.000,0,8.500,53.500,290.000,-360.000,13.500,55.500,ESPN BET,1,1
401636887,2024,2,6,2024-10-06T03:00Z,0,1,12,2641,ARIZ,TTU,22.000,28.000,0,-5.500,62.500,-200.000,170.000,-4.000,62.500,ESPN BET,4,4
401640982,2024,2,7,2024-10-08T23:00Z,0,1,2335,2229,LIB,FIU,31.000,24.000,1,-15.500,55.500,-900.000,600.000,-20.000,53.500,ESPN BET,12,12
401641002,2024,2,7,2024-10-09T23:30Z,0,1,55,166,JVST,NMSU,54.000,13.000,0,-21.500,58.500,-1600.000,900.000,-21.000,57.500,ESPN BET,12,12
401643803,2024,2,7,2024-10-10T23:30Z,0,1,256,324,JMU,CCU,39.000,7.000,0,-6.500,58.500,-250.000,210.000,-10.000,58.500,ESPN BET,37,37
401641009,2024,2,7,2024-10-11T00:00Z,0,1,2348,2393,LT,MTSU,48.000,21.000,0,-4.500,47.500,-195.000,165.000,-4.000,48.500,ESPN BET,12,12
401641030,2024,2,7,2024-10-11T00:00Z,0,1,98,2638,WKU,UTEP,44.000,17.000,0,-18.500,54.500,-1400.000,800.000,-20.500,56.500,ESPN BET,12,12
401628513,2024,2,7,2024-10-12T00:00Z,0,1,120,77,MD,NU,10.000,37.000,0,-10.500,44.500,-360.000,290.000,-10.000,45.500,ESPN BET,5,5
401643733,2024,2,7,2024-10-12T01:00Z,0,1,328,2439,USU,UNLV,34.000,50.000,0,18.500,66.500,600.000,-900.000,18.000,64.500,ESPN BET,17,17
401636892,2024,2,7,2024-10-12T02:30Z,0,1,9,254,ASU,UTAH,27.000,19.000,0,5.500,46.500,170.000,-200.000,3.000,45.500,ESPN BET,4,4
401628385,2024,2,7,2024-10-12T16:00Z,0,1,333,2579,ALA,SC,27.000,25.000,0,-19.500,49.500,-1400.000,800.000,-22.500,50.500,ESPN BET,8,8
401628389,2024,2,7,2024-10-12T16:00Z,0,0,113,142,MASS,MIZ,3.000,45.000,0,27.500,53.500,1500.000,-3500.000,27.500,53.500,ESPN BET,18,8
401628512,2024,2,7,2024-10-12T16:00Z,0,1,2294,264,IOWA,WASH,40.000,16.000,0,-2.500,41.500,-150.000,130.000,-2.500,40.500,ESPN BET,5,5
401628517,2024,2,7,2024-10-12T16:00Z,0,1,164,275,RUTG,WIS,7.000,42.000,0,-1.500,43.500,-120.000,100.000,-2.500,39.500,ESPN BET,5,5
401635576,2024,2,7,2024-10-12T16:00Z,0,1,154,228,WAKE,CLEM,14.000,49.000,0,21.500,63.500,750.000,-1200.000,20.500,60.500,ESPN BET,1,1
401635577,2024,2,7,2024-10-12T16:00Z,0,1,153,59,UNC,GT,34.000,41.000,0,3.500,60.500,150.000,-175.000,6.000,57.500,ESPN BET,1,1
401644743,2024,2,7,2024-10-12T16:00Z,0,1,2309,2050,KENT,BALL,35.000,37.000,0,3.500,58.500,120.000,-140.000,6.500,57.500,ESPN BET,15,15
401644745,2024,2,7,2024-10-12T16:00Z,0,1,2084,2649,BUFF,TOL,30.000,15.000,0,10.500,44.500,290.000,-360.000,9.000,45.500,ESPN BET,15,15
401645342,2024,2,7,2024-10-12T16:00Z,0,1,349,5,ARMY,UAB,44.000,10.000,0,-25.500,55.500,-4000.000,1800.000,-24.500,55.500,ESPN BET,151,151
401644685,2024,2,7,2024-10-12T18:00Z,0,1,2199,193,EMU,M-OH,14.000,38.000,0,2.500,46.500,125.000,-145.000,3.000,45.500,ESPN BET,15,15
401628390,2024,2,7,2024-10-12T19:30Z,1,1,201,251,OU,TEX,3.000,34.000,0,16.500,48.500,500.000,-700.000,14.500,54.500,ESPN BET,8,8
401628511,2024,2,7,2024-10-12T19:30Z,0,1,356,2509,ILL,PUR,50.000,49.000,1,-21.500,46.500,-1600.000,900.000,-20.000,49.500,ESPN BET,5,5
401628516,2024,2,7,2024-10-12T19:30Z,0,1,30,213,USC,PSU,30.000,33.000,1,3.500,51.500,150.000,-175.000,4.000,48.500,ESPN BET,5,5
401628981,2024,2,7,2024-10-12T19:30Z,0,0,87,24,ND,STAN,49.000,7.000,0,-22.500,45.500,-2000.000,1100.000,-23.500,46.500,ESPN BET,18,1
401635575,2024,2,7,2024-10-12T19:30Z,0,1,221,25,PITT,CAL,17.000,15.000,0,-3.500,56.500,-165.000,140.000,-3.500,59.500,ESPN BET,1,1
401635578,2024,2,7,2024-10-12T19:30Z,0,1,258,97,UVA,LOU,20.000,24.000,0,7.500,52.500,220.000,-270.000,7.000,57.500,ESPN BET,1,1
401636895,2024,2,7,2024-10-12T19:30Z,0,1,2116,2132,UCF,CIN,13.000,19.000,0,-2.500,57.500,-140.000,120.000,-3.500,59.500,ESPN BET,4,4
401643729,2024,2,7,2024-10-12T19:30Z,0,1,36,23,CSU,SJSU,31.000,24.000,0,-2.500,54.500,-130.000,110.000,2.000,55.500,ESPN BET,17,17
401643732,2024,2,7,2024-10-12T19:30Z,0,1,2751,21,WYO,SDSU,24.000,27.000,0,-1.500,41.500,-120.000,100.000,-0.500,42.500,ESPN BET,17,17
401643805,2024,2,7,2024-10-12T19:30Z,0,1,2247,295,GAST,ODU,14.000,21.000,0,-2.500,53.500,-140.000,120.000,-1.500,54.500,ESPN BET,37,37
401644742,2024,2,7,2024-10-12T19:30Z,0,1,2711,2006,WMU,AKR,34.000,24.000,0,-9.500,48.500,-340.000,270.000,-9.500,53.500,ESPN BET,15,15
401644744,2024,2,7,2024-10-12T19:30Z,0,1,189,2459,BGSU,NIU,7.000,17.000,0,-3.500,46.500,-150.000,130.000,-2.000,47.500,ESPN BET,15,15
401645341,2024,2,7,2024-10-12T19:30Z,0,1,58,235,USF,MEM,3.000,21.000,0,10.500,58.500,290.000,-360.000,6.000,60.500,ESPN BET,151,151
401636893,2024,2,7,2024-10-12T20:00Z,0,1,252,12,BYU,ARIZ,41.000,19.000,0,-2.500,48.500,-135.000,115.000,-3.500,50.500,ESPN BET,4,4
401644746,2024,2,7,2024-10-12T20:00Z,0,1,2117,195,CMU,OHIO,25.000,27.000,0,2.500,49.500,120.000,-140.000,2.500,47.500,ESPN BET,15,15
401628386,2024,2,7,2024-10-12T20:15Z,0,1,61,344,UGA,MSST,41.000,31.000,0,-34.500,54.500,-15000.000,3500.000,-34.000,53.500,ESPN BET,8,8
401643807,2024,2,7,2024-10-12T21:00Z,0,1,2433,2572,ULM,USM,38.000,21.000,0,-4.500,41.500,-175.000,150.000,-6.000,41.500,ESPN BET,37,37
401628391,2024,2,7,2024-10-12T23:00Z,0,1,2633,57,TENN,FLA,23.000,17.000,1,-13.500,54.500,-525.000,400.000,-16.500,54.500,ESPN BET,8,8
401643727,2024,2,7,2024-10-12T23:00Z,0,1,167,2005,UNM,AFA,52.000,37.000,0,-6.500,54.500,-270.000,220.000,-3.500,54.500,ESPN BET,17,17
401643730,2024,2,7,2024-10-12T23:00Z,0,0,278,265,FRES,WSU,17.000,25.000,0,3.500,60.500,145.000,-170.000,3.500,61.500,ESPN BET,17,9
401643808,2024,2,7,2024-10-12T23:00Z,0,1,326,2032,TXST,ARST,41.000,9.000,0,-13.500,66.500,-550.000,425.000,-14.500,63.500,ESPN BET,37,37
401645343,2024,2,7,2024-10-12T23:00Z,0,1,2226,249,FAU,UNT,37.000,41.000,0,5.500,58.500,165.000,-195.000,7.000,59.500,ESPN BET,151,151
401645344,2024,2,7,2024-10-12T23:00Z,0,1,242,2636,RICE,UTSA,29.000,27.000,0,3.500,51.500,150.000,-175.000,4.000,47.500,ESPN BET,151,151
401628388,2024,2,7,2024-10-12T23:30Z,0,1,99,145,LSU,MISS,29.000,26.000,1,3.500,64.500,140.000,-165.000,3.500,64.500,ESPN BET,8,8
401628515,2024,2,7,2024-10-12T23:30Z,0,1,2483,194,ORE,OSU,32.000,31.000,0,3.500,54.500,140.000,-165.000,3.500,55.500,ESPN BET,5,5
401643731,2024,2,7,2024-10-12T23:30Z,0,0,2440,204,NEV,ORST,42.000,37.000,0,2.500,45.500,115.000,-135.000,3.500,48.500,ESPN BET,17,9
401643806,2024,2,7,2024-10-12T23:30Z,0,1,309,2026,UL,APP,34.000,24.000,0,-10.500,63.500,-350.000,280.000,-10.500,64.500,ESPN BET,37,37
401628387,2024,2,7,2024-10-12T23:55Z,0,1,96,238,UK,VAN,13.000,20.000,0,-12.500,43.500,-500.000,380.000,-13.500,45.500,ESPN BET,8,8
401635574,2024,2,7,2024-10-13T00:00Z,0,1,152,183,NCSU,SYR,17.000,24.000,0,1.500,51.500,100.000,-120.000,4.000,54.500,ESPN BET,1,1
401636896,2024,2,7,2024-10-13T00:00Z,0,1,277,66,WVU,ISU,16.000,28.000,0,3.000,53.500,135.000,-155.000,3.000,51.500,ESPN BET,4,4
401643804,2024,2,7,2024-10-13T00:00Z,0,1,290,276,GASO,MRSH,24.000,23.000,0,-1.500,57.500,-110.000,-110.000,2.500,61.500,ESPN BET,37,37
401628514,2024,2,7,2024-10-13T01:00Z,0,1,26,135,UCLA,MINN,17.000,21.000,0,3.500,39.500,150.000,-175.000,5.000,40.500,ESPN BET,5,5
401636894,2024,2,7,2024-10-13T02:25Z,0,1,38,2306,COLO,KSU,28.000,31.000,0,3.500,54.500,130.000,-150.000,3.500,49.500,ESPN BET,4,4
401643728,2024,2,7,2024-10-13T03:00Z,0,1,62,68,HAW,BOIS,7.000,28.000,0,20.500,60.500,750.000,-1200.000,21.500,61.500,ESPN BET,17,17
401643809,2024,2,8,2024-10-15T23:30Z,0,1,6,2653,USA,TROY,25.000,9.000,0,-8.500,51.500,-360.000,290.000,-11.500,56.500,ESPN BET,37,37
401641019,2024,2,8,2024-10-16T00:00Z,0,1,2393,338,MTSU,KENN,14.000,5.000,0,-10.500,50.500,-350.000,280.000,-10.000,50.500,ESPN BET,12,12
401641010,2024,2,8,2024-10-16T01:00Z,0,1,166,2348,NMSU,LT,33.000,30.000,1,12.500,48.500,360.000,-450.000,12.000,47.500,ESPN BET,12,12
401641038,2024,2,8,2024-10-16T23:00Z,0,1,2534,98,SHSU,WKU,14.000,31.000,0,-1.500,55.500,-115.000,-105.000,-2.500,54.500,ESPN BET,12,12
401640983,2024,2,8,2024-10-17T01:00Z,0,1,2638,2229,UTEP,FIU,30.000,21.000,0,6.500,47.500,210.000,-250.000,6.000,50.500,ESPN BET,12,12
401643810,2024,2,8,2024-10-17T23:00Z,0,1,276,2247,MRSH,GAST,35.000,20.000,0,-8.500,50.500,-360.000,290.000,-9.500,53.500,ESPN BET,37,37
401634768,2024,2,8,2024-10-17T23:30Z,0,1,259,103,VT,BC,42.000,21.000,0,-8.500,46.500,-320.000,260.000,-7.000,50.500,ESPN BET,1,1
401634769,2024,2,8,2024-10-18T23:00Z,0,1,150,52,DUKE,FSU,23.000,16.000,0,-2.500,41.500,-140.000,120.000,-3.000,42.500,ESPN BET,1,1
401628523,2024,2,8,2024-10-19T00:00Z,0,1,2509,2483,PUR,ORE,0.000,35.000,0,29.500,60.500,1800.000,-4000.000,28.500,58.500,ESPN BET,5,5
401636898,2024,2,8,2024-10-19T02:15Z,0,1,252,197,BYU,OKST,38.000,35.000,0,-7.500,52.500,-320.000,260.000,-8.500,55.500,ESPN BET,4,4
401643735,2024,2,8,2024-10-19T02:30Z,0,1,2440,278,NEV,FRES,21.000,24.000,0,2.500,49.500,130.000,-150.000,3.000,51.500,ESPN BET,17,17
401628395,2024,2,8,2024-10-19T16:00Z,0,1,142,2,MIZ,AUB,21.000,17.000,0,-4.500,49.500,-165.000,140.000,-7.000,51.500,ESPN BET,8,8
401628519,2024,2,8,2024-10-19T16:00Z,0,1,84,158,IU,NEB,56.000,7.000,0,-6.500,47.500,-225.000,190.000,-5.000,51.500,ESPN BET,5,5
401628522,2024,2,8,2024-10-19T16:00Z,0,1,77,275,NU,WIS,3.000,23.000,0,9.500,42.500,260.000,-320.000,7.000,40.500,ESPN BET,5,5
401628524,2024,2,8,2024-10-19T16:00Z,0,1,164,26,RUTG,UCLA,32.000,35.000,0,-4.500,42.500,-175.000,150.000,-6.500,40.500,ESPN BET,5,5
401629034,2024,2,8,2024-10-19T16:00Z,0,0,41,154,CONN,WAKE,20.000,23.000,0,2.500,56.500,120.000,-140.000,-1.000,57.500,ESPN BET,18,1
401635588,2024,2,8,2024-10-19T16:00Z,0,1,228,258,CLEM,UVA,48.000,31.000,0,-20.500,56.500,-1200.000,750.000,-22.500,57.500,ESPN BET,1,1
401635589,2024,2,8,2024-10-19T16:00Z,0,1,97,2390,LOU,MIA,45.000,52.000,0,4.500,60.500,160.000,-190.000,4.500,61.500,ESPN BET,1,1
401636899,2024,2,8,2024-10-19T16:00Z,0,1,2132,9,CIN,ASU,24.000,14.000,0,-4.500,50.500,-210.000,175.000,-2.500,53.500,ESPN BET,4,4
401643811,2024,2,8,2024-10-19T16:00Z,0,1,324,309,CCU,UL,24.000,34.000,0,6.500,56.500,175.000,-210.000,3.500,55.500,ESPN BET,37,37
401645346,2024,2,8,2024-10-19T16:00Z,0,1,349,151,ARMY,ECU,45.000,28.000,0,-18.500,54.500,-700.000,500.000,-17.000,51.500,ESPN BET,151,151
401628396,2024,2,8,2024-10-19T16:45Z,0,1,201,2579,OU,SC,9.000,35.000,0,2.500,40.500,100.000,-120.000,-3.500,41.500,ESPN BET,8,8
401644750,2024,2,8,2024-10-19T18:00Z,0,1,2199,2117,EMU,CMU,38.000,34.000,0,-3.500,52.500,-155.000,135.000,-2.000,54.500,ESPN BET,15,15
401645351,2024,2,8,2024-10-19T18:00Z,0,1,218,202,TEM,TLSA,20.000,10.000,0,-2.500,51.500,-140.000,120.000,-1.500,52.500,ESPN BET,151,151
401628397,2024,2,8,2024-10-19T19:30Z,0,1,2633,333,TENN,ALA,24.000,17.000,0,3.500,57.500,140.000,-165.000,3.000,55.500,ESPN BET,8,8
401628518,2024,2,8,2024-10-19T19:30Z,0,1,356,130,ILL,MICH,21.000,7.000,0,5.500,44.500,165.000,-195.000,1.000,42.500,ESPN BET,5,5
401628982,2024,2,8,2024-10-19T19:30Z,1,0,59,87,GT,ND,13.000,31.000,0,14.500,49.500,450.000,-600.000,8.500,50.500,ESPN BET,1,18
401635587,2024,2,8,2024-10-19T19:30Z,0,1,25,152,CAL,NCSU,23.000,24.000,0,-9.500,45.500,-360.000,290.000,-10.500,46.500,ESPN BET,1,1
401636901,2024,2,8,2024-10-19T19:30Z,0,1,2305,248,KU,HOU,42.000,14.000,0,-5.500,45.500,-200.000,170.000,-6.500,46.500,ESPN BET,4,4
401643736,2024,2,8,2024-10-19T19:30Z,0,0,265,62,WSU,HAW,42.000,10.000,0,-18.500,54.500,-1000.000,700.000,-20.000,55.500,ESPN BET,9,17
401643813,2024,2,8,2024-10-19T19:30Z,0,1,295,326,ODU,TXST,24.000,14.000,0,10.500,59.500,280.000,-350.000,10.500,61.500,ESPN BET,37,37
401644686,2024,2,8,2024-10-19T19:30Z,0,1,193,195,M-OH,OHIO,30.000,20.000,0,-3.500,42.500,-145.000,125.000,-3.500,43.500,ESPN BET,15,15
401644748,2024,2,8,2024-10-19T19:30Z,0,1,189,2309,BGSU,KENT,27.000,6.000,0,-23.500,54.500,-2000.000,1100.000,-21.000,57.500,ESPN BET,15,15
401644749,2024,2,8,2024-10-19T19:30Z,0,1,2084,2711,BUFF,WMU,41.000,48.000,0,1.500,48.500,105.000,-125.000,-0.500,49.500,ESPN BET,15,15
401644751,2024,2,8,2024-10-19T19:30Z,0,1,2459,2649,NIU,TOL,6.000,13.000,0,-3.500,42.500,-150.000,130.000,-1.500,45.500,ESPN BET,15,15
401645345,2024,2,8,2024-10-19T19:30Z,0,1,58,5,USF,UAB,35.000,25.000,0,-14.500,56.500,-525.000,400.000,-14.000,57.500,ESPN BET,151,151
401645347,2024,2,8,2024-10-19T19:30Z,0,1,2426,2429,NAVY,CLT,51.000,17.000,0,-16.500,57.500,-900.000,600.000,-18.000,56.500,ESPN BET,151,151
401645348,2024,2,8,2024-10-19T19:30Z,0,1,2636,2226,UTSA,FAU,38.000,24.000,0,-4.500,51.500,-185.000,155.000,-4.000,55.500,ESPN BET,151,151
401645350,2024,2,8,2024-10-19T19:30Z,0,1,2655,242,TULN,RICE,24.000,10.000,0,-22.500,52.500,-1800.000,1000.000,-23.000,53.500,ESPN BET,151,151
401628521,2024,2,8,2024-10-19T20:00Z,0,1,120,30,MD,USC,29.000,28.000,0,6.500,55.500,220.000,-270.000,7.500,56.500,ESPN BET,5,5
401636897,2024,2,8,2024-10-19T20:00Z,0,1,12,38,ARIZ,COLO,7.000,34.000,0,-2.500,56.500,-125.000,105.000,-3.000,55.500,ESPN BET,4,4
401636902,2024,2,8,2024-10-19T20:00Z,0,1,2641,239,TTU,BAY,35.000,59.000,0,-4.500,55.500,-210.000,175.000,-6.500,57.500,ESPN BET,4,4
401643737,2024,2,8,2024-10-19T20:00Z,0,1,328,167,USU,UNM,45.000,50.000,0,0.500,77.500,-105.000,-115.000,2.500,77.500,ESPN BET,17,17
401643738,2024,2,8,2024-10-19T20:00Z,0,1,23,2751,SJSU,WYO,24.000,14.000,0,-11.500,52.500,-525.000,400.000,-11.500,49.500,ESPN BET,17,17
401643812,2024,2,8,2024-10-19T20:00Z,0,1,290,256,GASO,JMU,28.000,14.000,0,8.500,57.500,300.000,-380.000,10.500,60.500,ESPN BET,37,37
401628394,2024,2,8,2024-10-19T20:15Z,0,1,344,245,MSST,TA&M,24.000,34.000,0,21.500,55.500,900.000,-1600.000,15.000,55.500,ESPN BET,8,8
401628392,2024,2,8,2024-10-19T23:00Z,0,1,8,99,ARK,LSU,10.000,34.000,0,2.500,55.500,135.000,-155.000,2.500,57.500,ESPN BET,8,8
401628399,2024,2,8,2024-10-19T23:00Z,0,0,238,2050,VAN,BALL,24.000,14.000,0,-27.500,56.500,-2500.000,1200.000,-26.500,58.500,ESPN BET,8,15
401643814,2024,2,8,2024-10-19T23:00Z,0,1,2572,2032,USM,ARST,28.000,44.000,0,7.000,56.500,200.000,-240.000,6.500,53.500,ESPN BET,37,37
401628520,2024,2,8,2024-10-19T23:30Z,0,1,127,2294,MSU,IOWA,32.000,20.000,0,6.500,39.500,190.000,-225.000,6.500,41.500,ESPN BET,5,5
401636900,2024,2,8,2024-10-19T23:30Z,0,1,66,2116,ISU,UCF,38.000,35.000,0,-13.500,49.500,-525.000,400.000,-13.500,47.500,ESPN BET,4,4
401636904,2024,2,8,2024-10-19T23:30Z,0,1,277,2306,WVU,KSU,18.000,45.000,0,2.500,55.500,115.000,-135.000,2.500,53.500,ESPN BET,4,4
401645349,2024,2,8,2024-10-19T23:30Z,0,1,235,249,MEM,UNT,52.000,44.000,0,-10.500,67.500,-400.000,320.000,-11.500,66.500,ESPN BET,151,151
401628393,2024,2,8,2024-10-19T23:45Z,0,1,57,96,FLA,UK,48.000,20.000,0,2.500,41.500,110.000,-130.000,-1.500,40.500,ESPN BET,8,8
401628398,2024,2,8,2024-10-19T23:49Z,0,1,251,61,TEX,UGA,15.000,30.000,0,1.500,56.500,-185.000,155.000,-1.500,55.500,consensus,8,8
401635590,2024,2,8,2024-10-20T00:00Z,0,1,24,2567,STAN,SMU,10.000,40.000,0,16.500,52.500,475.000,-650.000,15.000,55.500,ESPN BET,1,1
401643734,2024,2,8,2024-10-20T00:00Z,0,1,2005,36,AFA,CSU,13.000,21.000,0,5.500,44.500,165.000,-195.000,7.500,47.500,ESPN BET,17,17
401643739,2024,2,8,2024-10-20T02:00Z,0,0,204,2439,ORST,UNLV,25.000,33.000,0,6.500,61.500,175.000,-210.000,6.000,61.500,ESPN BET,9,17
401636903,2024,2,8,2024-10-20T02:30Z,0,1,254,2628,UTAH,TCU,7.000,13.000,0,-5.500,51.500,-150.000,130.000,-7.000,51.500,ESPN BET,4,4
401640984,2024,2,9,2024-10-22T23:30Z,0,1,2229,2534,FIU,SHSU,7.000,10.000,0,6.500,46.500,170.000,-200.000,6.000,45.500,ESPN BET,12,12
401641011,2024,2,9,2024-10-23T00:00Z,0,1,2348,2638,LT,UTEP,14.000,10.000,0,-6.500,48.500,-225.000,190.000,-7.500,50.500,ESPN BET,12,12
401640993,2024,2,9,2024-10-23T23:00Z,0,1,338,2335,KENN,LIB,27.000,24.000,0,27.500,47.500,1300.000,-4000.000,23.500,45.500,ESPN BET,12,12
401641003,2024,2,9,2024-10-23T23:30Z,0,1,55,2393,JVST,MTSU,42.000,20.000,0,-20.500,64.500,-1400.000,750.000,-21.500,63.500,ESPN BET,12,12
401643815,2024,2,9,2024-10-24T23:00Z,0,1,295,290,ODU,GASO,47.000,19.000,0,0.500,51.500,-115.000,-105.000,-2.000,54.500,ESPN BET,37,37
401634770,2024,2,9,2024-10-24T23:30Z,0,1,221,183,PITT,SYR,41.000,13.000,0,-4.500,62.500,-190.000,160.000,-4.000,60.500,ESPN BET,1,1
401634771,2024,2,9,2024-10-25T23:30Z,0,1,103,97,BC,LOU,27.000,31.000,0,7.500,52.500,220.000,-270.000,7.000,53.500,ESPN BET,1,1
401643740,2024,2,9,2024-10-26T02:30Z,0,1,2439,68,UNLV,BOIS,24.000,29.000,0,3.500,62.500,165.000,-195.000,2.500,65.500,ESPN BET,17,17
401628532,2024,2,9,2024-10-26T03:00Z,0,1,30,164,USC,RUTG,42.000,20.000,0,-13.500,55.500,-500.000,360.000,-14.500,54.500,ESPN BET,5,5
401628402,2024,2,9,2024-10-26T16:00Z,0,1,145,201,MISS,OU,26.000,14.000,0,-19.500,50.500,-1000.000,600.000,-20.500,48.500,ESPN BET,8,8
401628526,2024,2,9,2024-10-26T16:00Z,0,1,84,264,IU,WASH,31.000,17.000,0,-5.500,53.500,-195.000,165.000,-6.500,52.500,ESPN BET,5,5
401628530,2024,2,9,2024-10-26T16:00Z,0,1,194,158,OSU,NEB,21.000,17.000,0,-25.500,48.500,-10000.000,2500.000,-25.500,48.500,ESPN BET,5,5
401628983,2024,2,9,2024-10-26T16:00Z,1,0,2426,87,NAVY,ND,14.000,51.000,0,14.500,50.500,380.000,-550.000,13.500,52.500,ESPN BET,151,18
401635597,2024,2,9,2024-10-26T16:00Z,0,1,259,59,VT,GT,21.000,6.000,0,-11.500,52.500,-380.000,290.000,-9.000,52.500,ESPN BET,1,1
401635598,2024,2,9,2024-10-26T16:00Z,0,1,258,153,UVA,UNC,14.000,41.000,0,-3.500,57.500,-165.000,140.000,-4.500,60.500,ESPN BET,1,1
401644755,2024,2,9,2024-10-26T16:00Z,0,1,195,2084,OHIO,BUFF,47.000,16.000,0,-4.500,45.500,-170.000,145.000,-6.500,46.500,ESPN BET,15,15
401645353,2024,2,9,2024-10-26T16:00Z,0,1,235,2429,MEM,CLT,33.000,28.000,0,-16.500,55.500,-800.000,500.000,-20.000,57.500,ESPN BET,151,151
401645354,2024,2,9,2024-10-26T16:00Z,0,1,249,2655,UNT,TULN,37.000,45.000,0,7.500,69.500,230.000,-280.000,9.500,65.500,ESPN BET,151,151
401628403,2024,2,9,2024-10-26T16:45Z,0,1,344,8,MSST,ARK,25.000,58.000,0,7.500,54.500,230.000,-280.000,7.000,57.500,ESPN BET,8,8
401643816,2024,2,9,2024-10-26T17:00Z,0,1,2026,2247,APP,GAST,33.000,26.000,0,-7.500,59.500,-230.000,195.000,-9.000,62.500,ESPN BET,37,37
401644687,2024,2,9,2024-10-26T18:00Z,0,1,193,2117,M-OH,CMU,46.000,7.000,0,-9.500,48.500,-340.000,270.000,-11.500,46.500,ESPN BET,15,15
401645352,2024,2,9,2024-10-26T18:00Z,0,1,151,218,ECU,TEM,56.000,34.000,0,-7.500,48.500,-320.000,260.000,-7.000,48.500,ESPN BET,151,151
401628400,2024,2,9,2024-10-26T19:30Z,0,1,333,142,ALA,MIZ,34.000,0.000,0,-16.500,51.500,-750.000,475.000,-14.000,56.500,ESPN BET,8,8
401628525,2024,2,9,2024-10-26T19:30Z,0,1,2483,356,ORE,ILL,38.000,9.000,0,-22.500,54.500,-2500.000,1100.000,-22.000,54.500,ESPN BET,5,5
401628527,2024,2,9,2024-10-26T19:30Z,0,1,2294,77,IOWA,NU,40.000,14.000,0,-16.500,37.500,-900.000,550.000,-15.500,36.500,ESPN BET,5,5
401628528,2024,2,9,2024-10-26T19:30Z,0,1,135,120,MINN,MD,48.000,23.000,0,-5.500,44.500,-190.000,160.000,-3.500,46.500,ESPN BET,5,5
401629035,2024,2,9,2024-10-26T19:30Z,0,0,41,242,CONN,RICE,17.000,10.000,0,-6.500,45.500,-215.000,180.000,-6.500,45.500,ESPN BET,18,151
401635599,2024,2,9,2024-10-26T19:30Z,0,1,24,154,STAN,WAKE,24.000,27.000,0,2.500,51.500,120.000,-140.000,2.500,55.500,ESPN BET,1,1
401636906,2024,2,9,2024-10-26T19:30Z,0,1,239,197,BAY,OKST,38.000,28.000,0,-6.500,63.500,-240.000,200.000,-3.500,64.500,ESPN BET,4,4
401636910,2024,2,9,2024-10-26T19:30Z,0,1,2628,2641,TCU,TTU,35.000,34.000,0,-4.500,65.500,-190.000,160.000,-6.000,67.500,ESPN BET,4,4
401636911,2024,2,9,2024-10-26T19:30Z,0,1,2116,252,UCF,BYU,24.000,37.000,0,-2.500,53.500,-145.000,125.000,1.000,54.500,ESPN BET,4,4
401643817,2024,2,9,2024-10-26T19:30Z,0,1,256,2572,JMU,USM,32.000,15.000,0,-27.500,54.500,-2500.000,1100.000,-24.000,54.500,ESPN BET,37,37
401644752,2024,2,9,2024-10-26T19:30Z,0,1,2006,2199,AKR,EMU,25.000,21.000,0,2.500,50.500,110.000,-130.000,3.500,51.500,ESPN BET,15,15
401644753,2024,2,9,2024-10-26T19:30Z,0,1,2050,2459,BALL,NIU,25.000,23.000,0,13.500,47.500,360.000,-500.000,11.500,49.500,ESPN BET,15,15
401644754,2024,2,9,2024-10-26T19:30Z,0,1,2649,189,TOL,BGSU,26.000,41.000,0,-1.500,47.500,-130.000,110.000,-3.000,47.500,ESPN BET,15,15
401644756,2024,2,9,2024-10-26T19:30Z,0,1,2711,2309,WMU,KENT,52.000,21.000,0,-19.500,61.500,-2000.000,1000.000,-18.000,59.500,ESPN BET,15,15
401645308,2024,2,9,2024-10-26T19:30Z,0,0,113,2681,MASS,WAG,35.000,7.000,0,-23.500,49.500,,,-22.500,48.500,ESPN BET,18,25
401645355,2024,2,9,2024-10-26T19:30Z,0,1,202,2636,TLSA,UTSA,46.000,45.000,0,9.500,52.500,230.000,-280.000,9.000,55.500,ESPN BET,151,151
401635594,2024,2,9,2024-10-26T20:00Z,0,0,25,204,CAL,ORST,44.000,7.000,0,-11.500,49.500,-400.000,300.000,-11.000,48.500,ESPN BET,1,9
401628405,2024,2,9,2024-10-26T20:15Z,0,1,238,251,VAN,TEX,24.000,27.000,0,16.500,51.500,450.000,-700.000,19.000,53.500,ESPN BET,8,8
401643741,2024,2,9,2024-10-26T21:00Z,0,1,36,167,CSU,UNM,17.000,6.000,0,-3.500,61.500,-165.000,140.000,-6.500,65.500,ESPN BET,17,17
401643819,2024,2,9,2024-10-26T21:00Z,0,1,6,2433,USA,ULM,46.000,17.000,0,-7.500,45.500,-240.000,200.000,-7.500,47.500,ESPN BET,37,37
401635596,2024,2,9,2024-10-26T23:00Z,0,1,2390,52,MIA,FSU,36.000,14.000,0,-21.500,53.500,-1600.000,800.000,-21.500,54.500,ESPN BET,1,1
401636905,2024,2,9,2024-10-26T23:00Z,0,1,12,277,ARIZ,WVU,26.000,31.000,0,-5.500,51.500,-175.000,150.000,-2.500,54.500,ESPN BET,4,4
401636908,2024,2,9,2024-10-26T23:00Z,0,1,248,254,HOU,UTAH,17.000,14.000,0,4.500,35.500,170.000,-200.000,3.000,37.500,ESPN BET,4,4
401643745,2024,2,9,2024-10-26T23:00Z,0,1,2751,328,WYO,USU,25.000,27.000,0,1.500,56.500,105.000,-125.000,-2.500,55.500,ESPN BET,17,17
401643818,2024,2,9,2024-10-26T23:00Z,0,1,2032,2653,ARST,TROY,34.000,31.000,0,-7.500,50.500,-290.000,240.000,-7.000,52.500,ESPN BET,37,37
401628404,2024,2,9,2024-10-26T23:30Z,0,1,245,99,TA&M,LSU,38.000,23.000,0,-1.500,54.500,-125.000,105.000,-2.500,53.500,ESPN BET,8,8
401628529,2024,2,9,2024-10-26T23:30Z,0,1,130,127,MICH,MSU,24.000,17.000,0,-3.500,39.500,-155.000,135.000,-5.000,40.500,ESPN BET,5,5
401628531,2024,2,9,2024-10-26T23:30Z,0,1,275,213,WIS,PSU,13.000,28.000,0,6.500,45.500,190.000,-225.000,6.500,47.500,ESPN BET,5,5
401628401,2024,2,9,2024-10-26T23:45Z,0,1,96,2,UK,AUB,10.000,24.000,0,-1.500,42.500,-125.000,105.000,-2.500,42.500,ESPN BET,8,8
401635595,2024,2,9,2024-10-27T00:00Z,0,1,150,2567,DUKE,SMU,27.000,28.000,1,11.500,50.500,290.000,-380.000,11.500,48.500,ESPN BET,1,1
401636909,2024,2,9,2024-10-27T00:00Z,0,1,2306,2305,KSU,KU,29.000,27.000,0,-9.500,55.500,-360.000,280.000,-10.500,54.500,ESPN BET,4,4
401643742,2024,2,9,2024-10-27T00:00Z,0,1,278,23,FRES,SJSU,33.000,10.000,0,-6.500,55.500,-200.000,170.000,-6.500,54.500,ESPN BET,17,17
401636907,2024,2,9,2024-10-27T02:15Z,0,1,38,2132,COLO,CIN,34.000,23.000,0,-6.500,56.500,-210.000,175.000,-4.000,57.500,ESPN BET,4,4
401643744,2024,2,9,2024-10-27T02:30Z,0,0,21,265,SDSU,WSU,26.000,29.000,0,17.500,56.500,475.000,-750.000,15.000,55.500,ESPN BET,17,9
401643743,2024,2,9,2024-10-27T03:59Z,0,1,62,2440,HAW,NEV,34.000,13.000,0,-1.500,41.500,-130.000,110.000,2.500,47.500,ESPN BET,17,17
401640985,2024,2,10,2024-10-29T23:00Z,0,1,2229,166,FIU,NMSU,34.000,13.000,0,-7.500,43.500,-270.000,220.000,-10.000,47.500,ESPN BET,12,12
401643820,2024,2,10,2024-10-29T23:30Z,0,1,326,309,TXST,UL,17.000,23.000,0,-3.500,61.500,-175.000,140.000,-3.500,65.500,ESPN BET,37,37
401641012,2024,2,10,2024-10-30T00:00Z,0,1,2534,2348,SHSU,LT,9.000,3.000,0,-10.500,45.500,-380.000,290.000,-9.500,46.500,ESPN BET,12,12
401640994,2024,2,10,2024-10-30T23:00Z,0,1,2335,55,LIB,JVST,21.000,31.000,0,-2.500,63.500,-130.000,110.000,1.500,59.500,ESPN BET,12,12
401641020,2024,2,10,2024-10-30T23:30Z,0,1,98,338,WKU,KENN,31.000,14.000,0,-23.500,49.500,-4000.000,1300.000,-24.500,46.500,ESPN BET,12,12
401645356,2024,2,10,2024-10-31T23:30Z,0,1,2429,2655,CLT,TULN,3.000,34.000,0,14.500,54.500,450.000,-700.000,16.000,55.500,ESPN BET,151,151
401629036,2024,2,10,2024-11-01T23:00Z,0,0,41,2247,CONN,GAST,34.000,27.000,0,-7.500,48.500,-240.000,200.000,-7.000,48.500,ESPN BET,18,37
401645357,2024,2,10,2024-11-01T23:30Z,0,1,2226,58,FAU,USF,21.000,44.000,0,1.500,47.500,110.000,-125.000,2.000,53.500,ESPN BET,151,151
401643747,2024,2,10,2024-11-02T00:00Z,0,1,68,21,BOIS,SDSU,56.000,24.000,0,-24.500,57.500,-4000.000,1300.000,-24.000,57.500,ESPN BET,17,17
401628406,2024,2,10,2024-11-02T16:00Z,0,1,8,145,ARK,MISS,31.000,63.000,0,7.500,54.500,225.000,-275.000,6.000,55.500,ESPN BET,8,8
401628410,2024,2,10,2024-11-02T16:00Z,0,0,201,311,OU,ME,59.000,14.000,0,-37.500,47.500,,,-35.000,46.500,ESPN BET,8,48
401628533,2024,2,10,2024-11-02T16:00Z,0,1,356,135,ILL,MINN,17.000,25.000,0,2.500,47.500,150.000,-175.000,1.500,46.500,ESPN BET,5,5
401628538,2024,2,10,2024-11-02T16:00Z,0,1,2509,77,PUR,NU,20.000,26.000,1,-3.500,44.500,-145.000,125.000,2.000,46.500,ESPN BET,5,5
401628539,2024,2,10,2024-11-02T16:00Z,0,1,213,194,PSU,OSU,13.000,20.000,0,3.500,47.500,125.000,-145.000,3.500,47.500,ESPN BET,5,5
401635516,2024,2,10,2024-11-02T16:00Z,0,1,152,24,NCSU,STAN,59.000,28.000,0,-9.500,46.500,-360.000,280.000,-10.000,47.500,ESPN BET,1,1
401635601,2024,2,10,2024-11-02T16:00Z,0,1,2390,150,MIA,DUKE,53.000,31.000,0,-19.500,53.500,-1400.000,750.000,-21.000,55.500,ESPN BET,1,1
401635604,2024,2,10,2024-11-02T16:00Z,0,1,183,259,SYR,VT,38.000,31.000,1,3.500,50.500,125.000,-145.000,3.500,53.500,ESPN BET,1,1
401643746,2024,2,10,2024-11-02T16:00Z,0,0,349,2005,ARMY,AFA,20.000,3.000,0,-18.500,38.500,-900.000,550.000,-23.500,40.500,ESPN BET,151,17
401644757,2024,2,10,2024-11-02T16:00Z,0,1,2006,2084,AKR,BUFF,30.000,41.000,0,2.500,47.500,-115.000,-105.000,1.000,47.500,ESPN BET,15,15
401644758,2024,2,10,2024-11-02T16:00Z,0,1,2199,2649,EMU,TOL,28.000,29.000,0,10.500,54.500,270.000,-340.000,7.500,52.500,ESPN BET,15,15
401645359,2024,2,10,2024-11-02T16:00Z,0,1,2636,235,UTSA,MEM,44.000,36.000,0,7.500,61.500,230.000,-280.000,9.000,60.500,ESPN BET,151,151
401628407,2024,2,10,2024-11-02T16:45Z,0,1,2,238,AUB,VAN,7.000,17.000,0,-7.500,47.500,-275.000,225.000,-6.500,48.500,ESPN BET,8,8
401643821,2024,2,10,2024-11-02T18:30Z,0,1,2026,295,APP,ODU,28.000,20.000,0,2.500,58.500,115.000,-135.000,2.500,60.500,ESPN BET,37,37
401645358,2024,2,10,2024-11-02T18:30Z,0,1,5,202,UAB,TLSA,59.000,21.000,0,-2.500,57.500,-145.000,125.000,-3.000,57.500,ESPN BET,151,151
401628408,2024,2,10,2024-11-02T19:30Z,1,1,61,57,UGA,FLA,34.000,20.000,0,-14.500,52.500,-750.000,475.000,-15.500,52.500,ESPN BET,8,8
401628534,2024,2,10,2024-11-02T19:30Z,0,1,127,84,MSU,IU,10.000,47.000,0,7.500,53.500,215.000,-260.000,7.000,50.500,ESPN BET,5,5
401628536,2024,2,10,2024-11-02T19:30Z,0,1,130,2483,MICH,ORE,17.000,38.000,0,14.500,45.500,380.000,-550.000,15.500,45.500,ESPN BET,5,5
401628537,2024,2,10,2024-11-02T19:30Z,0,1,158,26,NEB,UCLA,20.000,27.000,0,-8.500,39.500,-300.000,250.000,-7.000,41.500,ESPN BET,5,5
401635602,2024,2,10,2024-11-02T19:30Z,0,1,52,153,FSU,UNC,11.000,35.000,0,2.500,50.500,110.000,-130.000,2.000,50.500,ESPN BET,1,1
401636913,2024,2,10,2024-11-02T19:30Z,0,1,248,2306,HOU,KSU,24.000,19.000,0,9.500,44.500,360.000,-500.000,13.000,46.500,ESPN BET,4,4
401636914,2024,2,10,2024-11-02T19:30Z,0,1,66,2641,ISU,TTU,22.000,23.000,0,-14.500,55.500,-450.000,340.000,-15.500,57.500,ESPN BET,4,4
401636915,2024,2,10,2024-11-02T19:30Z,0,1,197,9,OKST,ASU,21.000,42.000,0,4.500,56.500,140.000,-165.000,1.500,57.500,ESPN BET,4,4
401636916,2024,2,10,2024-11-02T19:30Z,0,1,2116,12,UCF,ARIZ,56.000,12.000,0,-5.500,54.500,-240.000,200.000,-6.000,54.500,ESPN BET,4,4
401641026,2024,2,10,2024-11-02T19:30Z,0,1,2638,2393,UTEP,MTSU,13.000,20.000,0,-1.500,48.500,-125.000,105.000,-3.000,51.500,ESPN BET,12,12
401643822,2024,2,10,2024-11-02T19:30Z,0,1,276,2433,MRSH,ULM,28.000,23.000,0,-10.500,47.500,-360.000,280.000,-10.500,47.500,ESPN BET,37,37
401643750,2024,2,10,2024-11-02T20:00Z,0,1,167,2751,UNM,WYO,45.000,49.000,0,-7.500,60.500,-275.000,225.000,-6.500,60.500,ESPN BET,17,17
401643824,2024,2,10,2024-11-02T20:00Z,0,1,2653,324,TROY,CCU,38.000,24.000,0,3.500,51.500,140.000,-165.000,4.500,52.500,ESPN BET,37,37
401645360,2024,2,10,2024-11-02T20:00Z,0,1,242,2426,RICE,NAVY,24.000,10.000,0,13.500,49.500,340.000,-450.000,12.500,51.500,ESPN BET,151,151
401628409,2024,2,10,2024-11-02T20:15Z,0,0,344,113,MSST,MASS,45.000,20.000,0,-18.500,58.500,-900.000,550.000,-18.500,58.500,ESPN BET,8,18
401643749,2024,2,10,2024-11-02T23:00Z,0,1,278,62,FRES,HAW,20.000,21.000,0,-12.500,44.500,-450.000,340.000,-12.500,48.500,ESPN BET,17,17
401628411,2024,2,10,2024-11-02T23:30Z,0,1,2579,245,SC,TA&M,44.000,20.000,0,3.500,43.500,135.000,-155.000,3.500,46.500,ESPN BET,8,8
401628535,2024,2,10,2024-11-02T23:30Z,0,1,2294,275,IOWA,WIS,42.000,10.000,0,-2.500,40.500,-140.000,120.000,-3.500,42.500,ESPN BET,5,5
401628540,2024,2,10,2024-11-02T23:30Z,0,1,264,30,WASH,USC,26.000,21.000,0,2.500,55.500,110.000,-130.000,2.000,55.500,ESPN BET,5,5
401635600,2024,2,10,2024-11-02T23:30Z,0,1,228,97,CLEM,LOU,21.000,33.000,0,-11.500,62.500,-400.000,300.000,-11.500,61.500,ESPN BET,1,1
401643823,2024,2,10,2024-11-02T23:30Z,0,1,6,290,USA,GASO,30.000,34.000,0,-5.500,59.500,-185.000,155.000,-6.000,61.500,ESPN BET,37,37
401628412,2024,2,10,2024-11-02T23:45Z,0,1,2633,96,TENN,UK,28.000,18.000,0,-17.500,45.500,-800.000,500.000,-15.500,45.500,ESPN BET,8,8
401635627,2024,2,10,2024-11-03T00:00Z,0,1,2567,221,SMU,PITT,48.000,25.000,0,-7.500,54.500,-270.000,220.000,-7.500,60.500,ESPN BET,1,1
401636912,2024,2,10,2024-11-03T00:00Z,0,1,239,2628,BAY,TCU,37.000,34.000,0,-2.500,62.500,-135.000,115.000,-3.000,64.500,ESPN BET,4,4
401643748,2024,2,10,2024-11-03T00:00Z,0,1,2440,36,NEV,CSU,21.000,38.000,0,2.500,45.500,105.000,-125.000,1.000,44.500,ESPN BET,17,17
401644760,2024,2,11,2024-11-06T00:30Z,0,1,2117,189,CMU,BGSU,13.000,23.000,0,14.500,47.500,380.000,-550.000,9.500,45.500,ESPN BET,15,15
401644688,2024,2,11,2024-11-06T01:00Z,0,1,2050,193,BALL,M-OH,21.000,27.000,0,12.500,48.500,290.000,-380.000,10.500,50.500,ESPN BET,15,15
401644761,2024,2,11,2024-11-07T00:00Z,0,1,2309,195,KENT,OHIO,0.000,41.000,0,20.500,53.500,750.000,-1400.000,17.500,53.500,ESPN BET,15,15
401644762,2024,2,11,2024-11-07T00:00Z,0,1,2711,2459,WMU,NIU,28.000,42.000,0,2.500,51.500,110.000,-130.000,-1.500,52.500,ESPN BET,15,15
401643825,2024,2,11,2024-11-08T01:00Z,0,1,324,2026,CCU,APP,38.000,24.000,0,1.500,62.500,105.000,-125.000,-1.000,61.500,ESPN BET,37,37
401645361,2024,2,11,2024-11-08T01:00Z,0,1,151,2226,ECU,FAU,49.000,14.000,0,-5.500,58.500,-275.000,225.000,-7.500,56.500,ESPN BET,151,151
401634773,2024,2,11,2024-11-09T01:00Z,0,1,154,25,WAKE,CAL,36.000,46.000,0,7.500,54.500,230.000,-280.000,7.500,54.500,ESPN BET,1,1
401628542,2024,2,11,2024-11-09T02:00Z,0,1,26,2294,UCLA,IOWA,20.000,17.000,0,6.500,44.500,190.000,-225.000,6.500,45.500,ESPN BET,5,5
401645362,2024,2,11,2024-11-09T02:00Z,0,1,235,242,MEM,RICE,27.000,20.000,0,-7.500,50.500,-270.000,220.000,-10.500,52.500,ESPN BET,151,151
401643754,2024,2,11,2024-11-09T03:30Z,0,1,21,167,SDSU,UNM,16.000,21.000,0,-1.500,65.500,-115.000,-105.000,-3.000,67.500,ESPN BET,17,17
401628417,2024,2,11,2024-11-09T17:00Z,0,1,251,57,TEX,FLA,49.000,17.000,0,-24.500,48.500,-1800.000,900.000,-21.500,47.500,ESPN BET,8,8
401628544,2024,2,11,2024-11-09T17:00Z,0,1,164,135,RUTG,MINN,26.000,19.000,0,6.500,44.500,175.000,-210.000,6.000,46.500,ESPN BET,5,5
401628545,2024,2,11,2024-11-09T17:00Z,0,1,194,2509,OSU,PUR,45.000,0.000,0,-37.500,55.500,,,-38.000,53.500,ESPN BET,5,5
401635606,2024,2,11,2024-11-09T17:00Z,0,1,103,183,BC,SYR,37.000,31.000,0,-5.500,51.500,-140.000,120.000,-1.000,53.500,ESPN BET,1,1
401635609,2024,2,11,2024-11-09T17:00Z,0,1,59,2390,GT,MIA,28.000,23.000,0,9.500,64.500,320.000,-425.000,13.000,63.500,ESPN BET,1,1
401636918,2024,2,11,2024-11-09T17:00Z,0,1,2132,277,CIN,WVU,24.000,31.000,0,-5.500,54.500,-200.000,170.000,-3.500,57.500,ESPN BET,4,4
401643828,2024,2,11,2024-11-09T17:00Z,0,1,2433,326,ULM,TXST,17.000,38.000,0,9.500,49.500,270.000,-340.000,7.500,48.500,ESPN BET,37,37
401645363,2024,2,11,2024-11-09T17:00Z,0,1,58,2426,USF,NAVY,7.000,28.000,0,4.500,59.500,155.000,-185.000,3.000,55.500,ESPN BET,151,151
401640995,2024,2,11,2024-11-09T18:00Z,0,1,2393,2335,MTSU,LIB,17.000,37.000,0,12.500,54.500,300.000,-400.000,9.500,56.500,ESPN BET,12,12
401629037,2024,2,11,2024-11-09T19:30Z,0,0,5,41,UAB,CONN,23.000,31.000,0,7.500,53.500,215.000,-260.000,6.500,55.500,ESPN BET,151,18
401643829,2024,2,11,2024-11-09T20:00Z,0,1,2572,276,USM,MRSH,3.000,37.000,0,13.500,52.500,340.000,-450.000,14.000,54.500,ESPN BET,37,37
401628414,2024,2,11,2024-11-09T20:30Z,0,1,145,61,MISS,UGA,28.000,10.000,0,5.000,55.000,160.000,-204.000,5.000,55.000,consensus,8,8
401628541,2024,2,11,2024-11-09T20:30Z,0,1,84,130,IU,MICH,20.000,15.000,0,-14.500,47.500,-750.000,475.000,-14.000,48.500,ESPN BET,5,5
401629045,2024,2,11,2024-11-09T20:30Z,0,1,249,349,UNT,ARMY,3.000,14.000,0,6.500,66.500,220.000,-270.000,5.500,63.500,ESPN BET,151,151
401635608,2024,2,11,2024-11-09T20:30Z,0,1,152,150,NCSU,DUKE,19.000,29.000,0,-3.500,51.500,-145.000,125.000,-2.500,50.500,ESPN BET,1,1
401636919,2024,2,11,2024-11-09T20:30Z,0,1,2305,66,KU,ISU,45.000,36.000,0,2.500,50.500,105.000,-125.000,3.000,50.500,ESPN BET,4,4
401643755,2024,2,11,2024-11-09T20:30Z,0,0,204,23,ORST,SJSU,13.000,24.000,0,-2.500,56.500,-145.000,125.000,-3.000,55.500,ESPN BET,9,17
401643826,2024,2,11,2024-11-09T20:30Z,0,1,256,2247,JMU,GAST,38.000,7.000,0,-15.500,54.500,-700.000,450.000,-17.000,53.500,ESPN BET,37,37
401635607,2024,2,11,2024-11-09T20:35Z,0,1,259,228,VT,CLEM,14.000,24.000,0,6.500,54.500,165.000,-195.000,6.500,53.500,ESPN BET,1,1
401636921,2024,2,11,2024-11-09T21:00Z,0,1,2641,38,TTU,COLO,27.000,41.000,0,4.500,62.500,160.000,-190.000,3.000,62.500,ESPN BET,4,4
401641021,2024,2,11,2024-11-09T21:00Z,0,1,2638,338,UTEP,KENN,43.000,35.000,1,-4.500,42.500,-175.000,150.000,-3.000,42.500,ESPN BET,12,12
401645364,2024,2,11,2024-11-09T21:00Z,0,1,2655,218,TULN,TEM,52.000,6.000,0,-25.500,50.500,-6000.000,1800.000,-27.000,49.500,ESPN BET,151,151
401628418,2024,2,11,2024-11-09T21:15Z,0,1,238,2579,VAN,SC,7.000,28.000,0,5.500,45.500,165.000,-195.000,3.000,46.500,ESPN BET,8,8
401641004,2024,2,11,2024-11-09T21:30Z,0,1,2348,55,LT,JVST,37.000,44.000,1,9.500,55.500,280.000,-360.000,10.500,55.500,ESPN BET,12,12
401643827,2024,2,11,2024-11-09T22:00Z,0,1,309,2032,UL,ARST,55.000,19.000,0,-14.500,59.500,-650.000,425.000,-14.000,59.500,ESPN BET,37,37
401641036,2024,2,11,2024-11-09T23:00Z,0,1,166,98,NMSU,WKU,28.000,41.000,0,18.000,53.500,550.000,-900.000,20.000,51.500,ESPN BET,12,12
401628416,2024,2,11,2024-11-10T00:00Z,0,1,2633,344,TENN,MSST,33.000,14.000,0,-26.500,61.500,-3000.000,1200.000,-25.000,61.500,ESPN BET,8,8
401628543,2024,2,11,2024-11-10T00:00Z,0,1,2483,120,ORE,MD,39.000,18.000,0,-24.000,57.500,-3000.000,1200.000,-25.000,57.500,ESPN BET,5,5
401636917,2024,2,11,2024-11-10T00:00Z,0,1,9,2116,ASU,UCF,35.000,31.000,0,-2.500,55.500,-135.000,115.000,-3.500,56.500,ESPN BET,4,4
401636920,2024,2,11,2024-11-10T00:00Z,0,1,2628,197,TCU,OKST,38.000,13.000,0,-10.500,69.500,-425.000,320.000,-12.500,66.500,ESPN BET,4,4
401628413,2024,2,11,2024-11-10T00:30Z,0,1,99,333,LSU,ALA,13.000,42.000,0,-2.500,59.000,-127.000,104.000,-2.500,59.000,consensus,8,8
401628984,2024,2,11,2024-11-10T00:30Z,0,0,87,52,ND,FSU,52.000,3.000,0,-25.500,44.500,-4000.000,1300.000,-24.500,42.500,ESPN BET,18,1
401628415,2024,2,11,2024-11-10T00:45Z,0,1,142,201,MIZ,OU,30.000,23.000,0,3.500,41.500,125.000,-145.000,-2.500,42.500,ESPN BET,8,8
401628546,2024,2,11,2024-11-10T01:00Z,0,1,213,264,PSU,WASH,35.000,6.000,0,-13.500,48.500,-500.000,360.000,-13.500,45.500,ESPN BET,5,5
401635610,2024,2,11,2024-11-10T01:00Z,0,1,221,258,PITT,UVA,19.000,24.000,0,-7.500,56.500,-275.000,225.000,-7.500,57.500,ESPN BET,1,1
401643752,2024,2,11,2024-11-10T01:00Z,0,1,68,2440,BOIS,NEV,28.000,21.000,0,-23.500,60.500,-1800.000,900.000,-26.500,60.500,ESPN BET,17,17
401643753,2024,2,11,2024-11-10T02:00Z,0,1,62,2439,HAW,UNLV,27.000,29.000,0,12.500,50.500,290.000,-380.000,13.500,50.500,ESPN BET,17,17
401643751,2024,2,11,2024-11-10T02:45Z,0,1,2005,278,AFA,FRES,36.000,28.000,0,9.500,40.500,270.000,-390.000,10.000,42.500,ESPN BET,17,17
401636922,2024,2,11,2024-11-10T03:15Z,0,1,254,252,UTAH,BYU,21.000,22.000,0,3.500,40.500,130.000,-150.000,5.000,41.500,ESPN BET,4,4
401643756,2024,2,11,2024-11-10T03:30Z,0,0,265,328,WSU,USU,49.000,28.000,0,-20.500,67.500,-1000.000,600.000,-22.500,68.500,ESPN BET,9,17
401644763,2024,2,12,2024-11-13T00:00Z,0,1,2084,2050,BUFF,BALL,51.000,48.000,1,-3.500,54.500,-165.000,140.000,-6.500,53.500,ESPN BET,15,15
401644764,2024,2,12,2024-11-13T00:00Z,0,1,189,2711,BGSU,WMU,31.000,13.000,0,-9.500,56.500,-340.000,270.000,-8.000,56.500,ESPN BET,15,15
401644765,2024,2,12,2024-11-13T00:00Z,0,1,2649,2117,TOL,CMU,37.000,10.000,0,-14.500,51.500,-500.000,360.000,-15.500,48.500,ESPN BET,15,15
401644689,2024,2,12,2024-11-14T00:00Z,0,1,193,2309,M-OH,KENT,34.000,7.000,0,-30.500,45.500,-20000.000,3000.000,-30.500,45.500,ESPN BET,15,15
401644766,2024,2,12,2024-11-14T00:00Z,0,1,2459,2006,NIU,AKR,29.000,16.000,0,-14.500,43.500,-600.000,400.000,-16.500,47.500,ESPN BET,15,15
401644767,2024,2,12,2024-11-14T00:00Z,0,1,195,2199,OHIO,EMU,35.000,10.000,0,-10.500,51.500,-400.000,300.000,-8.000,48.500,ESPN BET,15,15
401645365,2024,2,12,2024-11-15T00:30Z,0,1,202,151,TLSA,ECU,31.000,38.000,0,16.500,63.500,425.000,-650.000,13.000,61.500,ESPN BET,151,151
401643759,2024,2,12,2024-11-16T01:00Z,0,1,36,2751,CSU,WYO,24.000,10.000,0,-7.500,46.500,-260.000,215.000,-10.000,47.500,ESPN BET,17,17
401645366,2024,2,12,2024-11-16T01:00Z,0,1,2636,249,UTSA,UNT,48.000,27.000,0,-1.500,71.500,-120.000,100.000,1.500,71.500,ESPN BET,151,151
401628553,2024,2,12,2024-11-16T02:00Z,0,1,264,26,WASH,UCLA,31.000,19.000,0,-5.500,47.500,-215.000,180.000,-3.500,46.500,ESPN BET,5,5
401636923,2024,2,12,2024-11-16T03:15Z,0,1,12,248,ARIZ,HOU,27.000,3.000,0,-1.500,46.500,-120.000,100.000,-1.500,44.500,ESPN BET,4,4
401628419,2024,2,12,2024-11-16T17:00Z,0,1,8,251,ARK,TEX,10.000,20.000,0,13.500,56.500,425.000,-650.000,16.500,56.500,ESPN BET,8,8
401628550,2024,2,12,2024-11-16T17:00Z,0,1,77,194,NU,OSU,7.000,31.000,0,29.500,44.500,1800.000,-6000.000,30.000,44.500,ESPN BET,5,5
401629046,2024,2,12,2024-11-16T17:00Z,0,0,113,2335,MASS,LIB,34.000,35.000,1,16.500,52.500,500.000,-800.000,14.000,51.500,ESPN BET,18,12
401635582,2024,2,12,2024-11-16T17:00Z,0,1,221,228,PITT,CLEM,20.000,24.000,0,12.500,50.500,380.000,-550.000,9.500,55.500,ESPN BET,1,1
401636925,2024,2,12,2024-11-16T17:00Z,0,1,38,254,COLO,UTAH,49.000,24.000,0,-13.500,43.500,-650.000,425.000,-10.000,48.500,ESPN BET,4,4
401641013,2024,2,12,2024-11-16T17:00Z,0,1,98,2348,WKU,LT,7.000,12.000,0,-11.500,52.500,-500.000,360.000,-13.500,52.500,ESPN BET,12,12
401645370,2024,2,12,2024-11-16T17:00Z,0,1,2426,2655,NAVY,TULN,0.000,35.000,0,7.500,48.500,195.000,-230.000,6.500,54.500,ESPN BET,151,151
401628426,2024,2,12,2024-11-16T17:45Z,0,0,2,2433,AUB,ULM,48.000,14.000,0,-25.500,45.500,-4000.000,1300.000,-24.500,45.500,ESPN BET,8,37
401643832,2024,2,12,2024-11-16T18:00Z,0,1,276,324,MRSH,CCU,31.000,19.000,0,-7.500,56.500,-290.000,240.000,-9.000,55.500,ESPN BET,37,37
401628422,2024,2,12,2024-11-16T18:30Z,0,0,96,93,UK,MUR,48.000,6.000,0,-41.500,54.500,,,-38.500,49.500,ESPN BET,8,21
401628425,2024,2,12,2024-11-16T19:00Z,0,0,333,2382,ALA,MER,52.000,7.000,0,-42.500,58.500,,,-43.500,57.500,ESPN BET,8,29
401640986,2024,2,12,2024-11-16T19:00Z,0,1,55,2229,JVST,FIU,34.000,31.000,0,-12.500,58.500,-400.000,300.000,-14.000,57.500,ESPN BET,12,12
401645369,2024,2,12,2024-11-16T19:00Z,0,1,218,2226,TEM,FAU,18.000,15.000,1,-2.500,50.500,-130.000,110.000,1.000,49.500,ESPN BET,151,151
401628547,2024,2,12,2024-11-16T19:30Z,0,1,356,127,ILL,MSU,38.000,16.000,0,-1.500,47.500,-130.000,110.000,-3.500,48.500,ESPN BET,5,5
401635581,2024,2,12,2024-11-16T20:00Z,0,1,25,183,CAL,SYR,25.000,33.000,0,-10.500,57.500,-340.000,270.000,-7.000,55.500,ESPN BET,1,1
401641022,2024,2,12,2024-11-16T20:00Z,0,1,338,2534,KENN,SHSU,17.000,23.000,1,20.500,43.500,750.000,-1400.000,13.000,42.500,ESPN BET,12,12
401643760,2024,2,12,2024-11-16T20:00Z,0,1,328,62,USU,HAW,55.000,10.000,0,2.500,61.500,115.000,-135.000,2.000,58.500,ESPN BET,17,17
401628420,2024,2,12,2024-11-16T20:30Z,0,1,57,99,FLA,LSU,27.000,16.000,0,2.500,55.500,125.000,-145.000,4.000,55.500,ESPN BET,8,8
401628552,2024,2,12,2024-11-16T20:30Z,0,1,2509,213,PUR,PSU,10.000,49.000,0,30.500,51.500,2500.000,-10000.000,28.500,49.500,ESPN BET,5,5
401628985,2024,2,12,2024-11-16T20:30Z,0,0,87,258,ND,UVA,35.000,14.000,0,-21.500,51.500,-1400.000,750.000,-23.500,50.500,ESPN BET,18,1
401635517,2024,2,12,2024-11-16T20:30Z,0,1,24,97,STAN,LOU,38.000,35.000,0,20.500,57.500,900.000,-1800.000,20.500,58.500,ESPN BET,1,1
401635580,2024,2,12,2024-11-16T20:30Z,0,1,2567,103,SMU,BC,38.000,28.000,0,-19.500,53.500,-1000.000,600.000,-16.500,53.500,ESPN BET,1,1
401643757,2024,2,12,2024-11-16T20:30Z,0,0,2005,204,AFA,ORST,28.000,0.000,0,2.500,44.500,145.000,-170.000,4.500,44.500,ESPN BET,17,9
401645368,2024,2,12,2024-11-16T20:30Z,0,1,2429,58,CLT,USF,24.000,59.000,0,-1.500,53.500,-120.000,100.000,3.000,51.500,ESPN BET,151,151
401628549,2024,2,12,2024-11-16T21:00Z,0,1,30,158,USC,NEB,28.000,20.000,0,-6.500,50.500,-225.000,190.000,-9.500,50.500,ESPN BET,5,5
401636929,2024,2,12,2024-11-16T21:00Z,0,1,277,239,WVU,BAY,35.000,49.000,0,1.500,57.500,100.000,-120.000,1.500,59.500,ESPN BET,4,4
401643830,2024,2,12,2024-11-16T21:00Z,0,1,290,2653,GASO,TROY,20.000,28.000,0,-7.500,53.500,-250.000,190.000,-8.000,54.500,ESPN BET,37,37
401643833,2024,2,12,2024-11-16T21:00Z,0,1,295,256,ODU,JMU,32.000,35.000,0,1.500,50.500,100.000,-130.000,3.500,51.500,ESPN BET,37,37
401628423,2024,2,12,2024-11-16T21:15Z,0,1,2579,142,SC,MIZ,34.000,30.000,0,-10.500,42.500,-380.000,290.000,-14.000,44.500,ESPN BET,8,8
401643831,2024,2,12,2024-11-16T22:00Z,0,1,2247,2032,GAST,ARST,20.000,27.000,0,-2.500,58.500,-140.000,110.000,-1.000,58.500,ESPN BET,37,37
401628548,2024,2,12,2024-11-16T23:00Z,0,1,120,164,MD,RUTG,17.000,31.000,0,-4.500,54.500,-165.000,140.000,-3.500,50.500,ESPN BET,5,5
401636927,2024,2,12,2024-11-17T00:00Z,0,1,2306,9,KSU,ASU,14.000,24.000,0,-7.500,51.500,-300.000,250.000,-8.500,50.500,ESPN BET,4,4
401643758,2024,2,12,2024-11-17T00:00Z,0,1,23,68,SJSU,BOIS,21.000,42.000,0,14.500,61.500,380.000,-550.000,14.500,60.500,ESPN BET,17,17
401643834,2024,2,12,2024-11-17T00:00Z,0,1,309,6,UL,USA,22.000,24.000,0,-6.500,60.500,-240.000,200.000,-8.000,59.500,ESPN BET,37,37
401643835,2024,2,12,2024-11-17T00:00Z,0,1,326,2572,TXST,USM,58.000,3.000,0,-27.500,55.500,-5000.000,1500.000,-27.500,55.500,ESPN BET,37,37
401628421,2024,2,12,2024-11-17T00:30Z,0,1,61,2633,UGA,TENN,31.000,17.000,0,-7.500,46.500,-275.000,225.000,-8.500,53.500,ESPN BET,8,8
401628551,2024,2,12,2024-11-17T00:30Z,0,1,275,2483,WIS,ORE,13.000,16.000,0,13.500,49.500,400.000,-600.000,13.500,52.500,ESPN BET,5,5
401628424,2024,2,12,2024-11-17T00:45Z,0,0,245,166,TA&M,NMSU,38.000,3.000,0,-38.500,54.500,,,-40.000,55.500,ESPN BET,8,12
401635583,2024,2,12,2024-11-17T01:00Z,0,1,153,154,UNC,WAKE,31.000,24.000,0,-10.500,64.500,-380.000,290.000,-11.000,63.500,ESPN BET,1,1
401636926,2024,2,12,2024-11-17T01:00Z,0,1,66,2132,ISU,CIN,34.000,17.000,0,-7.500,52.500,-270.000,220.000,-8.000,53.500,ESPN BET,4,4
401645367,2024,2,12,2024-11-17T01:00Z,0,1,235,5,MEM,UAB,53.000,18.000,0,-17.500,60.500,-800.000,500.000,-15.500,62.500,ESPN BET,151,151
401643761,2024,2,12,2024-11-17T02:30Z,0,0,167,265,UNM,WSU,38.000,35.000,0,11.500,71.500,290.000,-380.000,14.000,72.500,ESPN BET,17,9
401636924,2024,2,12,2024-11-17T03:15Z,0,1,252,2305,BYU,KU,13.000,17.000,0,-2.500,55.500,-135.000,115.000,-2.500,55.500,ESPN BET,4,4
401643762,2024,2,12,2024-11-17T03:30Z,0,1,2439,21,UNLV,SDSU,41.000,20.000,0,-19.500,54.500,-1800.000,900.000,-20.500,52.500,ESPN BET,17,17
401644769,2024,2,13,2024-11-20T00:00Z,0,1,2309,2006,KENT,AKR,17.000,38.000,0,10.500,48.500,290.000,-380.000,10.000,49.500,ESPN BET,15,15
401644770,2024,2,13,2024-11-20T00:30Z,0,1,2117,2711,CMU,WMU,16.000,14.000,0,5.500,54.500,180.000,-215.000,8.500,54.500,ESPN BET,15,15
401644690,2024,2,13,2024-11-20T01:00Z,0,1,193,2459,M-OH,NIU,20.000,9.000,0,-2.500,42.500,-125.000,105.000,-3.500,43.500,ESPN BET,15,15
401644772,2024,2,13,2024-11-21T00:00Z,0,1,2199,2084,EMU,BUFF,20.000,37.000,0,-1.500,53.500,-120.000,100.000,-1.500,49.500,ESPN BET,15,15
401644773,2024,2,13,2024-11-21T00:00Z,0,1,2649,195,TOL,OHIO,7.000,24.000,0,0.500,45.500,-115.000,-105.000,-2.000,50.500,ESPN BET,15,15
401634772,2024,2,13,2024-11-22T00:30Z,0,1,59,152,GT,NCSU,30.000,29.000,0,-7.500,50.500,-300.000,250.000,-9.000,54.500,ESPN BET,1,1
401645374,2024,2,13,2024-11-23T00:00Z,0,1,2636,218,UTSA,TEM,51.000,27.000,0,-17.500,55.500,-800.000,500.000,-16.500,55.500,ESPN BET,151,151
401628558,2024,2,13,2024-11-23T01:00Z,0,1,127,2509,MSU,PUR,24.000,17.000,0,-14.500,50.500,-600.000,400.000,-13.500,48.500,ESPN BET,5,5
401643767,2024,2,13,2024-11-23T03:00Z,0,1,23,2439,SJSU,UNLV,16.000,27.000,0,7.500,59.500,240.000,-290.000,8.000,62.500,ESPN BET,17,17
401628429,2024,2,13,2024-11-23T17:00Z,0,1,57,145,FLA,MISS,24.000,17.000,0,13.500,57.500,340.000,-450.000,10.000,55.500,ESPN BET,8,8
401628554,2024,2,13,2024-11-23T17:00Z,0,1,164,356,RUTG,ILL,31.000,38.000,0,-2.500,47.500,-125.000,105.000,-1.500,46.500,ESPN BET,5,5
401628555,2024,2,13,2024-11-23T17:00Z,0,1,194,84,OSU,IU,38.000,15.000,0,-10.500,51.500,-450.000,340.000,-11.500,52.500,ESPN BET,5,5
401628556,2024,2,13,2024-11-23T17:00Z,0,1,120,2294,MD,IOWA,13.000,29.000,0,4.500,39.500,165.000,-195.000,6.500,45.500,ESPN BET,5,5
401635518,2024,2,13,2024-11-23T17:00Z,0,0,183,41,SYR,CONN,31.000,24.000,0,-9.500,53.500,-340.000,270.000,-11.000,54.500,ESPN BET,1,18
401635612,2024,2,13,2024-11-23T17:00Z,0,1,103,153,BC,UNC,41.000,21.000,0,1.500,50.500,105.000,-125.000,2.000,56.500,ESPN BET,1,1
401635618,2024,2,13,2024-11-23T17:00Z,0,1,2390,154,MIA,WAKE,42.000,14.000,0,-23.500,65.500,-1400.000,750.000,-24.000,64.500,ESPN BET,1,1
401635619,2024,2,13,2024-11-23T17:00Z,0,1,258,2567,UVA,SMU,7.000,33.000,0,10.500,53.500,270.000,-340.000,10.000,58.500,ESPN BET,1,1
401641005,2024,2,13,2024-11-23T17:00Z,0,1,55,2534,JVST,SHSU,21.000,11.000,0,-5.500,57.500,-195.000,165.000,-6.500,55.500,ESPN BET,12,12
401628430,2024,2,13,2024-11-23T17:45Z,0,0,61,113,UGA,MASS,59.000,21.000,0,-42.500,55.500,,,-43.500,56.500,ESPN BET,8,18
401628435,2024,2,13,2024-11-23T18:00Z,0,0,2633,2638,TENN,UTEP,56.000,0.000,0,-41.500,54.500,,,-41.500,53.500,ESPN BET,8,12
401640996,2024,2,13,2024-11-23T18:00Z,0,1,2335,98,LIB,WKU,38.000,21.000,0,-1.500,55.500,-120.000,100.000,1.500,56.500,ESPN BET,12,12
401635616,2024,2,13,2024-11-23T18:30Z,0,0,52,2127,FSU,CHSO,41.000,7.000,0,-33.500,44.500,,,-33.000,44.500,ESPN BET,1,179
401644774,2024,2,13,2024-11-23T19:00Z,0,1,2050,189,BALL,BGSU,13.000,38.000,0,12.500,54.500,320.000,-425.000,11.500,58.500,ESPN BET,15,15
401645373,2024,2,13,2024-11-23T19:00Z,0,1,5,242,UAB,RICE,40.000,14.000,0,6.500,52.500,210.000,-250.000,7.000,50.500,ESPN BET,151,151
401641027,2024,2,13,2024-11-23T19:30Z,0,1,2393,166,MTSU,NMSU,21.000,36.000,0,-3.500,53.500,-145.000,125.000,-3.500,50.500,ESPN BET,12,12
401643836,2024,2,13,2024-11-23T19:30Z,0,1,2026,256,APP,JMU,34.000,20.000,0,6.500,56.500,215.000,-260.000,7.500,60.500,ESPN BET,37,37
401636935,2024,2,13,2024-11-23T20:00Z,0,1,2628,12,TCU,ARIZ,49.000,28.000,0,-10.500,60.500,-320.000,260.000,-11.500,58.500,ESPN BET,4,4
401640987,2024,2,13,2024-11-23T20:00Z,0,1,338,2229,KENN,FIU,27.000,26.000,0,8.500,41.500,230.000,-280.000,8.000,43.500,ESPN BET,12,12
401643839,2024,2,13,2024-11-23T20:00Z,0,1,2032,2433,ARST,ULM,28.000,21.000,0,-2.500,51.500,-135.000,115.000,-3.500,52.500,ESPN BET,37,37
401643841,2024,2,13,2024-11-23T20:00Z,0,1,2572,6,USM,USA,14.000,35.000,0,24.500,54.500,1100.000,-2500.000,23.500,55.500,ESPN BET,37,37
401645371,2024,2,13,2024-11-23T20:00Z,0,1,2226,2429,FAU,CLT,27.000,39.000,0,3.500,49.500,125.000,-145.000,2.500,47.500,ESPN BET,151,151
401628436,2024,2,13,2024-11-23T20:30Z,0,1,251,96,TEX,UK,31.000,14.000,0,-18.500,46.500,-1200.000,700.000,-20.500,46.500,ESPN BET,8,8
401628557,2024,2,13,2024-11-23T20:30Z,0,1,130,77,MICH,NU,50.000,6.000,0,-10.500,34.500,-425.000,320.000,-12.000,38.500,ESPN BET,5,5
401628559,2024,2,13,2024-11-23T20:30Z,0,1,135,213,MINN,PSU,25.000,26.000,0,11.500,45.500,320.000,-425.000,11.500,45.500,ESPN BET,5,5
401628560,2024,2,13,2024-11-23T20:30Z,0,1,158,275,NEB,WIS,44.000,25.000,0,-1.500,40.500,-125.000,105.000,-2.000,42.500,ESPN BET,5,5
401635613,2024,2,13,2024-11-23T20:30Z,0,1,25,24,CAL,STAN,24.000,21.000,0,-15.500,52.500,-650.000,425.000,-14.500,55.500,ESPN BET,1,1
401635614,2024,2,13,2024-11-23T20:30Z,0,0,228,2643,CLEM,CIT,51.000,14.000,0,-48.500,58.500,,,-49.500,58.500,ESPN BET,1,29
401636930,2024,2,13,2024-11-23T20:30Z,0,1,9,252,ASU,BYU,28.000,23.000,0,-3.500,48.500,-145.000,125.000,-3.500,48.500,ESPN BET,4,4
401636932,2024,2,13,2024-11-23T20:30Z,0,1,2305,38,KU,COLO,37.000,21.000,0,1.500,59.500,110.000,-130.000,2.500,59.500,ESPN BET,4,4
401636934,2024,2,13,2024-11-23T20:30Z,0,1,197,2641,OKST,TTU,48.000,56.000,0,4.500,62.500,150.000,-175.000,3.500,68.500,ESPN BET,4,4
401636937,2024,2,13,2024-11-23T20:30Z,0,1,277,2116,WVU,UCF,31.000,21.000,0,3.500,60.500,125.000,-145.000,2.500,64.500,ESPN BET,4,4
401643766,2024,2,13,2024-11-23T20:30Z,0,1,328,21,USU,SDSU,41.000,20.000,0,-4.500,59.500,-175.000,150.000,-4.500,62.500,ESPN BET,17,17
401643837,2024,2,13,2024-11-23T20:30Z,0,1,324,290,CCU,GASO,6.000,26.000,0,-1.500,59.500,-125.000,105.000,-2.000,56.500,ESPN BET,37,37
401645372,2024,2,13,2024-11-23T20:30Z,0,1,249,151,UNT,ECU,28.000,40.000,0,-2.500,73.500,-135.000,115.000,-2.500,72.500,ESPN BET,151,151
401645375,2024,2,13,2024-11-23T20:30Z,0,1,58,202,USF,TLSA,63.000,30.000,0,-13.500,60.500,-800.000,500.000,-17.000,59.500,ESPN BET,151,151
401628427,2024,2,13,2024-11-23T21:00Z,0,0,8,2348,ARK,LT,35.000,14.000,0,-23.500,48.500,-3000.000,1200.000,-22.500,50.500,ESPN BET,8,12
401628434,2024,2,13,2024-11-23T21:00Z,0,0,2579,2747,SC,WOF,56.000,12.000,0,-42.500,49.500,,,-42.500,49.500,ESPN BET,8,29
401635617,2024,2,13,2024-11-23T21:00Z,0,1,97,221,LOU,PITT,37.000,9.000,0,-7.500,57.500,-250.000,210.000,-8.500,56.500,ESPN BET,1,1
401628432,2024,2,13,2024-11-23T21:15Z,0,1,344,142,MSST,MIZ,20.000,39.000,0,9.500,57.500,280.000,-360.000,8.000,56.500,ESPN BET,8,8
401643840,2024,2,13,2024-11-23T22:00Z,0,1,309,2653,UL,TROY,51.000,30.000,0,-7.500,51.500,-270.000,220.000,-12.000,53.500,ESPN BET,37,37
401628572,2024,2,13,2024-11-24T00:00Z,0,1,204,265,ORST,WSU,41.000,38.000,0,10.500,55.500,300.000,-400.000,13.500,56.500,ESPN BET,9,9
401636931,2024,2,13,2024-11-24T00:00Z,0,1,248,239,HOU,BAY,10.000,20.000,0,6.500,50.500,210.000,-250.000,7.500,50.500,ESPN BET,4,4
401640959,2024,2,13,2024-11-24T00:00Z,1,0,87,349,ND,ARMY,49.000,14.000,0,-14.500,44.500,-550.000,380.000,-17.000,43.500,ESPN BET,18,151
401643764,2024,2,13,2024-11-24T00:00Z,0,1,2751,68,WYO,BOIS,13.000,17.000,0,25.500,54.500,1000.000,-2000.000,23.500,57.500,ESPN BET,17,17
401643842,2024,2,13,2024-11-24T00:00Z,0,1,326,2247,TXST,GAST,44.000,52.000,0,-22.500,59.500,-2500.000,1100.000,-21.000,58.500,ESPN BET,37,37
401628428,2024,2,13,2024-11-24T00:30Z,0,1,2,245,AUB,TA&M,43.000,41.000,1,2.500,47.500,105.000,-125.000,2.500,46.500,ESPN BET,8,8
401628433,2024,2,13,2024-11-24T00:30Z,0,1,201,333,OU,ALA,24.000,3.000,0,14.500,46.500,400.000,-600.000,14.000,47.500,ESPN BET,8,8
401636936,2024,2,13,2024-11-24T00:30Z,0,1,254,66,UTAH,ISU,28.000,31.000,0,3.500,42.500,210.000,-250.000,6.000,42.500,ESPN BET,4,4
401643838,2024,2,13,2024-11-24T00:30Z,0,1,295,276,ODU,MRSH,35.000,42.000,0,-2.500,51.500,-135.000,115.000,-1.500,51.500,ESPN BET,37,37
401628431,2024,2,13,2024-11-24T00:45Z,0,1,99,238,LSU,VAN,24.000,17.000,0,-9.500,52.500,-400.000,300.000,-9.000,54.500,ESPN BET,8,8
401635615,2024,2,13,2024-11-24T01:00Z,0,1,150,259,DUKE,VT,31.000,28.000,0,2.500,45.500,120.000,-140.000,2.500,47.500,ESPN BET,1,1
401636933,2024,2,13,2024-11-24T01:00Z,0,1,2306,2132,KSU,CIN,41.000,15.000,0,-7.500,54.500,-270.000,220.000,-9.000,52.500,ESPN BET,4,4
401628561,2024,2,13,2024-11-24T03:30Z,0,1,26,30,UCLA,USC,13.000,19.000,0,4.500,52.500,155.000,-185.000,5.000,50.500,ESPN BET,5,5
401643763,2024,2,13,2024-11-24T03:30Z,0,1,2440,2005,NEV,AFA,19.000,22.000,0,-2.500,44.500,-135.000,115.000,-3.500,44.500,ESPN BET,17,17
401643765,2024,2,13,2024-11-24T03:30Z,0,1,278,36,FRES,CSU,28.000,22.000,0,-3.500,42.500,-155.000,135.000,-2.500,47.500,ESPN BET,17,17
401644775,2024,2,14,2024-11-27T00:00Z,0,1,2006,2649,AKR,TOL,21.000,14.000,1,9.500,50.500,250.000,-300.000,7.500,48.500,ESPN BET,15,15
401644776,2024,2,14,2024-11-27T00:00Z,0,1,2084,2309,BUFF,KENT,43.000,7.000,0,-23.500,50.500,-3000.000,1200.000,-22.500,52.500,ESPN BET,15,15
401645376,2024,2,14,2024-11-29T00:30Z,0,1,2655,235,TULN,MEM,24.000,34.000,0,-12.500,54.500,-450.000,340.000,-13.500,56.500,ESPN BET,151,151
401628568,2024,2,14,2024-11-29T17:00Z,0,1,275,135,WIS,MINN,7.000,24.000,0,1.500,40.500,105.000,-125.000,-2.000,44.500,ESPN BET,5,5
401636938,2024,2,14,2024-11-29T17:00Z,0,1,38,197,COLO,OKST,52.000,0.000,0,-14.500,66.500,-650.000,425.000,-17.000,64.500,ESPN BET,4,4
401643769,2024,2,14,2024-11-29T17:00Z,0,0,68,204,BOIS,ORST,34.000,18.000,0,-17.500,58.500,-900.000,550.000,-20.000,56.500,ESPN BET,17,9
401644691,2024,2,14,2024-11-29T17:00Z,0,1,189,193,BGSU,M-OH,12.000,28.000,0,-3.000,37.500,-140.000,120.000,-2.500,43.500,ESPN BET,15,15
401644777,2024,2,14,2024-11-29T17:00Z,0,1,195,2050,OHIO,BALL,42.000,21.000,0,-17.500,51.500,-800.000,500.000,-14.500,52.500,ESPN BET,15,15
401645379,2024,2,14,2024-11-29T17:00Z,0,1,151,2426,ECU,NAVY,20.000,34.000,0,,52.500,-145.000,125.000,,56.500,ESPN BET,151,151
401628442,2024,2,14,2024-11-29T20:30Z,0,1,145,344,MISS,MSST,26.000,14.000,0,-26.500,63.500,-5000.000,1500.000,-26.500,61.500,ESPN BET,8,8
401640997,2024,2,14,2024-11-29T20:30Z,0,1,2534,2335,SHSU,LIB,20.000,18.000,0,2.500,47.500,110.000,-130.000,2.500,47.500,ESPN BET,12,12
401643770,2024,2,14,2024-11-29T20:30Z,0,1,36,328,CSU,USU,42.000,37.000,0,-5.500,56.500,-195.000,165.000,-6.000,60.500,ESPN BET,17,17
401643843,2024,2,14,2024-11-29T20:30Z,0,1,6,326,USA,TXST,38.000,45.000,0,2.500,60.500,110.000,-130.000,-0.500,62.500,ESPN BET,37,37
401635625,2024,2,14,2024-11-29T21:00Z,0,0,23,24,SJSU,STAN,34.000,31.000,0,-2.500,54.500,-130.000,110.000,-2.000,55.500,ESPN BET,17,1
401628439,2024,2,14,2024-11-30T00:30Z,0,0,61,59,UGA,GT,44.000,42.000,1,-17.500,48.500,-900.000,550.000,-20.000,54.500,ESPN BET,8,1
401628562,2024,2,14,2024-11-30T00:30Z,0,1,2294,158,IOWA,NEB,13.000,10.000,0,-3.500,41.500,-150.000,130.000,-5.000,39.500,ESPN BET,5,5
401636939,2024,2,14,2024-11-30T01:00Z,0,1,2116,254,UCF,UTAH,14.000,28.000,0,-9.500,45.500,-340.000,270.000,-8.500,49.500,ESPN BET,4,4
401628440,2024,2,14,2024-11-30T17:00Z,0,0,96,97,UK,LOU,14.000,41.000,0,3.500,48.500,150.000,-175.000,3.000,49.500,ESPN BET,8,1
401628444,2024,2,14,2024-11-30T17:00Z,0,0,228,2579,CLEM,SC,14.000,17.000,0,-2.500,48.500,-130.000,110.000,-3.000,49.500,ESPN BET,1,8
401628446,2024,2,14,2024-11-30T17:00Z,0,1,238,2633,VAN,TENN,23.000,36.000,0,9.500,45.500,260.000,-320.000,11.500,47.500,ESPN BET,8,8
401628563,2024,2,14,2024-11-30T17:00Z,1,1,77,356,NU,ILL,28.000,38.000,0,8.500,42.500,260.000,-320.000,7.500,45.500,ESPN BET,5,5
401628566,2024,2,14,2024-11-30T17:00Z,0,1,194,130,OSU,MICH,10.000,13.000,0,-10.500,48.000,-400.000,290.000,-10.500,48.000,consensus,5,5
401629038,2024,2,14,2024-11-30T17:00Z,0,0,113,41,MASS,CONN,42.000,47.000,0,9.500,49.500,250.000,-300.000,11.000,50.500,ESPN BET,18,18
401635622,2024,2,14,2024-11-30T17:00Z,0,1,154,150,WAKE,DUKE,17.000,23.000,0,3.500,53.500,125.000,-145.000,4.500,54.500,ESPN BET,1,1
401636941,2024,2,14,2024-11-30T17:00Z,0,1,239,2305,BAY,KU,45.000,17.000,0,2.500,62.500,110.000,-130.000,1.000,60.500,ESPN BET,4,4
401636945,2024,2,14,2024-11-30T17:00Z,0,1,2641,277,TTU,WVU,52.000,15.000,0,-2.500,61.500,-135.000,115.000,-3.500,64.500,ESPN BET,4,4
401643848,2024,2,14,2024-11-30T17:00Z,0,1,2433,309,ULM,UL,23.000,37.000,0,8.500,50.500,250.000,-300.000,10.000,49.500,ESPN BET,37,37
401645378,2024,2,14,2024-11-30T17:00Z,0,1,349,2636,ARMY,UTSA,29.000,24.000,0,-6.500,53.500,-210.000,175.000,-7.500,55.500,ESPN BET,151,151
401645381,2024,2,14,2024-11-30T17:00Z,0,1,218,249,TEM,UNT,17.000,24.000,0,10.500,63.500,320.000,-425.000,12.500,63.500,ESPN BET,151,151
401644780,2024,2,14,2024-11-30T18:30Z,0,1,2711,2199,WMU,EMU,26.000,18.000,0,-6.500,56.500,-200.000,170.000,-6.500,57.500,ESPN BET,15,15
401640988,2024,2,14,2024-11-30T19:00Z,0,1,2229,2393,FIU,MTSU,35.000,24.000,0,-9.500,50.500,-340.000,270.000,-9.000,52.500,ESPN BET,12,12
401643845,2024,2,14,2024-11-30T19:00Z,0,1,2247,324,GAST,CCU,27.000,48.000,0,-0.500,52.500,-110.000,-110.000,1.000,55.500,ESPN BET,37,37
401643849,2024,2,14,2024-11-30T19:00Z,0,1,2653,2572,TROY,USM,52.000,20.000,0,-17.500,48.500,-900.000,550.000,-17.000,48.500,ESPN BET,37,37
401645382,2024,2,14,2024-11-30T19:00Z,0,1,242,58,RICE,USF,35.000,28.000,0,5.500,53.500,175.000,-210.000,4.000,52.500,ESPN BET,151,151
401635620,2024,2,14,2024-11-30T20:00Z,0,1,103,221,BC,PITT,34.000,23.000,0,-3.500,50.500,-150.000,130.000,-3.000,49.500,ESPN BET,1,1
401643847,2024,2,14,2024-11-30T20:00Z,0,1,2032,295,ARST,ODU,32.000,40.000,0,5.500,58.500,165.000,-195.000,3.500,58.500,ESPN BET,37,37
401628437,2024,2,14,2024-11-30T20:30Z,0,1,333,2,ALA,AUB,28.000,14.000,0,-10.500,50.500,-400.000,300.000,-11.500,52.500,ESPN BET,8,8
401628443,2024,2,14,2024-11-30T20:30Z,0,1,142,8,MIZ,ARK,28.000,21.000,0,-3.500,51.500,-155.000,135.000,-3.000,54.500,ESPN BET,8,8
401628565,2024,2,14,2024-11-30T20:30Z,0,1,213,120,PSU,MD,44.000,7.000,0,-26.500,50.500,-4000.000,1300.000,-24.000,49.500,ESPN BET,5,5
401628567,2024,2,14,2024-11-30T20:30Z,0,1,127,164,MSU,RUTG,14.000,41.000,0,-1.500,46.500,-120.000,100.000,-1.000,47.500,ESPN BET,5,5
401628570,2024,2,14,2024-11-30T20:30Z,0,0,26,278,UCLA,FRES,20.000,13.000,0,-7.500,46.500,-280.000,230.000,-10.000,46.500,ESPN BET,5,17
401628571,2024,2,14,2024-11-30T20:30Z,0,0,30,87,USC,ND,35.000,49.000,0,6.500,52.500,210.000,-250.000,6.500,50.500,ESPN BET,5,18
401635621,2024,2,14,2024-11-30T20:30Z,0,1,2567,25,SMU,CAL,38.000,6.000,0,-11.500,54.500,-450.000,340.000,-13.500,57.500,ESPN BET,1,1
401635623,2024,2,14,2024-11-30T20:30Z,0,1,183,2390,SYR,MIA,42.000,38.000,0,12.500,65.500,320.000,-425.000,12.000,67.500,ESPN BET,1,1
401635624,2024,2,14,2024-11-30T20:30Z,0,1,153,152,UNC,NCSU,30.000,35.000,0,-2.500,54.500,-125.000,105.000,-3.500,56.500,ESPN BET,1,1
401636940,2024,2,14,2024-11-30T20:30Z,0,1,12,9,ARIZ,ASU,7.000,49.000,0,7.500,52.500,230.000,-280.000,9.000,53.500,ESPN BET,4,4
401644779,2024,2,14,2024-11-30T20:30Z,0,1,2459,2117,NIU,CMU,24.000,16.000,0,-16.500,41.500,-500.000,360.000,-13.000,45.500,ESPN BET,15,15
401645377,2024,2,14,2024-11-30T20:30Z,0,1,2429,5,CLT,UAB,29.000,27.000,0,-1.500,59.500,-115.000,-105.000,-3.000,57.500,ESPN BET,151,151
401645380,2024,2,14,2024-11-30T20:30Z,0,1,202,2226,TLSA,FAU,16.000,63.000,0,2.500,57.500,-115.000,-105.000,1.000,56.500,ESPN BET,151,151
401641006,2024,2,14,2024-11-30T21:00Z,0,1,98,55,WKU,JVST,19.000,17.000,0,0.500,62.500,-115.000,-105.000,-2.000,60.500,ESPN BET,12,12
401641014,2024,2,14,2024-11-30T21:00Z,0,1,2348,338,LT,KENN,33.000,0.000,0,-13.500,41.500,-425.000,320.000,-11.500,42.500,ESPN BET,12,12
401641031,2024,2,14,2024-11-30T21:00Z,0,1,166,2638,NMSU,UTEP,35.000,42.000,0,-3.500,51.500,-155.000,135.000,-2.000,51.500,ESPN BET,12,12
401636943,2024,2,14,2024-11-30T23:00Z,0,1,2132,2628,CIN,TCU,13.000,20.000,0,2.500,58.500,105.000,-125.000,2.000,58.500,ESPN BET,4,4
401643844,2024,2,14,2024-11-30T23:00Z,0,1,290,2026,GASO,APP,29.000,20.000,0,-2.500,60.500,-130.000,110.000,-2.500,62.500,ESPN BET,37,37
401643773,2024,2,14,2024-11-30T23:30Z,0,0,265,2751,WSU,WYO,14.000,15.000,0,-18.500,55.500,-900.000,550.000,-18.500,58.500,ESPN BET,9,17
401628438,2024,2,14,2024-12-01T00:00Z,0,0,52,57,FSU,FLA,11.000,31.000,0,17.500,45.500,500.000,-800.000,14.000,45.500,ESPN BET,1,8
401628441,2024,2,14,2024-12-01T00:00Z,0,1,99,201,LSU,OU,37.000,17.000,0,-4.500,47.500,-190.000,160.000,-6.000,47.500,ESPN BET,8,8
401628564,2024,2,14,2024-12-01T00:00Z,0,1,84,2509,IU,PUR,66.000,0.000,0,-28.500,56.500,-7500.000,2000.000,-28.500,56.500,ESPN BET,5,5
401628445,2024,2,14,2024-12-01T00:30Z,0,1,245,251,TA&M,TEX,7.000,17.000,0,4.500,49.500,150.000,-175.000,4.500,48.500,ESPN BET,8,8
401628569,2024,2,14,2024-12-01T00:30Z,0,1,2483,264,ORE,WASH,49.000,21.000,0,-17.500,50.500,-800.000,500.000,-19.000,51.500,ESPN BET,5,5
401636944,2024,2,14,2024-12-01T00:30Z,0,1,66,2306,ISU,KSU,29.000,21.000,0,-2.500,51.500,-135.000,115.000,-2.500,52.500,ESPN BET,4,4
401635640,2024,2,14,2024-12-01T01:00Z,0,1,259,258,VT,UVA,37.000,17.000,0,-4.500,44.500,-190.000,150.000,-7.000,48.500,ESPN BET,1,1
401643772,2024,2,14,2024-12-01T01:00Z,0,1,2439,2440,UNLV,NEV,38.000,14.000,0,-17.500,54.500,-1000.000,600.000,-19.000,55.500,ESPN BET,17,17
401643846,2024,2,14,2024-12-01T01:00Z,0,1,256,276,JMU,MRSH,33.000,35.000,1,-2.500,52.500,-170.000,145.000,-3.000,52.500,ESPN BET,37,37
401636942,2024,2,14,2024-12-01T03:15Z,0,1,252,248,BYU,HOU,30.000,18.000,0,-9.500,39.500,-425.000,320.000,-12.500,42.500,ESPN BET,4,4
401643768,2024,2,14,2024-12-01T03:30Z,0,1,21,2005,SDSU,AFA,20.000,31.000,0,6.500,43.500,195.000,-230.000,3.500,43.500,ESPN BET,17,17
401643771,2024,2,14,2024-12-01T04:00Z,0,1,62,167,HAW,UNM,38.000,30.000,0,6.500,61.500,180.000,-215.000,2.500,61.500,ESPN BET,17,17
401673466,2024,2,15,2024-12-07T00:00Z,0,0,55,98,JVST,WKU,52.000,12.000,0,-4.500,58.500,-185.000,155.000,-1.500,58.500,ESPN BET,12,12
401673462,2024,2,15,2024-12-07T01:00Z,0,0,349,2655,ARMY,TULN,35.000,14.000,0,4.500,46.500,170.000,-200.000,3.500,48.500,ESPN BET,151,151
401673468,2024,2,15,2024-12-07T01:00Z,0,0,68,2439,BOIS,UNLV,21.000,7.000,0,-3.500,57.500,-185.000,155.000,-4.500,60.500,ESPN BET,17,17
401673465,2024,2,15,2024-12-07T17:00Z,1,0,9,66,ASU,ISU,45.000,19.000,0,1.500,51.500,100.000,-120.000,-1.500,50.500,ESPN BET,4,4
401673467,2024,2,15,2024-12-07T17:00Z,1,0,193,195,M-OH,OHIO,3.000,38.000,0,-2.500,43.500,-130.000,110.000,-1.500,45.500,ESPN BET,15,15
401673469,2024,2,15,2024-12-07T21:00Z,1,0,251,61,TEX,UGA,19.000,22.000,1,-2.500,50.500,-155.000,135.000,0.000,50.500,ESPN BET,8,8
401673470,2024,2,15,2024-12-08T00:30Z,0,0,309,276,UL,MRSH,3.000,31.000,0,-4.500,57.500,-190.000,160.000,-4.000,57.500,ESPN BET,37,37
401673463,2024,2,15,2024-12-08T01:00Z,1,0,2567,228,SMU,CLEM,31.000,34.000,0,-2.500,56.500,-140.000,110.000,2.000,53.500,ESPN BET,1,1
401673464,2024,2,15,2024-12-08T01:00Z,1,0,2483,213,ORE,PSU,45.000,37.000,0,-3.500,51.500,-175.000,150.000,-3.000,50.500,ESPN BET,5,5
401645383,2024,2,16,2024-12-14T20:00Z,1,0,349,2426,ARMY,NAVY,13.000,31.000,0,-6.500,39.500,-225.000,190.000,-2.500,41.500,ESPN BET,151,151
401677077,2024,3,1,2024-12-15T02:00Z,1,0,2711,6,WMU,USA,23.000,30.000,0,5.500,54.500,190.000,-225.000,10.500,60.500,ESPN BET,15,37
401677080,2024,3,1,2024-12-18T02:00Z,1,0,277,235,WVU,MEM,37.000,42.000,0,5.500,60.500,165.000,-195.000,-3.500,58.500,ESPN BET,4,151
401677079,2024,3,1,2024-12-18T22:30Z,1,0,256,98,JMU,WKU,27.000,17.000,0,-7.500,50.500,-280.000,230.000,-4.500,53.500,ESPN BET,37,12
401677081,2024,3,1,2024-12-19T02:00Z,1,0,2439,25,UNLV,CAL,24.000,13.000,0,-3.500,44.500,-165.000,140.000,1.500,51.500,ESPN BET,17,1
401677082,2024,3,1,2024-12-20T00:00Z,1,0,2534,290,SHSU,GASO,31.000,26.000,0,3.500,48.500,130.000,-150.000,4.000,46.500,ESPN BET,12,37
401677083,2024,3,1,2024-12-20T17:00Z,1,0,55,195,JVST,OHIO,27.000,30.000,0,5.500,56.500,180.000,-215.000,1.500,53.500,ESPN BET,12,15
401677084,2024,3,1,2024-12-20T20:30Z,1,0,57,2655,FLA,TULN,33.000,8.000,0,-9.500,49.500,-380.000,290.000,-9.500,49.500,ESPN BET,8,151
401677179,2024,3,1,2024-12-21T01:00Z,0,0,87,84,ND,IU,27.000,17.000,0,-6.500,50.500,-260.000,215.000,-8.500,52.500,ESPN BET,18,5
401677178,2024,3,1,2024-12-21T17:00Z,0,0,213,2567,PSU,SMU,38.000,10.000,0,-7.500,50.500,-320.000,260.000,-8.500,52.500,ESPN BET,5,1
401677176,2024,3,1,2024-12-21T21:00Z,0,0,251,228,TEX,CLEM,38.000,24.000,0,-13.500,49.500,-650.000,425.000,-10.500,54.500,ESPN BET,8,1
401677177,2024,3,1,2024-12-22T01:00Z,0,0,194,2633,OSU,TENN,42.000,17.000,0,-7.500,46.500,-290.000,240.000,-7.000,47.500,ESPN BET,5,8
401677085,2024,3,1,2024-12-23T16:00Z,0,0,324,2636,CCU,UTSA,15.000,44.000,0,13.500,56.500,320.000,-425.000,-6.500,57.500,ESPN BET,37,151
401677086,2024,3,1,2024-12-23T19:30Z,1,0,278,2459,FRES,NIU,20.000,28.000,1,2.500,40.500,110.000,-130.000,2.000,40.500,ESPN BET,17,15
401677087,2024,3,1,2024-12-25T01:00Z,1,0,23,58,SJSU,USF,39.000,41.000,1,0.500,64.500,-110.000,-110.000,-2.500,62.500,ESPN BET,17,151
401677180,2024,3,1,2024-12-26T19:00Z,1,0,2649,221,TOL,PITT,48.000,46.000,1,6.500,48.500,190.000,-225.000,9.000,51.500,ESPN BET,15,1
401677088,2024,3,1,2024-12-26T22:40Z,1,0,2306,164,KSU,RUTG,44.000,41.000,0,-7.500,51.500,-270.000,220.000,-6.500,50.500,ESPN BET,4,5
401677089,2024,3,1,2024-12-27T02:10Z,1,0,189,2032,BGSU,ARST,31.000,38.000,0,-10.500,54.500,-340.000,270.000,-7.500,49.500,ESPN BET,15,37
401677090,2024,3,1,2024-12-27T17:00Z,1,0,2426,201,NAVY,OU,21.000,20.000,0,2.500,44.500,-105.000,-115.000,9.000,46.500,ESPN BET,151,8
401677091,2024,3,1,2024-12-27T20:30Z,1,0,238,59,VAN,GT,35.000,27.000,0,2.500,48.500,130.000,-150.000,2.500,54.500,ESPN BET,8,1
401677092,2024,3,1,2024-12-28T00:00Z,1,0,8,2641,ARK,TTU,39.000,26.000,0,3.500,52.500,145.000,-170.000,-2.500,59.500,ESPN BET,8,4
401729867,2024,3,1,2024-12-28T01:00Z,1,0,265,183,WSU,SYR,35.000,52.000,0,18.500,57.500,550.000,-900.000,4.500,61.500,ESPN BET,9,1
401677093,2024,3,1,2024-12-28T03:30Z,1,0,245,30,TA&M,USC,31.000,35.000,0,-3.500,56.500,-170.000,145.000,-1.000,50.500,ESPN BET,8,5
401677094,2024,3,1,2024-12-28T16:00Z,1,0,153,41,UNC,CONN,14.000,27.000,0,-1.500,52.500,-120.000,100.000,6.000,56.500,ESPN BET,1,18
401677095,2024,3,1,2024-12-28T17:00Z,1,0,158,103,NEB,BC,20.000,15.000,0,-3.500,47.500,-175.000,150.000,-3.500,45.500,ESPN BET,5,1
401677096,2024,3,1,2024-12-28T19:15Z,1,0,2628,309,TCU,UL,34.000,3.000,0,-9.500,59.500,-360.000,280.000,-9.500,61.500,ESPN BET,4,37
401677097,2024,3,1,2024-12-28T20:30Z,1,0,2390,66,MIA,ISU,41.000,42.000,0,-5.500,61.500,-215.000,180.000,2.500,52.500,ESPN BET,1,4
401677188,2024,3,1,2024-12-28T21:30Z,1,0,36,193,CSU,M-OH,17.000,43.000,0,1.500,42.500,-105.000,-115.000,2.500,42.500,ESPN BET,17,15
401677098,2024,3,1,2024-12-28T22:45Z,1,0,152,151,NCSU,ECU,21.000,26.000,0,-7.500,60.500,-280.000,230.000,-5.000,59.500,ESPN BET,1,151
401677099,2024,3,1,2024-12-29T00:30Z,1,0,38,252,COLO,BYU,14.000,36.000,0,-2.500,53.500,-150.000,130.000,0.000,53.500,ESPN BET,4,4
401677100,2024,3,1,2024-12-29T02:15Z,1,0,349,2348,ARMY,LT,27.000,6.000,0,-14.500,44.500,-800.000,500.000,-15.500,43.500,ESPN BET,151,12
401677101,2024,3,1,2024-12-30T19:30Z,1,0,142,2294,MIZ,IOWA,27.000,24.000,0,-1.500,41.500,-115.000,-105.000,-1.500,41.500,ESPN BET,8,5
401677102,2024,3,1,2024-12-31T17:00Z,1,0,130,333,MICH,ALA,19.000,13.000,0,16.500,45.500,550.000,-900.000,11.500,42.500,ESPN BET,5,8
401677190,2024,3,1,2024-12-31T19:00Z,1,0,264,97,WASH,LOU,34.000,35.000,0,-1.500,50.500,-120.000,100.000,4.500,50.500,ESPN BET,5,1
401677103,2024,3,1,2024-12-31T20:00Z,1,0,356,2579,ILL,SC,21.000,17.000,0,9.500,49.500,260.000,-320.000,10.500,47.500,ESPN BET,5,8
401677104,2024,3,1,2024-12-31T20:30Z,1,0,99,239,LSU,BAY,44.000,31.000,0,2.500,62.500,125.000,-145.000,0.000,60.500,ESPN BET,8,4
401677181,2024,3,1,2025-01-01T00:30Z,1,0,68,213,BOIS,PSU,14.000,31.000,0,11.500,54.500,300.000,-400.000,11.000,53.500,ESPN BET,17,5
401677182,2024,3,1,2025-01-01T18:00Z,1,0,9,251,ASU,TEX,31.000,39.000,1,13.500,52.500,360.000,-500.000,12.500,51.500,ESPN BET,4,8
401677183,2024,3,1,2025-01-01T22:00Z,1,0,2483,194,ORE,OSU,21.000,41.000,0,2.500,54.500,-110.000,-110.000,1.000,53.500,ESPN BET,5,5
401677184,2024,3,1,2025-01-02T21:00Z,1,0,61,87,UGA,ND,10.000,23.000,0,1.500,46.500,100.000,-120.000,1.500,43.500,ESPN BET,8,18
401677105,2024,3,1,2025-01-03T01:00Z,1,0,145,150,MISS,DUKE,52.000,20.000,0,-14.500,50.500,-1000.000,600.000,-12.000,54.500,ESPN BET,8,1
401677106,2024,3,1,2025-01-03T21:00Z,1,0,326,249,TXST,UNT,30.000,28.000,0,-15.500,66.500,-650.000,425.000,-9.000,67.500,ESPN BET,37,151
401677107,2024,3,1,2025-01-04T00:30Z,1,0,259,135,VT,MINN,10.000,24.000,0,10.500,43.500,300.000,-400.000,4.500,42.500,ESPN BET,1,5
401677108,2024,3,1,2025-01-04T16:00Z,1,0,2335,2084,LIB,BUFF,7.000,26.000,0,3.500,50.500,150.000,-175.000,-2.000,51.500,ESPN BET,12,15
401677189,2024,3,1,2025-01-10T00:30Z,1,0,213,87,PSU,ND,24.000,27.000,0,-1.500,45.500,-120.000,100.000,1.500,44.500,ESPN BET,5,18
401677191,2024,3,1,2025-01-11T00:30Z,1,0,251,194,TEX,OSU,14.000,28.000,0,5.500,51.500,190.000,-225.000,5.000,54.500,ESPN BET,8,5
401677192,2024,3,1,2025-01-21T00:30Z,1,0,87,194,ND,OSU,23.000,34.000,0,8.500,44.500,300.000,-400.000,9.500,46.500,ESPN BET,18,5
401756846,2025,2,1,2025-08-23T16:00Z,1,1,2306,66,KSU,ISU,21.000,24.000,0,-2.500,51.500,-140.000,120.000,-3.000,49.500,ESPN BET,4,4
401760371,2025,2,1,2025-08-23T20:00Z,0,0,2439,304,UNLV,IDST,38.000,31.000,0,-30.500,67.500,-10000.000,2500.000,-26.500,63.500,ESPN BET,17,20
401756847,2025,2,1,2025-08-23T22:30Z,0,0,2305,278,KU,FRES,31.000,7.000,0,-14.500,50.500,-700.000,450.000,-12.500,51.500,ESPN BET,4,17
401757218,2025,2,1,2025-08-23T23:00Z,0,1,98,2534,WKU,SHSU,41.000,24.000,0,-10.500,60.500,-400.000,300.000,-10.500,61.500,ESPN BET,12,12
401754516,2025,2,1,2025-08-23T23:30Z,0,0,62,24,HAW,STAN,23.000,20.000,0,-1.500,50.500,-120.000,100.000,2.500,53.500,ESPN BET,17,1
401762522,2025,2,1,2025-08-28T21:30Z,0,0,58,68,USF,BOIS,34.000,7.000,0,5.500,60.500,170.000,-200.000,5.500,63.500,ESPN BET,151,17
401752794,2025,2,1,2025-08-28T22:00Z,0,0,164,195,RUTG,OHIO,34.000,31.000,0,-15.500,53.500,-750.000,475.000,-15.500,49.500,ESPN BET,5,15
401762790,2025,2,1,2025-08-28T22:00Z,0,0,189,322,BGSU,LAF,26.000,7.000,0,-21.500,53.500,-1600.000,800.000,-13.500,52.500,ESPN BET,15,27
401754373,2025,2,1,2025-08-28T23:00Z,0,0,152,151,NCSU,ECU,24.000,17.000,0,-13.500,61.500,-550.000,380.000,-14.500,61.500,ESPN BET,1,151
401756848,2025,2,1,2025-08-28T23:00Z,0,0,2116,55,UCF,JVST,17.000,10.000,0,-20.500,52.500,-1600.000,800.000,-18.500,52.500,ESPN BET,4,12
401757219,2025,2,1,2025-08-28T23:00Z,0,0,48,2169,DEL,DSU,35.000,17.000,0,-30.500,55.500,-10000.000,2500.000,-32.500,54.500,ESPN BET,12,24
401761588,2025,2,1,2025-08-28T23:00Z,0,0,2433,2598,ULM,SFPA,29.000,0.000,0,-30.500,47.500,,,-26.500,45.500,ESPN BET,37,25
401762789,2025,2,1,2025-08-28T23:00Z,0,0,2006,2751,AKR,WYO,0.000,10.000,0,4.500,47.500,170.000,-200.000,6.500,48.500,ESPN BET,15,17
401752674,2025,2,1,2025-08-28T23:30Z,0,0,142,2110,MIZ,CARK,61.000,6.000,0,-39.500,53.500,,,-36.500,51.500,ESPN BET,8,177
401754517,2025,2,1,2025-08-28T23:30Z,0,0,150,2210,DUKE,ELON,45.000,17.000,0,,50.500,,,,47.500,ESPN BET,1,48
401756876,2025,2,1,2025-08-28T23:30Z,0,0,197,2630,OKST,UTM,27.000,7.000,0,,56.500,-4000.000,1300.000,,55.500,ESPN BET,4,179
401752793,2025,2,1,2025-08-29T00:00Z,0,0,135,2084,MINN,BUFF,23.000,10.000,0,-16.500,41.500,-900.000,550.000,-17.500,44.500,ESPN BET,5,15
401756852,2025,2,1,2025-08-29T00:00Z,0,0,248,2617,HOU,SFA,27.000,0.000,0,-23.500,54.500,-3000.000,1200.000,-22.500,55.500,ESPN BET,4,30
401762430,2025,2,1,2025-08-29T00:30Z,0,0,5,2011,UAB,ALST,52.000,42.000,0,-21.500,53.500,-2000.000,1000.000,-18.500,53.500,ESPN BET,151,31
401752796,2025,2,1,2025-08-29T01:00Z,1,0,2132,158,CIN,NEB,17.000,20.000,0,5.500,50.500,175.000,-210.000,6.500,54.500,ESPN BET,4,5
401762791,2025,2,1,2025-08-29T01:00Z,0,0,275,193,WIS,M-OH,17.000,0.000,0,-18.500,41.500,-1400.000,750.000,-17.500,39.500,ESPN BET,5,15
401760357,2025,2,1,2025-08-29T02:00Z,0,0,21,2619,SDSU,STBK,42.000,0.000,0,,53.500,-1600.000,800.000,,53.500,ESPN BET,17,48
401762432,2025,2,1,2025-08-29T22:00Z,0,0,349,2627,ARMY,TAR,27.000,30.000,1,-14.500,47.500,-600.000,400.000,-15.500,51.500,ESPN BET,151,177
401752802,2025,2,1,2025-08-29T23:00Z,0,0,127,2711,MSU,WMU,23.000,6.000,0,-22.500,50.500,-2000.000,1000.000,-20.500,49.500,ESPN BET,5,15
401754374,2025,2,1,2025-08-29T23:00Z,0,0,154,338,WAKE,KENN,10.000,9.000,0,-18.500,51.500,-1200.000,700.000,-17.500,51.500,ESPN BET,1,12
401761589,2025,2,1,2025-08-29T23:00Z,1,0,2429,2026,CLT,APP,11.000,34.000,0,19.500,,1300.000,-5000.000,6.500,,ESPN BET,151,37
401752795,2025,2,1,2025-08-29T23:30Z,0,0,356,2710,ILL,WIU,52.000,3.000,0,-48.500,63.500,,,-45.500,61.500,ESPN BET,5,179
401756854,2025,2,1,2025-08-29T23:30Z,0,0,2305,2681,KU,WAG,46.000,7.000,0,-45.500,57.500,,,-45.500,56.500,ESPN BET,4,25
401752667,2025,2,1,2025-08-30T00:00Z,0,0,239,2,BAY,AUB,24.000,38.000,0,-1.500,56.500,-110.000,-110.000,2.500,57.500,ESPN BET,4,8
401754375,2025,2,1,2025-08-30T00:00Z,0,0,38,59,COLO,GT,20.000,27.000,0,3.500,50.500,145.000,-170.000,4.500,52.500,ESPN BET,4,1
401766898,2025,2,1,2025-08-30T00:15Z,0,0,2229,2065,FIU,BCU,42.000,9.000,0,-26.500,54.500,-5000.000,1500.000,-30.500,54.500,ESPN BET,12,31
401757224,2025,2,1,2025-08-30T01:30Z,0,0,2534,2439,SHSU,UNLV,21.000,38.000,0,8.500,60.500,250.000,-300.000,10.500,62.500,ESPN BET,12,17
401760358,2025,2,1,2025-08-30T02:30Z,0,0,23,2117,SJSU,CMU,14.000,16.000,0,-14.500,51.500,-650.000,425.000,-11.500,50.500,ESPN BET,17,15
401752673,2025,2,1,2025-08-30T16:00Z,0,0,2572,344,USM,MSST,17.000,34.000,0,15.500,59.500,450.000,-700.000,13.500,61.500,ESPN BET,37,8
401752676,2025,2,1,2025-08-30T16:00Z,1,0,2633,183,TENN,SYR,45.000,26.000,0,-13.500,51.500,-650.000,425.000,-13.500,51.500,ESPN BET,8,1
401752677,2025,2,1,2025-08-30T16:00Z,0,0,194,251,OSU,TEX,14.000,7.000,0,-1.500,46.500,-125.000,105.000,-2.500,47.500,ESPN BET,5,8
401752797,2025,2,1,2025-08-30T16:00Z,0,0,120,2226,MD,FAU,39.000,7.000,0,-13.500,59.500,-550.000,380.000,-14.500,59.500,ESPN BET,5,151
401752801,2025,2,1,2025-08-30T16:00Z,0,0,2509,2050,PUR,BALL,31.000,0.000,0,-16.500,48.500,-800.000,500.000,-18.500,50.500,ESPN BET,5,15
401752803,2025,2,1,2025-08-30T16:00Z,0,0,2655,77,TULN,NU,23.000,3.000,0,-6.500,45.500,-230.000,195.000,-5.500,46.500,ESPN BET,151,5
401754520,2025,2,1,2025-08-30T16:00Z,0,0,221,2184,PITT,DUQ,61.000,9.000,0,-39.500,58.500,,,-38.500,55.500,ESPN BET,1,25
401762434,2025,2,1,2025-08-30T16:00Z,0,0,2426,2678,NAVY,VMI,52.000,7.000,0,-42.500,54.500,,,-41.500,50.500,ESPN BET,151,29
401762792,2025,2,1,2025-08-30T16:00Z,0,0,2309,2771,KENT,MRMK,21.000,17.000,0,,,,,,,,15,32
401752670,2025,2,1,2025-08-30T16:45Z,0,0,96,2649,UK,TOL,24.000,16.000,0,-9.500,48.500,-360.000,280.000,-9.500,48.500,ESPN BET,8,15
401754518,2025,2,1,2025-08-30T18:00Z,0,0,103,2230,BC,FOR,66.000,10.000,0,-34.500,52.500,-100000.000,4000.000,-37.500,53.500,ESPN BET,1,27
401756878,2025,2,1,2025-08-30T18:00Z,0,0,277,2523,WVU,RMU,45.000,3.000,0,-43.500,58.500,,,-38.500,55.500,ESPN BET,4,25
401757167,2025,2,1,2025-08-30T18:00Z,0,0,41,2115,CONN,CCSU,59.000,13.000,0,-29.500,51.500,-100000.000,4000.000,-28.500,51.500,ESPN BET,18,25
401752806,2025,2,1,2025-08-30T18:30Z,0,0,84,295,IU,ODU,27.000,14.000,0,-23.500,53.500,-3000.000,1200.000,-23.500,54.500,ESPN BET,5,37
401754519,2025,2,1,2025-08-30T19:00Z,0,0,97,2198,LOU,EKU,51.000,17.000,0,-37.500,57.500,,,-38.500,56.500,ESPN BET,1,177
401752665,2025,2,1,2025-08-30T19:30Z,0,0,52,333,FSU,ALA,31.000,17.000,0,13.500,46.500,450.000,-700.000,13.500,50.500,ESPN BET,1,8
401752669,2025,2,1,2025-08-30T19:30Z,0,0,61,276,UGA,MRSH,45.000,7.000,0,-38.500,51.500,,,-39.500,55.500,ESPN BET,8,37
401752807,2025,2,1,2025-08-30T19:30Z,0,0,213,2440,PSU,NEV,46.000,11.000,0,-43.500,54.500,,,-43.500,56.500,ESPN BET,5,17
401756853,2025,2,1,2025-08-30T19:30Z,0,0,66,233,ISU,SDAK,55.000,7.000,0,-13.500,47.500,-800.000,500.000,-15.500,46.500,ESPN BET,4,21
401760359,2025,2,1,2025-08-30T19:30Z,0,0,2005,2083,AFA,BUCK,49.000,13.000,0,-30.500,53.500,-20000.000,3000.000,-31.500,55.500,ESPN BET,17,27
401762456,2025,2,1,2025-08-30T19:30Z,0,0,113,218,MASS,TEM,10.000,42.000,0,2.500,48.500,110.000,-130.000,2.500,47.500,ESPN BET,15,151
401762793,2025,2,1,2025-08-30T19:30Z,0,0,2459,107,NIU,HC,19.000,17.000,0,-13.500,48.500,-425.000,320.000,-10.500,51.500,ESPN BET,15,27
401752804,2025,2,1,2025-08-30T20:00Z,0,0,2483,147,ORE,MTST,59.000,13.000,0,-28.500,55.500,-10000.000,2500.000,-25.500,55.500,ESPN BET,5,20
401757220,2025,2,1,2025-08-30T20:00Z,0,0,2335,311,LIB,ME,28.000,7.000,0,-25.500,50.500,-2500.000,1100.000,-26.000,52.500,ESPN BET,12,48
401752666,2025,2,1,2025-08-30T20:15Z,0,0,8,2010,ARK,AAMU,52.000,7.000,0,-45.500,62.500,,,-46.500,61.500,ESPN BET,8,31
401762433,2025,2,1,2025-08-30T20:30Z,0,0,235,236,MEM,UTC,45.000,10.000,0,-30.500,55.500,-10000.000,2500.000,-28.500,55.500,ESPN BET,151,29
401752675,2025,2,1,2025-08-30T22:00Z,0,0,201,2287,OU,ILST,35.000,3.000,0,-38.500,60.500,,,-35.500,60.500,ESPN BET,8,21
401752799,2025,2,1,2025-08-30T22:00Z,0,0,2294,399,IOWA,ALB,34.000,7.000,0,-39.500,48.500,,,-37.500,48.500,ESPN BET,5,48
401754616,2025,2,1,2025-08-30T22:00Z,0,0,258,324,UVA,CCU,48.000,7.000,0,-13.500,54.500,-550.000,380.000,-3.500,58.500,ESPN BET,1,37
401761590,2025,2,1,2025-08-30T22:00Z,0,0,256,2692,JMU,WEB,45.000,10.000,0,-27.500,54.500,-3000.000,1200.000,-31.000,54.500,ESPN BET,37,20
401752668,2025,2,1,2025-08-30T23:00Z,0,0,57,2341,FLA,LIU,55.000,0.000,0,-46.500,56.500,,,-45.500,56.500,ESPN BET,8,25
401752678,2025,2,1,2025-08-30T23:00Z,0,0,245,2636,TA&M,UTSA,42.000,24.000,0,-23.500,59.500,-2500.000,1100.000,-24.500,57.500,ESPN BET,8,151
401752679,2025,2,1,2025-08-30T23:00Z,0,0,238,2127,VAN,CHSO,45.000,3.000,0,-38.500,50.500,,,-36.000,48.500,ESPN BET,8,179
401756855,2025,2,1,2025-08-30T23:00Z,0,0,2306,155,KSU,UND,38.000,35.000,0,-27.500,55.500,-20000.000,3000.000,-38.500,56.500,ESPN BET,4,21
401757222,2025,2,1,2025-08-30T23:00Z,0,0,2393,2046,MTSU,APSU,14.000,34.000,0,-16.500,53.500,-800.000,500.000,-8.500,53.500,ESPN BET,12,177
401757226,2025,2,1,2025-08-30T23:00Z,0,0,98,2453,WKU,UNA,55.000,6.000,0,-27.500,60.500,-4000.000,1300.000,-27.500,60.500,ESPN BET,12,177
401761591,2025,2,1,2025-08-30T23:00Z,0,0,2032,2546,ARST,SEMO,42.000,24.000,0,-15.500,59.500,-700.000,450.000,-10.000,59.500,ESPN BET,37,179
401761593,2025,2,1,2025-08-30T23:00Z,0,0,6,2415,USA,MORG,38.000,21.000,0,-28.500,50.500,-7500.000,2000.000,-31.500,51.500,ESPN BET,37,24
401761595,2025,2,1,2025-08-30T23:00Z,0,0,2653,2447,TROY,NICH,38.000,20.000,0,-16.500,46.500,-900.000,550.000,-22.500,50.500,ESPN BET,37,30
401752671,2025,2,1,2025-08-30T23:30Z,0,0,228,99,CLEM,LSU,10.000,17.000,0,-5.500,55.500,-200.000,170.000,-3.500,57.500,ESPN BET,1,8
401752798,2025,2,1,2025-08-30T23:30Z,0,0,30,2623,USC,MOST,73.000,13.000,0,-36.500,60.500,,,-35.500,59.500,ESPN BET,5,12
401752808,2025,2,1,2025-08-30T23:30Z,0,0,130,167,MICH,UNM,34.000,17.000,0,-34.500,49.500,,,-34.500,49.500,ESPN BET,5,17
401756877,2025,2,1,2025-08-30T23:30Z,0,0,2641,2029,TTU,UAPB,67.000,7.000,0,,62.500,,,,61.500,ESPN BET,4,31
401757221,2025,2,1,2025-08-30T23:30Z,0,0,2348,2545,LT,SELA,24.000,0.000,0,-14.500,50.500,-550.000,380.000,-12.500,49.500,ESPN BET,12,30
401757225,2025,2,1,2025-08-30T23:30Z,0,0,328,2638,USU,UTEP,28.000,16.000,0,-4.500,58.500,-175.000,150.000,-6.500,61.500,ESPN BET,17,12
401752672,2025,2,1,2025-08-30T23:45Z,0,0,145,2247,MISS,GAST,63.000,7.000,0,-33.500,61.500,,,-35.500,60.500,ESPN BET,8,37
401756851,2025,2,1,2025-08-31T00:00Z,0,0,252,2502,BYU,PRST,69.000,0.000,0,-44.500,62.500,,,-34.500,56.500,ESPN BET,4,20
401761592,2025,2,1,2025-08-31T00:00Z,0,0,309,242,UL,RICE,12.000,14.000,0,-9.500,48.500,-380.000,290.000,-11.500,47.500,ESPN BET,37,151
401761594,2025,2,1,2025-08-31T00:00Z,0,0,326,2199,TXST,EMU,52.000,27.000,0,-13.500,56.500,-600.000,400.000,-13.500,58.500,ESPN BET,37,15
401762435,2025,2,1,2025-08-31T00:00Z,0,0,249,2320,UNT,LAM,51.000,0.000,0,-27.500,62.500,-4000.000,1300.000,-30.000,63.500,ESPN BET,151,30
401762457,2025,2,1,2025-08-31T00:00Z,0,0,202,2000,TLSA,ACU,35.000,7.000,0,-5.500,59.500,-210.000,175.000,-3.500,63.500,ESPN BET,151,177
401757223,2025,2,1,2025-08-31T01:00Z,0,0,166,2803,NMSU,BRY,19.000,3.000,0,-19.500,52.500,-1000.000,600.000,-19.500,53.500,ESPN BET,12,48
401754521,2025,2,1,2025-08-31T01:15Z,0,0,2567,2837,SMU,ETAM,42.000,13.000,0,-50.500,64.500,,,-49.500,63.500,ESPN BET,1,30
401760361,2025,2,1,2025-08-31T01:30Z,0,0,278,290,FRES,GASO,42.000,14.000,0,1.500,51.500,105.000,-125.000,-1.500,53.500,ESPN BET,17,37
401752947,2025,2,1,2025-08-31T02:00Z,0,0,265,70,WSU,IDHO,13.000,10.000,0,-16.500,50.500,-750.000,475.000,-9.000,50.500,ESPN BET,9,20
401756850,2025,2,1,2025-08-31T02:00Z,0,0,9,2464,ASU,NAU,38.000,19.000,0,-29.500,52.500,-7500.000,2000.000,-31.000,52.500,ESPN BET,4,20
401752936,2025,2,1,2025-08-31T02:30Z,0,0,204,25,ORST,CAL,15.000,34.000,0,2.500,48.500,125.000,-145.000,-1.500,50.500,ESPN BET,9,1
401756849,2025,2,1,2025-08-31T02:30Z,0,0,12,62,ARIZ,HAW,40.000,6.000,0,-15.500,55.500,-700.000,450.000,-17.500,52.500,ESPN BET,4,17
401752800,2025,2,1,2025-08-31T03:00Z,0,0,26,254,UCLA,UTAH,10.000,43.000,0,6.500,48.500,215.000,-260.000,5.500,52.500,ESPN BET,5,4
401752805,2025,2,1,2025-08-31T03:00Z,0,0,264,36,WASH,CSU,38.000,21.000,0,-22.500,51.500,-3000.000,1200.000,-22.500,54.500,ESPN BET,5,17
401752680,2025,2,1,2025-08-31T19:00Z,1,0,2579,259,SC,VT,24.000,11.000,0,-7.500,51.500,-240.000,200.000,-7.500,51.500,ESPN BET,8,1
401754522,2025,2,1,2025-08-31T23:30Z,0,0,2390,87,MIA,ND,27.000,24.000,0,2.500,50.500,125.000,-145.000,2.500,50.500,ESPN BET,1,18
401754523,2025,2,1,2025-09-02T00:00Z,0,0,153,2628,UNC,TCU,14.000,48.000,0,3.500,54.500,150.000,-175.000,2.500,58.500,ESPN BET,1,4
401754528,2025,2,2,2025-09-05T23:00Z,0,0,97,256,LOU,JMU,28.000,14.000,0,-15.500,56.500,-900.000,550.000,-14.500,57.500,ESPN BET,1,37
401752817,2025,2,2,2025-09-05T23:30Z,0,0,77,2710,NU,WIU,42.000,7.000,0,-30.500,48.500,-20000.000,3000.000,-28.000,51.500,ESPN BET,5,179
401752826,2025,2,2,2025-09-05T23:30Z,0,0,120,2459,MD,NIU,20.000,9.000,0,-16.500,44.500,-1000.000,600.000,-16.500,48.500,ESPN BET,5,15
401760363,2025,2,2,2025-09-06T01:00Z,0,0,68,331,BOIS,EWU,51.000,14.000,0,-33.500,60.500,-100000.000,4000.000,-28.500,55.500,ESPN BET,17,20
401752693,2025,2,2,2025-09-06T16:00Z,0,0,251,23,TEX,SJSU,38.000,7.000,0,-36.500,52.500,,,-35.500,51.500,ESPN BET,8,17
401752811,2025,2,2,2025-09-06T16:00Z,0,0,213,2229,PSU,FIU,34.000,0.000,0,-41.500,53.500,,,-41.500,54.500,ESPN BET,5,12
401752812,2025,2,2,2025-09-06T16:00Z,0,0,84,338,IU,KENN,56.000,9.000,0,-35.500,51.500,,,-35.500,50.500,ESPN BET,5,12
401752813,2025,2,2,2025-09-06T16:00Z,0,0,135,2466,MINN,NWST,66.000,0.000,0,,51.500,,,,50.500,ESPN BET,5,30
401752822,2025,2,2,2025-09-06T16:00Z,0,0,66,2294,ISU,IOWA,16.000,13.000,0,-3.500,43.500,-165.000,140.000,-3.500,42.500,ESPN BET,4,5
401752825,2025,2,2,2025-09-06T16:00Z,0,0,150,356,DUKE,ILL,19.000,45.000,0,2.500,49.500,115.000,-135.000,3.500,50.500,ESPN BET,1,5
401754524,2025,2,2,2025-09-06T16:00Z,0,0,152,258,NCSU,UVA,35.000,31.000,0,-2.500,52.500,-150.000,130.000,-2.500,54.500,ESPN BET,1,1
401754525,2025,2,2,2025-09-06T16:00Z,0,0,2567,239,SMU,BAY,45.000,48.000,1,-2.500,65.500,-150.000,130.000,-3.500,65.500,ESPN BET,1,4
401754529,2025,2,2,2025-09-06T16:00Z,0,0,221,2117,PITT,CMU,45.000,17.000,0,-21.500,48.500,-2000.000,1000.000,-21.500,53.500,ESPN BET,1,15
401754618,2025,2,2,2025-09-06T16:00Z,0,0,183,41,SYR,CONN,27.000,20.000,1,-7.500,57.500,-275.000,225.000,-7.500,59.500,ESPN BET,1,18
401754621,2025,2,2,2025-09-06T16:00Z,0,0,52,2837,FSU,ETAM,77.000,3.000,0,-43.500,56.500,,,-44.500,57.500,ESPN BET,1,30
401756885,2025,2,2,2025-09-06T16:00Z,0,0,2641,2309,TTU,KENT,62.000,14.000,0,-47.500,59.500,,,-48.500,60.500,ESPN BET,4,15
401757227,2025,2,2,2025-09-06T16:00Z,0,1,55,2335,JVST,LIB,34.000,24.000,0,6.500,50.500,180.000,-215.000,5.500,52.500,ESPN BET,12,12
401752694,2025,2,2,2025-09-06T16:45Z,0,0,245,328,TA&M,USU,44.000,22.000,0,-34.500,57.500,,,-29.500,55.500,ESPN BET,8,17
401762462,2025,2,2,2025-09-06T18:00Z,0,0,218,47,TEM,HOW,55.000,7.000,0,-27.500,45.500,-10000.000,2500.000,-25.500,46.500,ESPN BET,151,24
401752685,2025,2,2,2025-09-06T18:28Z,0,0,61,2046,UGA,APSU,28.000,6.000,0,-46.500,56.500,,,-48.500,55.500,ESPN BET,8,177
401760366,2025,2,2,2025-09-06T19:00Z,0,0,167,304,UNM,IDST,32.000,22.000,0,-17.500,60.500,-900.000,550.000,-17.000,63.500,ESPN BET,17,20
401752686,2025,2,2,2025-09-06T19:30Z,0,1,96,145,UK,MISS,23.000,30.000,0,7.500,51.500,260.000,-320.000,9.500,52.500,ESPN BET,8,8
401752689,2025,2,2,2025-09-06T19:30Z,0,0,142,2305,MIZ,KU,42.000,31.000,0,-6.500,49.500,-200.000,170.000,-6.500,50.500,ESPN BET,8,4
401752692,2025,2,2,2025-09-06T19:30Z,0,0,2633,2193,TENN,ETSU,72.000,17.000,0,-40.500,58.500,,,-41.500,56.500,ESPN BET,8,29
401752815,2025,2,2,2025-09-06T19:30Z,0,0,194,2755,OSU,GRAM,70.000,0.000,0,-51.500,64.500,,,-55.500,62.500,ESPN BET,5,31
401752824,2025,2,2,2025-09-06T19:30Z,0,0,2483,197,ORE,OKST,69.000,3.000,0,-28.500,55.500,,,-27.500,58.500,ESPN BET,5,4
401752937,2025,2,2,2025-09-06T19:30Z,0,0,204,278,ORST,FRES,27.000,36.000,0,-1.500,44.500,-120.000,100.000,-2.500,48.500,ESPN BET,9,17
401754622,2025,2,2,2025-09-06T19:30Z,0,0,59,2241,GT,GWEB,59.000,12.000,0,-37.500,58.500,,,-37.500,58.500,ESPN BET,1,179
401754637,2025,2,2,2025-09-06T19:30Z,0,0,228,2653,CLEM,TROY,27.000,16.000,0,-29.500,51.500,,,-31.500,51.500,ESPN BET,1,37
401756880,2025,2,2,2025-09-06T19:30Z,0,0,2132,189,CIN,BGSU,34.000,20.000,0,-21.500,46.500,-2000.000,1000.000,-20.500,46.500,ESPN BET,4,15
401756881,2025,2,2,2025-09-06T19:30Z,0,0,38,48,COLO,DEL,31.000,7.000,0,-23.500,49.500,-2500.000,1100.000,-24.500,50.500,ESPN BET,4,12
401761596,2025,2,2,2025-09-06T19:30Z,0,0,2026,2815,APP,LIN,20.000,13.000,0,-29.500,54.500,,,-31.500,52.500,ESPN BET,37,179
401761603,2025,2,2,2025-09-06T19:30Z,0,0,2636,326,UTSA,TXST,36.000,43.000,0,-4.500,64.500,-195.000,165.000,-4.500,66.500,ESPN BET,151,37
401762458,2025,2,2,2025-09-06T19:30Z,0,1,2426,5,NAVY,UAB,38.000,24.000,0,-22.500,58.500,-1800.000,900.000,-21.500,59.500,ESPN BET,151,151
401762461,2025,2,2,2025-09-06T19:30Z,0,0,2711,249,WMU,UNT,30.000,33.000,1,12.500,56.500,360.000,-500.000,10.500,60.500,ESPN BET,15,151
401762794,2025,2,2,2025-09-06T19:30Z,0,0,2084,2598,BUFF,SFPA,45.000,6.000,0,-37.500,48.500,,,-36.500,49.500,ESPN BET,15,25
401752820,2025,2,2,2025-09-06T20:00Z,0,0,275,2393,WIS,MTSU,42.000,10.000,0,-28.500,44.500,,,-28.500,46.500,ESPN BET,5,12
401756883,2025,2,2,2025-09-06T20:00Z,0,0,195,277,OHIO,WVU,17.000,10.000,0,3.500,58.500,150.000,-175.000,3.500,60.500,ESPN BET,15,4
401760367,2025,2,2,2025-09-06T20:00Z,0,0,2751,2460,WYO,UNI,31.000,7.000,0,-13.500,45.500,-750.000,475.000,-13.500,47.500,ESPN BET,17,21
401752684,2025,2,2,2025-09-06T20:15Z,0,0,57,58,FLA,USF,16.000,18.000,0,-18.500,58.500,-1000.000,600.000,-16.500,54.500,ESPN BET,8,151
401754620,2025,2,2,2025-09-06T20:25Z,0,0,154,2717,WAKE,WCU,42.000,10.000,0,-17.500,59.500,-1200.000,700.000,-20.000,61.500,ESPN BET,1,29
401752818,2025,2,2,2025-09-06T20:30Z,0,0,164,193,RUTG,M-OH,45.000,17.000,0,-15.500,45.500,-800.000,500.000,-13.500,48.500,ESPN BET,5,15
401752682,2025,2,2,2025-09-06T21:00Z,0,0,8,2032,ARK,ARST,56.000,14.000,0,-24.500,61.500,-3000.000,1200.000,-23.500,63.500,ESPN BET,8,37
401760365,2025,2,2,2025-09-06T21:00Z,0,0,2440,16,NEV,SAC,20.000,17.000,0,-9.500,55.500,-300.000,250.000,-7.500,54.500,ESPN BET,17,20
401761602,2025,2,2,2025-09-06T21:00Z,0,0,2572,2296,USM,JKST,38.000,20.000,0,-13.500,52.500,-600.000,400.000,-14.500,52.500,ESPN BET,37,31
401762816,2025,2,2,2025-09-06T21:30Z,0,0,113,2803,MASS,BRY,26.000,27.000,0,-16.500,52.500,-750.000,475.000,-14.000,52.500,ESPN BET,15,48
401754530,2025,2,2,2025-09-06T22:00Z,0,0,25,2640,CAL,TXSO,35.000,3.000,0,-44.500,54.500,,,-45.000,53.500,ESPN BET,1,31
401756887,2025,2,2,2025-09-06T22:00Z,0,0,254,13,UTAH,CP,63.000,9.000,0,-42.500,52.500,,,-42.000,51.500,ESPN BET,4,20
401757228,2025,2,2,2025-09-06T22:00Z,0,0,276,2623,MRSH,MOST,20.000,21.000,0,-7.500,53.500,-275.000,225.000,-9.500,56.500,ESPN BET,37,12
401761599,2025,2,2,2025-09-06T22:00Z,0,0,295,2428,ODU,NCCU,54.000,6.000,0,-21.500,48.500,-2000.000,1000.000,-20.000,50.500,ESPN BET,37,24
401762459,2025,2,2,2025-09-06T22:00Z,0,0,151,2097,ECU,CAM,56.000,3.000,0,-30.500,55.500,-10000.000,2500.000,-30.000,52.500,ESPN BET,151,48
401762460,2025,2,2,2025-09-06T22:00Z,0,0,2226,50,FAU,FAMU,56.000,14.000,0,-21.500,50.500,-2000.000,1000.000,-21.000,45.500,ESPN BET,151,31
401752691,2025,2,2,2025-09-06T23:00Z,0,0,2579,2569,SC,SCST,38.000,10.000,0,-42.500,54.500,,,-42.000,52.500,ESPN BET,8,24
401754527,2025,2,2,2025-09-06T23:00Z,0,0,2429,153,CLT,UNC,3.000,20.000,0,16.500,49.500,550.000,-900.000,13.500,47.500,ESPN BET,151,1
401754641,2025,2,2,2025-09-06T23:00Z,0,0,2390,2065,MIA,BCU,45.000,3.000,0,-54.500,64.500,,,-56.500,64.500,ESPN BET,1,31
401756882,2025,2,2,2025-09-06T23:00Z,0,0,2306,349,KSU,ARMY,21.000,24.000,0,-16.500,48.500,-800.000,500.000,-17.500,46.500,ESPN BET,4,151
401756884,2025,2,2,2025-09-06T23:00Z,0,0,242,248,RICE,HOU,9.000,35.000,0,13.500,38.500,450.000,-700.000,12.500,40.500,ESPN BET,151,4
401756886,2025,2,2,2025-09-06T23:00Z,0,0,2116,2448,UCF,NCAT,68.000,7.000,0,-37.000,51.500,,,-39.500,49.500,ESPN BET,4,48
401757232,2025,2,2,2025-09-06T23:00Z,0,0,2649,98,TOL,WKU,45.000,21.000,0,-7.500,56.500,-290.000,240.000,-6.500,58.500,ESPN BET,15,12
401760364,2025,2,2,2025-09-06T23:00Z,0,0,36,2458,CSU,UNCO,21.000,17.000,0,-34.500,52.500,-100000.000,4000.000,-34.500,52.500,ESPN BET,17,20
401761598,2025,2,2,2025-09-06T23:00Z,0,0,2247,235,GAST,MEM,16.000,38.000,0,15.500,57.500,500.000,-800.000,13.500,54.500,ESPN BET,37,151
401761601,2025,2,2,2025-09-06T23:00Z,0,0,6,2655,USA,TULN,31.000,33.000,0,13.500,51.500,425.000,-650.000,10.500,51.500,ESPN BET,37,151
401762795,2025,2,2,2025-09-06T23:00Z,0,0,2199,2341,EMU,LIU,23.000,28.000,0,-21.500,53.500,-2000.000,1000.000,-23.500,54.500,ESPN BET,15,25
401752683,2025,2,2,2025-09-06T23:30Z,0,0,2,2050,AUB,BALL,42.000,3.000,0,-42.500,52.500,,,-42.500,54.500,ESPN BET,8,15
401752687,2025,2,2,2025-09-06T23:30Z,0,0,99,2348,LSU,LT,23.000,7.000,0,-36.500,49.500,,,-32.500,52.500,ESPN BET,8,12
401752688,2025,2,2,2025-09-06T23:30Z,0,0,344,9,MSST,ASU,24.000,20.000,0,5.500,58.500,175.000,-210.000,6.500,59.500,ESPN BET,8,4
401752690,2025,2,2,2025-09-06T23:30Z,0,0,201,130,OU,MICH,24.000,13.000,0,-3.500,44.500,-185.000,155.000,-5.500,45.500,ESPN BET,8,5
401752695,2025,2,2,2025-09-06T23:30Z,0,0,259,238,VT,VAN,20.000,44.000,0,-2.500,46.500,-130.000,110.000,-1.500,47.500,ESPN BET,1,8
401752810,2025,2,2,2025-09-06T23:30Z,0,0,158,2006,NEB,AKR,68.000,0.000,0,-33.500,47.500,,,-33.500,47.500,ESPN BET,5,15
401752814,2025,2,2,2025-09-06T23:30Z,0,0,30,290,USC,GASO,59.000,20.000,0,-28.500,62.500,,,-27.500,64.500,ESPN BET,5,37
401752816,2025,2,2,2025-09-06T23:30Z,0,0,127,103,MSU,BC,42.000,40.000,1,-3.500,45.500,-165.000,140.000,-3.500,46.500,ESPN BET,5,1
401752819,2025,2,2,2025-09-06T23:30Z,0,0,2509,79,PUR,SIU,34.000,17.000,0,-22.500,52.500,-4000.000,1300.000,-19.500,51.500,ESPN BET,5,21
401761597,2025,2,2,2025-09-06T23:30Z,0,0,324,2127,CCU,CHSO,13.000,0.000,0,-27.500,48.500,-7500.000,2000.000,-28.500,49.500,ESPN BET,37,179
401752681,2025,2,2,2025-09-06T23:45Z,0,0,333,2433,ALA,ULM,73.000,0.000,0,-34.500,50.500,,,-36.500,50.500,ESPN BET,8,37
401752823,2025,2,2,2025-09-07T00:00Z,0,0,2439,26,UNLV,UCLA,30.000,23.000,0,2.500,54.500,115.000,-135.000,3.500,55.500,ESPN BET,17,5
401761600,2025,2,2,2025-09-07T00:00Z,0,0,309,2377,UL,MCN,34.000,10.000,0,-19.500,49.500,-1600.000,800.000,-20.000,51.500,ESPN BET,37,30
401757229,2025,2,2,2025-09-07T01:00Z,0,0,166,202,NMSU,TLSA,21.000,14.000,0,3.500,53.500,135.000,-155.000,3.500,52.500,ESPN BET,12,151
401757231,2025,2,2,2025-09-07T01:00Z,0,0,2638,2630,UTEP,UTM,42.000,17.000,0,-7.500,49.500,-260.000,215.000,-5.000,51.500,ESPN BET,12,179
401756879,2025,2,2,2025-09-07T02:00Z,0,0,12,2692,ARIZ,WEB,48.000,3.000,0,-31.500,56.500,-10000.000,2500.000,-32.500,56.500,ESPN BET,4,20
401752948,2025,2,2,2025-09-07T02:15Z,0,0,265,21,WSU,SDSU,36.000,13.000,0,-2.500,46.500,-125.000,105.000,-1.500,45.500,ESPN BET,9,17
401754526,2025,2,2,2025-09-07T02:15Z,0,0,252,24,BYU,STAN,27.000,3.000,0,-20.500,43.500,-1600.000,800.000,-17.500,47.500,ESPN BET,4,1
401752821,2025,2,2,2025-09-07T03:00Z,0,0,264,302,WASH,UCD,70.000,10.000,0,-29.500,54.500,-7500.000,2000.000,-28.000,53.500,ESPN BET,5,20
401757230,2025,2,2,2025-09-07T03:59Z,0,0,62,2534,HAW,SHSU,37.000,20.000,0,-7.500,48.500,-275.000,225.000,-8.500,49.500,ESPN BET,17,12
401754531,2025,2,3,2025-09-11T23:30Z,0,1,154,152,WAKE,NCSU,24.000,34.000,0,7.500,52.500,230.000,-280.000,7.500,56.500,ESPN BET,1,1
401752836,2025,2,3,2025-09-12T22:30Z,0,0,84,282,IU,INST,73.000,0.000,0,,60.500,,,,59.500,ESPN BET,5,21
401754532,2025,2,3,2025-09-12T23:00Z,0,0,183,2142,SYR,COLG,66.000,24.000,0,-37.500,64.500,-50000.000,3500.000,-37.500,66.500,ESPN BET,1,27
401756893,2025,2,3,2025-09-12T23:30Z,0,1,248,38,HOU,COLO,36.000,20.000,0,-3.500,45.500,-190.000,160.000,-3.500,43.500,ESPN BET,4,4
401756888,2025,2,3,2025-09-13T01:00Z,0,0,12,2306,ARIZ,KSU,23.000,17.000,0,1.500,56.500,-105.000,-115.000,1.500,54.500,ESPN BET,4,4
401752837,2025,2,3,2025-09-13T02:00Z,0,0,26,167,UCLA,UNM,10.000,35.000,0,-15.500,52.500,-700.000,450.000,-14.500,52.500,ESPN BET,5,17
401752696,2025,2,3,2025-09-13T16:00Z,0,0,333,275,ALA,WIS,38.000,14.000,0,-18.500,45.500,-1400.000,750.000,-19.500,46.500,ESPN BET,8,5
401752703,2025,2,3,2025-09-13T16:00Z,0,0,218,201,TEM,OU,3.000,42.000,0,24.500,51.500,1250.000,-3000.000,25.500,51.500,ESPN BET,151,8
401752828,2025,2,3,2025-09-13T16:00Z,0,0,158,2277,NEB,HCU,59.000,7.000,0,-46.500,57.500,,,-42.500,54.500,ESPN BET,5,30
401752831,2025,2,3,2025-09-13T16:00Z,0,1,77,2483,NU,ORE,14.000,34.000,0,24.500,50.500,1100.000,-2500.000,27.500,50.500,ESPN BET,5,5
401752838,2025,2,3,2025-09-13T16:00Z,0,0,120,119,MD,TOW,44.000,17.000,0,-28.500,53.500,-7500.000,2000.000,-28.000,50.500,ESPN BET,5,48
401752839,2025,2,3,2025-09-13T16:00Z,0,0,130,2117,MICH,CMU,63.000,3.000,0,-27.500,42.500,-4000.000,1300.000,-27.500,42.500,ESPN BET,5,15
401754619,2025,2,3,2025-09-13T16:00Z,0,0,258,2729,UVA,W&M,55.000,16.000,0,-29.500,52.500,-10000.000,2500.000,-26.500,51.500,ESPN BET,1,48
401754623,2025,2,3,2025-09-13T16:00Z,0,1,59,228,GT,CLEM,24.000,21.000,0,2.500,49.500,130.000,-150.000,6.500,52.500,ESPN BET,1,1
401756891,2025,2,3,2025-09-13T16:00Z,0,0,239,2535,BAY,SAM,42.000,7.000,0,-52.500,64.500,,,-47.500,58.500,ESPN BET,4,29
401761608,2025,2,3,2025-09-13T16:00Z,0,0,2653,235,TROY,MEM,7.000,28.000,0,4.500,51.500,165.000,-195.000,6.500,50.500,ESPN BET,37,151
401762817,2025,2,3,2025-09-13T16:00Z,0,1,2309,2084,KENT,BUFF,28.000,31.000,0,24.500,47.500,1500.000,-5000.000,22.500,48.500,ESPN BET,15,15
401752697,2025,2,3,2025-09-13T16:45Z,0,0,2,6,AUB,USA,31.000,15.000,0,-26.500,55.500,-5000.000,1500.000,-25.500,53.500,ESPN BET,8,37
401752702,2025,2,3,2025-09-13T17:00Z,0,0,142,309,MIZ,UL,52.000,10.000,0,-27.500,46.500,-5000.000,1500.000,-22.500,50.500,ESPN BET,8,37
401762818,2025,2,3,2025-09-13T18:00Z,0,0,2050,160,BALL,UNH,34.000,29.000,0,-2.500,46.500,-135.000,115.000,2.500,47.500,ESPN BET,15,48
401757168,2025,2,3,2025-09-13T19:00Z,0,0,48,41,DEL,CONN,44.000,41.000,1,9.500,51.500,290.000,-380.000,10.500,52.500,ESPN BET,12,18
401752705,2025,2,3,2025-09-13T19:30Z,0,1,2633,61,TENN,UGA,41.000,44.000,1,3.500,50.500,135.000,-155.000,6.500,49.500,ESPN BET,8,8
401752833,2025,2,3,2025-09-13T19:30Z,0,0,164,2450,RUTG,NORF,60.000,10.000,0,-45.500,55.500,,,-42.500,51.500,ESPN BET,5,24
401752834,2025,2,3,2025-09-13T19:30Z,0,0,127,2754,MSU,YSU,41.000,24.000,0,-27.500,56.500,-4000.000,1300.000,-23.500,52.500,ESPN BET,5,21
401752835,2025,2,3,2025-09-13T19:30Z,0,0,213,222,PSU,VILL,52.000,6.000,0,-47.500,56.500,,,-48.500,55.500,ESPN BET,5,48
401752938,2025,2,3,2025-09-13T19:30Z,0,0,2641,204,TTU,ORST,45.000,14.000,0,-23.500,61.500,-2500.000,1100.000,-24.500,60.500,ESPN BET,4,9
401752949,2025,2,3,2025-09-13T19:30Z,0,0,249,265,UNT,WSU,59.000,10.000,0,-6.500,58.500,-270.000,220.000,-5.500,58.500,ESPN BET,151,9
401754615,2025,2,3,2025-09-13T19:30Z,0,0,2623,2567,MOST,SMU,10.000,28.000,0,28.500,59.500,1800.000,-6000.000,27.500,61.500,ESPN BET,12,1
401754638,2025,2,3,2025-09-13T19:30Z,0,0,277,221,WVU,PITT,31.000,24.000,1,6.500,54.500,240.000,-290.000,5.500,57.500,ESPN BET,4,1
401754639,2025,2,3,2025-09-13T19:30Z,0,0,153,257,UNC,RICH,41.000,6.000,0,-24.500,47.500,-4000.000,1300.000,-23.500,46.500,ESPN BET,1,27
401756892,2025,2,3,2025-09-13T19:30Z,0,0,2132,2466,CIN,NWST,70.000,0.000,0,,56.500,,,,52.500,ESPN BET,4,30
401762467,2025,2,3,2025-09-13T19:30Z,0,0,2636,2916,UTSA,UIW,48.000,20.000,0,-21.500,62.500,-1400.000,750.000,-16.500,61.500,ESPN BET,151,30
401762819,2025,2,3,2025-09-13T19:30Z,0,0,2649,2415,TOL,MORG,60.000,0.000,0,-33.500,54.500,-50000.000,3500.000,-33.500,51.500,ESPN BET,15,24
401756890,2025,2,3,2025-09-13T20:00Z,0,0,2032,66,ARST,ISU,16.000,24.000,0,20.500,55.500,1100.000,-2500.000,21.500,54.500,ESPN BET,37,4
401752706,2025,2,3,2025-09-13T20:15Z,0,0,251,2638,TEX,UTEP,27.000,10.000,0,-40.500,52.500,,,-36.500,54.500,ESPN BET,8,12
401754535,2025,2,3,2025-09-13T20:30Z,0,0,2390,58,MIA,USF,49.000,12.000,0,-17.500,56.500,-800.000,500.000,-15.500,54.500,ESPN BET,1,151
401757256,2025,2,3,2025-09-13T21:00Z,0,0,189,2335,BGSU,LIB,23.000,13.000,0,6.500,51.500,190.000,-225.000,7.500,51.500,ESPN BET,15,12
401757258,2025,2,3,2025-09-13T21:00Z,0,0,2440,2393,NEV,MTSU,13.000,14.000,0,-9.500,49.500,-340.000,270.000,-8.500,47.500,ESPN BET,17,12
401752701,2025,2,3,2025-09-13T22:00Z,0,0,344,2016,MSST,ALCN,63.000,0.000,0,,54.500,,,,52.500,ESPN BET,8,31
401757235,2025,2,3,2025-09-13T22:00Z,0,0,338,2771,KENN,MRMK,27.000,13.000,0,-17.500,44.500,-1000.000,600.000,-9.500,44.500,ESPN BET,12,32
401761606,2025,2,3,2025-09-13T22:00Z,0,0,276,2198,MRSH,EKU,38.000,7.000,0,-17.500,51.500,-600.000,400.000,-16.500,50.500,ESPN BET,37,177
401762464,2025,2,3,2025-09-13T22:00Z,0,0,2429,2405,CLT,MONM,42.000,35.000,0,-2.500,65.500,-130.000,110.000,-3.500,68.500,ESPN BET,151,48
401752832,2025,2,3,2025-09-13T22:45Z,0,1,2509,30,PUR,USC,17.000,33.000,0,20.500,59.500,900.000,-1800.000,21.500,59.500,ESPN BET,5,5
401752700,2025,2,3,2025-09-13T23:00Z,0,1,145,8,MISS,ARK,41.000,35.000,0,-4.500,60.500,-170.000,145.000,-8.500,60.500,ESPN BET,8,8
401752827,2025,2,3,2025-09-13T23:00Z,0,0,194,195,OSU,OHIO,37.000,9.000,0,-28.500,49.500,,,-31.500,52.500,ESPN BET,5,15
401752829,2025,2,3,2025-09-13T23:00Z,0,0,356,2711,ILL,WMU,38.000,0.000,0,-27.500,50.500,-5000.000,1500.000,-27.500,50.500,ESPN BET,5,15
401754536,2025,2,3,2025-09-13T23:00Z,0,0,259,295,VT,ODU,26.000,45.000,0,-5.500,50.500,-225.000,190.000,-6.500,51.500,ESPN BET,1,37
401757234,2025,2,3,2025-09-13T23:00Z,0,0,290,55,GASO,JVST,41.000,34.000,0,-3.500,57.500,-165.000,140.000,-3.500,57.500,ESPN BET,37,12
401761605,2025,2,3,2025-09-13T23:00Z,0,0,2247,93,GAST,MUR,37.000,21.000,0,-31.500,63.500,,,-31.500,63.500,ESPN BET,37,21
401761607,2025,2,3,2025-09-13T23:00Z,0,1,2572,2026,USM,APP,38.000,22.000,0,2.500,56.500,125.000,-145.000,-2.500,53.500,ESPN BET,37,37
401762466,2025,2,3,2025-09-13T23:00Z,0,0,242,2504,RICE,PV,38.000,17.000,0,-29.500,48.500,-10000.000,2500.000,-28.000,48.500,ESPN BET,151,31
401752698,2025,2,3,2025-09-13T23:30Z,0,0,96,2199,UK,EMU,48.000,23.000,0,-26.500,50.500,-3000.000,1200.000,-25.500,48.500,ESPN BET,8,15
401752699,2025,2,3,2025-09-13T23:30Z,0,1,99,57,LSU,FLA,20.000,10.000,0,-5.500,47.500,-230.000,195.000,-8.500,50.500,ESPN BET,8,8
401752707,2025,2,3,2025-09-13T23:30Z,0,0,87,245,ND,TA&M,40.000,41.000,0,-7.500,48.500,-290.000,240.000,-9.500,49.500,ESPN BET,18,8
401752830,2025,2,3,2025-09-13T23:30Z,0,0,2294,113,IOWA,MASS,47.000,7.000,0,-35.500,44.500,,,-35.500,43.500,ESPN BET,5,15
401757257,2025,2,3,2025-09-13T23:30Z,0,1,2348,166,LT,NMSU,49.000,14.000,0,-10.500,42.500,-380.000,290.000,-12.500,46.500,ESPN BET,12,12
401761604,2025,2,3,2025-09-13T23:30Z,0,0,324,151,CCU,ECU,0.000,38.000,0,7.500,56.500,220.000,-270.000,6.500,55.500,ESPN BET,37,151
401752704,2025,2,3,2025-09-13T23:45Z,0,1,2579,238,SC,VAN,7.000,31.000,0,-2.500,48.500,-145.000,125.000,-5.500,47.500,ESPN BET,8,8
401754534,2025,2,3,2025-09-14T00:00Z,0,0,2655,150,TULN,DUKE,34.000,27.000,0,1.500,53.500,-110.000,-110.000,-2.500,52.500,ESPN BET,151,1
401756894,2025,2,3,2025-09-14T00:00Z,0,0,2628,2000,TCU,ACU,42.000,21.000,0,-41.500,58.500,,,-37.500,56.500,ESPN BET,4,177
401756895,2025,2,3,2025-09-14T00:00Z,0,0,2751,254,WYO,UTAH,6.000,31.000,0,24.500,47.500,1300.000,-4000.000,22.500,48.500,ESPN BET,17,4
401762465,2025,2,3,2025-09-14T00:00Z,0,1,202,2426,TLSA,NAVY,23.000,42.000,0,13.500,53.500,400.000,-600.000,14.500,53.500,ESPN BET,151,151
401757233,2025,2,3,2025-09-14T00:30Z,0,0,2229,2226,FIU,FAU,38.000,28.000,0,-1.500,56.500,-130.000,110.000,-4.500,54.500,ESPN BET,12,151
401762463,2025,2,3,2025-09-14T00:30Z,0,0,5,2006,UAB,AKR,31.000,28.000,0,-13.500,59.500,-550.000,380.000,-11.500,53.500,ESPN BET,151,15
401760368,2025,2,3,2025-09-14T01:45Z,0,1,328,2005,USU,AFA,49.000,30.000,0,3.500,51.500,155.000,-185.000,4.500,50.500,ESPN BET,17,17
401760369,2025,2,3,2025-09-14T02:00Z,0,0,278,2582,FRES,SOU,56.000,7.000,0,-35.500,50.500,,,-35.500,48.500,ESPN BET,17,31
401752840,2025,2,3,2025-09-14T02:30Z,0,0,25,135,CAL,MINN,27.000,14.000,0,3.500,39.500,140.000,-165.000,2.500,43.500,ESPN BET,1,5
401754533,2025,2,3,2025-09-14T02:30Z,0,1,24,103,STAN,BC,30.000,20.000,0,13.500,46.500,450.000,-700.000,11.500,44.500,ESPN BET,1,1
401756889,2025,2,3,2025-09-14T02:30Z,0,0,9,326,ASU,TXST,34.000,15.000,0,-18.500,61.500,-1000.000,600.000,-14.500,58.500,ESPN BET,4,37
401760370,2025,2,3,2025-09-14T03:59Z,0,0,62,2502,HAW,PRST,23.000,3.000,0,-36.500,54.500,-100000.000,4000.000,-38.500,52.500,ESPN BET,17,20
401762468,2025,2,4,2025-09-18T23:30Z,0,1,2429,242,CLT,RICE,17.000,28.000,0,1.500,41.500,110.000,-130.000,5.500,44.500,ESPN BET,151,151
401756900,2025,2,4,2025-09-19T23:30Z,0,0,197,202,OKST,TLSA,12.000,19.000,0,-10.500,54.500,-425.000,320.000,-13.500,55.500,ESPN BET,4,151
401752844,2025,2,4,2025-09-20T00:00Z,0,1,164,2294,RUTG,IOWA,28.000,38.000,0,2.500,46.500,110.000,-130.000,2.500,46.500,ESPN BET,5,5
401752708,2025,2,4,2025-09-20T16:00Z,0,0,235,8,MEM,ARK,32.000,31.000,0,7.500,59.500,230.000,-280.000,6.500,61.500,ESPN BET,151,8
401752845,2025,2,4,2025-09-20T16:00Z,0,1,275,120,WIS,MD,10.000,27.000,0,-10.500,44.500,-400.000,300.000,-6.500,43.500,ESPN BET,5,5
401754537,2025,2,4,2025-09-20T16:00Z,0,1,228,183,CLEM,SYR,21.000,34.000,0,-17.500,53.500,-900.000,550.000,-16.500,55.500,ESPN BET,1,1
401754617,2025,2,4,2025-09-20T16:00Z,0,0,259,2747,VT,WOF,38.000,6.000,0,,51.500,,,,48.500,ESPN BET,1,29
401754636,2025,2,4,2025-09-20T16:00Z,0,0,2628,2567,TCU,SMU,35.000,24.000,0,-6.500,63.500,-215.000,180.000,-6.500,63.500,ESPN BET,4,1
401754642,2025,2,4,2025-09-20T16:00Z,0,0,97,189,LOU,BGSU,40.000,17.000,0,-25.500,50.500,-5000.000,1500.000,-27.500,52.500,ESPN BET,1,15
401756901,2025,2,4,2025-09-20T16:00Z,0,1,254,2641,UTAH,TTU,10.000,34.000,0,-3.500,58.500,-165.000,140.000,-4.500,56.500,ESPN BET,4,4
401760376,2025,2,4,2025-09-20T16:00Z,0,0,193,2439,M-OH,UNLV,38.000,41.000,0,1.500,49.500,110.000,-130.000,3.500,48.500,ESPN BET,15,17
401762469,2025,2,4,2025-09-20T16:00Z,0,1,349,249,ARMY,UNT,38.000,45.000,1,2.500,50.500,115.000,-135.000,-1.500,53.500,ESPN BET,151,151
401762470,2025,2,4,2025-09-20T16:00Z,0,0,58,2569,USF,SCST,63.000,14.000,0,-35.500,58.500,-100000.000,4000.000,-28.500,56.500,ESPN BET,151,24
401752715,2025,2,4,2025-09-20T16:45Z,0,0,2633,5,TENN,UAB,56.000,24.000,0,-38.500,68.500,,,-37.500,68.500,ESPN BET,8,151
401762822,2025,2,4,2025-09-20T17:00Z,0,0,2117,2681,CMU,WAG,49.000,10.000,0,-30.500,46.500,-20000.000,3000.000,-28.500,45.500,ESPN BET,15,25
401752841,2025,2,4,2025-09-20T19:00Z,0,0,2483,204,ORE,ORST,41.000,7.000,0,-34.500,58.500,,,-34.500,56.500,ESPN BET,5,9
401752711,2025,2,4,2025-09-20T19:30Z,0,0,145,2655,MISS,TULN,45.000,10.000,0,-11.500,61.500,-425.000,320.000,-12.500,61.500,ESPN BET,8,151
401752714,2025,2,4,2025-09-20T19:30Z,0,1,201,2,OU,AUB,24.000,17.000,0,-6.500,47.500,-240.000,200.000,-6.500,49.500,ESPN BET,8,8
401752846,2025,2,4,2025-09-20T19:30Z,0,1,158,130,NEB,MICH,27.000,30.000,0,1.500,48.500,100.000,-120.000,2.500,44.500,ESPN BET,5,5
401752848,2025,2,4,2025-09-20T19:30Z,0,0,87,2509,ND,PUR,56.000,30.000,0,-24.500,51.500,-3000.000,1200.000,-26.500,52.500,ESPN BET,18,5
401754541,2025,2,4,2025-09-20T19:30Z,0,0,52,2309,FSU,KENT,66.000,10.000,0,-45.500,56.500,,,-42.500,56.500,ESPN BET,1,15
401754640,2025,2,4,2025-09-20T19:30Z,0,0,2116,153,UCF,UNC,34.000,9.000,0,-7.500,45.500,-280.000,230.000,-6.500,50.500,ESPN BET,4,1
401757169,2025,2,4,2025-09-20T19:30Z,0,0,41,2050,CONN,BALL,31.000,25.000,0,-20.500,53.500,-1800.000,900.000,-20.500,51.500,ESPN BET,18,15
401757262,2025,2,4,2025-09-20T19:30Z,0,0,2335,256,LIB,JMU,13.000,31.000,0,7.500,46.500,240.000,-290.000,11.500,49.500,ESPN BET,12,37
401761610,2025,2,4,2025-09-20T19:30Z,0,0,2199,309,EMU,UL,34.000,31.000,0,1.500,51.500,110.000,-130.000,2.500,51.500,ESPN BET,15,37
401761613,2025,2,4,2025-09-20T19:30Z,0,0,2084,2653,BUFF,TROY,17.000,21.000,0,-6.500,43.500,-215.000,180.000,-7.500,42.500,ESPN BET,15,37
401762820,2025,2,4,2025-09-20T19:30Z,0,1,2711,2649,WMU,TOL,14.000,13.000,0,11.500,48.500,380.000,-550.000,13.500,52.500,ESPN BET,15,15
401762823,2025,2,4,2025-09-20T19:30Z,0,0,195,2241,OHIO,GWEB,52.000,35.000,0,-29.500,54.500,-7500.000,2000.000,-25.500,51.500,ESPN BET,15,179
401754538,2025,2,4,2025-09-20T20:00Z,0,1,150,152,DUKE,NCSU,45.000,33.000,0,-3.500,57.500,-150.000,130.000,-2.500,58.500,ESPN BET,1,1
401752712,2025,2,4,2025-09-20T20:15Z,0,0,344,2459,MSST,NIU,38.000,10.000,0,-24.500,48.500,-4000.000,1300.000,-22.500,49.500,ESPN BET,8,15
401760375,2025,2,4,2025-09-20T21:00Z,0,0,23,70,SJSU,IDHO,31.000,28.000,0,-13.500,51.500,-650.000,425.000,-14.500,50.500,ESPN BET,17,20
401754542,2025,2,4,2025-09-20T21:05Z,0,0,59,218,GT,TEM,45.000,24.000,0,-24.500,52.500,-2500.000,1100.000,-23.500,53.500,ESPN BET,1,151
401756899,2025,2,4,2025-09-20T22:00Z,0,1,2305,277,KU,WVU,41.000,10.000,0,-13.500,54.500,-550.000,380.000,-12.500,54.500,ESPN BET,4,4
401757259,2025,2,4,2025-09-20T22:00Z,0,1,2229,48,FIU,DEL,16.000,38.000,0,-5.500,54.500,-195.000,165.000,-4.500,59.500,ESPN BET,12,12
401757261,2025,2,4,2025-09-20T22:00Z,0,0,338,2032,KENN,ARST,28.000,21.000,0,4.500,58.500,160.000,-190.000,7.500,54.500,ESPN BET,12,37
401762821,2025,2,4,2025-09-20T22:00Z,0,0,2006,2184,AKR,DUQ,51.000,7.000,0,-10.500,51.500,-400.000,300.000,-7.000,51.500,ESPN BET,15,25
401752713,2025,2,4,2025-09-20T23:00Z,0,1,142,2579,MIZ,SC,29.000,20.000,0,-10.500,48.500,-380.000,290.000,-11.500,45.500,ESPN BET,8,8
401757260,2025,2,4,2025-09-20T23:00Z,0,0,55,93,JVST,MUR,45.000,10.000,0,-35.500,60.500,-100000.000,4000.000,-35.500,60.500,ESPN BET,12,21
401757264,2025,2,4,2025-09-20T23:00Z,0,0,2393,276,MTSU,MRSH,28.000,42.000,0,2.500,45.500,115.000,-135.000,3.500,47.500,ESPN BET,12,37
401757265,2025,2,4,2025-09-20T23:00Z,0,0,2623,2630,MOST,UTM,42.000,10.000,0,-14.500,54.500,,,-14.000,52.500,ESPN BET,12,179
401757268,2025,2,4,2025-09-20T23:00Z,0,0,98,2440,WKU,NEV,31.000,16.000,0,-7.500,54.500,-290.000,240.000,-10.500,55.500,ESPN BET,12,17
401760372,2025,2,4,2025-09-20T23:00Z,0,1,2005,68,AFA,BOIS,37.000,49.000,0,11.500,51.500,320.000,-425.000,8.500,52.500,ESPN BET,17,17
401761609,2025,2,4,2025-09-20T23:00Z,0,0,290,311,GASO,ME,45.000,17.000,0,-20.500,57.500,-1400.000,750.000,-24.000,55.500,ESPN BET,37,48
401761611,2025,2,4,2025-09-20T23:00Z,0,1,6,324,USA,CCU,20.000,38.000,0,-14.500,52.500,-700.000,450.000,-14.500,51.500,ESPN BET,37,37
401752709,2025,2,4,2025-09-20T23:30Z,0,0,2390,57,MIA,FLA,26.000,7.000,0,-8.500,51.500,-340.000,270.000,-9.500,52.500,ESPN BET,1,8
401752716,2025,2,4,2025-09-20T23:30Z,0,0,238,2247,VAN,GAST,70.000,21.000,0,-26.500,52.500,-5000.000,1500.000,-26.500,53.500,ESPN BET,8,37
401752842,2025,2,4,2025-09-20T23:30Z,0,0,265,264,WSU,WASH,24.000,59.000,0,20.500,52.500,900.000,-1800.000,20.500,53.500,ESPN BET,9,5
401752843,2025,2,4,2025-09-20T23:30Z,0,1,84,356,IU,ILL,63.000,10.000,0,-7.500,50.500,-275.000,225.000,-4.500,52.500,ESPN BET,5,5
401754539,2025,2,4,2025-09-20T23:30Z,0,1,258,24,UVA,STAN,48.000,20.000,0,-16.500,49.500,-800.000,500.000,-16.500,49.500,ESPN BET,1,1
401756896,2025,2,4,2025-09-20T23:30Z,0,1,239,9,BAY,ASU,24.000,27.000,0,-1.500,61.500,-125.000,105.000,-2.500,58.500,ESPN BET,4,4
401756898,2025,2,4,2025-09-20T23:30Z,0,0,151,252,ECU,BYU,13.000,34.000,0,5.500,49.500,175.000,-210.000,7.500,48.500,ESPN BET,151,4
401757263,2025,2,4,2025-09-20T23:30Z,0,0,2348,2572,LT,USM,30.000,20.000,0,-3.500,50.500,-150.000,130.000,-1.500,51.500,ESPN BET,12,37
401752710,2025,2,4,2025-09-20T23:45Z,0,0,99,2545,LSU,SELA,56.000,10.000,0,-48.500,60.500,,,-38.500,51.500,ESPN BET,8,30
401752723,2025,2,4,2025-09-21T00:00Z,0,0,251,2534,TEX,SHSU,55.000,0.000,0,-39.500,51.500,,,-40.500,51.500,ESPN BET,8,12
401760377,2025,2,4,2025-09-21T00:00Z,0,0,328,2377,USU,MCN,48.000,7.000,0,-23.500,62.500,-1800.000,900.000,-23.500,61.500,ESPN BET,17,30
401761612,2025,2,4,2025-09-21T00:00Z,0,0,326,2447,TXST,NICH,35.000,3.000,0,-32.500,56.500,-20000.000,3000.000,-29.000,54.500,ESPN BET,37,30
401757267,2025,2,4,2025-09-21T01:00Z,0,0,2638,2433,UTEP,ULM,25.000,31.000,0,-5.500,46.500,-215.000,180.000,-4.500,46.500,ESPN BET,12,37
401760373,2025,2,4,2025-09-21T01:30Z,0,0,36,2636,CSU,UTSA,16.000,17.000,0,5.500,58.500,180.000,-215.000,3.500,58.500,ESPN BET,17,151
401756897,2025,2,4,2025-09-21T02:25Z,0,0,38,2751,COLO,WYO,37.000,20.000,0,-12.500,45.500,-500.000,360.000,-13.500,44.500,ESPN BET,4,17
401754540,2025,2,4,2025-09-21T02:30Z,0,0,21,25,SDSU,CAL,34.000,0.000,0,13.500,45.500,400.000,-600.000,13.500,49.500,ESPN BET,17,1
401752847,2025,2,4,2025-09-21T03:00Z,0,1,30,127,USC,MSU,45.000,31.000,0,-18.500,55.500,-1600.000,800.000,-15.500,56.500,ESPN BET,5,5
401760374,2025,2,4,2025-09-21T03:59Z,0,1,62,278,HAW,FRES,21.000,23.000,0,2.500,47.500,115.000,-135.000,3.500,47.500,ESPN BET,17,17
401762471,2025,2,5,2025-09-25T23:30Z,0,1,151,349,ECU,ARMY,28.000,6.000,0,-3.500,52.500,-165.000,140.000,-3.500,53.500,ESPN BET,151,151
401754543,2025,2,5,2025-09-26T23:00Z,0,1,258,52,UVA,FSU,46.000,38.000,1,6.500,60.500,225.000,-275.000,7.500,51.500,ESPN BET,1,1
401756902,2025,2,5,2025-09-27T01:00Z,0,1,9,2628,ASU,TCU,27.000,24.000,0,-2.500,54.500,-145.000,125.000,-1.500,56.500,ESPN BET,4,4
401752939,2025,2,5,2025-09-27T02:35Z,0,0,204,248,ORST,HOU,24.000,27.000,1,11.500,48.500,360.000,-500.000,10.500,48.500,ESPN BET,9,4
401752717,2025,2,5,2025-09-27T16:00Z,0,0,8,87,ARK,ND,13.000,56.000,0,5.500,62.500,170.000,-200.000,6.500,58.500,ESPN BET,8,18
401752849,2025,2,5,2025-09-27T16:00Z,0,1,135,164,MINN,RUTG,31.000,28.000,0,-3.500,51.500,-175.000,150.000,-3.500,51.500,ESPN BET,5,5
401752850,2025,2,5,2025-09-27T16:00Z,0,1,356,30,ILL,USC,34.000,32.000,0,6.500,62.500,200.000,-240.000,1.500,56.500,ESPN BET,5,5
401754545,2025,2,5,2025-09-27T16:00Z,0,1,183,150,SYR,DUKE,3.000,38.000,0,3.500,59.500,150.000,-175.000,5.500,58.500,ESPN BET,1,1
401754546,2025,2,5,2025-09-27T16:00Z,0,1,154,59,WAKE,GT,29.000,30.000,1,11.500,53.500,360.000,-500.000,14.500,53.500,ESPN BET,1,1
401754547,2025,2,5,2025-09-27T16:00Z,0,1,221,97,PITT,LOU,27.000,34.000,0,3.500,52.500,125.000,-145.000,3.500,55.500,ESPN BET,1,1
401756905,2025,2,5,2025-09-27T16:00Z,0,1,2305,2132,KU,CIN,34.000,37.000,0,-4.500,57.500,-200.000,170.000,-5.500,54.500,ESPN BET,4,4
401756906,2025,2,5,2025-09-27T16:00Z,0,1,2306,2116,KSU,UCF,34.000,20.000,0,-5.500,48.500,-215.000,180.000,-6.500,50.500,ESPN BET,4,4
401761617,2025,2,5,2025-09-27T16:00Z,0,0,249,6,UNT,USA,36.000,22.000,0,-11.500,63.500,-450.000,340.000,-12.500,63.500,ESPN BET,151,37
401762825,2025,2,5,2025-09-27T16:00Z,0,1,195,189,OHIO,BGSU,35.000,20.000,0,-7.500,49.500,-300.000,250.000,-10.500,50.500,ESPN BET,15,15
401752725,2025,2,5,2025-09-27T16:45Z,0,0,238,328,VAN,USU,55.000,35.000,0,-24.500,58.500,-4000.000,1300.000,-21.500,59.500,ESPN BET,8,17
401762826,2025,2,5,2025-09-27T17:00Z,0,1,2117,2199,CMU,EMU,24.000,13.000,0,-3.500,55.500,-155.000,135.000,-5.500,54.500,ESPN BET,15,15
401761614,2025,2,5,2025-09-27T17:30Z,0,1,256,290,JMU,GASO,35.000,10.000,0,-16.500,54.500,-750.000,475.000,-16.500,53.500,ESPN BET,37,37
401761616,2025,2,5,2025-09-27T19:00Z,0,1,2433,2032,ULM,ARST,28.000,16.000,0,-1.500,55.500,-125.000,105.000,-3.500,55.500,ESPN BET,37,37
401752719,2025,2,5,2025-09-27T19:30Z,0,1,145,99,MISS,LSU,24.000,19.000,0,-3.500,58.500,-145.000,125.000,1.500,56.500,ESPN BET,8,8
401752724,2025,2,5,2025-09-27T19:30Z,0,1,245,2,TA&M,AUB,16.000,10.000,0,-6.500,51.500,-225.000,190.000,-6.500,46.500,ESPN BET,8,8
401752851,2025,2,5,2025-09-27T19:30Z,0,1,77,26,NU,UCLA,17.000,14.000,0,-6.500,46.500,-215.000,180.000,-6.500,45.500,ESPN BET,5,5
401752852,2025,2,5,2025-09-27T19:30Z,0,1,264,194,WASH,OSU,6.000,24.000,0,9.500,52.500,290.000,-380.000,13.500,48.500,ESPN BET,5,5
401752853,2025,2,5,2025-09-27T19:30Z,0,1,2294,84,IOWA,IU,15.000,20.000,0,8.500,47.500,260.000,-320.000,3.500,48.500,ESPN BET,5,5
401754544,2025,2,5,2025-09-27T19:30Z,0,1,103,25,BC,CAL,24.000,28.000,0,-6.500,54.500,-215.000,180.000,-6.500,52.500,ESPN BET,1,1
401756907,2025,2,5,2025-09-27T19:30Z,0,1,197,239,OKST,BAY,27.000,45.000,0,21.500,58.500,900.000,-1800.000,20.500,59.500,ESPN BET,4,4
401756908,2025,2,5,2025-09-27T19:30Z,0,1,277,254,WVU,UTAH,14.000,48.000,0,12.500,46.500,360.000,-500.000,9.500,49.500,ESPN BET,4,4
401757170,2025,2,5,2025-09-27T19:30Z,0,0,2084,41,BUFF,CONN,17.000,20.000,0,2.500,51.500,125.000,-145.000,2.500,51.500,ESPN BET,15,18
401760380,2025,2,5,2025-09-27T19:30Z,0,0,2459,21,NIU,SDSU,3.000,6.000,0,1.500,42.500,100.000,-120.000,2.500,43.500,ESPN BET,15,17
401762473,2025,2,5,2025-09-27T19:30Z,0,1,2426,242,NAVY,RICE,21.000,13.000,0,-14.500,45.500,-800.000,500.000,-14.500,45.500,ESPN BET,151,151
401762824,2025,2,5,2025-09-27T19:30Z,0,1,2649,2006,TOL,AKR,45.000,3.000,0,-22.500,49.500,-3000.000,1200.000,-21.500,48.500,ESPN BET,15,15
401762827,2025,2,5,2025-09-27T19:30Z,0,0,193,2815,M-OH,LIN,38.000,0.000,0,-22.500,49.500,-2500.000,1100.000,-20.500,50.500,ESPN BET,15,179
401757274,2025,2,5,2025-09-27T20:00Z,0,0,167,166,UNM,NMSU,38.000,20.000,0,-17.500,53.500,-1000.000,600.000,-13.500,54.500,ESPN BET,17,12
401760378,2025,2,5,2025-09-27T20:00Z,0,1,2005,62,AFA,HAW,35.000,44.000,0,-6.500,52.500,-260.000,215.000,-4.500,53.500,ESPN BET,17,17
401762474,2025,2,5,2025-09-27T20:00Z,0,1,202,2655,TLSA,TULN,14.000,31.000,0,14.500,52.500,500.000,-800.000,13.500,53.500,ESPN BET,151,151
401752720,2025,2,5,2025-09-27T20:15Z,0,1,344,2633,MSST,TENN,34.000,41.000,1,7.500,63.500,240.000,-290.000,9.500,61.500,ESPN BET,8,8
401757270,2025,2,5,2025-09-27T22:00Z,0,1,338,2393,KENN,MTSU,24.000,16.000,0,-7.500,54.500,-270.000,220.000,-6.500,52.500,ESPN BET,12,12
401757271,2025,2,5,2025-09-27T22:00Z,0,0,295,2335,ODU,LIB,21.000,7.000,0,-14.500,53.500,-800.000,500.000,-15.500,52.500,ESPN BET,37,12
401762828,2025,2,5,2025-09-27T22:30Z,0,0,2711,227,WMU,URI,47.000,14.000,0,-8.500,44.500,-300.000,250.000,-7.500,46.500,ESPN BET,15,48
401754548,2025,2,5,2025-09-27T23:00Z,0,1,152,259,NCSU,VT,21.000,23.000,0,-10.500,56.500,-425.000,320.000,-10.500,58.500,ESPN BET,1,1
401756904,2025,2,5,2025-09-27T23:00Z,0,1,66,12,ISU,ARIZ,39.000,14.000,0,-4.500,48.500,-190.000,160.000,-7.500,49.500,ESPN BET,4,4
401757269,2025,2,5,2025-09-27T23:00Z,0,0,2572,55,USM,JVST,42.000,25.000,0,-5.500,55.500,-210.000,175.000,-4.500,57.500,ESPN BET,37,12
401757273,2025,2,5,2025-09-27T23:00Z,0,1,2623,98,MOST,WKU,22.000,27.000,0,3.500,59.500,150.000,-175.000,5.500,60.500,ESPN BET,12,12
401762472,2025,2,5,2025-09-27T23:00Z,0,1,2226,235,FAU,MEM,26.000,55.000,0,13.500,62.500,400.000,-600.000,13.500,61.500,ESPN BET,151,151
401752718,2025,2,5,2025-09-27T23:30Z,0,1,61,333,UGA,ALA,21.000,24.000,0,-2.500,52.500,-145.000,125.000,-3.500,53.500,ESPN BET,8,8
401752721,2025,2,5,2025-09-27T23:30Z,0,0,142,113,MIZ,MASS,42.000,6.000,0,-44.500,56.500,,,-43.500,55.500,ESPN BET,8,15
401752854,2025,2,5,2025-09-27T23:30Z,0,1,213,2483,PSU,ORE,24.000,30.000,1,-4.500,52.500,-190.000,160.000,-3.500,53.500,ESPN BET,5,5
401752950,2025,2,5,2025-09-27T23:30Z,0,0,36,265,CSU,WSU,3.000,20.000,0,-6.500,48.500,-200.000,170.000,-4.500,50.500,ESPN BET,17,9
401754549,2025,2,5,2025-09-27T23:30Z,0,0,24,23,STAN,SJSU,30.000,29.000,0,-3.500,49.500,-150.000,130.000,-2.500,49.500,ESPN BET,1,17
401760379,2025,2,5,2025-09-27T23:30Z,0,0,68,2026,BOIS,APP,47.000,14.000,0,-17.500,59.500,-900.000,550.000,-16.500,61.500,ESPN BET,17,37
401752722,2025,2,5,2025-09-27T23:45Z,0,1,2579,96,SC,UK,35.000,13.000,0,-6.500,46.500,-225.000,190.000,-6.500,47.500,ESPN BET,8,8
401761615,2025,2,5,2025-09-28T00:00Z,0,1,309,276,UL,MRSH,54.000,51.000,1,1.500,48.500,100.000,-120.000,-2.500,46.500,ESPN BET,37,37
401757272,2025,2,5,2025-09-28T01:00Z,0,1,2638,2348,UTEP,LT,11.000,30.000,0,3.500,47.500,135.000,-155.000,3.500,48.500,ESPN BET,12,12
401756903,2025,2,5,2025-09-28T02:15Z,0,1,38,252,COLO,BYU,21.000,24.000,0,6.500,48.500,200.000,-240.000,6.500,47.500,ESPN BET,4,4
401757275,2025,2,6,2025-10-03T01:00Z,0,1,166,2534,NMSU,SHSU,37.000,10.000,0,1.500,53.500,105.000,-125.000,1.500,51.500,ESPN BET,12,12
401757276,2025,2,6,2025-10-03T23:00Z,0,1,48,98,DEL,WKU,24.000,27.000,0,-2.500,63.500,-150.000,130.000,-2.500,62.500,ESPN BET,12,12
401762475,2025,2,6,2025-10-03T23:00Z,0,1,58,2429,USF,CLT,54.000,26.000,0,-28.500,54.500,-7500.000,2000.000,-28.500,54.500,ESPN BET,151,151
401760384,2025,2,6,2025-10-04T02:00Z,0,1,23,167,SJSU,UNM,35.000,28.000,0,-2.500,58.500,-130.000,110.000,-2.500,57.500,ESPN BET,17,17
401756909,2025,2,6,2025-10-04T02:30Z,0,1,252,277,BYU,WVU,38.000,24.000,0,-19.500,46.500,-1600.000,800.000,-20.500,49.500,ESPN BET,4,4
401760382,2025,2,6,2025-10-04T02:30Z,0,1,21,36,SDSU,CSU,45.000,24.000,0,-4.500,40.500,-190.000,160.000,-5.500,38.500,ESPN BET,17,17
401752728,2025,2,6,2025-10-04T16:00Z,0,1,61,96,UGA,UK,35.000,14.000,0,-19.500,49.500,-1600.000,800.000,-20.500,50.500,ESPN BET,8,8
401752856,2025,2,6,2025-10-04T16:00Z,0,1,130,275,MICH,WIS,24.000,10.000,0,-17.500,42.500,-1000.000,600.000,-16.500,41.500,ESPN BET,5,5
401752861,2025,2,6,2025-10-04T16:00Z,0,1,2509,356,PUR,ILL,27.000,43.000,0,7.500,55.500,225.000,-275.000,7.500,54.500,ESPN BET,5,5
401754550,2025,2,6,2025-10-04T16:00Z,0,1,221,103,PITT,BC,48.000,7.000,0,-6.500,54.500,-250.000,210.000,-4.500,54.500,ESPN BET,1,1
401754552,2025,2,6,2025-10-04T16:00Z,0,1,153,228,UNC,CLEM,10.000,38.000,0,15.500,47.500,500.000,-800.000,13.500,48.500,ESPN BET,1,1
401756911,2025,2,6,2025-10-04T16:00Z,0,1,239,2306,BAY,KSU,35.000,34.000,0,-4.500,60.500,-175.000,150.000,-5.500,61.500,ESPN BET,4,4
401756912,2025,2,6,2025-10-04T16:00Z,0,1,2132,66,CIN,ISU,38.000,30.000,0,-1.500,55.500,-120.000,100.000,-1.500,51.500,ESPN BET,4,4
401760381,2025,2,6,2025-10-04T16:00Z,0,0,2426,2005,NAVY,AFA,34.000,31.000,0,-13.500,51.500,-550.000,380.000,-12.500,49.500,ESPN BET,151,17
401762476,2025,2,6,2025-10-04T16:00Z,0,1,5,349,UAB,ARMY,13.000,31.000,0,6.500,55.500,180.000,-215.000,7.500,58.500,ESPN BET,151,151
401762830,2025,2,6,2025-10-04T16:00Z,0,1,2050,195,BALL,OHIO,20.000,14.000,0,14.500,52.500,475.000,-750.000,16.500,51.500,ESPN BET,15,15
401754556,2025,2,6,2025-10-04T17:00Z,0,1,259,154,VT,WAKE,23.000,30.000,0,-4.500,51.500,-190.000,160.000,-6.500,51.500,ESPN BET,1,1
401762479,2025,2,6,2025-10-04T17:00Z,0,1,218,2636,TEM,UTSA,27.000,21.000,0,6.500,57.500,195.000,-230.000,6.500,58.500,ESPN BET,151,151
401754557,2025,2,6,2025-10-04T18:00Z,0,0,152,2097,NCSU,CAM,56.000,10.000,0,-41.500,60.500,,,-42.500,61.500,ESPN BET,1,48
401762832,2025,2,6,2025-10-04T18:30Z,0,1,113,2711,MASS,WMU,3.000,21.000,0,12.500,45.500,320.000,-425.000,12.500,45.500,ESPN BET,15,15
401756910,2025,2,6,2025-10-04T19:00Z,0,1,12,197,ARIZ,OKST,41.000,13.000,0,-23.500,56.500,-3000.000,1200.000,-18.500,56.500,ESPN BET,4,4
401752726,2025,2,6,2025-10-04T19:30Z,0,1,333,238,ALA,VAN,30.000,14.000,0,-13.500,58.500,-550.000,380.000,-11.500,56.500,ESPN BET,8,8
401752727,2025,2,6,2025-10-04T19:30Z,0,1,57,251,FLA,TEX,29.000,21.000,0,4.500,42.500,165.000,-195.000,6.500,41.500,ESPN BET,8,8
401752855,2025,2,6,2025-10-04T19:30Z,0,1,26,213,UCLA,PSU,42.000,37.000,0,24.500,47.500,1500.000,-5000.000,25.500,49.500,ESPN BET,5,5
401752857,2025,2,6,2025-10-04T19:30Z,0,1,120,264,MD,WASH,20.000,24.000,0,5.500,53.500,180.000,-215.000,5.500,52.500,ESPN BET,5,5
401752858,2025,2,6,2025-10-04T19:30Z,0,0,77,2433,NU,ULM,42.000,7.000,0,-13.500,43.500,-600.000,400.000,-10.500,40.500,ESPN BET,5,37
401752940,2025,2,6,2025-10-04T19:30Z,0,0,2026,204,APP,ORST,27.000,23.000,0,-2.500,54.500,-125.000,105.000,1.500,55.500,ESPN BET,37,9
401754554,2025,2,6,2025-10-04T19:30Z,0,1,97,258,LOU,UVA,27.000,30.000,1,-6.500,61.500,-240.000,200.000,-6.500,62.500,ESPN BET,1,1
401754555,2025,2,6,2025-10-04T19:30Z,0,1,2567,183,SMU,SYR,31.000,18.000,0,-17.500,56.500,-1000.000,600.000,-16.500,58.500,ESPN BET,1,1
401757165,2025,2,6,2025-10-04T19:30Z,0,0,87,68,ND,BOIS,28.000,7.000,0,-21.500,63.500,-1600.000,800.000,-17.500,64.500,ESPN BET,18,17
401757171,2025,2,6,2025-10-04T19:30Z,0,0,41,2229,CONN,FIU,51.000,10.000,0,-6.500,51.500,-270.000,220.000,-7.500,54.500,ESPN BET,18,12
401761618,2025,2,6,2025-10-04T19:30Z,0,1,2247,256,GAST,JMU,7.000,14.000,0,18.500,52.500,800.000,-1600.000,19.500,54.500,ESPN BET,37,37
401762829,2025,2,6,2025-10-04T19:30Z,0,1,2006,2117,AKR,CMU,28.000,22.000,0,6.500,47.500,190.000,-225.000,7.500,44.500,ESPN BET,15,15
401762831,2025,2,6,2025-10-04T19:30Z,0,1,2084,2199,BUFF,EMU,31.000,30.000,1,-9.500,53.500,-320.000,260.000,-9.500,49.500,ESPN BET,15,15
401762873,2025,2,6,2025-10-04T19:30Z,0,1,2459,193,NIU,M-OH,14.000,25.000,0,4.500,39.500,160.000,-190.000,3.500,38.500,ESPN BET,15,15
401752729,2025,2,6,2025-10-04T20:00Z,0,0,201,2309,OU,KENT,44.000,0.000,0,-46.500,53.500,,,-45.500,53.500,ESPN BET,8,15
401752860,2025,2,6,2025-10-04T20:00Z,0,1,158,127,NEB,MSU,38.000,27.000,0,-12.500,49.500,-450.000,340.000,-10.500,53.500,ESPN BET,5,5
401761620,2025,2,6,2025-10-04T20:00Z,0,1,2032,326,ARST,TXST,31.000,30.000,0,14.500,63.500,425.000,-650.000,12.500,64.500,ESPN BET,37,37
401761619,2025,2,6,2025-10-04T22:00Z,0,1,295,324,ODU,CCU,47.000,7.000,0,-18.500,53.500,-900.000,550.000,-17.500,55.500,ESPN BET,37,37
401756913,2025,2,6,2025-10-04T23:00Z,0,1,248,2641,HOU,TTU,11.000,35.000,0,11.500,51.500,340.000,-450.000,12.500,50.500,ESPN BET,4,4
401760385,2025,2,6,2025-10-04T23:00Z,0,1,2751,2439,WYO,UNLV,17.000,31.000,0,4.500,53.500,150.000,-175.000,5.500,53.500,ESPN BET,17,17
401761621,2025,2,6,2025-10-04T23:00Z,0,1,2653,6,TROY,USA,31.000,24.000,1,2.500,46.500,115.000,-135.000,-2.500,47.500,ESPN BET,37,37
401762477,2025,2,6,2025-10-04T23:00Z,0,1,242,2226,RICE,FAU,21.000,27.000,0,-4.500,55.500,-190.000,160.000,-4.500,52.500,ESPN BET,151,151
401752730,2025,2,6,2025-10-04T23:30Z,0,1,245,344,TA&M,MSST,31.000,9.000,0,-17.500,57.500,-900.000,550.000,-13.500,58.500,ESPN BET,8,8
401752859,2025,2,6,2025-10-04T23:30Z,0,1,194,135,OSU,MINN,42.000,3.000,0,-23.500,42.500,-5000.000,1500.000,-24.500,44.500,ESPN BET,5,5
401754553,2025,2,6,2025-10-04T23:30Z,0,1,52,2390,FSU,MIA,22.000,28.000,0,2.500,54.500,125.000,-145.000,6.500,54.500,ESPN BET,1,1
401756914,2025,2,6,2025-10-04T23:30Z,0,1,2628,38,TCU,COLO,35.000,21.000,0,-14.500,56.500,-700.000,450.000,-14.500,59.500,ESPN BET,4,4
401756915,2025,2,6,2025-10-04T23:30Z,0,1,2116,2305,UCF,KU,20.000,27.000,0,3.500,52.500,155.000,-185.000,4.500,56.500,ESPN BET,4,4
401762478,2025,2,6,2025-10-05T00:00Z,0,1,235,202,MEM,TLSA,45.000,7.000,0,-21.500,52.500,-2000.000,1000.000,-21.500,55.500,ESPN BET,151,151
401754551,2025,2,6,2025-10-05T02:30Z,0,1,25,150,CAL,DUKE,21.000,45.000,0,3.500,55.500,135.000,-155.000,3.500,56.500,ESPN BET,1,1
401760383,2025,2,6,2025-10-05T02:30Z,0,1,278,2440,FRES,NEV,20.000,17.000,0,-13.500,46.500,-600.000,400.000,-13.500,44.500,ESPN BET,17,17
401757278,2025,2,7,2025-10-08T23:30Z,0,1,2393,2623,MTSU,MOST,20.000,22.000,0,2.500,52.500,120.000,-140.000,2.500,50.500,ESPN BET,12,12
401757277,2025,2,7,2025-10-09T00:00Z,0,1,2638,2335,UTEP,LIB,8.000,19.000,0,1.500,47.500,105.000,-125.000,2.500,46.500,ESPN BET,12,12
401757280,2025,2,7,2025-10-09T23:00Z,0,1,338,2348,KENN,LT,35.000,7.000,0,5.500,45.500,165.000,-195.000,5.500,45.500,ESPN BET,12,12
401762480,2025,2,7,2025-10-09T23:30Z,0,1,2655,151,TULN,ECU,26.000,19.000,0,-6.500,53.500,-230.000,195.000,-7.500,53.500,ESPN BET,151,151
401757279,2025,2,7,2025-10-10T00:00Z,0,1,2534,55,SHSU,JVST,27.000,29.000,0,7.500,52.500,230.000,-280.000,9.500,55.500,ESPN BET,12,12
401761622,2025,2,7,2025-10-10T00:00Z,0,1,290,2572,GASO,USM,35.000,38.000,0,2.500,60.500,115.000,-135.000,-1.500,59.500,ESPN BET,37,37
401762481,2025,2,7,2025-10-10T23:30Z,0,1,249,58,UNT,USF,36.000,63.000,0,-2.500,68.500,-135.000,115.000,-1.500,66.500,ESPN BET,151,151
401752862,2025,2,7,2025-10-11T01:00Z,0,1,264,164,WASH,RUTG,38.000,19.000,0,-9.500,62.500,-380.000,290.000,-10.500,59.500,ESPN BET,5,5
401760388,2025,2,7,2025-10-11T01:00Z,0,1,36,278,CSU,FRES,49.000,21.000,0,5.500,48.500,170.000,-200.000,6.500,45.500,ESPN BET,17,17
401752734,2025,2,7,2025-10-11T16:00Z,0,1,142,333,MIZ,ALA,24.000,27.000,0,3.500,50.500,140.000,-165.000,5.500,54.500,ESPN BET,8,8
401752863,2025,2,7,2025-10-11T16:00Z,0,1,127,26,MSU,UCLA,13.000,38.000,0,-6.500,51.500,-250.000,210.000,-7.500,55.500,ESPN BET,5,5
401752865,2025,2,7,2025-10-11T16:00Z,0,1,356,194,ILL,OSU,16.000,34.000,0,15.500,51.500,500.000,-800.000,16.500,48.500,ESPN BET,5,5
401754559,2025,2,7,2025-10-11T16:00Z,0,1,52,221,FSU,PITT,31.000,34.000,0,-11.500,57.500,-400.000,300.000,-9.500,58.500,ESPN BET,1,1
401754561,2025,2,7,2025-10-11T16:00Z,0,1,2567,24,SMU,STAN,34.000,10.000,0,-19.500,55.500,-1400.000,750.000,-17.500,56.500,ESPN BET,1,1
401756917,2025,2,7,2025-10-11T16:00Z,0,1,2132,2116,CIN,UCF,20.000,11.000,0,-10.500,55.500,-380.000,290.000,-10.500,56.500,ESPN BET,4,4
401756920,2025,2,7,2025-10-11T16:00Z,0,1,197,248,OKST,HOU,17.000,39.000,0,14.500,47.500,475.000,-750.000,14.500,46.500,ESPN BET,4,4
401761625,2025,2,7,2025-10-11T16:00Z,0,1,256,309,JMU,UL,24.000,14.000,0,-18.500,45.500,-1400.000,750.000,-16.500,46.500,ESPN BET,37,37
401762483,2025,2,7,2025-10-11T16:00Z,0,1,349,2429,ARMY,CLT,24.000,7.000,0,-17.500,44.500,-900.000,550.000,-20.500,47.500,ESPN BET,151,151
401762833,2025,2,7,2025-10-11T16:00Z,0,1,2006,193,AKR,M-OH,7.000,20.000,0,11.500,47.500,340.000,-450.000,9.500,45.500,ESPN BET,15,15
401762835,2025,2,7,2025-10-11T16:00Z,0,1,189,2649,BGSU,TOL,28.000,23.000,0,10.500,45.500,320.000,-425.000,9.500,49.500,ESPN BET,15,15
401752733,2025,2,7,2025-10-11T16:45Z,0,0,145,265,MISS,WSU,24.000,21.000,0,-32.500,58.500,,,-32.500,59.500,ESPN BET,8,9
401762836,2025,2,7,2025-10-11T17:00Z,0,1,2199,2459,EMU,NIU,16.000,10.000,0,1.500,48.500,-105.000,-115.000,1.500,49.500,ESPN BET,15,15
401762837,2025,2,7,2025-10-11T18:30Z,0,1,2309,113,KENT,MASS,42.000,6.000,0,-1.500,49.500,-120.000,100.000,-2.500,49.500,ESPN BET,15,15
401752736,2025,2,7,2025-10-11T19:30Z,1,1,251,201,TEX,OU,23.000,6.000,0,-2.500,43.500,-145.000,125.000,-2.500,42.500,ESPN BET,8,8
401752866,2025,2,7,2025-10-11T19:30Z,0,1,213,77,PSU,NU,21.000,22.000,0,-20.500,46.500,-1600.000,800.000,-21.500,48.500,ESPN BET,5,5
401752867,2025,2,7,2025-10-11T19:30Z,0,1,120,158,MD,NEB,31.000,34.000,0,6.500,47.500,210.000,-250.000,5.500,47.500,ESPN BET,5,5
401752870,2025,2,7,2025-10-11T19:30Z,0,1,2483,84,ORE,IU,20.000,30.000,0,-7.500,51.500,-280.000,230.000,-7.500,54.500,ESPN BET,5,5
401754560,2025,2,7,2025-10-11T19:30Z,0,1,59,259,GT,VT,35.000,20.000,0,-14.500,55.500,-750.000,475.000,-14.500,55.500,ESPN BET,1,1
401754562,2025,2,7,2025-10-11T19:30Z,0,0,87,152,ND,NCSU,36.000,7.000,0,-24.500,59.500,-5000.000,1500.000,-22.500,62.500,ESPN BET,18,1
401754563,2025,2,7,2025-10-11T19:30Z,0,0,204,154,ORST,WAKE,14.000,39.000,0,1.500,47.500,100.000,-120.000,2.500,52.500,ESPN BET,9,1
401756918,2025,2,7,2025-10-11T19:30Z,0,1,38,66,COLO,ISU,24.000,17.000,0,2.500,52.500,125.000,-145.000,4.500,53.500,ESPN BET,4,4
401756919,2025,2,7,2025-10-11T19:30Z,0,1,2306,2628,KSU,TCU,41.000,28.000,0,2.500,54.500,120.000,-140.000,1.500,57.500,ESPN BET,4,4
401760386,2025,2,7,2025-10-11T19:30Z,0,1,2439,2005,UNLV,AFA,51.000,48.000,0,-7.500,66.500,-250.000,210.000,-7.500,68.500,ESPN BET,17,17
401761624,2025,2,7,2025-10-11T19:30Z,0,1,2247,2026,GAST,APP,20.000,41.000,0,2.500,55.500,125.000,-145.000,3.500,56.500,ESPN BET,37,37
401761626,2025,2,7,2025-10-11T19:30Z,0,1,276,295,MRSH,ODU,48.000,24.000,0,14.500,57.500,400.000,-600.000,14.500,55.500,ESPN BET,37,37
401762834,2025,2,7,2025-10-11T19:30Z,0,1,2711,2050,WMU,BALL,42.000,0.000,0,-9.500,42.500,-340.000,270.000,-9.500,43.500,ESPN BET,15,15
401762484,2025,2,7,2025-10-11T20:00Z,0,1,218,2426,TEM,NAVY,31.000,32.000,0,10.500,52.500,300.000,-400.000,8.500,53.500,ESPN BET,151,151
401752735,2025,2,7,2025-10-11T20:15Z,0,1,2633,8,TENN,ARK,34.000,31.000,0,-10.500,68.500,-425.000,320.000,-12.500,69.500,ESPN BET,8,8
401762482,2025,2,7,2025-10-11T22:00Z,0,1,2226,5,FAU,UAB,53.000,33.000,0,-5.500,65.500,-190.000,160.000,-4.500,69.500,ESPN BET,151,151
401752737,2025,2,7,2025-10-11T23:00Z,0,1,245,57,TA&M,FLA,34.000,17.000,0,-6.500,48.500,-240.000,200.000,-8.500,47.500,ESPN BET,8,8
401752869,2025,2,7,2025-10-11T23:00Z,0,1,275,2294,WIS,IOWA,0.000,37.000,0,4.500,37.500,175.000,-210.000,3.500,37.500,ESPN BET,5,5
401760391,2025,2,7,2025-10-11T23:00Z,0,1,2751,23,WYO,SJSU,35.000,28.000,0,1.500,49.500,100.000,-120.000,2.500,49.500,ESPN BET,17,17
401761623,2025,2,7,2025-10-11T23:00Z,0,1,324,2433,CCU,ULM,23.000,8.000,0,2.500,45.500,120.000,-140.000,2.500,43.500,ESPN BET,37,37
401752731,2025,2,7,2025-10-11T23:30Z,0,1,2,61,AUB,UGA,10.000,20.000,0,4.500,45.500,170.000,-200.000,3.500,46.500,ESPN BET,8,8
401752864,2025,2,7,2025-10-11T23:30Z,0,1,135,2509,MINN,PUR,27.000,20.000,0,-7.500,49.500,-300.000,250.000,-9.500,52.500,ESPN BET,5,5
401752868,2025,2,7,2025-10-11T23:30Z,0,1,30,130,USC,MICH,31.000,13.000,0,-2.500,57.500,-145.000,125.000,-1.500,57.500,ESPN BET,5,5
401754558,2025,2,7,2025-10-11T23:30Z,0,1,103,228,BC,CLEM,10.000,41.000,0,13.500,54.500,450.000,-700.000,14.500,55.500,ESPN BET,1,1
401756921,2025,2,7,2025-10-11T23:30Z,0,1,2641,2305,TTU,KU,42.000,17.000,0,-13.500,58.500,-650.000,425.000,-14.500,60.500,ESPN BET,4,4
401762485,2025,2,7,2025-10-11T23:30Z,0,1,2636,242,UTSA,RICE,61.000,13.000,0,-9.500,48.500,-320.000,260.000,-12.500,49.500,ESPN BET,151,151
401752732,2025,2,7,2025-10-11T23:45Z,0,1,99,2579,LSU,SC,20.000,10.000,0,-8.500,44.500,-340.000,270.000,-9.500,44.500,ESPN BET,8,8
401756916,2025,2,7,2025-10-12T00:00Z,0,1,12,252,ARIZ,BYU,27.000,33.000,1,2.500,46.500,120.000,-140.000,2.500,47.500,ESPN BET,4,4
401761627,2025,2,7,2025-10-12T00:00Z,0,1,326,2653,TXST,TROY,41.000,48.000,1,-7.500,53.500,-280.000,230.000,-10.500,54.500,ESPN BET,37,37
401760387,2025,2,7,2025-10-12T01:45Z,0,1,68,167,BOIS,UNM,41.000,25.000,0,-15.500,57.500,-800.000,500.000,-16.500,60.500,ESPN BET,17,17
401756922,2025,2,7,2025-10-12T02:25Z,0,1,254,9,UTAH,ASU,42.000,10.000,0,-8.500,42.500,-290.000,240.000,-4.500,48.500,ESPN BET,4,4
401760390,2025,2,7,2025-10-12T02:30Z,0,1,2440,21,NEV,SDSU,10.000,44.000,0,6.500,42.500,190.000,-225.000,6.500,42.500,ESPN BET,17,17
401760389,2025,2,7,2025-10-12T03:59Z,0,1,62,328,HAW,USU,44.000,26.000,0,1.500,57.500,-110.000,-110.000,-1.500,58.500,ESPN BET,17,17
401757282,2025,2,8,2025-10-14T23:00Z,0,1,2335,166,LIB,NMSU,30.000,27.000,0,-11.500,48.500,-450.000,340.000,-9.500,48.500,ESPN BET,12,12
401761628,2025,2,8,2025-10-14T23:30Z,0,1,6,2032,USA,ARST,14.000,15.000,0,-8.500,57.500,-340.000,270.000,-7.500,57.500,ESPN BET,37,37
401757281,2025,2,8,2025-10-15T00:00Z,0,1,98,2229,WKU,FIU,6.000,25.000,0,-9.500,55.500,-380.000,290.000,-8.500,55.500,ESPN BET,12,12
401757283,2025,2,8,2025-10-15T23:00Z,0,1,55,48,JVST,DEL,38.000,25.000,0,2.500,55.500,115.000,-135.000,2.500,57.500,ESPN BET,12,12
401757284,2025,2,8,2025-10-15T23:00Z,0,1,2534,2638,SHSU,UTEP,17.000,35.000,0,3.500,47.500,140.000,-165.000,1.500,47.500,ESPN BET,12,12
401762486,2025,2,8,2025-10-16T23:30Z,0,1,151,202,ECU,TLSA,41.000,27.000,0,-16.500,54.500,-900.000,550.000,-16.500,52.500,ESPN BET,151,151
401754564,2025,2,8,2025-10-17T23:00Z,0,1,2390,97,MIA,LOU,21.000,24.000,0,-10.500,49.500,-500.000,360.000,-13.500,54.500,ESPN BET,1,1
401752872,2025,2,8,2025-10-18T00:00Z,0,1,135,158,MINN,NEB,24.000,6.000,0,6.500,48.500,200.000,-240.000,5.500,47.500,ESPN BET,5,5
401760396,2025,2,8,2025-10-18T01:00Z,0,1,328,23,USU,SJSU,30.000,25.000,0,-3.500,62.500,-170.000,145.000,-3.500,64.500,ESPN BET,17,17
401754371,2025,2,8,2025-10-18T02:30Z,0,1,25,153,CAL,UNC,21.000,18.000,0,-8.500,47.500,-320.000,260.000,-12.500,46.500,ESPN BET,1,1
401752745,2025,2,8,2025-10-18T16:00Z,0,1,238,99,VAN,LSU,31.000,24.000,0,-1.500,48.500,-125.000,105.000,-2.500,48.500,ESPN BET,8,8
401752873,2025,2,8,2025-10-18T16:00Z,0,1,130,264,MICH,WASH,24.000,7.000,0,-4.500,50.500,-185.000,155.000,-5.500,51.500,ESPN BET,5,5
401754566,2025,2,8,2025-10-18T16:00Z,0,1,150,59,DUKE,GT,18.000,27.000,0,-3.500,61.500,-165.000,140.000,-2.500,60.500,ESPN BET,1,1
401754569,2025,2,8,2025-10-18T16:00Z,0,0,103,41,BC,CONN,23.000,38.000,0,2.500,58.500,110.000,-130.000,-1.500,56.500,ESPN BET,1,18
401756925,2025,2,8,2025-10-18T16:00Z,0,1,248,12,HOU,ARIZ,31.000,28.000,0,2.500,47.500,110.000,-130.000,-1.500,46.500,ESPN BET,4,4
401756927,2025,2,8,2025-10-18T16:00Z,0,1,2628,239,TCU,BAY,42.000,36.000,0,-3.500,67.500,-155.000,135.000,-3.500,67.500,ESPN BET,4,4
401762488,2025,2,8,2025-10-18T16:00Z,0,1,2655,349,TULN,ARMY,24.000,17.000,0,-10.500,44.500,-380.000,290.000,-10.500,46.500,ESPN BET,151,151
401762839,2025,2,8,2025-10-18T16:00Z,0,1,189,2117,BGSU,CMU,6.000,27.000,0,-3.500,44.500,-155.000,135.000,-5.500,43.500,ESPN BET,15,15
401762841,2025,2,8,2025-10-18T16:00Z,0,1,193,2199,M-OH,EMU,44.000,30.000,0,-11.500,47.500,-450.000,340.000,-11.500,47.500,ESPN BET,15,15
401752744,2025,2,8,2025-10-18T16:45Z,0,1,2579,201,SC,OU,7.000,26.000,0,4.500,43.500,170.000,-200.000,4.500,42.500,ESPN BET,8,8
401756928,2025,2,8,2025-10-18T17:00Z,0,1,2116,277,UCF,WVU,45.000,13.000,0,-6.500,47.500,-240.000,200.000,-7.500,49.500,ESPN BET,4,4
401762842,2025,2,8,2025-10-18T18:00Z,0,1,2649,2309,TOL,KENT,45.000,10.000,0,-25.500,48.500,-5000.000,1500.000,-24.500,52.500,ESPN BET,15,15
401762840,2025,2,8,2025-10-18T18:30Z,0,1,113,2084,MASS,BUFF,21.000,28.000,0,16.500,47.500,600.000,-1000.000,17.500,44.500,ESPN BET,15,15
401752874,2025,2,8,2025-10-18T19:00Z,0,1,77,2509,NU,PUR,19.000,0.000,0,-3.500,46.500,-155.000,135.000,-3.500,48.500,ESPN BET,5,5
401761633,2025,2,8,2025-10-18T19:00Z,0,1,2433,2653,ULM,TROY,14.000,37.000,0,5.500,45.500,180.000,-215.000,5.500,46.500,ESPN BET,37,37
401752742,2025,2,8,2025-10-18T19:30Z,0,1,61,145,UGA,MISS,43.000,35.000,0,-7.500,56.500,-270.000,220.000,-6.500,54.500,ESPN BET,8,8
401752877,2025,2,8,2025-10-18T19:30Z,0,1,275,194,WIS,OSU,0.000,34.000,0,24.500,41.500,,,26.500,41.500,ESPN BET,5,5
401752878,2025,2,8,2025-10-18T19:30Z,0,1,84,127,IU,MSU,38.000,13.000,0,-26.500,49.500,,,-26.500,54.500,ESPN BET,5,5
401754565,2025,2,8,2025-10-18T19:30Z,0,1,228,2567,CLEM,SMU,24.000,35.000,0,-5.500,49.500,-195.000,165.000,-8.500,54.500,ESPN BET,1,1
401760392,2025,2,8,2025-10-18T19:30Z,0,1,2005,2751,AFA,WYO,24.000,21.000,0,-3.500,56.500,-175.000,150.000,-5.500,58.500,ESPN BET,17,17
401760393,2025,2,8,2025-10-18T19:30Z,0,1,68,2439,BOIS,UNLV,56.000,31.000,0,-13.500,61.500,-500.000,360.000,-10.500,63.500,ESPN BET,17,17
401761629,2025,2,8,2025-10-18T19:30Z,0,1,2026,324,APP,CCU,37.000,45.000,0,-10.500,47.500,-425.000,320.000,-11.500,49.500,ESPN BET,37,37
401761631,2025,2,8,2025-10-18T19:30Z,0,1,256,295,JMU,ODU,63.000,27.000,0,-3.500,47.500,-145.000,125.000,-1.500,47.500,ESPN BET,37,37
401761632,2025,2,8,2025-10-18T19:30Z,0,1,276,326,MRSH,TXST,40.000,37.000,1,2.500,65.500,115.000,-135.000,3.500,65.500,ESPN BET,37,37
401762489,2025,2,8,2025-10-18T19:30Z,0,1,2429,218,CLT,TEM,14.000,49.000,0,9.500,46.500,270.000,-340.000,11.500,47.500,ESPN BET,151,151
401762838,2025,2,8,2025-10-18T19:30Z,0,1,2050,2006,BALL,AKR,42.000,28.000,0,-1.500,43.500,-110.000,-110.000,-1.500,43.500,ESPN BET,15,15
401762843,2025,2,8,2025-10-18T19:30Z,0,1,195,2459,OHIO,NIU,48.000,21.000,0,-11.500,42.500,-425.000,320.000,-11.500,43.500,ESPN BET,15,15
401756923,2025,2,8,2025-10-18T20:00Z,0,1,9,2641,ASU,TTU,26.000,22.000,0,8.500,52.500,250.000,-300.000,10.500,49.500,ESPN BET,4,4
401762487,2025,2,8,2025-10-18T20:00Z,0,1,5,235,UAB,MEM,31.000,24.000,0,23.500,59.500,1100.000,-2500.000,21.500,64.500,ESPN BET,151,151
401762491,2025,2,8,2025-10-18T20:05Z,0,1,249,2636,UNT,UTSA,55.000,17.000,0,-3.500,63.500,-165.000,140.000,-5.500,68.500,ESPN BET,151,151
401752741,2025,2,8,2025-10-18T20:15Z,0,1,57,344,FLA,MSST,23.000,21.000,0,-9.500,51.500,-340.000,270.000,-9.500,52.500,ESPN BET,8,8
401761668,2025,2,8,2025-10-18T21:00Z,0,1,309,2572,UL,USM,10.000,22.000,0,4.500,54.500,155.000,-185.000,4.500,53.500,ESPN BET,37,37
401752739,2025,2,8,2025-10-18T21:30Z,0,1,8,245,ARK,TA&M,42.000,45.000,0,8.500,57.500,250.000,-300.000,7.500,62.500,ESPN BET,8,8
401752876,2025,2,8,2025-10-18T22:30Z,0,1,164,2483,RUTG,ORE,10.000,56.000,0,18.500,61.500,700.000,-1200.000,15.500,59.500,ESPN BET,5,5
401752951,2025,2,8,2025-10-18T22:30Z,0,0,258,265,UVA,WSU,22.000,20.000,0,-16.500,56.500,-1000.000,600.000,-16.500,57.500,ESPN BET,1,9
401752743,2025,2,8,2025-10-18T23:00Z,0,1,96,251,UK,TEX,13.000,16.000,1,13.500,45.500,425.000,-650.000,12.500,43.500,ESPN BET,8,8
401752875,2025,2,8,2025-10-18T23:00Z,0,1,2294,213,IOWA,PSU,25.000,24.000,0,-3.500,41.500,-155.000,135.000,-3.500,38.500,ESPN BET,5,5
401752879,2025,2,8,2025-10-18T23:00Z,0,1,26,120,UCLA,MD,20.000,17.000,0,-4.500,52.500,-175.000,150.000,-3.500,52.500,ESPN BET,5,5
401760394,2025,2,8,2025-10-18T23:00Z,0,1,36,62,CSU,HAW,19.000,31.000,0,-2.500,53.500,-130.000,110.000,1.500,53.500,ESPN BET,17,17
401761630,2025,2,8,2025-10-18T23:00Z,0,1,290,2247,GASO,GAST,41.000,24.000,0,-6.500,58.500,-225.000,190.000,-6.500,57.500,ESPN BET,37,37
401752738,2025,2,8,2025-10-18T23:30Z,0,1,333,2633,ALA,TENN,37.000,20.000,0,-8.500,60.500,-340.000,270.000,-8.500,58.500,ESPN BET,8,8
401752871,2025,2,8,2025-10-18T23:30Z,0,0,87,30,ND,USC,34.000,24.000,0,-10.500,60.500,-400.000,300.000,-7.500,61.500,ESPN BET,18,5
401754568,2025,2,8,2025-10-18T23:30Z,0,1,183,221,SYR,PITT,13.000,30.000,0,8.500,54.500,270.000,-340.000,11.500,56.500,ESPN BET,1,1
401762490,2025,2,8,2025-10-18T23:30Z,0,1,58,2226,USF,FAU,48.000,13.000,0,-20.500,72.500,-1600.000,800.000,-22.500,74.500,ESPN BET,151,151
401752740,2025,2,8,2025-10-18T23:45Z,0,1,2,142,AUB,MIZ,17.000,23.000,1,1.500,43.500,105.000,-125.000,-2.500,44.500,ESPN BET,8,8
401756924,2025,2,8,2025-10-19T00:00Z,0,1,252,254,BYU,UTAH,24.000,21.000,0,5.500,49.500,180.000,-215.000,3.500,47.500,ESPN BET,4,4
401756926,2025,2,8,2025-10-19T00:00Z,0,1,197,2132,OKST,CIN,17.000,49.000,0,23.500,57.500,1200.000,-3000.000,20.500,57.500,ESPN BET,4,4
401760395,2025,2,8,2025-10-19T01:45Z,0,1,167,2440,UNM,NEV,24.000,22.000,0,-14.500,49.500,-650.000,425.000,-10.500,48.500,ESPN BET,17,17
401752941,2025,2,8,2025-10-19T02:00Z,0,0,204,322,ORST,LAF,45.000,13.000,0,-21.500,55.500,-1800.000,900.000,-23.500,54.500,ESPN BET,9,27
401754567,2025,2,8,2025-10-19T02:30Z,0,1,24,52,STAN,FSU,20.000,13.000,0,17.500,55.500,700.000,-1200.000,17.500,54.500,ESPN BET,1,1
401757285,2025,2,9,2025-10-21T23:00Z,0,1,2229,338,FIU,KENN,26.000,45.000,0,2.500,49.500,125.000,-145.000,1.500,48.500,ESPN BET,12,12
401757286,2025,2,9,2025-10-21T23:30Z,0,1,2348,98,LT,WKU,27.000,28.000,1,-4.500,48.500,-210.000,175.000,-2.500,50.500,ESPN BET,12,12
401757287,2025,2,9,2025-10-22T23:30Z,0,1,48,2393,DEL,MTSU,31.000,28.000,0,-9.500,55.500,-360.000,280.000,-10.500,52.500,ESPN BET,12,12
401757288,2025,2,9,2025-10-23T01:00Z,0,1,166,2623,NMSU,MOST,17.000,24.000,1,2.500,51.500,120.000,-140.000,2.500,44.500,ESPN BET,12,12
401761634,2025,2,9,2025-10-23T23:30Z,0,1,2247,6,GAST,USA,31.000,38.000,0,5.500,54.500,175.000,-210.000,6.500,53.500,ESPN BET,37,37
401762492,2025,2,9,2025-10-24T23:00Z,0,1,2429,249,CLT,UNT,20.000,54.000,0,25.500,60.500,,,26.500,58.500,ESPN BET,151,151
401754372,2025,2,9,2025-10-24T23:30Z,0,1,259,25,VT,CAL,42.000,34.000,1,-6.500,50.500,-230.000,195.000,-2.500,49.500,ESPN BET,1,1
401760397,2025,2,9,2025-10-25T02:00Z,0,1,2440,68,NEV,BOIS,3.000,24.000,0,20.500,51.500,900.000,-1800.000,21.500,52.500,ESPN BET,17,17
401752750,2025,2,9,2025-10-25T16:00Z,0,1,201,145,OU,MISS,26.000,34.000,0,-5.500,52.500,-195.000,165.000,-4.500,50.500,ESPN BET,8,8
401752883,2025,2,9,2025-10-25T16:00Z,0,1,158,77,NEB,NU,28.000,21.000,0,-7.500,44.500,-270.000,220.000,-9.500,43.500,ESPN BET,5,5
401752884,2025,2,9,2025-10-25T16:00Z,0,1,2509,164,PUR,RUTG,24.000,27.000,0,-2.500,60.500,-135.000,115.000,2.500,57.500,ESPN BET,5,5
401752885,2025,2,9,2025-10-25T16:00Z,0,1,84,26,IU,UCLA,56.000,6.000,0,-27.500,53.500,-4000.000,1300.000,-24.500,52.500,ESPN BET,5,5
401752942,2025,2,9,2025-10-25T16:00Z,0,1,154,2567,WAKE,SMU,13.000,12.000,0,5.500,52.500,170.000,-200.000,3.500,56.500,ESPN BET,1,1
401754571,2025,2,9,2025-10-25T16:00Z,0,1,59,183,GT,SYR,41.000,16.000,0,-17.500,53.500,-1000.000,600.000,-17.500,54.500,ESPN BET,1,1
401754573,2025,2,9,2025-10-25T16:00Z,0,1,153,258,UNC,UVA,16.000,17.000,1,12.500,51.500,360.000,-500.000,9.500,51.500,ESPN BET,1,1
401756932,2025,2,9,2025-10-25T16:00Z,0,1,2305,2306,KU,KSU,17.000,42.000,0,-3.500,55.500,-165.000,140.000,-2.500,54.500,ESPN BET,4,4
401761635,2025,2,9,2025-10-25T16:00Z,0,1,295,2026,ODU,APP,24.000,21.000,0,-12.500,60.500,-500.000,360.000,-13.500,58.500,ESPN BET,37,37
401762494,2025,2,9,2025-10-25T16:00Z,0,1,235,58,MEM,USF,34.000,31.000,0,3.500,58.500,130.000,-150.000,3.500,68.500,ESPN BET,151,151
401762846,2025,2,9,2025-10-25T16:00Z,0,1,2309,189,KENT,BGSU,24.000,21.000,0,7.500,46.500,250.000,-300.000,8.500,50.500,ESPN BET,15,15
401762848,2025,2,9,2025-10-25T16:00Z,0,1,2199,195,EMU,OHIO,21.000,28.000,0,13.500,60.500,380.000,-550.000,10.500,59.500,ESPN BET,15,15
401752746,2025,2,9,2025-10-25T16:45Z,0,1,8,2,ARK,AUB,24.000,33.000,0,-2.500,55.500,-130.000,110.000,-1.500,55.500,ESPN BET,8,8
401762844,2025,2,9,2025-10-25T17:00Z,0,1,2084,2006,BUFF,AKR,16.000,24.000,0,-10.500,48.500,-425.000,320.000,-10.500,47.500,ESPN BET,15,15
401757172,2025,2,9,2025-10-25T19:00Z,0,0,242,41,RICE,CONN,37.000,34.000,1,9.500,48.500,280.000,-360.000,9.500,48.500,ESPN BET,151,18
401760400,2025,2,9,2025-10-25T19:00Z,0,1,167,328,UNM,USU,33.000,14.000,0,-2.500,60.500,-145.000,125.000,-1.500,62.500,ESPN BET,17,17
401752751,2025,2,9,2025-10-25T19:30Z,0,1,2579,333,SC,ALA,22.000,29.000,0,12.500,47.500,380.000,-550.000,13.500,46.500,ESPN BET,8,8
401752752,2025,2,9,2025-10-25T19:30Z,0,1,238,142,VAN,MIZ,17.000,10.000,0,-3.500,52.500,-145.000,125.000,-2.500,52.500,ESPN BET,8,8
401752880,2025,2,9,2025-10-25T19:30Z,0,1,264,356,WASH,ILL,42.000,25.000,0,-3.500,54.500,-150.000,130.000,-4.500,55.500,ESPN BET,5,5
401752882,2025,2,9,2025-10-25T19:30Z,0,1,2294,135,IOWA,MINN,41.000,3.000,0,-7.500,39.500,-300.000,250.000,-8.500,38.500,ESPN BET,5,5
401752952,2025,2,9,2025-10-25T19:30Z,0,0,265,2649,WSU,TOL,28.000,7.000,0,1.500,45.500,105.000,-125.000,-1.500,50.500,ESPN BET,9,15
401754574,2025,2,9,2025-10-25T19:30Z,0,1,221,152,PITT,NCSU,53.000,34.000,0,-5.500,52.500,-200.000,170.000,-7.500,54.500,ESPN BET,1,1
401756931,2025,2,9,2025-10-25T19:30Z,0,1,66,252,ISU,BYU,27.000,41.000,0,-2.500,49.500,-130.000,110.000,-2.500,48.500,ESPN BET,4,4
401760399,2025,2,9,2025-10-25T19:30Z,0,1,278,21,FRES,SDSU,0.000,23.000,0,3.500,45.500,140.000,-165.000,2.500,48.500,ESPN BET,17,17
401761637,2025,2,9,2025-10-25T19:30Z,0,1,2572,2433,USM,ULM,49.000,21.000,0,-13.500,48.500,-700.000,450.000,-10.500,48.500,ESPN BET,37,37
401762493,2025,2,9,2025-10-25T19:30Z,0,1,2426,2226,NAVY,FAU,42.000,32.000,0,-14.500,63.500,-700.000,450.000,-14.500,62.500,ESPN BET,151,151
401762495,2025,2,9,2025-10-25T19:30Z,0,1,202,218,TLSA,TEM,37.000,38.000,1,3.500,52.500,165.000,-195.000,6.500,53.500,ESPN BET,151,151
401762845,2025,2,9,2025-10-25T19:30Z,0,1,2459,2050,NIU,BALL,21.000,7.000,0,-6.500,42.500,-270.000,220.000,-4.500,41.500,ESPN BET,15,15
401762847,2025,2,9,2025-10-25T19:30Z,0,1,2117,113,CMU,MASS,38.000,13.000,0,-17.500,46.500,-1000.000,600.000,-15.500,46.500,ESPN BET,15,15
401762874,2025,2,9,2025-10-25T19:30Z,0,1,193,2711,M-OH,WMU,26.000,17.000,0,-2.500,40.500,-140.000,120.000,-2.500,41.500,ESPN BET,15,15
401756930,2025,2,9,2025-10-25T20:00Z,0,1,2132,239,CIN,BAY,41.000,20.000,0,-3.500,69.500,-150.000,130.000,-5.500,66.500,ESPN BET,4,4
401756933,2025,2,9,2025-10-25T20:00Z,0,1,2641,197,TTU,OKST,42.000,0.000,0,-35.500,56.500,,,-38.500,57.500,ESPN BET,4,4
401752749,2025,2,9,2025-10-25T20:15Z,0,1,344,251,MSST,TEX,38.000,45.000,1,8.500,49.500,270.000,-340.000,6.500,45.500,ESPN BET,8,8
401756935,2025,2,9,2025-10-25T22:00Z,0,1,277,2628,WVU,TCU,17.000,23.000,0,16.500,55.500,450.000,-700.000,14.500,55.500,ESPN BET,4,4
401752886,2025,2,9,2025-10-25T23:00Z,0,1,2483,275,ORE,WIS,21.000,7.000,0,-31.500,45.500,,,-34.500,42.500,ESPN BET,5,5
401754572,2025,2,9,2025-10-25T23:00Z,0,1,2390,24,MIA,STAN,42.000,7.000,0,-28.500,45.500,,,-29.500,48.500,ESPN BET,1,1
401761636,2025,2,9,2025-10-25T23:00Z,0,1,2032,290,ARST,GASO,34.000,24.000,0,-1.500,59.500,-110.000,-110.000,-2.500,62.500,ESPN BET,37,37
401761638,2025,2,9,2025-10-25T23:00Z,0,1,2653,309,TROY,UL,35.000,23.000,0,-7.500,47.500,-275.000,225.000,-8.500,50.500,ESPN BET,37,37
401752748,2025,2,9,2025-10-25T23:30Z,0,1,99,245,LSU,TA&M,25.000,49.000,0,1.500,49.500,100.000,-120.000,2.500,48.500,ESPN BET,8,8
401752881,2025,2,9,2025-10-25T23:30Z,0,1,127,130,MSU,MICH,20.000,31.000,0,13.500,47.500,400.000,-600.000,13.500,48.500,ESPN BET,5,5
401754570,2025,2,9,2025-10-25T23:30Z,0,1,97,103,LOU,BC,38.000,24.000,0,-25.500,54.500,-4000.000,1500.000,-24.500,55.500,ESPN BET,1,1
401760398,2025,2,9,2025-10-25T23:30Z,0,1,2751,36,WYO,CSU,28.000,0.000,0,-5.500,46.500,-200.000,170.000,-4.500,45.500,ESPN BET,17,17
401752747,2025,2,9,2025-10-25T23:45Z,0,1,96,2633,UK,TENN,34.000,56.000,0,7.500,54.500,240.000,-290.000,8.500,53.500,ESPN BET,8,8
401756929,2025,2,9,2025-10-26T00:00Z,0,1,9,248,ASU,HOU,16.000,24.000,0,-7.500,47.500,-280.000,230.000,-8.500,47.500,ESPN BET,4,4
401756934,2025,2,9,2025-10-26T02:25Z,0,1,254,38,UTAH,COLO,53.000,7.000,0,-14.500,50.500,-750.000,475.000,-15.500,50.500,ESPN BET,4,4
401757289,2025,2,10,2025-10-29T00:00Z,0,1,338,2638,KENN,UTEP,33.000,20.000,0,-12.500,53.500,-550.000,380.000,-8.500,48.500,ESPN BET,12,12
401761639,2025,2,10,2025-10-29T00:00Z,0,1,326,256,TXST,JMU,20.000,52.000,0,7.500,55.500,225.000,-275.000,6.500,59.500,ESPN BET,37,37
401757292,2025,2,10,2025-10-29T23:30Z,0,1,2393,55,MTSU,JVST,21.000,24.000,0,4.500,54.500,150.000,-175.000,5.500,53.500,ESPN BET,12,12
401757291,2025,2,10,2025-10-30T00:00Z,0,1,2623,2229,MOST,FIU,28.000,21.000,0,-3.500,50.500,-150.000,130.000,-3.500,52.500,ESPN BET,12,12
401761640,2025,2,10,2025-10-30T23:30Z,0,1,324,276,CCU,MRSH,44.000,27.000,0,7.500,55.500,220.000,-270.000,4.500,55.500,ESPN BET,37,37
401762443,2025,2,10,2025-10-30T23:30Z,0,1,2636,2655,UTSA,TULN,48.000,26.000,0,5.500,54.500,190.000,-225.000,4.500,55.500,ESPN BET,151,151
401762497,2025,2,10,2025-10-31T23:00Z,0,1,242,235,RICE,MEM,14.000,38.000,0,13.500,48.500,425.000,-650.000,13.500,54.500,ESPN BET,151,151
401754575,2025,2,10,2025-10-31T23:30Z,0,1,183,153,SYR,UNC,10.000,27.000,0,-1.500,45.500,-120.000,100.000,-1.500,48.500,ESPN BET,1,1
401757290,2025,2,10,2025-11-01T00:00Z,0,1,2348,2534,LT,SHSU,55.000,14.000,0,-16.500,48.500,-900.000,550.000,-16.500,49.500,ESPN BET,12,12
401752758,2025,2,10,2025-11-01T16:00Z,0,1,251,238,TEX,VAN,34.000,31.000,0,-3.500,48.500,-165.000,140.000,-2.500,45.500,ESPN BET,8,8
401752889,2025,2,10,2025-11-01T16:00Z,0,1,194,213,OSU,PSU,38.000,14.000,0,-17.500,45.500,-1800.000,900.000,-20.500,43.500,ESPN BET,5,5
401752891,2025,2,10,2025-11-01T16:00Z,0,1,356,164,ILL,RUTG,35.000,13.000,0,-12.500,63.500,-500.000,360.000,-13.500,62.500,ESPN BET,5,5
401754577,2025,2,10,2025-11-01T16:00Z,0,1,228,150,CLEM,DUKE,45.000,46.000,0,-4.500,55.500,-185.000,155.000,-3.500,53.500,ESPN BET,1,1
401754581,2025,2,10,2025-11-01T16:00Z,0,1,2567,2390,SMU,MIA,26.000,20.000,1,6.500,46.500,210.000,-250.000,10.500,50.500,ESPN BET,1,1
401756936,2025,2,10,2025-11-01T16:00Z,0,1,239,2116,BAY,UCF,30.000,3.000,0,-3.500,58.500,-165.000,140.000,-4.500,60.500,ESPN BET,4,4
401756938,2025,2,10,2025-11-01T16:00Z,0,1,248,277,HOU,WVU,35.000,45.000,0,-12.500,49.500,-650.000,425.000,-15.500,49.500,ESPN BET,4,4
401757173,2025,2,10,2025-11-01T16:00Z,0,0,41,5,CONN,UAB,38.000,19.000,0,-10.500,61.500,-380.000,290.000,-11.500,64.500,ESPN BET,18,151
401760401,2025,2,10,2025-11-01T16:00Z,0,0,2005,349,AFA,ARMY,17.000,20.000,0,1.500,48.500,100.000,-120.000,1.500,49.500,ESPN BET,17,151
401762499,2025,2,10,2025-11-01T16:00Z,0,1,249,2426,UNT,NAVY,31.000,17.000,0,-6.500,68.500,-250.000,210.000,-5.500,63.500,ESPN BET,151,151
401762849,2025,2,10,2025-11-01T16:00Z,0,1,189,2084,BGSU,BUFF,3.000,28.000,0,-2.500,44.500,-130.000,110.000,-2.500,43.500,ESPN BET,15,15
401756939,2025,2,10,2025-11-01T17:00Z,0,1,66,9,ISU,ASU,19.000,24.000,0,-8.500,48.500,-320.000,260.000,-3.500,50.500,ESPN BET,4,4
401762498,2025,2,10,2025-11-01T18:00Z,0,1,218,151,TEM,ECU,14.000,45.000,0,5.500,58.500,190.000,-225.000,4.500,57.500,ESPN BET,151,151
401754580,2025,2,10,2025-11-01T19:00Z,0,1,259,97,VT,LOU,16.000,28.000,0,10.500,52.500,300.000,-400.000,10.500,53.500,ESPN BET,1,1
401760404,2025,2,10,2025-11-01T19:00Z,0,1,2439,167,UNLV,UNM,35.000,40.000,0,-4.500,60.500,-190.000,160.000,-5.500,62.500,ESPN BET,17,17
401752755,2025,2,10,2025-11-01T19:30Z,1,1,57,61,FLA,UGA,20.000,24.000,0,6.500,50.500,230.000,-280.000,7.500,50.500,ESPN BET,8,8
401752887,2025,2,10,2025-11-01T19:30Z,0,1,120,84,MD,IU,10.000,55.000,0,21.500,50.500,1100.000,-2500.000,21.500,51.500,ESPN BET,5,5
401752888,2025,2,10,2025-11-01T19:30Z,0,1,135,127,MINN,MSU,23.000,20.000,1,-5.500,44.500,-200.000,170.000,-5.500,44.500,ESPN BET,5,5
401754582,2025,2,10,2025-11-01T19:30Z,0,1,24,221,STAN,PITT,20.000,35.000,0,13.500,52.500,380.000,-550.000,13.500,52.500,ESPN BET,1,1
401754583,2025,2,10,2025-11-01T19:30Z,0,0,103,87,BC,ND,10.000,25.000,0,30.500,55.500,3000.000,-20000.000,29.500,58.500,ESPN BET,1,18
401756941,2025,2,10,2025-11-01T19:30Z,0,1,2306,2641,KSU,TTU,20.000,43.000,0,7.500,51.500,225.000,-275.000,6.500,53.500,ESPN BET,4,4
401757293,2025,2,10,2025-11-01T19:30Z,0,1,2335,48,LIB,DEL,59.000,30.000,0,-3.500,52.500,-175.000,150.000,-3.500,51.500,ESPN BET,12,12
401757294,2025,2,10,2025-11-01T19:30Z,0,1,98,166,WKU,NMSU,35.000,16.000,0,-7.500,54.500,-290.000,240.000,-9.500,53.500,ESPN BET,12,12
401760402,2025,2,10,2025-11-01T19:30Z,0,1,68,278,BOIS,FRES,7.000,30.000,0,-17.500,47.500,-1600.000,800.000,-17.500,51.500,ESPN BET,17,17
401761641,2025,2,10,2025-11-01T19:30Z,0,1,2433,295,ULM,ODU,6.000,31.000,0,16.500,55.500,550.000,-1000.000,15.500,53.500,ESPN BET,37,37
401761642,2025,2,10,2025-11-01T19:30Z,0,1,6,309,USA,UL,22.000,31.000,0,-3.500,52.500,-170.000,145.000,-5.500,54.500,ESPN BET,37,37
401754576,2025,2,10,2025-11-01T19:45Z,0,1,25,258,CAL,UVA,21.000,31.000,0,5.500,52.500,180.000,-215.000,3.500,54.500,ESPN BET,1,1
401752753,2025,2,10,2025-11-01T20:00Z,0,1,8,344,ARK,MSST,35.000,38.000,0,-5.500,66.500,-195.000,165.000,-3.500,67.500,ESPN BET,8,8
401756940,2025,2,10,2025-11-01T20:00Z,0,1,2305,197,KU,OKST,38.000,21.000,0,-24.500,53.500,-4000.000,1300.000,-24.500,55.500,ESPN BET,4,4
401762850,2025,2,10,2025-11-01T20:00Z,0,1,2711,2117,WMU,CMU,24.000,21.000,0,-5.500,43.500,-200.000,170.000,-6.500,41.500,ESPN BET,15,15
401752756,2025,2,10,2025-11-01T23:00Z,0,1,145,2579,MISS,SC,30.000,14.000,0,-13.500,56.500,-600.000,400.000,-14.500,53.500,ESPN BET,8,8
401752890,2025,2,10,2025-11-01T23:00Z,0,1,130,2509,MICH,PUR,21.000,16.000,0,-22.500,48.500,-2500.000,1100.000,-21.500,50.500,ESPN BET,5,5
401756937,2025,2,10,2025-11-01T23:00Z,0,1,38,12,COLO,ARIZ,17.000,52.000,0,3.500,51.500,150.000,-175.000,5.500,53.500,ESPN BET,4,4
401760405,2025,2,10,2025-11-01T23:00Z,0,1,21,2751,SDSU,WYO,24.000,7.000,0,-10.500,41.500,-450.000,340.000,-10.500,42.500,ESPN BET,17,17
401752754,2025,2,10,2025-11-01T23:30Z,0,1,2,96,AUB,UK,3.000,10.000,0,-11.500,44.500,-550.000,380.000,-10.500,46.500,ESPN BET,8,8
401752757,2025,2,10,2025-11-01T23:30Z,0,1,2633,201,TENN,OU,27.000,33.000,0,-2.500,55.500,-140.000,120.000,-3.500,56.500,ESPN BET,8,8
401752892,2025,2,10,2025-11-01T23:30Z,0,1,158,30,NEB,USC,17.000,21.000,0,4.500,58.500,150.000,-175.000,6.500,58.500,ESPN BET,5,5
401752943,2025,2,10,2025-11-01T23:30Z,0,1,204,265,ORST,WSU,10.000,7.000,0,3.500,47.500,145.000,-170.000,3.500,49.500,ESPN BET,9,9
401754578,2025,2,10,2025-11-01T23:30Z,0,1,52,154,FSU,WAKE,42.000,7.000,0,-12.500,50.500,-550.000,380.000,-7.500,52.500,ESPN BET,1,1
401754579,2025,2,10,2025-11-01T23:30Z,0,1,152,59,NCSU,GT,48.000,36.000,0,4.500,58.500,150.000,-175.000,6.500,57.500,ESPN BET,1,1
401761643,2025,2,10,2025-11-02T00:00Z,0,1,2653,2032,TROY,ARST,10.000,23.000,0,-7.500,52.500,-290.000,240.000,-7.500,55.500,ESPN BET,37,37
401756942,2025,2,10,2025-11-02T02:15Z,0,1,254,2132,UTAH,CIN,45.000,14.000,0,-9.500,58.500,-450.000,340.000,-7.500,57.500,ESPN BET,4,4
401760403,2025,2,10,2025-11-02T02:30Z,0,1,23,62,SJSU,HAW,45.000,38.000,0,-2.500,55.500,-130.000,110.000,-2.500,55.500,ESPN BET,17,17
401762851,2025,2,11,2025-11-05T00:00Z,0,1,2006,113,AKR,MASS,44.000,10.000,0,-12.500,51.500,-550.000,380.000,-10.500,48.500,ESPN BET,15,15
401762852,2025,2,11,2025-11-05T00:00Z,0,1,195,193,OHIO,M-OH,24.000,20.000,0,-2.500,50.500,-140.000,120.000,-3.500,50.500,ESPN BET,15,15
401762853,2025,2,11,2025-11-06T00:00Z,0,1,2050,2309,BALL,KENT,17.000,13.000,0,-3.500,48.500,-155.000,135.000,-3.500,46.500,ESPN BET,15,15
401762854,2025,2,11,2025-11-06T00:00Z,0,1,2649,2459,TOL,NIU,42.000,3.000,0,-15.500,41.500,-900.000,550.000,-14.500,42.500,ESPN BET,15,15
401761644,2025,2,11,2025-11-07T00:30Z,0,1,2026,290,APP,GASO,23.000,25.000,0,-4.500,61.500,-200.000,170.000,-5.500,62.500,ESPN BET,37,37
401762500,2025,2,11,2025-11-07T00:30Z,0,1,58,2636,USF,UTSA,55.000,23.000,0,-13.500,66.500,-700.000,450.000,-12.500,67.500,ESPN BET,151,151
401756946,2025,2,11,2025-11-08T01:15Z,0,1,2116,248,UCF,HOU,27.000,30.000,0,-1.500,47.500,-125.000,105.000,2.500,48.500,ESPN BET,4,4
401752896,2025,2,11,2025-11-08T02:00Z,0,1,30,77,USC,NU,38.000,17.000,0,-14.500,54.500,-800.000,500.000,-15.500,51.500,ESPN BET,5,5
401762501,2025,2,11,2025-11-08T02:10Z,0,1,235,2655,MEM,TULN,32.000,38.000,0,-3.500,53.500,-150.000,130.000,-7.500,57.500,ESPN BET,151,151
401752762,2025,2,11,2025-11-08T17:00Z,0,1,344,61,MSST,UGA,21.000,41.000,0,9.500,56.500,300.000,-400.000,8.500,57.500,ESPN BET,8,8
401752893,2025,2,11,2025-11-08T17:00Z,0,1,213,84,PSU,IU,24.000,27.000,0,13.500,50.500,450.000,-700.000,13.500,48.500,ESPN BET,5,5
401754584,2025,2,11,2025-11-08T17:00Z,0,1,103,2567,BC,SMU,13.000,45.000,0,10.500,54.500,340.000,-450.000,12.500,51.500,ESPN BET,1,1
401756945,2025,2,11,2025-11-08T17:00Z,0,1,2641,252,TTU,BYU,29.000,7.000,0,-13.500,,-500.000,360.000,-10.500,,ESPN BET,4,4
401756947,2025,2,11,2025-11-08T17:00Z,0,1,277,38,WVU,COLO,29.000,22.000,0,-6.500,51.500,-250.000,210.000,-5.500,53.500,ESPN BET,4,4
401761646,2025,2,11,2025-11-08T17:00Z,0,1,276,256,MRSH,JMU,23.000,35.000,0,13.500,52.500,425.000,-650.000,12.500,54.500,ESPN BET,37,37
401761647,2025,2,11,2025-11-08T17:00Z,0,1,2032,2572,ARST,USM,21.000,27.000,0,6.500,54.500,200.000,-240.000,5.500,59.500,ESPN BET,37,37
401762503,2025,2,11,2025-11-08T17:00Z,0,1,349,218,ARMY,TEM,14.000,13.000,0,-7.500,45.500,-290.000,240.000,-5.500,46.500,ESPN BET,151,151
401752761,2025,2,11,2025-11-08T18:00Z,0,0,145,2643,MISS,CIT,49.000,0.000,0,-52.500,63.500,,,-53.500,64.500,ESPN BET,8,29
401752897,2025,2,11,2025-11-08T18:00Z,0,1,2509,194,PUR,OSU,10.000,34.000,0,30.500,49.500,3000.000,-20000.000,26.500,47.500,ESPN BET,5,5
401757299,2025,2,11,2025-11-08T18:00Z,0,1,2335,2623,LIB,MOST,17.000,21.000,0,-7.500,51.500,-300.000,250.000,-7.500,50.500,ESPN BET,12,12
401762855,2025,2,11,2025-11-08T18:00Z,0,1,2199,189,EMU,BGSU,27.000,21.000,0,-3.500,49.500,-155.000,135.000,-2.500,51.500,ESPN BET,15,15
401762502,2025,2,11,2025-11-08T19:00Z,0,1,242,5,RICE,UAB,24.000,17.000,0,-1.500,51.500,-120.000,100.000,-3.500,54.500,ESPN BET,151,151
401752894,2025,2,11,2025-11-08T19:30Z,0,1,164,120,RUTG,MD,35.000,20.000,0,-1.500,56.500,-120.000,100.000,-2.500,59.500,ESPN BET,5,5
401757295,2025,2,11,2025-11-08T20:00Z,0,1,48,2348,DEL,LT,25.000,24.000,0,5.500,57.500,180.000,-215.000,5.500,57.500,ESPN BET,12,12
401757296,2025,2,11,2025-11-08T20:00Z,0,1,2393,2229,MTSU,FIU,30.000,56.000,0,-1.500,50.500,-125.000,105.000,1.500,52.500,ESPN BET,12,12
401757297,2025,2,11,2025-11-08T20:00Z,0,1,2638,55,UTEP,JVST,27.000,30.000,0,1.500,46.500,100.000,-120.000,2.500,49.500,ESPN BET,12,12
401762504,2025,2,11,2025-11-08T20:00Z,0,1,151,2429,ECU,CLT,48.000,22.000,0,-29.500,56.500,-7500.000,2000.000,-26.500,55.500,ESPN BET,151,151
401762505,2025,2,11,2025-11-08T20:00Z,0,1,2226,202,FAU,TLSA,40.000,21.000,0,-4.500,60.500,-185.000,155.000,-6.500,65.500,ESPN BET,151,151
401752763,2025,2,11,2025-11-08T20:30Z,0,1,142,245,MIZ,TA&M,17.000,38.000,0,6.500,48.500,210.000,-250.000,4.500,49.500,ESPN BET,8,8
401752898,2025,2,11,2025-11-08T20:30Z,0,1,2294,2483,IOWA,ORE,16.000,18.000,0,4.500,42.500,170.000,-200.000,5.500,43.500,ESPN BET,5,5
401754587,2025,2,11,2025-11-08T20:30Z,0,1,2390,183,MIA,SYR,38.000,10.000,0,-28.500,47.500,-50000.000,3500.000,-27.500,46.500,ESPN BET,1,1
401754590,2025,2,11,2025-11-08T20:30Z,0,0,41,150,CONN,DUKE,37.000,34.000,0,7.500,62.500,250.000,-300.000,8.500,65.500,ESPN BET,18,1
401756943,2025,2,11,2025-11-08T20:30Z,0,1,12,2305,ARIZ,KU,24.000,20.000,0,-6.500,56.500,-225.000,190.000,-5.500,56.500,ESPN BET,4,4
401756944,2025,2,11,2025-11-08T20:30Z,0,1,2628,66,TCU,ISU,17.000,20.000,0,-7.500,58.500,-320.000,260.000,-6.500,57.500,ESPN BET,4,4
401752764,2025,2,11,2025-11-08T21:00Z,0,1,238,2,VAN,AUB,45.000,38.000,1,-5.500,46.500,-225.000,190.000,-7.500,45.500,ESPN BET,8,8
401757298,2025,2,11,2025-11-08T21:00Z,0,1,166,338,NMSU,KENN,21.000,24.000,0,11.500,52.500,340.000,-450.000,7.500,52.500,ESPN BET,12,12
401761645,2025,2,11,2025-11-08T21:00Z,0,1,324,2247,CCU,GAST,40.000,27.000,0,-7.500,56.500,-275.000,225.000,-7.500,56.500,ESPN BET,37,37
401752899,2025,2,11,2025-11-08T21:30Z,0,1,275,264,WIS,WASH,13.000,10.000,0,10.500,44.500,320.000,-425.000,11.500,45.500,ESPN BET,5,5
401754588,2025,2,11,2025-11-08T21:30Z,0,1,153,24,UNC,STAN,20.000,15.000,0,-8.500,41.500,-320.000,260.000,-7.500,42.500,ESPN BET,1,1
401761648,2025,2,11,2025-11-08T22:00Z,0,1,309,326,UL,TXST,42.000,39.000,0,3.500,63.500,145.000,-170.000,2.500,64.500,ESPN BET,37,37
401760406,2025,2,11,2025-11-08T23:00Z,0,1,23,2005,SJSU,AFA,16.000,26.000,0,-6.500,68.500,-210.000,175.000,-3.500,65.500,ESPN BET,17,17
401754585,2025,2,11,2025-11-09T00:00Z,0,1,97,25,LOU,CAL,26.000,29.000,1,-18.500,49.500,-1600.000,800.000,-18.500,49.500,ESPN BET,1,1
401754586,2025,2,11,2025-11-09T00:00Z,0,1,228,52,CLEM,FSU,24.000,10.000,0,-1.500,57.500,-120.000,100.000,-2.500,56.500,ESPN BET,1,1
401754589,2025,2,11,2025-11-09T00:00Z,0,1,258,154,UVA,WAKE,9.000,16.000,0,-7.500,48.500,-260.000,215.000,-6.500,49.500,ESPN BET,1,1
401752759,2025,2,11,2025-11-09T00:30Z,0,1,333,99,ALA,LSU,20.000,9.000,0,-10.500,49.500,-400.000,300.000,-10.500,50.500,ESPN BET,8,8
401752760,2025,2,11,2025-11-09T00:30Z,0,1,96,57,UK,FLA,38.000,7.000,0,5.500,44.500,175.000,-210.000,4.500,44.500,ESPN BET,8,8
401757166,2025,2,11,2025-11-09T00:30Z,0,0,87,2426,ND,NAVY,49.000,10.000,0,-30.500,54.500,-7500.000,2000.000,-24.500,55.500,ESPN BET,18,151
401760409,2025,2,11,2025-11-09T00:30Z,0,1,328,2440,USU,NEV,51.000,14.000,0,-9.500,52.500,-360.000,280.000,-11.500,53.500,ESPN BET,17,17
401752895,2025,2,11,2025-11-09T02:00Z,0,1,26,158,UCLA,NEB,21.000,28.000,0,-2.500,45.500,-125.000,105.000,-2.500,43.500,ESPN BET,5,5
401760407,2025,2,11,2025-11-09T02:30Z,0,1,36,2439,CSU,UNLV,10.000,42.000,0,4.500,61.500,170.000,-200.000,5.500,61.500,ESPN BET,17,17
401752944,2025,2,11,2025-11-09T03:00Z,0,0,204,2534,ORST,SHSU,17.000,21.000,0,-21.500,52.500,-2000.000,1000.000,-18.500,51.500,ESPN BET,9,12
401760408,2025,2,11,2025-11-09T04:00Z,0,1,62,21,HAW,SDSU,38.000,6.000,0,6.500,47.500,210.000,-250.000,6.500,50.500,ESPN BET,17,17
401762856,2025,2,12,2025-11-12T00:30Z,0,1,2006,2309,AKR,KENT,35.000,42.000,1,-7.500,49.500,-290.000,240.000,-4.500,48.500,ESPN BET,15,15
401762857,2025,2,12,2025-11-12T01:00Z,0,1,2711,195,WMU,OHIO,17.000,13.000,0,-1.500,46.500,-125.000,105.000,1.500,47.500,ESPN BET,15,15
401762858,2025,2,12,2025-11-13T00:00Z,0,1,2117,2084,CMU,BUFF,38.000,19.000,0,-2.500,44.500,-135.000,115.000,-2.500,43.500,ESPN BET,15,15
401762859,2025,2,12,2025-11-13T00:00Z,0,1,113,2459,MASS,NIU,3.000,45.000,0,8.500,43.500,280.000,-360.000,10.500,44.500,ESPN BET,15,15
401762860,2025,2,12,2025-11-13T00:00Z,0,1,193,2649,M-OH,TOL,3.000,24.000,0,6.500,44.500,200.000,-240.000,2.500,50.500,ESPN BET,15,15
401761649,2025,2,12,2025-11-14T00:30Z,0,1,295,2653,ODU,TROY,33.000,0.000,0,-9.500,53.500,-400.000,300.000,-10.500,53.500,ESPN BET,37,37
401754591,2025,2,12,2025-11-15T00:30Z,0,1,97,228,LOU,CLEM,19.000,20.000,0,-2.500,50.500,-130.000,110.000,-3.500,51.500,ESPN BET,1,1
401752904,2025,2,12,2025-11-15T02:00Z,0,1,2483,135,ORE,MINN,42.000,13.000,0,-26.500,45.500,-7500.000,2000.000,-21.500,44.500,ESPN BET,5,5
401752772,2025,2,12,2025-11-15T17:00Z,0,1,245,2579,TA&M,SC,31.000,30.000,0,-16.500,49.500,-800.000,500.000,-17.500,48.500,ESPN BET,8,8
401752901,2025,2,12,2025-11-15T17:00Z,0,1,84,275,IU,WIS,31.000,7.000,0,-27.500,43.500,-10000.000,2500.000,-30.500,43.500,ESPN BET,5,5
401752905,2025,2,12,2025-11-15T17:00Z,0,1,77,130,NU,MICH,22.000,24.000,0,10.500,42.500,320.000,-425.000,10.500,40.500,ESPN BET,5,5
401754597,2025,2,12,2025-11-15T17:00Z,0,0,221,87,PITT,ND,15.000,37.000,0,12.500,54.500,380.000,-550.000,11.500,56.500,ESPN BET,1,18
401756951,2025,2,12,2025-11-15T17:00Z,0,1,2132,12,CIN,ARIZ,24.000,30.000,0,-6.500,56.500,-230.000,195.000,-5.500,56.500,ESPN BET,4,4
401756952,2025,2,12,2025-11-15T17:00Z,0,1,197,2306,OKST,KSU,6.000,14.000,0,19.500,50.500,800.000,-1600.000,19.500,54.500,ESPN BET,4,4
401757174,2025,2,12,2025-11-15T17:00Z,0,0,41,2005,CONN,AFA,26.000,16.000,0,-7.500,64.500,-290.000,240.000,-8.500,63.500,ESPN BET,18,17
401762507,2025,2,12,2025-11-15T17:00Z,0,1,2429,2636,CLT,UTSA,7.000,28.000,0,17.500,57.500,550.000,-900.000,17.500,60.500,ESPN BET,151,151
401762510,2025,2,12,2025-11-15T17:00Z,0,1,2426,58,NAVY,USF,41.000,38.000,0,8.500,62.500,280.000,-360.000,9.500,63.500,ESPN BET,151,151
401762861,2025,2,12,2025-11-15T17:00Z,0,1,2050,2199,BALL,EMU,9.000,24.000,0,2.500,48.500,125.000,-145.000,2.500,49.500,ESPN BET,15,15
401752768,2025,2,12,2025-11-15T17:45Z,0,1,99,8,LSU,ARK,23.000,22.000,0,-4.500,58.500,-195.000,165.000,-5.500,55.500,ESPN BET,8,8
401752945,2025,2,12,2025-11-15T18:00Z,0,0,202,204,TLSA,ORST,31.000,14.000,0,-1.500,50.500,-125.000,105.000,-1.500,50.500,ESPN BET,151,9
401756948,2025,2,12,2025-11-15T18:00Z,0,1,9,277,ASU,WVU,25.000,23.000,0,-9.500,46.500,-360.000,280.000,-10.500,47.500,ESPN BET,4,4
401752767,2025,2,12,2025-11-15T18:30Z,0,0,96,2635,UK,TNTC,42.000,10.000,0,-22.500,52.500,-5000.000,1500.000,-22.000,52.500,ESPN BET,8,179
401761651,2025,2,12,2025-11-15T19:00Z,0,1,2247,276,GAST,MRSH,18.000,30.000,0,9.500,59.500,280.000,-360.000,6.500,62.500,ESPN BET,37,37
401762506,2025,2,12,2025-11-15T19:00Z,0,1,5,249,UAB,UNT,24.000,53.000,0,17.500,69.500,600.000,-1000.000,17.500,70.500,ESPN BET,151,151
401757304,2025,2,12,2025-11-15T20:00Z,0,1,2623,2638,MOST,UTEP,38.000,24.000,0,-7.500,48.500,-270.000,220.000,-4.500,50.500,ESPN BET,12,12
401760411,2025,2,12,2025-11-15T20:00Z,0,1,167,36,UNM,CSU,20.000,17.000,0,-15.500,53.500,-750.000,475.000,-14.500,53.500,ESPN BET,17,17
401752765,2025,2,12,2025-11-15T20:30Z,0,1,333,201,ALA,OU,21.000,23.000,0,-6.500,46.500,-240.000,205.000,-7.500,45.500,ESPN BET,8,8
401752903,2025,2,12,2025-11-15T20:30Z,0,1,127,213,MSU,PSU,10.000,28.000,0,6.500,49.500,220.000,-270.000,7.500,48.500,ESPN BET,5,5
401752906,2025,2,12,2025-11-15T20:30Z,0,1,356,120,ILL,MD,24.000,6.000,0,-15.500,51.500,-750.000,475.000,-14.500,54.500,ESPN BET,5,5
401752907,2025,2,12,2025-11-15T20:30Z,0,1,30,2294,USC,IOWA,26.000,21.000,0,-6.500,48.500,-230.000,200.000,-6.500,49.500,ESPN BET,5,5
401754592,2025,2,12,2025-11-15T20:30Z,0,1,103,59,BC,GT,34.000,36.000,0,16.500,61.500,570.000,-800.000,16.500,57.500,ESPN BET,1,1
401756953,2025,2,12,2025-11-15T20:30Z,0,1,2641,2116,TTU,UCF,48.000,9.000,0,-24.500,48.500,-5000.000,1500.000,-23.500,47.500,ESPN BET,4,4
401757303,2025,2,12,2025-11-15T20:30Z,0,1,98,2393,WKU,MTSU,42.000,26.000,0,-13.500,51.500,-700.000,450.000,-13.500,56.500,ESPN BET,12,12
401760413,2025,2,12,2025-11-15T20:30Z,0,1,2440,23,NEV,SJSU,55.000,10.000,0,9.500,49.500,280.000,-360.000,8.500,52.500,ESPN BET,17,17
401761652,2025,2,12,2025-11-15T20:30Z,0,1,256,2026,JMU,APP,58.000,10.000,0,-19.500,54.500,-1400.000,750.000,-19.500,53.500,ESPN BET,37,37
401761653,2025,2,12,2025-11-15T20:30Z,0,1,2433,6,ULM,USA,14.000,26.000,0,4.500,50.500,170.000,-200.000,3.500,51.500,ESPN BET,37,37
401761654,2025,2,12,2025-11-15T20:30Z,0,1,2572,326,USM,TXST,14.000,41.000,0,-3.500,65.500,-155.000,135.000,-6.500,64.500,ESPN BET,37,37
401754593,2025,2,12,2025-11-15T20:35Z,0,1,150,258,DUKE,UVA,17.000,34.000,0,-5.500,60.500,-200.000,170.000,-6.500,59.500,ESPN BET,1,1
401754595,2025,2,12,2025-11-15T20:40Z,0,1,2390,152,MIA,NCSU,41.000,7.000,0,-16.500,54.500,-900.000,550.000,-14.500,55.500,ESPN BET,1,1
401762508,2025,2,12,2025-11-15T21:00Z,0,1,151,235,ECU,MEM,31.000,27.000,0,-2.500,57.500,-140.000,120.000,-2.500,60.500,ESPN BET,151,151
401762509,2025,2,12,2025-11-15T21:00Z,0,1,2655,2226,TULN,FAU,35.000,24.000,0,-17.500,61.500,-700.000,450.000,-16.500,62.500,ESPN BET,151,151
401752771,2025,2,12,2025-11-15T21:15Z,0,0,2633,166,TENN,NMSU,42.000,9.000,0,-41.500,60.500,,,-38.500,61.500,ESPN BET,8,12
401754596,2025,2,12,2025-11-15T21:30Z,0,1,154,153,WAKE,UNC,28.000,12.000,0,-3.500,37.500,-165.000,140.000,-6.500,38.500,ESPN BET,1,1
401757301,2025,2,12,2025-11-15T22:00Z,0,1,2229,2335,FIU,LIB,34.000,27.000,1,4.500,53.500,155.000,-185.000,2.500,53.500,ESPN BET,12,12
401761650,2025,2,12,2025-11-15T23:00Z,0,1,290,324,GASO,CCU,45.000,40.000,0,-3.500,58.500,-145.000,125.000,-2.500,57.500,ESPN BET,37,37
401752769,2025,2,12,2025-11-16T00:00Z,0,1,145,57,MISS,FLA,34.000,24.000,0,-11.500,53.500,-450.000,365.000,-13.500,52.500,ESPN BET,8,8
401752902,2025,2,12,2025-11-16T00:00Z,0,1,264,2509,WASH,PUR,49.000,13.000,0,-14.500,51.500,-800.000,500.000,-15.500,52.500,ESPN BET,5,5
401756949,2025,2,12,2025-11-16T00:00Z,0,1,239,254,BAY,UTAH,28.000,55.000,0,9.500,61.500,270.000,-340.000,7.500,60.500,ESPN BET,4,4
401757300,2025,2,12,2025-11-16T00:00Z,0,1,2534,48,SHSU,DEL,26.000,23.000,0,13.500,56.500,360.000,-500.000,8.500,56.500,ESPN BET,12,12
401760414,2025,2,12,2025-11-16T00:00Z,0,1,2439,328,UNLV,USU,29.000,26.000,1,-4.500,68.500,-195.000,165.000,-5.500,69.500,ESPN BET,17,17
401752766,2025,2,12,2025-11-16T00:30Z,0,1,61,251,UGA,TEX,35.000,10.000,0,-3.500,50.500,-180.000,155.000,-6.500,49.500,ESPN BET,8,8
401752900,2025,2,12,2025-11-16T00:30Z,0,1,194,26,OSU,UCLA,48.000,10.000,0,-32.500,46.500,,,-30.500,48.500,ESPN BET,5,5
401754594,2025,2,12,2025-11-16T00:30Z,0,1,52,259,FSU,VT,34.000,14.000,0,-13.500,53.500,-700.000,450.000,-10.500,54.500,ESPN BET,1,1
401752770,2025,2,12,2025-11-16T00:45Z,0,1,142,344,MIZ,MSST,49.000,27.000,0,-7.500,50.500,-340.000,270.000,-5.500,51.500,ESPN BET,8,8
401757302,2025,2,12,2025-11-16T01:00Z,0,1,55,338,JVST,KENN,35.000,26.000,0,3.500,55.500,140.000,-165.000,1.500,51.500,ESPN BET,12,12
401752953,2025,2,12,2025-11-16T03:00Z,0,0,265,2348,WSU,LT,28.000,3.000,0,-10.500,43.500,-400.000,300.000,-6.500,47.500,ESPN BET,9,12
401756950,2025,2,12,2025-11-16T03:15Z,0,1,252,2628,BYU,TCU,44.000,13.000,0,-2.500,51.500,-155.000,134.000,-4.500,51.500,ESPN BET,4,4
401760410,2025,2,12,2025-11-16T03:30Z,0,1,21,68,SDSU,BOIS,17.000,7.000,0,-2.500,43.500,-125.000,105.000,-2.500,41.500,ESPN BET,17,17
401760412,2025,2,12,2025-11-16T03:30Z,0,1,278,2751,FRES,WYO,24.000,3.000,0,-2.500,40.500,-140.000,120.000,-4.500,39.500,ESPN BET,17,17
401762862,2025,2,13,2025-11-19T00:00Z,0,1,189,2006,BGSU,AKR,16.000,19.000,0,-2.500,47.500,-135.000,115.000,-5.500,47.500,ESPN BET,15,15
401762864,2025,2,13,2025-11-19T00:00Z,0,1,2459,2711,NIU,WMU,19.000,35.000,0,6.500,38.500,230.000,-280.000,6.500,38.500,ESPN BET,15,15
401762863,2025,2,13,2025-11-19T00:15Z,0,1,195,113,OHIO,MASS,42.000,14.000,0,-34.500,53.500,,,-31.500,51.500,ESPN BET,15,15
401762865,2025,2,13,2025-11-20T00:00Z,0,1,2084,193,BUFF,M-OH,20.000,37.000,0,2.500,38.500,110.000,-130.000,-2.500,39.500,ESPN BET,15,15
401762866,2025,2,13,2025-11-20T00:00Z,0,1,2309,2117,KENT,CMU,16.000,28.000,0,7.500,50.500,240.000,-290.000,7.500,47.500,ESPN BET,15,15
401761655,2025,2,13,2025-11-21T00:30Z,0,1,2032,309,ARST,UL,30.000,34.000,0,-2.500,54.500,-140.000,120.000,-3.500,54.500,ESPN BET,37,37
401754598,2025,2,13,2025-11-22T01:00Z,0,1,152,52,NCSU,FSU,21.000,11.000,0,6.500,59.500,210.000,-250.000,3.500,61.500,ESPN BET,1,1
401760418,2025,2,13,2025-11-22T03:30Z,0,1,2439,62,UNLV,HAW,38.000,10.000,0,-2.500,64.500,-135.000,115.000,-3.500,64.500,ESPN BET,17,17
401752778,2025,2,13,2025-11-22T17:00Z,0,1,201,142,OU,MIZ,17.000,6.000,0,-4.500,42.500,-200.000,170.000,-9.500,42.500,ESPN BET,8,8
401752781,2025,2,13,2025-11-22T17:00Z,0,0,245,2535,TA&M,SAM,48.000,0.000,0,-53.500,58.500,,,-54.500,59.500,ESPN BET,8,29
401752909,2025,2,13,2025-11-22T17:00Z,0,1,77,135,NU,MINN,38.000,35.000,0,-4.500,41.500,-190.000,160.000,-3.500,41.500,ESPN BET,5,5
401752912,2025,2,13,2025-11-22T17:00Z,0,1,194,164,OSU,RUTG,42.000,9.000,0,-28.500,54.500,-50000.000,3500.000,-33.500,55.500,ESPN BET,5,5
401754602,2025,2,13,2025-11-22T17:00Z,0,1,2567,97,SMU,LOU,38.000,6.000,0,-3.500,50.500,-170.000,145.000,-3.500,53.500,ESPN BET,1,1
401754603,2025,2,13,2025-11-22T17:00Z,0,1,259,2390,VT,MIA,17.000,34.000,0,17.500,48.500,600.000,-1000.000,16.500,49.500,ESPN BET,1,1
401754606,2025,2,13,2025-11-22T17:00Z,0,0,154,48,WAKE,DEL,52.000,14.000,0,-17.500,48.500,-1600.000,800.000,-18.500,53.500,ESPN BET,1,12
401756958,2025,2,13,2025-11-22T17:00Z,0,1,66,2305,ISU,KU,38.000,14.000,0,-3.500,55.500,-165.000,140.000,-3.500,54.500,ESPN BET,4,4
401762512,2025,2,13,2025-11-22T17:00Z,0,1,349,202,ARMY,TLSA,25.000,26.000,0,-9.500,43.500,-380.000,290.000,-10.500,46.500,ESPN BET,151,151
401752776,2025,2,13,2025-11-22T17:45Z,0,0,61,2429,UGA,CLT,35.000,3.000,0,-42.500,53.500,,,-44.500,55.500,ESPN BET,8,151
401752954,2025,2,13,2025-11-22T18:00Z,0,0,256,265,JMU,WSU,24.000,20.000,0,-15.500,45.500,-800.000,500.000,-14.500,44.500,ESPN BET,37,9
401756954,2025,2,13,2025-11-22T18:00Z,0,1,12,239,ARIZ,BAY,41.000,17.000,0,-6.500,60.500,-215.000,180.000,-6.500,62.500,ESPN BET,4,4
401761657,2025,2,13,2025-11-22T18:00Z,0,1,290,295,GASO,ODU,10.000,45.000,0,10.500,62.500,300.000,-400.000,9.500,63.500,ESPN BET,37,37
401752773,2025,2,13,2025-11-22T19:00Z,0,0,333,2197,ALA,EIU,56.000,0.000,0,-54.500,59.500,,,-50.500,57.500,ESPN BET,8,179
401752774,2025,2,13,2025-11-22T19:00Z,0,0,2,2382,AUB,MER,62.000,17.000,0,-26.500,49.500,-4000.000,1300.000,-28.000,51.500,ESPN BET,8,29
401757306,2025,2,13,2025-11-22T19:00Z,0,1,338,2623,KENN,MOST,41.000,34.000,0,-6.500,54.500,-215.000,180.000,-6.500,58.500,ESPN BET,12,12
401760419,2025,2,13,2025-11-22T19:00Z,0,1,2751,2440,WYO,NEV,7.000,13.000,0,-6.500,40.500,-225.000,190.000,-7.500,41.500,ESPN BET,17,17
401762867,2025,2,13,2025-11-22T19:00Z,0,1,2649,2050,TOL,BALL,38.000,9.000,0,-28.500,45.500,-4000.000,1300.000,-26.500,47.500,ESPN BET,15,15
401761656,2025,2,13,2025-11-22T19:30Z,0,1,2026,276,APP,MRSH,26.000,24.000,0,3.500,57.500,155.000,-185.000,4.500,54.500,ESPN BET,37,37
401757175,2025,2,13,2025-11-22T20:00Z,0,0,2226,41,FAU,CONN,45.000,48.000,0,5.500,64.500,190.000,-225.000,7.500,67.500,ESPN BET,151,18
401757307,2025,2,13,2025-11-22T20:00Z,0,1,2348,2335,LT,LIB,34.000,28.000,1,1.500,45.500,-105.000,-115.000,-1.500,45.500,ESPN BET,12,12
401757308,2025,2,13,2025-11-22T20:00Z,0,1,2393,2534,MTSU,SHSU,31.000,17.000,0,-6.500,53.500,-240.000,200.000,-6.500,53.500,ESPN BET,12,12
401757309,2025,2,13,2025-11-22T20:00Z,0,1,2638,166,UTEP,NMSU,31.000,34.000,0,-4.500,45.500,-200.000,170.000,-3.500,45.500,ESPN BET,12,12
401762511,2025,2,13,2025-11-22T20:00Z,0,1,5,58,UAB,USF,18.000,48.000,0,22.500,68.500,1200.000,-3000.000,21.500,69.500,ESPN BET,151,151
401752780,2025,2,13,2025-11-22T20:30Z,0,1,251,8,TEX,ARK,52.000,37.000,0,-10.500,57.500,-380.000,290.000,-10.500,56.500,ESPN BET,8,8
401752782,2025,2,13,2025-11-22T20:30Z,0,1,238,96,VAN,UK,45.000,17.000,0,-6.500,53.500,-300.000,250.000,-10.500,52.500,ESPN BET,8,8
401752911,2025,2,13,2025-11-22T20:30Z,0,1,2483,30,ORE,USC,42.000,27.000,0,-12.500,60.500,-450.000,340.000,-8.500,55.500,ESPN BET,5,5
401752913,2025,2,13,2025-11-22T20:30Z,0,1,2294,127,IOWA,MSU,20.000,17.000,0,-17.500,43.500,-900.000,550.000,-16.500,42.500,ESPN BET,5,5
401754600,2025,2,13,2025-11-22T20:30Z,0,1,153,150,UNC,DUKE,25.000,32.000,0,6.500,50.500,200.000,-240.000,6.500,51.500,ESPN BET,1,1
401754604,2025,2,13,2025-11-22T20:30Z,0,0,87,183,ND,SYR,70.000,7.000,0,-36.500,50.500,,,-35.500,51.500,ESPN BET,18,1
401757305,2025,2,13,2025-11-22T20:30Z,0,1,2229,55,FIU,JVST,27.000,21.000,0,-2.500,56.500,-135.000,115.000,-1.500,55.500,ESPN BET,12,12
401761658,2025,2,13,2025-11-22T20:30Z,0,1,6,2572,USA,USM,42.000,35.000,0,2.500,53.500,110.000,-130.000,2.500,56.500,ESPN BET,37,37
401762513,2025,2,13,2025-11-22T20:30Z,0,1,2636,151,UTSA,ECU,58.000,24.000,0,2.500,61.500,115.000,-135.000,3.500,61.500,ESPN BET,151,151
401762515,2025,2,13,2025-11-22T20:45Z,0,1,218,2655,TEM,TULN,13.000,37.000,0,7.500,54.500,230.000,-280.000,8.500,54.500,ESPN BET,151,151
401752914,2025,2,13,2025-11-22T21:00Z,0,1,120,130,MD,MICH,20.000,45.000,0,13.500,46.500,475.000,-750.000,13.500,45.500,ESPN BET,5,5
401756957,2025,2,13,2025-11-22T21:00Z,0,1,248,2628,HOU,TCU,14.000,17.000,0,1.500,55.500,105.000,-125.000,-2.500,54.500,ESPN BET,4,4
401756959,2025,2,13,2025-11-22T21:00Z,0,1,2116,197,UCF,OKST,17.000,14.000,0,-12.500,47.500,-600.000,400.000,-13.500,47.500,ESPN BET,4,4
401756960,2025,2,13,2025-11-22T21:00Z,0,1,254,2306,UTAH,KSU,51.000,47.000,0,-18.500,52.500,-1400.000,750.000,-17.500,52.500,ESPN BET,4,4
401761660,2025,2,13,2025-11-22T21:00Z,0,1,2653,2247,TROY,GAST,31.000,19.000,0,-10.500,51.500,-400.000,300.000,-11.500,51.500,ESPN BET,37,37
401752779,2025,2,13,2025-11-22T21:15Z,0,0,2579,324,SC,CCU,51.000,7.000,0,-24.500,50.500,-4000.000,1300.000,-23.500,53.500,ESPN BET,8,37
401754605,2025,2,13,2025-11-22T21:30Z,0,0,228,231,CLEM,FUR,45.000,10.000,0,-43.500,55.500,,,-41.500,55.500,ESPN BET,1,29
401761659,2025,2,13,2025-11-22T22:00Z,0,1,326,2433,TXST,ULM,31.000,14.000,0,-20.500,60.500,-1400.000,750.000,-18.500,55.500,ESPN BET,37,37
401752908,2025,2,13,2025-11-23T00:00Z,0,1,213,158,PSU,NEB,37.000,10.000,0,-7.500,45.500,-300.000,250.000,-9.500,44.500,ESPN BET,5,5
401754601,2025,2,13,2025-11-23T00:00Z,0,1,59,221,GT,PITT,28.000,42.000,0,-2.500,61.500,-135.000,115.000,-2.500,61.500,ESPN BET,1,1
401760415,2025,2,13,2025-11-23T00:00Z,0,1,2005,167,AFA,UNM,3.000,20.000,0,3.500,53.500,135.000,-155.000,2.500,58.500,ESPN BET,17,17
401760416,2025,2,13,2025-11-23T00:00Z,0,1,68,36,BOIS,CSU,49.000,21.000,0,-17.500,46.500,-1200.000,700.000,-16.500,45.500,ESPN BET,17,17
401752775,2025,2,13,2025-11-23T00:30Z,0,1,57,2633,FLA,TENN,11.000,31.000,0,3.500,57.500,150.000,-175.000,3.500,57.500,ESPN BET,8,8
401752915,2025,2,13,2025-11-23T00:30Z,0,1,275,356,WIS,ILL,27.000,10.000,0,8.500,41.500,280.000,-360.000,9.500,42.500,ESPN BET,5,5
401754599,2025,2,13,2025-11-23T00:30Z,0,1,24,25,STAN,CAL,31.000,10.000,0,4.500,47.500,155.000,-185.000,2.500,50.500,ESPN BET,1,1
401762514,2025,2,13,2025-11-23T00:30Z,0,1,242,249,RICE,UNT,24.000,56.000,0,18.500,56.500,750.000,-1400.000,17.500,55.500,ESPN BET,151,151
401752777,2025,2,13,2025-11-23T00:45Z,0,0,99,98,LSU,WKU,13.000,10.000,0,-25.500,53.500,-4000.000,1300.000,-22.500,51.500,ESPN BET,8,12
401756955,2025,2,13,2025-11-23T01:00Z,0,1,2132,252,CIN,BYU,14.000,26.000,0,2.500,57.500,125.000,-145.000,2.500,53.500,ESPN BET,4,4
401756956,2025,2,13,2025-11-23T01:00Z,0,1,38,9,COLO,ASU,17.000,42.000,0,6.500,47.500,200.000,-240.000,8.500,48.500,ESPN BET,4,4
401752910,2025,2,13,2025-11-23T03:30Z,0,1,26,264,UCLA,WASH,14.000,48.000,0,10.500,51.500,320.000,-425.000,11.500,51.500,ESPN BET,5,5
401760417,2025,2,13,2025-11-23T03:30Z,0,1,278,328,FRES,USU,17.000,28.000,0,-1.500,50.500,-125.000,105.000,-2.500,51.500,ESPN BET,17,17
401760420,2025,2,13,2025-11-23T03:30Z,0,1,21,23,SDSU,SJSU,25.000,3.000,0,-9.500,51.500,-400.000,300.000,-11.500,49.500,ESPN BET,17,17
401762868,2025,2,14,2025-11-25T21:30Z,0,1,113,189,MASS,BGSU,14.000,45.000,0,14.000,44.500,,,14.500,44.500,DraftKings,15,15
401762869,2025,2,14,2025-11-26T00:30Z,0,1,2199,2711,EMU,WMU,21.000,31.000,0,7.000,49.500,,,7.500,48.500,DraftKings,15,15
401762516,2025,2,14,2025-11-28T00:30Z,0,1,235,2426,MEM,NAVY,17.000,28.000,0,-4.000,57.500,,,-4.500,58.500,DraftKings,151,151
401752788,2025,2,14,2025-11-28T17:00Z,0,1,344,145,MSST,MISS,19.000,38.000,0,7.500,62.500,,,7.500,62.500,DraftKings,8,8
401752916,2025,2,14,2025-11-28T17:00Z,0,1,158,2294,NEB,IOWA,16.000,40.000,0,5.500,38.500,,,5.500,38.500,DraftKings,5,5
401756964,2025,2,14,2025-11-28T17:00Z,0,1,2305,254,KU,UTAH,21.000,31.000,0,10.000,60.500,,,13.500,59.500,DraftKings,4,4
401762870,2025,2,14,2025-11-28T17:00Z,0,1,2084,195,BUFF,OHIO,26.000,31.000,0,6.500,44.500,,,7.000,44.500,DraftKings,15,15
401762871,2025,2,14,2025-11-28T17:00Z,0,1,2459,2309,NIU,KENT,31.000,35.000,0,-4.500,44.500,,,-5.500,45.500,DraftKings,15,15
401760421,2025,2,14,2025-11-28T20:00Z,0,1,36,2005,CSU,AFA,21.000,42.000,0,,47.500,,,,46.500,DraftKings,17,17
401752786,2025,2,14,2025-11-28T20:30Z,1,0,59,61,GT,UGA,9.000,16.000,0,16.500,60.500,500.000,-700.000,14.000,60.500,DraftKings,1,8
401760426,2025,2,14,2025-11-28T20:30Z,0,1,167,21,UNM,SDSU,23.000,17.000,1,1.500,,,,-1.500,,DraftKings,17,17
401762442,2025,2,14,2025-11-28T20:30Z,0,1,249,218,UNT,TEM,52.000,25.000,0,-20.500,,,,-20.500,,DraftKings,151,151
401760422,2025,2,14,2025-11-28T21:00Z,0,1,328,68,USU,BOIS,24.000,25.000,0,1.500,55.500,102.000,-122.000,3.000,56.500,DraftKings,17,17
401752792,2025,2,14,2025-11-29T00:30Z,0,1,251,245,TEX,TA&M,27.000,17.000,0,2.500,54.500,,,1.500,52.500,DraftKings,8,8
401752924,2025,2,14,2025-11-29T00:30Z,0,1,2509,84,PUR,IU,3.000,56.000,0,28.500,54.500,1800.000,-5000.000,28.500,53.500,DraftKings,5,5
401756961,2025,2,14,2025-11-29T02:00Z,0,1,9,12,ASU,ARIZ,7.000,23.000,0,2.500,48.500,,,2.500,47.500,DraftKings,4,4
401752787,2025,2,14,2025-11-29T17:00Z,0,0,97,96,LOU,UK,41.000,0.000,0,-3.500,47.500,,,-2.500,45.500,DraftKings,1,8
401752790,2025,2,14,2025-11-29T17:00Z,0,0,2579,228,SC,CLEM,14.000,28.000,0,-2.500,46.500,-135.000,114.000,-3.000,47.500,DraftKings,8,1
401752921,2025,2,14,2025-11-29T17:00Z,0,1,130,194,MICH,OSU,9.000,27.000,0,10.000,42.500,,,10.000,43.500,DraftKings,5,5
401754611,2025,2,14,2025-11-29T17:00Z,0,1,221,2390,PITT,MIA,7.000,38.000,0,6.500,48.500,205.000,,6.500,49.500,DraftKings,1,1
401756962,2025,2,14,2025-11-29T17:00Z,0,1,239,248,BAY,HOU,24.000,31.000,0,-2.500,57.500,,,-2.500,59.500,DraftKings,4,4
401756965,2025,2,14,2025-11-29T17:00Z,0,1,2306,38,KSU,COLO,24.000,14.000,0,-16.500,49.500,,,-17.500,50.500,DraftKings,4,4
401756966,2025,2,14,2025-11-29T17:00Z,0,1,197,66,OKST,ISU,13.000,20.000,0,14.000,47.500,455.000,,13.500,45.500,DraftKings,4,4
401756968,2025,2,14,2025-11-29T17:00Z,0,1,277,2641,WVU,TTU,0.000,49.000,0,24.500,53.500,,,24.500,52.500,DraftKings,4,4
401762519,2025,2,14,2025-11-29T17:00Z,0,1,2226,151,FAU,ECU,3.000,42.000,0,6.500,66.500,210.000,-250.000,6.500,66.500,ESPN BET,151,151
401762872,2025,2,14,2025-11-29T17:00Z,0,1,2117,2649,CMU,TOL,3.000,21.000,0,10.500,46.500,320.000,-425.000,8.500,43.500,ESPN BET,15,15
401762875,2025,2,14,2025-11-29T17:00Z,0,1,193,2050,M-OH,BALL,45.000,24.000,0,-16.500,40.500,-900.000,550.000,-17.500,41.500,ESPN BET,15,15
401756963,2025,2,14,2025-11-29T18:00Z,0,1,252,2116,BYU,UCF,41.000,21.000,0,,46.500,,,,47.500,DraftKings,4,4
401757310,2025,2,14,2025-11-29T18:00Z,0,1,48,2638,DEL,UTEP,61.000,31.000,0,-4.500,55.500,-195.000,165.000,-6.500,54.500,ESPN BET,12,12
401757311,2025,2,14,2025-11-29T18:00Z,0,1,2534,2229,SHSU,FIU,16.000,56.000,0,10.500,50.500,320.000,-425.000,10.500,51.500,ESPN BET,12,12
401761663,2025,2,14,2025-11-29T18:30Z,0,1,276,290,MRSH,GASO,19.000,24.000,0,-7.500,62.500,-425.000,330.000,-10.500,62.500,DraftKings,37,37
401757312,2025,2,14,2025-11-29T19:00Z,0,1,55,98,JVST,WKU,37.000,34.000,0,1.500,56.500,100.000,-120.000,2.500,55.500,ESPN BET,12,12
401757314,2025,2,14,2025-11-29T19:00Z,0,1,2623,2348,MOST,LT,30.000,42.000,0,-2.500,45.500,-130.000,110.000,-3.500,51.500,ESPN BET,12,12
401761664,2025,2,14,2025-11-29T19:00Z,0,1,295,2247,ODU,GAST,27.000,10.000,0,-28.500,58.500,-4000.000,1300.000,-26.500,58.500,ESPN BET,37,37
401761661,2025,2,14,2025-11-29T19:30Z,0,1,2026,2032,APP,ARST,29.000,30.000,0,1.500,54.500,100.000,-120.000,-1.500,56.500,ESPN BET,37,37
401754608,2025,2,14,2025-11-29T20:00Z,0,1,183,103,SYR,BC,12.000,34.000,0,2.500,54.500,125.000,-145.000,3.500,53.500,ESPN BET,1,1
401757315,2025,2,14,2025-11-29T20:00Z,0,1,166,2393,NMSU,MTSU,24.000,31.000,1,-3.500,51.500,-155.000,135.000,-4.500,54.500,ESPN BET,12,12
401761665,2025,2,14,2025-11-29T20:00Z,0,1,309,2433,UL,ULM,30.000,27.000,1,-10.500,,,,-10.500,,DraftKings,37,37
401761667,2025,2,14,2025-11-29T20:00Z,0,1,326,6,TXST,USA,49.000,26.000,0,-9.500,62.500,-380.000,290.000,-9.500,63.500,ESPN BET,37,37
401762517,2025,2,14,2025-11-29T20:00Z,0,1,202,5,TLSA,UAB,24.000,31.000,0,-9.500,56.500,-325.000,260.000,-9.500,56.500,DraftKings,151,151
401752783,2025,2,14,2025-11-29T20:30Z,0,1,8,142,ARK,MIZ,17.000,31.000,0,4.500,,,,3.500,,DraftKings,8,8
401752789,2025,2,14,2025-11-29T20:30Z,0,1,201,99,OU,LSU,17.000,13.000,0,-12.500,36.500,-500.000,380.000,-10.000,37.500,DraftKings,8,8
401752791,2025,2,14,2025-11-29T20:30Z,0,1,2633,238,TENN,VAN,24.000,45.000,0,-2.500,66.500,,,-2.500,65.500,DraftKings,8,8
401752917,2025,2,14,2025-11-29T20:30Z,0,1,264,2483,WASH,ORE,14.000,26.000,0,6.500,51.500,200.000,-245.000,6.500,51.500,DraftKings,5,5
401752918,2025,2,14,2025-11-29T20:30Z,0,1,135,275,MINN,WIS,17.000,7.000,0,2.500,38.500,115.000,-135.000,-2.500,38.500,ESPN BET,5,5
401752920,2025,2,14,2025-11-29T20:30Z,0,1,164,213,RUTG,PSU,36.000,40.000,0,12.500,55.500,,,14.000,55.500,DraftKings,5,5
401754610,2025,2,14,2025-11-29T20:30Z,0,1,150,154,DUKE,WAKE,49.000,32.000,0,-2.500,53.500,,,1.500,54.500,DraftKings,1,1
401756967,2025,2,14,2025-11-29T20:30Z,0,1,2628,2132,TCU,CIN,45.000,23.000,0,-3.000,58.500,-148.000,124.000,-3.500,56.500,DraftKings,4,4
401757313,2025,2,14,2025-11-29T20:30Z,0,1,2335,338,LIB,KENN,42.000,48.000,1,2.500,55.500,120.000,-140.000,2.500,54.500,ESPN BET,12,12
401761666,2025,2,14,2025-11-29T20:30Z,0,1,2572,2653,USM,TROY,18.000,28.000,0,-6.500,50.500,-250.000,210.000,-6.500,50.500,ESPN BET,37,37
401762441,2025,2,14,2025-11-29T20:30Z,0,1,2636,349,UTSA,ARMY,24.000,27.000,0,-8.500,50.500,-300.000,250.000,-6.500,51.500,ESPN BET,151,151
401761662,2025,2,14,2025-11-29T20:45Z,0,1,324,256,CCU,JMU,10.000,59.000,0,23.500,53.500,1200.000,-3000.000,21.500,53.500,ESPN BET,37,37
401752785,2025,2,14,2025-11-29T21:30Z,0,0,57,52,FLA,FSU,40.000,21.000,0,1.500,49.500,,,-1.500,49.500,DraftKings,8,1
401752946,2025,2,14,2025-11-29T23:30Z,0,1,265,204,WSU,ORST,32.000,8.000,0,-14.500,42.500,-700.000,450.000,-12.500,43.500,ESPN BET,9,9
401752923,2025,2,14,2025-11-30T00:00Z,1,1,127,120,MSU,MD,38.000,28.000,0,-4.000,49.500,,,-3.500,49.500,DraftKings,5,5
401754613,2025,2,14,2025-11-30T00:00Z,0,1,258,259,UVA,VT,27.000,7.000,0,-8.500,52.500,-340.000,270.000,-9.500,52.500,DraftKings,1,1
401762520,2025,2,14,2025-11-30T00:00Z,0,1,58,242,USF,RICE,52.000,3.000,0,-28.500,57.500,-6000.000,1800.000,-26.500,59.500,ESPN BET,151,151
401752784,2025,2,14,2025-11-30T00:30Z,0,1,2,333,AUB,ALA,20.000,27.000,0,7.000,48.500,,,6.000,46.500,DraftKings,8,8
401752919,2025,2,14,2025-11-30T00:30Z,0,1,30,26,USC,UCLA,29.000,10.000,0,-21.500,59.500,-1800.000,1000.000,-22.500,59.500,DraftKings,5,5
401752922,2025,2,14,2025-11-30T00:30Z,0,1,356,77,ILL,NU,20.000,13.000,0,-7.000,43.500,-270.000,220.000,-7.000,47.500,DraftKings,5,5
401754612,2025,2,14,2025-11-30T00:30Z,0,1,152,153,NCSU,UNC,42.000,19.000,0,-7.000,48.500,,,-7.000,48.500,DraftKings,1,1
401762518,2025,2,14,2025-11-30T00:30Z,0,1,2655,2429,TULN,CLT,27.000,0.000,0,-29.500,51.500,,,-29.500,50.500,DraftKings,151,151
401754609,2025,2,14,2025-11-30T01:00Z,0,1,25,2567,CAL,SMU,38.000,35.000,0,13.500,52.500,400.000,-600.000,10.500,55.500,ESPN BET,1,1
401760425,2025,2,14,2025-11-30T02:00Z,0,1,2440,2439,NEV,UNLV,17.000,42.000,0,7.500,52.500,,,8.500,52.500,DraftKings,17,17
401754614,2025,2,14,2025-11-30T03:30Z,0,0,24,87,STAN,ND,20.000,49.000,0,32.500,51.500,,,31.500,49.500,DraftKings,1,18
401760423,2025,2,14,2025-11-30T03:30Z,0,1,23,278,SJSU,FRES,14.000,41.000,0,3.000,44.500,,,3.000,46.500,DraftKings,17,17
401760424,2025,2,14,2025-11-30T04:00Z,0,1,62,2751,HAW,WYO,27.000,7.000,0,-8.500,,,,-7.500,,DraftKings,17,17
401777325,2025,2,15,2025-12-06T00:00Z,0,0,55,338,JVST,KENN,15.000,19.000,0,3.000,62.500,136.000,-162.000,-1.500,58.500,DraftKings,12,12
401777352,2025,2,15,2025-12-06T00:00Z,0,0,256,2653,JMU,TROY,31.000,14.000,0,-24.500,47.500,-3600.000,1500.000,-21.500,48.500,DraftKings,37,37
401777324,2025,2,15,2025-12-06T01:00Z,0,0,2655,249,TULN,UNT,34.000,21.000,0,1.500,66.500,100.000,-120.000,3.000,64.500,DraftKings,151,151
401777326,2025,2,15,2025-12-06T01:00Z,0,0,68,2439,BOIS,UNLV,38.000,21.000,0,-6.000,59.500,-245.000,200.000,-1.500,56.500,DraftKings,17,17
401777327,2025,2,15,2025-12-06T17:00Z,1,0,2641,252,TTU,BYU,34.000,7.000,0,-12.500,50.500,-575.000,425.000,-12.500,50.500,DraftKings,4,4
401777329,2025,2,15,2025-12-06T17:00Z,1,0,2711,193,WMU,M-OH,23.000,13.000,0,-2.500,44.500,-142.000,120.000,-2.500,43.500,DraftKings,15,15
401777351,2025,2,15,2025-12-06T21:00Z,1,0,333,61,ALA,UGA,7.000,28.000,0,1.500,48.500,110.000,-130.000,2.500,47.500,DraftKings,8,8
401777328,2025,2,15,2025-12-07T01:00Z,1,0,258,150,UVA,DUKE,20.000,27.000,1,-3.500,58.500,-175.000,145.000,-2.500,57.500,DraftKings,1,1
401777353,2025,2,15,2025-12-07T01:00Z,1,0,194,84,OSU,IU,10.000,13.000,0,-3.500,45.500,-180.000,150.000,-5.500,48.500,DraftKings,5,5
401762521,2025,2,16,2025-12-13T20:00Z,1,0,2426,349,NAVY,ARMY,17.000,16.000,0,-6.000,37.500,-250.000,205.000,-4.500,38.500,DraftKings,151,151
401778302,2025,3,1,2025-12-14T01:00Z,1,0,264,68,WASH,BOIS,38.000,10.000,0,-10.000,55.500,-380.000,300.000,-8.500,51.500,DraftKings,5,17
401778303,2025,3,1,2025-12-17T02:00Z,1,0,55,2653,JVST,TROY,17.000,13.000,0,-3.000,47.500,-155.000,130.000,3.000,51.500,DraftKings,12,37
401778304,2025,3,1,2025-12-17T22:00Z,1,0,58,295,USF,ODU,10.000,24.000,0,-4.000,52.500,-192.000,160.000,-7.500,56.500,DraftKings,151,37
401778305,2025,3,1,2025-12-18T01:40Z,1,0,48,309,DEL,UL,20.000,13.000,0,1.500,60.500,110.000,-130.000,3.500,58.500,DraftKings,12,37
401838053,2025,3,1,2025-12-19T02:00Z,1,0,2032,2623,ARST,MOST,34.000,28.000,0,-1.500,55.500,-125.000,105.000,-2.500,56.500,DraftKings,37,12
401778306,2025,3,1,2025-12-19T16:00Z,1,0,2711,338,WMU,KENN,41.000,6.000,0,-3.500,47.500,-166.000,140.000,-3.000,47.500,DraftKings,15,12
401778307,2025,3,1,2025-12-19T19:30Z,1,0,152,235,NCSU,MEM,31.000,7.000,0,-3.500,56.500,-162.000,136.000,-5.500,58.500,DraftKings,1,151
401779840,2025,3,1,2025-12-20T01:00Z,0,0,201,333,OU,ALA,24.000,34.000,0,-2.500,42.500,-142.000,120.000,1.500,41.500,DraftKings,8,8
401779841,2025,3,1,2025-12-20T17:00Z,0,0,245,2390,TA&M,MIA,3.000,10.000,0,-3.000,48.500,-142.000,120.000,-4.000,52.500,DraftKings,8,1
401779842,2025,3,1,2025-12-20T20:30Z,0,0,145,2655,MISS,TULN,41.000,10.000,0,-16.500,57.500,-950.000,625.000,-16.500,56.500,DraftKings,8,151
401779843,2025,3,1,2025-12-21T00:30Z,0,0,2483,256,ORE,JMU,51.000,34.000,0,-20.500,47.500,-1650.000,950.000,-21.500,51.500,DraftKings,5,37
401778308,2025,3,1,2025-12-22T19:00Z,1,0,328,265,USU,WSU,21.000,34.000,0,-1.500,50.500,-115.000,-105.000,1.500,53.500,DraftKings,17,9
401778309,2025,3,1,2025-12-23T19:00Z,1,0,97,2649,LOU,TOL,27.000,22.000,0,-11.500,44.500,-470.000,360.000,-9.500,46.500,DraftKings,1,15
401778310,2025,3,1,2025-12-23T22:30Z,1,0,2572,98,USM,WKU,16.000,27.000,0,-2.500,59.500,-142.000,120.000,2.500,55.500,DraftKings,37,12
401778311,2025,3,1,2025-12-24T02:00Z,1,0,195,2439,OHIO,UNLV,17.000,10.000,0,6.500,64.500,205.000,-250.000,4.500,62.500,DraftKings,15,17
401778312,2025,3,1,2025-12-25T01:00Z,0,0,62,25,HAW,CAL,35.000,31.000,0,-1.500,50.500,-118.000,-102.000,1.500,54.500,DraftKings,17,1
401778313,2025,3,1,2025-12-26T18:00Z,1,0,77,2117,NU,CMU,34.000,7.000,0,-13.500,43.500,-520.000,390.000,-12.500,44.500,DraftKings,5,15
401778314,2025,3,1,2025-12-26T21:30Z,1,0,135,167,MINN,UNM,20.000,17.000,1,-1.500,44.500,-118.000,-102.000,-3.000,49.500,DraftKings,5,17
401778315,2025,3,1,2025-12-27T01:00Z,1,0,2636,2229,UTSA,FIU,57.000,20.000,0,-7.500,63.500,-265.000,215.000,-8.500,57.500,DraftKings,151,12
401778316,2025,3,1,2025-12-27T16:00Z,1,0,151,221,ECU,PITT,23.000,17.000,0,13.500,51.500,370.000,-485.000,6.000,59.500,DraftKings,151,1
401778317,2025,3,1,2025-12-27T17:00Z,1,0,228,213,CLEM,PSU,10.000,22.000,0,-2.500,47.500,-130.000,110.000,1.500,48.500,DraftKings,1,5
401778318,2025,3,1,2025-12-27T19:15Z,1,0,349,41,ARMY,CONN,41.000,16.000,0,-7.500,41.500,-310.000,250.000,3.500,48.500,DraftKings,151,18
401778319,2025,3,1,2025-12-27T20:40Z,1,0,252,59,BYU,GT,25.000,21.000,0,-3.500,55.500,-180.000,150.000,-2.500,55.500,DraftKings,4,1
401778320,2025,3,1,2025-12-27T21:30Z,1,0,278,193,FRES,M-OH,18.000,3.000,0,-5.500,40.500,-198.000,164.000,-3.500,46.500,DraftKings,17,15
401778321,2025,3,1,2025-12-27T22:45Z,1,0,21,249,SDSU,UNT,47.000,49.000,0,7.500,55.500,245.000,-305.000,6.500,56.500,DraftKings,17,151
401778322,2025,3,1,2025-12-28T00:30Z,1,0,142,258,MIZ,UVA,7.000,13.000,0,-4.000,43.500,-185.000,154.000,-7.000,50.500,DraftKings,8,1
401778323,2025,3,1,2025-12-28T02:20Z,1,0,248,99,HOU,LSU,38.000,35.000,0,-1.500,43.500,-110.000,-110.000,-1.500,45.500,DraftKings,4,8
401778324,2025,3,1,2025-12-29T19:00Z,1,0,2026,290,APP,GASO,10.000,29.000,0,10.000,58.500,285.000,-360.000,2.500,59.500,DraftKings,37,37
401778325,2025,3,1,2025-12-30T19:00Z,1,0,2348,324,LT,CCU,23.000,14.000,0,-10.000,51.500,-395.000,310.000,-7.000,52.500,DraftKings,12,37
401778326,2025,3,1,2025-12-30T22:30Z,1,0,356,2633,ILL,TENN,30.000,28.000,0,3.000,61.500,120.000,-142.000,6.500,61.500,DraftKings,5,8
401778327,2025,3,1,2025-12-31T02:00Z,1,0,2628,30,TCU,USC,30.000,27.000,1,4.500,56.500,170.000,-205.000,5.500,58.500,DraftKings,4,5
401778328,2025,3,1,2025-12-31T17:00Z,1,0,238,2294,VAN,IOWA,27.000,34.000,0,-3.000,47.500,-162.000,136.000,-4.000,49.500,DraftKings,8,5
401778329,2025,3,1,2025-12-31T19:00Z,1,0,150,9,DUKE,ASU,42.000,39.000,0,-4.000,49.500,-180.000,150.000,-1.500,51.500,DraftKings,1,4
401778330,2025,3,1,2025-12-31T20:00Z,1,0,251,130,TEX,MICH,41.000,27.000,0,-4.000,50.500,-192.000,160.000,-4.500,46.500,DraftKings,8,5
401778331,2025,3,1,2025-12-31T20:30Z,1,0,254,158,UTAH,NEB,44.000,22.000,0,-13.500,51.500,-500.000,380.000,-13.500,50.500,DraftKings,4,5
401769070,2025,3,1,2026-01-01T00:30Z,1,0,194,2390,OSU,MIA,14.000,24.000,0,-7.500,39.500,-325.000,260.000,-9.500,43.500,DraftKings,5,1
401769071,2025,3,1,2026-01-01T17:00Z,1,0,2641,2483,TTU,ORE,0.000,23.000,0,-1.500,50.500,-115.000,-105.000,1.500,52.500,DraftKings,4,5
401769072,2025,3,1,2026-01-01T21:00Z,1,0,84,333,IU,ALA,38.000,3.000,0,-7.500,46.500,-278.000,225.000,-6.500,49.500,DraftKings,5,8
401769073,2025,3,1,2026-01-02T01:00Z,1,0,61,145,UGA,MISS,34.000,39.000,0,-6.000,53.500,-218.000,180.000,-6.500,56.500,DraftKings,8,8
401778332,2025,3,1,2026-01-02T18:00Z,1,0,326,242,TXST,RICE,41.000,10.000,0,-19.500,55.500,-900.000,600.000,-10.500,59.500,DraftKings,37,151
401778333,2025,3,1,2026-01-02T21:30Z,1,0,2132,2426,CIN,NAVY,13.000,35.000,0,7.500,57.500,245.000,-305.000,-6.500,57.500,DraftKings,4,151
401778334,2025,3,1,2026-01-03T01:00Z,1,0,344,154,MSST,WAKE,29.000,43.000,0,-3.000,52.500,-148.000,124.000,-3.000,56.500,DraftKings,8,1
401831583,2025,3,1,2026-01-03T01:00Z,1,0,2567,12,SMU,ARIZ,24.000,19.000,0,-2.500,55.500,-142.000,120.000,1.500,52.500,DraftKings,1,4
401769075,2025,3,1,2026-01-09T00:30Z,1,0,145,2390,MISS,MIA,27.000,31.000,0,3.000,52.500,142.000,-170.000,3.000,51.500,DraftKings,8,1
401769074,2025,3,1,2026-01-10T00:30Z,1,0,84,2483,IU,ORE,56.000,22.000,0,-3.000,50.500,-175.000,145.000,-4.000,48.500,DraftKings,5,5
401769076,2025,3,1,2026-01-20T00:30Z,0,0,84,2390,IU,MIA,27.000,21.000,0,-7.500,47.500,-310.000,250.000,-7.500,48.500,DraftKings,5,1
401856766,2026,2,1,2026-08-29T16:00Z,1,0,2628,153,TCU,UNC,10.000,15.000,0,-7.500,46.500,-305.000,245.000,-6.500,49.500,DraftKings,4,1
401864494,2026,2,1,2026-08-29T19:00Z,0,0,30,23,USC,SJSU,42.000,26.000,0,-37.500,61.500,-100000.000,5000.000,-35.500,57.500,DraftKings,5,17
401858202,2026,2,1,2026-08-29T19:30Z,0,1,258,152,UVA,NCSU,34.000,8.000,0,-4.000,50.500,-175.000,145.000,-3.000,53.500,DraftKings,1,1
401864577,2026,2,1,2026-08-29T21:30Z,0,0,2449,55,NDSU,JXST,33.000,7.000,0,-6.500,46.500,-285.000,230.000,-10.000,48.500,DraftKings,17,12
401866408,2026,2,1,2026-08-29T22:30Z,0,1,2199,16,EMU,SAC,28.000,17.000,0,-9.500,52.500,-355.000,280.000,-8.500,52.500,DraftKings,15,15
401858201,2026,2,1,2026-08-29T23:00Z,0,0,24,62,STAN,HAW,37.000,27.000,0,-4.500,48.500,-205.000,170.000,-3.000,50.500,DraftKings,1,17
401864570,2026,2,1,2026-08-29T23:00Z,0,0,52,166,FSU,NMSU,34.000,17.000,0,-30.500,53.500,-8000.000,2200.000,-28.500,53.500,DraftKings,1,12
401862693,2026,2,1,2026-08-30T02:00Z,0,0,2439,235,UNLV,MEM,21.000,27.000,0,-4.500,55.500,-192.000,160.000,-3.000,60.500,DraftKings,17,151
401858423,2026,2,1,2026-09-03T22:00Z,0,0,164,113,RUTG,MASS,21.000,37.000,0,-29.500,55.500,-8000.000,2200.000,-30.500,55.500,DraftKings,5,15
401856767,2026,2,1,2026-09-03T23:00Z,0,0,2116,2065,UCF,BCU,73.000,6.000,0,-43.500,58.500,,,-41.500,59.500,DraftKings,4,31
401858204,2026,2,1,2026-09-03T23:00Z,0,0,154,2006,WAKE,AKR,38.000,16.000,0,-27.500,50.500,-3600.000,1500.000,-22.500,49.500,DraftKings,1,15
401864424,2026,2,1,2026-09-03T23:00Z,0,0,48,2771,DEL,MRMK,42.000,7.000,0,-31.500,56.500,-6500.000,2000.000,-27.500,55.500,DraftKings,12,32
401864425,2026,2,1,2026-09-03T23:00Z,0,0,338,2698,KENN,WES,47.000,0.000,0,-22.500,50.500,-4000.000,1600.000,-21.500,51.500,DraftKings,12,177
401866409,2026,2,1,2026-09-03T23:00Z,0,0,2084,399,BUFF,ALB,21.000,17.000,0,-18.500,47.500,-1050.000,675.000,-24.500,48.500,DraftKings,15,48
401856663,2026,2,1,2026-09-04T00:00Z,0,0,142,2029,MIZ,UAPB,54.000,14.000,0,-55.500,62.500,,,-54.500,60.500,DraftKings,8,31
401856776,2026,2,1,2026-09-04T00:00Z,0,0,59,38,GT,COLO,13.000,14.000,0,-6.500,53.500,-238.000,195.000,-7.000,51.500,DraftKings,1,4
401858422,2026,2,1,2026-09-04T00:00Z,0,0,135,2197,MINN,EIU,59.000,7.000,0,-42.500,52.500,,,-43.500,51.500,DraftKings,5,179
401856768,2026,2,1,2026-09-04T01:00Z,0,0,254,70,UTAH,IDHO,66.000,14.000,0,-38.500,60.500,-100000.000,5000.000,-32.500,56.500,DraftKings,4,20
401858424,2026,2,1,2026-09-04T01:00Z,0,0,356,5,ILL,UAB,42.000,23.000,0,-25.500,53.500,-3600.000,1500.000,-27.500,56.500,DraftKings,5,151
401864495,2026,2,1,2026-09-04T22:30Z,0,0,2199,23,EMU,SJSU,21.000,27.000,0,-1.500,54.500,-115.000,-105.000,-3.500,53.500,DraftKings,15,17
401858435,2026,2,1,2026-09-04T23:00Z,0,0,2509,282,PUR,INST,44.000,19.000,0,-35.500,55.500,,,-33.500,56.500,DraftKings,5,21
401866623,2026,2,1,2026-09-04T23:00Z,0,0,2247,2448,GAST,NCAT,59.000,10.000,0,-28.500,58.500,-4000.000,1600.000,-28.500,63.500,DraftKings,37,48
401856664,2026,2,1,2026-09-05T00:00Z,0,0,201,2638,OU,UTEP,51.000,0.000,0,-40.500,51.500,,,-40.500,50.500,DraftKings,8,17
401856769,2026,2,1,2026-09-05T00:00Z,0,0,2305,2341,KU,LIU,51.000,6.000,0,-44.500,57.500,,,-38.500,53.500,DraftKings,4,25
401858429,2026,2,1,2026-09-05T00:00Z,0,0,127,2649,MSU,TOL,30.000,20.000,0,-10.000,48.500,-395.000,310.000,-10.500,49.500,DraftKings,5,15
401858206,2026,2,1,2026-09-05T01:00Z,0,1,24,2390,STAN,MIA,6.000,45.000,0,24.500,46.500,1600.000,-4000.000,21.500,48.500,DraftKings,1,1
401858436,2026,2,1,2026-09-05T01:00Z,0,0,30,278,USC,FRES,39.000,0.000,0,-21.500,51.500,-2100.000,1100.000,-23.500,51.500,DraftKings,5,9
401856634,2026,2,1,2026-09-05T16:00Z,0,0,333,151,ALA,ECU,48.000,10.000,0,-28.500,52.500,-6500.000,2000.000,-25.500,54.500,DraftKings,8,151
401856778,2026,2,1,2026-09-05T16:00Z,0,0,248,204,HOU,ORST,33.000,20.000,0,-21.000,50.500,-1450.000,850.000,-18.500,50.500,DraftKings,4,9
401856780,2026,2,1,2026-09-05T16:00Z,0,0,277,324,WVU,CCU,31.000,24.000,0,-21.000,54.500,-1800.000,1000.000,-17.500,58.500,DraftKings,4,37
401858208,2026,2,1,2026-09-05T16:00Z,0,0,183,160,SYR,UNH,66.000,3.000,0,-35.500,56.500,-100000.000,5000.000,-32.500,55.500,DraftKings,1,48
401858425,2026,2,1,2026-09-05T16:00Z,0,0,84,249,IU,UNT,52.000,16.000,0,-39.500,57.500,,,-40.500,55.500,DraftKings,5,151
401858430,2026,2,1,2026-09-05T16:00Z,0,0,158,195,NEB,OHIO,49.000,21.000,0,-23.500,47.500,-2100.000,1100.000,-23.500,47.500,DraftKings,5,15
401861962,2026,2,1,2026-09-05T16:00Z,0,0,41,322,CONN,LAF,56.000,7.000,0,-21.500,51.500,-1800.000,1000.000,-18.500,58.500,DraftKings,18,27
401862701,2026,2,1,2026-09-05T16:00Z,0,0,349,2803,ARMY,BRY,59.000,3.000,0,-37.500,51.500,,,-36.500,51.500,DraftKings,151,48
401866410,2026,2,1,2026-09-05T16:00Z,0,0,189,2627,BGSU,TAR,13.000,20.000,0,-1.500,49.500,-125.000,105.000,-1.500,47.500,DraftKings,15,177
401869960,2026,2,1,2026-09-05T16:00Z,0,0,256,2335,JMU,LIB,20.000,13.000,0,-6.000,50.500,-225.000,185.000,-6.000,50.500,DraftKings,37,12
401858207,2026,2,1,2026-09-05T16:30Z,0,0,221,193,PITT,M-OH,59.000,14.000,0,-16.500,47.500,-850.000,575.000,-16.500,50.500,DraftKings,1,15
401858432,2026,2,1,2026-09-05T16:30Z,0,0,194,2050,OSU,BALL,56.000,3.000,0,-50.500,55.500,,,-49.500,56.500,DraftKings,5,15
401856665,2026,2,1,2026-09-05T16:45Z,0,0,2579,2309,SC,KENT,57.000,0.000,0,-35.500,52.500,-50000.000,4000.000,-33.500,52.500,DraftKings,8,15
401856659,2026,2,1,2026-09-05T17:00Z,0,0,96,2754,UK,YSU,45.000,13.000,0,-22.500,61.500,-2100.000,1100.000,-23.500,62.500,DraftKings,8,21
401856779,2026,2,1,2026-09-05T17:00Z,0,0,66,2546,ISU,SEMO,38.000,10.000,0,-29.500,52.500,-9000.000,2500.000,-29.500,54.500,DraftKings,4,179
401864496,2026,2,1,2026-09-05T17:00Z,0,0,2005,2184,AFA,DUQ,34.000,0.000,0,-31.500,55.500,-4000.000,1600.000,-28.500,58.500,DraftKings,17,25
401862698,2026,2,1,2026-09-05T18:00Z,0,0,218,227,TEM,URI,38.000,14.000,0,-14.500,51.500,-675.000,490.000,-10.000,51.500,DraftKings,151,48
401856658,2026,2,1,2026-09-05T19:00Z,0,0,61,2634,UGA,TNST,63.000,3.000,0,-49.500,55.500,,,-44.500,56.500,DraftKings,8,179
401856636,2026,2,1,2026-09-05T19:30Z,1,0,2,239,AUB,BAY,17.000,16.000,0,-6.500,58.500,-258.000,210.000,-6.500,59.500,DraftKings,8,4
401856666,2026,2,1,2026-09-05T19:30Z,0,0,2633,231,TENN,FUR,56.000,9.000,0,-49.500,66.500,,,-46.500,66.500,DraftKings,8,29
401856667,2026,2,1,2026-09-05T19:30Z,0,0,251,326,TEX,TXST,59.000,7.000,0,-29.500,61.500,-8000.000,2200.000,-30.500,59.500,DraftKings,8,9
401856777,2026,2,1,2026-09-05T19:30Z,0,0,2132,103,CIN,BC,34.000,15.000,0,-7.000,51.500,-285.000,230.000,-9.500,54.500,DraftKings,4,1
401858209,2026,2,1,2026-09-05T19:30Z,0,0,150,2655,DUKE,TULN,17.000,3.000,0,-9.500,51.500,-380.000,300.000,-8.500,53.500,DraftKings,1,151
401858433,2026,2,1,2026-09-05T19:30Z,0,0,2483,68,ORE,BOIS,34.000,27.000,0,-24.500,53.500,-2800.000,1300.000,-24.500,52.500,DraftKings,5,9
401858434,2026,2,1,2026-09-05T19:30Z,0,0,213,276,PSU,MRSH,45.000,0.000,0,-23.500,53.500,-2100.000,1100.000,-23.500,54.500,DraftKings,5,37
401862694,2026,2,1,2026-09-05T19:30Z,0,0,2429,2643,CLT,CIT,41.000,43.000,1,-20.500,49.500,-1650.000,950.000,-10.500,46.500,DraftKings,151,29
401862696,2026,2,1,2026-09-05T19:30Z,0,0,2426,119,NAVY,TOW,42.000,15.000,0,-31.500,50.500,-100000.000,5000.000,-30.500,53.500,DraftKings,151,48
401862700,2026,2,1,2026-09-05T19:30Z,0,0,2636,292,UTSA,RGV,45.000,16.000,0,-28.500,59.500,-6500.000,2000.000,-28.500,59.500,DraftKings,151,30
401864499,2026,2,1,2026-09-05T19:30Z,0,0,2449,2230,NDSU,FOR,38.000,0.000,0,-41.500,54.500,,,-39.500,57.500,DraftKings,17,27
401866627,2026,2,1,2026-09-05T19:30Z,0,0,2026,311,APP,ME,55.000,3.000,0,-21.000,53.500,-1450.000,850.000,-17.500,53.500,DraftKings,37,48
401856772,2026,2,1,2026-09-05T19:45Z,0,0,202,197,TLSA,OKST,24.000,10.000,0,13.500,57.500,390.000,-520.000,11.500,61.500,DraftKings,151,4
401856635,2026,2,1,2026-09-05T20:15Z,0,0,8,2453,ARK,UNA,31.000,14.000,0,-40.500,63.500,,,-40.500,63.500,DraftKings,8,177
401858426,2026,2,1,2026-09-05T20:15Z,0,0,2294,2459,IOWA,NIU,40.000,0.000,0,-31.500,44.500,-10000.000,3000.000,-29.500,43.500,DraftKings,5,17
401868356,2026,2,1,2026-09-05T21:00Z,0,0,2572,2016,USM,ALCN,49.000,3.000,0,-20.500,51.500,-1600.000,900.000,-21.000,50.500,DraftKings,37,31
401860878,2026,2,1,2026-09-05T22:00Z,0,0,36,2751,CSU,WYO,35.000,13.000,0,-2.500,45.500,-130.000,110.000,-4.000,47.500,DraftKings,9,17
401867973,2026,2,1,2026-09-05T22:00Z,0,0,295,2450,ODU,NORF,31.000,10.000,0,-41.500,52.500,,,-41.500,55.500,DraftKings,37,24
401856668,2026,2,1,2026-09-05T23:00Z,0,0,245,2623,TA&M,MOST,50.000,0.000,0,-38.500,53.500,,,-38.500,52.500,DraftKings,8,12
401856669,2026,2,1,2026-09-05T23:00Z,0,0,238,2046,VAN,APSU,28.000,9.000,0,-29.500,57.500,-6500.000,2000.000,-30.500,61.500,DraftKings,8,177
401856770,2026,2,1,2026-09-05T23:00Z,0,0,2641,2000,TTU,ACU,33.000,10.000,0,-45.500,61.500,,,-42.500,59.500,DraftKings,4,177
401856771,2026,2,1,2026-09-05T23:00Z,0,0,2306,2447,KSU,NICH,71.000,3.000,0,-41.500,55.500,,,-40.500,55.500,DraftKings,4,30
401860880,2026,2,1,2026-09-05T23:00Z,0,0,328,304,USU,IDST,17.000,29.000,0,-15.500,59.500,-675.000,490.000,-11.500,64.500,DraftKings,9,20
401862695,2026,2,1,2026-09-05T23:00Z,0,0,235,2032,MEM,ARST,42.000,24.000,0,-10.500,52.500,-395.000,310.000,-10.500,55.500,DraftKings,151,37
401862697,2026,2,1,2026-09-05T23:00Z,0,0,242,2277,RICE,HCU,31.000,3.000,0,-22.500,47.500,-2400.000,1200.000,-23.500,47.500,DraftKings,151,30
401862699,2026,2,1,2026-09-05T23:00Z,0,0,58,2229,USF,FIU,19.000,9.000,0,-14.500,53.500,-650.000,470.000,-12.500,54.500,DraftKings,151,12
401868140,2026,2,1,2026-09-05T23:00Z,0,0,55,2198,JXST,EKU,49.000,7.000,0,-22.500,51.500,-2100.000,1100.000,-19.500,52.500,DraftKings,12,177
401868170,2026,2,1,2026-09-05T23:00Z,0,0,290,2127,GASO,CHSO,31.000,0.000,0,-28.500,51.500,-5000.000,1800.000,-25.500,51.500,DraftKings,37,179
401868316,2026,2,1,2026-09-05T23:00Z,0,0,6,2545,USA,SELA,39.000,14.000,0,-13.500,53.500,-575.000,425.000,-12.500,52.500,DraftKings,37,30
401870763,2026,2,1,2026-09-05T23:00Z,0,0,2653,2534,TROY,SHSU,24.000,21.000,0,-15.500,52.500,-800.000,550.000,-17.500,50.500,DraftKings,37,12
401856662,2026,2,1,2026-09-05T23:30Z,0,0,344,2433,MSST,ULM,62.000,13.000,0,-28.500,54.500,-4000.000,1600.000,-28.500,54.500,DraftKings,8,37
401858211,2026,2,1,2026-09-05T23:30Z,0,0,259,2678,VT,VMI,73.000,3.000,0,-54.500,60.500,,,-50.500,57.500,DraftKings,1,29
401858428,2026,2,1,2026-09-05T23:30Z,0,0,130,2711,MICH,WMU,13.000,12.000,0,-27.500,50.500,-8000.000,2200.000,-26.500,47.500,DraftKings,5,15
401869129,2026,2,1,2026-09-05T23:30Z,0,0,2348,2466,LT,NWST,80.000,6.000,0,-44.500,56.500,,,-41.500,52.500,DraftKings,37,30
401856637,2026,2,1,2026-09-05T23:45Z,0,0,57,2226,FLA,FAU,66.000,21.000,0,-26.500,59.500,-2400.000,1200.000,-25.500,56.500,DraftKings,8,151
401867866,2026,2,1,2026-09-05T23:45Z,0,0,2393,93,MTSU,MUR,38.000,14.000,0,-22.500,55.500,-1800.000,1000.000,-20.500,59.500,DraftKings,12,21
401856775,2026,2,1,2026-09-06T00:00Z,0,0,252,3101,BYU,UTU,63.000,7.000,0,-50.500,61.500,,,-47.500,54.500,DraftKings,4,20
401858427,2026,2,1,2026-09-06T00:00Z,0,0,120,2261,MD,HAMP,62.000,0.000,0,-45.500,56.500,,,-45.500,56.500,DraftKings,5,48
401858431,2026,2,1,2026-09-06T00:00Z,0,0,77,2571,NU,SDST,34.000,18.000,0,-14.000,49.500,-535.000,400.000,-11.500,46.500,DraftKings,5,21
401869142,2026,2,1,2026-09-06T00:00Z,0,0,309,2320,UL,LAM,38.000,7.000,0,-20.500,48.500,-1200.000,750.000,-18.500,48.500,DraftKings,37,30
401870790,2026,2,1,2026-09-06T01:00Z,0,0,166,2385,NMSU,MERC,51.000,14.000,0,-29.500,52.500,-8000.000,2200.000,-24.500,50.500,DraftKings,12,25
401856773,2026,2,1,2026-09-06T01:30Z,0,0,12,2464,ARIZ,NAU,35.000,7.000,0,-33.500,59.500,-8000.000,2200.000,-31.500,56.500,DraftKings,4,20
401860879,2026,2,1,2026-09-06T01:30Z,0,0,21,2502,SDSU,PRST,53.000,20.000,0,-38.500,61.500,,,-38.500,57.500,DraftKings,9,20
401856660,2026,2,1,2026-09-06T01:40Z,0,0,99,228,LSU,CLEM,51.000,10.000,0,-10.000,48.500,-410.000,320.000,-10.500,50.500,DraftKings,8,1
401856774,2026,2,1,2026-09-06T02:00Z,0,0,9,2415,ASU,MORG,70.000,7.000,0,-43.500,52.500,,,-41.500,52.500,DraftKings,4,24
401864497,2026,2,1,2026-09-06T02:00Z,0,1,62,2439,HAW,UNLV,6.000,21.000,0,2.500,55.500,105.000,-125.000,1.500,57.500,DraftKings,17,17
401864498,2026,2,1,2026-09-06T02:00Z,0,0,167,2117,UNM,CMU,38.000,7.000,0,-11.500,47.500,-470.000,360.000,-12.500,49.500,DraftKings,17,15
401866411,2026,2,1,2026-09-06T02:00Z,0,0,16,2400,SAC,MVSU,52.000,0.000,0,-38.500,56.500,,,-35.500,57.500,DraftKings,15,31
401858210,2026,2,1,2026-09-06T02:30Z,0,0,25,26,CAL,UCLA,24.000,45.000,0,2.500,53.500,120.000,-142.000,-1.500,53.500,DraftKings,1,5
401864432,2026,2,1,2026-09-06T02:30Z,0,0,2440,98,NEV,WKU,49.000,14.000,0,1.500,51.500,-108.000,-112.000,4.500,53.500,DraftKings,17,12
401858437,2026,2,1,2026-09-06T20:00Z,0,0,264,265,WASH,WSU,24.000,10.000,0,-23.500,51.500,-2800.000,1300.000,-21.500,50.500,DraftKings,5,9
401856661,2026,2,1,2026-09-06T23:30Z,1,0,145,97,MISS,LOU,41.000,38.000,0,-6.500,54.500,-245.000,200.000,-7.000,53.500,DraftKings,8,1
401858438,2026,2,1,2026-09-06T23:30Z,1,0,87,275,ND,WIS,41.000,13.000,0,-21.000,45.500,-1800.000,1000.000,-20.500,47.500,DraftKings,18,5
401858212,2026,2,1,2026-09-07T23:30Z,0,1,52,2567,FSU,SMU,24.000,27.000,0,3.000,52.500,130.000,-155.000,2.500,52.500,DraftKings,1,1
401858213,2026,2,2,2026-09-11T00:00Z,0,0,2390,50,MIA,FAMU,77.000,7.000,0,-59.500,66.500,,,-55.500,62.500,DraftKings,1,31
401858215,2026,2,2,2026-09-11T23:00Z,0,0,97,222,LOU,VILL,59.000,13.000,0,-39.500,56.500,,,-36.500,55.500,DraftKings,1,27
401858220,2026,2,2,2026-09-11T23:00Z,0,0,258,2450,UVA,NORF,59.000,3.000,0,-47.500,56.500,,,-44.500,54.500,DraftKings,1,24
401858222,2026,2,2,2026-09-11T23:00Z,0,0,152,257,NCSU,RICH,73.000,0.000,0,-33.500,50.500,-6500.000,2000.000,-30.500,48.500,DraftKings,1,27
401858214,2026,2,2,2026-09-11T23:30Z,0,0,103,164,BC,RUTG,28.000,21.000,0,-3.000,53.500,-148.000,124.000,-3.500,55.500,DraftKings,1,5
401856678,2026,2,2,2026-09-12T00:00Z,0,0,2305,142,KU,MIZ,21.000,38.000,0,4.000,51.500,164.000,-198.000,7.000,53.500,DraftKings,4,8
401856679,2026,2,2,2026-09-12T16:00Z,0,0,130,201,MICH,OU,17.000,10.000,0,5.500,43.500,190.000,-230.000,-2.500,45.500,DraftKings,5,8
401856683,2026,2,2,2026-09-12T16:00Z,0,0,245,9,TA&M,ASU,48.000,20.000,0,-15.500,51.500,-800.000,550.000,-14.500,51.500,DraftKings,8,4
401856781,2026,2,2,2026-09-12T16:00Z,0,0,2306,265,KSU,WSU,34.000,7.000,0,-17.500,48.500,-1000.000,650.000,-16.500,51.500,DraftKings,4,9
401858218,2026,2,2,2026-09-12T16:00Z,0,0,153,2193,UNC,ETSU,35.000,3.000,0,-36.500,55.500,-100000.000,5000.000,-34.500,54.500,DraftKings,1,29
401858221,2026,2,2,2026-09-12T16:00Z,0,0,259,295,VT,ODU,44.000,21.000,0,-17.500,47.500,-950.000,625.000,-14.000,51.500,DraftKings,1,37
401858224,2026,2,2,2026-09-12T16:00Z,0,0,2509,154,PUR,WAKE,36.000,38.000,1,2.500,51.500,120.000,-142.000,3.500,49.500,DraftKings,5,1
401858439,2026,2,2,2026-09-12T16:00Z,0,0,84,47,IU,HOW,55.000,0.000,0,-57.500,67.500,,,-56.500,64.500,DraftKings,5,24
401858442,2026,2,2,2026-09-12T16:00Z,0,0,218,213,TEM,PSU,9.000,27.000,0,24.500,49.500,1500.000,-3600.000,21.500,51.500,DraftKings,151,5
401862702,2026,2,2,2026-09-12T16:00Z,0,1,349,58,ARMY,USF,24.000,28.000,0,-3.000,45.500,-166.000,140.000,-1.500,52.500,DraftKings,151,151
401864571,2026,2,2,2026-09-12T16:00Z,0,0,151,2026,ECU,APP,24.000,27.000,0,-6.500,55.500,-250.000,205.000,-11.500,56.500,DraftKings,151,37
401866416,2026,2,2,2026-09-12T16:00Z,0,0,2309,2747,KENT,WOF,36.000,15.000,0,-10.000,45.500,-455.000,350.000,-11.500,47.500,DraftKings,15,29
401867929,2026,2,2,2026-09-12T16:00Z,0,0,256,2681,JMU,WAG,87.000,3.000,0,-46.500,56.500,,,-45.500,54.500,DraftKings,37,25
401868187,2026,2,2,2026-09-12T16:00Z,0,0,2335,2241,LIB,GWEB,24.000,23.000,0,-28.500,55.500,-3200.000,1400.000,-25.500,55.500,DraftKings,12,179
401856673,2026,2,2,2026-09-12T16:45Z,0,0,61,98,UGA,WKU,70.000,20.000,0,-40.500,55.500,,,-35.500,52.500,DraftKings,8,12
401856791,2026,2,2,2026-09-12T17:00Z,0,0,277,2630,WVU,UTM,52.000,7.000,0,-41.500,57.500,,,-40.500,55.500,DraftKings,4,179
401866415,2026,2,2,2026-09-12T17:00Z,0,0,2117,2142,CMU,COLG,13.000,10.000,0,-18.500,48.500,-1600.000,900.000,-23.500,49.500,DraftKings,15,27
401866417,2026,2,2,2026-09-12T17:00Z,0,0,193,107,M-OH,HC,45.000,7.000,0,-30.500,46.500,-6500.000,2000.000,-30.500,49.500,DraftKings,15,27
401856782,2026,2,2,2026-09-12T17:30Z,0,0,197,2483,OKST,ORE,39.000,31.000,0,24.500,55.500,1200.000,-2400.000,20.500,60.500,DraftKings,4,5
401866413,2026,2,2,2026-09-12T18:00Z,0,0,2050,2619,BALL,STBK,41.000,17.000,0,-13.500,52.500,-600.000,440.000,-14.500,57.500,DraftKings,15,48
401856674,2026,2,2,2026-09-12T19:30Z,0,1,96,333,UK,ALA,17.000,45.000,0,9.500,47.500,300.000,-380.000,10.500,48.500,DraftKings,8,8
401856677,2026,2,2,2026-09-12T19:30Z,0,0,135,344,MINN,MSST,13.000,38.000,0,1.500,53.500,-110.000,-110.000,-2.500,53.500,DraftKings,5,8
401856785,2026,2,2,2026-09-12T19:30Z,0,0,38,2692,COLO,WEB,52.000,21.000,0,-38.500,57.500,-8000.000,2200.000,-33.500,53.500,DraftKings,4,20
401856790,2026,2,2,2026-09-12T19:30Z,0,0,221,2116,PITT,UCF,12.000,7.000,0,-7.500,55.500,-298.000,240.000,-8.500,51.500,DraftKings,1,4
401856810,2026,2,2,2026-09-12T19:30Z,0,1,252,12,BYU,ARIZ,28.000,17.000,0,-6.500,49.500,-258.000,210.000,-6.500,51.500,DraftKings,4,4
401858216,2026,2,2,2026-09-12T19:30Z,0,1,183,25,SYR,CAL,18.000,21.000,0,-4.000,56.500,-198.000,164.000,1.500,52.500,DraftKings,1,1
401858217,2026,2,2,2026-09-12T19:30Z,0,0,356,150,ILL,DUKE,27.000,31.000,0,-6.000,51.500,-250.000,205.000,-8.500,56.500,DraftKings,5,1
401858440,2026,2,2,2026-09-12T19:30Z,0,0,127,2199,MSU,EMU,35.000,7.000,0,-17.500,49.500,-850.000,575.000,-15.500,51.500,DraftKings,5,15
401858444,2026,2,2,2026-09-12T19:30Z,0,0,41,120,CONN,MD,14.000,38.000,0,11.500,52.500,350.000,-455.000,12.500,53.500,DraftKings,18,5
401858446,2026,2,2,2026-09-12T19:30Z,0,0,264,328,WASH,USU,16.000,14.000,0,-28.500,55.500,-6500.000,2000.000,-24.500,56.500,DraftKings,5,9
401859184,2026,2,2,2026-09-12T19:30Z,0,0,87,242,ND,RICE,52.000,0.000,0,-44.500,54.500,,,-44.500,52.500,DraftKings,18,151
401860884,2026,2,2,2026-09-12T19:30Z,0,0,326,2636,TXST,UTSA,26.000,31.000,0,-1.500,65.500,-122.000,102.000,-1.500,64.500,DraftKings,9,151
401862708,2026,2,2,2026-09-12T19:30Z,0,0,5,2433,UAB,ULM,26.000,20.000,0,-9.500,53.500,-375.000,295.000,-7.500,54.500,DraftKings,151,37
401866412,2026,2,2,2026-09-12T19:30Z,0,0,2006,2523,AKR,RMU,45.000,10.000,0,-26.500,45.500,-2800.000,1300.000,-27.500,41.500,DraftKings,15,25
401866419,2026,2,2,2026-09-12T19:30Z,0,0,2649,2115,TOL,CCSU,63.000,10.000,0,-36.500,52.500,-50000.000,4000.000,-33.500,55.500,DraftKings,15,25
401866420,2026,2,2,2026-09-12T19:30Z,0,0,113,2529,MASS,SHU,37.000,10.000,0,-23.500,53.500,-2400.000,1200.000,-23.500,53.500,DraftKings,15,48
401862705,2026,2,2,2026-09-12T19:45Z,0,0,249,2439,UNT,UNLV,44.000,6.000,0,3.000,58.500,124.000,-148.000,6.500,61.500,DraftKings,151,17
401858223,2026,2,2,2026-09-12T20:00Z,0,0,2567,302,SMU,UCD,56.000,10.000,0,-32.500,59.500,-3200.000,1400.000,-24.500,57.500,DraftKings,1,20
401864506,2026,2,2,2026-09-12T20:00Z,0,0,2751,2458,WYO,UNCO,21.000,13.000,0,-23.500,44.500,-1800.000,1000.000,-22.500,47.500,DraftKings,17,20
401865252,2026,2,2,2026-09-12T20:00Z,0,0,167,2385,UNM,MERC,70.000,7.000,0,-42.500,54.500,,,-40.500,51.500,DraftKings,17,25
401868326,2026,2,2,2026-09-12T20:00Z,0,0,2653,2011,TROY,ALST,34.000,17.000,0,-23.500,52.500,-2100.000,1100.000,-23.500,51.500,DraftKings,37,31
401856684,2026,2,2,2026-09-12T20:15Z,0,0,238,48,VAN,DEL,35.000,26.000,0,-20.500,54.500,-1350.000,800.000,-21.500,55.500,DraftKings,8,12
401856672,2026,2,2,2026-09-12T21:30Z,0,0,57,2097,FLA,CAM,52.000,3.000,0,-51.500,66.500,,,-49.500,65.500,DraftKings,8,48
401860881,2026,2,2,2026-09-12T22:00Z,0,0,68,235,BOIS,MEM,38.000,20.000,0,-9.500,54.500,-360.000,285.000,-6.500,52.500,DraftKings,9,151
401866414,2026,2,2,2026-09-12T22:00Z,0,0,2229,2084,FIU,BUFF,33.000,20.000,0,-8.500,47.500,-345.000,275.000,-10.500,51.500,DraftKings,12,15
401866418,2026,2,2,2026-09-12T22:00Z,0,0,195,55,OHIO,JXST,29.000,27.000,1,-1.500,48.500,-125.000,105.000,-2.500,48.500,DraftKings,15,12
401866421,2026,2,2,2026-09-12T22:30Z,0,0,2711,2405,WMU,MONM,49.000,14.000,0,-29.500,54.500,-5000.000,1800.000,-25.500,52.500,DraftKings,15,48
401856680,2026,2,2,2026-09-12T23:00Z,0,0,2579,119,SC,TOW,45.000,9.000,0,-44.500,57.500,,,-43.500,54.500,DraftKings,8,48
401856681,2026,2,2,2026-09-12T23:00Z,0,0,59,2633,GT,TENN,24.000,45.000,0,12.500,55.500,370.000,-485.000,8.500,56.500,DraftKings,1,8
401856786,2026,2,2,2026-09-12T23:00Z,0,0,2132,2717,CIN,WCU,62.000,10.000,0,-36.500,61.500,,,-36.500,60.500,DraftKings,4,29
401856787,2026,2,2,2026-09-12T23:00Z,0,0,248,2582,HOU,SOU,77.000,6.000,0,-51.500,61.500,,,-51.500,60.500,DraftKings,4,31
401858441,2026,2,2,2026-09-12T23:00Z,0,0,158,189,NEB,BGSU,56.000,7.000,0,-30.500,48.500,-9000.000,2500.000,-25.500,48.500,DraftKings,5,15
401860882,2026,2,2,2026-09-12T23:00Z,0,0,36,253,CSU,SUU,58.000,24.000,0,-19.500,57.500,-1350.000,800.000,-20.500,56.500,DraftKings,9,20
401862707,2026,2,2,2026-09-12T23:00Z,0,0,2534,202,SHSU,TLSA,17.000,23.000,0,12.500,51.500,360.000,-470.000,10.500,53.500,DraftKings,12,151
401864503,2026,2,2,2026-09-12T23:00Z,0,0,2459,2287,NIU,ILST,24.000,28.000,0,2.500,47.500,124.000,-148.000,4.500,48.500,DraftKings,17,21
401864575,2026,2,2,2026-09-12T23:00Z,0,0,2655,6,TULN,USA,28.000,24.000,0,-9.500,48.500,-360.000,285.000,-10.000,55.500,DraftKings,151,37
401868241,2026,2,2,2026-09-12T23:00Z,0,0,2032,2698,ARST,WES,52.000,7.000,0,-31.500,56.500,-10000.000,3000.000,-31.500,56.500,DraftKings,37,177
401869955,2026,2,2,2026-09-12T23:00Z,0,0,338,2247,KENN,GAST,17.000,31.000,0,-7.500,55.500,-325.000,260.000,-9.500,50.500,DraftKings,12,37
401871045,2026,2,2,2026-09-12T23:00Z,0,0,276,2393,MRSH,MTSU,28.000,26.000,0,-11.500,56.500,-455.000,350.000,-17.500,57.500,DraftKings,37,12
401871046,2026,2,2,2026-09-12T23:00Z,0,0,2623,2815,MOST,LIN,48.000,14.000,0,-16.500,53.500,-900.000,600.000,-19.500,52.500,DraftKings,12,179
401858443,2026,2,2,2026-09-12T23:15Z,0,0,26,21,UCLA,SDSU,28.000,10.000,0,-13.500,53.500,-535.000,400.000,-8.500,48.500,DraftKings,5,9
401858447,2026,2,2,2026-09-12T23:15Z,0,0,275,2710,WIS,WIU,36.000,9.000,0,-43.500,53.500,,,-38.500,48.500,DraftKings,5,179
401856682,2026,2,2,2026-09-12T23:30Z,0,0,251,194,TEX,OSU,24.000,23.000,0,-2.500,50.500,-142.000,120.000,0.000,47.500,DraftKings,8,5
401856783,2026,2,2,2026-09-12T23:30Z,0,0,204,2641,ORST,TTU,24.000,35.000,0,25.500,52.500,1300.000,-2800.000,27.500,49.500,DraftKings,9,4
401856788,2026,2,2,2026-09-12T23:30Z,0,0,2294,66,IOWA,ISU,16.000,13.000,0,-14.000,42.500,-650.000,470.000,-11.500,41.500,DraftKings,5,4
401862703,2026,2,2,2026-09-12T23:30Z,0,1,2226,2426,FAU,NAVY,38.000,30.000,0,4.500,59.500,170.000,-205.000,6.500,57.500,DraftKings,151,151
401867796,2026,2,2,2026-09-12T23:30Z,0,0,99,2348,LSU,LT,45.000,14.000,0,-34.500,54.500,-20000.000,3500.000,-31.500,55.500,DraftKings,8,37
401868008,2026,2,2,2026-09-12T23:30Z,0,0,324,2230,CCU,FOR,45.000,7.000,0,-36.500,54.500,-100000.000,5000.000,-31.500,52.500,DraftKings,37,27
401856676,2026,2,2,2026-09-12T23:45Z,0,0,145,2429,MISS,CLT,41.000,9.000,0,-44.500,59.500,,,-46.500,61.500,DraftKings,8,151
401856789,2026,2,2,2026-09-13T00:00Z,0,0,2628,2755,TCU,GRAM,63.000,7.000,0,-44.500,56.500,,,-43.500,53.500,DraftKings,4,31
401856784,2026,2,2,2026-09-13T00:08Z,0,0,239,2504,BAY,PV,44.000,3.000,0,-37.500,55.500,,,-37.500,56.500,DraftKings,4,31
401856671,2026,2,2,2026-09-13T00:50Z,0,0,2,2572,AUB,USM,43.000,8.000,0,-32.500,56.500,-9000.000,2500.000,-29.500,52.500,DraftKings,8,37
401864504,2026,2,2,2026-09-13T01:00Z,0,0,23,13,SJSU,CP,30.000,20.000,0,-21.500,58.500,-2100.000,1100.000,-20.500,56.500,DraftKings,17,20
401864505,2026,2,2,2026-09-13T01:00Z,0,0,2638,2640,UTEP,TXSO,51.000,10.000,0,-27.500,53.500,-4500.000,1700.000,-25.500,52.500,DraftKings,17,31
401858219,2026,2,2,2026-09-13T01:30Z,0,0,228,290,CLEM,GASO,22.000,7.000,0,-20.500,54.500,-1450.000,850.000,-26.500,57.500,DraftKings,1,37
401864502,2026,2,2,2026-09-13T02:00Z,0,1,2005,2449,AFA,NDSU,32.000,38.000,0,1.500,48.500,102.000,-122.000,6.500,49.500,DraftKings,17,17
401856670,2026,2,2,2026-09-13T02:30Z,0,0,254,8,UTAH,ARK,43.000,10.000,0,-13.500,55.500,-625.000,455.000,-11.500,53.500,DraftKings,4,8
401860883,2026,2,2,2026-09-13T02:30Z,0,0,278,16,FRES,SAC,49.000,3.000,0,-17.500,43.500,-950.000,625.000,-18.500,48.500,DraftKings,9,15
401864500,2026,2,2,2026-09-13T02:30Z,0,0,2440,147,NEV,MTST,7.000,20.000,0,4.500,51.500,180.000,-218.000,4.500,49.500,DraftKings,17,20
401858445,2026,2,2,2026-09-13T03:00Z,0,0,30,309,USC,UL,49.000,30.000,0,-30.500,58.500,-6500.000,2000.000,-28.500,63.500,DraftKings,5,37
401864578,2026,2,2,2026-09-13T03:59Z,0,0,62,166,HAW,NMSU,29.000,19.000,0,-7.500,50.500,-340.000,270.000,-11.500,51.500,DraftKings,17,12
401858225,2026,2,3,2026-09-17T23:30Z,0,1,221,183,PITT,SYR,27.000,13.000,0,-10.500,51.500,-425.000,330.000,-10.500,59.500,DraftKings,1,1
401858226,2026,2,3,2026-09-18T23:30Z,0,1,154,2390,WAKE,MIA,20.000,33.000,0,20.500,55.500,900.000,-1600.000,19.500,50.500,DraftKings,1,1
401856811,2026,2,3,2026-09-19T00:00Z,0,1,2641,248,TTU,HOU,28.000,26.000,0,-7.500,52.500,-325.000,260.000,-12.500,53.500,DraftKings,4,4
401858455,2026,2,3,2026-09-19T02:30Z,0,0,2483,2502,ORE,PRST,84.000,0.000,0,-58.500,71.500,,,-57.500,66.500,DraftKings,5,20
401869940,2026,2,3,2026-09-19T15:30Z,0,0,48,324,DEL,CCU,22.000,14.000,0,-4.500,56.500,-205.000,170.000,-4.500,58.500,DraftKings,12,37
401856686,2026,2,3,2026-09-19T16:00Z,0,1,8,61,ARK,UGA,17.000,45.000,0,24.500,54.500,1300.000,-2800.000,17.500,52.500,DraftKings,8,8
401856792,2026,2,3,2026-09-19T16:00Z,0,0,2306,2655,KSU,TULN,31.000,20.000,0,-20.500,49.500,-1450.000,850.000,-20.500,49.500,DraftKings,4,151
401856798,2026,2,3,2026-09-19T16:00Z,0,0,66,189,ISU,BGSU,55.000,7.000,0,-22.500,43.500,-2100.000,1100.000,-22.500,45.500,DraftKings,4,15
401856812,2026,2,3,2026-09-19T16:00Z,1,1,2305,9,KU,ASU,17.000,24.000,0,5.500,50.500,180.000,-218.000,5.500,56.500,DraftKings,4,4
401858228,2026,2,3,2026-09-19T16:00Z,0,0,59,2382,GT,MER,44.000,11.000,0,-38.500,58.500,,,-38.500,58.500,DraftKings,1,29
401858229,2026,2,3,2026-09-19T16:00Z,0,1,228,153,CLEM,UNC,28.000,20.000,0,-3.000,44.500,-148.000,124.000,-9.500,44.500,DraftKings,1,1
401858451,2026,2,3,2026-09-19T16:00Z,0,0,135,2006,MINN,AKR,41.000,7.000,0,-22.500,48.500,-3200.000,1400.000,-26.500,48.500,DraftKings,5,15
401858454,2026,2,3,2026-09-19T16:00Z,0,0,194,2309,OSU,KENT,59.000,3.000,0,-52.500,58.500,,,-52.500,56.500,DraftKings,5,15
401858456,2026,2,3,2026-09-19T16:00Z,0,0,213,2084,PSU,BUFF,55.000,13.000,0,-39.500,48.500,,,-39.500,48.500,DraftKings,5,15
401860889,2026,2,3,2026-09-19T16:00Z,0,0,326,249,TXST,UNT,49.000,35.000,0,-3.000,62.500,-162.000,136.000,-3.000,63.500,DraftKings,9,151
401858460,2026,2,3,2026-09-19T16:30Z,0,0,275,2199,WIS,EMU,54.000,10.000,0,-23.500,43.500,-2400.000,1200.000,-24.500,45.500,DraftKings,5,15
401856695,2026,2,3,2026-09-19T16:45Z,0,0,238,152,VAN,NCSU,35.000,31.000,0,-3.000,50.500,-155.000,130.000,-4.000,54.500,DraftKings,8,1
401864508,2026,2,3,2026-09-19T17:00Z,0,0,2117,2751,CMU,WYO,24.000,10.000,0,1.500,39.500,-105.000,-115.000,-2.500,39.500,DraftKings,15,17
401858227,2026,2,3,2026-09-19T18:00Z,0,0,103,311,BC,ME,22.000,16.000,0,-37.500,54.500,,,-38.500,53.500,DraftKings,1,48
401858448,2026,2,3,2026-09-19T18:00Z,0,0,356,79,ILL,SIU,48.000,10.000,0,-34.500,55.500,,,-41.500,54.500,DraftKings,5,21
401862774,2026,2,3,2026-09-19T19:00Z,0,0,2649,218,TOL,TEM,49.000,48.000,1,-4.500,48.500,-198.000,164.000,-4.000,52.500,DraftKings,15,151
401856797,2026,2,3,2026-09-19T19:30Z,0,0,2132,193,CIN,M-OH,35.000,31.000,0,-14.500,50.500,-650.000,470.000,-15.500,49.500,DraftKings,4,15
401856801,2026,2,3,2026-09-19T19:30Z,0,0,254,328,UTAH,USU,33.000,0.000,0,-26.500,55.500,-3600.000,1500.000,-27.500,57.500,DraftKings,4,9
401858230,2026,2,3,2026-09-19T19:30Z,0,1,97,2567,LOU,SMU,41.000,31.000,0,-3.000,57.500,-155.000,130.000,-1.500,56.500,DraftKings,1,1
401858233,2026,2,3,2026-09-19T19:30Z,0,0,25,2681,CAL,WAG,49.000,7.000,0,-58.500,65.500,,,-58.500,65.500,DraftKings,1,25
401858450,2026,2,3,2026-09-19T19:30Z,0,0,130,2638,MICH,UTEP,52.000,17.000,0,-34.500,48.500,,,-36.500,49.500,DraftKings,5,17
401858457,2026,2,3,2026-09-19T19:30Z,0,1,164,30,RUTG,USC,35.000,42.000,0,21.000,59.500,1100.000,-2100.000,24.500,57.500,DraftKings,5,5
401860890,2026,2,3,2026-09-19T19:30Z,0,0,265,2184,WSU,DUQ,48.000,7.000,0,-38.500,51.500,,,-37.500,53.500,DraftKings,9,25
401866424,2026,2,3,2026-09-19T19:30Z,0,0,113,284,MASS,STO,36.000,14.000,0,-30.500,50.500,-20000.000,3500.000,-33.500,49.500,DraftKings,15,25
401856694,2026,2,3,2026-09-19T19:40Z,0,1,245,96,TA&M,UK,21.000,31.000,0,-16.500,48.500,-850.000,575.000,-15.500,48.500,DraftKings,8,8
401858231,2026,2,3,2026-09-19T20:00Z,0,1,150,24,DUKE,STAN,35.000,7.000,0,-9.500,51.500,-375.000,295.000,-10.000,50.500,DraftKings,1,1
401858449,2026,2,3,2026-09-19T20:00Z,0,0,84,98,IU,WKU,38.000,0.000,0,-44.500,59.500,,,-44.500,59.500,DraftKings,5,12
401858471,2026,2,3,2026-09-19T20:00Z,0,0,2294,2460,IOWA,UNI,55.000,0.000,0,-37.500,48.500,,,-40.500,49.500,DraftKings,5,21
401866422,2026,2,3,2026-09-19T20:00Z,0,0,2335,2050,LIB,BALL,51.000,15.000,0,-14.500,49.500,-650.000,470.000,-14.500,55.500,DraftKings,12,15
401867804,2026,2,3,2026-09-19T20:00Z,0,0,239,2348,BAY,LT,36.000,19.000,0,-20.500,50.500,-1350.000,800.000,-17.500,55.500,DraftKings,4,37
401868317,2026,2,3,2026-09-19T20:30Z,0,0,2433,2545,ULM,SELA,35.000,38.000,0,-9.500,48.500,,,-10.500,48.500,DraftKings,37,30
401856685,2026,2,3,2026-09-19T21:15Z,0,0,333,52,ALA,FSU,50.000,36.000,0,-18.500,50.500,-1350.000,800.000,-15.500,52.500,DraftKings,8,1
401856691,2026,2,3,2026-09-19T21:35Z,0,1,2579,344,SC,MSST,34.000,41.000,0,-3.000,59.500,-155.000,130.000,-7.500,54.500,DraftKings,8,8
401862710,2026,2,3,2026-09-19T22:00Z,0,0,295,151,ODU,ECU,17.000,20.000,0,-2.500,48.500,-130.000,110.000,-2.500,49.500,DraftKings,37,151
401862771,2026,2,3,2026-09-19T22:00Z,0,0,2226,2229,FAU,FIU,16.000,10.000,0,-5.500,62.500,-218.000,180.000,-7.500,62.500,DraftKings,151,12
401871047,2026,2,3,2026-09-19T22:30Z,0,0,2623,276,MOST,MRSH,24.000,30.000,0,4.000,52.500,160.000,-192.000,4.500,53.500,DraftKings,12,37
401856687,2026,2,3,2026-09-19T23:00Z,0,1,2,57,AUB,FLA,39.000,44.000,0,2.500,53.500,114.000,-135.000,0.000,53.500,DraftKings,8,8
401856689,2026,2,3,2026-09-19T23:00Z,0,0,142,2653,MIZ,TROY,27.000,17.000,0,-26.500,49.500,-4500.000,1700.000,-27.500,49.500,DraftKings,8,37
401856800,2026,2,3,2026-09-19T23:00Z,0,0,2116,2247,UCF,GAST,44.000,30.000,0,-17.500,50.500,-1050.000,675.000,-21.000,49.500,DraftKings,4,37
401856803,2026,2,3,2026-09-19T23:00Z,0,0,197,93,OKST,MUR,59.000,0.000,0,-56.500,70.500,,,-56.500,70.500,DraftKings,4,21
401861963,2026,2,3,2026-09-19T23:00Z,0,0,2572,41,USM,CONN,20.000,48.000,0,3.500,54.500,140.000,-166.000,2.500,55.500,DraftKings,37,18
401862772,2026,2,3,2026-09-19T23:00Z,0,0,235,2630,MEM,UTM,45.000,21.000,0,-33.500,58.500,-3200.000,1400.000,-34.500,57.500,DraftKings,151,179
401862773,2026,2,3,2026-09-19T23:00Z,0,0,242,2711,RICE,WMU,21.000,28.000,0,8.500,43.500,280.000,-355.000,11.500,45.500,DraftKings,151,15
401862777,2026,2,3,2026-09-19T23:00Z,0,0,58,2169,USF,DSU,59.000,17.000,0,-37.500,59.500,,,-36.500,61.500,DraftKings,151,24
401864443,2026,2,3,2026-09-19T23:00Z,0,0,2393,2440,MTSU,NEV,27.000,20.000,0,3.500,50.500,150.000,-180.000,6.500,49.500,DraftKings,12,17
401866423,2026,2,3,2026-09-19T23:00Z,0,0,6,195,USA,OHIO,41.000,36.000,0,-7.000,49.500,-270.000,220.000,-3.500,53.500,DraftKings,37,15
401869948,2026,2,3,2026-09-19T23:00Z,0,0,55,290,JXST,GASO,31.000,27.000,0,-3.500,51.500,-175.000,145.000,-2.500,53.500,DraftKings,12,37
401870764,2026,2,3,2026-09-19T23:00Z,0,0,2534,2447,SHSU,NICH,59.000,0.000,0,-21.000,50.500,,,-17.500,49.500,DraftKings,12,30
401858452,2026,2,3,2026-09-19T23:15Z,0,0,158,155,NEB,UND,34.000,7.000,0,-27.500,56.500,-2400.000,1200.000,-24.500,51.500,DraftKings,5,21
401858459,2026,2,3,2026-09-19T23:15Z,0,0,264,331,WASH,EWU,48.000,16.000,0,-42.500,58.500,,,-42.500,56.500,DraftKings,5,20
401856688,2026,2,3,2026-09-19T23:30Z,0,1,145,99,MISS,LSU,32.000,24.000,0,3.000,58.500,124.000,-148.000,-1.500,57.500,DraftKings,8,8
401856690,2026,2,3,2026-09-19T23:30Z,0,0,201,167,OU,UNM,14.000,6.000,0,-21.500,45.500,-2100.000,1100.000,-23.500,48.500,DraftKings,8,17
401856796,2026,2,3,2026-09-19T23:30Z,0,0,77,38,NU,COLO,41.000,7.000,0,-3.500,47.500,-175.000,145.000,-4.500,45.500,DraftKings,5,4
401856802,2026,2,3,2026-09-19T23:30Z,1,0,258,277,UVA,WVU,27.000,38.000,0,-10.500,51.500,-410.000,320.000,-8.500,50.500,DraftKings,1,4
401858232,2026,2,3,2026-09-19T23:30Z,0,0,120,259,MD,VT,26.000,35.000,0,2.500,53.500,114.000,-135.000,1.500,53.500,DraftKings,5,1
401858453,2026,2,3,2026-09-19T23:30Z,0,0,87,127,ND,MSU,27.000,10.000,0,-28.500,51.500,-3600.000,1500.000,-29.500,53.500,DraftKings,18,5
401856692,2026,2,3,2026-09-19T23:45Z,0,0,2633,338,TENN,KENN,42.000,9.000,0,-35.500,60.500,-20000.000,3500.000,-34.500,59.500,DraftKings,8,12
401856693,2026,2,3,2026-09-20T00:00Z,0,0,251,2636,TEX,UTSA,30.000,6.000,0,-29.500,58.500,-5000.000,1800.000,-29.500,57.500,DraftKings,8,151
401856799,2026,2,3,2026-09-20T00:00Z,0,0,2628,2032,TCU,ARST,31.000,7.000,0,-18.500,56.500,-1200.000,750.000,-20.500,57.500,DraftKings,4,37
401862775,2026,2,3,2026-09-20T00:00Z,0,0,202,2837,TLSA,ETAM,42.000,0.000,0,-41.500,55.500,,,-41.500,56.500,DraftKings,151,30
401862776,2026,2,3,2026-09-20T00:00Z,0,0,309,5,UL,UAB,21.000,14.000,0,-7.000,55.500,-278.000,225.000,-10.000,59.500,DraftKings,37,151
401856795,2026,2,3,2026-09-20T00:15Z,0,0,36,252,CSU,BYU,23.000,41.000,0,17.500,54.500,575.000,-850.000,21.000,52.500,DraftKings,9,4
401864574,2026,2,3,2026-09-20T01:30Z,0,0,2026,2429,APP,CLT,26.000,21.000,0,-16.500,52.500,-1000.000,650.000,-19.500,53.500,DraftKings,37,151
401860885,2026,2,3,2026-09-20T02:00Z,0,0,68,233,BOIS,SDAK,38.000,24.000,0,-28.500,61.500,-3200.000,1400.000,-23.500,55.500,DraftKings,9,21
401860887,2026,2,3,2026-09-20T02:00Z,0,0,21,256,SDSU,JMU,13.000,26.000,0,-3.000,46.500,-142.000,120.000,-1.500,46.500,DraftKings,9,37
401856793,2026,2,3,2026-09-20T02:30Z,0,0,12,2459,ARIZ,NIU,42.000,17.000,0,-34.500,50.500,-6500.000,2000.000,-35.500,49.500,DraftKings,4,17
401864507,2026,2,3,2026-09-20T02:30Z,0,0,16,2449,SAC,NDSU,10.000,31.000,0,26.500,50.500,1800.000,-5000.000,23.500,53.500,DraftKings,15,17
401858458,2026,2,3,2026-09-20T03:00Z,0,1,26,2509,UCLA,PUR,52.000,38.000,0,-13.500,53.500,-575.000,425.000,-14.000,53.500,DraftKings,5,5
401860886,2026,2,3,2026-09-20T03:00Z,0,0,204,149,ORST,MONT,52.000,17.000,0,-17.500,55.500,-850.000,575.000,-17.500,52.500,DraftKings,9,20
401860888,2026,2,3,2026-09-20T03:00Z,0,0,23,278,SJSU,FRES,10.000,26.000,0,4.000,47.500,160.000,-192.000,7.500,52.500,DraftKings,17,9
401869941,2026,2,4,2026-09-24T23:30Z,0,0,324,2335,CCU,LIB,17.000,34.000,0,2.500,50.500,120.000,-142.000,-1.500,54.500,DraftKings,37,12
401862779,2026,2,4,2026-09-25T20:00Z,0,1,218,349,TEM,ARMY,17.000,21.000,0,4.000,48.500,164.000,-198.000,3.000,49.500,DraftKings,151,151
401858468,2026,2,4,2026-09-25T23:00Z,0,0,164,47,RUTG,HOW,58.000,7.000,0,-42.500,57.500,,,-41.500,55.500,DraftKings,5,24
401862778,2026,2,4,2026-09-25T23:00Z,0,1,5,2426,UAB,NAVY,24.000,20.000,0,6.500,50.500,205.000,-250.000,11.500,53.500,DraftKings,151,151
401858461,2026,2,4,2026-09-26T00:00Z,0,1,84,77,IU,NU,29.000,23.000,0,-20.500,49.500,-1650.000,950.000,-23.500,47.500,DraftKings,5,5
401858234,2026,2,4,2026-09-26T02:30Z,0,1,25,228,CAL,CLEM,10.000,24.000,0,2.500,52.500,120.000,-142.000,1.500,47.500,DraftKings,1,1
401856704,2026,2,4,2026-09-26T16:00Z,0,1,2633,251,TENN,TEX,17.000,20.000,0,5.500,54.500,170.000,-205.000,7.000,56.500,DraftKings,8,8
401856805,2026,2,4,2026-09-26T16:00Z,0,0,2641,2534,TTU,SHSU,49.000,14.000,0,-34.500,55.500,,,-37.500,54.500,DraftKings,4,12
401856813,2026,2,4,2026-09-26T16:00Z,0,1,239,38,BAY,COLO,23.000,13.000,0,-8.500,54.500,-345.000,275.000,-8.500,53.500,DraftKings,4,4
401858236,2026,2,4,2026-09-26T16:00Z,0,0,221,2083,PITT,BUCK,59.000,0.000,0,-54.500,63.500,,,-53.500,61.500,DraftKings,1,27
401858242,2026,2,4,2026-09-26T16:00Z,0,1,103,259,BC,VT,14.000,21.000,0,14.500,45.500,500.000,-700.000,14.000,54.500,DraftKings,1,1
401858243,2026,2,4,2026-09-26T16:00Z,0,1,97,154,LOU,WAKE,27.000,30.000,0,-11.500,57.500,-485.000,370.000,-13.500,58.500,DraftKings,1,1
401858465,2026,2,4,2026-09-26T16:00Z,0,1,194,356,OSU,ILL,42.000,19.000,0,-25.500,53.500,-4000.000,1600.000,-27.500,54.500,DraftKings,5,5
401860893,2026,2,4,2026-09-26T16:00Z,0,0,2649,21,TOL,SDSU,41.000,16.000,0,-2.500,50.500,-142.000,120.000,1.500,48.500,DraftKings,15,9
401860896,2026,2,4,2026-09-26T16:00Z,0,0,2636,36,UTSA,CSU,59.000,45.000,0,-14.500,56.500,-675.000,490.000,-11.500,57.500,DraftKings,151,9
401864512,2026,2,4,2026-09-26T16:00Z,0,0,2006,2439,AKR,UNLV,10.000,38.000,0,13.500,52.500,410.000,-550.000,14.000,49.500,DraftKings,15,17
401866425,2026,2,4,2026-09-26T16:00Z,0,1,2309,2050,KENT,BALL,26.000,13.000,0,-2.500,51.500,-142.000,120.000,-4.500,51.500,DraftKings,15,15
401864576,2026,2,4,2026-09-26T16:45Z,0,0,96,6,UK,USA,45.000,21.000,0,-20.500,54.500,-1600.000,900.000,-19.500,55.500,DraftKings,8,37
401866427,2026,2,4,2026-09-26T17:00Z,0,0,2199,2815,EMU,LIN,29.000,3.000,0,-24.500,53.500,-2400.000,1200.000,-25.500,50.500,DraftKings,15,179
401858462,2026,2,4,2026-09-26T17:30Z,0,1,120,26,MD,UCLA,3.000,54.000,0,2.500,55.500,124.000,-148.000,1.500,51.500,DraftKings,5,5
401858467,2026,2,4,2026-09-26T18:00Z,0,0,2509,87,PUR,ND,10.000,49.000,0,27.500,57.500,1700.000,-4500.000,27.500,56.500,DraftKings,5,18
401864511,2026,2,4,2026-09-26T18:00Z,0,0,2247,2459,GAST,NIU,35.000,14.000,0,-8.500,56.500,-345.000,275.000,-8.500,54.500,DraftKings,37,17
401858237,2026,2,4,2026-09-26T19:00Z,0,0,52,2110,FSU,CARK,34.000,7.000,0,-45.500,62.500,,,-42.500,59.500,DraftKings,1,177
401864510,2026,2,4,2026-09-26T19:00Z,0,1,2751,62,WYO,HAW,27.000,10.000,0,2.500,44.500,105.000,-125.000,5.500,44.500,DraftKings,17,17
401856699,2026,2,4,2026-09-26T19:30Z,0,1,57,145,FLA,MISS,52.000,28.000,0,-4.000,58.500,-175.000,145.000,-1.500,57.500,DraftKings,8,8
401856700,2026,2,4,2026-09-26T19:30Z,0,1,61,201,UGA,OU,41.000,13.000,0,-11.500,43.500,-520.000,390.000,-10.000,52.500,DraftKings,8,8
401856815,2026,2,4,2026-09-26T19:30Z,0,1,2116,2628,UCF,TCU,21.000,13.000,0,3.500,48.500,142.000,-170.000,3.000,50.500,DraftKings,4,4
401856816,2026,2,4,2026-09-26T19:30Z,0,1,66,254,ISU,UTAH,17.000,31.000,0,7.500,46.500,260.000,-325.000,11.500,49.500,DraftKings,4,4
401858244,2026,2,4,2026-09-26T19:30Z,0,0,150,2729,DUKE,W&M,62.000,7.000,0,-43.500,61.500,,,-43.500,60.500,DraftKings,1,27
401858463,2026,2,4,2026-09-26T19:30Z,0,1,130,2294,MICH,IOWA,19.000,20.000,0,-4.500,39.500,-205.000,170.000,-4.500,39.500,DraftKings,5,5
401860897,2026,2,4,2026-09-26T19:30Z,0,0,2711,68,WMU,BOIS,7.000,32.000,0,8.500,50.500,240.000,-298.000,7.500,47.500,DraftKings,15,9
401861970,2026,2,4,2026-09-26T19:30Z,0,0,193,41,M-OH,CONN,24.000,21.000,0,-2.500,52.500,-142.000,120.000,-3.000,50.500,DraftKings,15,18
401864579,2026,2,4,2026-09-26T19:30Z,0,0,166,167,NMSU,UNM,18.000,42.000,0,11.500,47.500,350.000,-455.000,12.500,49.500,DraftKings,12,17
401866426,2026,2,4,2026-09-26T19:30Z,0,0,2084,2523,BUFF,RMU,31.000,28.000,0,-27.500,46.500,-3200.000,1400.000,-28.500,44.500,DraftKings,15,25
401866428,2026,2,4,2026-09-26T19:30Z,0,0,195,284,OHIO,STO,35.000,7.000,0,-32.500,53.500,-5000.000,1800.000,-34.500,50.500,DraftKings,15,25
401868188,2026,2,4,2026-09-26T19:30Z,0,0,276,2241,MRSH,GWEB,36.000,35.000,0,-24.500,56.500,-2100.000,1100.000,-23.500,50.500,DraftKings,37,179
401856806,2026,2,4,2026-09-26T20:00Z,0,0,290,248,GASO,HOU,28.000,42.000,0,17.500,56.500,625.000,-950.000,19.500,55.500,DraftKings,37,4
401862781,2026,2,4,2026-09-26T20:00Z,0,0,151,2428,ECU,NCCU,42.000,9.000,0,-37.500,58.500,-100000.000,5000.000,-34.500,54.500,DraftKings,151,24
401856698,2026,2,4,2026-09-26T20:15Z,0,1,2,238,AUB,VAN,21.000,15.000,0,-10.000,54.500,-395.000,310.000,-8.500,50.500,DraftKings,8,8
401858464,2026,2,4,2026-09-26T21:00Z,0,1,127,158,MSU,NEB,13.000,31.000,0,6.000,48.500,185.000,-225.000,5.500,52.500,DraftKings,5,5
401858466,2026,2,4,2026-09-26T21:00Z,0,1,213,275,PSU,WIS,20.000,24.000,0,-9.500,43.500,-380.000,300.000,-11.500,42.500,DraftKings,5,5
401862785,2026,2,4,2026-09-26T21:00Z,0,0,189,58,BGSU,USF,6.000,14.000,0,17.500,48.500,675.000,-1050.000,15.500,51.500,DraftKings,15,151
401858239,2026,2,4,2026-09-26T22:00Z,0,0,258,48,UVA,DEL,42.000,3.000,0,-19.500,52.500,-1450.000,850.000,-20.500,54.500,DraftKings,1,12
401860892,2026,2,4,2026-09-26T22:00Z,0,0,326,2916,TXST,UIW,63.000,10.000,0,-30.500,66.500,-2800.000,1300.000,-29.500,63.500,DraftKings,9,30
401867909,2026,2,4,2026-09-26T22:00Z,0,0,2229,2341,FIU,LIU,20.000,3.000,0,-37.500,54.500,-4500.000,1700.000,-35.500,50.500,DraftKings,12,25
401869961,2026,2,4,2026-09-26T22:00Z,0,1,295,256,ODU,JMU,20.000,46.000,0,7.000,44.500,215.000,-265.000,4.500,50.500,DraftKings,37,37
401858238,2026,2,4,2026-09-26T22:30Z,0,0,2390,2117,MIA,CMU,52.000,3.000,0,-41.500,52.500,,,-42.500,54.500,DraftKings,1,15
401862780,2026,2,4,2026-09-26T22:30Z,0,0,2429,309,CLT,UL,7.000,34.000,0,9.500,49.500,310.000,-395.000,14.500,52.500,DraftKings,151,37
401856814,2026,2,4,2026-09-26T23:00Z,0,1,2132,2306,CIN,KSU,31.000,26.000,0,6.000,55.500,195.000,-238.000,6.000,52.500,DraftKings,4,4
401856881,2026,2,4,2026-09-26T23:00Z,0,1,277,197,WVU,OKST,24.000,41.000,0,-1.500,60.500,-125.000,105.000,2.500,57.500,DraftKings,4,4
401862784,2026,2,4,2026-09-26T23:00Z,0,0,2655,2572,TULN,USM,24.000,21.000,0,-17.500,52.500,-1050.000,675.000,-17.500,53.500,DraftKings,151,37
401869931,2026,2,4,2026-09-26T23:00Z,0,0,2032,338,ARST,KENN,17.000,14.000,0,-6.500,53.500,-238.000,195.000,-5.500,53.500,DraftKings,37,12
401870745,2026,2,4,2026-09-26T23:00Z,0,0,98,2385,WKU,MERC,52.000,7.000,0,-39.500,58.500,,,-38.500,56.500,DraftKings,12,25
401871048,2026,2,4,2026-09-26T23:00Z,0,1,55,2393,JXST,MTSU,23.000,13.000,0,-7.000,50.500,-285.000,230.000,-9.500,54.500,DraftKings,12,12
401856696,2026,2,4,2026-09-26T23:10Z,0,1,333,2579,ALA,SC,49.000,18.000,0,-12.500,53.500,-520.000,390.000,-11.500,46.500,DraftKings,8,8
401856702,2026,2,4,2026-09-26T23:30Z,0,1,99,245,LSU,TA&M,35.000,6.000,0,-8.500,52.500,-375.000,295.000,-3.000,57.500,DraftKings,8,8
401856804,2026,2,4,2026-09-26T23:30Z,0,0,265,12,WSU,ARIZ,24.000,34.000,0,11.500,47.500,330.000,-425.000,13.500,48.500,DraftKings,9,4
401858469,2026,2,4,2026-09-26T23:30Z,0,1,30,2483,USC,ORE,27.000,41.000,0,3.500,60.500,154.000,-185.000,5.500,58.500,DraftKings,5,5
401860894,2026,2,4,2026-09-26T23:30Z,0,0,328,2653,USU,TROY,21.000,10.000,0,-3.000,47.500,-148.000,124.000,-2.500,52.500,DraftKings,9,37
401862783,2026,2,4,2026-09-26T23:30Z,0,0,249,2277,UNT,HCU,63.000,14.000,0,-38.500,60.500,-100000.000,5000.000,-37.500,58.500,DraftKings,151,30
401864572,2026,2,4,2026-09-26T23:30Z,0,0,152,2026,NCSU,APP,41.000,31.000,0,-12.500,56.500,-535.000,400.000,-14.000,55.500,DraftKings,1,37
401856703,2026,2,4,2026-09-26T23:45Z,0,1,344,142,MSST,MIZ,31.000,24.000,0,-3.500,58.500,-175.000,145.000,-1.500,56.500,DraftKings,8,8
401856697,2026,2,4,2026-09-27T00:00Z,0,0,8,202,ARK,TLSA,34.000,6.000,0,-7.000,51.500,-278.000,225.000,-8.500,52.500,DraftKings,8,151
401862782,2026,2,4,2026-09-27T00:00Z,0,0,2433,2226,ULM,FAU,17.000,45.000,0,11.500,58.500,370.000,-485.000,13.500,59.500,DraftKings,37,151
401858241,2026,2,4,2026-09-27T01:00Z,0,0,2567,2623,SMU,MOST,34.000,24.000,0,-30.500,60.500,-9000.000,2500.000,-34.500,59.500,DraftKings,1,12
401860895,2026,2,4,2026-09-27T01:00Z,0,0,2638,204,UTEP,ORST,7.000,33.000,0,11.500,56.500,350.000,-455.000,12.500,55.500,DraftKings,17,9
401866429,2026,2,4,2026-09-27T01:00Z,0,1,16,113,SAC,MASS,6.000,35.000,0,6.000,49.500,180.000,-218.000,6.000,50.500,DraftKings,15,15
401860891,2026,2,4,2026-09-27T02:00Z,0,0,278,242,FRES,RICE,38.000,24.000,0,-12.500,43.500,-500.000,380.000,-13.500,43.500,DraftKings,9,151
401858240,2026,2,4,2026-09-27T02:30Z,0,1,24,59,STAN,GT,34.000,27.000,0,3.000,48.500,130.000,-155.000,4.500,48.500,DraftKings,1,1
401864509,2026,2,4,2026-09-27T02:30Z,0,1,2440,2005,NEV,AFA,33.000,36.000,1,4.500,50.500,185.000,-225.000,4.500,48.500,DraftKings,17,17
401858470,2026,2,4,2026-09-27T03:00Z,0,1,264,135,WASH,MINN,24.000,27.000,0,-12.500,44.500,-455.000,350.000,-9.500,44.500,DraftKings,5,5
401871049,2026,2,5,2026-10-02T00:00Z,0,1,166,98,NMSU,WKU,34.000,13.000,0,-1.500,55.500,-125.000,105.000,-1.500,53.500,DraftKings,12,12
401862786,2026,2,5,2026-10-02T01:00Z,0,1,202,249,TLSA,UNT,44.000,45.000,1,3.000,56.500,124.000,-148.000,1.500,57.500,DraftKings,151,151
401858245,2026,2,5,2026-10-02T23:00Z,0,1,259,221,VT,PITT,33.000,35.000,0,-1.500,53.500,-115.000,-105.000,-5.500,56.500,DraftKings,1,1
401871050,2026,2,5,2026-10-02T23:00Z,0,1,48,2335,DEL,LIB,14.000,30.000,0,7.000,51.500,225.000,-278.000,7.000,50.500,DraftKings,12,12
401858476,2026,2,5,2026-10-03T00:00Z,0,1,77,213,NU,PSU,34.000,13.000,0,3.000,46.500,124.000,-148.000,7.000,48.500,DraftKings,5,5
401862787,2026,2,5,2026-10-03T15:00Z,0,1,2429,235,CLT,MEM,8.000,59.000,0,18.500,52.500,750.000,-1200.000,21.500,54.500,DraftKings,151,151
401856707,2026,2,5,2026-10-03T16:00Z,0,1,344,333,MSST,ALA,23.000,56.000,0,5.500,62.500,170.000,-205.000,3.000,58.500,DraftKings,8,8
401856807,2026,2,5,2026-10-03T16:00Z,0,0,2305,2393,KU,MTSU,55.000,0.000,0,-21.500,51.500,-1800.000,1000.000,-21.500,52.500,DraftKings,4,12
401856819,2026,2,5,2026-10-03T16:00Z,0,1,248,2116,HOU,UCF,27.000,17.000,0,-10.500,50.500,-425.000,330.000,-12.500,51.500,DraftKings,4,4
401856822,2026,2,5,2026-10-03T16:00Z,0,1,66,277,ISU,WVU,45.000,42.000,0,-3.000,53.500,-155.000,130.000,-1.500,53.500,DraftKings,4,4
401858246,2026,2,5,2026-10-03T16:00Z,0,1,2567,103,SMU,BC,25.000,16.000,0,-21.500,55.500,-1650.000,950.000,-21.000,56.500,DraftKings,1,1
401858250,2026,2,5,2026-10-03T16:00Z,0,0,153,87,UNC,ND,26.000,37.000,0,21.000,46.500,1000.000,-1800.000,24.500,55.500,DraftKings,1,18
401858251,2026,2,5,2026-10-03T16:00Z,0,1,154,24,WAKE,STAN,57.000,3.000,0,-14.500,54.500,-650.000,470.000,-12.500,54.500,DraftKings,1,1
401858252,2026,2,5,2026-10-03T16:00Z,0,0,41,183,CONN,SYR,41.000,42.000,1,6.500,51.500,215.000,-265.000,6.500,53.500,DraftKings,18,1
401858474,2026,2,5,2026-10-03T16:00Z,0,1,135,130,MINN,MICH,20.000,14.000,0,6.500,41.500,190.000,-230.000,8.500,44.500,DraftKings,5,5
401862791,2026,2,5,2026-10-03T16:00Z,0,0,2005,2426,AFA,NAVY,14.000,9.000,0,-2.500,45.500,-142.000,120.000,-1.500,49.500,DraftKings,17,151
401858479,2026,2,5,2026-10-03T16:30Z,0,1,275,127,WIS,MSU,31.000,3.000,0,-8.500,43.500,-355.000,280.000,-10.000,44.500,DraftKings,5,5
401856705,2026,2,5,2026-10-03T16:45Z,0,1,61,238,UGA,VAN,38.000,14.000,0,-25.500,49.500,-2800.000,1300.000,-23.500,57.500,DraftKings,8,8
401866432,2026,2,5,2026-10-03T17:00Z,0,1,2084,2711,BUFF,WMU,17.000,20.000,0,13.500,46.500,400.000,-535.000,16.500,51.500,DraftKings,15,15
401866431,2026,2,5,2026-10-03T18:00Z,0,1,2050,2649,BALL,TOL,24.000,39.000,0,20.500,52.500,750.000,-1200.000,17.500,51.500,DraftKings,15,15
401856710,2026,2,5,2026-10-03T19:30Z,0,1,2633,2,TENN,AUB,24.000,14.000,0,-6.000,54.500,-230.000,190.000,-7.500,57.500,DraftKings,8,8
401858247,2026,2,5,2026-10-03T19:30Z,0,0,2439,25,UNLV,CAL,39.000,31.000,0,-1.500,51.500,-115.000,-105.000,-1.500,52.500,DraftKings,17,1
401858248,2026,2,5,2026-10-03T19:30Z,0,1,152,97,NCSU,LOU,31.000,28.000,0,5.500,56.500,195.000,-238.000,7.500,59.500,DraftKings,1,1
401858253,2026,2,5,2026-10-03T19:30Z,0,1,52,258,FSU,UVA,38.000,7.000,0,1.500,51.500,-108.000,-112.000,1.500,51.500,DraftKings,1,1
401858473,2026,2,5,2026-10-03T19:30Z,0,1,2294,194,IOWA,OSU,14.000,31.000,0,14.500,46.500,500.000,-700.000,14.000,44.500,DraftKings,5,5
401862793,2026,2,5,2026-10-03T19:30Z,0,0,5,2535,UAB,SAM,33.000,14.000,0,-30.500,54.500,-8000.000,2200.000,-30.500,50.500,DraftKings,151,29
401864515,2026,2,5,2026-10-03T19:30Z,0,1,2449,2751,NDSU,WYO,28.000,0.000,0,-17.500,44.500,-950.000,625.000,-21.000,47.500,DraftKings,17,17
401866430,2026,2,5,2026-10-03T19:30Z,0,1,2117,2006,CMU,AKR,41.000,17.000,0,-6.500,47.500,-278.000,225.000,-5.500,46.500,DraftKings,15,15
401866433,2026,2,5,2026-10-03T19:30Z,0,1,113,2199,MASS,EMU,14.000,38.000,0,-5.500,49.500,-218.000,180.000,-2.500,48.500,DraftKings,15,15
401866434,2026,2,5,2026-10-03T19:30Z,0,1,2309,195,KENT,OHIO,10.000,13.000,0,3.500,50.500,145.000,-175.000,5.500,52.500,DraftKings,15,15
401866477,2026,2,5,2026-10-03T19:30Z,0,1,193,189,M-OH,BGSU,20.000,24.000,0,-10.500,41.500,-470.000,360.000,-15.500,50.500,DraftKings,15,15
401869956,2026,2,5,2026-10-03T19:30Z,0,1,2247,295,GAST,ODU,42.000,10.000,0,-1.500,51.500,-125.000,105.000,1.500,52.500,DraftKings,37,37
401869962,2026,2,5,2026-10-03T19:45Z,0,1,256,276,JMU,MRSH,45.000,17.000,0,-14.500,55.500,-750.000,525.000,-13.500,55.500,DraftKings,37,37
401856708,2026,2,5,2026-10-03T19:50Z,0,1,142,57,MIZ,FLA,45.000,17.000,0,5.500,57.500,180.000,-218.000,2.500,53.500,DraftKings,8,8
401858475,2026,2,5,2026-10-03T20:00Z,0,1,158,120,NEB,MD,48.000,23.000,0,-15.500,52.500,-700.000,500.000,-12.500,53.500,DraftKings,5,5
401864514,2026,2,5,2026-10-03T20:00Z,0,1,167,2638,UNM,UTEP,61.000,7.000,0,-23.500,47.500,-3200.000,1400.000,-21.000,53.500,DraftKings,17,17
401856709,2026,2,5,2026-10-03T20:15Z,0,1,2579,96,SC,UK,34.000,35.000,1,-2.500,52.500,-130.000,110.000,-7.000,49.500,DraftKings,8,8
401858472,2026,2,5,2026-10-03T20:15Z,0,1,356,2509,ILL,PUR,17.000,24.000,0,-9.500,62.500,-360.000,285.000,-10.000,60.500,DraftKings,5,5
401860899,2026,2,5,2026-10-03T22:00Z,0,1,36,204,CSU,ORST,26.000,56.000,0,7.000,60.500,215.000,-265.000,3.500,59.500,DraftKings,9,9
401862790,2026,2,5,2026-10-03T22:00Z,0,0,2226,2640,FAU,TXSO,66.000,10.000,0,-47.500,62.500,,,-43.500,60.500,DraftKings,151,31
401856711,2026,2,5,2026-10-03T23:00Z,0,1,245,8,TA&M,ARK,34.000,7.000,0,-13.500,51.500,-600.000,440.000,-14.500,51.500,DraftKings,8,8
401856818,2026,2,5,2026-10-03T23:00Z,0,1,2628,252,TCU,BYU,10.000,17.000,0,5.500,48.500,185.000,-225.000,5.500,52.500,DraftKings,4,4
401862788,2026,2,5,2026-10-03T23:00Z,0,1,242,2636,RICE,UTSA,14.000,16.000,0,11.500,56.500,380.000,-500.000,12.500,52.500,DraftKings,151,151
401869942,2026,2,5,2026-10-03T23:00Z,0,1,324,290,CCU,GASO,24.000,31.000,0,2.500,53.500,120.000,-142.000,-1.500,52.500,DraftKings,37,37
401871089,2026,2,5,2026-10-03T23:00Z,0,1,6,2433,USA,ULM,52.000,35.000,0,-12.500,57.500,-550.000,410.000,-14.500,55.500,DraftKings,37,37
401856821,2026,2,5,2026-10-03T23:30Z,0,1,38,2641,COLO,TTU,7.000,29.000,0,13.500,50.500,440.000,-600.000,14.500,50.500,DraftKings,4,4
401858249,2026,2,5,2026-10-03T23:30Z,0,1,228,2390,CLEM,MIA,13.000,41.000,0,14.000,49.500,500.000,-700.000,7.000,55.500,DraftKings,1,1
401858478,2026,2,5,2026-10-03T23:30Z,0,1,30,264,USC,WASH,25.000,21.000,0,-7.500,58.500,-305.000,245.000,-10.000,57.500,DraftKings,5,5
401860898,2026,2,5,2026-10-03T23:30Z,0,1,68,328,BOIS,USU,37.000,18.000,0,-19.500,50.500,-1350.000,800.000,-20.500,49.500,DraftKings,9,9
401862792,2026,2,5,2026-10-03T23:30Z,0,1,58,218,USF,TEM,13.000,17.000,0,-5.500,50.500,-218.000,180.000,-6.500,52.500,DraftKings,151,151
401869842,2026,2,5,2026-10-03T23:30Z,0,0,2348,349,LT,ARMY,31.000,29.000,0,-1.500,46.500,-110.000,-110.000,3.500,44.500,DraftKings,37,151
401856706,2026,2,5,2026-10-03T23:45Z,0,0,99,2377,LSU,MCN,63.000,14.000,0,-53.500,62.500,,,-53.500,60.500,DraftKings,8,30
401858477,2026,2,5,2026-10-04T00:00Z,0,1,164,84,RUTG,IU,15.000,47.000,0,24.500,56.500,1200.000,-2400.000,23.500,53.500,DraftKings,5,5
401869932,2026,2,5,2026-10-04T00:00Z,0,1,309,2032,UL,ARST,23.000,20.000,0,-4.500,49.500,-205.000,170.000,-4.000,49.500,DraftKings,37,37
401860921,2026,2,5,2026-10-04T01:30Z,0,1,265,278,WSU,FRES,6.000,26.000,0,-2.500,44.500,-130.000,110.000,-1.500,45.500,DraftKings,9,9
401856817,2026,2,5,2026-10-04T02:30Z,0,1,9,239,ASU,BAY,19.000,55.000,0,-3.500,49.500,-166.000,140.000,-3.500,51.500,DraftKings,4,4
401860900,2026,2,5,2026-10-04T02:30Z,0,1,21,326,SDSU,TXST,31.000,29.000,0,10.000,57.500,280.000,-355.000,4.500,60.500,DraftKings,9,9
401856820,2026,2,5,2026-10-04T03:00Z,0,1,12,2132,ARIZ,CIN,34.000,7.000,0,-7.000,56.500,-265.000,215.000,-8.500,54.500,DraftKings,4,4
401864513,2026,2,5,2026-10-04T03:59Z,0,1,62,23,HAW,SJSU,16.000,20.000,0,-2.500,51.500,-135.000,114.000,-5.500,52.500,DraftKings,17,17
401871090,2026,2,6,2026-10-07T00:00Z,0,1,2653,2572,TROY,USM,55.000,34.000,0,-9.500,51.500,-410.000,320.000,-8.500,48.500,DraftKings,37,37
401871051,2026,2,6,2026-10-07T23:00Z,0,1,338,55,KENN,JXST,26.000,27.000,0,3.000,48.500,124.000,-148.000,2.500,48.500,DraftKings,12,12
401871066,2026,2,6,2026-10-08T00:04Z,0,1,2229,166,FIU,NMSU,22.000,3.000,0,-7.000,46.500,-265.000,215.000,-3.500,47.500,DraftKings,12,12
401870766,2026,2,6,2026-10-08T23:00Z,0,1,2335,2534,LIB,SHSU,35.000,3.000,0,-13.500,52.500,-575.000,425.000,-13.500,52.500,DraftKings,12,12
401871052,2026,2,6,2026-10-08T23:00Z,0,1,98,2623,WKU,MOST,34.000,13.000,0,1.500,56.500,-102.000,-118.000,1.500,56.500,DraftKings,12,12
401862794,2026,2,6,2026-10-08T23:30Z,0,1,2636,58,UTSA,USF,31.000,24.000,0,-5.500,49.500,-230.000,190.000,-6.500,55.500,DraftKings,151,151
401869933,2026,2,6,2026-10-08T23:30Z,0,1,2032,6,ARST,USA,49.000,56.000,0,-3.000,60.500,-162.000,136.000,-1.500,56.500,DraftKings,37,37
